paper_id,pool,cell_type,subtype,species,original_symbol,normalized_symbol,normalization_status,evidence_type,marker_polarity,source_locator,source_context,old_decision,old_reason,old_citation_verified,task_no,citation_match_score,citation_verified,markdown_sha256_match,gate1_status
DOI_10.1002_pros.24020,A_exclude,neuroendocrine epithelia,,mouse,CHGA,CHGA,exact,annotation_marker,positive,Results 3.1 / Fig. S3A,"neuroendocrine epithelia ... can be identified using known markers such as CGRP and CHGA (Figure S3A,C); mouse panel S3A.",exclude,物种为 mouse，与任务物种 human 不一致；保留为比较物种记录，不计入项目总表。,True,24,1.0,True,True,duplicate_existing
DOI_10.1002_pros.24020,A_downgraded,neuroendocrine epithelia,,human,CGRP,CGRP,ambiguous,annotation_marker,positive,Results 3.1 / Fig. S3C,"neuroendocrine epithelia ... can be identified using known markers such as CGRP and CHGA (Figure S3A,C); human panel S3C.",unresolved,CGRP 为肽段/蛋白名，可对应 CALCA 或 CALCB，论文未给出唯一基因符号，无法唯一解析，不能进入总表。,True,24,0.9231,True,True,fail_symbol
DOI_10.1002_pros.24020,B_unaudited,prostate secretory luminal cells,,mouse,CD24,CD24,,author_declared,positive,Results 3.3,"cell surface marker CD24 (Cd24a) labels prostate luminal cells, but also luminal cells of the ejaculatory ducts and urethra",never_audited,,,24,0.72,True,True,pass
DOI_10.1002_pros.24020,B_unaudited,human urethral luminal cells,,human,PSCA,PSCA,,author_declared,positive,Results 3.5,We previously established PSCA as a highly specific cell surface marker capable of capturing a 94% pure population of urethral luminal cells in humans.,never_audited,,,24,0.8824,True,True,pass
DOI_10.1016_j.cell.2017.09.004,A_exclude,b-cells,,human,INS,INS,exact,annotation_marker,positive,Fig. 2A legend; Fig. 1A legend,"Expression of cell-typical (INS for b-cells, GCG for a-cells) and non-typical hormone in cells, ranked by transcriptional noise. Cell identity is indicated by marker gene expression.",exclude,"Formal marker for pancreatic beta cells, but b-cells are not in target_cell_scope (L4:Type D enteroendocrine cell).",True,28,0.7647,True,True,pass
DOI_10.1016_j.cell.2017.09.004,A_exclude,a-cells,,human,GCG,GCG,exact,annotation_marker,positive,Fig. 2A legend; Fig. 1A legend,"Expression of cell-typical (INS for b-cells, GCG for a-cells) and non-typical hormone in cells, ranked by transcriptional noise. Cell identity is indicated by marker gene expression.",exclude,"Formal marker for pancreatic alpha cells, but a-cells are not in target_cell_scope (L4:Type D enteroendocrine cell).",True,28,0.7647,True,True,pass
DOI_10.1016_j.cell.2021.07.023,A_exclude,goblet cells,AZGP1high goblet,human,AZGP1,AZGP1,exact,annotation_marker,positive,"STAR Methods, Cell Clustering and Annotation, paragraph 4",goblet cells were split into 4 distinct sets: ... AZGP1high goblet cells,exclude,非目标细胞类型（target scope: L4:Enteroendocrine cell）；排除并保留追溯。,False,20,0.0,False,True,fail_citation
DOI_10.1016_j.cell.2021.07.023,A_exclude,hillock-like cells,KRT13+ hillock-like,human,KRT13,KRT13,exact,annotation_marker,positive,"STAR Methods, Cell Clustering and Annotation, paragraph 4",KRT24highKRT13high secretory cells (which are similar to previously-described KRT13+ 'hillock' cells),exclude,非目标细胞类型；KRT13 实际用于 KRT24highKRT13high secretory 亚型，不在 Enteroendocrine cell 范围。,True,20,0.72,True,True,pass
DOI_10.1016_j.cell.2021.07.023,A_exclude,basal cells,,human,TP63,TP63,exact,annotation_marker,positive,Results: 'Defining cellular diversity in the human nasopharyngeal mucosa' (p.4714),"we identified basal cells by their expression of TP63, KRT15, and KRT5",exclude,非目标细胞类型（target scope: L4:Enteroendocrine cell）；排除并保留追溯。,True,20,0.8571,True,True,pass
DOI_10.1016_j.cell.2021.07.023,A_exclude,basal cells,,human,KRT15,KRT15,exact,annotation_marker,positive,Results: 'Defining cellular diversity in the human nasopharyngeal mucosa' (p.4714),"we identified basal cells by their expression of TP63, KRT15, and KRT5",exclude,非目标细胞类型（target scope: L4:Enteroendocrine cell）；排除并保留追溯。,True,20,0.8571,True,True,pass
DOI_10.1016_j.cell.2021.07.023,A_exclude,basal cells,,human,KRT5,KRT5,exact,annotation_marker,positive,Results: 'Defining cellular diversity in the human nasopharyngeal mucosa' (p.4714),"we identified basal cells by their expression of TP63, KRT15, and KRT5",exclude,非目标细胞类型（target scope: L4:Enteroendocrine cell）；排除并保留追溯。,True,20,0.8571,True,True,pass
DOI_10.1016_j.cell.2021.07.023,A_exclude,mitotic basal cells,,human,MKI67,MKI67,exact,annotation_marker,positive,Results: 'Defining cellular diversity in the human nasopharyngeal mucosa' (p.4714),"mitotic basal cells using genes involved in the cell cycle (MKI67, TOP2A)",exclude,非目标细胞类型（target scope: L4:Enteroendocrine cell）；排除并保留追溯。,True,20,1.0,True,True,pass
DOI_10.1016_j.cell.2021.07.023,A_exclude,mitotic basal cells,,human,TOP2A,TOP2A,exact,annotation_marker,positive,Results: 'Defining cellular diversity in the human nasopharyngeal mucosa' (p.4714),"mitotic basal cells using genes involved in the cell cycle (MKI67, TOP2A)",exclude,非目标细胞类型（target scope: L4:Enteroendocrine cell）；排除并保留追溯。,True,20,1.0,True,True,pass
DOI_10.1016_j.cell.2021.07.023,A_exclude,secretory cells,,human,KRT7,KRT7,exact,author_declared,positive,Results: 'Epithelial diversity and remodeling after SARS-CoV-2 infection' (p.4717),"expression of secretory and goblet cell-specific markers (KRT7, AQP5) progressively increase",exclude,非目标细胞类型（target scope: L4:Enteroendocrine cell）；排除并保留追溯。,True,20,0.8889,True,True,pass
DOI_10.1016_j.cell.2021.07.023,A_exclude,secretory cells,,human,AQP5,AQP5,exact,author_declared,positive,Results: 'Epithelial diversity and remodeling after SARS-CoV-2 infection' (p.4717),"expression of secretory and goblet cell-specific markers (KRT7, AQP5) progressively increase",exclude,非目标细胞类型（target scope: L4:Enteroendocrine cell）；排除并保留追溯。,True,20,0.8889,True,True,pass
DOI_10.1016_j.cell.2021.07.023,A_exclude,secretory cells,,human,CXCL17,CXCL17,exact,annotation_marker,positive,Results: 'Defining cellular diversity in the human nasopharyngeal mucosa' (p.4714),"We resolved large populations of secretory cells and goblet cells (KRT7, CXCL17, F3, AQP5, CP)",exclude,非目标细胞类型（target scope: L4:Enteroendocrine cell）；排除并保留追溯。,True,20,1.0,True,True,pass
DOI_10.1016_j.cell.2021.07.023,A_exclude,secretory cells,,human,F3,F3,exact,annotation_marker,positive,Results: 'Defining cellular diversity in the human nasopharyngeal mucosa' (p.4714),"We resolved large populations of secretory cells and goblet cells (KRT7, CXCL17, F3, AQP5, CP)",exclude,非目标细胞类型（target scope: L4:Enteroendocrine cell）；排除并保留追溯。,True,20,1.0,True,True,pass
DOI_10.1016_j.cell.2021.07.023,A_exclude,secretory cells,,human,CP,CP,exact,annotation_marker,positive,Results: 'Defining cellular diversity in the human nasopharyngeal mucosa' (p.4714),"We resolved large populations of secretory cells and goblet cells (KRT7, CXCL17, F3, AQP5, CP)",exclude,非目标细胞类型（target scope: L4:Enteroendocrine cell）；排除并保留追溯。,True,20,1.0,True,True,pass
DOI_10.1016_j.cell.2021.07.023,A_exclude,secretory cells,,human,BPIFA1,BPIFA1,exact,annotation_marker,positive,Results: 'Defining cellular diversity in the human nasopharyngeal mucosa' (p.4714),BPIFA1-expressing secretory cells,exclude,非目标细胞类型（target scope: L4:Enteroendocrine cell）；排除并保留追溯。,False,20,0.6667,False,True,fail_citation
DOI_10.1016_j.cell.2021.07.023,A_exclude,goblet cells,,human,MUC5AC,MUC5AC,exact,annotation_marker,positive,Results: 'Defining cellular diversity in the human nasopharyngeal mucosa' (p.4714),MUC5AC-expressing goblet,exclude,非目标细胞类型（target scope: L4:Enteroendocrine cell）；排除并保留追溯。,True,20,1.0,True,True,pass
DOI_10.1016_j.cell.2021.07.023,A_exclude,goblet cells,,human,KRT7,KRT7,exact,author_declared,positive,Results: 'Epithelial diversity and remodeling after SARS-CoV-2 infection' (p.4717),"expression of secretory and goblet cell-specific markers (KRT7, AQP5) progressively increase",exclude,非目标细胞类型（target scope: L4:Enteroendocrine cell）；排除并保留追溯。,True,20,0.8889,True,True,pass
DOI_10.1016_j.cell.2021.07.023,A_exclude,goblet cells,,human,AQP5,AQP5,exact,author_declared,positive,Results: 'Epithelial diversity and remodeling after SARS-CoV-2 infection' (p.4717),"expression of secretory and goblet cell-specific markers (KRT7, AQP5) progressively increase",exclude,非目标细胞类型（target scope: L4:Enteroendocrine cell）；排除并保留追溯。,True,20,0.8889,True,True,pass
DOI_10.1016_j.cell.2021.07.023,A_exclude,goblet cells,,human,CXCL17,CXCL17,exact,annotation_marker,positive,Results: 'Defining cellular diversity in the human nasopharyngeal mucosa' (p.4714),"We resolved large populations of secretory cells and goblet cells (KRT7, CXCL17, F3, AQP5, CP)",exclude,非目标细胞类型（target scope: L4:Enteroendocrine cell）；排除并保留追溯。,True,20,1.0,True,True,pass
DOI_10.1016_j.cell.2021.07.023,A_exclude,goblet cells,,human,F3,F3,exact,annotation_marker,positive,Results: 'Defining cellular diversity in the human nasopharyngeal mucosa' (p.4714),"We resolved large populations of secretory cells and goblet cells (KRT7, CXCL17, F3, AQP5, CP)",exclude,非目标细胞类型（target scope: L4:Enteroendocrine cell）；排除并保留追溯。,True,20,1.0,True,True,pass
DOI_10.1016_j.cell.2021.07.023,A_exclude,goblet cells,,human,CP,CP,exact,annotation_marker,positive,Results: 'Defining cellular diversity in the human nasopharyngeal mucosa' (p.4714),"We resolved large populations of secretory cells and goblet cells (KRT7, CXCL17, F3, AQP5, CP)",exclude,非目标细胞类型（target scope: L4:Enteroendocrine cell）；排除并保留追溯。,True,20,1.0,True,True,pass
DOI_10.1016_j.cell.2021.07.023,A_exclude,ionocytes,,human,FOXI1,FOXI1,exact,annotation_marker,positive,Results: 'Defining cellular diversity in the human nasopharyngeal mucosa' (p.4714),"we resolved a population of ionocytes (FOXI1, FOXI2, CFTR), a recently identified specialized subtype ... (Montoro et al., 2018; Plasschaert et al., 2018)",exclude,非目标细胞类型（target scope: L4:Enteroendocrine cell）；排除并保留追溯。,True,20,0.9333,True,True,pass
DOI_10.1016_j.cell.2021.07.023,A_exclude,ionocytes,,human,FOXI2,FOXI2,exact,annotation_marker,positive,Results: 'Defining cellular diversity in the human nasopharyngeal mucosa' (p.4714),"we resolved a population of ionocytes (FOXI1, FOXI2, CFTR), a recently identified specialized subtype ... (Montoro et al., 2018; Plasschaert et al., 2018)",exclude,非目标细胞类型（target scope: L4:Enteroendocrine cell）；排除并保留追溯。,True,20,0.9333,True,True,pass
DOI_10.1016_j.cell.2021.07.023,A_exclude,ionocytes,,human,CFTR,CFTR,exact,annotation_marker,positive,Results: 'Defining cellular diversity in the human nasopharyngeal mucosa' (p.4714),"we resolved a population of ionocytes (FOXI1, FOXI2, CFTR), a recently identified specialized subtype ... (Montoro et al., 2018; Plasschaert et al., 2018)",exclude,非目标细胞类型（target scope: L4:Enteroendocrine cell）；排除并保留追溯。,True,20,0.9333,True,True,pass
DOI_10.1016_j.cell.2021.07.023,A_exclude,squamous cells,,human,SCEL,SCEL,exact,annotation_marker,positive,Results: 'Defining cellular diversity in the human nasopharyngeal mucosa' (p.4714),"Squamous cells were identified by expression of SCEL, as well as multiple SPRR genes",exclude,非目标细胞类型（target scope: L4:Enteroendocrine cell）；排除并保留追溯。,True,20,0.8889,True,True,pass
DOI_10.1016_j.cell.2021.07.023,A_exclude,ciliated cells,,human,FOXJ1,FOXJ1,exact,annotation_marker,positive,Results: 'Defining cellular diversity in the human nasopharyngeal mucosa' (p.4714),"Ciliated cells (FOXJ1 and a ciliogenesis gene program, e.g., DLEC1, DNAH11, CFAP43)",exclude,非目标细胞类型（target scope: L4:Enteroendocrine cell）；排除并保留追溯。,True,20,1.0,True,True,pass
DOI_10.1016_j.cell.2021.07.023,A_exclude,ciliated cells,,human,DLEC1,DLEC1,exact,annotation_marker,positive,Results: 'Defining cellular diversity in the human nasopharyngeal mucosa' (p.4714),"Ciliated cells (FOXJ1 and a ciliogenesis gene program, e.g., DLEC1, DNAH11, CFAP43)",exclude,非目标细胞类型（target scope: L4:Enteroendocrine cell）；排除并保留追溯。,True,20,1.0,True,True,pass
DOI_10.1016_j.cell.2021.07.023,A_exclude,ciliated cells,,human,DNAH11,DNAH11,exact,annotation_marker,positive,Results: 'Defining cellular diversity in the human nasopharyngeal mucosa' (p.4714),"Ciliated cells (FOXJ1 and a ciliogenesis gene program, e.g., DLEC1, DNAH11, CFAP43)",exclude,非目标细胞类型（target scope: L4:Enteroendocrine cell）；排除并保留追溯。,True,20,1.0,True,True,pass
DOI_10.1016_j.cell.2021.07.023,A_exclude,ciliated cells,,human,CFAP43,CFAP43,exact,annotation_marker,positive,Results: 'Defining cellular diversity in the human nasopharyngeal mucosa' (p.4714),"Ciliated cells (FOXJ1 and a ciliogenesis gene program, e.g., DLEC1, DNAH11, CFAP43)",exclude,非目标细胞类型（target scope: L4:Enteroendocrine cell）；排除并保留追溯。,True,20,1.0,True,True,pass
DOI_10.1016_j.cell.2021.07.023,A_exclude,deuterosomal cells,,human,DEUP1,DEUP1,exact,annotation_marker,positive,Results: 'Defining cellular diversity in the human nasopharyngeal mucosa' (p.4714),"we also resolved deuterosomal cells (DEUP1, CCNO, CDC20B, FOXN4, HES6)",exclude,非目标细胞类型（target scope: L4:Enteroendocrine cell）；排除并保留追溯。,True,20,1.0,True,True,pass
DOI_10.1016_j.cell.2021.07.023,A_exclude,deuterosomal cells,,human,CCNO,CCNO,exact,annotation_marker,positive,Results: 'Defining cellular diversity in the human nasopharyngeal mucosa' (p.4714),"we also resolved deuterosomal cells (DEUP1, CCNO, CDC20B, FOXN4, HES6)",exclude,非目标细胞类型（target scope: L4:Enteroendocrine cell）；排除并保留追溯。,True,20,1.0,True,True,pass
DOI_10.1016_j.cell.2021.07.023,A_exclude,deuterosomal cells,,human,CDC20B,CDC20B,exact,annotation_marker,positive,Results: 'Defining cellular diversity in the human nasopharyngeal mucosa' (p.4714),"we also resolved deuterosomal cells (DEUP1, CCNO, CDC20B, FOXN4, HES6)",exclude,非目标细胞类型（target scope: L4:Enteroendocrine cell）；排除并保留追溯。,True,20,1.0,True,True,pass
DOI_10.1016_j.cell.2021.07.023,A_exclude,deuterosomal cells,,human,FOXN4,FOXN4,exact,annotation_marker,positive,Results: 'Defining cellular diversity in the human nasopharyngeal mucosa' (p.4714),"we also resolved deuterosomal cells (DEUP1, CCNO, CDC20B, FOXN4, HES6)",exclude,非目标细胞类型（target scope: L4:Enteroendocrine cell）；排除并保留追溯。,True,20,1.0,True,True,pass
DOI_10.1016_j.cell.2021.07.023,A_exclude,deuterosomal cells,,human,HES6,HES6,exact,annotation_marker,positive,Results: 'Defining cellular diversity in the human nasopharyngeal mucosa' (p.4714),"we also resolved deuterosomal cells (DEUP1, CCNO, CDC20B, FOXN4, HES6)",exclude,非目标细胞类型（target scope: L4:Enteroendocrine cell）；排除并保留追溯。,True,20,1.0,True,True,pass
DOI_10.1016_j.cell.2021.07.023,A_exclude,T cells,,human,CD3E,CD3E,exact,annotation_marker,positive,Results: 'Defining cellular diversity in the human nasopharyngeal mucosa' (p.4716),"we recovered T cells (CD3E, CD2, TRBC2)",exclude,非目标细胞类型（target scope: L4:Enteroendocrine cell）；排除并保留追溯。,True,20,1.0,True,True,pass
DOI_10.1016_j.cell.2021.07.023,A_exclude,T cells,,human,CD2,CD2,exact,annotation_marker,positive,Results: 'Defining cellular diversity in the human nasopharyngeal mucosa' (p.4716),"we recovered T cells (CD3E, CD2, TRBC2)",exclude,非目标细胞类型（target scope: L4:Enteroendocrine cell）；排除并保留追溯。,True,20,1.0,True,True,pass
DOI_10.1016_j.cell.2021.07.023,A_exclude,T cells,,human,TRBC2,TRBC2,exact,annotation_marker,positive,Results: 'Defining cellular diversity in the human nasopharyngeal mucosa' (p.4716),"we recovered T cells (CD3E, CD2, TRBC2)",exclude,非目标细胞类型（target scope: L4:Enteroendocrine cell）；排除并保留追溯。,True,20,1.0,True,True,pass
DOI_10.1016_j.cell.2021.07.023,A_exclude,T cells,,human,CD69,CD69,exact,annotation_marker,positive,"STAR Methods, Cell Clustering and Annotation, paragraph 5","T cells are largely CD69 and CD8A positive, with significantly-enriched expression of ITGAE, ITGB7 and CD44",exclude,非目标细胞类型（target scope: L4:Enteroendocrine cell）；排除并保留追溯。,True,20,0.9,True,True,pass
DOI_10.1016_j.cell.2021.07.023,A_exclude,T cells,,human,CD8A,CD8A,exact,annotation_marker,positive,"STAR Methods, Cell Clustering and Annotation, paragraph 5","T cells are largely CD69 and CD8A positive, with significantly-enriched expression of ITGAE, ITGB7 and CD44",exclude,非目标细胞类型（target scope: L4:Enteroendocrine cell）；排除并保留追溯。,True,20,0.9,True,True,pass
DOI_10.1016_j.cell.2021.07.023,A_exclude,T cells,,human,ITGAE,ITGAE,exact,cluster_enriched,positive,"STAR Methods, Cell Clustering and Annotation, paragraph 5","T cells are largely CD69 and CD8A positive, with significantly-enriched expression of ITGAE, ITGB7 and CD44",exclude,非目标细胞类型（target scope: L4:Enteroendocrine cell）；排除并保留追溯。,True,20,0.9,True,True,pass
DOI_10.1016_j.cell.2021.07.023,A_exclude,T cells,,human,ITGB7,ITGB7,exact,cluster_enriched,positive,"STAR Methods, Cell Clustering and Annotation, paragraph 5","T cells are largely CD69 and CD8A positive, with significantly-enriched expression of ITGAE, ITGB7 and CD44",exclude,非目标细胞类型（target scope: L4:Enteroendocrine cell）；排除并保留追溯。,True,20,0.9,True,True,pass
DOI_10.1016_j.cell.2021.07.023,A_exclude,T cells,,human,CD44,CD44,exact,cluster_enriched,positive,"STAR Methods, Cell Clustering and Annotation, paragraph 5","T cells are largely CD69 and CD8A positive, with significantly-enriched expression of ITGAE, ITGB7 and CD44",exclude,非目标细胞类型（target scope: L4:Enteroendocrine cell）；排除并保留追溯。,True,20,0.9,True,True,pass
DOI_10.1016_j.cell.2021.07.023,A_exclude,B cells,,human,MS4A1,MS4A1,exact,annotation_marker,positive,Results: 'Defining cellular diversity in the human nasopharyngeal mucosa' (p.4716),"we recovered T cells (CD3E, CD2, TRBC2) and B cells (MS4A1, CD79A, CD79B)",exclude,非目标细胞类型（target scope: L4:Enteroendocrine cell）；排除并保留追溯。,True,20,1.0,True,True,pass
DOI_10.1016_j.cell.2021.07.023,A_exclude,B cells,,human,CD79A,CD79A,exact,annotation_marker,positive,Results: 'Defining cellular diversity in the human nasopharyngeal mucosa' (p.4716),"we recovered T cells (CD3E, CD2, TRBC2) and B cells (MS4A1, CD79A, CD79B)",exclude,非目标细胞类型（target scope: L4:Enteroendocrine cell）；排除并保留追溯。,True,20,1.0,True,True,pass
DOI_10.1016_j.cell.2021.07.023,A_exclude,B cells,,human,CD79B,CD79B,exact,annotation_marker,positive,Results: 'Defining cellular diversity in the human nasopharyngeal mucosa' (p.4716),"we recovered T cells (CD3E, CD2, TRBC2) and B cells (MS4A1, CD79A, CD79B)",exclude,非目标细胞类型（target scope: L4:Enteroendocrine cell）；排除并保留追溯。,True,20,1.0,True,True,pass
DOI_10.1016_j.cell.2021.07.023,A_exclude,macrophages,,human,CD14,CD14,exact,annotation_marker,positive,Results: 'Defining cellular diversity in the human nasopharyngeal mucosa' (p.4716),"we recovered a large population of macrophages (CD14, FCGR3A, VCAN)",exclude,非目标细胞类型（target scope: L4:Enteroendocrine cell）；排除并保留追溯。,True,20,1.0,True,True,pass
DOI_10.1016_j.cell.2021.07.023,A_exclude,macrophages,,human,FCGR3A,FCGR3A,exact,annotation_marker,positive,Results: 'Defining cellular diversity in the human nasopharyngeal mucosa' (p.4716),"we recovered a large population of macrophages (CD14, FCGR3A, VCAN)",exclude,非目标细胞类型（target scope: L4:Enteroendocrine cell）；排除并保留追溯。,True,20,1.0,True,True,pass
DOI_10.1016_j.cell.2021.07.023,A_exclude,macrophages,,human,VCAN,VCAN,exact,annotation_marker,positive,Results: 'Defining cellular diversity in the human nasopharyngeal mucosa' (p.4716),"we recovered a large population of macrophages (CD14, FCGR3A, VCAN)",exclude,非目标细胞类型（target scope: L4:Enteroendocrine cell）；排除并保留追溯。,True,20,1.0,True,True,pass
DOI_10.1016_j.cell.2021.07.023,A_exclude,dendritic cells,,human,CCR7,CCR7,exact,annotation_marker,positive,Results: 'Defining cellular diversity in the human nasopharyngeal mucosa' (p.4716),"dendritic cells (CCR7, CD86)",exclude,非目标细胞类型（target scope: L4:Enteroendocrine cell）；排除并保留追溯。,True,20,1.0,True,True,pass
DOI_10.1016_j.cell.2021.07.023,A_exclude,dendritic cells,,human,CD86,CD86,exact,annotation_marker,positive,Results: 'Defining cellular diversity in the human nasopharyngeal mucosa' (p.4716),"dendritic cells (CCR7, CD86)",exclude,非目标细胞类型（target scope: L4:Enteroendocrine cell）；排除并保留追溯。,True,20,1.0,True,True,pass
DOI_10.1016_j.cell.2021.07.023,A_exclude,plasmacytoid DCs,,human,IRF7,IRF7,exact,annotation_marker,positive,Results: 'Defining cellular diversity in the human nasopharyngeal mucosa' (p.4716),"plasmacytoid DCs (IRF7, IL3RA)",exclude,非目标细胞类型（target scope: L4:Enteroendocrine cell）；排除并保留追溯。,True,20,1.0,True,True,pass
DOI_10.1016_j.cell.2021.07.023,A_exclude,plasmacytoid DCs,,human,IL3RA,IL3RA,exact,annotation_marker,positive,Results: 'Defining cellular diversity in the human nasopharyngeal mucosa' (p.4716),"plasmacytoid DCs (IRF7, IL3RA)",exclude,非目标细胞类型（target scope: L4:Enteroendocrine cell）；排除并保留追溯。,True,20,1.0,True,True,pass
DOI_10.1016_j.cell.2021.07.023,A_exclude,KRT24highKRT13high secretory cells,,human,KRT24,KRT24,exact,annotation_marker,positive,Results: 'Epithelial diversity and remodeling after SARS-CoV-2 infection' (p.4717),KRT24highKRT13high secretory cells (which resemble KRT13+ 'hillock' cells),exclude,非目标细胞类型（target scope: L4:Enteroendocrine cell）；排除并保留追溯。,True,20,0.72,True,True,pass
DOI_10.1016_j.cell.2021.07.023,A_exclude,KRT24highKRT13high secretory cells,,human,KRT13,KRT13,exact,annotation_marker,positive,Results: 'Epithelial diversity and remodeling after SARS-CoV-2 infection' (p.4717),KRT24highKRT13high secretory cells (which resemble KRT13+ 'hillock' cells),exclude,非目标细胞类型（target scope: L4:Enteroendocrine cell）；排除并保留追溯。,True,20,0.8333,True,True,pass
DOI_10.1016_j.cell.2021.07.023,A_exclude,Erythroblast-like cells,,human,HBB,HBB,exact,annotation_marker,positive,"STAR Methods, Cell Clustering and Annotation, paragraph 2","we recovered erythroblast-like cells, defined by expression of hemoglobin subunits including HBB and HBA2",exclude,非目标细胞类型（target scope: L4:Enteroendocrine cell）；排除并保留追溯。,True,20,0.9,True,True,pass
DOI_10.1016_j.cell.2021.07.023,A_exclude,Erythroblast-like cells,,human,HBA2,HBA2,exact,annotation_marker,positive,"STAR Methods, Cell Clustering and Annotation, paragraph 2","we recovered erythroblast-like cells, defined by expression of hemoglobin subunits including HBB and HBA2",exclude,非目标细胞类型（target scope: L4:Enteroendocrine cell）；排除并保留追溯。,True,20,0.9,True,True,pass
DOI_10.1016_j.cell.2021.07.023,A_exclude,Basal cells,,human,TP63,TP63,exact,reference_imported,positive,"STAR Methods, Cell Clustering and Annotation, paragraph 3","Basal cells ... are classically defined by TP63, KRT5, and KRT15 expression (Rock et al., 2009).",exclude,非目标细胞类型（target scope: L4:Enteroendocrine cell）；排除并保留追溯。,True,20,0.9167,True,True,pass
DOI_10.1016_j.cell.2021.07.023,A_exclude,Basal cells,,human,KRT5,KRT5,exact,reference_imported,positive,"STAR Methods, Cell Clustering and Annotation, paragraph 3","Basal cells ... are classically defined by TP63, KRT5, and KRT15 expression (Rock et al., 2009).",exclude,非目标细胞类型（target scope: L4:Enteroendocrine cell）；排除并保留追溯。,True,20,0.9167,True,True,pass
DOI_10.1016_j.cell.2021.07.023,A_exclude,Basal cells,,human,KRT15,KRT15,exact,reference_imported,positive,"STAR Methods, Cell Clustering and Annotation, paragraph 3","Basal cells ... are classically defined by TP63, KRT5, and KRT15 expression (Rock et al., 2009).",exclude,非目标细胞类型（target scope: L4:Enteroendocrine cell）；排除并保留追溯。,True,20,0.9167,True,True,pass
DOI_10.1016_j.cell.2021.07.023,A_exclude,Secretory cells,,human,BPIFA1,BPIFA1,exact,annotation_marker,positive,"STAR Methods, Cell Clustering and Annotation, paragraph 3","Secretory cells ... are distinguished from goblet cells by ... preferential expression of antimicrobial molecules (e.g., BPIFA1)",exclude,非目标细胞类型（target scope: L4:Enteroendocrine cell）；排除并保留追溯。,True,20,1.0,True,True,pass
DOI_10.1016_j.cell.2021.07.023,A_exclude,Secretory cells,,human,CD45,PTPRC,alias_resolved,annotation_marker,negative,Figure S2I legend,"Secretory cells identified as Live, CD45-ATubulin-CD271-CD49f-CD66c+ cells.",exclude,非目标细胞类型（target scope: L4:Enteroendocrine cell）；排除并保留追溯。,True,20,0.8,True,True,pass
DOI_10.1016_j.cell.2021.07.023,A_exclude,Secretory cells,,human,ATubulin,ATubulin,non_gene_entity,annotation_marker,negative,Figure S2I legend,"Secretory cells identified as Live, CD45-ATubulin-CD271-CD49f-CD66c+ cells.",exclude,非目标细胞类型，且 ATubulin 为流式抗原名而非唯一基因；排除并保留追溯。,True,20,0.8,True,True,fail_symbol
DOI_10.1016_j.cell.2021.07.023,A_exclude,Secretory cells,,human,CD271,NGFR,alias_resolved,annotation_marker,negative,Figure S2I legend,"Secretory cells identified as Live, CD45-ATubulin-CD271-CD49f-CD66c+ cells.",exclude,非目标细胞类型（target scope: L4:Enteroendocrine cell）；排除并保留追溯。,True,20,0.8,True,True,pass
DOI_10.1016_j.cell.2021.07.023,A_exclude,Secretory cells,,human,CD49f,ITGA6,alias_resolved,annotation_marker,negative,Figure S2I legend,"Secretory cells identified as Live, CD45-ATubulin-CD271-CD49f-CD66c+ cells.",exclude,非目标细胞类型（target scope: L4:Enteroendocrine cell）；排除并保留追溯。,True,20,0.8,True,True,pass
DOI_10.1016_j.cell.2021.07.023,A_exclude,Secretory cells,,human,CD66c,CEACAM6,alias_resolved,annotation_marker,positive,Figure S2I legend,"Secretory cells identified as Live, CD45-ATubulin-CD271-CD49f-CD66c+ cells.",exclude,非目标细胞类型（target scope: L4:Enteroendocrine cell）；排除并保留追溯。,True,20,0.8,True,True,pass
DOI_10.1016_j.cell.2021.07.023,A_exclude,Developing secretory and goblet cells,,human,COL7A1,COL7A1,exact,annotation_marker,positive,"STAR Methods, Cell Clustering and Annotation, paragraph 3","persistent expression of some basal cell markers (e.g., persistent COL7A1 and DST expression, but diminishing KRT5, KRT15 expression)",exclude,非目标细胞类型（target scope: L4:Enteroendocrine cell）；排除并保留追溯。,True,20,1.0,True,True,pass
DOI_10.1016_j.cell.2021.07.023,A_exclude,Developing secretory and goblet cells,,human,DST,DST,exact,annotation_marker,positive,"STAR Methods, Cell Clustering and Annotation, paragraph 3","persistent expression of some basal cell markers (e.g., persistent COL7A1 and DST expression, but diminishing KRT5, KRT15 expression)",exclude,非目标细胞类型（target scope: L4:Enteroendocrine cell）；排除并保留追溯。,True,20,1.0,True,True,pass
DOI_10.1016_j.cell.2021.07.023,A_exclude,Developing secretory and goblet cells,,human,KRT5,KRT5,exact,annotation_marker,positive,"STAR Methods, Cell Clustering and Annotation, paragraph 3","persistent expression of some basal cell markers (e.g., persistent COL7A1 and DST expression, but diminishing KRT5, KRT15 expression)",exclude,非目标细胞类型（target scope: L4:Enteroendocrine cell）；排除并保留追溯。,True,20,1.0,True,True,pass
DOI_10.1016_j.cell.2021.07.023,A_exclude,Developing secretory and goblet cells,,human,KRT15,KRT15,exact,annotation_marker,positive,"STAR Methods, Cell Clustering and Annotation, paragraph 3","persistent expression of some basal cell markers (e.g., persistent COL7A1 and DST expression, but diminishing KRT5, KRT15 expression)",exclude,非目标细胞类型（target scope: L4:Enteroendocrine cell）；排除并保留追溯。,True,20,1.0,True,True,pass
DOI_10.1016_j.cell.2021.07.023,A_exclude,Goblet cells,MUC5AChigh goblet cells,human,MUC5AC,MUC5AC,exact,annotation_marker,positive,"STAR Methods, Cell Clustering and Annotation, paragraph 4",goblet cells were split into 4 distinct sets: MUC5AChigh goblet cells,exclude,非目标细胞类型（target scope: L4:Enteroendocrine cell）；排除并保留追溯。,True,20,1.0,True,True,pass
DOI_10.1016_j.cell.2021.07.023,A_exclude,Goblet cells,SCGB1A1high goblet cells,human,SCGB1A1,SCGB1A1,exact,annotation_marker,positive,"STAR Methods, Cell Clustering and Annotation, paragraph 4",SCGB1A1high goblet cells,exclude,非目标细胞类型（target scope: L4:Enteroendocrine cell）；排除并保留追溯。,False,20,0.0,False,True,fail_citation
DOI_10.1016_j.cell.2021.07.023,A_exclude,Goblet cells,AZGP1high goblet cells,human,AZGP1,AZGP1,exact,annotation_marker,positive,"STAR Methods, Cell Clustering and Annotation, paragraph 4",AZGP1high goblet cells,exclude,非目标细胞类型（target scope: L4:Enteroendocrine cell）；排除并保留追溯。,False,20,0.0,False,True,fail_citation
DOI_10.1016_j.cell.2021.07.023,A_exclude,Goblet cells,AZGP1highSCGB3A1highLTFhigh goblet cells,human,AZGP1,AZGP1,exact,annotation_marker,positive,"STAR Methods, Cell Clustering and Annotation, paragraph 4",AZGP1highSCGB3A1highLTFhigh goblet cells,exclude,非目标细胞类型（target scope: L4:Enteroendocrine cell）；排除并保留追溯。,False,20,0.0,False,True,duplicate_pool
DOI_10.1016_j.cell.2021.07.023,A_exclude,Goblet cells,AZGP1highSCGB3A1highLTFhigh goblet cells,human,SCGB3A1,SCGB3A1,exact,annotation_marker,positive,"STAR Methods, Cell Clustering and Annotation, paragraph 4",AZGP1highSCGB3A1highLTFhigh goblet cells,exclude,非目标细胞类型（target scope: L4:Enteroendocrine cell）；排除并保留追溯。,False,20,0.0,False,True,fail_citation
DOI_10.1016_j.cell.2021.07.023,A_exclude,Goblet cells,AZGP1highSCGB3A1highLTFhigh goblet cells,human,LTF,LTF,exact,annotation_marker,positive,"STAR Methods, Cell Clustering and Annotation, paragraph 4",AZGP1highSCGB3A1highLTFhigh goblet cells,exclude,非目标细胞类型（target scope: L4:Enteroendocrine cell）；排除并保留追溯。,False,20,0.0,False,True,fail_citation
DOI_10.1016_j.cell.2021.07.023,A_exclude,Secretory cells,SERPINB11high secretory cells,human,SERPINB11,SERPINB11,exact,annotation_marker,positive,"STAR Methods, Cell Clustering and Annotation, paragraph 4",Secretory cells were divided into 6 distinct detailed subtypes: SERPINB11high secretory cells,exclude,非目标细胞类型（target scope: L4:Enteroendocrine cell）；排除并保留追溯。,True,20,0.72,True,True,pass
DOI_10.1016_j.cell.2021.07.023,A_exclude,Secretory cells,BPIFA1high secretory cells,human,BPIFA1,BPIFA1,exact,annotation_marker,positive,"STAR Methods, Cell Clustering and Annotation, paragraph 4",BPIFA1high secretory cells,exclude,非目标细胞类型（target scope: L4:Enteroendocrine cell）；排除并保留追溯。,True,20,1.0,True,True,duplicate_pool
DOI_10.1016_j.cell.2021.07.023,A_exclude,Secretory cells,KRT24highKRT13high secretory cells,human,KRT24,KRT24,exact,annotation_marker,positive,"STAR Methods, Cell Clustering and Annotation, paragraph 4",KRT24highKRT13high secretory cells,exclude,非目标细胞类型（target scope: L4:Enteroendocrine cell）；排除并保留追溯。,False,20,0.0,False,True,fail_citation
DOI_10.1016_j.cell.2021.07.023,A_exclude,Secretory cells,KRT24highKRT13high secretory cells,human,KRT13,KRT13,exact,annotation_marker,positive,"STAR Methods, Cell Clustering and Annotation, paragraph 4",KRT24highKRT13high secretory cells,exclude,非目标细胞类型（target scope: L4:Enteroendocrine cell）；排除并保留追溯。,True,20,1.0,True,True,pass
DOI_10.1016_j.cell.2021.07.023,A_exclude,Secretory cells,BPIFA1highchemokinehigh secretory cells,human,BPIFA1,BPIFA1,exact,annotation_marker,positive,"STAR Methods, Cell Clustering and Annotation, paragraph 4","BPIFA1highchemokinehigh secretory cells (chemokines include CXCL8, CXCL2, CXCL1, and CXCL3)",exclude,非目标细胞类型（target scope: L4:Enteroendocrine cell）；排除并保留追溯。,True,20,0.8889,True,True,duplicate_pool
DOI_10.1016_j.cell.2021.07.023,A_exclude,Secretory cells,BPIFA1highchemokinehigh secretory cells,human,CXCL8,CXCL8,exact,annotation_marker,positive,"STAR Methods, Cell Clustering and Annotation, paragraph 4","BPIFA1highchemokinehigh secretory cells (chemokines include CXCL8, CXCL2, CXCL1, and CXCL3)",exclude,非目标细胞类型（target scope: L4:Enteroendocrine cell）；排除并保留追溯。,True,20,0.8889,True,True,pass
DOI_10.1016_j.cell.2021.07.023,A_exclude,Secretory cells,BPIFA1highchemokinehigh secretory cells,human,CXCL2,CXCL2,exact,annotation_marker,positive,"STAR Methods, Cell Clustering and Annotation, paragraph 4","BPIFA1highchemokinehigh secretory cells (chemokines include CXCL8, CXCL2, CXCL1, and CXCL3)",exclude,非目标细胞类型（target scope: L4:Enteroendocrine cell）；排除并保留追溯。,True,20,0.8889,True,True,pass
DOI_10.1016_j.cell.2021.07.023,A_exclude,Secretory cells,BPIFA1highchemokinehigh secretory cells,human,CXCL1,CXCL1,exact,annotation_marker,positive,"STAR Methods, Cell Clustering and Annotation, paragraph 4","BPIFA1highchemokinehigh secretory cells (chemokines include CXCL8, CXCL2, CXCL1, and CXCL3)",exclude,非目标细胞类型（target scope: L4:Enteroendocrine cell）；排除并保留追溯。,True,20,0.8889,True,True,pass
DOI_10.1016_j.cell.2021.07.023,A_exclude,Secretory cells,BPIFA1highchemokinehigh secretory cells,human,CXCL3,CXCL3,exact,annotation_marker,positive,"STAR Methods, Cell Clustering and Annotation, paragraph 4","BPIFA1highchemokinehigh secretory cells (chemokines include CXCL8, CXCL2, CXCL1, and CXCL3)",exclude,非目标细胞类型（target scope: L4:Enteroendocrine cell）；排除并保留追溯。,True,20,0.8889,True,True,pass
DOI_10.1016_j.cell.2021.07.023,A_exclude,Secretory cells,interferon responsive secretory cells,human,IFITM3,IFITM3,exact,annotation_marker,positive,"STAR Methods, Cell Clustering and Annotation, paragraph 4","interferon responsive secretory cells (defined by higher expression of broad anti-viral genes including IFITM3, IFI6, and MX1)",exclude,非目标细胞类型（target scope: L4:Enteroendocrine cell）；排除并保留追溯。,True,20,0.9286,True,True,pass
DOI_10.1016_j.cell.2021.07.023,A_exclude,Secretory cells,interferon responsive secretory cells,human,IFI6,IFI6,exact,annotation_marker,positive,"STAR Methods, Cell Clustering and Annotation, paragraph 4","interferon responsive secretory cells (defined by higher expression of broad anti-viral genes including IFITM3, IFI6, and MX1)",exclude,非目标细胞类型（target scope: L4:Enteroendocrine cell）；排除并保留追溯。,True,20,0.9286,True,True,pass
DOI_10.1016_j.cell.2021.07.023,A_exclude,Secretory cells,interferon responsive secretory cells,human,MX1,MX1,exact,annotation_marker,positive,"STAR Methods, Cell Clustering and Annotation, paragraph 4","interferon responsive secretory cells (defined by higher expression of broad anti-viral genes including IFITM3, IFI6, and MX1)",exclude,非目标细胞类型（target scope: L4:Enteroendocrine cell）；排除并保留追溯。,True,20,0.9286,True,True,pass
DOI_10.1016_j.cell.2021.07.023,A_exclude,Squamous cells,CCL5high squamous cells,human,CCL5,CCL5,exact,annotation_marker,positive,"STAR Methods, Cell Clustering and Annotation, paragraph 4",detailed squamous cell subtypes include CCL5high squamous cells,exclude,非目标细胞类型（target scope: L4:Enteroendocrine cell）；排除并保留追溯。,True,20,1.0,True,True,pass
DOI_10.1016_j.cell.2021.07.023,A_exclude,Squamous cells,VEGFAhigh squamous cells,human,VEGFA,VEGFA,exact,annotation_marker,positive,"STAR Methods, Cell Clustering and Annotation, paragraph 4",VEGFAhigh squamous cells (which express multiple vascular endothelial genes including VEGFA and VWF),exclude,非目标细胞类型（target scope: L4:Enteroendocrine cell）；排除并保留追溯。,True,20,1.0,True,True,pass
DOI_10.1016_j.cell.2021.07.023,A_exclude,Squamous cells,SPRR2Dhigh squamous cells,human,SPRR2D,SPRR2D,exact,annotation_marker,positive,"STAR Methods, Cell Clustering and Annotation, paragraph 4",SPRR2Dhigh squamous cells,exclude,非目标细胞类型（target scope: L4:Enteroendocrine cell）；排除并保留追溯。,True,20,1.0,True,True,pass
DOI_10.1016_j.cell.2021.07.023,A_exclude,Squamous cells,HOPXhigh squamous cells,human,HOPX,HOPX,exact,annotation_marker,positive,"STAR Methods, Cell Clustering and Annotation, paragraph 4",HOPXhigh squamous cells,exclude,非目标细胞类型（target scope: L4:Enteroendocrine cell）；排除并保留追溯。,False,20,0.0,False,True,fail_citation
DOI_10.1016_j.cell.2021.07.023,A_exclude,Ciliated cells,FOXJ1high ciliated cells,human,FOXJ1,FOXJ1,exact,annotation_marker,positive,"STAR Methods, Cell Clustering and Annotation, paragraph 4",FOXJ1high ciliated cells,exclude,非目标细胞类型（target scope: L4:Enteroendocrine cell）；排除并保留追溯。,True,20,1.0,True,True,pass
DOI_10.1016_j.cell.2021.07.023,A_exclude,Ciliated cells,early response FOXJ1high ciliated cells,human,FOXJ1,FOXJ1,exact,annotation_marker,positive,"STAR Methods, Cell Clustering and Annotation, paragraph 4","early response FOXJ1high ciliated cells (which, in addition to high FOXJ1, also express higher abundances of genes such as JUN, EGR1, FOS than other ciliated cell subtypes)",exclude,非目标细胞类型（target scope: L4:Enteroendocrine cell）；排除并保留追溯。,True,20,1.0,True,True,duplicate_pool
DOI_10.1016_j.cell.2021.07.023,A_exclude,Ciliated cells,early response FOXJ1high ciliated cells,human,JUN,JUN,exact,cluster_enriched,positive,"STAR Methods, Cell Clustering and Annotation, paragraph 4","early response FOXJ1high ciliated cells (which, in addition to high FOXJ1, also express higher abundances of genes such as JUN, EGR1, FOS than other ciliated cell subtypes)",exclude,非目标细胞类型（target scope: L4:Enteroendocrine cell）；排除并保留追溯。,True,20,1.0,True,True,pass
DOI_10.1016_j.cell.2021.07.023,A_exclude,Ciliated cells,early response FOXJ1high ciliated cells,human,EGR1,EGR1,exact,cluster_enriched,positive,"STAR Methods, Cell Clustering and Annotation, paragraph 4","early response FOXJ1high ciliated cells (which, in addition to high FOXJ1, also express higher abundances of genes such as JUN, EGR1, FOS than other ciliated cell subtypes)",exclude,非目标细胞类型（target scope: L4:Enteroendocrine cell）；排除并保留追溯。,True,20,1.0,True,True,pass
DOI_10.1016_j.cell.2021.07.023,A_exclude,Ciliated cells,early response FOXJ1high ciliated cells,human,FOS,FOS,exact,cluster_enriched,positive,"STAR Methods, Cell Clustering and Annotation, paragraph 4","early response FOXJ1high ciliated cells (which, in addition to high FOXJ1, also express higher abundances of genes such as JUN, EGR1, FOS than other ciliated cell subtypes)",exclude,非目标细胞类型（target scope: L4:Enteroendocrine cell）；排除并保留追溯。,True,20,1.0,True,True,pass
DOI_10.1016_j.cell.2021.07.023,A_exclude,Ciliated cells,BEST4highciliahigh ciliated cells,human,BEST4,BEST4,exact,annotation_marker,positive,"STAR Methods, Cell Clustering and Annotation, paragraph 4","BEST4highciliahigh ciliated cells (in addition to cilia components, also express the ion channel BEST4)",exclude,非目标细胞类型（target scope: L4:Enteroendocrine cell）；排除并保留追溯。,True,20,1.0,True,True,pass
DOI_10.1016_j.cell.2021.07.023,A_exclude,Macrophages,FFAR4high macrophages,human,FFAR4,FFAR4,exact,annotation_marker,positive,"STAR Methods, Cell Clustering and Annotation, paragraph 5","FFAR4high macrophages are defined by expression of FFAR4, MRC1, CHIT1, and SIGLEC11, as well as chemotactic factors including CCL18, CCL15, genes involved in leukotriene synthesis (ALOX5, ALOX5AP, LTA4H), and toll-like receptors TLR8 and TLR2",exclude,非目标细胞类型（target scope: L4:Enteroendocrine cell）；排除并保留追溯。,True,20,0.96,True,True,pass
DOI_10.1016_j.cell.2021.07.023,A_exclude,Macrophages,FFAR4high macrophages,human,MRC1,MRC1,exact,annotation_marker,positive,"STAR Methods, Cell Clustering and Annotation, paragraph 5","FFAR4high macrophages are defined by expression of FFAR4, MRC1, CHIT1, and SIGLEC11, as well as chemotactic factors including CCL18, CCL15, genes involved in leukotriene synthesis (ALOX5, ALOX5AP, LTA4H), and toll-like receptors TLR8 and TLR2",exclude,非目标细胞类型（target scope: L4:Enteroendocrine cell）；排除并保留追溯。,True,20,0.96,True,True,pass
DOI_10.1016_j.cell.2021.07.023,A_exclude,Macrophages,FFAR4high macrophages,human,CHIT1,CHIT1,exact,annotation_marker,positive,"STAR Methods, Cell Clustering and Annotation, paragraph 5","FFAR4high macrophages are defined by expression of FFAR4, MRC1, CHIT1, and SIGLEC11, as well as chemotactic factors including CCL18, CCL15, genes involved in leukotriene synthesis (ALOX5, ALOX5AP, LTA4H), and toll-like receptors TLR8 and TLR2",exclude,非目标细胞类型（target scope: L4:Enteroendocrine cell）；排除并保留追溯。,True,20,0.96,True,True,pass
DOI_10.1016_j.cell.2021.07.023,A_exclude,Macrophages,FFAR4high macrophages,human,SIGLEC11,SIGLEC11,exact,annotation_marker,positive,"STAR Methods, Cell Clustering and Annotation, paragraph 5","FFAR4high macrophages are defined by expression of FFAR4, MRC1, CHIT1, and SIGLEC11, as well as chemotactic factors including CCL18, CCL15, genes involved in leukotriene synthesis (ALOX5, ALOX5AP, LTA4H), and toll-like receptors TLR8 and TLR2",exclude,非目标细胞类型（target scope: L4:Enteroendocrine cell）；排除并保留追溯。,True,20,0.96,True,True,pass
DOI_10.1016_j.cell.2021.07.023,A_exclude,Macrophages,FFAR4high macrophages,human,CCL18,CCL18,exact,annotation_marker,positive,"STAR Methods, Cell Clustering and Annotation, paragraph 5","FFAR4high macrophages are defined by expression of FFAR4, MRC1, CHIT1, and SIGLEC11, as well as chemotactic factors including CCL18, CCL15, genes involved in leukotriene synthesis (ALOX5, ALOX5AP, LTA4H), and toll-like receptors TLR8 and TLR2",exclude,非目标细胞类型（target scope: L4:Enteroendocrine cell）；排除并保留追溯。,True,20,0.96,True,True,pass
DOI_10.1016_j.cell.2021.07.023,A_exclude,Macrophages,FFAR4high macrophages,human,CCL15,CCL15,exact,annotation_marker,positive,"STAR Methods, Cell Clustering and Annotation, paragraph 5","FFAR4high macrophages are defined by expression of FFAR4, MRC1, CHIT1, and SIGLEC11, as well as chemotactic factors including CCL18, CCL15, genes involved in leukotriene synthesis (ALOX5, ALOX5AP, LTA4H), and toll-like receptors TLR8 and TLR2",exclude,非目标细胞类型（target scope: L4:Enteroendocrine cell）；排除并保留追溯。,True,20,0.96,True,True,pass
DOI_10.1016_j.cell.2021.07.023,A_exclude,Macrophages,FFAR4high macrophages,human,ALOX5,ALOX5,exact,annotation_marker,positive,"STAR Methods, Cell Clustering and Annotation, paragraph 5","FFAR4high macrophages are defined by expression of FFAR4, MRC1, CHIT1, and SIGLEC11, as well as chemotactic factors including CCL18, CCL15, genes involved in leukotriene synthesis (ALOX5, ALOX5AP, LTA4H), and toll-like receptors TLR8 and TLR2",exclude,非目标细胞类型（target scope: L4:Enteroendocrine cell）；排除并保留追溯。,True,20,0.96,True,True,pass
DOI_10.1016_j.cell.2021.07.023,A_exclude,Macrophages,FFAR4high macrophages,human,ALOX5AP,ALOX5AP,exact,annotation_marker,positive,"STAR Methods, Cell Clustering and Annotation, paragraph 5","FFAR4high macrophages are defined by expression of FFAR4, MRC1, CHIT1, and SIGLEC11, as well as chemotactic factors including CCL18, CCL15, genes involved in leukotriene synthesis (ALOX5, ALOX5AP, LTA4H), and toll-like receptors TLR8 and TLR2",exclude,非目标细胞类型（target scope: L4:Enteroendocrine cell）；排除并保留追溯。,True,20,0.96,True,True,pass
DOI_10.1016_j.cell.2021.07.023,A_exclude,Macrophages,FFAR4high macrophages,human,LTA4H,LTA4H,exact,annotation_marker,positive,"STAR Methods, Cell Clustering and Annotation, paragraph 5","FFAR4high macrophages are defined by expression of FFAR4, MRC1, CHIT1, and SIGLEC11, as well as chemotactic factors including CCL18, CCL15, genes involved in leukotriene synthesis (ALOX5, ALOX5AP, LTA4H), and toll-like receptors TLR8 and TLR2",exclude,非目标细胞类型（target scope: L4:Enteroendocrine cell）；排除并保留追溯。,True,20,0.96,True,True,pass
DOI_10.1016_j.cell.2021.07.023,A_exclude,Macrophages,FFAR4high macrophages,human,TLR8,TLR8,exact,annotation_marker,positive,"STAR Methods, Cell Clustering and Annotation, paragraph 5","FFAR4high macrophages are defined by expression of FFAR4, MRC1, CHIT1, and SIGLEC11, as well as chemotactic factors including CCL18, CCL15, genes involved in leukotriene synthesis (ALOX5, ALOX5AP, LTA4H), and toll-like receptors TLR8 and TLR2",exclude,非目标细胞类型（target scope: L4:Enteroendocrine cell）；排除并保留追溯。,True,20,0.96,True,True,pass
DOI_10.1016_j.cell.2021.07.023,A_exclude,Macrophages,FFAR4high macrophages,human,TLR2,TLR2,exact,annotation_marker,positive,"STAR Methods, Cell Clustering and Annotation, paragraph 5","FFAR4high macrophages are defined by expression of FFAR4, MRC1, CHIT1, and SIGLEC11, as well as chemotactic factors including CCL18, CCL15, genes involved in leukotriene synthesis (ALOX5, ALOX5AP, LTA4H), and toll-like receptors TLR8 and TLR2",exclude,非目标细胞类型（target scope: L4:Enteroendocrine cell）；排除并保留追溯。,True,20,0.96,True,True,pass
DOI_10.1016_j.cell.2021.07.023,A_exclude,Macrophages,Interferon responsive macrophages,human,IFIT3,IFIT3,exact,annotation_marker,positive,"STAR Methods, Cell Clustering and Annotation, paragraph 5","Interferon responsive macrophages are distinguished by elevated expression of anti-viral genes such as IFIT3, IFIT2, ISG15, and MX1, along with CXCL9, CXCL10, CXCL11",exclude,非目标细胞类型（target scope: L4:Enteroendocrine cell）；排除并保留追溯。,True,20,1.0,True,True,pass
DOI_10.1016_j.cell.2021.07.023,A_exclude,Macrophages,Interferon responsive macrophages,human,IFIT2,IFIT2,exact,annotation_marker,positive,"STAR Methods, Cell Clustering and Annotation, paragraph 5","Interferon responsive macrophages are distinguished by elevated expression of anti-viral genes such as IFIT3, IFIT2, ISG15, and MX1, along with CXCL9, CXCL10, CXCL11",exclude,非目标细胞类型（target scope: L4:Enteroendocrine cell）；排除并保留追溯。,True,20,1.0,True,True,pass
DOI_10.1016_j.cell.2021.07.023,A_exclude,Macrophages,Interferon responsive macrophages,human,ISG15,ISG15,exact,annotation_marker,positive,"STAR Methods, Cell Clustering and Annotation, paragraph 5","Interferon responsive macrophages are distinguished by elevated expression of anti-viral genes such as IFIT3, IFIT2, ISG15, and MX1, along with CXCL9, CXCL10, CXCL11",exclude,非目标细胞类型（target scope: L4:Enteroendocrine cell）；排除并保留追溯。,True,20,1.0,True,True,pass
DOI_10.1016_j.cell.2021.07.023,A_exclude,Macrophages,Interferon responsive macrophages,human,MX1,MX1,exact,annotation_marker,positive,"STAR Methods, Cell Clustering and Annotation, paragraph 5","Interferon responsive macrophages are distinguished by elevated expression of anti-viral genes such as IFIT3, IFIT2, ISG15, and MX1, along with CXCL9, CXCL10, CXCL11",exclude,非目标细胞类型（target scope: L4:Enteroendocrine cell）；排除并保留追溯。,True,20,1.0,True,True,pass
DOI_10.1016_j.cell.2021.07.023,A_exclude,Macrophages,Interferon responsive macrophages,human,CXCL9,CXCL9,exact,annotation_marker,positive,"STAR Methods, Cell Clustering and Annotation, paragraph 5","Interferon responsive macrophages are distinguished by elevated expression of anti-viral genes such as IFIT3, IFIT2, ISG15, and MX1, along with CXCL9, CXCL10, CXCL11",exclude,非目标细胞类型（target scope: L4:Enteroendocrine cell）；排除并保留追溯。,True,20,1.0,True,True,pass
DOI_10.1016_j.cell.2021.07.023,A_exclude,Macrophages,Interferon responsive macrophages,human,CXCL10,CXCL10,exact,annotation_marker,positive,"STAR Methods, Cell Clustering and Annotation, paragraph 5","Interferon responsive macrophages are distinguished by elevated expression of anti-viral genes such as IFIT3, IFIT2, ISG15, and MX1, along with CXCL9, CXCL10, CXCL11",exclude,非目标细胞类型（target scope: L4:Enteroendocrine cell）；排除并保留追溯。,True,20,1.0,True,True,pass
DOI_10.1016_j.cell.2021.07.023,A_exclude,Macrophages,Interferon responsive macrophages,human,CXCL11,CXCL11,exact,annotation_marker,positive,"STAR Methods, Cell Clustering and Annotation, paragraph 5","Interferon responsive macrophages are distinguished by elevated expression of anti-viral genes such as IFIT3, IFIT2, ISG15, and MX1, along with CXCL9, CXCL10, CXCL11",exclude,非目标细胞类型（target scope: L4:Enteroendocrine cell）；排除并保留追溯。,True,20,1.0,True,True,pass
DOI_10.1016_j.cell.2021.07.023,A_exclude,Macrophages,MSR1highC1QBhigh macrophages,human,MSR1,MSR1,exact,annotation_marker,positive,"STAR Methods, Cell Clustering and Annotation, paragraph 5","MSR1highC1QBhigh macrophages are defined by cathepsin expression (CTSD, CTSL, CTSB) and elevated expression of complement (C1QB, C1QA, C1QC), and lipid binding proteins (APOE, APOC, and NPC2).",exclude,非目标细胞类型（target scope: L4:Enteroendocrine cell）；排除并保留追溯。,False,20,0.0,False,True,fail_citation
DOI_10.1016_j.cell.2021.07.023,A_exclude,Macrophages,MSR1highC1QBhigh macrophages,human,C1QB,C1QB,exact,annotation_marker,positive,"STAR Methods, Cell Clustering and Annotation, paragraph 5","MSR1highC1QBhigh macrophages are defined by cathepsin expression (CTSD, CTSL, CTSB) and elevated expression of complement (C1QB, C1QA, C1QC), and lipid binding proteins (APOE, APOC, and NPC2).",exclude,非目标细胞类型（target scope: L4:Enteroendocrine cell）；排除并保留追溯。,True,20,0.9474,True,True,pass
DOI_10.1016_j.cell.2021.07.023,A_exclude,Macrophages,MSR1highC1QBhigh macrophages,human,CTSD,CTSD,exact,annotation_marker,positive,"STAR Methods, Cell Clustering and Annotation, paragraph 5","MSR1highC1QBhigh macrophages are defined by cathepsin expression (CTSD, CTSL, CTSB) and elevated expression of complement (C1QB, C1QA, C1QC), and lipid binding proteins (APOE, APOC, and NPC2).",exclude,非目标细胞类型（target scope: L4:Enteroendocrine cell）；排除并保留追溯。,True,20,0.9474,True,True,pass
DOI_10.1016_j.cell.2021.07.023,A_exclude,Macrophages,MSR1highC1QBhigh macrophages,human,CTSL,CTSL,exact,annotation_marker,positive,"STAR Methods, Cell Clustering and Annotation, paragraph 5","MSR1highC1QBhigh macrophages are defined by cathepsin expression (CTSD, CTSL, CTSB) and elevated expression of complement (C1QB, C1QA, C1QC), and lipid binding proteins (APOE, APOC, and NPC2).",exclude,非目标细胞类型（target scope: L4:Enteroendocrine cell）；排除并保留追溯。,True,20,0.9474,True,True,pass
DOI_10.1016_j.cell.2021.07.023,A_exclude,Macrophages,MSR1highC1QBhigh macrophages,human,CTSB,CTSB,exact,annotation_marker,positive,"STAR Methods, Cell Clustering and Annotation, paragraph 5","MSR1highC1QBhigh macrophages are defined by cathepsin expression (CTSD, CTSL, CTSB) and elevated expression of complement (C1QB, C1QA, C1QC), and lipid binding proteins (APOE, APOC, and NPC2).",exclude,非目标细胞类型（target scope: L4:Enteroendocrine cell）；排除并保留追溯。,True,20,0.9474,True,True,pass
DOI_10.1016_j.cell.2021.07.023,A_exclude,Macrophages,MSR1highC1QBhigh macrophages,human,C1QA,C1QA,exact,annotation_marker,positive,"STAR Methods, Cell Clustering and Annotation, paragraph 5","MSR1highC1QBhigh macrophages are defined by cathepsin expression (CTSD, CTSL, CTSB) and elevated expression of complement (C1QB, C1QA, C1QC), and lipid binding proteins (APOE, APOC, and NPC2).",exclude,非目标细胞类型（target scope: L4:Enteroendocrine cell）；排除并保留追溯。,True,20,0.9474,True,True,pass
DOI_10.1016_j.cell.2021.07.023,A_exclude,Macrophages,MSR1highC1QBhigh macrophages,human,C1QC,C1QC,exact,annotation_marker,positive,"STAR Methods, Cell Clustering and Annotation, paragraph 5","MSR1highC1QBhigh macrophages are defined by cathepsin expression (CTSD, CTSL, CTSB) and elevated expression of complement (C1QB, C1QA, C1QC), and lipid binding proteins (APOE, APOC, and NPC2).",exclude,非目标细胞类型（target scope: L4:Enteroendocrine cell）；排除并保留追溯。,True,20,0.9474,True,True,pass
DOI_10.1016_j.cell.2021.07.023,A_exclude,Macrophages,MSR1highC1QBhigh macrophages,human,APOE,APOE,exact,annotation_marker,positive,"STAR Methods, Cell Clustering and Annotation, paragraph 5","MSR1highC1QBhigh macrophages are defined by cathepsin expression (CTSD, CTSL, CTSB) and elevated expression of complement (C1QB, C1QA, C1QC), and lipid binding proteins (APOE, APOC, and NPC2).",exclude,非目标细胞类型（target scope: L4:Enteroendocrine cell）；排除并保留追溯。,True,20,0.9474,True,True,pass
DOI_10.1016_j.cell.2021.07.023,A_exclude,Macrophages,MSR1highC1QBhigh macrophages,human,NPC2,NPC2,exact,annotation_marker,positive,"STAR Methods, Cell Clustering and Annotation, paragraph 5","MSR1highC1QBhigh macrophages ... lipid binding proteins (APOE, APOC, and NPC2).",exclude,非目标细胞类型（target scope: L4:Enteroendocrine cell）；排除并保留追溯。,True,20,1.0,True,True,pass
DOI_10.1016_j.cell.2021.07.023,A_exclude,Macrophages,inflammatory macrophages,human,CCL3,CCL3,exact,annotation_marker,positive,"STAR Methods, Cell Clustering and Annotation, paragraph 5","The fourth 'specialized' subtype of macrophage we term 'inflammatory macrophages,' which uniquely express inflammatory cytokines such as CCL3, CCL3L1, IL1B, CXCL2, and CXCL3.",exclude,非目标细胞类型（target scope: L4:Enteroendocrine cell）；排除并保留追溯。,True,20,0.8667,True,True,pass
DOI_10.1016_j.cell.2021.07.023,A_exclude,Macrophages,inflammatory macrophages,human,CCL3L1,CCL3L1,exact,annotation_marker,positive,"STAR Methods, Cell Clustering and Annotation, paragraph 5","The fourth 'specialized' subtype of macrophage we term 'inflammatory macrophages,' which uniquely express inflammatory cytokines such as CCL3, CCL3L1, IL1B, CXCL2, and CXCL3.",exclude,非目标细胞类型（target scope: L4:Enteroendocrine cell）；排除并保留追溯。,True,20,0.8667,True,True,pass
DOI_10.1016_j.cell.2021.07.023,A_exclude,Macrophages,inflammatory macrophages,human,IL1B,IL1B,exact,annotation_marker,positive,"STAR Methods, Cell Clustering and Annotation, paragraph 5","The fourth 'specialized' subtype of macrophage we term 'inflammatory macrophages,' which uniquely express inflammatory cytokines such as CCL3, CCL3L1, IL1B, CXCL2, and CXCL3.",exclude,非目标细胞类型（target scope: L4:Enteroendocrine cell）；排除并保留追溯。,True,20,0.8667,True,True,pass
DOI_10.1016_j.cell.2021.07.023,A_exclude,Macrophages,inflammatory macrophages,human,CXCL2,CXCL2,exact,annotation_marker,positive,"STAR Methods, Cell Clustering and Annotation, paragraph 5","The fourth 'specialized' subtype of macrophage we term 'inflammatory macrophages,' which uniquely express inflammatory cytokines such as CCL3, CCL3L1, IL1B, CXCL2, and CXCL3.",exclude,非目标细胞类型（target scope: L4:Enteroendocrine cell）；排除并保留追溯。,True,20,0.8667,True,True,pass
DOI_10.1016_j.cell.2021.07.023,A_exclude,Macrophages,inflammatory macrophages,human,CXCL3,CXCL3,exact,annotation_marker,positive,"STAR Methods, Cell Clustering and Annotation, paragraph 5","The fourth 'specialized' subtype of macrophage we term 'inflammatory macrophages,' which uniquely express inflammatory cytokines such as CCL3, CCL3L1, IL1B, CXCL2, and CXCL3.",exclude,非目标细胞类型（target scope: L4:Enteroendocrine cell）；排除并保留追溯。,True,20,0.8667,True,True,pass
DOI_10.1016_j.cell.2021.07.023,A_exclude,Macrophages,ITGAXhigh macrophages,human,ITGAX,ITGAX,exact,annotation_marker,positive,"STAR Methods, Cell Clustering and Annotation, paragraph 5","The remaining 'ITGAXhigh' macrophages are distinguished from other immune cell types by ITGAX, VCAN, PSAP, FTL, FTH1 and CD163",exclude,非目标细胞类型（target scope: L4:Enteroendocrine cell）；排除并保留追溯。,True,20,0.9231,True,True,pass
DOI_10.1016_j.cell.2021.07.023,A_exclude,Macrophages,ITGAXhigh macrophages,human,VCAN,VCAN,exact,annotation_marker,positive,"STAR Methods, Cell Clustering and Annotation, paragraph 5","The remaining 'ITGAXhigh' macrophages are distinguished from other immune cell types by ITGAX, VCAN, PSAP, FTL, FTH1 and CD163",exclude,非目标细胞类型（target scope: L4:Enteroendocrine cell）；排除并保留追溯。,True,20,0.9231,True,True,pass
DOI_10.1016_j.cell.2021.07.023,A_exclude,Macrophages,ITGAXhigh macrophages,human,PSAP,PSAP,exact,annotation_marker,positive,"STAR Methods, Cell Clustering and Annotation, paragraph 5","The remaining 'ITGAXhigh' macrophages are distinguished from other immune cell types by ITGAX, VCAN, PSAP, FTL, FTH1 and CD163",exclude,非目标细胞类型（target scope: L4:Enteroendocrine cell）；排除并保留追溯。,True,20,0.9231,True,True,pass
DOI_10.1016_j.cell.2021.07.023,A_exclude,Macrophages,ITGAXhigh macrophages,human,FTL,FTL,exact,annotation_marker,positive,"STAR Methods, Cell Clustering and Annotation, paragraph 5","The remaining 'ITGAXhigh' macrophages are distinguished from other immune cell types by ITGAX, VCAN, PSAP, FTL, FTH1 and CD163",exclude,非目标细胞类型（target scope: L4:Enteroendocrine cell）；排除并保留追溯。,True,20,0.9231,True,True,pass
DOI_10.1016_j.cell.2021.07.023,A_exclude,Macrophages,ITGAXhigh macrophages,human,FTH1,FTH1,exact,annotation_marker,positive,"STAR Methods, Cell Clustering and Annotation, paragraph 5","The remaining 'ITGAXhigh' macrophages are distinguished from other immune cell types by ITGAX, VCAN, PSAP, FTL, FTH1 and CD163",exclude,非目标细胞类型（target scope: L4:Enteroendocrine cell）；排除并保留追溯。,True,20,0.9231,True,True,pass
DOI_10.1016_j.cell.2021.07.023,A_exclude,Macrophages,ITGAXhigh macrophages,human,CD163,CD163,exact,annotation_marker,positive,"STAR Methods, Cell Clustering and Annotation, paragraph 5","The remaining 'ITGAXhigh' macrophages are distinguished from other immune cell types by ITGAX, VCAN, PSAP, FTL, FTH1 and CD163",exclude,非目标细胞类型（target scope: L4:Enteroendocrine cell）；排除并保留追溯。,True,20,0.9231,True,True,pass
DOI_10.1016_j.cell.2021.07.023,A_exclude,CD8 T cells,early response CD8 T cells,human,FOSB,FOSB,exact,annotation_marker,positive,"STAR Methods, Cell Clustering and Annotation, paragraph 5","Two specialized subtypes of CD8 T cells are annotated from this dataset: one defined by exceptionally high expression of early response genes (FOSB, NR4A2, and CCL5)",exclude,非目标细胞类型（target scope: L4:Enteroendocrine cell）；排除并保留追溯。,True,20,0.9444,True,True,pass
DOI_10.1016_j.cell.2021.07.023,A_exclude,CD8 T cells,early response CD8 T cells,human,NR4A2,NR4A2,exact,annotation_marker,positive,"STAR Methods, Cell Clustering and Annotation, paragraph 5","Two specialized subtypes of CD8 T cells are annotated from this dataset: one defined by exceptionally high expression of early response genes (FOSB, NR4A2, and CCL5)",exclude,非目标细胞类型（target scope: L4:Enteroendocrine cell）；排除并保留追溯。,True,20,0.9444,True,True,pass
DOI_10.1016_j.cell.2021.07.023,A_exclude,CD8 T cells,early response CD8 T cells,human,CCL5,CCL5,exact,annotation_marker,positive,"STAR Methods, Cell Clustering and Annotation, paragraph 5","Two specialized subtypes of CD8 T cells are annotated from this dataset: one defined by exceptionally high expression of early response genes (FOSB, NR4A2, and CCL5)",exclude,非目标细胞类型（target scope: L4:Enteroendocrine cell）；排除并保留追溯。,True,20,0.9444,True,True,pass
DOI_10.1016_j.cell.2021.07.023,A_exclude,CD8 T cells,interferon responsive cytotoxic CD8 T cells,human,GZMB,GZMB,exact,annotation_marker,positive,"STAR Methods, Cell Clustering and Annotation, paragraph 5","the other termed 'interferon responsive cytotoxic CD8 T cells,' defined by granzyme and perforin expression (GZMB, GZMA, GNLY, PRF1, GZMH), anti-viral genes (ISG20, IFIT3, APOBEC3C, GBP5) and genes associated with effector CD8 T cell function (LAG3, IL2RB, IKZF3, TBX21).",exclude,非目标细胞类型（target scope: L4:Enteroendocrine cell）；排除并保留追溯。,True,20,0.9655,True,True,pass
DOI_10.1016_j.cell.2021.07.023,A_exclude,CD8 T cells,interferon responsive cytotoxic CD8 T cells,human,GZMA,GZMA,exact,annotation_marker,positive,"STAR Methods, Cell Clustering and Annotation, paragraph 5","the other termed 'interferon responsive cytotoxic CD8 T cells,' defined by granzyme and perforin expression (GZMB, GZMA, GNLY, PRF1, GZMH), anti-viral genes (ISG20, IFIT3, APOBEC3C, GBP5) and genes associated with effector CD8 T cell function (LAG3, IL2RB, IKZF3, TBX21).",exclude,非目标细胞类型（target scope: L4:Enteroendocrine cell）；排除并保留追溯。,True,20,0.9655,True,True,pass
DOI_10.1016_j.cell.2021.07.023,A_exclude,CD8 T cells,interferon responsive cytotoxic CD8 T cells,human,GNLY,GNLY,exact,annotation_marker,positive,"STAR Methods, Cell Clustering and Annotation, paragraph 5","the other termed 'interferon responsive cytotoxic CD8 T cells,' defined by granzyme and perforin expression (GZMB, GZMA, GNLY, PRF1, GZMH), anti-viral genes (ISG20, IFIT3, APOBEC3C, GBP5) and genes associated with effector CD8 T cell function (LAG3, IL2RB, IKZF3, TBX21).",exclude,非目标细胞类型（target scope: L4:Enteroendocrine cell）；排除并保留追溯。,True,20,0.9655,True,True,pass
DOI_10.1016_j.cell.2021.07.023,A_exclude,CD8 T cells,interferon responsive cytotoxic CD8 T cells,human,PRF1,PRF1,exact,annotation_marker,positive,"STAR Methods, Cell Clustering and Annotation, paragraph 5","the other termed 'interferon responsive cytotoxic CD8 T cells,' defined by granzyme and perforin expression (GZMB, GZMA, GNLY, PRF1, GZMH), anti-viral genes (ISG20, IFIT3, APOBEC3C, GBP5) and genes associated with effector CD8 T cell function (LAG3, IL2RB, IKZF3, TBX21).",exclude,非目标细胞类型（target scope: L4:Enteroendocrine cell）；排除并保留追溯。,True,20,0.9655,True,True,pass
DOI_10.1016_j.cell.2021.07.023,A_exclude,CD8 T cells,interferon responsive cytotoxic CD8 T cells,human,GZMH,GZMH,exact,annotation_marker,positive,"STAR Methods, Cell Clustering and Annotation, paragraph 5","the other termed 'interferon responsive cytotoxic CD8 T cells,' defined by granzyme and perforin expression (GZMB, GZMA, GNLY, PRF1, GZMH), anti-viral genes (ISG20, IFIT3, APOBEC3C, GBP5) and genes associated with effector CD8 T cell function (LAG3, IL2RB, IKZF3, TBX21).",exclude,非目标细胞类型（target scope: L4:Enteroendocrine cell）；排除并保留追溯。,True,20,0.9655,True,True,pass
DOI_10.1016_j.cell.2021.07.023,A_exclude,CD8 T cells,interferon responsive cytotoxic CD8 T cells,human,ISG20,ISG20,exact,annotation_marker,positive,"STAR Methods, Cell Clustering and Annotation, paragraph 5","the other termed 'interferon responsive cytotoxic CD8 T cells,' defined by granzyme and perforin expression (GZMB, GZMA, GNLY, PRF1, GZMH), anti-viral genes (ISG20, IFIT3, APOBEC3C, GBP5) and genes associated with effector CD8 T cell function (LAG3, IL2RB, IKZF3, TBX21).",exclude,非目标细胞类型（target scope: L4:Enteroendocrine cell）；排除并保留追溯。,True,20,0.9655,True,True,pass
DOI_10.1016_j.cell.2021.07.023,A_exclude,CD8 T cells,interferon responsive cytotoxic CD8 T cells,human,IFIT3,IFIT3,exact,annotation_marker,positive,"STAR Methods, Cell Clustering and Annotation, paragraph 5","the other termed 'interferon responsive cytotoxic CD8 T cells,' defined by granzyme and perforin expression (GZMB, GZMA, GNLY, PRF1, GZMH), anti-viral genes (ISG20, IFIT3, APOBEC3C, GBP5) and genes associated with effector CD8 T cell function (LAG3, IL2RB, IKZF3, TBX21).",exclude,非目标细胞类型（target scope: L4:Enteroendocrine cell）；排除并保留追溯。,True,20,0.9655,True,True,pass
DOI_10.1016_j.cell.2021.07.023,A_exclude,CD8 T cells,interferon responsive cytotoxic CD8 T cells,human,APOBEC3C,APOBEC3C,exact,annotation_marker,positive,"STAR Methods, Cell Clustering and Annotation, paragraph 5","the other termed 'interferon responsive cytotoxic CD8 T cells,' defined by granzyme and perforin expression (GZMB, GZMA, GNLY, PRF1, GZMH), anti-viral genes (ISG20, IFIT3, APOBEC3C, GBP5) and genes associated with effector CD8 T cell function (LAG3, IL2RB, IKZF3, TBX21).",exclude,非目标细胞类型（target scope: L4:Enteroendocrine cell）；排除并保留追溯。,True,20,0.9655,True,True,pass
DOI_10.1016_j.cell.2021.07.023,A_exclude,CD8 T cells,interferon responsive cytotoxic CD8 T cells,human,GBP5,GBP5,exact,annotation_marker,positive,"STAR Methods, Cell Clustering and Annotation, paragraph 5","the other termed 'interferon responsive cytotoxic CD8 T cells,' defined by granzyme and perforin expression (GZMB, GZMA, GNLY, PRF1, GZMH), anti-viral genes (ISG20, IFIT3, APOBEC3C, GBP5) and genes associated with effector CD8 T cell function (LAG3, IL2RB, IKZF3, TBX21).",exclude,非目标细胞类型（target scope: L4:Enteroendocrine cell）；排除并保留追溯。,True,20,0.9655,True,True,pass
DOI_10.1016_j.cell.2021.07.023,A_exclude,CD8 T cells,interferon responsive cytotoxic CD8 T cells,human,LAG3,LAG3,exact,annotation_marker,positive,"STAR Methods, Cell Clustering and Annotation, paragraph 5","the other termed 'interferon responsive cytotoxic CD8 T cells,' defined by granzyme and perforin expression (GZMB, GZMA, GNLY, PRF1, GZMH), anti-viral genes (ISG20, IFIT3, APOBEC3C, GBP5) and genes associated with effector CD8 T cell function (LAG3, IL2RB, IKZF3, TBX21).",exclude,非目标细胞类型（target scope: L4:Enteroendocrine cell）；排除并保留追溯。,True,20,0.9655,True,True,pass
DOI_10.1016_j.cell.2021.07.023,A_exclude,CD8 T cells,interferon responsive cytotoxic CD8 T cells,human,IL2RB,IL2RB,exact,annotation_marker,positive,"STAR Methods, Cell Clustering and Annotation, paragraph 5","the other termed 'interferon responsive cytotoxic CD8 T cells,' defined by granzyme and perforin expression (GZMB, GZMA, GNLY, PRF1, GZMH), anti-viral genes (ISG20, IFIT3, APOBEC3C, GBP5) and genes associated with effector CD8 T cell function (LAG3, IL2RB, IKZF3, TBX21).",exclude,非目标细胞类型（target scope: L4:Enteroendocrine cell）；排除并保留追溯。,True,20,0.9655,True,True,pass
DOI_10.1016_j.cell.2021.07.023,A_exclude,CD8 T cells,interferon responsive cytotoxic CD8 T cells,human,IKZF3,IKZF3,exact,annotation_marker,positive,"STAR Methods, Cell Clustering and Annotation, paragraph 5","the other termed 'interferon responsive cytotoxic CD8 T cells,' defined by granzyme and perforin expression (GZMB, GZMA, GNLY, PRF1, GZMH), anti-viral genes (ISG20, IFIT3, APOBEC3C, GBP5) and genes associated with effector CD8 T cell function (LAG3, IL2RB, IKZF3, TBX21).",exclude,非目标细胞类型（target scope: L4:Enteroendocrine cell）；排除并保留追溯。,True,20,0.9655,True,True,pass
DOI_10.1016_j.cell.2021.07.023,A_exclude,CD8 T cells,interferon responsive cytotoxic CD8 T cells,human,TBX21,TBX21,exact,annotation_marker,positive,"STAR Methods, Cell Clustering and Annotation, paragraph 5","the other termed 'interferon responsive cytotoxic CD8 T cells,' defined by granzyme and perforin expression (GZMB, GZMA, GNLY, PRF1, GZMH), anti-viral genes (ISG20, IFIT3, APOBEC3C, GBP5) and genes associated with effector CD8 T cell function (LAG3, IL2RB, IKZF3, TBX21).",exclude,非目标细胞类型（target scope: L4:Enteroendocrine cell）；排除并保留追溯。,True,20,0.9655,True,True,pass
DOI_10.1016_j.cell.2022.11.005,A_exclude,multipotent progenitors,bud tip epithelium,human,SOX9,SOX9,exact,annotation_marker,positive,"Introduction, p.4841","bud tip epithelium comprises SOX9+, ID2+ multipotent progenitors",exclude,Not in target_cell_scope (PNS/Schwann and pulmonary neuroendocrine); bud tip epithelium is out of scope.,True,9,1.0,True,True,pass
DOI_10.1016_j.cell.2022.11.005,A_exclude,multipotent progenitors,bud tip epithelium,human,ID2,ID2,exact,annotation_marker,positive,"Introduction, p.4841","bud tip epithelium comprises SOX9+, ID2+ multipotent progenitors",exclude,Not in target_cell_scope; bud tip epithelium is out of scope.,True,9,1.0,True,True,pass
DOI_10.1016_j.cell.2022.11.005,A_exclude,epithelial lineage,,human,CD326,EPCAM,alias_resolved,cluster_enriched,positive,"Introduction, p.4842",Epithelial cells were mostly derived from trypsin-treated and CD326-enriched samples,exclude,Not in target_cell_scope; epithelial lineage is out of scope.,True,9,1.0,True,True,pass
DOI_10.1016_j.cell.2022.11.005,A_exclude,tip cell,,human,SOX9,SOX9,exact,author_declared,positive,Results: 'Late epithelial tip cells acquire alveolar identity...',Tip cells express a core set of tip-specific markers (SOX9+),exclude,Not in target_cell_scope; tip cells are out of scope.,True,9,0.875,True,True,pass
DOI_10.1016_j.cell.2022.11.005,A_exclude,tip cell,,human,ETV5,ETV5,exact,author_declared,positive,Results: 'Late epithelial tip cells acquire alveolar identity...',Tip cells express a core set of tip-specific markers (ETV5+),exclude,Not in target_cell_scope; tip cells are out of scope.,True,9,0.875,True,True,pass
DOI_10.1016_j.cell.2022.11.005,A_exclude,tip cell,,human,TESC,TESC,exact,author_declared,positive,Results: 'Late epithelial tip cells acquire alveolar identity...',Tip cells express a core set of tip-specific markers (TESC+),exclude,Not in target_cell_scope; tip cells are out of scope.,True,9,0.875,True,True,pass
DOI_10.1016_j.cell.2022.11.005,A_exclude,tip cell,,human,TPPP3,TPPP3,exact,author_declared,positive,Results: 'Late epithelial tip cells acquire alveolar identity...',Tip cells express a core set of tip-specific markers (TPPP3+),exclude,Not in target_cell_scope; tip cells are out of scope.,True,9,0.875,True,True,pass
DOI_10.1016_j.cell.2022.11.005,A_exclude,tip cell,,human,STC1,STC1,exact,author_declared,positive,Results: 'Late epithelial tip cells acquire alveolar identity...',Tip cells express a core set of tip-specific markers (STC1+),exclude,Not in target_cell_scope; tip cells are out of scope.,True,9,0.875,True,True,pass
DOI_10.1016_j.cell.2022.11.005,A_exclude,tip cell,,human,FOXP2,FOXP2,exact,author_declared,positive,Results: 'Predicted airway epithelial differentiation trajectories',"Stalk cells lose some tip markers, including FOXP2 and SOX9",exclude,Not in target_cell_scope; tip/stalk cells are out of scope.,True,9,0.875,True,True,pass
DOI_10.1016_j.cell.2022.11.005,A_exclude,tip cell,late,human,SOX9,SOX9,exact,annotation_marker,positive,Results: 'Late epithelial tip cells acquire alveolar identity...' / Fig. 3F,"late-tip cells (SOX9+, TPPP3+, SFTPC+) were clearly visualized",exclude,Not in target_cell_scope; late-tip cells are out of scope.,True,9,0.8571,True,True,duplicate_pool
DOI_10.1016_j.cell.2022.11.005,A_exclude,tip cell,late,human,TPPP3,TPPP3,exact,annotation_marker,positive,Results: 'Late epithelial tip cells acquire alveolar identity...' / Fig. 3F,"late-tip cells (SOX9+, TPPP3+, SFTPC+) were clearly visualized",exclude,Not in target_cell_scope; late-tip cells are out of scope.,True,9,0.8571,True,True,duplicate_pool
DOI_10.1016_j.cell.2022.11.005,A_exclude,tip cell,late,human,SFTPC,SFTPC,exact,annotation_marker,positive,Results: 'Late epithelial tip cells acquire alveolar identity...' / Fig. 3F,"late-tip cells (SOX9+, TPPP3+, SFTPC+) were clearly visualized",exclude,Not in target_cell_scope; late-tip cells are out of scope.,True,9,0.8571,True,True,pass
DOI_10.1016_j.cell.2022.11.005,A_exclude,stalk cell,,human,SOX9,SOX9,exact,annotation_marker,unknown,Results: 'The most immature epithelial progenitors...',"adjacent stalk cells (SOX9LO/-, PDPNLO, HOPXLO)",exclude,Not in target_cell_scope; stalk cells are out of scope.,True,9,1.0,True,True,pass
DOI_10.1016_j.cell.2022.11.005,A_exclude,stalk cell,,human,PDPN,PDPN,exact,annotation_marker,unknown,Results: 'The most immature epithelial progenitors...',"adjacent stalk cells (SOX9LO/-, PDPNLO, HOPXLO)",exclude,Not in target_cell_scope; stalk cells are out of scope.,True,9,1.0,True,True,pass
DOI_10.1016_j.cell.2022.11.005,A_exclude,stalk cell,,human,HOPX,HOPX,exact,annotation_marker,unknown,Results: 'The most immature epithelial progenitors...',"adjacent stalk cells (SOX9LO/-, PDPNLO, HOPXLO)",exclude,Not in target_cell_scope; stalk cells are out of scope.,True,9,0.72,True,True,pass
DOI_10.1016_j.cell.2022.11.005,A_exclude,stalk cell,,human,AGER,AGER,exact,cluster_enriched,positive,Results: 'Predicted airway epithelial differentiation trajectories',late-stalk cells turn off tip markers and acquire PDPN/AGER,exclude,Not in target_cell_scope; stalk cells are out of scope.,True,9,0.72,True,True,pass
DOI_10.1016_j.cell.2022.11.005,A_exclude,airway progenitor,,human,CYTL1,CYTL1,exact,author_declared,positive,Results: 'Predicted airway epithelial differentiation trajectories',airway progenitors upregulate marker genes including CYTL1,exclude,Not in target_cell_scope; airway progenitors are out of scope.,True,9,1.0,True,True,pass
DOI_10.1016_j.cell.2022.11.005,A_exclude,airway progenitor,,human,CLDN4,CLDN4,exact,author_declared,positive,Results: 'Predicted airway epithelial differentiation trajectories',airway progenitors upregulate marker genes including CLDN4,exclude,Not in target_cell_scope; airway progenitors are out of scope.,True,9,1.0,True,True,pass
DOI_10.1016_j.cell.2022.11.005,A_exclude,airway progenitor,,human,SCGB3A2,SCGB3A2,exact,author_declared,positive,Results: 'Predicted airway epithelial differentiation trajectories',airway progenitors upregulate marker genes including SCGB3A2,exclude,Not in target_cell_scope; airway progenitors are out of scope.,True,9,1.0,True,True,pass
DOI_10.1016_j.cell.2022.11.005,A_exclude,airway progenitor,,human,PCP4,PCP4,exact,annotation_marker,positive,Results: 'The most immature epithelial progenitors...',"airway progenitors (CYTL1LO/+, PCP4+, SCGB3A+/LO)",exclude,Not in target_cell_scope; airway progenitors are out of scope.,True,9,1.0,True,True,pass
DOI_10.1016_j.cell.2022.11.005,A_exclude,airway progenitor,,human,SCGB3A,SCGB3A,ambiguous,annotation_marker,positive,Results: 'The most immature epithelial progenitors...',"airway progenitors (CYTL1LO/+, PCP4+, SCGB3A+/LO)",exclude,Not in target_cell_scope; SCGB3A is a family/ambiguous symbol and out of scope.,True,9,1.0,True,True,fail_symbol
DOI_10.1016_j.cell.2022.11.005,A_exclude,proximal secretory progenitor,,human,SCGB3A2,SCGB3A2,exact,annotation_marker,positive,Results: 'Multiple secretory cell subtypes in the proximal cartilaginous airways',"proximal secretory progenitors (SCGB3A2+, SCGB1A1-, SCGB3A1-/LO, CYTL1+)",exclude,Not in target_cell_scope; secretory progenitor is out of scope.,True,9,1.0,True,True,pass
DOI_10.1016_j.cell.2022.11.005,A_exclude,proximal secretory progenitor,,human,SCGB1A1,SCGB1A1,exact,annotation_marker,unknown,Results: 'Multiple secretory cell subtypes in the proximal cartilaginous airways',"proximal secretory progenitors (SCGB3A2+, SCGB1A1-, SCGB3A1-/LO, CYTL1+)",exclude,Not in target_cell_scope; secretory progenitor is out of scope.,True,9,1.0,True,True,pass
DOI_10.1016_j.cell.2022.11.005,A_exclude,proximal secretory progenitor,,human,SCGB3A1,SCGB3A1,exact,annotation_marker,unknown,Results: 'Multiple secretory cell subtypes in the proximal cartilaginous airways',"proximal secretory progenitors (SCGB3A2+, SCGB1A1-, SCGB3A1-/LO, CYTL1+)",exclude,Not in target_cell_scope; secretory progenitor is out of scope.,True,9,1.0,True,True,pass
DOI_10.1016_j.cell.2022.11.005,A_exclude,proximal secretory progenitor,,human,CYTL1,CYTL1,exact,annotation_marker,positive,Results: 'Multiple secretory cell subtypes in the proximal cartilaginous airways',"proximal secretory progenitors (SCGB3A2+, SCGB1A1-, SCGB3A1-/LO, CYTL1+)",exclude,Not in target_cell_scope; secretory progenitor is out of scope.,True,9,1.0,True,True,pass
DOI_10.1016_j.cell.2022.11.005,A_exclude,club cell,,human,SCGB3A2,SCGB3A2,exact,annotation_marker,positive,Results: 'Multiple secretory cell subtypes in the proximal cartilaginous airways',"Club cells (SCGB3A2+, SCGB1A1+, SCGB3A1-, SPDEF-, MUC16-)",exclude,Not in target_cell_scope; club cells are out of scope.,True,9,1.0,True,True,pass
DOI_10.1016_j.cell.2022.11.005,A_exclude,club cell,,human,SCGB1A1,SCGB1A1,exact,annotation_marker,positive,Results: 'Multiple secretory cell subtypes in the proximal cartilaginous airways',"Club cells (SCGB3A2+, SCGB1A1+, SCGB3A1-, SPDEF-, MUC16-)",exclude,Not in target_cell_scope; club cells are out of scope.,True,9,1.0,True,True,pass
DOI_10.1016_j.cell.2022.11.005,A_exclude,club cell,,human,SCGB3A1,SCGB3A1,exact,annotation_marker,unknown,Results: 'Multiple secretory cell subtypes in the proximal cartilaginous airways',"Club cells (SCGB3A2+, SCGB1A1+, SCGB3A1-, SPDEF-, MUC16-)",exclude,Not in target_cell_scope; club cells are out of scope.,True,9,1.0,True,True,pass
DOI_10.1016_j.cell.2022.11.005,A_exclude,club cell,,human,SPDEF,SPDEF,exact,annotation_marker,unknown,Results: 'Multiple secretory cell subtypes in the proximal cartilaginous airways',"Club cells (SCGB3A2+, SCGB1A1+, SCGB3A1-, SPDEF-, MUC16-)",exclude,Not in target_cell_scope; club cells are out of scope.,True,9,1.0,True,True,pass
DOI_10.1016_j.cell.2022.11.005,A_exclude,club cell,,human,MUC16,MUC16,exact,annotation_marker,unknown,Results: 'Multiple secretory cell subtypes in the proximal cartilaginous airways',"Club cells (SCGB3A2+, SCGB1A1+, SCGB3A1-, SPDEF-, MUC16-)",exclude,Not in target_cell_scope; club cells are out of scope.,True,9,1.0,True,True,pass
DOI_10.1016_j.cell.2022.11.005,A_exclude,SMG secretory cell,,human,LTF,LTF,exact,annotation_marker,positive,Results: 'Multiple secretory cell subtypes in the proximal cartilaginous airways',"SMG secretory cells (LTF+, SCGB3A1+, SPDEF+)",exclude,Not in target_cell_scope; SMG secretory cells are out of scope.,True,9,1.0,True,True,pass
DOI_10.1016_j.cell.2022.11.005,A_exclude,SMG secretory cell,,human,SCGB3A1,SCGB3A1,exact,annotation_marker,positive,Results: 'Multiple secretory cell subtypes in the proximal cartilaginous airways',"SMG secretory cells (LTF+, SCGB3A1+, SPDEF+)",exclude,Not in target_cell_scope; SMG secretory cells are out of scope.,True,9,1.0,True,True,pass
DOI_10.1016_j.cell.2022.11.005,A_exclude,SMG secretory cell,,human,SPDEF,SPDEF,exact,annotation_marker,positive,Results: 'Multiple secretory cell subtypes in the proximal cartilaginous airways',"SMG secretory cells (LTF+, SCGB3A1+, SPDEF+)",exclude,Not in target_cell_scope; SMG secretory cells are out of scope.,True,9,1.0,True,True,pass
DOI_10.1016_j.cell.2022.11.005,A_exclude,proximal secretory 1,,human,SCGB1A1,SCGB1A1,exact,annotation_marker,unknown,Results: 'Multiple secretory cell subtypes in the proximal cartilaginous airways',"proximal secretory 1 (SCGB1A1LO, SCGB3A2+, SCGB3A1+)",exclude,Not in target_cell_scope; proximal secretory cells are out of scope.,True,9,1.0,True,True,pass
DOI_10.1016_j.cell.2022.11.005,A_exclude,proximal secretory 1,,human,SCGB3A2,SCGB3A2,exact,annotation_marker,positive,Results: 'Multiple secretory cell subtypes in the proximal cartilaginous airways',"proximal secretory 1 (SCGB1A1LO, SCGB3A2+, SCGB3A1+)",exclude,Not in target_cell_scope; proximal secretory cells are out of scope.,True,9,1.0,True,True,pass
DOI_10.1016_j.cell.2022.11.005,A_exclude,proximal secretory 1,,human,SCGB3A1,SCGB3A1,exact,annotation_marker,positive,Results: 'Multiple secretory cell subtypes in the proximal cartilaginous airways',"proximal secretory 1 (SCGB1A1LO, SCGB3A2+, SCGB3A1+)",exclude,Not in target_cell_scope; proximal secretory cells are out of scope.,True,9,1.0,True,True,pass
DOI_10.1016_j.cell.2022.11.005,A_exclude,proximal secretory 1,,human,SPDEF,SPDEF,exact,cluster_enriched,positive,Results: 'Multiple secretory cell subtypes in the proximal cartilaginous airways',"Both were SPDEF+, MUC5B+, SERPINA1+",exclude,Not in target_cell_scope; proximal secretory cells are out of scope.,True,9,1.0,True,True,pass
DOI_10.1016_j.cell.2022.11.005,A_exclude,proximal secretory 1,,human,MUC5B,MUC5B,exact,cluster_enriched,positive,Results: 'Multiple secretory cell subtypes in the proximal cartilaginous airways',"Both were SPDEF+, MUC5B+, SERPINA1+",exclude,Not in target_cell_scope; proximal secretory cells are out of scope.,True,9,1.0,True,True,pass
DOI_10.1016_j.cell.2022.11.005,A_exclude,proximal secretory 1,,human,SERPINA1,SERPINA1,exact,cluster_enriched,positive,Results: 'Multiple secretory cell subtypes in the proximal cartilaginous airways',"Both were SPDEF+, MUC5B+, SERPINA1+",exclude,Not in target_cell_scope; proximal secretory cells are out of scope.,True,9,1.0,True,True,pass
DOI_10.1016_j.cell.2022.11.005,A_exclude,proximal secretory 1,,human,MUC16,MUC16,exact,cluster_enriched,positive,Results: 'Multiple secretory cell subtypes in the proximal cartilaginous airways',The three proximal luminal proximal secretory cell populations ... were MUC16+,exclude,Not in target_cell_scope; proximal secretory cells are out of scope.,True,9,0.8571,True,True,pass
DOI_10.1016_j.cell.2022.11.005,A_exclude,proximal secretory 1,,human,MUC16,MUC16,exact,figure_labeled,unknown,Figure S3E legend,Proximal secretory 1 ... marked by SCGB3A1+/SCGB1A1low/-/MUC16low/-,exclude,Not in target_cell_scope; proximal secretory cells are out of scope.,True,9,1.0,True,True,duplicate_pool
DOI_10.1016_j.cell.2022.11.005,A_exclude,proximal secretory 2,,human,SCGB1A1,SCGB1A1,exact,annotation_marker,positive,Results: 'Multiple secretory cell subtypes in the proximal cartilaginous airways',"proximal secretory 2 (SCGB1A1+, SCGB3A2+, SCGB3A1+)",exclude,Not in target_cell_scope; proximal secretory cells are out of scope.,True,9,1.0,True,True,pass
DOI_10.1016_j.cell.2022.11.005,A_exclude,proximal secretory 2,,human,SCGB3A2,SCGB3A2,exact,annotation_marker,positive,Results: 'Multiple secretory cell subtypes in the proximal cartilaginous airways',"proximal secretory 2 (SCGB1A1+, SCGB3A2+, SCGB3A1+)",exclude,Not in target_cell_scope; proximal secretory cells are out of scope.,True,9,1.0,True,True,pass
DOI_10.1016_j.cell.2022.11.005,A_exclude,proximal secretory 2,,human,SCGB3A1,SCGB3A1,exact,annotation_marker,positive,Results: 'Multiple secretory cell subtypes in the proximal cartilaginous airways',"proximal secretory 2 (SCGB1A1+, SCGB3A2+, SCGB3A1+)",exclude,Not in target_cell_scope; proximal secretory cells are out of scope.,True,9,1.0,True,True,pass
DOI_10.1016_j.cell.2022.11.005,A_exclude,proximal secretory 2,,human,SPDEF,SPDEF,exact,cluster_enriched,positive,Results: 'Multiple secretory cell subtypes in the proximal cartilaginous airways',"Both were SPDEF+, MUC5B+, SERPINA1+",exclude,Not in target_cell_scope; proximal secretory cells are out of scope.,True,9,1.0,True,True,pass
DOI_10.1016_j.cell.2022.11.005,A_exclude,proximal secretory 2,,human,MUC5B,MUC5B,exact,cluster_enriched,positive,Results: 'Multiple secretory cell subtypes in the proximal cartilaginous airways',"Both were SPDEF+, MUC5B+, SERPINA1+",exclude,Not in target_cell_scope; proximal secretory cells are out of scope.,True,9,1.0,True,True,pass
DOI_10.1016_j.cell.2022.11.005,A_exclude,proximal secretory 2,,human,SERPINA1,SERPINA1,exact,cluster_enriched,positive,Results: 'Multiple secretory cell subtypes in the proximal cartilaginous airways',"Both were SPDEF+, MUC5B+, SERPINA1+",exclude,Not in target_cell_scope; proximal secretory cells are out of scope.,True,9,1.0,True,True,pass
DOI_10.1016_j.cell.2022.11.005,A_exclude,proximal secretory 2,,human,MUC16,MUC16,exact,cluster_enriched,positive,Results: 'Multiple secretory cell subtypes in the proximal cartilaginous airways',The three proximal luminal proximal secretory cell populations ... were MUC16+,exclude,Not in target_cell_scope; proximal secretory cells are out of scope.,True,9,0.8571,True,True,pass
DOI_10.1016_j.cell.2022.11.005,A_exclude,proximal secretory 2,,human,MUC16,MUC16,exact,figure_labeled,unknown,Figure S3F legend,Proximal secretory 2 ... marked by SCGB3A2+/SCGB1A1+/MUC16low/+,exclude,Not in target_cell_scope; proximal secretory cells are out of scope.,True,9,1.0,True,True,duplicate_pool
DOI_10.1016_j.cell.2022.11.005,A_exclude,proximal secretory 3,,human,SCGB1A1,SCGB1A1,exact,annotation_marker,positive,Results: 'Multiple secretory cell subtypes in the proximal cartilaginous airways',"proximal secretory 3 (SCGB1A1+, SCGB3A2LO/-, SCGB3A1+)",exclude,Not in target_cell_scope; proximal secretory cells are out of scope.,True,9,1.0,True,True,pass
DOI_10.1016_j.cell.2022.11.005,A_exclude,proximal secretory 3,,human,SCGB3A2,SCGB3A2,exact,annotation_marker,unknown,Results: 'Multiple secretory cell subtypes in the proximal cartilaginous airways',"proximal secretory 3 (SCGB1A1+, SCGB3A2LO/-, SCGB3A1+)",exclude,Not in target_cell_scope; proximal secretory cells are out of scope.,True,9,1.0,True,True,pass
DOI_10.1016_j.cell.2022.11.005,A_exclude,proximal secretory 3,,human,SCGB3A1,SCGB3A1,exact,annotation_marker,positive,Results: 'Multiple secretory cell subtypes in the proximal cartilaginous airways',"proximal secretory 3 (SCGB1A1+, SCGB3A2LO/-, SCGB3A1+)",exclude,Not in target_cell_scope; proximal secretory cells are out of scope.,True,9,1.0,True,True,pass
DOI_10.1016_j.cell.2022.11.005,A_exclude,proximal secretory 3,,human,SPDEF,SPDEF,exact,annotation_marker,unknown,Results: 'Multiple secretory cell subtypes in the proximal cartilaginous airways',proximal secretory 3 was detected from 15 pcw and was SPDEF-,exclude,Not in target_cell_scope; proximal secretory cells are out of scope.,True,9,1.0,True,True,pass
DOI_10.1016_j.cell.2022.11.005,A_exclude,proximal secretory 3,,human,CYP2F1,CYP2F1,exact,annotation_marker,positive,Results: 'Multiple secretory cell subtypes in the proximal cartilaginous airways',"CYP2F1+, MUC4+, and KRT4+",exclude,Not in target_cell_scope; proximal secretory cells are out of scope.,True,9,1.0,True,True,pass
DOI_10.1016_j.cell.2022.11.005,A_exclude,proximal secretory 3,,human,MUC4,MUC4,exact,annotation_marker,positive,Results: 'Multiple secretory cell subtypes in the proximal cartilaginous airways',"CYP2F1+, MUC4+, and KRT4+",exclude,Not in target_cell_scope; proximal secretory cells are out of scope.,True,9,1.0,True,True,pass
DOI_10.1016_j.cell.2022.11.005,A_exclude,proximal secretory 3,,human,KRT4,KRT4,exact,annotation_marker,positive,Results: 'Multiple secretory cell subtypes in the proximal cartilaginous airways',"CYP2F1+, MUC4+, and KRT4+",exclude,Not in target_cell_scope; proximal secretory cells are out of scope.,True,9,1.0,True,True,pass
DOI_10.1016_j.cell.2022.11.005,A_exclude,proximal secretory 3,,human,MUC16,MUC16,exact,cluster_enriched,positive,Results: 'Multiple secretory cell subtypes in the proximal cartilaginous airways',The three proximal luminal proximal secretory cell populations ... were MUC16+,exclude,Not in target_cell_scope; proximal secretory cells are out of scope.,True,9,0.8571,True,True,pass
DOI_10.1016_j.cell.2022.11.005,A_exclude,ciliated cell,,human,FOXJ1,FOXJ1,exact,annotation_marker,positive,Results: 'Other airway cells',"We detected ciliated cells (FOXJ1+, ALOX15+)",exclude,Not in target_cell_scope; ciliated cells are out of scope.,True,9,1.0,True,True,pass
DOI_10.1016_j.cell.2022.11.005,A_exclude,ciliated cell,,human,ALOX15,ALOX15,exact,annotation_marker,positive,Results: 'Other airway cells',"We detected ciliated cells (FOXJ1+, ALOX15+)",exclude,Not in target_cell_scope; ciliated cells are out of scope.,True,9,1.0,True,True,pass
DOI_10.1016_j.cell.2022.11.005,A_exclude,deuterosomal cell,,human,FOXJ1,FOXJ1,exact,annotation_marker,positive,Results: 'Other airway cells',"Rarer deuterosomal cells (FOXJ1+, CDC20B+)",exclude,Not in target_cell_scope; deuterosomal cells are out of scope.,True,9,0.72,True,True,pass
DOI_10.1016_j.cell.2022.11.005,A_exclude,deuterosomal cell,,human,CDC20B,CDC20B,exact,annotation_marker,positive,Results: 'Other airway cells',"Rarer deuterosomal cells (FOXJ1+, CDC20B+)",exclude,Not in target_cell_scope; deuterosomal cells are out of scope.,True,9,0.72,True,True,pass
DOI_10.1016_j.cell.2022.11.005,A_exclude,MUC16+ ciliated cell,,human,FOXJ1,FOXJ1,exact,annotation_marker,positive,Results: 'Other airway cells',"MUC16+ ciliated cells (FOXJ1+, DNAH+, MUC16LO)",exclude,Not in target_cell_scope; MUC16+ ciliated cells are out of scope.,True,9,1.0,True,True,pass
DOI_10.1016_j.cell.2022.11.005,A_exclude,MUC16+ ciliated cell,,human,DNAH,DNAH,ambiguous,annotation_marker,positive,Results: 'Other airway cells',"MUC16+ ciliated cells (FOXJ1+, DNAH+, MUC16LO)",exclude,Not in target_cell_scope; DNAH is an ambiguous gene family and out of scope.,True,9,1.0,True,True,fail_symbol
DOI_10.1016_j.cell.2022.11.005,A_exclude,MUC16+ ciliated cell,,human,MUC16,MUC16,exact,annotation_marker,positive,Results: 'Other airway cells',"MUC16+ ciliated cells (FOXJ1+, DNAH+, MUC16LO)",exclude,Not in target_cell_scope; MUC16+ ciliated cells are out of scope.,True,9,1.0,True,True,pass
DOI_10.1016_j.cell.2022.11.005,A_exclude,basal cell,,human,TP63,TP63,exact,annotation_marker,positive,Results: 'Other airway cells',"Basal cells (TP63+, F3+)",exclude,Not in target_cell_scope; basal cells are out of scope.,True,9,1.0,True,True,pass
DOI_10.1016_j.cell.2022.11.005,A_exclude,basal cell,,human,F3,F3,exact,annotation_marker,positive,Results: 'Other airway cells',"Basal cells (TP63+, F3+)",exclude,Not in target_cell_scope; basal cells are out of scope.,True,9,1.0,True,True,pass
DOI_10.1016_j.cell.2022.11.005,A_exclude,basal cell,,human,DeltaNTP63,TP63,alias_resolved,cluster_enriched,positive,Results: 'Transcriptional control of neuroendocrine cell subtype formation',"basal cell-specific TFs DeltaNTP63, TFAP2A, PAX9",exclude,Not in target_cell_scope; basal cells are out of scope.,True,9,0.72,True,True,pass
DOI_10.1016_j.cell.2022.11.005,A_exclude,basal cell,,human,TFAP2A,TFAP2A,exact,cluster_enriched,positive,Results: 'Transcriptional control of neuroendocrine cell subtype formation',"basal cell-specific TFs DeltaNTP63, TFAP2A, PAX9",exclude,Not in target_cell_scope; basal cells are out of scope.,False,9,0.6667,False,True,fail_citation
DOI_10.1016_j.cell.2022.11.005,A_exclude,basal cell,,human,PAX9,PAX9,exact,cluster_enriched,positive,Results: 'Transcriptional control of neuroendocrine cell subtype formation',"basal cell-specific TFs DeltaNTP63, TFAP2A, PAX9",exclude,Not in target_cell_scope; basal cells are out of scope.,False,9,0.6667,False,True,fail_citation
DOI_10.1016_j.cell.2022.11.005,A_exclude,putative ionocyte,,human,FOXI1,FOXI1,exact,annotation_marker,positive,Results: 'Other airway cells',putative ionocytes (FOXI1+; 4/4 lungs),exclude,Not in target_cell_scope; ionocytes are out of scope.,True,9,1.0,True,True,pass
DOI_10.1016_j.cell.2022.11.005,A_exclude,putative tuft cell,,human,POU2F3,POU2F3,exact,annotation_marker,positive,Results: 'Other airway cells',putative tuft cells (POU2F3+;2/4 lungs),exclude,Not in target_cell_scope; tuft cells are out of scope.,True,9,1.0,True,True,pass
DOI_10.1016_j.cell.2022.11.005,A_exclude,MUC5AC+ ASCL1+ cell,,human,MUC5AC,MUC5AC,exact,annotation_marker,positive,Results: 'Other airway cells',"a small population of MUC5AC+, ASCL1+ cells",exclude,Not in target_cell_scope; MUC5AC+ASCL1+ progenitor is out of scope.,True,9,1.0,True,True,pass
DOI_10.1016_j.cell.2022.11.005,A_exclude,MUC5AC+ ASCL1+ cell,,human,ASCL1,ASCL1,exact,annotation_marker,positive,Results: 'Other airway cells',"a small population of MUC5AC+, ASCL1+ cells",exclude,"Not in target_cell_scope; MUC5AC+ASCL1+ progenitor is out of scope, though ASCL1 is included for pulmonary NE separately.",True,9,1.0,True,True,pass
DOI_10.1016_j.cell.2022.11.005,A_exclude,AT2 cell,,human,SFTPC,SFTPC,exact,author_declared,positive,Results: 'Late epithelial tip cells acquire alveolar identity...',AT2 markers SFTPC and SFTPA were detected readily in late-tip cells,exclude,Not in target_cell_scope; AT2 cells are out of scope.,True,9,0.75,True,True,pass
DOI_10.1016_j.cell.2022.11.005,A_exclude,AT2 cell,,human,SFTPA,SFTPA,ambiguous,author_declared,positive,Results: 'Late epithelial tip cells acquire alveolar identity...',AT2 markers SFTPC and SFTPA were detected readily in late-tip cells,exclude,Not in target_cell_scope; SFTPA is an ambiguous family symbol and out of scope.,True,9,0.72,True,True,fail_symbol
DOI_10.1016_j.cell.2022.11.005,A_exclude,AT2 cell,,human,NASPA,NAPSA,alias_resolved,annotation_marker,positive,Results: 'Late epithelial tip cells acquire alveolar identity...',"AT2 cells (SOX9-, SFTPC+, NASPA+, ETV5+)",exclude,Not in target_cell_scope; AT2 cells are out of scope.,True,9,1.0,True,True,pass
DOI_10.1016_j.cell.2022.11.005,A_exclude,AT2 cell,,human,ETV5,ETV5,exact,annotation_marker,positive,Results: 'Late epithelial tip cells acquire alveolar identity...',"AT2 cells (SOX9-, SFTPC+, NASPA+, ETV5+)",exclude,Not in target_cell_scope; AT2 cells are out of scope.,True,9,1.0,True,True,pass
DOI_10.1016_j.cell.2022.11.005,A_exclude,AT2 cell,,human,SOX9,SOX9,exact,annotation_marker,unknown,Results: 'Late epithelial tip cells acquire alveolar identity...',"AT2 cells (SOX9-, SFTPC+, NASPA+, ETV5+)",exclude,Not in target_cell_scope; AT2 cells are out of scope.,True,9,1.0,True,True,pass
DOI_10.1016_j.cell.2022.11.005,A_exclude,AT1 cell,,human,SPOCK2,SPOCK2,exact,annotation_marker,positive,Results: 'Late epithelial tip cells acquire alveolar identity...',"AT1 cells (SPOCK2+, SFTPC-)",exclude,Not in target_cell_scope; AT1 cells are out of scope.,True,9,1.0,True,True,pass
DOI_10.1016_j.cell.2022.11.005,A_exclude,AT1 cell,,human,SFTPC,SFTPC,exact,annotation_marker,unknown,Results: 'Late epithelial tip cells acquire alveolar identity...',"AT1 cells (SPOCK2+, SFTPC-)",exclude,Not in target_cell_scope; AT1 cells are out of scope.,True,9,1.0,True,True,pass
DOI_10.1016_j.cell.2022.11.005,A_exclude,AT1 cell,,human,MMP28,MMP28,exact,figure_labeled,positive,Fig. 3I legend,fetal AT1 SFTPC-/MMP28+/SPOCK2+,exclude,Not in target_cell_scope; AT1 cells are out of scope.,True,9,1.0,True,True,pass
DOI_10.1016_j.cell.2022.11.005,A_exclude,early capillary endothelial cell,early Cap,human,THY1,THY1,exact,annotation_marker,positive,Results: 'Lung endothelial cells exhibit early specialization...',"capillary (early Cap: THY1+, CD24+)",exclude,Not in target_cell_scope; endothelial cells are out of scope.,True,9,1.0,True,True,pass
DOI_10.1016_j.cell.2022.11.005,A_exclude,early capillary endothelial cell,early Cap,human,CD24,CD24,exact,annotation_marker,positive,Results: 'Lung endothelial cells exhibit early specialization...',"capillary (early Cap: THY1+, CD24+)",exclude,Not in target_cell_scope; endothelial cells are out of scope.,True,9,1.0,True,True,pass
DOI_10.1016_j.cell.2022.11.005,A_exclude,GRIA2+ arterial endothelial cell,,human,GRIA2,GRIA2,exact,annotation_marker,positive,Results: 'Lung endothelial cells exhibit early specialization...',"GRIA2+ arterial (GRIA2+, GJA5+)",exclude,Not in target_cell_scope; endothelial cells are out of scope.,True,9,1.0,True,True,pass
DOI_10.1016_j.cell.2022.11.005,A_exclude,GRIA2+ arterial endothelial cell,,human,GJA5,GJA5,exact,annotation_marker,positive,Results: 'Lung endothelial cells exhibit early specialization...',"GRIA2+ arterial (GRIA2+, GJA5+)",exclude,Not in target_cell_scope; endothelial cells are out of scope.,True,9,1.0,True,True,pass
DOI_10.1016_j.cell.2022.11.005,A_exclude,arterial endothelial cell,,human,DKK2,DKK2,exact,annotation_marker,positive,Results: 'Lung endothelial cells exhibit early specialization...',"arterial ECs (DKK2+, SSUH2+)",exclude,Not in target_cell_scope; endothelial cells are out of scope.,True,9,1.0,True,True,pass
DOI_10.1016_j.cell.2022.11.005,A_exclude,arterial endothelial cell,,human,SSUH2,SSUH2,exact,annotation_marker,positive,Results: 'Lung endothelial cells exhibit early specialization...',"arterial ECs (DKK2+, SSUH2+)",exclude,Not in target_cell_scope; endothelial cells are out of scope.,True,9,1.0,True,True,pass
DOI_10.1016_j.cell.2022.11.005,A_exclude,OMD+ endothelial cell,,human,GJA5,GJA5,exact,annotation_marker,positive,Results: 'Lung endothelial cells exhibit early specialization...',"OMD+ ECs (GJA5+, DKK2+, PTGIS+, and OMD+)",exclude,Not in target_cell_scope; endothelial cells are out of scope.,True,9,1.0,True,True,pass
DOI_10.1016_j.cell.2022.11.005,A_exclude,OMD+ endothelial cell,,human,DKK2,DKK2,exact,annotation_marker,positive,Results: 'Lung endothelial cells exhibit early specialization...',"OMD+ ECs (GJA5+, DKK2+, PTGIS+, and OMD+)",exclude,Not in target_cell_scope; endothelial cells are out of scope.,True,9,1.0,True,True,pass
DOI_10.1016_j.cell.2022.11.005,A_exclude,OMD+ endothelial cell,,human,PTGIS,PTGIS,exact,annotation_marker,positive,Results: 'Lung endothelial cells exhibit early specialization...',"OMD+ ECs (GJA5+, DKK2+, PTGIS+, and OMD+)",exclude,Not in target_cell_scope; endothelial cells are out of scope.,True,9,1.0,True,True,pass
DOI_10.1016_j.cell.2022.11.005,A_exclude,OMD+ endothelial cell,,human,OMD,OMD,exact,annotation_marker,positive,Results: 'Lung endothelial cells exhibit early specialization...',"OMD+ ECs (GJA5+, DKK2+, PTGIS+, and OMD+)",exclude,Not in target_cell_scope; endothelial cells are out of scope.,True,9,1.0,True,True,pass
DOI_10.1016_j.cell.2022.11.005,A_exclude,venous endothelial cell,,human,PVLAP,PLVAP,alias_resolved,annotation_marker,positive,Results: 'Lung endothelial cells exhibit early specialization...',"venous ECs (PVLAP+, ACKR3+, and HDAC9+)",exclude,Not in target_cell_scope; endothelial cells are out of scope.,True,9,1.0,True,True,pass
DOI_10.1016_j.cell.2022.11.005,A_exclude,venous endothelial cell,,human,ACKR3,ACKR3,exact,annotation_marker,positive,Results: 'Lung endothelial cells exhibit early specialization...',"venous ECs (PVLAP+, ACKR3+, and HDAC9+)",exclude,Not in target_cell_scope; endothelial cells are out of scope.,True,9,1.0,True,True,pass
DOI_10.1016_j.cell.2022.11.005,A_exclude,venous endothelial cell,,human,HDAC9,HDAC9,exact,annotation_marker,positive,Results: 'Lung endothelial cells exhibit early specialization...',"venous ECs (PVLAP+, ACKR3+, and HDAC9+)",exclude,Not in target_cell_scope; endothelial cells are out of scope.,True,9,1.0,True,True,pass
DOI_10.1016_j.cell.2022.11.005,A_exclude,lymphatic endothelial cell,,human,PROX1,PROX1,exact,annotation_marker,positive,Results: 'Lung endothelial cells exhibit early specialization...',"lymphatic ECs (PROX1+, STAB1+, and UCP2LO)",exclude,Not in target_cell_scope; endothelial cells are out of scope. PROX1 is included separately as pan-NE marker.,True,9,1.0,True,True,pass
DOI_10.1016_j.cell.2022.11.005,A_exclude,lymphatic endothelial cell,,human,STAB1,STAB1,exact,annotation_marker,positive,Results: 'Lung endothelial cells exhibit early specialization...',"lymphatic ECs (PROX1+, STAB1+, and UCP2LO)",exclude,Not in target_cell_scope; endothelial cells are out of scope.,True,9,1.0,True,True,pass
DOI_10.1016_j.cell.2022.11.005,A_exclude,lymphatic endothelial cell,,human,UCP2,UCP2,exact,annotation_marker,unknown,Results: 'Lung endothelial cells exhibit early specialization...',"lymphatic ECs (PROX1+, STAB1+, and UCP2LO)",exclude,Not in target_cell_scope; endothelial cells are out of scope.,True,9,0.72,True,True,pass
DOI_10.1016_j.cell.2022.11.005,A_exclude,SCG3+ lymphatic endothelial cell,,human,PROX1,PROX1,exact,annotation_marker,positive,Results: 'Lung endothelial cells exhibit early specialization...',"SCG3+ lymphatic ECs (PROX1+, SCG3+)",exclude,Not in target_cell_scope; endothelial cells are out of scope.,True,9,1.0,True,True,pass
DOI_10.1016_j.cell.2022.11.005,A_exclude,SCG3+ lymphatic endothelial cell,,human,SCG3,SCG3,exact,annotation_marker,positive,Results: 'Lung endothelial cells exhibit early specialization...',"SCG3+ lymphatic ECs (PROX1+, SCG3+)",exclude,Not in target_cell_scope; endothelial cells are out of scope.,True,9,1.0,True,True,pass
DOI_10.1016_j.cell.2022.11.005,A_exclude,aerocyte,,human,CA4,CA4,exact,annotation_marker,unknown,Results: 'Lung endothelial cells exhibit early specialization...',"Aerocytes (CA4LO, S100A3+)",exclude,Not in target_cell_scope; endothelial cells are out of scope.,True,9,1.0,True,True,pass
DOI_10.1016_j.cell.2022.11.005,A_exclude,aerocyte,,human,S100A3,S100A3,exact,annotation_marker,positive,Results: 'Lung endothelial cells exhibit early specialization...',"Aerocytes (CA4LO, S100A3+)",exclude,Not in target_cell_scope; endothelial cells are out of scope.,True,9,1.0,True,True,pass
DOI_10.1016_j.cell.2022.11.005,A_exclude,vascular smooth muscle cell,vSMC1,human,NTRK3,NTRK3,exact,annotation_marker,positive,Results: 'Developmental trajectories of mesenchymal cells',"vSMC1 (NTRK3+, NTN4+, and PLN-)",exclude,Not in target_cell_scope; vascular smooth muscle is out of scope.,True,9,1.0,True,True,pass
DOI_10.1016_j.cell.2022.11.005,A_exclude,vascular smooth muscle cell,vSMC1,human,NTN4,NTN4,exact,annotation_marker,positive,Results: 'Developmental trajectories of mesenchymal cells',"vSMC1 (NTRK3+, NTN4+, and PLN-)",exclude,Not in target_cell_scope; vascular smooth muscle is out of scope.,True,9,1.0,True,True,pass
DOI_10.1016_j.cell.2022.11.005,A_exclude,vascular smooth muscle cell,vSMC1,human,PLN,PLN,exact,annotation_marker,unknown,Results: 'Developmental trajectories of mesenchymal cells',"vSMC1 (NTRK3+, NTN4+, and PLN-)",exclude,Not in target_cell_scope; vascular smooth muscle is out of scope.,True,9,1.0,True,True,pass
DOI_10.1016_j.cell.2022.11.005,A_exclude,vascular smooth muscle cell,vSMC2,human,NTRK3,NTRK3,exact,annotation_marker,positive,Results: 'Developmental trajectories of mesenchymal cells',"vSMC2 (NTRK3+, NTN4+, and PLN+)",exclude,Not in target_cell_scope; vascular smooth muscle is out of scope.,True,9,1.0,True,True,duplicate_pool
DOI_10.1016_j.cell.2022.11.005,A_exclude,vascular smooth muscle cell,vSMC2,human,NTN4,NTN4,exact,annotation_marker,positive,Results: 'Developmental trajectories of mesenchymal cells',"vSMC2 (NTRK3+, NTN4+, and PLN+)",exclude,Not in target_cell_scope; vascular smooth muscle is out of scope.,True,9,1.0,True,True,duplicate_pool
DOI_10.1016_j.cell.2022.11.005,A_exclude,vascular smooth muscle cell,vSMC2,human,PLN,PLN,exact,annotation_marker,positive,Results: 'Developmental trajectories of mesenchymal cells',"vSMC2 (NTRK3+, NTN4+, and PLN+)",exclude,Not in target_cell_scope; vascular smooth muscle is out of scope.,True,9,1.0,True,True,duplicate_pool
DOI_10.1016_j.cell.2022.11.005,A_exclude,pericyte,,human,FAM162B,FAM162B,exact,annotation_marker,positive,Results: 'Developmental trajectories of mesenchymal cells',Pericytes (FAM162B+),exclude,Not in target_cell_scope; pericytes are out of scope.,True,9,1.0,True,True,pass
DOI_10.1016_j.cell.2022.11.005,A_exclude,early fibroblast,,human,SFRP2,SFRP2,exact,annotation_marker,positive,Results: 'Developmental trajectories of mesenchymal cells',"early fibroblasts (SFRP2+, WNT2+)",exclude,Not in target_cell_scope; fibroblasts are out of scope.,True,9,1.0,True,True,pass
DOI_10.1016_j.cell.2022.11.005,A_exclude,early fibroblast,,human,WNT2,WNT2,exact,annotation_marker,positive,Results: 'Developmental trajectories of mesenchymal cells',"early fibroblasts (SFRP2+, WNT2+)",exclude,Not in target_cell_scope; fibroblasts are out of scope.,True,9,1.0,True,True,pass
DOI_10.1016_j.cell.2022.11.005,A_exclude,mid fibroblast,,human,WNT2,WNT2,exact,annotation_marker,positive,Results: 'Developmental trajectories of mesenchymal cells',"mid fibroblasts (WNT2+, FGFR4LO)",exclude,Not in target_cell_scope; fibroblasts are out of scope.,True,9,1.0,True,True,pass
DOI_10.1016_j.cell.2022.11.005,A_exclude,mid fibroblast,,human,FGFR4,FGFR4,exact,annotation_marker,unknown,Results: 'Developmental trajectories of mesenchymal cells',"mid fibroblasts (WNT2+, FGFR4LO)",exclude,Not in target_cell_scope; fibroblasts are out of scope.,True,9,1.0,True,True,pass
DOI_10.1016_j.cell.2022.11.005,A_exclude,adventitial fibroblast,,human,SFRP2,SFRP2,exact,annotation_marker,positive,Results: 'Developmental trajectories of mesenchymal cells',"adventitial (SFRP2+, PI16+)",exclude,Not in target_cell_scope; fibroblasts are out of scope.,True,9,1.0,True,True,pass
DOI_10.1016_j.cell.2022.11.005,A_exclude,adventitial fibroblast,,human,PI16,PI16,exact,annotation_marker,positive,Results: 'Developmental trajectories of mesenchymal cells',"adventitial (SFRP2+, PI16+)",exclude,Not in target_cell_scope; fibroblasts are out of scope.,True,9,1.0,True,True,pass
DOI_10.1016_j.cell.2022.11.005,A_exclude,airway fibroblast,,human,AGTR2,AGTR2,exact,annotation_marker,positive,Results: 'Developmental trajectories of mesenchymal cells',"airway (AGTR2+, S100A4+)",exclude,Not in target_cell_scope; fibroblasts are out of scope.,True,9,1.0,True,True,pass
DOI_10.1016_j.cell.2022.11.005,A_exclude,airway fibroblast,,human,S100A4,S100A4,exact,annotation_marker,positive,Results: 'Developmental trajectories of mesenchymal cells',"airway (AGTR2+, S100A4+)",exclude,Not in target_cell_scope; fibroblasts are out of scope.,True,9,1.0,True,True,pass
DOI_10.1016_j.cell.2022.11.005,A_exclude,alveolar fibroblast,,human,WNT2,WNT2,exact,annotation_marker,positive,Results: 'Developmental trajectories of mesenchymal cells',"alveolar (WNT2+, FGFR4+)",exclude,Not in target_cell_scope; fibroblasts are out of scope.,True,9,1.0,True,True,pass
DOI_10.1016_j.cell.2022.11.005,A_exclude,alveolar fibroblast,,human,FGFR4,FGFR4,exact,annotation_marker,positive,Results: 'Developmental trajectories of mesenchymal cells',"alveolar (WNT2+, FGFR4+)",exclude,Not in target_cell_scope; fibroblasts are out of scope.,True,9,1.0,True,True,pass
DOI_10.1016_j.cell.2022.11.005,A_exclude,myofibroblast,,human,CXCL14,CXCL14,exact,annotation_marker,positive,Results: 'Developmental trajectories of mesenchymal cells',"myofibroblasts (CXCL14+, KCNK17+) were visualized surrounding the developing stalk region",exclude,Not in target_cell_scope; myofibroblasts are out of scope.,True,9,1.0,True,True,pass
DOI_10.1016_j.cell.2022.11.005,A_exclude,myofibroblast,,human,KCNK17,KCNK17,exact,annotation_marker,positive,Results: 'Developmental trajectories of mesenchymal cells',"myofibroblasts (CXCL14+, KCNK17+) were visualized surrounding the developing stalk region",exclude,Not in target_cell_scope; myofibroblasts are out of scope.,True,9,1.0,True,True,pass
DOI_10.1016_j.cell.2022.11.005,A_exclude,myofibroblast,,human,NOTUM,NOTUM,exact,cluster_enriched,positive,"Discussion, p.4856; Figure S7O",a population of myofibroblasts ... expresses high levels of NOTUM,exclude,Not in target_cell_scope; myofibroblasts are out of scope.,True,9,0.8333,True,True,pass
DOI_10.1016_j.cell.2022.11.005,A_exclude,myofibroblast,myofibroblast 1,human,CXCL14,CXCL14,exact,annotation_marker,positive,Results: 'Developmental trajectories of mesenchymal cells',"Myofibroblast1 (CXCL14+, KCNK17+, CT45A3+, and THBDLO)",exclude,Not in target_cell_scope; myofibroblasts are out of scope.,True,9,1.0,True,True,duplicate_pool
DOI_10.1016_j.cell.2022.11.005,A_exclude,myofibroblast,myofibroblast 1,human,KCNK17,KCNK17,exact,annotation_marker,positive,Results: 'Developmental trajectories of mesenchymal cells',"Myofibroblast1 (CXCL14+, KCNK17+, CT45A3+, and THBDLO)",exclude,Not in target_cell_scope; myofibroblasts are out of scope.,True,9,1.0,True,True,duplicate_pool
DOI_10.1016_j.cell.2022.11.005,A_exclude,myofibroblast,myofibroblast 1,human,CT45A3,CT45A3,exact,annotation_marker,positive,Results: 'Developmental trajectories of mesenchymal cells',"Myofibroblast1 (CXCL14+, KCNK17+, CT45A3+, and THBDLO)",exclude,Not in target_cell_scope; myofibroblasts are out of scope.,True,9,1.0,True,True,pass
DOI_10.1016_j.cell.2022.11.005,A_exclude,myofibroblast,myofibroblast 1,human,THBD,THBD,exact,annotation_marker,unknown,Results: 'Developmental trajectories of mesenchymal cells',"Myofibroblast1 (CXCL14+, KCNK17+, CT45A3+, and THBDLO)",exclude,Not in target_cell_scope; myofibroblasts are out of scope.,True,9,1.0,True,True,pass
DOI_10.1016_j.cell.2022.11.005,A_exclude,myofibroblast,myofibroblast 2,human,CXCL14,CXCL14,exact,annotation_marker,positive,Results: 'Developmental trajectories of mesenchymal cells',"Myofibroblast 2 (CXCL14+, KCNK17+, CT45A3+, and THBDHI)",exclude,Not in target_cell_scope; myofibroblasts are out of scope.,True,9,1.0,True,True,duplicate_pool
DOI_10.1016_j.cell.2022.11.005,A_exclude,myofibroblast,myofibroblast 2,human,KCNK17,KCNK17,exact,annotation_marker,positive,Results: 'Developmental trajectories of mesenchymal cells',"Myofibroblast 2 (CXCL14+, KCNK17+, CT45A3+, and THBDHI)",exclude,Not in target_cell_scope; myofibroblasts are out of scope.,True,9,1.0,True,True,duplicate_pool
DOI_10.1016_j.cell.2022.11.005,A_exclude,myofibroblast,myofibroblast 2,human,CT45A3,CT45A3,exact,annotation_marker,positive,Results: 'Developmental trajectories of mesenchymal cells',"Myofibroblast 2 (CXCL14+, KCNK17+, CT45A3+, and THBDHI)",exclude,Not in target_cell_scope; myofibroblasts are out of scope.,True,9,1.0,True,True,duplicate_pool
DOI_10.1016_j.cell.2022.11.005,A_exclude,myofibroblast,myofibroblast 2,human,THBD,THBD,exact,annotation_marker,positive,Results: 'Developmental trajectories of mesenchymal cells',"Myofibroblast 2 (CXCL14+, KCNK17+, CT45A3+, and THBDHI)",exclude,Not in target_cell_scope; myofibroblasts are out of scope.,True,9,1.0,True,True,duplicate_pool
DOI_10.1016_j.cell.2022.11.005,A_exclude,myofibroblast,myofibroblast 2,human,PDGFRA,PDGFRA,exact,annotation_marker,positive,Results: 'Developmental trajectories of mesenchymal cells',"myofibroblast2 (PDGFRA+, THBDHI, and NOTUM+)",exclude,Not in target_cell_scope; myofibroblasts are out of scope.,True,9,0.75,True,True,pass
DOI_10.1016_j.cell.2022.11.005,A_exclude,myofibroblast,myofibroblast 2,human,NOTUM,NOTUM,exact,annotation_marker,positive,Results: 'Developmental trajectories of mesenchymal cells',"myofibroblast2 (PDGFRA+, THBDHI, and NOTUM+)",exclude,Not in target_cell_scope; myofibroblasts are out of scope.,True,9,0.75,True,True,duplicate_pool
DOI_10.1016_j.cell.2022.11.005,A_exclude,myofibroblast,myofibroblast 3,human,CXCL14,CXCL14,exact,annotation_marker,positive,Results: 'Developmental trajectories of mesenchymal cells',"myofibroblast 3 (CXCL14+, KCNK17+, CT45A3-, and THBD-)",exclude,Not in target_cell_scope; myofibroblasts are out of scope.,True,9,1.0,True,True,duplicate_pool
DOI_10.1016_j.cell.2022.11.005,A_exclude,myofibroblast,myofibroblast 3,human,KCNK17,KCNK17,exact,annotation_marker,positive,Results: 'Developmental trajectories of mesenchymal cells',"myofibroblast 3 (CXCL14+, KCNK17+, CT45A3-, and THBD-)",exclude,Not in target_cell_scope; myofibroblasts are out of scope.,True,9,1.0,True,True,duplicate_pool
DOI_10.1016_j.cell.2022.11.005,A_exclude,myofibroblast,myofibroblast 3,human,CT45A3,CT45A3,exact,annotation_marker,unknown,Results: 'Developmental trajectories of mesenchymal cells',"myofibroblast 3 (CXCL14+, KCNK17+, CT45A3-, and THBD-)",exclude,Not in target_cell_scope; myofibroblasts are out of scope.,True,9,1.0,True,True,duplicate_pool
DOI_10.1016_j.cell.2022.11.005,A_exclude,myofibroblast,myofibroblast 3,human,THBD,THBD,exact,annotation_marker,unknown,Results: 'Developmental trajectories of mesenchymal cells',"myofibroblast 3 (CXCL14+, KCNK17+, CT45A3-, and THBD-)",exclude,Not in target_cell_scope; myofibroblasts are out of scope.,True,9,1.0,True,True,duplicate_pool
DOI_10.1016_j.cell.2022.11.005,A_exclude,HMOX1+ erythroblast,,human,HMOX1,HMOX1,exact,annotation_marker,positive,Results: 'Hematopoietic cell types in the developing lung',HMOX1+ erythroblasts,exclude,Not in target_cell_scope; erythroblasts are out of scope.,True,9,1.0,True,True,pass
DOI_10.1016_j.cell.2022.11.005,A_exclude,SCLC subtype,NEUROD1+,human,NEUROD1,NEUROD1,exact,reference_imported,positive,"Discussion, p.4856",GHRL+ NE cells are transcriptionally similar to the NEUROD1+ N subtype of SCLC,exclude,"SCLC subtype is not a developmental lung cell in target_cell_scope; gene imported from SCLC literature, not a marker of target cells here.",True,9,0.875,True,True,pass
DOI_10.1016_j.cell.2022.11.005,A_exclude,distal airway cell,SCGB3A2+,human,SCGB3A2,SCGB3A2,exact,annotation_marker,positive,"STAR Methods, Method details",Isolation and airway differentiation of SCGB3A2+ distal and proximal airway cells,exclude,Not in target_cell_scope; airway epithelial cells are out of scope.,True,9,1.0,True,True,pass
DOI_10.1016_j.cell.2022.11.005,A_exclude,proximal airway cell,SCGB3A2+,human,SCGB3A2,SCGB3A2,exact,annotation_marker,positive,"STAR Methods, Method details",Isolation and airway differentiation of SCGB3A2+ distal and proximal airway cells,exclude,Not in target_cell_scope; airway epithelial cells are out of scope.,True,9,1.0,True,True,pass
DOI_10.1016_j.cell.2022.11.005,A_exclude,cardiomyocytes (contaminant),,human,ACTN2,ACTN2,exact,annotation_marker,positive,"STAR Methods, Single-cell RNA-seq processing and cell type annotation",These were cardiomyocytes (ACTN2+ MYH6+),exclude,Contaminant/other-organ cells not in target_cell_scope.,True,9,0.72,True,True,pass
DOI_10.1016_j.cell.2022.11.005,A_exclude,cardiomyocytes (contaminant),,human,MYH6,MYH6,exact,annotation_marker,positive,"STAR Methods, Single-cell RNA-seq processing and cell type annotation",These were cardiomyocytes (ACTN2+ MYH6+),exclude,Contaminant/other-organ cells not in target_cell_scope.,True,9,0.72,True,True,pass
DOI_10.1016_j.cell.2022.11.005,A_exclude,esophagus epithelial cells (contaminant),,human,SOX2,SOX2,exact,annotation_marker,positive,"STAR Methods, Single-cell RNA-seq processing and cell type annotation",esophagus epithelial cells (SOX2+ TP63+ TRH+),exclude,Contaminant/other-organ cells not in target_cell_scope.,True,9,1.0,True,True,pass
DOI_10.1016_j.cell.2022.11.005,A_exclude,esophagus epithelial cells (contaminant),,human,TP63,TP63,exact,annotation_marker,positive,"STAR Methods, Single-cell RNA-seq processing and cell type annotation",esophagus epithelial cells (SOX2+ TP63+ TRH+),exclude,Contaminant/other-organ cells not in target_cell_scope.,True,9,1.0,True,True,pass
DOI_10.1016_j.cell.2022.11.005,A_exclude,esophagus epithelial cells (contaminant),,human,TRH,TRH,exact,annotation_marker,positive,"STAR Methods, Single-cell RNA-seq processing and cell type annotation",esophagus epithelial cells (SOX2+ TP63+ TRH+),exclude,Contaminant/other-organ cells not in target_cell_scope.,True,9,1.0,True,True,pass
DOI_10.1016_j.cell.2022.11.005,A_exclude,cytotrophoblasts (contaminant),,human,PAGE4,PAGE4,exact,annotation_marker,positive,"STAR Methods, Single-cell RNA-seq processing and cell type annotation",cytotrophoblasts from the placenta (PAGE4+GSTA3+),exclude,Contaminant/other-organ cells not in target_cell_scope.,True,9,1.0,True,True,pass
DOI_10.1016_j.cell.2022.11.005,A_exclude,cytotrophoblasts (contaminant),,human,GSTA3,GSTA3,exact,annotation_marker,positive,"STAR Methods, Single-cell RNA-seq processing and cell type annotation",cytotrophoblasts from the placenta (PAGE4+GSTA3+),exclude,Contaminant/other-organ cells not in target_cell_scope.,True,9,1.0,True,True,pass
DOI_10.1016_j.cell.2022.11.005,A_exclude,epithelial cells,,human,E-cadherin,CDH1,alias_resolved,figure_labeled,positive,Figure S3A legend,"E-cadherin (epithelium, cyan)",exclude,Not in target_cell_scope; epithelium is out of scope.,True,9,1.0,True,True,pass
DOI_10.1016_j.cell.2022.11.005,A_exclude,tip epithelial cells,,human,CD36,CD36,exact,figure_labeled,positive,Figure S3A legend,"immunostained using antibodies against CD36 (tip epithelial cells, red)",exclude,Not in target_cell_scope; tip epithelial cells are out of scope.,True,9,0.72,True,True,pass
DOI_10.1016_j.cell.2022.11.005,A_exclude,tip epithelial cells,,human,SFTPC,SFTPC,exact,figure_labeled,positive,Figure S3C legend,SFTPC indicates tip epithelial cells (white),exclude,Not in target_cell_scope; tip epithelial cells are out of scope.,True,9,0.8333,True,True,pass
DOI_10.1016_j.cell.2022.11.005,A_exclude,stalk epithelial cells,,human,PDPN,PDPN,exact,figure_labeled,positive,Figure S3A legend,"PDPN (stalk epithelial cells, white)",exclude,Not in target_cell_scope; stalk epithelial cells are out of scope.,True,9,1.0,True,True,pass
DOI_10.1016_j.cell.2022.11.005,A_exclude,airway progenitor cells,,human,SOX9,SOX9,exact,figure_labeled,unknown,Figure S3B/B' legend,Airway progenitor cells marked by SOX9-/CYTL1+/SCGB3A2+,exclude,Not in target_cell_scope; airway progenitor cells are out of scope.,True,9,1.0,True,True,pass
DOI_10.1016_j.cell.2022.11.005,A_exclude,airway progenitor cells,,human,CYTL1,CYTL1,exact,figure_labeled,positive,Figure S3B/B' legend,Airway progenitor cells marked by SOX9-/CYTL1+/SCGB3A2+,exclude,Not in target_cell_scope; airway progenitor cells are out of scope.,True,9,1.0,True,True,pass
DOI_10.1016_j.cell.2022.11.005,A_exclude,airway progenitor cells,,human,SCGB3A2,SCGB3A2,exact,figure_labeled,positive,Figure S3B/B' legend,Airway progenitor cells marked by SOX9-/CYTL1+/SCGB3A2+,exclude,Not in target_cell_scope; airway progenitor cells are out of scope.,True,9,1.0,True,True,pass
DOI_10.1016_j.cell.2022.11.005,A_exclude,airway progenitor cells,,human,SCGB1A1,SCGB1A1,exact,figure_labeled,unknown,Figure S3D legend,Airway progenitor cells are marked by SCGB3A2+/SCGB1A1-,exclude,Not in target_cell_scope; airway progenitor cells are out of scope.,True,9,1.0,True,True,pass
DOI_10.1016_j.cell.2022.11.005,A_exclude,club cells,,human,SCGB1A1,SCGB1A1,exact,figure_labeled,positive,Figure S3B legend,SCGB1A1 indicates club cells,exclude,Not in target_cell_scope; club cells are out of scope.,True,9,0.75,True,True,pass
DOI_10.1016_j.cell.2022.11.005,A_exclude,club cells,,human,SCGB3A2,SCGB3A2,exact,figure_labeled,positive,Figure S3D legend,club cells ... are marked by SCGB3A2+/SCGB1A1+,exclude,Not in target_cell_scope; club cells are out of scope.,True,9,1.0,True,True,pass
DOI_10.1016_j.cell.2022.11.005,A_exclude,club cells,,human,NDUFA4L2,NDUFA4L2,exact,figure_labeled,positive,Figure S4B legend,"NDUFA4L2, club/proximal secretory cells",exclude,Not in target_cell_scope; club cells are out of scope.,True,9,1.0,True,True,pass
DOI_10.1016_j.cell.2022.11.005,A_exclude,club cells,,human,FMO2,FMO2,exact,figure_labeled,positive,Figure S4B legend,"FMO2, club/proximal secretory cells",exclude,Not in target_cell_scope; club cells are out of scope.,True,9,1.0,True,True,pass
DOI_10.1016_j.cell.2022.11.005,A_exclude,secretory cells,,human,FOXJ1,FOXJ1,exact,figure_labeled,unknown,Figure S3H legend,"secretory cells (arrow), FOXJ1-/SCGB3A2+",exclude,Not in target_cell_scope; secretory cells are out of scope.,True,9,1.0,True,True,pass
DOI_10.1016_j.cell.2022.11.005,A_exclude,secretory cells,,human,SCGB3A2,SCGB3A2,exact,figure_labeled,positive,Figure S3H legend,"secretory cells (arrow), FOXJ1-/SCGB3A2+",exclude,Not in target_cell_scope; secretory cells are out of scope.,True,9,1.0,True,True,pass
DOI_10.1016_j.cell.2022.11.005,A_exclude,submucosal gland cells,,human,LTF,LTF,exact,figure_labeled,positive,Figure S3G legend,Submucosal gland cells are marked by strong LTF expression with SCGB3A1+/SCGB3A2-,exclude,Not in target_cell_scope; submucosal gland cells are out of scope.,True,9,0.8889,True,True,pass
DOI_10.1016_j.cell.2022.11.005,A_exclude,submucosal gland cells,,human,SCGB3A1,SCGB3A1,exact,figure_labeled,positive,Figure S3G legend,Submucosal gland cells are marked by strong LTF expression with SCGB3A1+/SCGB3A2-,exclude,Not in target_cell_scope; submucosal gland cells are out of scope.,True,9,0.8889,True,True,pass
DOI_10.1016_j.cell.2022.11.005,A_exclude,submucosal gland cells,,human,SCGB3A2,SCGB3A2,exact,figure_labeled,unknown,Figure S3G legend,Submucosal gland cells are marked by strong LTF expression with SCGB3A1+/SCGB3A2-,exclude,Not in target_cell_scope; submucosal gland cells are out of scope.,True,9,0.8889,True,True,pass
DOI_10.1016_j.cell.2022.11.005,A_exclude,ciliated cells,,human,FOXJ1,FOXJ1,exact,figure_labeled,positive,Figure S3H legend,"Ciliated cells (arrowhead), FOXJ1+/SCGB3A2-",exclude,Not in target_cell_scope; ciliated cells are out of scope.,True,9,1.0,True,True,pass
DOI_10.1016_j.cell.2022.11.005,A_exclude,ciliated cells,,human,SCGB3A2,SCGB3A2,exact,figure_labeled,unknown,Figure S3H legend,"Ciliated cells (arrowhead), FOXJ1+/SCGB3A2-",exclude,Not in target_cell_scope; ciliated cells are out of scope.,True,9,1.0,True,True,pass
DOI_10.1016_j.cell.2022.11.005,A_exclude,ciliated cells,MUC16+ ciliated cells,human,MUC16,MUC16,exact,figure_labeled,positive,Figure S3I legend,MUC16+ ciliated cells express MUC16 (white) with a weak level of FOXJ1 (red),exclude,Not in target_cell_scope; ciliated cells are out of scope.,True,9,1.0,True,True,pass
DOI_10.1016_j.cell.2022.11.005,A_exclude,ciliated cells,MUC16+ ciliated cells,human,FOXJ1,FOXJ1,exact,figure_labeled,unknown,Figure S3I legend,MUC16+ ciliated cells express MUC16 (white) with a weak level of FOXJ1 (red),exclude,Not in target_cell_scope; ciliated cells are out of scope.,True,9,1.0,True,True,duplicate_pool
DOI_10.1016_j.cell.2022.11.005,A_exclude,basal cells,proximal basal cells,human,TP63,TP63,exact,figure_labeled,positive,Figure S3J/J' legend,"Proximal basal cells are marked by TP63(red), F3(white), and IGFBP3(green)",exclude,Not in target_cell_scope; basal cells are out of scope.,True,9,0.9,True,True,pass
DOI_10.1016_j.cell.2022.11.005,A_exclude,basal cells,proximal basal cells,human,F3,F3,exact,figure_labeled,positive,Figure S3J/J' legend,"Proximal basal cells are marked by TP63(red), F3(white), and IGFBP3(green)",exclude,Not in target_cell_scope; basal cells are out of scope.,True,9,0.9,True,True,pass
DOI_10.1016_j.cell.2022.11.005,A_exclude,basal cells,proximal basal cells,human,IGFBP3,IGFBP3,exact,figure_labeled,positive,Figure S3J/J' legend,"Proximal basal cells are marked by TP63(red), F3(white), and IGFBP3(green)",exclude,Not in target_cell_scope; basal cells are out of scope.,True,9,0.72,True,True,pass
DOI_10.1016_j.cell.2022.11.005,A_exclude,basal cells,,human,TP63,TP63,exact,figure_labeled,positive,Figure S4B legend,"TP63, basal cells",exclude,Not in target_cell_scope; basal cells are out of scope.,True,9,1.0,True,True,duplicate_pool
DOI_10.1016_j.cell.2022.11.005,A_exclude,putative ionocytes,,human,FOXI1,FOXI1,exact,figure_labeled,positive,Figure S4E legend,rare cell type markers of putative ionocytes (FOXI1 yellow),exclude,Not in target_cell_scope; ionocytes are out of scope.,True,9,0.875,True,True,pass
DOI_10.1016_j.cell.2022.11.005,A_exclude,tuft cells,,human,POU2F3,POU2F3,exact,figure_labeled,positive,Figure S4E legend,"rare cell type markers of tuft cells (POU2F3, red)",exclude,Not in target_cell_scope; tuft cells are out of scope.,True,9,0.875,True,True,pass
DOI_10.1016_j.cell.2022.11.005,A_exclude,MUC5AC+/ASCL1+ progenitors,,human,MUC5AC,MUC5AC,exact,figure_labeled,positive,Figure S3K legend,MUC5AC+/ASCL1+ progenitors (arrowhead),exclude,Not in target_cell_scope; MUC5AC+ASCL1+ progenitors are out of scope.,True,9,1.0,True,True,pass
DOI_10.1016_j.cell.2022.11.005,A_exclude,MUC5AC+/ASCL1+ progenitors,,human,ASCL1,ASCL1,exact,figure_labeled,positive,Figure S3K legend,MUC5AC+/ASCL1+ progenitors (arrowhead),exclude,"Not in target_cell_scope; MUC5AC+ASCL1+ progenitor is out of scope, though ASCL1 is included for pulmonary NE separately.",True,9,1.0,True,True,pass
DOI_10.1016_j.cell.2022.11.005,A_exclude,tip epithelial progenitors,,human,SOX9,SOX9,exact,figure_labeled,positive,Figure S6C legend,SOX9+TPPP3+SFTPC+ tip epithelial progenitors,exclude,Not in target_cell_scope; tip epithelial progenitors are out of scope.,True,9,1.0,True,True,pass
DOI_10.1016_j.cell.2022.11.005,A_exclude,tip epithelial progenitors,,human,TPPP3,TPPP3,exact,figure_labeled,positive,Figure S6C legend,SOX9+TPPP3+SFTPC+ tip epithelial progenitors,exclude,Not in target_cell_scope; tip epithelial progenitors are out of scope.,True,9,1.0,True,True,pass
DOI_10.1016_j.cell.2022.11.005,A_exclude,tip epithelial progenitors,,human,SFTPC,SFTPC,exact,figure_labeled,positive,Figure S6C legend,SOX9+TPPP3+SFTPC+ tip epithelial progenitors,exclude,Not in target_cell_scope; tip epithelial progenitors are out of scope.,True,9,1.0,True,True,pass
DOI_10.1016_j.cell.2022.11.005,A_exclude,fetal AT2 cells,,human,SOX9,SOX9,exact,figure_labeled,unknown,Figure S6C legend,SOX9-TPPP3-SFTPC+ fetal AT2 cell population,exclude,Not in target_cell_scope; AT2 cells are out of scope.,True,9,0.8,True,True,pass
DOI_10.1016_j.cell.2022.11.005,A_exclude,fetal AT2 cells,,human,TPPP3,TPPP3,exact,figure_labeled,unknown,Figure S6C legend,SOX9-TPPP3-SFTPC+ fetal AT2 cell population,exclude,Not in target_cell_scope; AT2 cells are out of scope.,True,9,0.8,True,True,pass
DOI_10.1016_j.cell.2022.11.005,A_exclude,fetal AT2 cells,,human,SFTPC,SFTPC,exact,figure_labeled,positive,Figure S6C legend,SOX9-TPPP3-SFTPC+ fetal AT2 cell population,exclude,Not in target_cell_scope; AT2 cells are out of scope.,True,9,0.8,True,True,pass
DOI_10.1016_j.cell.2022.11.005,A_exclude,late-tip cells,,human,SFTPC,SFTPC,exact,model_inferred,positive,Figure S6E/F legend,Arrows indicate SFTPC+ late-tip cells,exclude,Not in target_cell_scope; late-tip cells are out of scope.,True,9,0.8,True,True,pass
DOI_10.1016_j.cell.2022.11.005,A_exclude,late-tip cells,,human,PDPN,PDPN,exact,figure_labeled,unknown,Figure S6D legend,"late-tip cell population, which does not co-express the stalk marker, PDPN",exclude,Not in target_cell_scope; late-tip cells are out of scope.,True,9,0.8571,True,True,pass
DOI_10.1016_j.cell.2022.11.005,A_exclude,fetal AT1 cells,future AT1 cells,human,SFTPC,SFTPC,exact,figure_labeled,unknown,Figure S6H-J legend,future AT1 cells (SFTPC-/SPOCK2+),exclude,Not in target_cell_scope; AT1 cells are out of scope.,True,9,1.0,True,True,pass
DOI_10.1016_j.cell.2022.11.005,A_exclude,fetal AT1 cells,future AT1 cells,human,SPOCK2,SPOCK2,exact,figure_labeled,positive,Figure S6H-J legend,future AT1 cells (SFTPC-/SPOCK2+),exclude,Not in target_cell_scope; AT1 cells are out of scope.,True,9,1.0,True,True,pass
DOI_10.1016_j.cell.2022.11.005,A_exclude,aerocytes,,human,S100A3,S100A3,exact,figure_labeled,positive,Figure S7B legend,Aerocytes (S100A3+ red/CA4+ white),exclude,Not in target_cell_scope; aerocytes are out of scope.,True,9,1.0,True,True,pass
DOI_10.1016_j.cell.2022.11.005,A_exclude,aerocytes,,human,CA4,CA4,exact,figure_labeled,positive,Figure S7B legend,Aerocytes (S100A3+ red/CA4+ white),exclude,Not in target_cell_scope; aerocytes are out of scope.,True,9,1.0,True,True,pass
DOI_10.1016_j.cell.2022.11.005,A_exclude,capillary endothelium,,human,CA4,CA4,exact,figure_labeled,positive,Figure S7B legend,capillary endothelium (CA4+ white),exclude,Not in target_cell_scope; endothelium is out of scope.,True,9,0.75,True,True,pass
DOI_10.1016_j.cell.2022.11.005,A_exclude,arterial endothelial cells,,human,GJA5,GJA5,exact,figure_labeled,positive,Figure S7C legend,Arterial endothelial cells (GJA5+ red),exclude,Not in target_cell_scope; endothelial cells are out of scope.,True,9,1.0,True,True,pass
DOI_10.1016_j.cell.2022.11.005,A_exclude,venous endothelial cells,,human,ACKR3,ACKR3,exact,figure_labeled,positive,Figure S7D legend,venous endothelial cells (ACKR3+ white),exclude,Not in target_cell_scope; endothelial cells are out of scope.,True,9,1.0,True,True,pass
DOI_10.1016_j.cell.2022.11.005,A_exclude,lymphatic endothelial cells,,human,PROX1,PROX1,exact,figure_labeled,positive,Figure S7E legend,Lymphatic endothelial cells (PROX1+ white),exclude,Not in target_cell_scope; lymphatic endothelial cells are out of scope.,True,9,1.0,True,True,pass
DOI_10.1016_j.cell.2022.11.005,A_exclude,endothelial cells,all endothelial cells,human,PECAM,PECAM1,alias_resolved,figure_labeled,positive,Figure S7B legend,"all endothelial cells (PECAM+, green)",exclude,Not in target_cell_scope; endothelial cells are out of scope.,True,9,1.0,True,True,pass
DOI_10.1016_j.cell.2022.11.005,A_exclude,vascular smooth muscle cells,vascular SMC1,human,NTN4,NTN4,exact,figure_labeled,positive,Figure S7F legend,"each marked by NTN4+/PLN-/low (vSMC1, arrows)",exclude,Not in target_cell_scope; vascular smooth muscle is out of scope.,True,9,1.0,True,True,pass
DOI_10.1016_j.cell.2022.11.005,A_exclude,vascular smooth muscle cells,vascular SMC1,human,PLN,PLN,exact,figure_labeled,unknown,Figure S7F legend,"each marked by NTN4+/PLN-/low (vSMC1, arrows)",exclude,Not in target_cell_scope; vascular smooth muscle is out of scope.,True,9,1.0,True,True,pass
DOI_10.1016_j.cell.2022.11.005,A_exclude,vascular smooth muscle cells,vascular SMC2,human,NTN4,NTN4,exact,figure_labeled,positive,Figure S7F legend,"each marked by NTN4+/PLN+/high (vSMC2, lines)",exclude,Not in target_cell_scope; vascular smooth muscle is out of scope.,True,9,1.0,True,True,duplicate_pool
DOI_10.1016_j.cell.2022.11.005,A_exclude,vascular smooth muscle cells,vascular SMC2,human,PLN,PLN,exact,figure_labeled,positive,Figure S7F legend,"each marked by NTN4+/PLN+/high (vSMC2, lines)",exclude,Not in target_cell_scope; vascular smooth muscle is out of scope.,True,9,1.0,True,True,duplicate_pool
DOI_10.1016_j.cell.2022.11.005,A_exclude,adventitial fibroblasts,,human,NDUF4AL2,NDUFA4L2,alias_resolved,figure_labeled,unknown,Figure S7H legend,NDUF4AL2-/NTRK3+ adventitial fibroblasts (arrowheads),exclude,Not in target_cell_scope; adventitial fibroblasts are out of scope.,True,9,0.8,True,True,pass
DOI_10.1016_j.cell.2022.11.005,A_exclude,adventitial fibroblasts,,human,NTRK3,NTRK3,exact,figure_labeled,positive,Figure S7H legend,NDUF4AL2-/NTRK3+ adventitial fibroblasts (arrowheads),exclude,Not in target_cell_scope; adventitial fibroblasts are out of scope.,True,9,0.8,True,True,pass
DOI_10.1016_j.cell.2022.11.005,A_exclude,pericytes,,human,FAM162B,FAM162B,exact,figure_labeled,positive,Figure S7I legend,FAM162B+ pericytes (red),exclude,Not in target_cell_scope; pericytes are out of scope.,True,9,1.0,True,True,pass
DOI_10.1016_j.cell.2022.11.005,A_exclude,myofibroblast-1,,human,ACTA2,ACTA2,exact,figure_labeled,positive,Figure S7K-M legend,ACTA2+/PDGFRA+ Myofibroblast-1 (THBDweak; K),exclude,Not in target_cell_scope; myofibroblasts are out of scope.,True,9,1.0,True,True,pass
DOI_10.1016_j.cell.2022.11.005,A_exclude,myofibroblast-1,,human,PDGFRA,PDGFRA,exact,figure_labeled,positive,Figure S7K-M legend,ACTA2+/PDGFRA+ Myofibroblast-1 (THBDweak; K),exclude,Not in target_cell_scope; myofibroblasts are out of scope.,True,9,1.0,True,True,pass
DOI_10.1016_j.cell.2022.11.005,A_exclude,myofibroblast-1,,human,THBD,THBD,exact,figure_labeled,unknown,Figure S7K-M legend,ACTA2+/PDGFRA+ Myofibroblast-1 (THBDweak; K),exclude,Not in target_cell_scope; myofibroblasts are out of scope.,True,9,1.0,True,True,pass
DOI_10.1016_j.cell.2022.11.005,A_exclude,myofibroblast-2,,human,ACTA2,ACTA2,exact,figure_labeled,positive,Figure S7K-M legend,"ACTA2+/PDGFRA+ Myofibroblast-2 (THBDhigh, arrows; L)",exclude,Not in target_cell_scope; myofibroblasts are out of scope.,True,9,0.8,True,True,pass
DOI_10.1016_j.cell.2022.11.005,A_exclude,myofibroblast-2,,human,PDGFRA,PDGFRA,exact,figure_labeled,positive,Figure S7K-M legend,"ACTA2+/PDGFRA+ Myofibroblast-2 (THBDhigh, arrows; L)",exclude,Not in target_cell_scope; myofibroblasts are out of scope.,True,9,0.8,True,True,pass
DOI_10.1016_j.cell.2022.11.005,A_exclude,myofibroblast-2,,human,THBD,THBD,exact,figure_labeled,positive,Figure S7K-M legend,"ACTA2+/PDGFRA+ Myofibroblast-2 (THBDhigh, arrows; L)",exclude,Not in target_cell_scope; myofibroblasts are out of scope.,True,9,0.8,True,True,pass
DOI_10.1016_j.cell.2022.11.005,A_exclude,myofibroblast-3,,human,PDGFRA,PDGFRA,exact,figure_labeled,positive,Figure S7K-M legend,PDGFRA+ Myofibroblast-3 at 21 pcw does not express ACTA2,exclude,Not in target_cell_scope; myofibroblasts are out of scope.,True,9,0.8333,True,True,pass
DOI_10.1016_j.cell.2022.11.005,A_exclude,myofibroblast-3,,human,ACTA2,ACTA2,exact,figure_labeled,negative,Figure S7K-M legend,PDGFRA+ Myofibroblast-3 at 21 pcw does not express ACTA2,exclude,Not in target_cell_scope; myofibroblasts are out of scope.,True,9,0.8333,True,True,pass
DOI_10.1016_j.celrep.2018.11.086,A_exclude,basal epithelia,,human,DKK1,DKK1,exact,cluster_enriched,positive,"Results: Bulk Sequencing..., p.3531","DKK1, characterize CD271+ basal epithelia.",exclude,basal epithelia 不属于任务目标 L4:Neuroendocrine cell。,True,25,1.0,True,True,pass
DOI_10.1016_j.celrep.2018.11.086,A_exclude,basal epithelia,,human,CD271,NGFR,alias_resolved,annotation_marker,positive,"Results: Bulk Sequencing..., p.3531; Introduction; Discussion, p.3539-3540","Several other options exist for identifying basal epithelia, including Podoplanin, CD104, and CD271; Luminal (CD26+) and basal (CD271+) epithelial transcriptomes; The gating of BE with either CD271 or PDPN produces >91% purity.",exclude,basal epithelia 非目标范围，且 CD271 为 NGFR 别名。,True,25,0.85,True,True,pass
DOI_10.1016_j.celrep.2018.11.086,A_exclude,basal epithelia,,human,CD104,ITGB4,alias_resolved,annotation_marker,positive,"Results: Bulk Sequencing..., p.3531","Several other options exist for identifying basal epithelia, including Podoplanin, CD104, and CD271",exclude,basal epithelia 非目标范围。,True,25,0.8,True,True,pass
DOI_10.1016_j.celrep.2018.11.086,A_exclude,basal epithelia,,human,PDPN,PDPN,exact,annotation_marker,positive,"Results: Single-Cell Sequencing..., p.3534; Discussion","PDPN was used to mark BE, which we previously showed largely overlaps with CD271; The gating of BE with either CD271 or PDPN produces >91% purity.",exclude,basal epithelia 非目标范围。,True,25,0.8462,True,True,pass
DOI_10.1016_j.celrep.2018.11.086,A_exclude,basal epithelia,,human,KRT5,KRT5,exact,figure_labeled,positive,"Figure 3E legend, p.3535","Immunofluorescent labeling of smooth muscle (MYH11), fibroblasts (DCN), and basal epithelia (KRT5).",exclude,basal epithelia 非目标范围。,True,25,0.9,True,True,pass
DOI_10.1016_j.celrep.2018.11.086,A_exclude,basal epithelia,,human,KRT14,KRT14,exact,annotation_marker,positive,"Results: Identification and Isolation of Epithelial Cell Subtypes, p.3537","DEGs of each cluster confirm four epithelial cell types (luminal KLK3+, basal KRT14+, OE1 SCGB1A1+, and OE2 KRT13+)",exclude,basal epithelia 非目标范围。,True,25,1.0,True,True,pass
DOI_10.1016_j.celrep.2018.11.086,A_exclude,basal epithelia,,human,CD49f,ITGA6,alias_resolved,reference_imported,positive,"Results: Bulk Sequencing..., p.3531","Some groups employ a pan-epithelial marker (CD326, CD324, or TROP2) with a positive basal marker like CD49f",exclude,basal epithelia 非目标范围，且为外部引用。,True,25,0.7273,True,True,pass
DOI_10.1016_j.celrep.2018.11.086,A_exclude,luminal epithelia,,human,CD26,DPP4,alias_resolved,annotation_marker,positive,"Results: Bulk Sequencing..., p.3531; Introduction; Discussion",CD26+ luminal epithelia are marked by familiar DEGs...; Luminal (CD26+) and basal (CD271+) epithelial transcriptomes; The initial gating of LE with CD26 yielded a surprisingly low purity at 57%.,exclude,luminal epithelia 非目标范围。,True,25,0.8333,True,True,pass
DOI_10.1016_j.celrep.2018.11.086,A_exclude,luminal epithelia,,human,KLK3,KLK3,exact,annotation_marker,positive,"Results: Bulk Sequencing..., p.3531; Results: Identification and Isolation of Epithelial Cell Subtypes, p.3537",The CD26+ luminal epithelia are marked by familiar DEGs such as KLK3...; luminal KLK3+,exclude,luminal epithelia 非目标范围。,True,25,1.0,True,True,pass
DOI_10.1016_j.celrep.2018.11.086,A_exclude,luminal epithelia,,human,ACPP,ACPP,exact,cluster_enriched,positive,"Results: Bulk Sequencing..., p.3531","The CD26+ luminal epithelia are marked by familiar DEGs such as KLK3, ACPP, MSMB...",exclude,luminal epithelia 非目标范围。,True,25,1.0,True,True,pass
DOI_10.1016_j.celrep.2018.11.086,A_exclude,luminal epithelia,,human,MSMB,MSMB,exact,cluster_enriched,positive,"Results: Bulk Sequencing..., p.3531","The CD26+ luminal epithelia are marked by familiar DEGs such as KLK3, ACPP, MSMB...",exclude,luminal epithelia 非目标范围。,True,25,1.0,True,True,pass
DOI_10.1016_j.celrep.2018.11.086,A_exclude,luminal epithelia,,human,GP2,GP2,exact,cluster_enriched,positive,"Results: Bulk Sequencing..., p.3531","The CD26+ luminal epithelia are marked by familiar DEGs such as KLK3, ACPP, MSMB, as well as lesser-known genes, including GP2, NEFH, and NPY.",exclude,luminal epithelia 非目标范围。,True,25,1.0,True,True,pass
DOI_10.1016_j.celrep.2018.11.086,A_exclude,luminal epithelia,,human,NEFH,NEFH,exact,cluster_enriched,positive,"Results: Bulk Sequencing..., p.3531","The CD26+ luminal epithelia are marked by familiar DEGs such as KLK3, ACPP, MSMB, as well as lesser-known genes, including GP2, NEFH, and NPY.",exclude,luminal epithelia 非目标范围。,True,25,1.0,True,True,pass
DOI_10.1016_j.celrep.2018.11.086,A_exclude,luminal epithelia,,human,NPY,NPY,exact,cluster_enriched,positive,"Results: Bulk Sequencing..., p.3531","The CD26+ luminal epithelia are marked by familiar DEGs such as KLK3, ACPP, MSMB, as well as lesser-known genes, including GP2, NEFH, and NPY.",exclude,luminal epithelia 非目标范围。,True,25,1.0,True,True,pass
DOI_10.1016_j.celrep.2018.11.086,A_exclude,luminal epithelia,,human,DHRS7,DHRS7,exact,annotation_marker,positive,"Results: Identification and Isolation of Epithelial Cell Subtypes, p.3537; Figure 4F",DHRS7 was an undiscovered gene detected in KLK3+ LE and marks a portion of KRT18+ LE.,exclude,luminal epithelia 非目标范围。,True,25,0.8889,True,True,pass
DOI_10.1016_j.celrep.2018.11.086,A_exclude,luminal epithelia,,human,PSCA,PSCA,exact,author_declared,positive,"Results: Single-Cell Sequencing..., p.3534",PSCA was identified as a potential cell surface marker of both OE cell types (as well as a subpopulation of LE),exclude,luminal epithelia 非目标范围。,True,25,0.9091,True,True,pass
DOI_10.1016_j.celrep.2018.11.086,A_exclude,Epithelial cells (pan-epithelia),,human,CD326,EPCAM,alias_resolved,annotation_marker,positive,Introduction; Results: Bulk Sequencing...,CD326 (pan-epithelia),exclude,pan-epithelial marker 不属于神经内分泌细胞范围。,True,25,1.0,True,True,pass
DOI_10.1016_j.celrep.2018.11.086,A_exclude,Leukocytes (pan-leukocyte),,human,CD45,PTPRC,alias_resolved,annotation_marker,positive,Introduction,CD45 (pan-leukocyte),exclude,pan-leukocyte marker 不属于神经内分泌细胞范围。,True,25,1.0,True,True,pass
DOI_10.1016_j.celrep.2018.11.086,A_exclude,Endothelial cells,,human,CD31,PECAM1,alias_resolved,annotation_marker,positive,"Results: Single-Cell Sequencing..., p.3534",CD31 is an inefficient endothelial marker in human prostate,exclude,endothelia 非目标范围。,True,25,0.8333,True,True,pass
DOI_10.1016_j.celrep.2018.11.086,A_exclude,Stromal cells,,human,CD326,EPCAM,alias_resolved,annotation_marker,negative,Introduction,"The stromal gate includes all cells negative for CD326 (pan-epithelia), CD45 (pan-leukocyte), and CD31 (endothelia).",exclude,stromal gate 非目标范围。,True,25,1.0,True,True,pass
DOI_10.1016_j.celrep.2018.11.086,A_exclude,Stromal cells,,human,CD45,PTPRC,alias_resolved,annotation_marker,negative,Introduction,"The stromal gate includes all cells negative for CD326 (pan-epithelia), CD45 (pan-leukocyte), and CD31 (endothelia).",exclude,stromal gate 非目标范围。,True,25,1.0,True,True,pass
DOI_10.1016_j.celrep.2018.11.086,A_exclude,Stromal cells,,human,CD31,PECAM1,alias_resolved,annotation_marker,negative,Introduction,"The stromal gate includes all cells negative for CD326 (pan-epithelia), CD45 (pan-leukocyte), and CD31 (endothelia).",exclude,stromal gate 非目标范围。,True,25,1.0,True,True,pass
DOI_10.1016_j.celrep.2018.11.086,A_exclude,club epithelia (OE1),OE1,human,SCGB1A1,SCGB1A1,exact,annotation_marker,positive,"Results: Identification and Isolation of Epithelial Cell Subtypes, p.3537; Figure 4F",DEGs of each cluster confirm four epithelial cell types (... OE1 SCGB1A1+...); SCGB1A1 positively marks a small population of KRT5- luminal-like prostate epithelia.,exclude,club epithelia 非目标范围。,True,25,0.8824,True,True,pass
DOI_10.1016_j.celrep.2018.11.086,A_exclude,club epithelia (OE1),OE1,human,PSCA,PSCA,exact,author_declared,positive,"Results: Single-Cell Sequencing..., p.3534",PSCA was identified as a potential cell surface marker of both OE cell types,exclude,club epithelia 非目标范围。,True,25,0.875,True,True,pass
DOI_10.1016_j.celrep.2018.11.086,A_exclude,hillock epithelia (OE2),OE2,human,KRT13,KRT13,exact,annotation_marker,positive,"Results: Identification and Isolation of Epithelial Cell Subtypes, p.3537; Figure 4F; Figure 5E",DEGs of each cluster confirm four epithelial cell types (... and OE2 KRT13+); KRT13+ epithelia co-express KRT5.,exclude,hillock epithelia 非目标范围。,True,25,0.9167,True,True,pass
DOI_10.1016_j.celrep.2018.11.086,A_exclude,hillock epithelia (OE2),OE2,human,PSCA,PSCA,exact,author_declared,positive,"Results: Single-Cell Sequencing..., p.3534",PSCA was identified as a potential cell surface marker of both OE cell types,exclude,hillock epithelia 非目标范围。,True,25,0.875,True,True,pass
DOI_10.1016_j.celrep.2018.11.086,A_exclude,hillock epithelia (OE2),OE2,human,AKR1C1,AKR1C1,exact,cluster_enriched,positive,"Results: Anatomical Location..., p.3538",The top genes associated with the KRT13+ cell type are members of the androgen metabolism pathway (AKR1C1 and AKR1C2),exclude,hillock epithelia 非目标范围。,True,25,0.72,True,True,pass
DOI_10.1016_j.celrep.2018.11.086,A_exclude,hillock epithelia (OE2),OE2,human,AKR1C2,AKR1C2,exact,cluster_enriched,positive,"Results: Anatomical Location..., p.3538",The top genes associated with the KRT13+ cell type are members of the androgen metabolism pathway (AKR1C1 and AKR1C2),exclude,hillock epithelia 非目标范围。,True,25,0.72,True,True,pass
DOI_10.1016_j.celrep.2018.11.086,A_exclude,endothelia,,human,CD200,CD200,exact,annotation_marker,positive,"Results: Single-Cell Sequencing..., p.3534; Discussion, p.3540",CD200 labels 93% of endothelia that CD31 labels; revealed CD200 as a potentially superior marker.,exclude,endothelia 非目标范围。,True,25,0.7778,True,True,pass
DOI_10.1016_j.celrep.2018.11.086,A_exclude,fibroblasts,,human,DCN,DCN,exact,figure_labeled,positive,"Figure 3E legend, p.3535","Immunofluorescent labeling of smooth muscle (MYH11), fibroblasts (DCN), and basal epithelia (KRT5).",exclude,fibroblasts 非目标范围。,True,25,0.9,True,True,pass
DOI_10.1016_j.celrep.2018.11.086,A_exclude,fibroblasts,,human,FGF2,FGF2,exact,cluster_enriched,positive,"Results: Identification and Isolation of Prostate Stromal Cell Subtypes, p.3535",The putative fibroblast cell type expressed high levels of paracrine signaling factors such as growth factors (FGF2 and FGF7)...,exclude,fibroblasts 非目标范围。,True,25,1.0,True,True,pass
DOI_10.1016_j.celrep.2018.11.086,A_exclude,fibroblasts,,human,FGF7,FGF7,exact,cluster_enriched,positive,"Results: Identification and Isolation of Prostate Stromal Cell Subtypes, p.3535",The putative fibroblast cell type expressed high levels of paracrine signaling factors such as growth factors (FGF2 and FGF7)...,exclude,fibroblasts 非目标范围。,True,25,1.0,True,True,pass
DOI_10.1016_j.celrep.2018.11.086,A_exclude,fibroblasts,,human,PTGDS,PTGDS,exact,cluster_enriched,positive,"Results: Identification and Isolation of Prostate Stromal Cell Subtypes, p.3535",The putative fibroblast cell type expressed high levels of paracrine signaling factors such as ... prostaglandins (PTGDS and PTGS2)...,exclude,fibroblasts 非目标范围。,True,25,1.0,True,True,pass
DOI_10.1016_j.celrep.2018.11.086,A_exclude,fibroblasts,,human,PTGS2,PTGS2,exact,cluster_enriched,positive,"Results: Identification and Isolation of Prostate Stromal Cell Subtypes, p.3535",The putative fibroblast cell type expressed high levels of paracrine signaling factors such as ... prostaglandins (PTGDS and PTGS2)...,exclude,fibroblasts 非目标范围。,True,25,1.0,True,True,pass
DOI_10.1016_j.celrep.2018.11.086,A_exclude,fibroblasts,,human,RSPO3,RSPO3,exact,cluster_enriched,positive,"Results: Identification and Isolation of Prostate Stromal Cell Subtypes, p.3535",The putative fibroblast cell type expressed high levels of paracrine signaling factors such as ... WNT pathway regulators (RSPO3 and SFRP2).,exclude,fibroblasts 非目标范围。,True,25,0.72,True,True,pass
DOI_10.1016_j.celrep.2018.11.086,A_exclude,fibroblasts,,human,SFRP2,SFRP2,exact,cluster_enriched,positive,"Results: Identification and Isolation of Prostate Stromal Cell Subtypes, p.3535",The putative fibroblast cell type expressed high levels of paracrine signaling factors such as ... WNT pathway regulators (RSPO3 and SFRP2).,exclude,fibroblasts 非目标范围。,True,25,0.72,True,True,pass
DOI_10.1016_j.celrep.2018.11.086,A_exclude,fibroblasts,,human,PDPN,PDPN,exact,annotation_marker,positive,"Discussion, p.3540","scRNA-seq also revealed PDPN as a positive marker of fibroblasts, which was used again on optimized FACS gates to confirm 91% purity of PDPN+ fibroblasts.",exclude,fibroblasts 非目标范围。,True,25,1.0,True,True,pass
DOI_10.1016_j.celrep.2018.11.086,A_exclude,fibroblasts,,mouse,Gli1,GLI1,exact,reference_imported,positive,"Discussion, p.3540","including a population of interstitial fibroblasts marked by Gli1 (Peng et al., 2013).",exclude,引用小鼠研究数据，物种为 mouse，与任务物种 human 不符；且 fibroblasts 非目标范围。,True,25,1.0,True,True,pass
DOI_10.1016_j.celrep.2018.11.086,A_exclude,smooth muscle,,human,MYH11,MYH11,exact,figure_labeled,positive,"Figure 3E legend, p.3535","Immunofluorescent labeling of smooth muscle (MYH11), fibroblasts (DCN), and basal epithelia (KRT5).",exclude,smooth muscle 非目标范围。,True,25,0.9,True,True,pass
DOI_10.1016_j.celrep.2018.11.086,A_exclude,smooth muscle,,human,ACTA2,ACTA2,exact,cluster_enriched,positive,"Results: Identification and Isolation of Prostate Stromal Cell Subtypes, p.3535","The putative smooth muscle cluster expressed high levels of actin (ACTA2) and myosin (MYH11, MYL9, and TPM2) genes",exclude,smooth muscle 非目标范围。,True,25,0.7857,True,True,pass
DOI_10.1016_j.celrep.2018.11.086,A_exclude,smooth muscle,,human,MYL9,MYL9,exact,cluster_enriched,positive,"Results: Identification and Isolation of Prostate Stromal Cell Subtypes, p.3535","The putative smooth muscle cluster expressed high levels of actin (ACTA2) and myosin (MYH11, MYL9, and TPM2) genes",exclude,smooth muscle 非目标范围。,True,25,0.7857,True,True,pass
DOI_10.1016_j.celrep.2018.11.086,A_exclude,smooth muscle,,human,TPM2,TPM2,exact,cluster_enriched,positive,"Results: Identification and Isolation of Prostate Stromal Cell Subtypes, p.3535","The putative smooth muscle cluster expressed high levels of actin (ACTA2) and myosin (MYH11, MYL9, and TPM2) genes",exclude,smooth muscle 非目标范围。,True,25,0.72,True,True,pass
DOI_10.1016_j.celrep.2018.11.086,A_exclude,smooth muscle,,human,PDPN,PDPN,exact,annotation_marker,negative,"Discussion, p.3540",93% purity of PDPN- smooth muscle.,exclude,smooth muscle 非目标范围；PDPN 阴性用于门控，极性 negative。,True,25,0.8,True,True,pass
DOI_10.1016_j.celrep.2018.11.086,B_unaudited,NE epithelia,,human,chromogranin A,chromogranin A,,author_declared,positive,"Introduction, first paragraph (near beginning)",NE epithelia express markers such as chromogranin A,never_audited,,,25,0.72,True,True,pass
DOI_10.1016_j.celrep.2018.11.086,B_unaudited,endothelia,,human,CD31,CD31,,author_declared,positive,"Results: Single-Cell Sequencing Data Improves FACS of Human Prostate Cell Types, p.3534",CD31 is an inefficient endothelial marker in human prostate,never_audited,,,25,0.8333,True,True,pass
DOI_10.1016_j.celrep.2018.11.086,B_unaudited,stromal cells,,human,CD200,CD200,,author_declared,positive,"Discussion, p.3540",Our first scRNA-seq experiment confirmed a 29% endothelial cell contamination of the stroma and revealed CD200 as a potentially superior marker. The replacement of CD31 with CD200 improved the purity of the stromal gate from 69% to 93% (Figure 2).,never_audited,,,25,0.8261,True,True,pass
DOI_10.1016_j.healun.2026.02.1666,A_exclude,myofibroblast,,human,ACTA2,ACTA2,exact,author_declared,positive,"Results, 'Fibrogenic shift driven by mesenchymal state transition' section, near Figure 3A (p.1153-1154)",accompanied by upregulation of myofibroblast markers α-SMA (ACTA2) and TAGLN (Figure 3A).,exclude,Cell type 'myofibroblast' is outside target_cell_scope L4:Neuroendocrine cell; formal marker evidence does not apply to project scope.,True,10,1.0,True,True,pass
DOI_10.1016_j.healun.2026.02.1666,A_exclude,myofibroblast,,human,TAGLN,TAGLN,exact,author_declared,positive,"Results, 'Fibrogenic shift driven by mesenchymal state transition' section, near Figure 3A (p.1153-1154)",accompanied by upregulation of myofibroblast markers α-SMA (ACTA2) and TAGLN (Figure 3A).,exclude,Cell type 'myofibroblast' is outside target_cell_scope L4:Neuroendocrine cell; formal marker evidence does not apply to project scope.,True,10,1.0,True,True,pass
DOI_10.1016_j.healun.2026.02.1666,A_exclude,endothelial cell,,human,VE-Cadherin,CDH5,alias_resolved,annotation_marker,positive,"Results, 'IFN-γ-mediated signaling and inflammation in ACR' section (p.1155)",IF analysis ... revealed decreased pSTAT1+ cells specifically within VE-Cadherin+ cells; VE-cadherin expression was reduced in ACR.,exclude,"Cell type 'endothelial cell' is outside target_cell_scope L4:Neuroendocrine cell; VE-Cadherin identifies endothelial cells, not target cells.",True,10,1.0,True,True,pass
DOI_10.1016_j.healun.2026.02.1666,A_exclude,p-S6RP+ cells,,human,p-S6RP,RPS6,alias_resolved,author_declared,positive,Figure 2D legend and Table 3 (p.1154),"Percentage of cells positive for COL3A1 (TGF-β-induced collagen), p-S6RP (mTOR activation marker), and double-positive cells (COL3A1+/p-S6RP+).",exclude,"p-S6RP+ cells are a phospho-protein positive population, not L4:Neuroendocrine cells; outside target_cell_scope.",True,10,1.0,True,True,pass
DOI_10.1016_j.healun.2026.02.1666,A_exclude,COL3A1+ cells,,human,COL3A1,COL3A1,exact,author_declared,positive,"Table 3, Marker Comparison rows (p.1154)",Table 3 lists COL3A1 as Marker in mixed-effects logistic regression comparing ACR or Resolved to Never for percentage of positive cells.,exclude,COL3A1+ collagen-producing cells are not L4:Neuroendocrine cells; outside target_cell_scope.,True,10,0.9286,True,True,pass
DOI_10.1016_j.isci.2024.111628,A_downgraded,Schwann cells,,human,NRXN,NRXN,ambiguous,annotation_marker,positive,"Results, Classification of stromal cells, Fig. 1E UMAP/Dot Plot",we identified a single Schwann cell cluster (CDH19+/NRXN+/XKR4+),unresolved,NRXN 是 neurexin 家族名，不是唯一基因符号（NRXN1/2/3），原文未提供具体基因，按规则不能 include，仅保留为 unresolved。,True,23,0.875,True,True,fail_symbol
DOI_10.1016_j.isci.2024.111628,B_unaudited,basal urothelium,,human,KRT5,KRT5,,annotation_marker,positive,"Results, 'Classification of the urothelial cells' section",The differential gene expression analysis (DEA) showed that each cluster corresponded to one of the general urothelial layers: the basal urothelium (KRT5+/KRT13+/KRT17+/,never_audited,,,23,0.9412,True,True,pass
DOI_10.1016_j.isci.2024.111628,B_unaudited,basal urothelium,,human,KRT13,KRT13,,annotation_marker,positive,"Results, 'Classification of the urothelial cells' section",The differential gene expression analysis (DEA) showed that each cluster corresponded to one of the general urothelial layers: the basal urothelium (KRT5+/KRT13+/KRT17+/,never_audited,,,23,0.9412,True,True,pass
DOI_10.1016_j.isci.2024.111628,B_unaudited,basal urothelium,,human,KRT17,KRT17,,annotation_marker,positive,"Results, 'Classification of the urothelial cells' section",The differential gene expression analysis (DEA) showed that each cluster corresponded to one of the general urothelial layers: the basal urothelium (KRT5+/KRT13+/KRT17+/,never_audited,,,23,0.9412,True,True,pass
DOI_10.1016_j.isci.2024.111628,B_unaudited,Uroepithelial basal cells,,human,KRT5,KRT5,,author_declared,positive,"Results p.3, Fig. 1B feature plots","For the urothelium, we previewed KRT5, a marker for uroepithelial basal cells, and UPK1A, a marker for umbrella cells.13,14",never_audited,,,23,0.8182,True,True,pass
DOI_10.1016_j.isci.2024.111628,B_unaudited,Umbrella cells,,human,UPK1A,UPK1A,,author_declared,positive,"Results p.3, Fig. 1B feature plots","For the urothelium, we previewed KRT5, a marker for uroepithelial basal cells, and UPK1A, a marker for umbrella cells.13,14",never_audited,,,23,0.8182,True,True,pass
DOI_10.1016_j.isci.2024.111628,B_unaudited,Umbrella cells,,human,UPK3B,UPK3B,,annotation_marker,positive,"Results, Classification of urothelial cells, Fig. 1C Dot Plot","UPK3B+/KRT20+), and the intermediate or transitional urothelium (AKR1C2+/IL1RAPL2+/TP63+/GATA3+/CDHR5+) (Figure 1C, Dot Plot).13,16",never_audited,,,23,0.9375,True,True,pass
DOI_10.1016_j.isci.2024.111628,B_unaudited,Umbrella cells,,human,KRT20,KRT20,,annotation_marker,positive,"Results, Classification of urothelial cells, Fig. 1C Dot Plot","UPK3B+/KRT20+), and the intermediate or transitional urothelium (AKR1C2+/IL1RAPL2+/TP63+/GATA3+/CDHR5+) (Figure 1C, Dot Plot).13,16",never_audited,,,23,0.9375,True,True,pass
DOI_10.1016_j.isci.2024.111628,B_unaudited,Intermediate (transitional) urothelial cells,,human,AKR1C2,AKR1C2,,annotation_marker,positive,"Results, Classification of urothelial cells, Fig. 1C Dot Plot","the intermediate or transitional urothelium (AKR1C2+/IL1RAPL2+/TP63+/GATA3+/CDHR5+) (Figure 1C, Dot Plot).13,16",never_audited,,,23,0.9286,True,True,pass
DOI_10.1016_j.isci.2024.111628,B_unaudited,Intermediate (transitional) urothelial cells,,human,IL1RAPL2,IL1RAPL2,,annotation_marker,positive,"Results, Classification of urothelial cells, Fig. 1C Dot Plot","the intermediate or transitional urothelium (AKR1C2+/IL1RAPL2+/TP63+/GATA3+/CDHR5+) (Figure 1C, Dot Plot).13,16",never_audited,,,23,0.9286,True,True,pass
DOI_10.1016_j.isci.2024.111628,B_unaudited,Intermediate (transitional) urothelial cells,,human,TP63,TP63,,annotation_marker,positive,"Results, Classification of urothelial cells, Fig. 1C Dot Plot","the intermediate or transitional urothelium (AKR1C2+/IL1RAPL2+/TP63+/GATA3+/CDHR5+) (Figure 1C, Dot Plot).13,16",never_audited,,,23,0.9286,True,True,pass
DOI_10.1016_j.isci.2024.111628,B_unaudited,Intermediate (transitional) urothelial cells,,human,GATA3,GATA3,,annotation_marker,positive,"Results, Classification of urothelial cells, Fig. 1C Dot Plot","the intermediate or transitional urothelium (AKR1C2+/IL1RAPL2+/TP63+/GATA3+/CDHR5+) (Figure 1C, Dot Plot).13,16",never_audited,,,23,0.9286,True,True,pass
DOI_10.1016_j.isci.2024.111628,B_unaudited,Intermediate (transitional) urothelial cells,,human,CDHR5,CDHR5,,annotation_marker,positive,"Results, Classification of urothelial cells, Fig. 1C Dot Plot","the intermediate or transitional urothelium (AKR1C2+/IL1RAPL2+/TP63+/GATA3+/CDHR5+) (Figure 1C, Dot Plot).13,16",never_audited,,,23,0.9286,True,True,pass
DOI_10.1016_j.isci.2024.111628,B_unaudited,Urothelial cells,,human,UPK2,UPK2,,author_declared,positive,"Results, Assessment of single-cell and single-nucleus expression profiles in the urothelium, Fig. 2A Heatmaps","the top markers based on single-cell data included canonical urothelial markers (e.g., UPK2, UPK3B, KRT20, and CEACAM1)",never_audited,,,23,1.0,True,True,pass
DOI_10.1016_j.isci.2024.111628,B_unaudited,Urothelial cells,,human,UPK3B,UPK3B,,author_declared,positive,"Results, Assessment of single-cell and single-nucleus expression profiles in the urothelium, Fig. 2A Heatmaps","the top markers based on single-cell data included canonical urothelial markers (e.g., UPK2, UPK3B, KRT20, and CEACAM1)",never_audited,,,23,1.0,True,True,pass
DOI_10.1016_j.isci.2024.111628,B_unaudited,Urothelial cells,,human,KRT20,KRT20,,author_declared,positive,"Results, Assessment of single-cell and single-nucleus expression profiles in the urothelium, Fig. 2A Heatmaps","the top markers based on single-cell data included canonical urothelial markers (e.g., UPK2, UPK3B, KRT20, and CEACAM1)",never_audited,,,23,1.0,True,True,pass
DOI_10.1016_j.isci.2024.111628,B_unaudited,Urothelial cells,,human,CEACAM1,CEACAM1,,author_declared,positive,"Results, Assessment of single-cell and single-nucleus expression profiles in the urothelium, Fig. 2A Heatmaps","the top markers based on single-cell data included canonical urothelial markers (e.g., UPK2, UPK3B, KRT20, and CEACAM1)",never_audited,,,23,1.0,True,True,pass
DOI_10.1016_j.isci.2024.111628,B_unaudited,Immune cells,,human,PTPRC,PTPRC,,author_declared,positive,"Results p.3, Fig. 1B feature plots","For the immune compartment, we plotted PTPRC, the leukocyte common antigen, and IL7R, a marker of lymphoid and developing immune cells,14,15",never_audited,,,23,1.0,True,True,pass
DOI_10.1016_j.isci.2024.111628,B_unaudited,Immune cells,,human,IL7R,IL7R,,author_declared,positive,"Results p.3, Fig. 1B feature plots","For the immune compartment, we plotted PTPRC, the leukocyte common antigen, and IL7R, a marker of lymphoid and developing immune cells,14,15",never_audited,,,23,1.0,True,True,pass
DOI_10.1016_j.isci.2024.111628,B_unaudited,B Cells,,human,CD79A,CD79A,,annotation_marker,positive,"Results, Classification of immune cells, Fig. 1D Dot Plot",we identified one cluster each of B Cells (CD79A+/CD79B+/MS4A1+),never_audited,,,23,1.0,True,True,pass
DOI_10.1016_j.isci.2024.111628,B_unaudited,B Cells,,human,CD79B,CD79B,,annotation_marker,positive,"Results, Classification of immune cells, Fig. 1D Dot Plot",we identified one cluster each of B Cells (CD79A+/CD79B+/MS4A1+),never_audited,,,23,1.0,True,True,pass
DOI_10.1016_j.isci.2024.111628,B_unaudited,B Cells,,human,MS4A1,MS4A1,,annotation_marker,positive,"Results, Classification of immune cells, Fig. 1D Dot Plot",we identified one cluster each of B Cells (CD79A+/CD79B+/MS4A1+),never_audited,,,23,1.0,True,True,pass
DOI_10.1016_j.isci.2024.111628,B_unaudited,Plasma cells,,human,JCHAIN,JCHAIN,,annotation_marker,positive,"Results, Classification of immune cells, Fig. 1D Dot Plot",plasma cells (JCHAIN+/SLAMF7+/CD27+),never_audited,,,23,1.0,True,True,pass
DOI_10.1016_j.isci.2024.111628,B_unaudited,Plasma cells,,human,SLAMF7,SLAMF7,,annotation_marker,positive,"Results, Classification of immune cells, Fig. 1D Dot Plot",plasma cells (JCHAIN+/SLAMF7+/CD27+),never_audited,,,23,1.0,True,True,pass
DOI_10.1016_j.isci.2024.111628,B_unaudited,Plasma cells,,human,CD27,CD27,,annotation_marker,positive,"Results, Classification of immune cells, Fig. 1D Dot Plot",plasma cells (JCHAIN+/SLAMF7+/CD27+),never_audited,,,23,1.0,True,True,pass
DOI_10.1016_j.isci.2024.111628,B_unaudited,Macrophage,,human,C1QA,C1QA,,annotation_marker,positive,"Results, Classification of immune cells, Fig. 1D Dot Plot",macrophage (C1QA+/C1QB+/C1QC+),never_audited,,,23,1.0,True,True,pass
DOI_10.1016_j.isci.2024.111628,B_unaudited,Macrophage,,human,C1QB,C1QB,,annotation_marker,positive,"Results, Classification of immune cells, Fig. 1D Dot Plot",macrophage (C1QA+/C1QB+/C1QC+),never_audited,,,23,1.0,True,True,pass
DOI_10.1016_j.isci.2024.111628,B_unaudited,Macrophage,,human,C1QC,C1QC,,annotation_marker,positive,"Results, Classification of immune cells, Fig. 1D Dot Plot",macrophage (C1QA+/C1QB+/C1QC+),never_audited,,,23,1.0,True,True,pass
DOI_10.1016_j.isci.2024.111628,B_unaudited,Macrophage,,human,LYVE1,LYVE1,,author_declared,positive,"Results, Assessment of immune cells, Fig. 2B Heatmaps","For single-nucleus top DEGs, notable markers included LYVE1 and RNASE1 for macrophage, TLR2 for monocytes, and IL7R for T cells.",never_audited,,,23,0.9231,True,True,pass
DOI_10.1016_j.isci.2024.111628,B_unaudited,Macrophage,,human,RNASE1,RNASE1,,author_declared,positive,"Results, Assessment of immune cells, Fig. 2B Heatmaps","For single-nucleus top DEGs, notable markers included LYVE1 and RNASE1 for macrophage, TLR2 for monocytes, and IL7R for T cells.",never_audited,,,23,0.9231,True,True,pass
DOI_10.1016_j.isci.2024.111628,B_unaudited,Dendritic cells (DC),,human,CLEC10A,CLEC10A,,annotation_marker,positive,"Results, Classification of immune cells, Fig. 1D Dot Plot",dendritic cells (DC) (CLEC10A+/CIITA+),never_audited,,,23,1.0,True,True,pass
DOI_10.1016_j.isci.2024.111628,B_unaudited,Dendritic cells (DC),,human,CIITA,CIITA,,annotation_marker,positive,"Results, Classification of immune cells, Fig. 1D Dot Plot",dendritic cells (DC) (CLEC10A+/CIITA+),never_audited,,,23,1.0,True,True,pass
DOI_10.1016_j.isci.2024.111628,B_unaudited,Monocytes,,human,S100A8,S100A8,,annotation_marker,positive,"Results, Classification of immune cells, Fig. 1D Dot Plot",monocytes (S100A8+/S100A9+),never_audited,,,23,1.0,True,True,pass
DOI_10.1016_j.isci.2024.111628,B_unaudited,Monocytes,,human,S100A9,S100A9,,annotation_marker,positive,"Results, Classification of immune cells, Fig. 1D Dot Plot",monocytes (S100A8+/S100A9+),never_audited,,,23,1.0,True,True,pass
DOI_10.1016_j.isci.2024.111628,B_unaudited,Monocytes,,human,TLR2,TLR2,,author_declared,positive,"Results, Assessment of immune cells, Fig. 2B Heatmaps","For single-nucleus top DEGs, notable markers included LYVE1 and RNASE1 for macrophage, TLR2 for monocytes, and IL7R for T cells.",never_audited,,,23,0.72,True,True,pass
DOI_10.1016_j.isci.2024.111628,B_unaudited,Neutrophils,,human,GK,GK,,annotation_marker,positive,"Results, Classification of immune cells, Fig. 1D Dot Plot",neutrophils (GK+/AQP9+/TREM1+),never_audited,,,23,0.75,True,True,pass
DOI_10.1016_j.isci.2024.111628,B_unaudited,Neutrophils,,human,AQP9,AQP9,,annotation_marker,positive,"Results, Classification of immune cells, Fig. 1D Dot Plot",neutrophils (GK+/AQP9+/TREM1+),never_audited,,,23,0.75,True,True,pass
DOI_10.1016_j.isci.2024.111628,B_unaudited,Neutrophils,,human,TREM1,TREM1,,annotation_marker,positive,"Results, Classification of immune cells, Fig. 1D Dot Plot",neutrophils (GK+/AQP9+/TREM1+),never_audited,,,23,0.75,True,True,pass
DOI_10.1016_j.isci.2024.111628,B_unaudited,T cells,,human,Il7R,Il7R,,annotation_marker,positive,"Results, Classification of immune cells, Fig. 1D Dot Plot",T cells (Il7R+/CD8A+/CD8B+),never_audited,,,23,1.0,True,True,pass
DOI_10.1016_j.isci.2024.111628,B_unaudited,T cells,,human,CD8A,CD8A,,annotation_marker,positive,"Results, Classification of immune cells, Fig. 1D Dot Plot",T cells (Il7R+/CD8A+/CD8B+),never_audited,,,23,1.0,True,True,pass
DOI_10.1016_j.isci.2024.111628,B_unaudited,T cells,,human,CD8B,CD8B,,annotation_marker,positive,"Results, Classification of immune cells, Fig. 1D Dot Plot",T cells (Il7R+/CD8A+/CD8B+),never_audited,,,23,1.0,True,True,pass
DOI_10.1016_j.isci.2024.111628,B_unaudited,T cells,,human,IL7R,IL7R,,author_declared,positive,"Results, Assessment of immune cells, Fig. 2B Heatmaps","For single-nucleus top DEGs, notable markers included LYVE1 and RNASE1 for macrophage, TLR2 for monocytes, and IL7R for T cells.",never_audited,,,23,0.9231,True,True,duplicate_pool
DOI_10.1016_j.isci.2024.111628,B_unaudited,Natural killer (NK) cells,,human,KLRD1,KLRD1,,annotation_marker,positive,"Results, Classification of immune cells, Fig. 1D Dot Plot",natural killer (NK) cells (KLRD1+/CD247+/GZMB+),never_audited,,,23,0.8571,True,True,pass
DOI_10.1016_j.isci.2024.111628,B_unaudited,Natural killer (NK) cells,,human,CD247,CD247,,annotation_marker,positive,"Results, Classification of immune cells, Fig. 1D Dot Plot",natural killer (NK) cells (KLRD1+/CD247+/GZMB+),never_audited,,,23,0.8571,True,True,pass
DOI_10.1016_j.isci.2024.111628,B_unaudited,Natural killer (NK) cells,,human,GZMB,GZMB,,annotation_marker,positive,"Results, Classification of immune cells, Fig. 1D Dot Plot",natural killer (NK) cells (KLRD1+/CD247+/GZMB+),never_audited,,,23,0.8571,True,True,pass
DOI_10.1016_j.isci.2024.111628,B_unaudited,Mast cells,,human,KIT,KIT,,annotation_marker,positive,"Results, Classification of immune cells, Fig. 1D Dot Plot",mast cells (KIT+/TPSAB1+/TPSB2+),never_audited,,,23,1.0,True,True,pass
DOI_10.1016_j.isci.2024.111628,B_unaudited,Mast cells,,human,TPSAB1,TPSAB1,,annotation_marker,positive,"Results, Classification of immune cells, Fig. 1D Dot Plot",mast cells (KIT+/TPSAB1+/TPSB2+),never_audited,,,23,1.0,True,True,pass
DOI_10.1016_j.isci.2024.111628,B_unaudited,Mast cells,,human,TPSB2,TPSB2,,annotation_marker,positive,"Results, Classification of immune cells, Fig. 1D Dot Plot",mast cells (KIT+/TPSAB1+/TPSB2+),never_audited,,,23,1.0,True,True,pass
DOI_10.1016_j.isci.2024.111628,B_unaudited,Fibroblasts,,human,PDGFRA,PDGFRA,,annotation_marker,positive,"Results, Classification of stromal cells, Fig. 1E UMAP/Dot Plot",several distinct fibroblast clusters (PDGFRA+/DCN+/COL1A1+) were observed,never_audited,,,23,1.0,True,True,pass
DOI_10.1016_j.isci.2024.111628,B_unaudited,Fibroblasts,,human,DCN,DCN,,annotation_marker,positive,"Results, Classification of stromal cells, Fig. 1E UMAP/Dot Plot",several distinct fibroblast clusters (PDGFRA+/DCN+/COL1A1+) were observed,never_audited,,,23,1.0,True,True,pass
DOI_10.1016_j.isci.2024.111628,B_unaudited,Fibroblasts,,human,COL1A1,COL1A1,,annotation_marker,positive,"Results, Classification of stromal cells, Fig. 1E UMAP/Dot Plot",several distinct fibroblast clusters (PDGFRA+/DCN+/COL1A1+) were observed,never_audited,,,23,1.0,True,True,pass
DOI_10.1016_j.isci.2024.111628,B_unaudited,Myofibroblast,,human,MYLK,MYLK,,annotation_marker,positive,"Results, Classification of stromal cells, Fig. 1E UMAP/Dot Plot",we identified five clusters which we refer to as myofibroblast (MYLK+/MYH11+),never_audited,,,23,1.0,True,True,pass
DOI_10.1016_j.isci.2024.111628,B_unaudited,Myofibroblast,,human,MYH11,MYH11,,annotation_marker,positive,"Results, Classification of stromal cells, Fig. 1E UMAP/Dot Plot",we identified five clusters which we refer to as myofibroblast (MYLK+/MYH11+),never_audited,,,23,1.0,True,True,pass
DOI_10.1016_j.isci.2024.111628,B_unaudited,Peri-urothelial fibroblast,,human,LAMC3,LAMC3,,annotation_marker,positive,"Results, Classification of stromal cells, Fig. 1E UMAP/Dot Plot",peri-urothelial fibroblast (LAMC3+/PTCH1+/APOE+),never_audited,,,23,1.0,True,True,pass
DOI_10.1016_j.isci.2024.111628,B_unaudited,Peri-urothelial fibroblast,,human,PTCH1,PTCH1,,annotation_marker,positive,"Results, Classification of stromal cells, Fig. 1E UMAP/Dot Plot",peri-urothelial fibroblast (LAMC3+/PTCH1+/APOE+),never_audited,,,23,1.0,True,True,pass
DOI_10.1016_j.isci.2024.111628,B_unaudited,Peri-urothelial fibroblast,,human,APOE,APOE,,annotation_marker,positive,"Results, Classification of stromal cells, Fig. 1E UMAP/Dot Plot",peri-urothelial fibroblast (LAMC3+/PTCH1+/APOE+),never_audited,,,23,1.0,True,True,pass
DOI_10.1016_j.isci.2024.111628,B_unaudited,Lamina propria fibroblast,,human,GAS1,GAS1,,annotation_marker,positive,"Results, Classification of stromal cells, Fig. 1E UMAP/Dot Plot",lamina propria fibroblast (GAS1+/PCOLCE2+/PI16+/MFAP5+),never_audited,,,23,1.0,True,True,pass
DOI_10.1016_j.isci.2024.111628,B_unaudited,Lamina propria fibroblast,,human,PCOLCE2,PCOLCE2,,annotation_marker,positive,"Results, Classification of stromal cells, Fig. 1E UMAP/Dot Plot",lamina propria fibroblast (GAS1+/PCOLCE2+/PI16+/MFAP5+),never_audited,,,23,1.0,True,True,pass
DOI_10.1016_j.isci.2024.111628,B_unaudited,Lamina propria fibroblast,,human,PI16,PI16,,annotation_marker,positive,"Results, Classification of stromal cells, Fig. 1E UMAP/Dot Plot",lamina propria fibroblast (GAS1+/PCOLCE2+/PI16+/MFAP5+),never_audited,,,23,1.0,True,True,pass
DOI_10.1016_j.isci.2024.111628,B_unaudited,Lamina propria fibroblast,,human,MFAP5,MFAP5,,annotation_marker,positive,"Results, Classification of stromal cells, Fig. 1E UMAP/Dot Plot",lamina propria fibroblast (GAS1+/PCOLCE2+/PI16+/MFAP5+),never_audited,,,23,1.0,True,True,pass
DOI_10.1016_j.isci.2024.111628,B_unaudited,Intra-muscular fibroblast,,human,C7,C7,,annotation_marker,positive,"Results, Classification of stromal cells, Fig. 1E UMAP/Dot Plot",intra-muscular fibroblast (C7+/PCOLCE2-),never_audited,,,23,1.0,True,True,pass
DOI_10.1016_j.isci.2024.111628,B_unaudited,Intra-muscular fibroblast,,human,PCOLCE2,PCOLCE2,,annotation_marker,unknown,"Results, Classification of stromal cells, Fig. 1E UMAP/Dot Plot",intra-muscular fibroblast (C7+/PCOLCE2-),never_audited,,,23,1.0,True,True,pass
DOI_10.1016_j.isci.2024.111628,B_unaudited,CXCL14hi fibroblast,,human,GPC3,GPC3,,annotation_marker,positive,"Results, Classification of stromal cells, Fig. 1E UMAP/Dot Plot",CXCL14hi fibroblast (GPC3+/NFGR+/CXCL14+),never_audited,,,23,1.0,True,True,pass
DOI_10.1016_j.isci.2024.111628,B_unaudited,CXCL14hi fibroblast,,human,NFGR,NFGR,,annotation_marker,positive,"Results, Classification of stromal cells, Fig. 1E UMAP/Dot Plot",CXCL14hi fibroblast (GPC3+/NFGR+/CXCL14+),never_audited,,,23,1.0,True,True,pass
DOI_10.1016_j.isci.2024.111628,B_unaudited,CXCL14hi fibroblast,,human,CXCL14,CXCL14,,annotation_marker,positive,"Results, Classification of stromal cells, Fig. 1E UMAP/Dot Plot",CXCL14hi fibroblast (GPC3+/NFGR+/CXCL14+),never_audited,,,23,1.0,True,True,pass
DOI_10.1016_j.isci.2024.111628,B_unaudited,General endothelial cells,,human,PECAM1,PECAM1,,annotation_marker,positive,"Results, Classification of stromal cells, Fig. 1E UMAP/Dot Plot",The endothelial cell population comprised a more general endothelial cluster (PECAM1+/GJA5-/SELP-/LYVE1-),never_audited,,,23,1.0,True,True,pass
DOI_10.1016_j.isci.2024.111628,B_unaudited,General endothelial cells,,human,GJA5,GJA5,,annotation_marker,unknown,"Results, Classification of stromal cells, Fig. 1E UMAP/Dot Plot",The endothelial cell population comprised a more general endothelial cluster (PECAM1+/GJA5-/SELP-/LYVE1-),never_audited,,,23,1.0,True,True,pass
DOI_10.1016_j.isci.2024.111628,B_unaudited,General endothelial cells,,human,SELP,SELP,,annotation_marker,unknown,"Results, Classification of stromal cells, Fig. 1E UMAP/Dot Plot",The endothelial cell population comprised a more general endothelial cluster (PECAM1+/GJA5-/SELP-/LYVE1-),never_audited,,,23,1.0,True,True,pass
DOI_10.1016_j.isci.2024.111628,B_unaudited,General endothelial cells,,human,LYVE1,LYVE1,,annotation_marker,unknown,"Results, Classification of stromal cells, Fig. 1E UMAP/Dot Plot",The endothelial cell population comprised a more general endothelial cluster (PECAM1+/GJA5-/SELP-/LYVE1-),never_audited,,,23,1.0,True,True,pass
DOI_10.1016_j.isci.2024.111628,B_unaudited,Venous endothelial cells,,human,SELP,SELP,,annotation_marker,positive,"Results, Classification of stromal cells, Fig. 1E UMAP/Dot Plot",a venous cluster (SELP+/NRP1+),never_audited,,,23,1.0,True,True,pass
DOI_10.1016_j.isci.2024.111628,B_unaudited,Venous endothelial cells,,human,NRP1,NRP1,,annotation_marker,positive,"Results, Classification of stromal cells, Fig. 1E UMAP/Dot Plot",a venous cluster (SELP+/NRP1+),never_audited,,,23,1.0,True,True,pass
DOI_10.1016_j.isci.2024.111628,B_unaudited,Arterial endothelial cells,,human,GJA5,GJA5,,annotation_marker,positive,"Results, Classification of stromal cells, Fig. 1E UMAP/Dot Plot",an arterial cluster (GJA5+/BMX+),never_audited,,,23,1.0,True,True,pass
DOI_10.1016_j.isci.2024.111628,B_unaudited,Arterial endothelial cells,,human,BMX,BMX,,annotation_marker,positive,"Results, Classification of stromal cells, Fig. 1E UMAP/Dot Plot",an arterial cluster (GJA5+/BMX+),never_audited,,,23,1.0,True,True,pass
DOI_10.1016_j.isci.2024.111628,B_unaudited,Lymphatic endothelial cells,,human,LYVE1,LYVE1,,annotation_marker,positive,"Results, Classification of stromal cells, Fig. 1E UMAP/Dot Plot",a lymphatic cluster (LYVE1+/TFF3+/CD36+),never_audited,,,23,1.0,True,True,pass
DOI_10.1016_j.isci.2024.111628,B_unaudited,Lymphatic endothelial cells,,human,TFF3,TFF3,,annotation_marker,positive,"Results, Classification of stromal cells, Fig. 1E UMAP/Dot Plot",a lymphatic cluster (LYVE1+/TFF3+/CD36+),never_audited,,,23,1.0,True,True,pass
DOI_10.1016_j.isci.2024.111628,B_unaudited,Lymphatic endothelial cells,,human,CD36,CD36,,annotation_marker,positive,"Results, Classification of stromal cells, Fig. 1E UMAP/Dot Plot",a lymphatic cluster (LYVE1+/TFF3+/CD36+),never_audited,,,23,1.0,True,True,pass
DOI_10.1016_j.isci.2024.111628,B_unaudited,Smooth muscle cells,,human,ACTA2,ACTA2,,annotation_marker,positive,"Results, Classification of stromal cells, Fig. 1E UMAP/Dot Plot",general smooth muscle cells (ACTA2+/ACTG2+/DES+),never_audited,,,23,1.0,True,True,pass
DOI_10.1016_j.isci.2024.111628,B_unaudited,Smooth muscle cells,,human,ACTG2,ACTG2,,annotation_marker,positive,"Results, Classification of stromal cells, Fig. 1E UMAP/Dot Plot",general smooth muscle cells (ACTA2+/ACTG2+/DES+),never_audited,,,23,1.0,True,True,pass
DOI_10.1016_j.isci.2024.111628,B_unaudited,Smooth muscle cells,,human,DES,DES,,annotation_marker,positive,"Results, Classification of stromal cells, Fig. 1E UMAP/Dot Plot",general smooth muscle cells (ACTA2+/ACTG2+/DES+),never_audited,,,23,1.0,True,True,pass
DOI_10.1016_j.isci.2024.111628,B_unaudited,Vascular smooth muscle cells,,human,RGS5,RGS5,,annotation_marker,positive,"Results, Classification of stromal cells, Fig. 1E UMAP/Dot Plot",vascular smooth muscle cells (RGS5+/NOTCH3+/MCAM+),never_audited,,,23,1.0,True,True,pass
DOI_10.1016_j.isci.2024.111628,B_unaudited,Vascular smooth muscle cells,,human,NOTCH3,NOTCH3,,annotation_marker,positive,"Results, Classification of stromal cells, Fig. 1E UMAP/Dot Plot",vascular smooth muscle cells (RGS5+/NOTCH3+/MCAM+),never_audited,,,23,1.0,True,True,pass
DOI_10.1016_j.isci.2024.111628,B_unaudited,Vascular smooth muscle cells,,human,MCAM,MCAM,,annotation_marker,positive,"Results, Classification of stromal cells, Fig. 1E UMAP/Dot Plot",vascular smooth muscle cells (RGS5+/NOTCH3+/MCAM+),never_audited,,,23,1.0,True,True,pass
DOI_10.1016_j.jcf.2025.01.016,A_exclude,Neutrophil-like cells,,human,FCGR3B,FCGR3B,exact,annotation_marker,positive,"Results 2.2, Fig. S1F-G",we did detect a small subset of neutrophil-like cells (defined by high levels of FCGR3B and CSF3R expression),exclude,该 Marker 用于定义中性粒细胞样细胞，与任务目标 Pulmonary neuroendocrine cell 无关，属于范围外细胞类型。,True,8,1.0,True,True,pass
DOI_10.1016_j.jcf.2025.01.016,A_exclude,Neutrophil-like cells,,human,CSF3R,CSF3R,exact,annotation_marker,positive,"Results 2.2, Fig. S1F-G",we did detect a small subset of neutrophil-like cells (defined by high levels of FCGR3B and CSF3R expression),exclude,该 Marker 用于定义中性粒细胞样细胞，与任务目标 Pulmonary neuroendocrine cell 无关，属于范围外细胞类型。,True,8,1.0,True,True,pass
DOI_10.1016_j.jcf.2025.01.016,A_exclude,Cytotoxic CD8+ T cells,,human,CD69,CD69,exact,reference_imported,positive,"Results 2.4, Fig. 3C",canonical immune activation marker (CD69) (Fig. 3C),exclude,该 Marker 为 CD8+ T 细胞活化相关基因，非任务目标细胞；证据仅为引用已知标记，未用于定义目标细胞。,True,8,1.0,True,True,pass
DOI_10.1016_j.stem.2022.11.013,A_exclude,myofibroblasts,NOTUM+,human,NOTUM,NOTUM,exact,annotation_marker,positive,Highlights,NOTUM+ myofibroblasts spatially pattern differentiating human alveolar-type-2 cells,exclude,非目标细胞类型；不属于 pulmonary neuroendocrine cell 范围,True,18,0.875,True,True,pass
DOI_10.1016_j.stem.2022.11.013,A_exclude,human lung tip progenitors,,human,SOX9,SOX9,exact,annotation_marker,positive,"Introduction, paragraph 2",SOX9+ human lung tip progenitors acquire an AT2 gene expression signature by 15 pcw,exclude,非目标细胞类型；不属于 pulmonary neuroendocrine cell 范围,True,18,0.9167,True,True,pass
DOI_10.1016_j.stem.2022.11.013,A_exclude,human lung tip progenitors,,human,SOX2,SOX2,exact,annotation_marker,positive,"Introduction, paragraph 2",The human tip epithelium is SOX9/SOX2 dual-positive during airway branching,exclude,非目标细胞类型；不属于 pulmonary neuroendocrine cell 范围,True,18,0.875,True,True,pass
DOI_10.1016_j.stem.2022.11.013,A_exclude,tip progenitor cells,distal tip epithelium,human,SOX9,SOX9,exact,author_declared,positive,"Results, first paragraph","10–12 pcw distal tips were columnar and marked by SOX9, SOX2, and TPPP3.",exclude,非目标细胞类型；不属于 pulmonary neuroendocrine cell 范围,True,18,1.0,True,True,pass
DOI_10.1016_j.stem.2022.11.013,A_exclude,tip progenitor cells,distal tip epithelium,human,SOX2,SOX2,exact,author_declared,positive,"Results, first paragraph","10–12 pcw distal tips were columnar and marked by SOX9, SOX2, and TPPP3.",exclude,非目标细胞类型；不属于 pulmonary neuroendocrine cell 范围,True,18,1.0,True,True,pass
DOI_10.1016_j.stem.2022.11.013,A_exclude,tip progenitor cells,distal tip epithelium,human,TPPP3,TPPP3,exact,author_declared,positive,"Results, first paragraph","10–12 pcw distal tips were columnar and marked by SOX9, SOX2, and TPPP3.",exclude,非目标细胞类型；不属于 pulmonary neuroendocrine cell 范围,True,18,1.0,True,True,pass
DOI_10.1016_j.stem.2022.11.013,A_exclude,tip progenitor cells,distal tip epithelium,human,CD44,CD44,exact,author_declared,positive,"Results, surface-marker paragraph",CD44 marks tip epithelial cells across all stages of lung development tested.,exclude,非目标细胞类型；不属于 pulmonary neuroendocrine cell 范围,True,18,1.0,True,True,pass
DOI_10.1016_j.stem.2022.11.013,A_exclude,late-stage tip epithelial cells,alveolar-stage tip (CD44+CD36+),human,CD44,CD44,exact,author_declared,positive,"Results, surface-marker paragraph",dual expression of CD44 and CD36 marks the tip epithelial population in the 15–21 pcw stage lung,exclude,非目标细胞类型；不属于 pulmonary neuroendocrine cell 范围,True,18,1.0,True,True,pass
DOI_10.1016_j.stem.2022.11.013,A_exclude,late-stage tip epithelial cells,alveolar-stage tip (CD44+CD36+),human,CD36,CD36,exact,author_declared,positive,"Results, surface-marker paragraph","CD36 is specific to the ≥15–22 pcw stage tips where it is co-expressed with CD44, SFTPC and SOX9",exclude,非目标细胞类型；不属于 pulmonary neuroendocrine cell 范围,True,18,1.0,True,True,pass
DOI_10.1016_j.stem.2022.11.013,A_exclude,late-stage tip epithelial cells,alveolar-stage tip (CD44+CD36+),human,SFTPC,SFTPC,exact,author_declared,positive,"Results, first paragraph","late-stage tip cells co-expressed alveolar lineage markers, such as SFTPC, LAMP3, and SLC34A2",exclude,非目标细胞类型；不属于 pulmonary neuroendocrine cell 范围,True,18,1.0,True,True,pass
DOI_10.1016_j.stem.2022.11.013,A_exclude,late-stage tip epithelial cells,alveolar-stage tip (CD44+CD36+),human,LAMP3,LAMP3,exact,author_declared,positive,"Results, first paragraph","late-stage tip cells co-expressed alveolar lineage markers, such as SFTPC, LAMP3, and SLC34A2",exclude,非目标细胞类型；不属于 pulmonary neuroendocrine cell 范围,True,18,1.0,True,True,pass
DOI_10.1016_j.stem.2022.11.013,A_exclude,late-stage tip epithelial cells,alveolar-stage tip (CD44+CD36+),human,SLC34A2,SLC34A2,exact,author_declared,positive,"Results, first paragraph","late-stage tip cells co-expressed alveolar lineage markers, such as SFTPC, LAMP3, and SLC34A2",exclude,非目标细胞类型；不属于 pulmonary neuroendocrine cell 范围,True,18,1.0,True,True,pass
DOI_10.1016_j.stem.2022.11.013,A_exclude,late-stage tip epithelial cells,alveolar-stage tip (CD44+CD36+),human,SOX9,SOX9,exact,author_declared,positive,"Results, surface-marker paragraph","CD36 is specific to the ≥15–22 pcw stage tips where it is co-expressed with CD44, SFTPC and SOX9",exclude,非目标细胞类型；不属于 pulmonary neuroendocrine cell 范围,True,18,1.0,True,True,pass
DOI_10.1016_j.stem.2022.11.013,A_exclude,late-stage tip epithelial cells,alveolar-stage tip (CD44+CD36+),human,SOX2,SOX2,exact,annotation_marker,positive,"Results, first paragraph","17–22 pcw distal tip epithelium contained more cuboidal SOX2+, SOX9+, TPPP3+ cells",exclude,非目标细胞类型；不属于 pulmonary neuroendocrine cell 范围,True,18,1.0,True,True,pass
DOI_10.1016_j.stem.2022.11.013,A_exclude,late-stage tip epithelial cells,alveolar-stage tip (CD44+CD36+),human,TPPP3,TPPP3,exact,annotation_marker,positive,"Results, first paragraph","17–22 pcw distal tip epithelium contained more cuboidal SOX2+, SOX9+, TPPP3+ cells",exclude,非目标细胞类型；不属于 pulmonary neuroendocrine cell 范围,True,18,1.0,True,True,pass
DOI_10.1016_j.stem.2022.11.013,A_exclude,stalk cells,tip-adjacent stalk cells,human,PDPN,PDPN,exact,annotation_marker,positive,"Results, surface-marker paragraph",SOX9−/PDPN+ tip-adjacent (stalk) cells,exclude,非目标细胞类型；不属于 pulmonary neuroendocrine cell 范围,True,18,1.0,True,True,pass
DOI_10.1016_j.stem.2022.11.013,A_exclude,stalk cells,tip-adjacent stalk cells,human,SOX9,SOX9,exact,annotation_marker,negative,"Results, surface-marker paragraph",SOX9−/PDPN+ tip-adjacent (stalk) cells,exclude,非目标细胞类型；不属于 pulmonary neuroendocrine cell 范围；SOX9− 明确用于定义 stalk 细胞，极性为 negative,True,18,1.0,True,True,pass
DOI_10.1016_j.stem.2022.11.013,A_exclude,airway-lineage cells,airway progenitors,human,TP63,TP63,exact,author_declared,positive,"Results, late-tip section","the airway markers, TP63 and SOX2",exclude,非目标细胞类型；不属于 pulmonary neuroendocrine cell 范围,True,18,1.0,True,True,pass
DOI_10.1016_j.stem.2022.11.013,A_exclude,airway-lineage cells,airway progenitors,human,SOX2,SOX2,exact,author_declared,positive,"Results, late-tip section","the airway markers, TP63 and SOX2",exclude,非目标细胞类型；不属于 pulmonary neuroendocrine cell 范围,True,18,1.0,True,True,pass
DOI_10.1016_j.stem.2022.11.013,A_exclude,distal airway cells,SCGB3A2+ distal airway regions,human,SCGB3A2,SCGB3A2,exact,annotation_marker,positive,"Results, NKX2.1 section",SCGB3A2+ distal airway regions,exclude,非目标细胞类型；不属于 pulmonary neuroendocrine cell 范围,True,18,1.0,True,True,pass
DOI_10.1016_j.stem.2022.11.013,A_exclude,AT2 cells,alveolar type 2 cells,human,SFTPC,SFTPC,exact,author_declared,positive,"Results, first paragraph","AT2 cell markers, SFTPC, and HTII-280",exclude,非目标细胞类型；不属于 pulmonary neuroendocrine cell 范围,True,18,1.0,True,True,pass
DOI_10.1016_j.stem.2022.11.013,A_exclude,AT2 cells,alveolar type 2 cells,human,LAMP3,LAMP3,exact,author_declared,positive,"Results, AT2 differentiation section","AT2-specific LAMP3, HOPX, and ACE2 proteins increased",exclude,非目标细胞类型；不属于 pulmonary neuroendocrine cell 范围,True,18,0.8333,True,True,pass
DOI_10.1016_j.stem.2022.11.013,A_exclude,AT2 cells,alveolar type 2 cells,human,HOPX,HOPX,exact,author_declared,positive,"Results, AT2 differentiation section","AT2-specific LAMP3, HOPX, and ACE2 proteins increased",exclude,非目标细胞类型；不属于 pulmonary neuroendocrine cell 范围,True,18,0.8333,True,True,pass
DOI_10.1016_j.stem.2022.11.013,A_exclude,AT2 cells,alveolar type 2 cells,human,ACE2,ACE2,exact,author_declared,positive,"Results, AT2 differentiation section","AT2-specific LAMP3, HOPX, and ACE2 proteins increased",exclude,非目标细胞类型；不属于 pulmonary neuroendocrine cell 范围,True,18,0.8333,True,True,pass
DOI_10.1016_j.stem.2022.11.013,A_exclude,AT2 cells,alveolar type 2 cells,human,SLC34A2,SLC34A2,exact,figure_labeled,positive,Figure 3D legend,"AT2 lineage markers, SFTPC, HOPX, SLC34A2",exclude,非目标细胞类型；不属于 pulmonary neuroendocrine cell 范围,True,18,1.0,True,True,pass
DOI_10.1016_j.stem.2022.11.013,A_exclude,AT2 cells,alveolar type 2 cells,human,CEBPD,CEBPD,exact,author_declared,positive,"Results, NKX2.1 section","other AT2 markers including SCL34A2, LAMP3, CEBPD, HOPX, and AXIN2",exclude,非目标细胞类型；不属于 pulmonary neuroendocrine cell 范围,True,18,1.0,True,True,pass
DOI_10.1016_j.stem.2022.11.013,A_exclude,AT2 cells,alveolar type 2 cells,human,AXIN2,AXIN2,exact,author_declared,positive,"Results, NKX2.1 section","other AT2 markers including SCL34A2, LAMP3, CEBPD, HOPX, and AXIN2",exclude,非目标细胞类型；不属于 pulmonary neuroendocrine cell 范围,True,18,1.0,True,True,pass
DOI_10.1016_j.stem.2022.11.013,A_exclude,AT1 cells,differentiating AT1 cells,human,NKX2.1,NKX2-1,alias_resolved,annotation_marker,positive,"Results, NOTUM section","NKX2.1+, SPOCK2+ differentiating AT1 cells emerged at the SFTPC− stalk regions",exclude,非目标细胞类型；不属于 pulmonary neuroendocrine cell 范围,True,18,1.0,True,True,pass
DOI_10.1016_j.stem.2022.11.013,A_exclude,AT1 cells,differentiating AT1 cells,human,SPOCK2,SPOCK2,exact,annotation_marker,positive,"Results, NOTUM section","NKX2.1+, SPOCK2+ differentiating AT1 cells emerged at the SFTPC− stalk regions",exclude,非目标细胞类型；不属于 pulmonary neuroendocrine cell 范围,True,18,1.0,True,True,pass
DOI_10.1016_j.stem.2022.11.013,A_exclude,basal cells,basal-like cells,human,TP63/P63,TP63,alias_resolved,author_declared,positive,"Results, NKX2.1 section","basal cell markers TP63/P63, KRT5, and NGFR",exclude,非目标细胞类型；不属于 pulmonary neuroendocrine cell 范围,True,18,1.0,True,True,pass
DOI_10.1016_j.stem.2022.11.013,A_exclude,basal cells,basal-like cells,human,KRT5,KRT5,exact,author_declared,positive,"Results, NKX2.1 section","basal cell markers TP63/P63, KRT5, and NGFR",exclude,非目标细胞类型；不属于 pulmonary neuroendocrine cell 范围,True,18,1.0,True,True,pass
DOI_10.1016_j.stem.2022.11.013,A_exclude,basal cells,basal-like cells,human,NGFR,NGFR,exact,author_declared,positive,"Results, NKX2.1 section","basal cell markers TP63/P63, KRT5, and NGFR",exclude,非目标细胞类型；不属于 pulmonary neuroendocrine cell 范围,True,18,1.0,True,True,pass
DOI_10.1016_j.stem.2022.11.013,A_exclude,myofibroblasts,NOTUM+ myofibroblasts (PDGFRA+CD141+),human,PDGFRA,PDGFRA,exact,annotation_marker,positive,"Results, NOTUM section","PDGFRA+CD141+ myofibroblasts express high levels of ACTA2, NOTUM, and LEF1",exclude,非目标细胞类型；不属于 pulmonary neuroendocrine cell 范围,True,18,1.0,True,True,pass
DOI_10.1016_j.stem.2022.11.013,A_exclude,myofibroblasts,NOTUM+ myofibroblasts (PDGFRA+CD141+),human,CD141,THBD,alias_resolved,annotation_marker,positive,"Results, NOTUM section","PDGFRA+CD141+ myofibroblasts express high levels of ACTA2, NOTUM, and LEF1",exclude,CD141 为 THBD 的别名；非目标细胞类型,True,18,1.0,True,True,pass
DOI_10.1016_j.stem.2022.11.013,A_exclude,myofibroblasts,NOTUM+ myofibroblasts (PDGFRA+CD141+),human,ACTA2,ACTA2,exact,figure_labeled,positive,Figure 4M legend,ACTA2+NOTUM+ myofibroblasts and SFTPC+ tip epithelium,exclude,非目标细胞类型；不属于 pulmonary neuroendocrine cell 范围,True,18,1.0,True,True,pass
DOI_10.1016_j.stem.2022.11.013,A_exclude,myofibroblasts,NOTUM+ myofibroblasts (PDGFRA+CD141+),human,NOTUM,NOTUM,exact,figure_labeled,positive,Figure 4M legend,ACTA2+NOTUM+ myofibroblasts and SFTPC+ tip epithelium,exclude,非目标细胞类型；不属于 pulmonary neuroendocrine cell 范围,True,18,1.0,True,True,duplicate_pool
DOI_10.1016_j.stem.2022.11.013,A_exclude,myofibroblasts,NOTUM+ myofibroblasts (PDGFRA+CD141+),human,LEF1,LEF1,exact,cluster_enriched,positive,"Results, NOTUM section","express high levels of ACTA2, NOTUM, and LEF1",exclude,非目标细胞类型；不属于 pulmonary neuroendocrine cell 范围,True,18,1.0,True,True,pass
DOI_10.1016_j.stem.2022.11.013,A_exclude,alveolar fibroblasts,PDGFRA−CD141− fibroblasts,human,PDGFRA,PDGFRA,exact,annotation_marker,negative,"Results, NOTUM section",PDGFRA−CD141− fibroblasts express high levels of WNT2 and FGFR4,exclude,非目标细胞类型；不属于 pulmonary neuroendocrine cell 范围；PDGFRA− 明确用于定义肺泡成纤维细胞,True,18,1.0,True,True,pass
DOI_10.1016_j.stem.2022.11.013,A_exclude,alveolar fibroblasts,PDGFRA−CD141− fibroblasts,human,CD141,THBD,alias_resolved,annotation_marker,negative,"Results, NOTUM section",PDGFRA−CD141− fibroblasts express high levels of WNT2 and FGFR4,exclude,CD141 为 THBD 的别名；非目标细胞类型；CD141− 明确用于定义肺泡成纤维细胞,True,18,1.0,True,True,pass
DOI_10.1016_j.stem.2022.11.013,A_exclude,alveolar fibroblasts,PDGFRA−CD141− fibroblasts,human,WNT2,WNT2,exact,cluster_enriched,positive,"Results, NOTUM section",express high levels of WNT2 and FGFR4,exclude,非目标细胞类型；不属于 pulmonary neuroendocrine cell 范围,True,18,1.0,True,True,pass
DOI_10.1016_j.stem.2022.11.013,A_exclude,alveolar fibroblasts,PDGFRA−CD141− fibroblasts,human,FGFR4,FGFR4,exact,cluster_enriched,positive,"Results, NOTUM section",express high levels of WNT2 and FGFR4,exclude,非目标细胞类型；不属于 pulmonary neuroendocrine cell 范围,True,18,1.0,True,True,pass
DOI_10.1016_j.stem.2022.11.013,A_exclude,CD44+CD36− cells,stalk-like cells,human,CD44,CD44,exact,annotation_marker,positive,"Results, late-tip section",the CD44+CD36− cells had the highest level of SOX9 and a moderate level of SOX2,exclude,非目标细胞类型；不属于 pulmonary neuroendocrine cell 范围,True,18,1.0,True,True,pass
DOI_10.1016_j.stem.2022.11.013,A_exclude,CD44+CD36− cells,stalk-like cells,human,CD36,CD36,exact,annotation_marker,negative,"Results, late-tip section",the CD44+CD36− cells had the highest level of SOX9 and a moderate level of SOX2,exclude,非目标细胞类型；不属于 pulmonary neuroendocrine cell 范围；CD36− 明确用于定义该亚群,True,18,1.0,True,True,pass
DOI_10.1016_j.stem.2022.11.013,A_exclude,CD44+CD36− cells,stalk-like cells,human,SOX9,SOX9,exact,cluster_enriched,positive,"Results, late-tip section",the CD44+CD36− cells had the highest level of SOX9 and a moderate level of SOX2,exclude,非目标细胞类型；不属于 pulmonary neuroendocrine cell 范围,True,18,1.0,True,True,pass
DOI_10.1016_j.stem.2022.11.013,A_exclude,CD44+CD36− cells,stalk-like cells,human,SOX2,SOX2,exact,cluster_enriched,positive,"Results, late-tip section",the CD44+CD36− cells had the highest level of SOX9 and a moderate level of SOX2,exclude,非目标细胞类型；不属于 pulmonary neuroendocrine cell 范围,True,18,1.0,True,True,pass
DOI_10.1016_j.stem.2022.11.013,A_exclude,CD44−CD36− cells,airway-lineage cells,human,CD44,CD44,exact,annotation_marker,negative,"Results, late-tip section",CD44−CD36− cells had the highest levels of airway markers TP63 and SOX2,exclude,非目标细胞类型；不属于 pulmonary neuroendocrine cell 范围；CD44− 明确用于定义该亚群,True,18,1.0,True,True,pass
DOI_10.1016_j.stem.2022.11.013,A_exclude,CD44−CD36− cells,airway-lineage cells,human,CD36,CD36,exact,annotation_marker,negative,"Results, late-tip section",CD44−CD36− cells had the highest levels of airway markers TP63 and SOX2,exclude,非目标细胞类型；不属于 pulmonary neuroendocrine cell 范围；CD36− 明确用于定义该亚群,True,18,1.0,True,True,pass
DOI_10.1016_j.stem.2022.11.013,A_exclude,CD44−CD36− cells,airway-lineage cells,human,TP63,TP63,exact,author_declared,positive,"Results, late-tip section",airway markers TP63 and SOX2,exclude,非目标细胞类型；不属于 pulmonary neuroendocrine cell 范围,True,18,1.0,True,True,pass
DOI_10.1016_j.stem.2022.11.013,A_exclude,CD44−CD36− cells,airway-lineage cells,human,SOX2,SOX2,exact,author_declared,positive,"Results, late-tip section",airway markers TP63 and SOX2,exclude,非目标细胞类型；不属于 pulmonary neuroendocrine cell 范围,True,18,1.0,True,True,pass
DOI_10.1016_j.stem.2022.11.013,A_exclude,Tip epithelium,,human,CD44,CD44,exact,annotation_marker,positive,Main text; STAR Methods - Isolation of tip epithelial cells,"Our LinPOS organoids are derived from the CD44+,CD36+17-21pcw tips. For isolation of CD44+, or CD44+CD36+, tip epithelium directly from the distal lung tissues ... EPCAM+ epithelial cells were sorted by CD44 and/or CD36 expression by FACS.",exclude,非目标细胞类型；不属于 pulmonary neuroendocrine cell 范围；CD44/CD36 用于分选门控,True,18,0.95,True,True,pass
DOI_10.1016_j.stem.2022.11.013,A_exclude,Tip epithelium,,human,CD36,CD36,exact,annotation_marker,positive,Main text; STAR Methods - Isolation of tip epithelial cells,"Our LinPOS organoids are derived from the CD44+,CD36+17-21pcw tips. For isolation of CD44+, or CD44+CD36+, tip epithelium directly from the distal lung tissues ... EPCAM+ epithelial cells were sorted by CD44 and/or CD36 expression by FACS.",exclude,非目标细胞类型；不属于 pulmonary neuroendocrine cell 范围；CD44/CD36 用于分选门控,True,18,0.95,True,True,pass
DOI_10.1016_j.stem.2022.11.013,A_exclude,Tip epithelium,,human,E-cadherin,CDH1,alias_resolved,figure_labeled,positive,Figure S1D legend,"Tip epithelium (arrowheads) is marked by E-cadherin, SFTPC, HTII-280, and SOX9.",exclude,E-cadherin 为 CDH1 的蛋白别名；非目标细胞类型,True,18,1.0,True,True,pass
DOI_10.1016_j.stem.2022.11.013,A_exclude,Tip epithelium,,human,SFTPC,SFTPC,exact,figure_labeled,positive,Figure S1D legend,"Tip epithelium (arrowheads) is marked by E-cadherin, SFTPC, HTII-280, and SOX9.",exclude,非目标细胞类型；不属于 pulmonary neuroendocrine cell 范围,True,18,1.0,True,True,pass
DOI_10.1016_j.stem.2022.11.013,A_exclude,Tip epithelium,,human,SOX9,SOX9,exact,figure_labeled,positive,Figure S1D legend,"Tip epithelium (arrowheads) is marked by E-cadherin, SFTPC, HTII-280, and SOX9.",exclude,非目标细胞类型；不属于 pulmonary neuroendocrine cell 范围,True,18,1.0,True,True,pass
DOI_10.1016_j.stem.2022.11.013,A_exclude,Tip epithelium,,human,PDPN,PDPN,exact,annotation_marker,negative,Figure S1F legend,"Stained for CD36, E-cadherin and PDPN ... Arrowheads indicate CD36+PDPN- tips.",exclude,非目标细胞类型；不属于 pulmonary neuroendocrine cell 范围；PDPN− 明确用于定义 CD36+ 尖端,True,18,1.0,True,True,pass
DOI_10.1016_j.stem.2022.11.013,A_exclude,Early-stage tip epithelium,,human,SOX9,SOX9,exact,model_inferred,positive,Figure S1E legend,"The early-stage tip epithelium at 10 pcw expresses SOX9 and TPPP3, and gains the expression of the alveolar lineage marker, SFTPC, at late stages.",exclude,非目标细胞类型；不属于 pulmonary neuroendocrine cell 范围；且仅为表达推断,True,18,1.0,True,True,pass
DOI_10.1016_j.stem.2022.11.013,A_exclude,Early-stage tip epithelium,,human,TPPP3,TPPP3,exact,model_inferred,positive,Figure S1E legend,"The early-stage tip epithelium at 10 pcw expresses SOX9 and TPPP3, and gains the expression of the alveolar lineage marker, SFTPC, at late stages.",exclude,非目标细胞类型；不属于 pulmonary neuroendocrine cell 范围；且仅为表达推断,True,18,1.0,True,True,pass
DOI_10.1016_j.stem.2022.11.013,A_exclude,Fetal AT2 cells,,human,SFTPC,SFTPC,exact,figure_labeled,positive,Figure S5O/P legend,"SFTPC, green, AT2 cell marker. The fetal AT2 cells are located at the stalk regions, next to the fetal AT1 cells.",exclude,非目标细胞类型；不属于 pulmonary neuroendocrine cell 范围,True,18,1.0,True,True,pass
DOI_10.1016_j.stem.2022.11.013,A_exclude,Fetal AT2 cells,,human,SOX9,SOX9,exact,annotation_marker,negative,Figure S1E legend,"The SFTPC+ stalk cells (hereafter, fetal AT2 cells) at 15 and 19 pcw lack SOX9 and TPPP3 expression (SOX9-TPPP3-SFTPC+).",exclude,非目标细胞类型；不属于 pulmonary neuroendocrine cell 范围；SOX9− 明确用于定义胎儿 AT2 细胞,True,18,1.0,True,True,pass
DOI_10.1016_j.stem.2022.11.013,A_exclude,Fetal AT2 cells,,human,TPPP3,TPPP3,exact,annotation_marker,negative,Figure S1E legend,"The SFTPC+ stalk cells (hereafter, fetal AT2 cells) at 15 and 19 pcw lack SOX9 and TPPP3 expression (SOX9-TPPP3-SFTPC+).",exclude,非目标细胞类型；不属于 pulmonary neuroendocrine cell 范围；TPPP3− 明确用于定义胎儿 AT2 细胞,True,18,1.0,True,True,pass
DOI_10.1016_j.stem.2022.11.013,A_exclude,Fetal AT1 cells,,human,SPOCK2,SPOCK2,exact,figure_labeled,positive,Figure S5O/P legend,"SPOCK2, red, AT1 cell marker; SFTPC, green, AT2 cell marker; white, NKX2.1, lung epithelial cell marker.",exclude,非目标细胞类型；不属于 pulmonary neuroendocrine cell 范围,True,18,1.0,True,True,pass
DOI_10.1016_j.stem.2022.11.013,A_exclude,Fetal AT1 cells,,human,SFTPC,SFTPC,exact,figure_labeled,negative,Figure S5O/P legend,"SFTPC-/SPOCK2+ stalk cells (hereafter, fetal AT1 cells) ... SFTPC, green, AT2 cell marker.",exclude,非目标细胞类型；不属于 pulmonary neuroendocrine cell 范围；SFTPC− 明确用于定义胎儿 AT1 细胞,True,18,1.0,True,True,pass
DOI_10.1016_j.stem.2022.11.013,A_exclude,LinPOS organoids,,human,SFTPC,SFTPC,exact,figure_labeled,positive,Figure S2A/B legend,"showing the alveolar lineage markers, SFTPC, HTII-280 (A) and LAMP3 (B, lower panel) were expressed in the LinPOS organoids, but not in the LinNEG organoids.",exclude,非目标细胞类型；不属于 pulmonary neuroendocrine cell 范围,True,18,1.0,True,True,pass
DOI_10.1016_j.stem.2022.11.013,A_exclude,LinPOS organoids,,human,LAMP3,LAMP3,exact,figure_labeled,positive,Figure S2A/B legend,"showing the alveolar lineage markers, SFTPC, HTII-280 (A) and LAMP3 (B, lower panel) were expressed in the LinPOS organoids, but not in the LinNEG organoids.",exclude,非目标细胞类型；不属于 pulmonary neuroendocrine cell 范围,True,18,1.0,True,True,pass
DOI_10.1016_j.stem.2022.11.013,A_exclude,Myofibroblasts,,human,NOTUM,NOTUM,exact,annotation_marker,positive,Figure S5N legend,"Time course analysis of NOTUM+ myofibroblasts, SCGB3A2+ terminal airway cells, and SFTPC+ tip and stalk cells from early (11 pcw) to late stages.",exclude,非目标细胞类型；不属于 pulmonary neuroendocrine cell 范围,True,18,1.0,True,True,pass
DOI_10.1016_j.stem.2022.11.013,A_exclude,Myofibroblasts,,human,ACTA2,ACTA2,exact,annotation_marker,positive,Figure S5M legend,Summary diagram showing the spatial regulation of Wnt signalling mediated by ACTA2+PDGFRa+CD141+ myofibroblasts in the distal regions of human lung tissues during the late-stage.,exclude,非目标细胞类型；不属于 pulmonary neuroendocrine cell 范围,True,18,1.0,True,True,pass
DOI_10.1016_j.stem.2022.11.013,A_exclude,Myofibroblasts,,human,PDGFRa,PDGFRA,alias_resolved,annotation_marker,positive,Figure S5M legend,ACTA2+PDGFRa+CD141+ myofibroblasts,exclude,PDGFRa 为 PDGFRA 的蛋白别名；非目标细胞类型,True,18,1.0,True,True,pass
DOI_10.1016_j.stem.2022.11.013,A_exclude,Myofibroblasts,,human,CD141,THBD,alias_resolved,annotation_marker,positive,Figure S5M legend,ACTA2+PDGFRa+CD141+ myofibroblasts,exclude,CD141 为 THBD 的别名；非目标细胞类型,True,18,1.0,True,True,pass
DOI_10.1016_j.stem.2022.11.013,A_exclude,Alveolar fibroblasts,,human,WNT2,WNT2,exact,figure_labeled,positive,Figure S5E legend,"WNT2, alveolar fibroblasts, white; NOTUM, myofibroblasts, red; CD44, tip epithelium, green.",exclude,非目标细胞类型；不属于 pulmonary neuroendocrine cell 范围,True,18,1.0,True,True,pass
DOI_10.1016_j.stem.2022.11.013,A_exclude,Alveolar fibroblasts,,human,PDGFRA,PDGFRA,exact,annotation_marker,negative,STAR Methods - In vitro coculture experiments,freshly sorted 2x105 PDGFRA+CD141+ myofibroblasts or PDGFRA-CD141- fibroblasts were mixed with SFTPC-eGFP+ LinPOS organoids...,exclude,非目标细胞类型；不属于 pulmonary neuroendocrine cell 范围；PDGFRA− 明确用于分选肺泡成纤维细胞,True,18,1.0,True,True,pass
DOI_10.1016_j.stem.2022.11.013,A_exclude,Alveolar fibroblasts,,human,CD141,THBD,alias_resolved,annotation_marker,negative,STAR Methods - In vitro coculture experiments,freshly sorted 2x105 PDGFRA+CD141+ myofibroblasts or PDGFRA-CD141- fibroblasts were mixed with SFTPC-eGFP+ LinPOS organoids...,exclude,CD141 为 THBD 的别名；非目标细胞类型；CD141− 明确用于分选肺泡成纤维细胞,True,18,1.0,True,True,pass
DOI_10.1016_j.stem.2022.11.013,A_exclude,Terminal airway cells,,human,SCGB3A2,SCGB3A2,exact,annotation_marker,positive,Figure S5N legend,"Time course analysis of NOTUM+ myofibroblasts, SCGB3A2+ terminal airway cells, and SFTPC+ tip and stalk cells from early (11 pcw) to late stages.",exclude,非目标细胞类型；不属于 pulmonary neuroendocrine cell 范围,True,18,1.0,True,True,pass
DOI_10.1016_j.stem.2022.11.013,A_exclude,Airway epithelium,,human,SOX2,SOX2,exact,annotation_marker,positive,Figure S1D legend,"SOX2, airway epithelium (C). DAPI, nuclei.",exclude,非目标细胞类型；不属于 pulmonary neuroendocrine cell 范围,True,18,1.0,True,True,pass
DOI_10.1016_j.stem.2022.11.013,A_exclude,Lung epithelial cells,,human,NKX2.1,NKX2-1,alias_resolved,figure_labeled,positive,Figure S5O/P legend,"SPOCK2, red, AT1 cell marker; SFTPC, green, AT2 cell marker; white, NKX2.1, lung epithelial cell marker.",exclude,非目标细胞类型；不属于 pulmonary neuroendocrine cell 范围,True,18,1.0,True,True,pass
DOI_10.1016_j.stem.2022.11.013,A_exclude,EPCAM+ cells,tip tissue cells,human,EPCAM,EPCAM,exact,annotation_marker,positive,Fig. S6N legend,Data was normalized to EPCAM+ positive cells freshly isolated from 20 pcw tip tissues.,exclude,非目标细胞类型；不属于 pulmonary neuroendocrine cell 范围；EPCAM+ 仅用于标记上皮细胞,True,18,1.0,True,True,pass
DOI_10.1038_s41467-021-21783-3,A_exclude,Alveolar cells (Avd),,mouse,Csn2,Csn2,exact,author_declared,positive,"Results, paragraph describing Fig. 2c,d","This was accompanied by the expression of known markers of alveologenesis such as the milk protein beta-casein (Csn2) and the transcription factor Elf5 (Fig. 2c, d).",exclude,"Alveolar epithelial cell, not Schwann cell; outside target_cell_scope.",True,40,1.0,True,True,pass
DOI_10.1038_s41467-021-21783-3,A_exclude,Alveolar cells (Avd),,mouse,Elf5,Elf5,exact,author_declared,positive,"Results, paragraph describing Fig. 2c,d","This was accompanied by the expression of known markers of alveologenesis such as the milk protein beta-casein (Csn2) and the transcription factor Elf5 (Fig. 2c, d).",exclude,"Alveolar epithelial cell, not Schwann cell; outside target_cell_scope.",True,40,1.0,True,True,pass
DOI_10.1038_s41467-021-21783-3,A_exclude,Regulatory T cells (Tregs),tissue-resident,mouse,Klrg1,Klrg1,exact,author_declared,positive,"Results, Treg paragraph near Fig. 4g","Compared to wild-type animals, Tregs from stage1 show reduced expression of Klrg1 and Il1rl1, two markers of tissue resident Tregs, suggesting an early influx of Tregs from the circulatory system preceding tumour formation (Fig. 4g).",exclude,"Immune cell (Treg), not Schwann cell; outside target_cell_scope.",True,40,0.72,True,True,pass
DOI_10.1038_s41467-021-21783-3,A_exclude,Regulatory T cells (Tregs),tissue-resident,mouse,Il1rl1,Il1rl1,exact,author_declared,positive,"Results, Treg paragraph near Fig. 4g","Compared to wild-type animals, Tregs from stage1 show reduced expression of Klrg1 and Il1rl1, two markers of tissue resident Tregs, suggesting an early influx of Tregs from the circulatory system preceding tumour formation (Fig. 4g).",exclude,"Immune cell (Treg), not Schwann cell; outside target_cell_scope.",True,40,0.72,True,True,pass
DOI_10.1038_s41467-021-21783-3,A_exclude,Tumour-associated macrophages,Tam1,mouse,Arg1,Arg1,exact,annotation_marker,positive,"Results, myeloid compartment paragraph (Supplementary Fig. 7)","We further found two types of tumour-associated macrophages Tam 1 (marked by Arg1, Spp1 and Trem2) and Tam2 (marked by C1qb, C1qc, Lgmn and Apoe) (Supplementary Fig.7)18.",exclude,"Macrophage subtype, not Schwann cell; outside target_cell_scope. 'marked by' is formal annotation marker, but excluded by scope.",True,40,0.72,True,True,pass
DOI_10.1038_s41467-021-21783-3,A_exclude,Tumour-associated macrophages,Tam1,mouse,Spp1,Spp1,exact,annotation_marker,positive,"Results, myeloid compartment paragraph (Supplementary Fig. 7)","We further found two types of tumour-associated macrophages Tam 1 (marked by Arg1, Spp1 and Trem2) and Tam2 (marked by C1qb, C1qc, Lgmn and Apoe) (Supplementary Fig.7)18.",exclude,"Macrophage subtype, not Schwann cell; outside target_cell_scope. 'marked by' is formal annotation marker, but excluded by scope.",True,40,0.7222,True,True,pass
DOI_10.1038_s41467-021-21783-3,A_exclude,Tumour-associated macrophages,Tam1,mouse,Trem2,Trem2,exact,annotation_marker,positive,"Results, myeloid compartment paragraph (Supplementary Fig. 7)","We further found two types of tumour-associated macrophages Tam 1 (marked by Arg1, Spp1 and Trem2) and Tam2 (marked by C1qb, C1qc, Lgmn and Apoe) (Supplementary Fig.7)18.",exclude,"Macrophage subtype, not Schwann cell; outside target_cell_scope. 'marked by' is formal annotation marker, but excluded by scope.",True,40,0.72,True,True,pass
DOI_10.1038_s41467-021-21783-3,A_exclude,Tumour-associated macrophages,Tam2,mouse,C1qb,C1qb,exact,annotation_marker,positive,"Results, myeloid compartment paragraph (Supplementary Fig. 7)","We further found two types of tumour-associated macrophages Tam 1 (marked by Arg1, Spp1 and Trem2) and Tam2 (marked by C1qb, C1qc, Lgmn and Apoe) (Supplementary Fig.7)18.",exclude,"Macrophage subtype, not Schwann cell; outside target_cell_scope. 'marked by' is formal annotation marker, but excluded by scope.",True,40,0.72,True,True,pass
DOI_10.1038_s41467-021-21783-3,A_exclude,Tumour-associated macrophages,Tam2,mouse,C1qc,C1qc,exact,annotation_marker,positive,"Results, myeloid compartment paragraph (Supplementary Fig. 7)","We further found two types of tumour-associated macrophages Tam 1 (marked by Arg1, Spp1 and Trem2) and Tam2 (marked by C1qb, C1qc, Lgmn and Apoe) (Supplementary Fig.7)18.",exclude,"Macrophage subtype, not Schwann cell; outside target_cell_scope. 'marked by' is formal annotation marker, but excluded by scope.",True,40,0.7222,True,True,pass
DOI_10.1038_s41467-021-21783-3,A_exclude,Tumour-associated macrophages,Tam2,mouse,Lgmn,Lgmn,exact,annotation_marker,positive,"Results, myeloid compartment paragraph (Supplementary Fig. 7)","We further found two types of tumour-associated macrophages Tam 1 (marked by Arg1, Spp1 and Trem2) and Tam2 (marked by C1qb, C1qc, Lgmn and Apoe) (Supplementary Fig.7)18.",exclude,"Macrophage subtype, not Schwann cell; outside target_cell_scope. 'marked by' is formal annotation marker, but excluded by scope.",True,40,0.72,True,True,pass
DOI_10.1038_s41467-021-21783-3,A_exclude,Tumour-associated macrophages,Tam2,mouse,Apoe,Apoe,exact,annotation_marker,positive,"Results, myeloid compartment paragraph (Supplementary Fig. 7)","We further found two types of tumour-associated macrophages Tam 1 (marked by Arg1, Spp1 and Trem2) and Tam2 (marked by C1qb, C1qc, Lgmn and Apoe) (Supplementary Fig.7)18.",exclude,"Macrophage subtype, not Schwann cell; outside target_cell_scope. 'marked by' is formal annotation marker, but excluded by scope.",True,40,0.72,True,True,pass
DOI_10.1038_s41467-021-21783-3,A_exclude,alveolar cells,,mouse,Csn2,Csn2,exact,figure_labeled,positive,Fig.4c legend,Gene expression for the paracrine signalling factors Rankl and Igf2 in hormone-sensing cells and the alveolar markers Csn2 and Wap in luminal progenitors and alveolar cells.,exclude,"Figure-validated alveolar cell marker, not Schwann cell; outside target_cell_scope.",True,40,1.0,True,True,pass
DOI_10.1038_s41467-021-21783-3,A_exclude,alveolar cells,,mouse,Wap,Wap,exact,figure_labeled,positive,Fig.4c legend,Gene expression for the paracrine signalling factors Rankl and Igf2 in hormone-sensing cells and the alveolar markers Csn2 and Wap in luminal progenitors and alveolar cells.,exclude,"Figure-validated alveolar cell marker, not Schwann cell; outside target_cell_scope.",True,40,1.0,True,True,pass
DOI_10.1038_s41467-021-21783-3,A_exclude,luminal progenitors,,mouse,CD49b,Itga2,alias_resolved,annotation_marker,positive,Methods: Cell labelling followed by flow cytometry and sorting,"mouse CD49b+, Sca1− luminal progenitors were sorted for ATAC-Seq experiments.",exclude,"Luminal progenitor sorting marker, not Schwann cell; outside target_cell_scope.",False,40,0.625,False,True,fail_citation
DOI_10.1038_s41467-021-21783-3,A_exclude,luminal progenitors,,mouse,Sca1,Ly6a,alias_resolved,annotation_marker,negative,Methods: Cell labelling followed by flow cytometry and sorting,"mouse CD49b+, Sca1− luminal progenitors were sorted for ATAC-Seq experiments.",exclude,"Luminal progenitor sorting gate (Sca1−), not Schwann cell; outside target_cell_scope.",False,40,0.625,False,True,fail_citation
DOI_10.1038_s41467-023-40173-5,A_exclude,Alveolar type 1 cells (AT1),,human,AGER,AGER,exact,figure_labeled,positive,Fig.1B,"Dictionary (LungMAP CellCards): Alveolar type 1 cells (AT1) | Marker genes AGER, RTKN2, SEMA3B",exclude,Cell type outside target_cell_scope (L4:Pulmonary neuroendocrine cell); not a PNEC marker.,True,15,1.0,True,True,pass
DOI_10.1038_s41467-023-40173-5,A_exclude,Alveolar type 1 cells (AT1),,human,RTKN2,RTKN2,exact,figure_labeled,positive,Fig.1B,"Dictionary (LungMAP CellCards): Alveolar type 1 cells (AT1) | Marker genes AGER, RTKN2, SEMA3B",exclude,Cell type outside target_cell_scope; not a PNEC marker.,True,15,1.0,True,True,pass
DOI_10.1038_s41467-023-40173-5,A_exclude,Alveolar type 1 cells (AT1),,human,SEMA3B,SEMA3B,exact,figure_labeled,positive,Fig.1B,"Dictionary (LungMAP CellCards): Alveolar type 1 cells (AT1) | Marker genes AGER, RTKN2, SEMA3B",exclude,Cell type outside target_cell_scope; not a PNEC marker.,True,15,1.0,True,True,pass
DOI_10.1038_s41467-023-40173-5,A_exclude,Inflammatory monocytes (iMON),,human,CD14,CD14,exact,figure_labeled,positive,Fig.1B,"Dictionary (LungMAP CellCards): Inflammatory monocytes (iMON) | CD14, FCN1, VCAN, no FCGR3A",exclude,Cell type outside target_cell_scope; not a PNEC marker.,True,15,1.0,True,True,pass
DOI_10.1038_s41467-023-40173-5,A_exclude,Inflammatory monocytes (iMON),,human,FCN1,FCN1,exact,figure_labeled,positive,Fig.1B,"Dictionary (LungMAP CellCards): Inflammatory monocytes (iMON) | CD14, FCN1, VCAN, no FCGR3A",exclude,Cell type outside target_cell_scope; not a PNEC marker.,True,15,1.0,True,True,pass
DOI_10.1038_s41467-023-40173-5,A_exclude,Inflammatory monocytes (iMON),,human,VCAN,VCAN,exact,figure_labeled,positive,Fig.1B,"Dictionary (LungMAP CellCards): Inflammatory monocytes (iMON) | CD14, FCN1, VCAN, no FCGR3A",exclude,Cell type outside target_cell_scope; not a PNEC marker.,True,15,1.0,True,True,pass
DOI_10.1038_s41467-023-40173-5,A_exclude,Inflammatory monocytes (iMON),,human,FCGR3A,FCGR3A,exact,figure_labeled,negative,Fig.1B,"Dictionary (LungMAP CellCards): Inflammatory monocytes (iMON) | CD14, FCN1, VCAN, no FCGR3A",exclude,"Cell type outside target_cell_scope; 'no FCGR3A' is a negative marker for iMON, not PNEC.",True,15,1.0,True,True,pass
DOI_10.1038_s41467-023-40173-5,A_exclude,lung goblet cells,,human,MUC5AC,MUC5AC,exact,author_declared,positive,Results p.3 (LungMAP Human Lung CellRef section),"We utilized both positive and negative markers to improve sensitivity to distinguish cell types sharing similar gene expression patterns and marker genes, for example, lung goblet cells (MUC5AC+/MUC5B+) and SMG mucous (MUC5AC-/MUC5B+).",exclude,"Cell type outside target_cell_scope; goblet cell marker, not PNEC.",True,15,0.8,True,True,pass
DOI_10.1038_s41467-023-40173-5,A_exclude,lung goblet cells,,human,MUC5B,MUC5B,exact,author_declared,positive,Results p.3 (LungMAP Human Lung CellRef section),"We utilized both positive and negative markers to improve sensitivity to distinguish cell types sharing similar gene expression patterns and marker genes, for example, lung goblet cells (MUC5AC+/MUC5B+) and SMG mucous (MUC5AC-/MUC5B+).",exclude,"Cell type outside target_cell_scope; goblet cell marker, not PNEC.",True,15,0.8,True,True,pass
DOI_10.1038_s41467-023-40173-5,A_exclude,SMG mucous,,human,MUC5AC,MUC5AC,exact,author_declared,negative,Results p.3 (LungMAP Human Lung CellRef section),"We utilized both positive and negative markers to improve sensitivity to distinguish cell types sharing similar gene expression patterns and marker genes, for example, lung goblet cells (MUC5AC+/MUC5B+) and SMG mucous (MUC5AC-/MUC5B+).",exclude,"Cell type outside target_cell_scope; SMG mucous marker, not PNEC.",True,15,0.8,True,True,pass
DOI_10.1038_s41467-023-40173-5,A_exclude,SMG mucous,,human,MUC5B,MUC5B,exact,author_declared,positive,Results p.3 (LungMAP Human Lung CellRef section),"We utilized both positive and negative markers to improve sensitivity to distinguish cell types sharing similar gene expression patterns and marker genes, for example, lung goblet cells (MUC5AC+/MUC5B+) and SMG mucous (MUC5AC-/MUC5B+).",exclude,"Cell type outside target_cell_scope; SMG mucous marker, not PNEC.",True,15,0.8,True,True,pass
DOI_10.1038_s41467-023-40173-5,A_exclude,deuterosomal cells,,human,DEUP1,DEUP1,exact,reference_imported,positive,Results p.3 (LungMAP Human Lung CellRef section),"we extended the dictionary to incorporate 7 cell types that are not yet in the CellCards but have marker genes reported in recent scRNA-seq studies and are selectively expressed in our unbiasedly identified cell clusters, including deuterosomal cells14 (DEUP1, FOXN4, CDC20B)",exclude,Cell type outside target_cell_scope; not a PNEC marker.,True,15,0.9167,True,True,pass
DOI_10.1038_s41467-023-40173-5,A_exclude,deuterosomal cells,,human,FOXN4,FOXN4,exact,reference_imported,positive,Results p.3 (LungMAP Human Lung CellRef section),"we extended the dictionary to incorporate 7 cell types that are not yet in the CellCards but have marker genes reported in recent scRNA-seq studies and are selectively expressed in our unbiasedly identified cell clusters, including deuterosomal cells14 (DEUP1, FOXN4, CDC20B)",exclude,Cell type outside target_cell_scope; not a PNEC marker.,True,15,0.9167,True,True,pass
DOI_10.1038_s41467-023-40173-5,A_exclude,deuterosomal cells,,human,CDC20B,CDC20B,exact,reference_imported,positive,Results p.3 (LungMAP Human Lung CellRef section),"we extended the dictionary to incorporate 7 cell types that are not yet in the CellCards but have marker genes reported in recent scRNA-seq studies and are selectively expressed in our unbiasedly identified cell clusters, including deuterosomal cells14 (DEUP1, FOXN4, CDC20B)",exclude,Cell type outside target_cell_scope; not a PNEC marker.,True,15,0.9167,True,True,pass
DOI_10.1038_s41467-023-40173-5,A_exclude,systemic venous endothelial cells (SVEC),,human,COL15A1,COL15A1,exact,reference_imported,positive,Results p.3 (LungMAP Human Lung CellRef section),"systemic venous endothelial cells21 (SVEC;markergenes:COL15A1,ABCB1,ACKR1)",exclude,Cell type outside target_cell_scope; not a PNEC marker.,True,15,1.0,True,True,pass
DOI_10.1038_s41467-023-40173-5,A_exclude,systemic venous endothelial cells (SVEC),,human,ABCB1,ABCB1,exact,reference_imported,positive,Results p.3 (LungMAP Human Lung CellRef section),"systemic venous endothelial cells21 (SVEC;markergenes:COL15A1,ABCB1,ACKR1)",exclude,Cell type outside target_cell_scope; not a PNEC marker.,True,15,1.0,True,True,pass
DOI_10.1038_s41467-023-40173-5,A_exclude,systemic venous endothelial cells (SVEC),,human,ACKR1,ACKR1,exact,reference_imported,positive,Results p.3 (LungMAP Human Lung CellRef section),"systemic venous endothelial cells21 (SVEC;markergenes:COL15A1,ABCB1,ACKR1)",exclude,Cell type outside target_cell_scope; not a PNEC marker.,True,15,1.0,True,True,pass
DOI_10.1038_s41467-023-40173-5,A_exclude,mature dendritic cell subset (maDC),,human,CCR7,CCR7,exact,reference_imported,positive,Results p.3 (LungMAP Human Lung CellRef section),"maturedendritic cell subset (maDC; marker genes: CCR7, CCL19, LAD1)",exclude,Cell type outside target_cell_scope; not a PNEC marker.,True,15,1.0,True,True,pass
DOI_10.1038_s41467-023-40173-5,A_exclude,mature dendritic cell subset (maDC),,human,CCL19,CCL19,exact,reference_imported,positive,Results p.3 (LungMAP Human Lung CellRef section),"maturedendritic cell subset (maDC; marker genes: CCR7, CCL19, LAD1)",exclude,Cell type outside target_cell_scope; not a PNEC marker.,True,15,1.0,True,True,pass
DOI_10.1038_s41467-023-40173-5,A_exclude,mature dendritic cell subset (maDC),,human,LAD1,LAD1,exact,reference_imported,positive,Results p.3 (LungMAP Human Lung CellRef section),"maturedendritic cell subset (maDC; marker genes: CCR7, CCL19, LAD1)",exclude,Cell type outside target_cell_scope; not a PNEC marker.,True,15,1.0,True,True,pass
DOI_10.1038_s41467-023-40173-5,A_exclude,respiratory airway secretory cells (RAS),,human,SCGB3A2,SCGB3A2,exact,reference_imported,positive,Results p.3 (LungMAP Human Lung CellRef section),"respiratory airway secretory cells (RAS; marker genes: SCGB3A2, KLK11, SOX4)",exclude,Cell type outside target_cell_scope; not a PNEC marker.,True,15,1.0,True,True,pass
DOI_10.1038_s41467-023-40173-5,A_exclude,respiratory airway secretory cells (RAS),,human,KLK11,KLK11,exact,reference_imported,positive,Results p.3 (LungMAP Human Lung CellRef section),"respiratory airway secretory cells (RAS; marker genes: SCGB3A2, KLK11, SOX4)",exclude,Cell type outside target_cell_scope; not a PNEC marker.,True,15,1.0,True,True,pass
DOI_10.1038_s41467-023-40173-5,A_exclude,respiratory airway secretory cells (RAS),,human,SOX4,SOX4,exact,reference_imported,positive,Results p.3 (LungMAP Human Lung CellRef section),"respiratory airway secretory cells (RAS; marker genes: SCGB3A2, KLK11, SOX4)",exclude,Cell type outside target_cell_scope; not a PNEC marker.,True,15,1.0,True,True,pass
DOI_10.1038_s41467-023-40173-5,A_exclude,Sox9+/Id2+ distal epithelial progenitor cell,,mouse,Sox9,SOX9,alias_resolved,annotation_marker,positive,Results p.5 (The LungMAP Mouse Lung Development CellRef section),"including, Sox9+/Id2+ distal epithelial progenitor cell23,24",exclude,Mouse species not in task_species and cell type not PNEC.,True,15,1.0,True,True,pass
DOI_10.1038_s41467-023-40173-5,A_exclude,Sox9+/Id2+ distal epithelial progenitor cell,,mouse,Id2,ID2,alias_resolved,annotation_marker,positive,Results p.5 (The LungMAP Mouse Lung Development CellRef section),"including, Sox9+/Id2+ distal epithelial progenitor cell23,24",exclude,Mouse species not in task_species and cell type not PNEC.,True,15,1.0,True,True,pass
DOI_10.1038_s41467-023-40173-5,A_exclude,AT1/AT2 cell population,,mouse,Ager,AGER,alias_resolved,author_declared,positive,Results p.5 (The LungMAP Mouse Lung Development CellRef section),"an AT1/AT2 cell population22,25 expressing both AT1 (Ager, Hopx) and AT2 (Lamp3, Sftpc, Abca3) cell markers in conjunction with Cldn4, Krt19, and Krt8 (signature genes of recently reported PATS, DATP, or ADI cells)",exclude,Mouse species not in task_species and cell type not PNEC.,True,15,0.75,True,True,pass
DOI_10.1038_s41467-023-40173-5,A_exclude,AT1/AT2 cell population,,mouse,Hopx,HOPX,alias_resolved,author_declared,positive,Results p.5 (The LungMAP Mouse Lung Development CellRef section),"an AT1/AT2 cell population22,25 expressing both AT1 (Ager, Hopx) and AT2 (Lamp3, Sftpc, Abca3) cell markers in conjunction with Cldn4, Krt19, and Krt8 (signature genes of recently reported PATS, DATP, or ADI cells)",exclude,Mouse species not in task_species and cell type not PNEC.,True,15,0.75,True,True,pass
DOI_10.1038_s41467-023-40173-5,A_exclude,AT1/AT2 cell population,,mouse,Lamp3,LAMP3,alias_resolved,author_declared,positive,Results p.5 (The LungMAP Mouse Lung Development CellRef section),"an AT1/AT2 cell population22,25 expressing both AT1 (Ager, Hopx) and AT2 (Lamp3, Sftpc, Abca3) cell markers in conjunction with Cldn4, Krt19, and Krt8 (signature genes of recently reported PATS, DATP, or ADI cells)",exclude,Mouse species not in task_species and cell type not PNEC.,True,15,0.75,True,True,pass
DOI_10.1038_s41467-023-40173-5,A_exclude,AT1/AT2 cell population,,mouse,Sftpc,SFTPC,alias_resolved,author_declared,positive,Results p.5 (The LungMAP Mouse Lung Development CellRef section),"an AT1/AT2 cell population22,25 expressing both AT1 (Ager, Hopx) and AT2 (Lamp3, Sftpc, Abca3) cell markers in conjunction with Cldn4, Krt19, and Krt8 (signature genes of recently reported PATS, DATP, or ADI cells)",exclude,Mouse species not in task_species and cell type not PNEC.,True,15,0.75,True,True,pass
DOI_10.1038_s41467-023-40173-5,A_exclude,AT1/AT2 cell population,,mouse,Abca3,ABCA3,alias_resolved,author_declared,positive,Results p.5 (The LungMAP Mouse Lung Development CellRef section),"an AT1/AT2 cell population22,25 expressing both AT1 (Ager, Hopx) and AT2 (Lamp3, Sftpc, Abca3) cell markers in conjunction with Cldn4, Krt19, and Krt8 (signature genes of recently reported PATS, DATP, or ADI cells)",exclude,Mouse species not in task_species and cell type not PNEC.,True,15,0.75,True,True,pass
DOI_10.1038_s41467-023-40173-5,A_exclude,AT1/AT2 cell population,,mouse,Cldn4,CLDN4,alias_resolved,reference_imported,positive,Results p.5 (The LungMAP Mouse Lung Development CellRef section),"an AT1/AT2 cell population22,25 expressing both AT1 (Ager, Hopx) and AT2 (Lamp3, Sftpc, Abca3) cell markers in conjunction with Cldn4, Krt19, and Krt8 (signature genes of recently reported PATS, DATP, or ADI cells)",exclude,Mouse species not in task_species and cell type not PNEC.,True,15,0.72,True,True,pass
DOI_10.1038_s41467-023-40173-5,A_exclude,AT1/AT2 cell population,,mouse,Krt19,KRT19,alias_resolved,reference_imported,positive,Results p.5 (The LungMAP Mouse Lung Development CellRef section),"an AT1/AT2 cell population22,25 expressing both AT1 (Ager, Hopx) and AT2 (Lamp3, Sftpc, Abca3) cell markers in conjunction with Cldn4, Krt19, and Krt8 (signature genes of recently reported PATS, DATP, or ADI cells)",exclude,Mouse species not in task_species and cell type not PNEC.,True,15,0.75,True,True,pass
DOI_10.1038_s41467-023-40173-5,A_exclude,AT1/AT2 cell population,,mouse,Krt8,KRT8,alias_resolved,reference_imported,positive,Results p.5 (The LungMAP Mouse Lung Development CellRef section),"an AT1/AT2 cell population22,25 expressing both AT1 (Ager, Hopx) and AT2 (Lamp3, Sftpc, Abca3) cell markers in conjunction with Cldn4, Krt19, and Krt8 (signature genes of recently reported PATS, DATP, or ADI cells)",exclude,Mouse species not in task_species and cell type not PNEC.,True,15,0.72,True,True,pass
DOI_10.1038_s41467-023-40173-5,A_exclude,Foxf1+/Kit+ endothelial progenitor cells (EPC),,mouse,Foxf1,FOXF1,alias_resolved,annotation_marker,positive,Results p.5 (The LungMAP Mouse Lung Development CellRef section),Foxf1+/Kit+ endothelial progenitor cells (EPC)29,exclude,Mouse species not in task_species and cell type not PNEC.,True,15,1.0,True,True,pass
DOI_10.1038_s41467-023-40173-5,A_exclude,Foxf1+/Kit+ endothelial progenitor cells (EPC),,mouse,Kit,KIT,alias_resolved,annotation_marker,positive,Results p.5 (The LungMAP Mouse Lung Development CellRef section),Foxf1+/Kit+ endothelial progenitor cells (EPC)29,exclude,Mouse species not in task_species and cell type not PNEC.,True,15,1.0,True,True,pass
DOI_10.1038_s41467-023-40173-5,A_exclude,KRT5-/KRT17+ pathologic epithelial cells,,human,KRT5,KRT5,exact,reference_imported,negative,Results p.8 (Application to scRNA-seq of human lung diseases),"Habermann et al. reported the identification of 31 cell types including a previously unrecognized KRT5-/KRT17+ pathologic, ECM-producing epithelial cell population that was highly enriched in IPF lungs11",exclude,"Cell type is a disease-associated pathologic epithelial population, not PNEC.",True,15,0.9524,True,True,pass
DOI_10.1038_s41467-023-40173-5,A_exclude,KRT5-/KRT17+ pathologic epithelial cells,,human,KRT17,KRT17,exact,reference_imported,positive,Results p.8 (Application to scRNA-seq of human lung diseases),"Habermann et al. reported the identification of 31 cell types including a previously unrecognized KRT5-/KRT17+ pathologic, ECM-producing epithelial cell population that was highly enriched in IPF lungs11",exclude,"Cell type is a disease-associated pathologic epithelial population, not PNEC.",True,15,0.9524,True,True,pass
DOI_10.1038_s41467-023-40173-5,A_exclude,distal epithelial cell,Sox9+/Id2+,mouse,Sox9,SOX9,alias_resolved,annotation_marker,positive,"Methods, Construction of the LungMAP Mouse Lung Development CellRef, p.16","we extended the mouse lung cell type dictionary to include progenitor and transitional cells reported in recent single-cell studies, including Sox9+/Id2+ distal epithelial cells23,24, AT1/AT2 cell, Foxf1+/Kit+ endothelial progenitor cells29, and proliferative mesenchymal progenitor cells30,31.",exclude,Mouse species not in task_species and cell type not PNEC.,True,15,0.9355,True,True,pass
DOI_10.1038_s41467-023-40173-5,A_exclude,distal epithelial cell,Sox9+/Id2+,mouse,Id2,ID2,alias_resolved,annotation_marker,positive,"Methods, Construction of the LungMAP Mouse Lung Development CellRef, p.16","we extended the mouse lung cell type dictionary to include progenitor and transitional cells reported in recent single-cell studies, including Sox9+/Id2+ distal epithelial cells23,24, AT1/AT2 cell, Foxf1+/Kit+ endothelial progenitor cells29, and proliferative mesenchymal progenitor cells30,31.",exclude,Mouse species not in task_species and cell type not PNEC.,True,15,0.9355,True,True,pass
DOI_10.1038_s41467-023-40173-5,A_exclude,endothelial progenitor cell,Foxf1+/Kit+,mouse,Foxf1,FOXF1,alias_resolved,annotation_marker,positive,"Methods, Construction of the LungMAP Mouse Lung Development CellRef, p.16","we extended the mouse lung cell type dictionary to include progenitor and transitional cells reported in recent single-cell studies, including Sox9+/Id2+ distal epithelial cells23,24, AT1/AT2 cell, Foxf1+/Kit+ endothelial progenitor cells29, and proliferative mesenchymal progenitor cells30,31.",exclude,Mouse species not in task_species and cell type not PNEC.,True,15,0.9355,True,True,pass
DOI_10.1038_s41467-023-40173-5,A_exclude,endothelial progenitor cell,Foxf1+/Kit+,mouse,Kit,KIT,alias_resolved,annotation_marker,positive,"Methods, Construction of the LungMAP Mouse Lung Development CellRef, p.16","we extended the mouse lung cell type dictionary to include progenitor and transitional cells reported in recent single-cell studies, including Sox9+/Id2+ distal epithelial cells23,24, AT1/AT2 cell, Foxf1+/Kit+ endothelial progenitor cells29, and proliferative mesenchymal progenitor cells30,31.",exclude,Mouse species not in task_species and cell type not PNEC.,True,15,0.9355,True,True,pass
DOI_10.1038_s41586-020-2496-1,A_exclude,B/plasma cells,,mouse,Cd79a,Cd79a,exact,author_declared,positive,"Page 4, Figure 2j; Supplementary Table 6","This is supported by upregulation of B/plasma cell markers (Cd79a, Igj; Figure 2j; Supplementary Table 6)",exclude,B/plasma cells are outside target_cell_scope; no link to Cardiac neuron/Schwann/neuroendocrine cells.,True,43,1.0,True,True,pass
DOI_10.1038_s41586-020-2496-1,A_exclude,B/plasma cells,,mouse,Igj,Igj,exact,author_declared,positive,"Page 4, Figure 2j; Supplementary Table 6","This is supported by upregulation of B/plasma cell markers (Cd79a, Igj; Figure 2j; Supplementary Table 6)",exclude,B/plasma cells are outside target_cell_scope; no link to Cardiac neuron/Schwann/neuroendocrine cells.,True,43,1.0,True,True,pass
DOI_10.1038_s41586-020-2496-1,A_exclude,T cells,,mouse,Cd3d,Cd3d,exact,cluster_enriched,positive,"Page 4, Figure 2j; Supplementary Table 6","This is supported by upregulation of B/plasma cell markers (Cd79a, Igj; Figure 2j; Supplementary Table 6) and downregulation of Cd3d",exclude,"T cells are outside target_cell_scope; evidence is DGE downregulation, not a formal target marker.",True,43,1.0,True,True,pass
DOI_10.1038_s41586-020-2496-1,A_exclude,hepatocytes,,mouse,Alb,Alb,exact,cluster_enriched,positive,"Page 4, Extended Data Figure 6e; Supplementary Table 6","the relative number of hepatocytes decreases with age, which is supported by the reduction in the expression of albumin (Alb; Extended Data Figure 6e; Supplementary Table 6)",exclude,Hepatocytes are outside target_cell_scope; expression-change context only.,True,43,1.0,True,True,pass
DOI_10.1038_s41586-020-2496-1,A_exclude,Kupffer cells,,mouse,Clec4f,Clec4f,exact,annotation_marker,positive,"Page 4, Extended Data Figure 6g-j",We stained liver Kupffer cells (Extended Data Figure 6g) with Clec4f and found the number of Clec4f+ cells does not change with age,exclude,Kupffer cells are outside target_cell_scope; used for staining Kupffer cells but not a target cell type.,True,43,1.0,True,True,pass
DOI_10.1038_s41586-020-2496-1,A_exclude,Kupffer cells,,mouse,Il1b,Il1b,exact,cluster_enriched,positive,"Methods, In Situ RNA Hybridization and quantification (p.9); Extended Data Fig. 6f-j legend (p.18)","For multiplex staining the following probes were used; Clec4f (Mm-Clec4f 480421), Il1b (Mm-Il1b 316891-C2). Extended Data Fig. 6g-j: Staining of Kupffer cells across age.",exclude,"Kupffer cells are outside target_cell_scope; Il1b is an expression/co-staining gene, not a target marker.",True,43,0.8333,True,True,pass
DOI_10.1038_s41586-020-2496-1,A_exclude,liver sinusoidal endothelial cells,LSEC,mouse,Pecam1,Pecam1,exact,annotation_marker,positive,"Page 4, Supplementary Table 7; Extended Data Figure 6l",By performing in situ RNA staining for Mrc1 alongside classical LSEC marker Pecam1 (Supplementary Table 7; Extended Data Figure 6l),exclude,LSECs are outside target_cell_scope; used in staining but not a target cell type.,True,43,1.0,True,True,pass
DOI_10.1038_s41586-020-2496-1,A_exclude,microglia,,mouse,H2-D1,H2-D1,exact,cluster_enriched,positive,"Page 6, Figure 4d,e","Clusters 10, 12 and 14 are mainly comprised of 18- and 24-month old microglia. These cells up-regulate MHC class I genes (H2-D1, H2-K1, B2m), along with genes associated with degenerative disease (e.g. Fth1)",exclude,Microglia are outside target_cell_scope; cluster-enriched expression only.,True,43,1.0,True,True,pass
DOI_10.1038_s41586-020-2496-1,A_exclude,microglia,,mouse,H2-K1,H2-K1,exact,cluster_enriched,positive,"Page 6, Figure 4d,e","Clusters 10, 12 and 14 are mainly comprised of 18- and 24-month old microglia. These cells up-regulate MHC class I genes (H2-D1, H2-K1, B2m), along with genes associated with degenerative disease (e.g. Fth1)",exclude,Microglia are outside target_cell_scope; cluster-enriched expression only.,True,43,1.0,True,True,pass
DOI_10.1038_s41586-020-2496-1,A_exclude,microglia,,mouse,B2m,B2m,exact,cluster_enriched,positive,"Page 6, Figure 4d,e","Clusters 10, 12 and 14 are mainly comprised of 18- and 24-month old microglia. These cells up-regulate MHC class I genes (H2-D1, H2-K1, B2m), along with genes associated with degenerative disease (e.g. Fth1)",exclude,Microglia are outside target_cell_scope; cluster-enriched expression only.,True,43,1.0,True,True,pass
DOI_10.1038_s41586-020-2496-1,A_exclude,microglia,,mouse,Fth1,Fth1,exact,cluster_enriched,positive,"Page 6, Figure 4d,e","Clusters 10, 12 and 14 are mainly comprised of 18- and 24-month old microglia. These cells up-regulate MHC class I genes (H2-D1, H2-K1, B2m), along with genes associated with degenerative disease (e.g. Fth1)",exclude,Microglia are outside target_cell_scope; cluster-enriched expression only.,True,43,1.0,True,True,pass
DOI_10.1038_s41586-020-2496-1,A_exclude,microglia,,mouse,Oasl2,Oasl2,exact,cluster_enriched,positive,"Page 6, Figure 4d,e","clusters 10, 12 and 14 gene expression is enriched with interferon responsive or regulatory genes (e.g. Oasl2, Oas1a, Ifit3, Rtp4, Bst2, Stat1, Irf7, Ifitm3, Usp18, Ifi204, Ifit2)",exclude,Microglia are outside target_cell_scope; cluster-enriched expression only.,True,43,1.0,True,True,pass
DOI_10.1038_s41586-020-2496-1,A_exclude,microglia,,mouse,Oas1a,Oas1a,exact,cluster_enriched,positive,"Page 6, Figure 4d,e","clusters 10, 12 and 14 gene expression is enriched with interferon responsive or regulatory genes (e.g. Oasl2, Oas1a, Ifit3, Rtp4, Bst2, Stat1, Irf7, Ifitm3, Usp18, Ifi204, Ifit2)",exclude,Microglia are outside target_cell_scope; cluster-enriched expression only.,True,43,1.0,True,True,pass
DOI_10.1038_s41586-020-2496-1,A_exclude,microglia,,mouse,Ifit3,Ifit3,exact,cluster_enriched,positive,"Page 6, Figure 4d,e","clusters 10, 12 and 14 gene expression is enriched with interferon responsive or regulatory genes (e.g. Oasl2, Oas1a, Ifit3, Rtp4, Bst2, Stat1, Irf7, Ifitm3, Usp18, Ifi204, Ifit2)",exclude,Microglia are outside target_cell_scope; cluster-enriched expression only.,True,43,1.0,True,True,pass
DOI_10.1038_s41586-020-2496-1,A_exclude,microglia,,mouse,Rtp4,Rtp4,exact,cluster_enriched,positive,"Page 6, Figure 4d,e","clusters 10, 12 and 14 gene expression is enriched with interferon responsive or regulatory genes (e.g. Oasl2, Oas1a, Ifit3, Rtp4, Bst2, Stat1, Irf7, Ifitm3, Usp18, Ifi204, Ifit2)",exclude,Microglia are outside target_cell_scope; cluster-enriched expression only.,True,43,1.0,True,True,pass
DOI_10.1038_s41586-020-2496-1,A_exclude,microglia,,mouse,Bst2,Bst2,exact,cluster_enriched,positive,"Page 6, Figure 4d,e","clusters 10, 12 and 14 gene expression is enriched with interferon responsive or regulatory genes (e.g. Oasl2, Oas1a, Ifit3, Rtp4, Bst2, Stat1, Irf7, Ifitm3, Usp18, Ifi204, Ifit2)",exclude,Microglia are outside target_cell_scope; cluster-enriched expression only.,True,43,1.0,True,True,pass
DOI_10.1038_s41586-020-2496-1,A_exclude,microglia,,mouse,Stat1,Stat1,exact,cluster_enriched,positive,"Page 6, Figure 4d,e","clusters 10, 12 and 14 gene expression is enriched with interferon responsive or regulatory genes (e.g. Oasl2, Oas1a, Ifit3, Rtp4, Bst2, Stat1, Irf7, Ifitm3, Usp18, Ifi204, Ifit2)",exclude,Microglia are outside target_cell_scope; cluster-enriched expression only.,True,43,1.0,True,True,pass
DOI_10.1038_s41586-020-2496-1,A_exclude,microglia,,mouse,Irf7,Irf7,exact,cluster_enriched,positive,"Page 6, Figure 4d,e","clusters 10, 12 and 14 gene expression is enriched with interferon responsive or regulatory genes (e.g. Oasl2, Oas1a, Ifit3, Rtp4, Bst2, Stat1, Irf7, Ifitm3, Usp18, Ifi204, Ifit2)",exclude,Microglia are outside target_cell_scope; cluster-enriched expression only.,True,43,1.0,True,True,pass
DOI_10.1038_s41586-020-2496-1,A_exclude,microglia,,mouse,Ifitm3,Ifitm3,exact,cluster_enriched,positive,"Page 6, Figure 4d,e","clusters 10, 12 and 14 gene expression is enriched with interferon responsive or regulatory genes (e.g. Oasl2, Oas1a, Ifit3, Rtp4, Bst2, Stat1, Irf7, Ifitm3, Usp18, Ifi204, Ifit2)",exclude,Microglia are outside target_cell_scope; cluster-enriched expression only.,True,43,1.0,True,True,pass
DOI_10.1038_s41586-020-2496-1,A_exclude,microglia,,mouse,Usp18,Usp18,exact,cluster_enriched,positive,"Page 6, Figure 4d,e","clusters 10, 12 and 14 gene expression is enriched with interferon responsive or regulatory genes (e.g. Oasl2, Oas1a, Ifit3, Rtp4, Bst2, Stat1, Irf7, Ifitm3, Usp18, Ifi204, Ifit2)",exclude,Microglia are outside target_cell_scope; cluster-enriched expression only.,True,43,1.0,True,True,pass
DOI_10.1038_s41586-020-2496-1,A_exclude,microglia,,mouse,Ifi204,Ifi204,exact,cluster_enriched,positive,"Page 6, Figure 4d,e","clusters 10, 12 and 14 gene expression is enriched with interferon responsive or regulatory genes (e.g. Oasl2, Oas1a, Ifit3, Rtp4, Bst2, Stat1, Irf7, Ifitm3, Usp18, Ifi204, Ifit2)",exclude,Microglia are outside target_cell_scope; cluster-enriched expression only.,True,43,1.0,True,True,pass
DOI_10.1038_s41586-020-2496-1,A_exclude,microglia,,mouse,Ifit2,Ifit2,exact,cluster_enriched,positive,"Page 6, Figure 4d,e","clusters 10, 12 and 14 gene expression is enriched with interferon responsive or regulatory genes (e.g. Oasl2, Oas1a, Ifit3, Rtp4, Bst2, Stat1, Irf7, Ifitm3, Usp18, Ifi204, Ifit2)",exclude,Microglia are outside target_cell_scope; cluster-enriched expression only.,True,43,1.0,True,True,pass
DOI_10.1038_s41586-020-2496-1,A_exclude,liver endothelial cells,,mouse,Pecam1,Pecam1,exact,annotation_marker,positive,"Methods, In Situ RNA Hybridization and quantification (p.9); Extended Data Fig. 6k-o legend (p.18)","For multiplex staining the following probes were used; Pecam1 (Mm-Pecam-1 316721), Mrc1 (Mm-Mrc1 437511-C3). Extended Data Fig. 6l-o: Staining of liver endothelial cells across ages.",exclude,Liver endothelial cells are outside target_cell_scope; used in staining but not a target cell type.,True,43,0.8947,True,True,pass
DOI_10.1038_s41586-020-2496-1,A_exclude,liver endothelial cells,,mouse,Mrc1,Mrc1,exact,annotation_marker,positive,"Methods, In Situ RNA Hybridization and quantification (p.9); Extended Data Fig. 6k-o legend (p.18)","For multiplex staining the following probes were used; Pecam1 (Mm-Pecam-1 316721), Mrc1 (Mm-Mrc1 437511-C3). Extended Data Fig. 6l-o: Staining of liver endothelial cells across ages.",exclude,Liver endothelial cells are outside target_cell_scope; used in staining but not a target cell type.,True,43,0.8947,True,True,pass
DOI_10.1038_s41586-020-2922-4,A_exclude,Alveolar type 2 (AT2),,human,SFTPC,SFTPC,exact,figure_labeled,positive,Fig.1d legend,shared AT2 and AT2-signalling marker SFTPC (white),exclude,非目标细胞类型（任务范围为 L4:Pulmonary neuroendocrine cell）,True,4,1.0,True,True,pass
DOI_10.1038_s41586-020-2922-4,A_exclude,Alveolar type 2 (AT2),,human,WIF1,WIF1,exact,figure_labeled,positive,Fig.1d legend,specific AT2 marker WIF1 (red puncta),exclude,非目标细胞类型（任务范围为 L4:Pulmonary neuroendocrine cell）,True,4,1.0,True,True,pass
DOI_10.1038_s41586-020-2922-4,A_exclude,Alveolar type 2 (AT2),,human,SFTPA1,SFTPA1,exact,author_declared,positive,"Results §New lung cell types, p.621","one cluster ... expressed higher levels of some canonical AT2 markers (SFTPA1, SFTPC and ETV5)",exclude,非目标细胞类型（任务范围为 L4:Pulmonary neuroendocrine cell）,True,4,1.0,True,True,pass
DOI_10.1038_s41586-020-2922-4,A_exclude,Alveolar type 2 (AT2),,human,ETV5,ETV5,exact,author_declared,positive,"Results §New lung cell types, p.621","canonical AT2 markers (SFTPA1, SFTPC and ETV5)",exclude,非目标细胞类型（任务范围为 L4:Pulmonary neuroendocrine cell）,True,4,1.0,True,True,pass
DOI_10.1038_s41586-020-2922-4,A_exclude,Alveolar type 2 (AT2),,human,HHIP,HHIP,exact,cluster_enriched,positive,"Results §New lung cell types, p.621",One cluster (WIF1+HHIP+CA2+) ... selectively expressed inhibitors of ... Hedgehog (HHIP) signalling,exclude,非目标细胞类型（任务范围为 L4:Pulmonary neuroendocrine cell）,True,4,1.0,True,True,pass
DOI_10.1038_s41586-020-2922-4,A_exclude,Alveolar type 2 (AT2),,human,CA2,CA2,exact,cluster_enriched,positive,"Results §New lung cell types, p.621",One cluster (WIF1+HHIP+CA2+) ...,exclude,非目标细胞类型（任务范围为 L4:Pulmonary neuroendocrine cell）,True,4,1.0,True,True,pass
DOI_10.1038_s41586-020-2922-4,A_exclude,AT2-signalling (AT2-s),,human,SFTPC,SFTPC,exact,figure_labeled,positive,Fig.1d legend,shared AT2 and AT2-signalling marker SFTPC,exclude,非目标细胞类型（任务范围为 L4:Pulmonary neuroendocrine cell）,True,4,1.0,True,True,pass
DOI_10.1038_s41586-020-2922-4,A_exclude,AT2-signalling (AT2-s),,human,WIF1,WIF1,exact,figure_labeled,negative,Fig.1d legend,"AT2-signalling cells (SFTPC+ WIF1−; box, enlarged at right, yellow arrowhead)",exclude,非目标细胞类型（任务范围为 L4:Pulmonary neuroendocrine cell）,True,4,1.0,True,True,pass
DOI_10.1038_s41586-020-2922-4,A_exclude,Alveolar fibroblast,,human,COL1A2,COL1A2,exact,figure_labeled,positive,Fig.1f legend,general fibroblast marker COL1A2 (white),exclude,非目标细胞类型（任务范围为 L4:Pulmonary neuroendocrine cell）,True,4,1.0,True,True,pass
DOI_10.1038_s41586-020-2922-4,A_exclude,Alveolar fibroblast,,human,BSG,BSG,exact,reference_imported,positive,"Results §New lung cell types, p.621",Two clusters expressed classical fibroblast markers (BSG and COL1A2),exclude,非目标细胞类型（任务范围为 L4:Pulmonary neuroendocrine cell）,True,4,1.0,True,True,pass
DOI_10.1038_s41586-020-2922-4,A_exclude,Alveolar fibroblast,,human,GPC3,GPC3,exact,figure_labeled,positive,Fig.1f legend,"alveolar fibroblast marker GPC3 (red, left)",exclude,非目标细胞类型（任务范围为 L4:Pulmonary neuroendocrine cell）,True,4,1.0,True,True,pass
DOI_10.1038_s41586-020-2922-4,A_exclude,Alveolar fibroblast,,human,SPINT2,SPINT2,exact,cluster_enriched,positive,"Results §New lung cell types, p.621",one (SPINT2+FGFR4+GPC3+) localized to alveoli ('alveolar fibroblasts'),exclude,非目标细胞类型（任务范围为 L4:Pulmonary neuroendocrine cell）,True,4,0.875,True,True,pass
DOI_10.1038_s41586-020-2922-4,A_exclude,Alveolar fibroblast,,human,FGFR4,FGFR4,exact,cluster_enriched,positive,"Results §New lung cell types, p.621",one (SPINT2+FGFR4+GPC3+) localized to alveoli ('alveolar fibroblasts'),exclude,非目标细胞类型（任务范围为 L4:Pulmonary neuroendocrine cell）,True,4,0.875,True,True,pass
DOI_10.1038_s41586-020-2922-4,A_exclude,Adventitial fibroblast,,human,COL1A2,COL1A2,exact,figure_labeled,positive,Fig.1f legend,general fibroblast marker COL1A2 (white),exclude,非目标细胞类型（任务范围为 L4:Pulmonary neuroendocrine cell）,True,4,1.0,True,True,pass
DOI_10.1038_s41586-020-2922-4,A_exclude,Adventitial fibroblast,,human,BSG,BSG,exact,reference_imported,positive,"Results §New lung cell types, p.621",classical fibroblast markers (BSG and COL1A2),exclude,非目标细胞类型（任务范围为 L4:Pulmonary neuroendocrine cell）,True,4,1.0,True,True,pass
DOI_10.1038_s41586-020-2922-4,A_exclude,Adventitial fibroblast,,human,SERPINF1,SERPINF1,exact,figure_labeled,positive,Fig.1f legend,"adventitial fibroblast marker SERPINF1 (red, right)",exclude,非目标细胞类型（任务范围为 L4:Pulmonary neuroendocrine cell）,True,4,1.0,True,True,pass
DOI_10.1038_s41586-020-2922-4,A_exclude,Adventitial fibroblast,,human,SFRP2,SFRP2,exact,cluster_enriched,positive,"Results §New lung cell types, p.621",the other (SFRP2+PI16+SERPINF1+) to vascular adventitia and nearby airways ('adventitial fibroblasts'),exclude,非目标细胞类型（任务范围为 L4:Pulmonary neuroendocrine cell）,True,4,0.8889,True,True,pass
DOI_10.1038_s41586-020-2922-4,A_exclude,Adventitial fibroblast,,human,PI16,PI16,exact,cluster_enriched,positive,"Results §New lung cell types, p.621",the other (SFRP2+PI16+SERPINF1+) to vascular adventitia and nearby airways ('adventitial fibroblasts'),exclude,非目标细胞类型（任务范围为 L4:Pulmonary neuroendocrine cell）,True,4,0.8889,True,True,pass
DOI_10.1038_s41586-020-2922-4,A_exclude,Myofibroblast,classical,human,ACTA2,ACTA2,exact,reference_imported,positive,"Results §New lung cell types, p.621","Two stromal clusters were enriched for ACTA2, a canonical marker of myofibroblasts",exclude,非目标细胞类型（任务范围为 L4:Pulmonary neuroendocrine cell）,True,4,1.0,True,True,pass
DOI_10.1038_s41586-020-2922-4,A_exclude,Myofibroblast,classical,human,WIF1,WIF1,exact,cluster_enriched,positive,"Results §New lung cell types, p.621",One cluster (WIF1+FGF18+ASPN+) is classical myofibroblasts,exclude,非目标细胞类型（任务范围为 L4:Pulmonary neuroendocrine cell）,True,4,1.0,True,True,pass
DOI_10.1038_s41586-020-2922-4,A_exclude,Myofibroblast,classical,human,FGF18,FGF18,exact,cluster_enriched,positive,"Results §New lung cell types, p.621",One cluster (WIF1+FGF18+ASPN+) is classical myofibroblasts,exclude,非目标细胞类型（任务范围为 L4:Pulmonary neuroendocrine cell）,True,4,1.0,True,True,pass
DOI_10.1038_s41586-020-2922-4,A_exclude,Myofibroblast,classical,human,ASPN,ASPN,exact,cluster_enriched,positive,"Results §New lung cell types, p.621",One cluster (WIF1+FGF18+ASPN+) is classical myofibroblasts,exclude,非目标细胞类型（任务范围为 L4:Pulmonary neuroendocrine cell）,True,4,1.0,True,True,pass
DOI_10.1038_s41586-020-2922-4,A_exclude,Bronchial endothelial cell,,human,VWA1,VWA1,exact,cluster_enriched,positive,"Results §New lung cell types, p.621",bronchial endothelial cells are distinct ... distinguished by matrix (VWA1 and HSPG2),exclude,非目标细胞类型（任务范围为 L4:Pulmonary neuroendocrine cell）,True,4,1.0,True,True,pass
DOI_10.1038_s41586-020-2922-4,A_exclude,Bronchial endothelial cell,,human,HSPG2,HSPG2,exact,cluster_enriched,positive,"Results §New lung cell types, p.621",distinguished by matrix (VWA1 and HSPG2),exclude,非目标细胞类型（任务范围为 L4:Pulmonary neuroendocrine cell）,True,4,1.0,True,True,pass
DOI_10.1038_s41586-020-2922-4,A_exclude,Bronchial endothelial cell,,human,PLVAP,PLVAP,exact,cluster_enriched,positive,"Results §New lung cell types, p.621",distinguished by ... fenestrated morphology (PLVAP),exclude,非目标细胞类型（任务范围为 L4:Pulmonary neuroendocrine cell）,True,4,1.0,True,True,pass
DOI_10.1038_s41586-020-2922-4,A_exclude,Bronchial endothelial cell,,human,MYC,MYC,exact,cluster_enriched,positive,"Results §New lung cell types, p.621",distinguished by ... cell cycle-associated (MYC and HBEGF) genes,exclude,非目标细胞类型（任务范围为 L4:Pulmonary neuroendocrine cell）,True,4,1.0,True,True,pass
DOI_10.1038_s41586-020-2922-4,A_exclude,Bronchial endothelial cell,,human,HBEGF,HBEGF,exact,cluster_enriched,positive,"Results §New lung cell types, p.621",cell cycle-associated (MYC and HBEGF) genes,exclude,非目标细胞类型（任务范围为 L4:Pulmonary neuroendocrine cell）,True,4,1.0,True,True,pass
DOI_10.1038_s41586-020-2922-4,A_exclude,Dendritic cell,IGSF21+,human,IGSF21,IGSF21,exact,cluster_enriched,positive,"Results §Lung immune cell residency signatures, p.622","IGSF21+ and rare EREG+ dendritic cells express asthma genes (CCL2, CCL13 and IGSF21)",exclude,非目标细胞类型（任务范围为 L4:Pulmonary neuroendocrine cell）,True,4,1.0,True,True,pass
DOI_10.1038_s41586-020-2922-4,A_exclude,Dendritic cell,EREG+,human,EREG,EREG,exact,cluster_enriched,positive,"Results §Lung immune cell residency signatures, p.622","IGSF21+ and rare EREG+ dendritic cells express ... developmental signals (EREG, VEGFA, AREG)",exclude,非目标细胞类型（任务范围为 L4:Pulmonary neuroendocrine cell）,True,4,1.0,True,True,pass
DOI_10.1038_s41586-020-2922-4,A_exclude,Dendritic cell,TREM2+,human,TREM2,TREM2,exact,cluster_enriched,positive,"Results §Lung immune cell residency signatures, p.622","TREM2+ dendritic cells localize to vessels and alveoli and express lipid machinery (APOC1, APOE and CYP27A1)",exclude,非目标细胞类型（任务范围为 L4:Pulmonary neuroendocrine cell）,True,4,1.0,True,True,pass
DOI_10.1038_s41586-020-2922-4,A_exclude,AT2,,human,MUC1,MUC1,exact,figure_labeled,positive,Fig. 4c legend,"immunostained for HOPX (red) and AT2 marker MUC1 (green), and DAPI (blue)",exclude,非目标细胞类型（任务范围为 L4:Pulmonary neuroendocrine cell）,True,4,1.0,True,True,pass
DOI_10.1038_s41586-020-2922-4,A_exclude,AT2,,human,SFTPC,SFTPC,exact,figure_labeled,positive,Fig. 4d legend,smFISH for AT2 marker SFTPC (green) in human,exclude,非目标细胞类型（任务范围为 L4:Pulmonary neuroendocrine cell）,True,4,1.0,True,True,pass
DOI_10.1038_s41586-020-2922-4,A_exclude,AT2,,mouse,MUC1,MUC1,exact,figure_labeled,positive,Fig. 4c legend,"mouse (top, Mm) and human (bottom, Hs) immunostained for HOPX (red) and AT2 marker MUC1 (green)",exclude,非任务物种（mouse vs Homo sapiens）且非目标细胞类型,True,4,1.0,True,True,duplicate_pool
DOI_10.1038_s41586-020-2922-4,A_exclude,Myofibroblast,,mouse,elastin,ELN,alias_resolved,figure_labeled,positive,Fig. 4d legend,hydrazide staining for myofibroblast marker elastin (green) in mouse,exclude,非任务物种（mouse vs Homo sapiens）且非目标细胞类型,True,4,1.0,True,True,pass
DOI_10.1038_s41586-020-2922-4,A_exclude,epithelial,,human,EPCAM,EPCAM,exact,cluster_enriched,positive,Methods: Flow cytometry and cell sorting,"Living single cells (Sytox blue-negative) were sorted into lysis plates based on three gates: EPCAM+CD45− (designated epithelial), EPCAM−CD45+ (designated immune), and EPCAM−CD45- (designated endothelial or stromal).",exclude,非目标细胞类型（任务范围为 L4:Pulmonary neuroendocrine cell）,True,4,1.0,True,True,pass
DOI_10.1038_s41586-020-2922-4,A_exclude,epithelial,,human,CD45,PTPRC,alias_resolved,cluster_enriched,negative,Methods: Flow cytometry and cell sorting,"Living single cells (Sytox blue-negative) were sorted into lysis plates based on three gates: EPCAM+CD45− (designated epithelial), EPCAM−CD45+ (designated immune), and EPCAM−CD45- (designated endothelial or stromal).",exclude,非目标细胞类型（任务范围为 L4:Pulmonary neuroendocrine cell）,True,4,1.0,True,True,pass
DOI_10.1038_s41586-020-2922-4,A_exclude,immune,,human,CD45,PTPRC,alias_resolved,cluster_enriched,positive,Methods: Flow cytometry and cell sorting,"Living single cells (Sytox blue-negative) were sorted into lysis plates based on three gates: EPCAM+CD45− (designated epithelial), EPCAM−CD45+ (designated immune), and EPCAM−CD45- (designated endothelial or stromal).",exclude,非目标细胞类型（任务范围为 L4:Pulmonary neuroendocrine cell）,True,4,1.0,True,True,pass
DOI_10.1038_s41586-020-2922-4,A_exclude,immune,,human,EPCAM,EPCAM,exact,cluster_enriched,negative,Methods: Flow cytometry and cell sorting,"Living single cells (Sytox blue-negative) were sorted into lysis plates based on three gates: EPCAM+CD45− (designated epithelial), EPCAM−CD45+ (designated immune), and EPCAM−CD45- (designated endothelial or stromal).",exclude,非目标细胞类型（任务范围为 L4:Pulmonary neuroendocrine cell）,True,4,1.0,True,True,pass
DOI_10.1038_s41586-020-2922-4,A_exclude,immune,,human,PTPRC,PTPRC,exact,author_declared,positive,"Methods: Cell clustering, doublet calling, and annotation","Clusters were therefore grouped based on expression of tissue compartment markers (for example, EPCAM, CLDN5, COL1A2 and PTPRC) using the 'SubsetData' command",exclude,非目标细胞类型（任务范围为 L4:Pulmonary neuroendocrine cell）,True,4,0.9333,True,True,pass
DOI_10.1038_s41586-020-2922-4,A_exclude,endothelial or stromal,,human,EPCAM,EPCAM,exact,cluster_enriched,negative,Methods: Flow cytometry and cell sorting,"Living single cells (Sytox blue-negative) were sorted into lysis plates based on three gates: EPCAM+CD45− (designated epithelial), EPCAM−CD45+ (designated immune), and EPCAM−CD45- (designated endothelial or stromal).",exclude,非目标细胞类型（任务范围为 L4:Pulmonary neuroendocrine cell）,True,4,1.0,True,True,pass
DOI_10.1038_s41586-020-2922-4,A_exclude,endothelial or stromal,,human,CD45,PTPRC,alias_resolved,cluster_enriched,negative,Methods: Flow cytometry and cell sorting,"Living single cells (Sytox blue-negative) were sorted into lysis plates based on three gates: EPCAM+CD45− (designated epithelial), EPCAM−CD45+ (designated immune), and EPCAM−CD45- (designated endothelial or stromal).",exclude,非目标细胞类型（任务范围为 L4:Pulmonary neuroendocrine cell）,True,4,1.0,True,True,pass
DOI_10.1038_s41586-020-2922-4,A_exclude,endothelial,,human,CLDN5,CLDN5,exact,author_declared,positive,"Methods: Cell clustering, doublet calling, and annotation","Clusters were therefore grouped based on expression of tissue compartment markers (for example, EPCAM, CLDN5, COL1A2 and PTPRC) using the 'SubsetData' command",exclude,非目标细胞类型（任务范围为 L4:Pulmonary neuroendocrine cell）,True,4,0.9333,True,True,pass
DOI_10.1038_s41586-020-2922-4,A_exclude,stromal,,human,COL1A2,COL1A2,exact,author_declared,positive,"Methods: Cell clustering, doublet calling, and annotation","Clusters were therefore grouped based on expression of tissue compartment markers (for example, EPCAM, CLDN5, COL1A2 and PTPRC) using the 'SubsetData' command",exclude,非目标细胞类型（任务范围为 L4:Pulmonary neuroendocrine cell）,True,4,0.9333,True,True,pass
DOI_10.1038_s41586-020-2922-4,A_exclude,B cells,,human,CD19,CD19,exact,cluster_enriched,positive,Methods: Flow cytometry and cell sorting,"B cells (CD19+CD3−), CD8+ T cells (CD8+), CD4+ T cells (CD4+), natural killer cells (CD19−CD3−CD56+CD14−), classical monocytes (CD19−CD3−CD56−CD14+)",exclude,非目标细胞类型（任务范围为 L4:Pulmonary neuroendocrine cell）,True,4,1.0,True,True,pass
DOI_10.1038_s41586-020-2922-4,A_exclude,B cells,,human,CD3,CD3,ambiguous,cluster_enriched,negative,Methods: Flow cytometry and cell sorting,"B cells (CD19+CD3−), CD8+ T cells (CD8+), CD4+ T cells (CD4+), natural killer cells (CD19−CD3−CD56+CD14−), classical monocytes (CD19−CD3−CD56−CD14+)",exclude,非目标细胞类型（任务范围为 L4:Pulmonary neuroendocrine cell）,True,4,1.0,True,True,fail_symbol
DOI_10.1038_s41586-020-2922-4,A_exclude,B cells,,human,IgM/IgD,IgM/IgD,non_gene_entity,cluster_enriched,unknown,"Materials and Methods, Antibodies","Fluorescent antibodies for immune bulk cell sorting ... anti-human IgM/IgD (BD 555778, clone IA6-2) ... CD19 ... CD27 ... CD20 ... CD3 ... CD4 ... CD14 ... and CD56 ... (“B cells”)",exclude,非目标细胞类型（任务范围为 L4:Pulmonary neuroendocrine cell）,True,4,1.0,True,True,fail_symbol
DOI_10.1038_s41586-020-2922-4,A_exclude,B cells,,human,CD19,CD19,exact,cluster_enriched,unknown,"Materials and Methods, Antibodies","Fluorescent antibodies for immune bulk cell sorting ... anti-human IgM/IgD (BD 555778, clone IA6-2) ... CD19 (BD 557835, clone SJ25C1) ... CD27 ... CD20 ... CD3 ... CD4 ... CD14 ... and CD56 ... (“B cells”)",exclude,非目标细胞类型（任务范围为 L4:Pulmonary neuroendocrine cell）,True,4,1.0,True,True,duplicate_pool
DOI_10.1038_s41586-020-2922-4,A_exclude,B cells,,human,CD27,CD27,exact,cluster_enriched,unknown,"Materials and Methods, Antibodies","Fluorescent antibodies for immune bulk cell sorting ... anti-human IgM/IgD (BD 555778, clone IA6-2) ... CD19 ... CD27 (BD 558664, clone M-T271) ... CD20 ... CD3 ... CD4 ... CD14 ... and CD56 ... (“B cells”)",exclude,非目标细胞类型（任务范围为 L4:Pulmonary neuroendocrine cell）,True,4,1.0,True,True,pass
DOI_10.1038_s41586-020-2922-4,A_exclude,B cells,,human,CD20,MS4A1,alias_resolved,cluster_enriched,unknown,"Materials and Methods, Antibodies","Fluorescent antibodies for immune bulk cell sorting ... anti-human IgM/IgD (BD 555778, clone IA6-2) ... CD19 ... CD27 ... CD20 (BD 335794, clone L27) ... CD3 ... CD4 ... CD14 ... and CD56 ... (“B cells”)",exclude,非目标细胞类型（任务范围为 L4:Pulmonary neuroendocrine cell）,True,4,1.0,True,True,pass
DOI_10.1038_s41586-020-2922-4,A_exclude,B cells,,human,CD4,CD4,exact,cluster_enriched,unknown,"Materials and Methods, Antibodies","Fluorescent antibodies for immune bulk cell sorting ... anti-human IgM/IgD (BD 555778, clone IA6-2) ... CD19 ... CD27 ... CD20 ... CD3 ... CD4 (BD 555348, see above) ... CD14 ... and CD56 ... (“B cells”)",exclude,非目标细胞类型（任务范围为 L4:Pulmonary neuroendocrine cell）,True,4,1.0,True,True,pass
DOI_10.1038_s41586-020-2922-4,A_exclude,B cells,,human,CD14,CD14,exact,cluster_enriched,unknown,"Materials and Methods, Antibodies","Fluorescent antibodies for immune bulk cell sorting ... anti-human IgM/IgD (BD 555778, clone IA6-2) ... CD19 ... CD27 ... CD20 ... CD3 ... CD4 ... CD14 (Invitrogen MHCD1406, see above) ... and CD56 ... (“B cells”)",exclude,非目标细胞类型（任务范围为 L4:Pulmonary neuroendocrine cell）,True,4,1.0,True,True,pass
DOI_10.1038_s41586-020-2922-4,A_exclude,B cells,,human,CD56,NCAM1,alias_resolved,cluster_enriched,unknown,"Materials and Methods, Antibodies","Fluorescent antibodies for immune bulk cell sorting ... anti-human IgM/IgD (BD 555778, clone IA6-2) ... CD19 ... CD27 ... CD20 ... CD3 ... CD4 ... CD14 ... and CD56 (BD 555517, see above) (“B cells”)",exclude,非目标细胞类型（任务范围为 L4:Pulmonary neuroendocrine cell）,True,4,1.0,True,True,pass
DOI_10.1038_s41586-020-2922-4,A_exclude,CD8+ T cells,,human,CD8,CD8,ambiguous,cluster_enriched,positive,Methods: Flow cytometry and cell sorting,"B cells (CD19+CD3−), CD8+ T cells (CD8+), CD4+ T cells (CD4+), natural killer cells (CD19−CD3−CD56+CD14−), classical monocytes (CD19−CD3−CD56−CD14+)",exclude,非目标细胞类型（任务范围为 L4:Pulmonary neuroendocrine cell）,True,4,1.0,True,True,fail_symbol
DOI_10.1038_s41586-020-2922-4,A_exclude,CD4+ T cells,,human,CD4,CD4,exact,cluster_enriched,positive,Methods: Flow cytometry and cell sorting,"B cells (CD19+CD3−), CD8+ T cells (CD8+), CD4+ T cells (CD4+), natural killer cells (CD19−CD3−CD56+CD14−), classical monocytes (CD19−CD3−CD56−CD14+)",exclude,非目标细胞类型（任务范围为 L4:Pulmonary neuroendocrine cell）,True,4,1.0,True,True,pass
DOI_10.1038_s41586-020-2922-4,A_exclude,natural killer cells,,human,CD19,CD19,exact,cluster_enriched,negative,Methods: Flow cytometry and cell sorting,"B cells (CD19+CD3−), CD8+ T cells (CD8+), CD4+ T cells (CD4+), natural killer cells (CD19−CD3−CD56+CD14−), classical monocytes (CD19−CD3−CD56−CD14+)",exclude,非目标细胞类型（任务范围为 L4:Pulmonary neuroendocrine cell）,True,4,1.0,True,True,pass
DOI_10.1038_s41586-020-2922-4,A_exclude,natural killer cells,,human,CD3,CD3,ambiguous,cluster_enriched,negative,Methods: Flow cytometry and cell sorting,"B cells (CD19+CD3−), CD8+ T cells (CD8+), CD4+ T cells (CD4+), natural killer cells (CD19−CD3−CD56+CD14−), classical monocytes (CD19−CD3−CD56−CD14+)",exclude,非目标细胞类型（任务范围为 L4:Pulmonary neuroendocrine cell）,True,4,1.0,True,True,fail_symbol
DOI_10.1038_s41586-020-2922-4,A_exclude,natural killer cells,,human,CD56,NCAM1,alias_resolved,cluster_enriched,positive,Methods: Flow cytometry and cell sorting,"B cells (CD19+CD3−), CD8+ T cells (CD8+), CD4+ T cells (CD4+), natural killer cells (CD19−CD3−CD56+CD14−), classical monocytes (CD19−CD3−CD56−CD14+)",exclude,非目标细胞类型（任务范围为 L4:Pulmonary neuroendocrine cell）,True,4,1.0,True,True,pass
DOI_10.1038_s41586-020-2922-4,A_exclude,natural killer cells,,human,CD14,CD14,exact,cluster_enriched,negative,Methods: Flow cytometry and cell sorting,"B cells (CD19+CD3−), CD8+ T cells (CD8+), CD4+ T cells (CD4+), natural killer cells (CD19−CD3−CD56+CD14−), classical monocytes (CD19−CD3−CD56−CD14+)",exclude,非目标细胞类型（任务范围为 L4:Pulmonary neuroendocrine cell）,True,4,1.0,True,True,pass
DOI_10.1038_s41586-020-2922-4,A_exclude,classical monocytes,,human,CD19,CD19,exact,cluster_enriched,negative,Methods: Flow cytometry and cell sorting,"B cells (CD19+CD3−), CD8+ T cells (CD8+), CD4+ T cells (CD4+), natural killer cells (CD19−CD3−CD56+CD14−), classical monocytes (CD19−CD3−CD56−CD14+)",exclude,非目标细胞类型（任务范围为 L4:Pulmonary neuroendocrine cell）,True,4,1.0,True,True,pass
DOI_10.1038_s41586-020-2922-4,A_exclude,classical monocytes,,human,CD3,CD3,ambiguous,cluster_enriched,negative,Methods: Flow cytometry and cell sorting,"B cells (CD19+CD3−), CD8+ T cells (CD8+), CD4+ T cells (CD4+), natural killer cells (CD19−CD3−CD56+CD14−), classical monocytes (CD19−CD3−CD56−CD14+)",exclude,非目标细胞类型（任务范围为 L4:Pulmonary neuroendocrine cell）,True,4,1.0,True,True,fail_symbol
DOI_10.1038_s41586-020-2922-4,A_exclude,classical monocytes,,human,CD56,NCAM1,alias_resolved,cluster_enriched,negative,Methods: Flow cytometry and cell sorting,"B cells (CD19+CD3−), CD8+ T cells (CD8+), CD4+ T cells (CD4+), natural killer cells (CD19−CD3−CD56+CD14−), classical monocytes (CD19−CD3−CD56−CD14+)",exclude,非目标细胞类型（任务范围为 L4:Pulmonary neuroendocrine cell）,True,4,1.0,True,True,pass
DOI_10.1038_s41586-020-2922-4,A_exclude,classical monocytes,,human,CD14,CD14,exact,cluster_enriched,positive,Methods: Flow cytometry and cell sorting,"B cells (CD19+CD3−), CD8+ T cells (CD8+), CD4+ T cells (CD4+), natural killer cells (CD19−CD3−CD56+CD14−), classical monocytes (CD19−CD3−CD56−CD14+)",exclude,非目标细胞类型（任务范围为 L4:Pulmonary neuroendocrine cell）,True,4,1.0,True,True,pass
DOI_10.1038_s41586-020-2922-4,A_exclude,IGSF21+ dendritic,,human,IGSF21,IGSF21,exact,author_declared,positive,"Methods: Cell clustering, doublet calling, and annotation","If the clusters could not be resolved by location or function, we prepended a representative marker gene to their 'canonical' identity (for example, IGSF21+ dendritic, EREG+ dendritic, and TREM2+ dendritic).",exclude,非目标细胞类型（任务范围为 L4:Pulmonary neuroendocrine cell）,True,4,0.9333,True,True,pass
DOI_10.1038_s41586-020-2922-4,A_exclude,EREG+ dendritic,,human,EREG,EREG,exact,author_declared,positive,"Methods: Cell clustering, doublet calling, and annotation","If the clusters could not be resolved by location or function, we prepended a representative marker gene to their 'canonical' identity (for example, IGSF21+ dendritic, EREG+ dendritic, and TREM2+ dendritic).",exclude,非目标细胞类型（任务范围为 L4:Pulmonary neuroendocrine cell）,True,4,0.9333,True,True,pass
DOI_10.1038_s41586-020-2922-4,A_exclude,TREM2+ dendritic,,human,TREM2,TREM2,exact,author_declared,positive,"Methods: Cell clustering, doublet calling, and annotation","If the clusters could not be resolved by location or function, we prepended a representative marker gene to their 'canonical' identity (for example, IGSF21+ dendritic, EREG+ dendritic, and TREM2+ dendritic).",exclude,非目标细胞类型（任务范围为 L4:Pulmonary neuroendocrine cell）,True,4,0.9333,True,True,pass
DOI_10.1038_s41586-020-2922-4,A_exclude,"basophils, neutrophils and eosinophils",,human,CD16,CD16,ambiguous,cluster_enriched,unknown,"Materials and Methods, Antibodies","Fluorescent antibodies for immune bulk cell sorting ... anti-human CD16 (BD 558122, clone 3G8) ... CD123 ... CCR3 ... ITGB7 ... CD3 ... CD14 ... CD19 ... and CD56 ... (“basophils, neutrophils and eosinophils”)",exclude,非目标细胞类型（任务范围为 L4:Pulmonary neuroendocrine cell）,True,4,1.0,True,True,fail_symbol
DOI_10.1038_s41586-020-2922-4,A_exclude,"basophils, neutrophils and eosinophils",,human,CD123,IL3RA,alias_resolved,cluster_enriched,unknown,"Materials and Methods, Antibodies","Fluorescent antibodies for immune bulk cell sorting ... anti-human CD16 (BD 558122, clone 3G8) ... CD123 (BD 560826, clone 7G3) ... CCR3 ... ITGB7 ... CD3 ... CD14 ... CD19 ... and CD56 ... (“basophils, neutrophils and eosinophils”)",exclude,非目标细胞类型（任务范围为 L4:Pulmonary neuroendocrine cell）,True,4,1.0,True,True,pass
DOI_10.1038_s41586-020-2922-4,A_exclude,"basophils, neutrophils and eosinophils",,human,CCR3,CCR3,exact,cluster_enriched,unknown,"Materials and Methods, Antibodies","Fluorescent antibodies for immune bulk cell sorting ... anti-human CD16 (BD 558122, clone 3G8) ... CD123 (BD 560826, clone 7G3) ... CCR3 (R&D FAB155F, clone 61828) ... ITGB7 ... CD3 ... CD14 ... CD19 ... and CD56 ... (“basophils, neutrophils and eosinophils”)",exclude,非目标细胞类型（任务范围为 L4:Pulmonary neuroendocrine cell）,True,4,1.0,True,True,pass
DOI_10.1038_s41586-020-2922-4,A_exclude,"basophils, neutrophils and eosinophils",,human,ITGB7,ITGB7,exact,cluster_enriched,unknown,"Materials and Methods, Antibodies","Fluorescent antibodies for immune bulk cell sorting ... anti-human CD16 (BD 558122, clone 3G8) ... CD123 (BD 560826, clone 7G3) ... CCR3 (R&D FAB155F, clone 61828) ... ITGB7 (BD 551082, clone FIB504) ... CD3 ... CD14 ... CD19 ... and CD56 ... (“basophils, neutrophils and eosinophils”)",exclude,非目标细胞类型（任务范围为 L4:Pulmonary neuroendocrine cell）,True,4,1.0,True,True,pass
DOI_10.1038_s41586-020-2922-4,A_exclude,"basophils, neutrophils and eosinophils",,human,CD3,CD3,ambiguous,cluster_enriched,unknown,"Materials and Methods, Antibodies","Fluorescent antibodies for immune bulk cell sorting ... anti-human CD16 (BD 558122, clone 3G8) ... CD123 ... CCR3 ... ITGB7 ... CD3 (BD 555341, clone HIT3a) ... CD14 ... CD19 ... and CD56 ... (“basophils, neutrophils and eosinophils”)",exclude,非目标细胞类型（任务范围为 L4:Pulmonary neuroendocrine cell）,True,4,1.0,True,True,fail_symbol
DOI_10.1038_s41586-020-2922-4,A_exclude,"basophils, neutrophils and eosinophils",,human,CD14,CD14,exact,cluster_enriched,unknown,"Materials and Methods, Antibodies","Fluorescent antibodies for immune bulk cell sorting ... anti-human CD16 (BD 558122, clone 3G8) ... CD123 ... CCR3 ... ITGB7 ... CD3 ... CD14 (Invitrogen MHCD1406, clone TuK4) ... CD19 ... and CD56 ... (“basophils, neutrophils and eosinophils”)",exclude,非目标细胞类型（任务范围为 L4:Pulmonary neuroendocrine cell）,True,4,1.0,True,True,pass
DOI_10.1038_s41586-020-2922-4,A_exclude,"basophils, neutrophils and eosinophils",,human,CD19,CD19,exact,cluster_enriched,unknown,"Materials and Methods, Antibodies","Fluorescent antibodies for immune bulk cell sorting ... anti-human CD16 (BD 558122, clone 3G8) ... CD123 ... CCR3 ... ITGB7 ... CD3 ... CD14 ... CD19 (BD 555414, clone HIB19) ... and CD56 ... (“basophils, neutrophils and eosinophils”)",exclude,非目标细胞类型（任务范围为 L4:Pulmonary neuroendocrine cell）,True,4,1.0,True,True,pass
DOI_10.1038_s41586-020-2922-4,A_exclude,"basophils, neutrophils and eosinophils",,human,CD56,NCAM1,alias_resolved,cluster_enriched,unknown,"Materials and Methods, Antibodies","Fluorescent antibodies for immune bulk cell sorting ... anti-human CD16 (BD 558122, clone 3G8) ... CD123 ... CCR3 ... ITGB7 ... CD3 ... CD14 ... CD19 ... and CD56 (BD 555517, clone B159) (“basophils, neutrophils and eosinophils”)",exclude,非目标细胞类型（任务范围为 L4:Pulmonary neuroendocrine cell）,True,4,1.0,True,True,pass
DOI_10.1038_s41586-020-2922-4,A_exclude,classical and nonclassical monocytes,,human,CD16,CD16,ambiguous,cluster_enriched,unknown,"Materials and Methods, Antibodies","Fluorescent antibodies for immune bulk cell sorting ... anti-human CD16 (BD 558122, see above) ... CD14 ... CD4 ... CD3 ... CD8 ... CD19 ... and CD56 ... (“classical and nonclassical monocytes”)",exclude,非目标细胞类型（任务范围为 L4:Pulmonary neuroendocrine cell）,True,4,1.0,True,True,fail_symbol
DOI_10.1038_s41586-020-2922-4,A_exclude,classical and nonclassical monocytes,,human,CD14,CD14,exact,cluster_enriched,unknown,"Materials and Methods, Antibodies","Fluorescent antibodies for immune bulk cell sorting ... anti-human CD16 (BD 558122, see above) ... CD14 (BD 347497, MPP9) ... CD4 ... CD3 ... CD8 ... CD19 ... and CD56 ... (“classical and nonclassical monocytes”)",exclude,非目标细胞类型（任务范围为 L4:Pulmonary neuroendocrine cell）,True,4,1.0,True,True,pass
DOI_10.1038_s41586-020-2922-4,A_exclude,classical and nonclassical monocytes,,human,CD4,CD4,exact,cluster_enriched,unknown,"Materials and Methods, Antibodies","Fluorescent antibodies for immune bulk cell sorting ... anti-human CD16 (BD 558122, see above) ... CD14 ... CD4 (BD 340443, see above) ... CD3 ... CD8 ... CD19 ... and CD56 ... (“classical and nonclassical monocytes”)",exclude,非目标细胞类型（任务范围为 L4:Pulmonary neuroendocrine cell）,True,4,1.0,True,True,pass
DOI_10.1038_s41586-020-2922-4,A_exclude,classical and nonclassical monocytes,,human,CD3,CD3,ambiguous,cluster_enriched,unknown,"Materials and Methods, Antibodies","Fluorescent antibodies for immune bulk cell sorting ... anti-human CD16 (BD 558122, see above) ... CD14 ... CD4 ... CD3 (BD 555341, see above) ... CD8 ... CD19 ... and CD56 ... (“classical and nonclassical monocytes”)",exclude,非目标细胞类型（任务范围为 L4:Pulmonary neuroendocrine cell）,True,4,1.0,True,True,fail_symbol
DOI_10.1038_s41586-020-2922-4,A_exclude,classical and nonclassical monocytes,,human,CD8,CD8,ambiguous,cluster_enriched,unknown,"Materials and Methods, Antibodies","Fluorescent antibodies for immune bulk cell sorting ... anti-human CD16 (BD 558122, see above) ... CD14 ... CD4 ... CD3 ... CD8 (BD 555368, clone RPA-T8) ... CD19 ... and CD56 ... (“classical and nonclassical monocytes”)",exclude,非目标细胞类型（任务范围为 L4:Pulmonary neuroendocrine cell）,True,4,1.0,True,True,fail_symbol
DOI_10.1038_s41586-020-2922-4,A_exclude,classical and nonclassical monocytes,,human,CD19,CD19,exact,cluster_enriched,unknown,"Materials and Methods, Antibodies","Fluorescent antibodies for immune bulk cell sorting ... anti-human CD16 (BD 558122, see above) ... CD14 ... CD4 ... CD3 ... CD8 ... CD19 (BD 555414, see above) ... and CD56 ... (“classical and nonclassical monocytes”)",exclude,非目标细胞类型（任务范围为 L4:Pulmonary neuroendocrine cell）,True,4,1.0,True,True,pass
DOI_10.1038_s41586-020-2922-4,A_exclude,classical and nonclassical monocytes,,human,CD56,NCAM1,alias_resolved,cluster_enriched,unknown,"Materials and Methods, Antibodies","Fluorescent antibodies for immune bulk cell sorting ... anti-human CD16 (BD 558122, see above) ... CD14 ... CD4 ... CD3 ... CD8 ... CD19 ... and CD56 (BD 555517, see above) (“classical and nonclassical monocytes”)",exclude,非目标细胞类型（任务范围为 L4:Pulmonary neuroendocrine cell）,True,4,1.0,True,True,pass
DOI_10.1038_s41586-020-2922-4,A_exclude,"pDCs, mDCs, CD16+ DCs",,human,CD16,CD16,ambiguous,cluster_enriched,unknown,"Materials and Methods, Antibodies","Fluorescent antibodies for immune bulk cell sorting ... anti-human CD16 (BD 558122, see above) ... CD1c ... CD11c ... CCR3 ... CD123 ... HLA-DR ... CD3 ... CD4 ... CD8 ... CD14 ... CD19 ... and CD56 ... (“pDCs, mDCs, CD16+ DCs”)",exclude,非目标细胞类型（任务范围为 L4:Pulmonary neuroendocrine cell）,True,4,1.0,True,True,fail_symbol
DOI_10.1038_s41586-020-2922-4,A_exclude,"pDCs, mDCs, CD16+ DCs",,human,CD1c,CD1C,exact,cluster_enriched,unknown,"Materials and Methods, Antibodies","Fluorescent antibodies for immune bulk cell sorting ... anti-human CD16 (BD 558122, see above) ... CD1c (Miltenyi Biotec 130-098-007, clone AD5-8E7) ... CD11c ... CCR3 ... CD123 ... HLA-DR ... CD3 ... CD4 ... CD8 ... CD14 ... CD19 ... and CD56 ... (“pDCs, mDCs, CD16+ DCs”)",exclude,非目标细胞类型（任务范围为 L4:Pulmonary neuroendocrine cell）,True,4,1.0,True,True,pass
DOI_10.1038_s41586-020-2922-4,A_exclude,"pDCs, mDCs, CD16+ DCs",,human,CD11c,ITGAX,alias_resolved,cluster_enriched,unknown,"Materials and Methods, Antibodies","Fluorescent antibodies for immune bulk cell sorting ... anti-human CD16 (BD 558122, see above) ... CD1c ... CD11c (BD 340544, clone S-HCL-3) ... CCR3 ... CD123 ... HLA-DR ... CD3 ... CD4 ... CD8 ... CD14 ... CD19 ... and CD56 ... (“pDCs, mDCs, CD16+ DCs”)",exclude,非目标细胞类型（任务范围为 L4:Pulmonary neuroendocrine cell）,True,4,1.0,True,True,pass
DOI_10.1038_s41586-020-2922-4,A_exclude,"pDCs, mDCs, CD16+ DCs",,human,CCR3,CCR3,exact,cluster_enriched,unknown,"Materials and Methods, Antibodies","Fluorescent antibodies for immune bulk cell sorting ... anti-human CD16 (BD 558122, see above) ... CD1c ... CD11c ... CCR3 (R&D FAB155F, see above) ... CD123 ... HLA-DR ... CD3 ... CD4 ... CD8 ... CD14 ... CD19 ... and CD56 ... (“pDCs, mDCs, CD16+ DCs”)",exclude,非目标细胞类型（任务范围为 L4:Pulmonary neuroendocrine cell）,True,4,1.0,True,True,pass
DOI_10.1038_s41586-020-2922-4,A_exclude,"pDCs, mDCs, CD16+ DCs",,human,CD123,IL3RA,alias_resolved,cluster_enriched,unknown,"Materials and Methods, Antibodies","Fluorescent antibodies for immune bulk cell sorting ... anti-human CD16 (BD 558122, see above) ... CD1c ... CD11c ... CCR3 ... CD123 (BD 560826, see above) ... HLA-DR ... CD3 ... CD4 ... CD8 ... CD14 ... CD19 ... and CD56 ... (“pDCs, mDCs, CD16+ DCs”)",exclude,非目标细胞类型（任务范围为 L4:Pulmonary neuroendocrine cell）,True,4,1.0,True,True,pass
DOI_10.1038_s41586-020-2922-4,A_exclude,"pDCs, mDCs, CD16+ DCs",,human,HLA-DR,HLA-DR,ambiguous,cluster_enriched,unknown,"Materials and Methods, Antibodies","Fluorescent antibodies for immune bulk cell sorting ... anti-human CD16 (BD 558122, see above) ... CD1c ... CD11c ... CCR3 ... CD123 ... HLA-DR (BD 335796, clone L243) ... CD3 ... CD4 ... CD8 ... CD14 ... CD19 ... and CD56 ... (“pDCs, mDCs, CD16+ DCs”)",exclude,非目标细胞类型（任务范围为 L4:Pulmonary neuroendocrine cell）,True,4,1.0,True,True,fail_symbol
DOI_10.1038_s41586-020-2922-4,A_exclude,"pDCs, mDCs, CD16+ DCs",,human,CD3,CD3,ambiguous,cluster_enriched,unknown,"Materials and Methods, Antibodies","Fluorescent antibodies for immune bulk cell sorting ... anti-human CD16 (BD 558122, see above) ... CD1c ... CD11c ... CCR3 ... CD123 ... HLA-DR ... CD3 (BD 555341, see above) ... CD4 ... CD8 ... CD14 ... CD19 ... and CD56 ... (“pDCs, mDCs, CD16+ DCs”)",exclude,非目标细胞类型（任务范围为 L4:Pulmonary neuroendocrine cell）,True,4,1.0,True,True,fail_symbol
DOI_10.1038_s41586-020-2922-4,A_exclude,"pDCs, mDCs, CD16+ DCs",,human,CD4,CD4,exact,cluster_enriched,unknown,"Materials and Methods, Antibodies","Fluorescent antibodies for immune bulk cell sorting ... anti-human CD16 (BD 558122, see above) ... CD1c ... CD11c ... CCR3 ... CD123 ... HLA-DR ... CD3 ... CD4 (BD 555348, clone RPA-T4) ... CD8 ... CD14 ... CD19 ... and CD56 ... (“pDCs, mDCs, CD16+ DCs”)",exclude,非目标细胞类型（任务范围为 L4:Pulmonary neuroendocrine cell）,True,4,1.0,True,True,pass
DOI_10.1038_s41586-020-2922-4,A_exclude,"pDCs, mDCs, CD16+ DCs",,human,CD8,CD8,ambiguous,cluster_enriched,unknown,"Materials and Methods, Antibodies","Fluorescent antibodies for immune bulk cell sorting ... anti-human CD16 (BD 558122, see above) ... CD1c ... CD11c ... CCR3 ... CD123 ... HLA-DR ... CD3 ... CD4 ... CD8 (BD 555368, see above) ... CD14 ... CD19 ... and CD56 ... (“pDCs, mDCs, CD16+ DCs”)",exclude,非目标细胞类型（任务范围为 L4:Pulmonary neuroendocrine cell）,True,4,1.0,True,True,fail_symbol
DOI_10.1038_s41586-020-2922-4,A_exclude,"pDCs, mDCs, CD16+ DCs",,human,CD14,CD14,exact,cluster_enriched,unknown,"Materials and Methods, Antibodies","Fluorescent antibodies for immune bulk cell sorting ... anti-human CD16 (BD 558122, see above) ... CD1c ... CD11c ... CCR3 ... CD123 ... HLA-DR ... CD3 ... CD4 ... CD8 ... CD14 (Invitrogen MHCD1406, see above) ... CD19 ... and CD56 ... (“pDCs, mDCs, CD16+ DCs”)",exclude,非目标细胞类型（任务范围为 L4:Pulmonary neuroendocrine cell）,True,4,1.0,True,True,pass
DOI_10.1038_s41586-020-2922-4,A_exclude,"pDCs, mDCs, CD16+ DCs",,human,CD19,CD19,exact,cluster_enriched,unknown,"Materials and Methods, Antibodies","Fluorescent antibodies for immune bulk cell sorting ... anti-human CD16 (BD 558122, see above) ... CD1c ... CD11c ... CCR3 ... CD123 ... HLA-DR ... CD3 ... CD4 ... CD8 ... CD14 ... CD19 (BD 555414, see above) ... and CD56 ... (“pDCs, mDCs, CD16+ DCs”)",exclude,非目标细胞类型（任务范围为 L4:Pulmonary neuroendocrine cell）,True,4,1.0,True,True,pass
DOI_10.1038_s41586-020-2922-4,A_exclude,"pDCs, mDCs, CD16+ DCs",,human,CD56,NCAM1,alias_resolved,cluster_enriched,unknown,"Materials and Methods, Antibodies","Fluorescent antibodies for immune bulk cell sorting ... anti-human CD16 (BD 558122, see above) ... CD1c ... CD11c ... CCR3 ... CD123 ... HLA-DR ... CD3 ... CD4 ... CD8 ... CD14 ... CD19 ... and CD56 (BD 555517) (“pDCs, mDCs, CD16+ DCs”)",exclude,非目标细胞类型（任务范围为 L4:Pulmonary neuroendocrine cell）,True,4,1.0,True,True,pass
DOI_10.1038_s41586-020-2922-4,A_exclude,NK cells,,human,CD16,CD16,ambiguous,cluster_enriched,unknown,"Materials and Methods, Antibodies","Fluorescent antibodies for immune bulk cell sorting ... anti-human CD16 (BD 558122, see above) ... CD57 ... CD56 ... CD3 ... CD4 ... CD14 ... and CD19 ... (“NK cells”)",exclude,非目标细胞类型（任务范围为 L4:Pulmonary neuroendocrine cell）,True,4,1.0,True,True,fail_symbol
DOI_10.1038_s41586-020-2922-4,A_exclude,NK cells,,human,CD57,CD57,non_gene_entity,cluster_enriched,unknown,"Materials and Methods, Antibodies","Fluorescent antibodies for immune bulk cell sorting ... anti-human CD16 (BD 558122, see above) ... CD57 (BD 347393, clone HNK-1) ... CD56 ... CD3 ... CD4 ... CD14 ... and CD19 ... (“NK cells”)",exclude,非目标细胞类型（任务范围为 L4:Pulmonary neuroendocrine cell）,True,4,1.0,True,True,fail_symbol
DOI_10.1038_s41586-020-2922-4,A_exclude,NK cells,,human,CD56,NCAM1,alias_resolved,cluster_enriched,unknown,"Materials and Methods, Antibodies","Fluorescent antibodies for immune bulk cell sorting ... anti-human CD16 (BD 558122, see above) ... CD57 ... CD56 (BD 557747, clone B159) ... CD3 ... CD4 ... CD14 ... and CD19 ... (“NK cells”)",exclude,非目标细胞类型（任务范围为 L4:Pulmonary neuroendocrine cell）,True,4,1.0,True,True,pass
DOI_10.1038_s41586-020-2922-4,A_exclude,NK cells,,human,CD3,CD3,ambiguous,cluster_enriched,unknown,"Materials and Methods, Antibodies","Fluorescent antibodies for immune bulk cell sorting ... anti-human CD16 (BD 558122, see above) ... CD57 ... CD56 ... CD3 (BD 555341, see above) ... CD4 ... CD14 ... and CD19 ... (“NK cells”)",exclude,非目标细胞类型（任务范围为 L4:Pulmonary neuroendocrine cell）,True,4,1.0,True,True,fail_symbol
DOI_10.1038_s41586-020-2922-4,A_exclude,NK cells,,human,CD4,CD4,exact,cluster_enriched,unknown,"Materials and Methods, Antibodies","Fluorescent antibodies for immune bulk cell sorting ... anti-human CD16 (BD 558122, see above) ... CD57 ... CD56 ... CD3 ... CD4 (BD 555348, see above) ... CD14 ... and CD19 ... (“NK cells”)",exclude,非目标细胞类型（任务范围为 L4:Pulmonary neuroendocrine cell）,True,4,1.0,True,True,pass
DOI_10.1038_s41586-020-2922-4,A_exclude,NK cells,,human,CD14,CD14,exact,cluster_enriched,unknown,"Materials and Methods, Antibodies","Fluorescent antibodies for immune bulk cell sorting ... anti-human CD16 (BD 558122, see above) ... CD57 ... CD56 ... CD3 ... CD4 ... CD14 (Invitrogen MHCD1406, see above) ... and CD19 ... (“NK cells”)",exclude,非目标细胞类型（任务范围为 L4:Pulmonary neuroendocrine cell）,True,4,1.0,True,True,pass
DOI_10.1038_s41586-020-2922-4,A_exclude,NK cells,,human,CD19,CD19,exact,cluster_enriched,unknown,"Materials and Methods, Antibodies","Fluorescent antibodies for immune bulk cell sorting ... anti-human CD16 (BD 558122, see above) ... CD57 ... CD56 ... CD3 ... CD4 ... CD14 ... and CD19 (BD 555414, see above) (“NK cells”)",exclude,非目标细胞类型（任务范围为 L4:Pulmonary neuroendocrine cell）,True,4,1.0,True,True,pass
DOI_10.1038_s41586-020-2922-4,A_exclude,NK cells,,human,CD56,NCAM1,alias_resolved,cluster_enriched,positive,Methods: Gating strategy,NK cells (CD19-CD3-CD56+CD14-),exclude,非目标细胞类型（任务范围为 L4:Pulmonary neuroendocrine cell）,True,4,1.0,True,True,duplicate_pool
DOI_10.1038_s41586-020-2922-4,A_exclude,T cells,,human,CD45RA,PTPRC,alias_resolved,cluster_enriched,unknown,"Materials and Methods, Antibodies","Fluorescent antibodies for immune bulk cell sorting ... anti-human CD45RA (Biolegend 304118, clone IV N906) ... CCR7 ... CD62L ... CD45RO ... CD4 ... CD8 ... CD11b ... CD14 ... CD19 ... and CD56 ... (“T cells”)",exclude,非目标细胞类型（任务范围为 L4:Pulmonary neuroendocrine cell）,True,4,1.0,True,True,pass
DOI_10.1038_s41586-020-2922-4,A_exclude,T cells,,human,CCR7,CCR7,exact,cluster_enriched,unknown,"Materials and Methods, Antibodies","Fluorescent antibodies for immune bulk cell sorting ... anti-human CD45RA (Biolegend 304118, clone IV N906) ... CCR7 (R&D FAB197F, clone 150503) ... CD62L ... CD45RO ... CD4 ... CD8 ... CD11b ... CD14 ... CD19 ... and CD56 ... (“T cells”)",exclude,非目标细胞类型（任务范围为 L4:Pulmonary neuroendocrine cell）,True,4,1.0,True,True,pass
DOI_10.1038_s41586-020-2922-4,A_exclude,T cells,,human,CD62L,SELL,alias_resolved,cluster_enriched,unknown,"Materials and Methods, Antibodies","Fluorescent antibodies for immune bulk cell sorting ... anti-human CD45RA (Biolegend 304118, clone IV N906) ... CCR7 ... CD62L (BD 555544, clone DREG-56) ... CD45RO ... CD4 ... CD8 ... CD11b ... CD14 ... CD19 ... and CD56 ... (“T cells”)",exclude,非目标细胞类型（任务范围为 L4:Pulmonary neuroendocrine cell）,True,4,1.0,True,True,pass
DOI_10.1038_s41586-020-2922-4,A_exclude,T cells,,human,CD45RO,PTPRC,alias_resolved,cluster_enriched,unknown,"Materials and Methods, Antibodies","Fluorescent antibodies for immune bulk cell sorting ... anti-human CD45RA (Biolegend 304118, clone IV N906) ... CCR7 ... CD62L ... CD45RO (BD Pharmingen 560608, clone UCHL1) ... CD4 ... CD8 ... CD11b ... CD14 ... CD19 ... and CD56 ... (“T cells”)",exclude,非目标细胞类型（任务范围为 L4:Pulmonary neuroendocrine cell）,True,4,1.0,True,True,pass
DOI_10.1038_s41586-020-2922-4,A_exclude,T cells,,human,CD4,CD4,exact,cluster_enriched,unknown,"Materials and Methods, Antibodies","Fluorescent antibodies for immune bulk cell sorting ... anti-human CD45RA (Biolegend 304118, clone IV N906) ... CCR7 ... CD62L ... CD45RO ... CD4 (BD 340443, see above) ... CD8 ... CD11b ... CD14 ... CD19 ... and CD56 ... (“T cells”)",exclude,非目标细胞类型（任务范围为 L4:Pulmonary neuroendocrine cell）,True,4,1.0,True,True,pass
DOI_10.1038_s41586-020-2922-4,A_exclude,T cells,,human,CD8,CD8,ambiguous,cluster_enriched,unknown,"Materials and Methods, Antibodies","Fluorescent antibodies for immune bulk cell sorting ... anti-human CD45RA (Biolegend 304118, clone IV N906) ... CCR7 ... CD62L ... CD45RO ... CD4 ... CD8 (BD 340584, clone SK1) ... CD11b ... CD14 ... CD19 ... and CD56 ... (“T cells”)",exclude,非目标细胞类型（任务范围为 L4:Pulmonary neuroendocrine cell）,True,4,1.0,True,True,fail_symbol
DOI_10.1038_s41586-020-2922-4,A_exclude,T cells,,human,CD11b,ITGAM,alias_resolved,cluster_enriched,unknown,"Materials and Methods, Antibodies","Fluorescent antibodies for immune bulk cell sorting ... anti-human CD45RA (Biolegend 304118, clone IV N906) ... CCR7 ... CD62L ... CD45RO ... CD4 ... CD8 ... CD11b (BD 555389, clone ICFR44) ... CD14 ... CD19 ... and CD56 ... (“T cells”)",exclude,非目标细胞类型（任务范围为 L4:Pulmonary neuroendocrine cell）,True,4,1.0,True,True,pass
DOI_10.1038_s41586-020-2922-4,A_exclude,T cells,,human,CD14,CD14,exact,cluster_enriched,unknown,"Materials and Methods, Antibodies","Fluorescent antibodies for immune bulk cell sorting ... anti-human CD45RA (Biolegend 304118, clone IV N906) ... CCR7 ... CD62L ... CD45RO ... CD4 ... CD8 ... CD11b ... CD14 (Invitrogen MHCD1406, see above) ... CD19 ... and CD56 ... (“T cells”)",exclude,非目标细胞类型（任务范围为 L4:Pulmonary neuroendocrine cell）,True,4,1.0,True,True,pass
DOI_10.1038_s41586-020-2922-4,A_exclude,T cells,,human,CD19,CD19,exact,cluster_enriched,unknown,"Materials and Methods, Antibodies","Fluorescent antibodies for immune bulk cell sorting ... anti-human CD45RA (Biolegend 304118, clone IV N906) ... CCR7 ... CD62L ... CD45RO ... CD4 ... CD8 ... CD11b ... CD14 ... CD19 (BD 555414, see above) ... and CD56 ... (“T cells”)",exclude,非目标细胞类型（任务范围为 L4:Pulmonary neuroendocrine cell）,True,4,1.0,True,True,pass
DOI_10.1038_s41586-020-2922-4,A_exclude,T cells,,human,CD56,NCAM1,alias_resolved,cluster_enriched,unknown,"Materials and Methods, Antibodies","Fluorescent antibodies for immune bulk cell sorting ... anti-human CD45RA (Biolegend 304118, clone IV N906) ... CCR7 ... CD62L ... CD45RO ... CD4 ... CD8 ... CD11b ... CD14 ... CD19 ... and CD56 (BD 555517, see above) (“T cells”)",exclude,非目标细胞类型（任务范围为 L4:Pulmonary neuroendocrine cell）,True,4,1.0,True,True,pass
DOI_10.1038_s41586-020-2922-4,A_exclude,immune and endothelial enriched,,human,CD31,PECAM1,alias_resolved,cluster_enriched,positive,Methods: Lung cell processing and staining,we stained cells isolated from lung with MACS microbeads conjugated to CD31 and CD45 ... Cells retained on the column were designated 'immune and endothelial enriched.',exclude,非目标细胞类型（任务范围为 L4:Pulmonary neuroendocrine cell）,True,4,1.0,True,True,pass
DOI_10.1038_s41586-020-2922-4,A_exclude,immune and endothelial enriched,,human,CD45,PTPRC,alias_resolved,cluster_enriched,positive,Methods: Lung cell processing and staining,we stained cells isolated from lung with MACS microbeads conjugated to CD31 and CD45 ... Cells retained on the column were designated 'immune and endothelial enriched.',exclude,非目标细胞类型（任务范围为 L4:Pulmonary neuroendocrine cell）,True,4,1.0,True,True,pass
DOI_10.1038_s41586-020-2922-4,A_exclude,Pulmonary neuroendocrine cell (NE),,human,CDHR3,CDHR3,exact,cluster_enriched,positive,Main text p. 622; Extended Data Fig. 9a,CDHR3 was enriched in ciliated and neuroendocrine cells in a respiratory-virus receptor analysis.,exclude,CDHR3 仅为病毒受体富集结果，且同时见于纤毛细胞；作者未用其定义或分类 NE，故排除。,True,4,0.875,True,True,pass
DOI_10.1038_s41586-021-03569-1,A_exclude,alveolar type II (AT2) cells,,human,SFTPC,SFTPC,exact,author_declared,positive,"Results, 'Impaired alveolar epithelial regeneration', p.116; Fig. 3c legend; Supplementary Table 7","DGE analysis, including expression of the lineage markers SFTPC and SFTPB in AT2 cells, and CLIC5 and AGER in AT1 cells (Fig. 3c, Supplementary Table 7).",exclude,Not in project scope; target_cell_scope is unspecified and only PNS/neuroendocrine/enteroendocrine/pulmonary neuroendocrine cells would qualify. AT2 lineage marker is a general lung epithelial marker.,True,17,1.0,True,True,pass
DOI_10.1038_s41586-021-03569-1,A_exclude,alveolar type II (AT2) cells,,human,SFTPB,SFTPB,exact,author_declared,positive,"Results, 'Impaired alveolar epithelial regeneration', p.116; Fig. 3c legend; Supplementary Table 7","DGE analysis, including expression of the lineage markers SFTPC and SFTPB in AT2 cells, and CLIC5 and AGER in AT1 cells (Fig. 3c, Supplementary Table 7).",exclude,Not in project scope; target_cell_scope is unspecified. AT2 lineage marker is a general lung epithelial marker.,True,17,1.0,True,True,pass
DOI_10.1038_s41586-021-03569-1,A_exclude,alveolar type I (AT1) cells,,human,CLIC5,CLIC5,exact,author_declared,positive,"Results, 'Impaired alveolar epithelial regeneration', p.116; Fig. 3c legend; Supplementary Table 7","DGE analysis, including expression of the lineage markers SFTPC and SFTPB in AT2 cells, and CLIC5 and AGER in AT1 cells (Fig. 3c, Supplementary Table 7).",exclude,Not in project scope; target_cell_scope is unspecified. AT1 lineage marker is a general lung epithelial marker.,True,17,1.0,True,True,pass
DOI_10.1038_s41586-021-03569-1,A_exclude,alveolar type I (AT1) cells,,human,AGER,AGER,exact,author_declared,positive,"Results, 'Impaired alveolar epithelial regeneration', p.116; Fig. 3c legend; Supplementary Table 7","DGE analysis, including expression of the lineage markers SFTPC and SFTPB in AT2 cells, and CLIC5 and AGER in AT1 cells (Fig. 3c, Supplementary Table 7).",exclude,Not in project scope; target_cell_scope is unspecified. AT1 lineage marker is a general lung epithelial marker.,True,17,1.0,True,True,pass
DOI_10.1038_s41586-021-03569-1,A_exclude,alveolar type I (AT1) cells,,human,CAV1,CAV1,exact,author_declared,positive,"Results, 'Impaired alveolar epithelial regeneration', p.117; Fig. 3e","CAV1, a marker of late AT1 maturation24, was expressed at significantly lower levels in AT1 cells from COVID-19 lungs (Fig. 3e).",exclude,Not in project scope; target_cell_scope is unspecified. AT1 maturation marker is a general lung epithelial marker.,True,17,1.0,True,True,pass
DOI_10.1038_s41586-021-03569-1,A_exclude,damage-associated transient progenitors (DATP),,human,KRT8,KRT8,exact,author_declared,positive,"Results, 'Impaired alveolar epithelial regeneration', p.117; Extended Data Fig. 8e-h; Supplementary Table 8","We used expression of the DATP marker genes (KRT8, CLDN4 and CDKN1A)25 to develop a DATP signature.",exclude,"Not in project scope; target_cell_scope is unspecified. DATP is an alveolar epithelial progenitor state, not a PNS/neuroendocrine/enteroendocrine/pulmonary neuroendocrine cell.",True,17,1.0,True,True,pass
DOI_10.1038_s41586-021-03569-1,A_exclude,damage-associated transient progenitors (DATP),,human,CLDN4,CLDN4,exact,author_declared,positive,"Results, 'Impaired alveolar epithelial regeneration', p.117; Extended Data Fig. 8e-h; Supplementary Table 8","We used expression of the DATP marker genes (KRT8, CLDN4 and CDKN1A)25 to develop a DATP signature.",exclude,"Not in project scope; target_cell_scope is unspecified. DATP is an alveolar epithelial progenitor state, not a PNS/neuroendocrine/enteroendocrine/pulmonary neuroendocrine cell.",True,17,1.0,True,True,pass
DOI_10.1038_s41586-021-03569-1,A_exclude,damage-associated transient progenitors (DATP),,human,CDKN1A,CDKN1A,exact,author_declared,positive,"Results, 'Impaired alveolar epithelial regeneration', p.117; Extended Data Fig. 8e-h; Supplementary Table 8","We used expression of the DATP marker genes (KRT8, CLDN4 and CDKN1A)25 to develop a DATP signature.",exclude,"Not in project scope; target_cell_scope is unspecified. DATP is an alveolar epithelial progenitor state, not a PNS/neuroendocrine/enteroendocrine/pulmonary neuroendocrine cell.",True,17,1.0,True,True,pass
DOI_10.1038_s41586-021-03569-1,A_exclude,cycling epithelium,,human,IRF8,IRF8,exact,annotation_marker,positive,"Results, 'Impaired alveolar epithelial regeneration', p.116; Fig. 3a,b; Supplementary Table 2","a cluster characterized by the expression of inflammatory and cell cycle genes, including IRF8, B2M, MKI67 and TOP2A (‘cycling epithelium’; n = 609)",exclude,"Not in project scope; target_cell_scope is unspecified. Cycling epithelial cluster markers are general epithelial/immune markers, not PNS/neuroendocrine/enteroendocrine/pulmonary neuroendocrine markers.",True,17,1.0,True,True,pass
DOI_10.1038_s41586-021-03569-1,A_exclude,cycling epithelium,,human,B2M,B2M,exact,annotation_marker,positive,"Results, 'Impaired alveolar epithelial regeneration', p.116; Fig. 3a,b; Supplementary Table 2","a cluster characterized by the expression of inflammatory and cell cycle genes, including IRF8, B2M, MKI67 and TOP2A (‘cycling epithelium’; n = 609)",exclude,"Not in project scope; target_cell_scope is unspecified. Cycling epithelial cluster markers are general epithelial/immune markers, not PNS/neuroendocrine/enteroendocrine/pulmonary neuroendocrine markers.",True,17,1.0,True,True,pass
DOI_10.1038_s41586-021-03569-1,A_exclude,cycling epithelium,,human,MKI67,MKI67,exact,annotation_marker,positive,"Results, 'Impaired alveolar epithelial regeneration', p.116; Fig. 3a,b; Supplementary Table 2","a cluster characterized by the expression of inflammatory and cell cycle genes, including IRF8, B2M, MKI67 and TOP2A (‘cycling epithelium’; n = 609)",exclude,"Not in project scope; target_cell_scope is unspecified. Cycling epithelial cluster markers are general epithelial/immune markers, not PNS/neuroendocrine/enteroendocrine/pulmonary neuroendocrine markers.",True,17,1.0,True,True,pass
DOI_10.1038_s41586-021-03569-1,A_exclude,cycling epithelium,,human,TOP2A,TOP2A,exact,annotation_marker,positive,"Results, 'Impaired alveolar epithelial regeneration', p.116; Fig. 3a,b; Supplementary Table 2","a cluster characterized by the expression of inflammatory and cell cycle genes, including IRF8, B2M, MKI67 and TOP2A (‘cycling epithelium’; n = 609)",exclude,"Not in project scope; target_cell_scope is unspecified. Cycling epithelial cluster markers are general epithelial/immune markers, not PNS/neuroendocrine/enteroendocrine/pulmonary neuroendocrine markers.",True,17,1.0,True,True,pass
DOI_10.1038_s41586-021-03569-1,A_exclude,ECMhigh epithelium,,human,COL6A3,COL6A3,exact,annotation_marker,positive,"Results, 'Impaired alveolar epithelial regeneration', p.116; Fig. 3a,b; Supplementary Table 2","a cluster showing high expression of the extracellular matrix (ECM) components COL6A3, COL1A2, and COL3A1 (‘ECMhigh epithelium’; n = 1,179)",exclude,"Not in project scope; target_cell_scope is unspecified. ECMhigh epithelial cluster marker is a general epithelial/ECM marker, not PNS/neuroendocrine/enteroendocrine/pulmonary neuroendocrine marker.",True,17,1.0,True,True,pass
DOI_10.1038_s41586-021-03569-1,A_exclude,ECMhigh epithelium,,human,COL1A2,COL1A2,exact,annotation_marker,positive,"Results, 'Impaired alveolar epithelial regeneration', p.116; Fig. 3a,b; Supplementary Table 2","a cluster showing high expression of the extracellular matrix (ECM) components COL6A3, COL1A2, and COL3A1 (‘ECMhigh epithelium’; n = 1,179)",exclude,"Not in project scope; target_cell_scope is unspecified. ECMhigh epithelial cluster marker is a general epithelial/ECM marker, not PNS/neuroendocrine/enteroendocrine/pulmonary neuroendocrine marker.",True,17,1.0,True,True,pass
DOI_10.1038_s41586-021-03569-1,A_exclude,ECMhigh epithelium,,human,COL3A1,COL3A1,exact,annotation_marker,positive,"Results, 'Impaired alveolar epithelial regeneration', p.116; Fig. 3a,b; Supplementary Table 2","a cluster showing high expression of the extracellular matrix (ECM) components COL6A3, COL1A2, and COL3A1 (‘ECMhigh epithelium’; n = 1,179)",exclude,"Not in project scope; target_cell_scope is unspecified. ECMhigh epithelial cluster marker is a general epithelial/ECM marker, not PNS/neuroendocrine/enteroendocrine/pulmonary neuroendocrine marker.",True,17,1.0,True,True,pass
DOI_10.1038_s41586-021-03569-1,A_exclude,pathological fibroblasts (pFBs),,human,CTHRC1,CTHRC1,exact,annotation_marker,positive,"Abstract; Results, 'Pathological fibroblasts and lung fibrosis', p.118; Extended Data Fig. 12e; Supplementary Table 9","pFBs strongly expressed CTHRC1, a recently described hallmark gene that defines these cells, and genes of pathological ECM, including COL1A1 and COL3A1 (Extended Data Fig. 12e, Supplementary Table 9). Abstract: 'CTHRC1+ pathological fibroblasts'.",exclude,"Not in project scope; target_cell_scope is unspecified. Pathological fibroblast marker is a fibroblast marker, not PNS/neuroendocrine/enteroendocrine/pulmonary neuroendocrine marker.",True,17,0.9167,True,True,pass
DOI_10.1038_s41586-021-03569-1,A_exclude,KRT5+TP63+ basal cells,,human,KRT5,KRT5,exact,annotation_marker,positive,"Discussion, first paragraph","Among captured airway epithelial cells, we recovered four distinct trajectories: KRT5+TP63+ basal (n = 534), club (n = 1,232), and goblet cells (n = 1,757), and one trajectory with fewer cells (n = 110) that was primarily found in COVID-19 lungs, which we identify as putative tuft-like cells (Extended Data Fig. 10a–e).",exclude,"Not in project scope; target_cell_scope is unspecified. Airway basal cell marker is a general epithelial marker, not PNS/neuroendocrine/enteroendocrine/pulmonary neuroendocrine marker.",True,17,1.0,True,True,pass
DOI_10.1038_s41586-021-03569-1,A_exclude,KRT5+TP63+ basal cells,,human,TP63,TP63,exact,annotation_marker,positive,"Discussion, first paragraph","Among captured airway epithelial cells, we recovered four distinct trajectories: KRT5+TP63+ basal (n = 534), club (n = 1,232), and goblet cells (n = 1,757), and one trajectory with fewer cells (n = 110) that was primarily found in COVID-19 lungs, which we identify as putative tuft-like cells (Extended Data Fig. 10a–e).",exclude,"Not in project scope; target_cell_scope is unspecified. Airway basal cell marker is a general epithelial marker, not PNS/neuroendocrine/enteroendocrine/pulmonary neuroendocrine marker.",True,17,1.0,True,True,pass
DOI_10.1038_s41586-021-03569-1,A_exclude,tuft cells,putative tuft-like cells,human,CHAT,CHAT,exact,annotation_marker,positive,"Discussion, first paragraph","The numbers of tuft cells (CHAT+ or POU2F3+) were increased threefold in the upper airways of individuals with COVID-19, and they were ectopically present in the lung parenchyma of COVID-19 but not control lungs (Extended Data Fig. 10f–k).",exclude,"Not in project scope; target_cell_scope is unspecified. Tuft cells are chemosensory epithelial cells, not PNS neurons, Schwann/glial cells, or neuroendocrine/enteroendocrine/pulmonary neuroendocrine cells.",True,17,1.0,True,True,pass
DOI_10.1038_s41586-021-03569-1,A_exclude,tuft cells,putative tuft-like cells,human,POU2F3,POU2F3,exact,annotation_marker,positive,"Discussion, first paragraph","The numbers of tuft cells (CHAT+ or POU2F3+) were increased threefold in the upper airways of individuals with COVID-19, and they were ectopically present in the lung parenchyma of COVID-19 but not control lungs (Extended Data Fig. 10f–k).",exclude,"Not in project scope; target_cell_scope is unspecified. Tuft cells are chemosensory epithelial cells, not PNS neurons, Schwann/glial cells, or neuroendocrine/enteroendocrine/pulmonary neuroendocrine cells.",True,17,1.0,True,True,pass
DOI_10.1038_s41586-021-03569-1,A_exclude,DATPs,,human,CLDN4,CLDN4,exact,annotation_marker,positive,Methods: Module scores for feature expression,"Three genes (CLDN4, KRT8, CDKN1A) comprised the initial DATP signature thus derived.",exclude,"Not in project scope; target_cell_scope is unspecified. DATP signature genes define an alveolar epithelial progenitor state, not PNS/neuroendocrine/enteroendocrine/pulmonary neuroendocrine cells.",True,17,1.0,True,True,pass
DOI_10.1038_s41586-021-03569-1,A_exclude,DATPs,,human,KRT8,KRT8,exact,annotation_marker,positive,Methods: Module scores for feature expression,"Three genes (CLDN4, KRT8, CDKN1A) comprised the initial DATP signature thus derived.",exclude,"Not in project scope; target_cell_scope is unspecified. DATP signature genes define an alveolar epithelial progenitor state, not PNS/neuroendocrine/enteroendocrine/pulmonary neuroendocrine cells.",True,17,1.0,True,True,pass
DOI_10.1038_s41586-021-03569-1,A_exclude,DATPs,,human,CDKN1A,CDKN1A,exact,annotation_marker,positive,Methods: Module scores for feature expression,"Three genes (CLDN4, KRT8, CDKN1A) comprised the initial DATP signature thus derived.",exclude,"Not in project scope; target_cell_scope is unspecified. DATP signature genes define an alveolar epithelial progenitor state, not PNS/neuroendocrine/enteroendocrine/pulmonary neuroendocrine cells.",True,17,1.0,True,True,pass
DOI_10.1038_s41586-021-03569-1,A_exclude,pathological fibroblasts,,human,COL1A1,COL1A1,exact,annotation_marker,positive,Methods: Cell-type identification,Cell clusters with high expression of COL1A1 and CTHRC1 were annotated as ‘pathological fibroblasts’ because they have been reported to contribute to the leading edge of fibrosis3.,exclude,"Not in project scope; target_cell_scope is unspecified. Pathological fibroblast marker is a fibroblast marker, not PNS/neuroendocrine/enteroendocrine/pulmonary neuroendocrine marker.",True,17,1.0,True,True,pass
DOI_10.1038_s41586-021-03569-1,A_exclude,pathological fibroblasts,,human,CTHRC1,CTHRC1,exact,annotation_marker,positive,Methods: Cell-type identification,Cell clusters with high expression of COL1A1 and CTHRC1 were annotated as ‘pathological fibroblasts’ because they have been reported to contribute to the leading edge of fibrosis3.,exclude,"Not in project scope; target_cell_scope is unspecified. Pathological fibroblast marker is a fibroblast marker, not PNS/neuroendocrine/enteroendocrine/pulmonary neuroendocrine marker.",True,17,1.0,True,True,pass
DOI_10.1038_s41586-021-03569-1,A_exclude,tuft cells,,human,CHAT,CHAT,exact,annotation_marker,positive,Methods: Microscopic imaging and quantification,CHAT+ tuft cells were quantified by counting the total number of CHAT+ cells over DAPI+ airway nuclei (for airway tuft cells) or per mm2 of lung parenchyma.,exclude,"Not in project scope; target_cell_scope is unspecified. Tuft cells are chemosensory epithelial cells, not PNS/neuroendocrine/enteroendocrine/pulmonary neuroendocrine cells.",True,17,1.0,True,True,duplicate_pool
DOI_10.1038_s41586-021-03569-1,A_exclude,macrophages,,human,CD45,PTPRC,alias_resolved,annotation_marker,positive,Methods: Microscopic imaging and quantification,Macrophages were quantified by counting the total number of CD45+CD64+ cells over CD45+ cells.,exclude,"Not in project scope; target_cell_scope is unspecified. Immune cell marker for macrophages, not PNS/neuroendocrine/enteroendocrine/pulmonary neuroendocrine marker.",True,17,1.0,True,True,pass
DOI_10.1038_s41586-021-03569-1,A_exclude,macrophages,,human,CD64,FCGR1A,alias_resolved,annotation_marker,positive,Methods: Microscopic imaging and quantification,Macrophages were quantified by counting the total number of CD45+CD64+ cells over CD45+ cells.,exclude,"Not in project scope; target_cell_scope is unspecified. Immune cell marker for macrophages, not PNS/neuroendocrine/enteroendocrine/pulmonary neuroendocrine marker.",True,17,1.0,True,True,pass
DOI_10.1038_s41586-021-03710-0,A_exclude,perivascular macrophages,,human,MRC1,MRC1,exact,author_declared,positive,"Methods, Cell annotations",To distinguish between confounding (perivascular) macrophages and T cells and pure microglia ... specific cell-type markers MRC1 and CD247,exclude,非项目范围细胞（脑周巨噬细胞）；target_cell_scope未指定且不属于PNS/神经内分泌/肠内分泌细胞。,True,1,1.0,True,True,pass
DOI_10.1038_s41586-021-03710-0,A_exclude,T cells,,human,CD247,CD247,exact,author_declared,positive,"Methods, Cell annotations",To distinguish between confounding (perivascular) macrophages and T cells and pure microglia ... specific cell-type markers MRC1 and CD247,exclude,非项目范围细胞（T细胞）；target_cell_scope未指定且不属于PNS/神经内分泌/肠内分泌细胞。,True,1,1.0,True,True,pass
DOI_10.1038_s41586-021-03710-0,A_exclude,microglia,,human,MRC1,MRC1,exact,author_declared,negative,"Methods, Cell annotations",to yield pure microglia by requiring the normalized expression of the specific cell-type markers MRC1 and CD247 to be strictly less than 1,exclude,MRC1表达<1用于阴性门控纯化小胶质细胞，极性应为negative；但小胶质细胞非项目目标范围。,True,1,1.0,True,True,pass
DOI_10.1038_s41586-021-03710-0,A_exclude,microglia,,human,CD247,CD247,exact,author_declared,negative,"Methods, Cell annotations",to yield pure microglia by requiring the normalized expression of the specific cell-type markers MRC1 and CD247 to be strictly less than 1,exclude,CD247表达<1用于阴性门控纯化小胶质细胞，极性应为negative；但小胶质细胞非项目目标范围。,True,1,1.0,True,True,pass
DOI_10.1038_s41586-021-03710-0,A_exclude,microglia,,human,CD68,CD68,exact,annotation_marker,positive,"Methods, Immunohistochemistry","anti-human CD68 (mouse, Dako M0876, PG-M1 clone, 1:100) for determining microglial reactivity",exclude,CD68实际用于免疫组化判定小胶质细胞反应性，属正式注释/验证标记；但小胶质细胞非项目目标范围。,True,1,1.0,True,True,pass
DOI_10.1038_s41586-021-03710-0,A_exclude,microglia,homeostatic,human,P2RY12,P2RY12,exact,author_declared,positive,"Results, paragraph beginning 'We clustered 1,814 MRC1− microglia…'",downregulation of the homeostatic markers including P2RY12,exclude,P2RY12被作者称为homeostatic marker；但小胶质细胞非项目目标范围。,True,1,1.0,True,True,pass
DOI_10.1038_s41586-021-03710-0,A_exclude,microglia,COVID-19-associated,human,C1QC,C1QC,exact,author_declared,positive,"Results, paragraph beginning 'We clustered 1,814 MRC1− microglia…'","This subpopulation was marked by expression of microglial activation genes previously associated with human disease, such as complement C1QC, CD74, FTL and FTH1, and downregulation of the homeostatic markers including P2RY12.",exclude,作者明确用marked by描述COVID-19相关小胶质亚群激活基因；但小胶质细胞非项目目标范围。,True,1,1.0,True,True,pass
DOI_10.1038_s41586-021-03710-0,A_exclude,microglia,COVID-19-associated,human,CD74,CD74,exact,author_declared,positive,"Results, paragraph beginning 'We clustered 1,814 MRC1− microglia…'","This subpopulation was marked by expression of microglial activation genes previously associated with human disease, such as complement C1QC, CD74, FTL and FTH1, and downregulation of the homeostatic markers including P2RY12.",exclude,作者明确用marked by描述COVID-19相关小胶质亚群激活基因；但小胶质细胞非项目目标范围。,True,1,1.0,True,True,pass
DOI_10.1038_s41586-021-03710-0,A_exclude,microglia,COVID-19-associated,human,FTL,FTL,exact,author_declared,positive,"Results, paragraph beginning 'We clustered 1,814 MRC1− microglia…'","This subpopulation was marked by expression of microglial activation genes previously associated with human disease, such as complement C1QC, CD74, FTL and FTH1, and downregulation of the homeostatic markers including P2RY12.",exclude,作者明确用marked by描述COVID-19相关小胶质亚群激活基因；但小胶质细胞非项目目标范围。,True,1,1.0,True,True,pass
DOI_10.1038_s41586-021-03710-0,A_exclude,microglia,COVID-19-associated,human,FTH1,FTH1,exact,author_declared,positive,"Results, paragraph beginning 'We clustered 1,814 MRC1− microglia…'","This subpopulation was marked by expression of microglial activation genes previously associated with human disease, such as complement C1QC, CD74, FTL and FTH1, and downregulation of the homeostatic markers including P2RY12.",exclude,作者明确用marked by描述COVID-19相关小胶质亚群激活基因；但小胶质细胞非项目目标范围。,True,1,1.0,True,True,pass
DOI_10.1038_s41586-021-03710-0,A_exclude,microglia,COVID-19-associated,human,P2RY12,P2RY12,exact,author_declared,negative,"Results, paragraph beginning 'We clustered 1,814 MRC1− microglia…'","This subpopulation was marked by expression of microglial activation genes previously associated with human disease, such as complement C1QC, CD74, FTL and FTH1, and downregulation of the homeostatic markers including P2RY12.",exclude,P2RY12在该COVID-19相关小胶质亚群中下调，极性应为negative；但小胶质细胞非项目目标范围。,True,1,1.0,True,True,duplicate_pool
DOI_10.1038_s41586-021-03710-0,A_exclude,microglia,COVID-19-associated,human,CD68,CD68,exact,figure_labeled,positive,Fig. 3g legend,Immunohistochemical staining for the microglial activation marker CD68 (brown) in the frontal medial cortex of a patient with COVID-19.,exclude,图注明确称CD68为microglial activation marker；但小胶质细胞非项目目标范围。,True,1,1.0,True,True,duplicate_pool
DOI_10.1038_s41586-021-03710-0,A_exclude,microglia,Alzheimer's disease-associated microglia,human,C1QC,C1QC,exact,author_declared,positive,Discussion,C1QC and CD14 (which mark microglia associated with Alzheimer’s disease),exclude,作者用which mark明确建立gene-cell关系；但AD相关小胶质细胞非项目目标范围。,True,1,1.0,True,True,duplicate_pool
DOI_10.1038_s41586-021-03710-0,A_exclude,microglia,Alzheimer's disease-associated microglia,human,CD14,CD14,exact,author_declared,positive,Discussion,C1QC and CD14 (which mark microglia associated with Alzheimer’s disease),exclude,作者用which mark明确建立gene-cell关系；但AD相关小胶质细胞非项目目标范围。,True,1,1.0,True,True,pass
DOI_10.1038_s41586-021-03710-0,A_exclude,astrocyte,COVID-19-associated astrocyte cluster,human,IFITM3,IFITM3,exact,author_declared,positive,Discussion,astrocyte cluster associated with COVID-19 that is marked by established inflammation and astrogliosis genes (such as IFITM3 and GFAP),exclude,作者用marked by明确标记COVID-19相关星形胶质亚群；但星形胶质细胞非项目目标范围。,True,1,1.0,True,True,pass
DOI_10.1038_s41586-021-03710-0,A_exclude,astrocyte,COVID-19-associated astrocyte cluster,human,GFAP,GFAP,exact,author_declared,positive,Discussion,astrocyte cluster associated with COVID-19 that is marked by established inflammation and astrogliosis genes (such as IFITM3 and GFAP),exclude,作者用marked by明确标记COVID-19相关星形胶质亚群；但星形胶质细胞非项目目标范围。,True,1,1.0,True,True,pass
DOI_10.1038_s41586-021-03929-x,A_exclude,sinusoidal endothelial cells,,human,CTSL,CTSL,exact,cluster_enriched,positive,"Results, 'Stromal cell heterogeneity in FBM', Fig. 3a context","One cluster expressed the characteristic sinusoidal endothelial cell genes CTSL, STAB2 and SELENOP (also known as SEPP1)...",exclude,非目标细胞类型（非 Schwann cell），属于项目范围外。,True,32,1.0,True,True,pass
DOI_10.1038_s41586-021-03929-x,A_exclude,sinusoidal endothelial cells,,human,STAB2,STAB2,exact,cluster_enriched,positive,"Results, 'Stromal cell heterogeneity in FBM', Fig. 3a context","One cluster expressed the characteristic sinusoidal endothelial cell genes CTSL, STAB2 and SELENOP (also known as SEPP1)...",exclude,非目标细胞类型（非 Schwann cell），属于项目范围外。,True,32,1.0,True,True,pass
DOI_10.1038_s41586-021-03929-x,A_exclude,sinusoidal endothelial cells,,human,SELENOP,SELENOP,exact,cluster_enriched,positive,"Results, 'Stromal cell heterogeneity in FBM', Fig. 3a context","One cluster expressed the characteristic sinusoidal endothelial cell genes CTSL, STAB2 and SELENOP (also known as SEPP1)...",exclude,非目标细胞类型（非 Schwann cell），属于项目范围外。,True,32,1.0,True,True,pass
DOI_10.1038_s41586-021-03929-x,A_exclude,tip endothelial cells,non-sinusoidal,human,VIM,VIM,exact,cluster_enriched,positive,"Results, 'Stromal cell heterogeneity in FBM', Fig. 3a context","the other expressed high levels of VIM and CD34, associated with non-sinusoidal endothelial cells in mice",exclude,非目标细胞类型（非 Schwann cell），属于项目范围外。,True,32,0.9,True,True,pass
DOI_10.1038_s41586-021-03929-x,A_exclude,tip endothelial cells,non-sinusoidal,human,CD34,CD34,exact,cluster_enriched,positive,"Results, 'Stromal cell heterogeneity in FBM', Fig. 3a context","the other expressed high levels of VIM and CD34, associated with non-sinusoidal endothelial cells in mice",exclude,非目标细胞类型（非 Schwann cell），属于项目范围外。,True,32,0.9,True,True,pass
DOI_10.1038_s41586-021-03929-x,A_exclude,CD34hiVEGFR2lo branching vessels,metaphyseal vessels,human,CD34,CD34,exact,annotation_marker,positive,Fig. 3b legend / Results,we identified CD34hiVEGFR2lo branching vessels adjacent to the epiphyseal cartilage (metaphysis),exclude,非目标细胞类型（血管内皮），不属于 Schwann cell 范围。,True,32,1.0,True,True,pass
DOI_10.1038_s41586-021-03929-x,A_exclude,CD34hiVEGFR2lo branching vessels,metaphyseal vessels,human,VEGFR2,KDR,alias_resolved,annotation_marker,positive,Fig. 3b legend / Results,we identified CD34hiVEGFR2lo branching vessels adjacent to the epiphyseal cartilage (metaphysis),exclude,非目标细胞类型（血管内皮），不属于 Schwann cell 范围。,True,32,1.0,True,True,pass
DOI_10.1038_s41586-021-03929-x,A_exclude,CD34hiVEGFRlo metaphyseal vessels,,human,CD34,CD34,exact,cluster_enriched,positive,Fig. 3b legend,patterns of co-expression in CD34hiVEGFRlo metaphyseal vessels,exclude,非目标细胞类型（血管内皮），不属于 Schwann cell 范围。,True,32,1.0,True,True,pass
DOI_10.1038_s41586-021-03929-x,A_exclude,VEGFR2hiCD34lo cells,diaphyseal convoluted structures,human,VEGFR2,KDR,alias_resolved,cluster_enriched,positive,Fig. 3b legend / Results,VEGFR2hiCD34lo cells formed convoluted structures in more-distal regions (diaphysis),exclude,非目标细胞类型（血管内皮），不属于 Schwann cell 范围。,True,32,1.0,True,True,pass
DOI_10.1038_s41586-021-03929-x,A_exclude,VEGFR2hiCD34lo cells,diaphyseal convoluted structures,human,CD34,CD34,exact,cluster_enriched,positive,Fig. 3b legend / Results,VEGFR2hiCD34lo cells formed convoluted structures in more-distal regions (diaphysis),exclude,非目标细胞类型（血管内皮），不属于 Schwann cell 范围。,True,32,1.0,True,True,pass
DOI_10.1038_s41586-021-03929-x,A_exclude,VEGFR2hiCD34hi diaphyseal sinusoids,,human,VEGFR2,KDR,alias_resolved,cluster_enriched,positive,Fig. 3b legend,patterns of co-expression in ... VEGFR2hiCD34hi diaphyseal sinusoids,exclude,非目标细胞类型（血管内皮），不属于 Schwann cell 范围。,True,32,1.0,True,True,pass
DOI_10.1038_s41586-021-03929-x,A_exclude,VEGFR2hiCD34hi diaphyseal sinusoids,,human,CD34,CD34,exact,cluster_enriched,positive,Fig. 3b legend,patterns of co-expression in ... VEGFR2hiCD34hi diaphyseal sinusoids,exclude,非目标细胞类型（血管内皮），不属于 Schwann cell 范围。,True,32,1.0,True,True,pass
DOI_10.1038_s41586-021-03929-x,A_exclude,CD34hiCXCL12-associated arterioles,,human,CD34,CD34,exact,cluster_enriched,positive,Fig. 3b legend,CD34hiCXCL12-associated arterioles,exclude,非目标细胞类型（血管内皮），不属于 Schwann cell 范围。,True,32,1.0,True,True,pass
DOI_10.1038_s41586-021-03929-x,A_exclude,CD34hi vessels (co-localizing with CXCL12+ cells),,human,CD34,CD34,exact,cluster_enriched,positive,Results / Fig. 3b,"Thicker-walled CD34hi vessels, co-localizing with CXCL12+ cells, were present in both metaphysis and diaphysis",exclude,非目标细胞类型（血管内皮），不属于 Schwann cell 范围。,True,32,0.8889,True,True,pass
DOI_10.1038_s41586-021-03929-x,A_exclude,CXCL12+ cells,,human,CXCL12,CXCL12,exact,cluster_enriched,positive,Results / Fig. 3b,co-localizing with CXCL12+ cells,exclude,非目标细胞类型（基质/血管相关），不属于 Schwann cell 范围。,False,32,0.6667,False,True,fail_citation
DOI_10.1038_s41586-021-03929-x,A_exclude,CD34+CD117+ HSC/MPPs and progenitors,,human,CD34,CD34,exact,cluster_enriched,positive,Results / Fig. 3b / Extended Data Fig. 9,The frequency of CD34+CD117+ HSC/MPPs and progenitors relative to cellular density was similar in metaphyseal and diaphyseal areas,exclude,非目标细胞类型（造血干/祖细胞），不属于 Schwann cell 范围。,True,32,1.0,True,True,pass
DOI_10.1038_s41586-021-03929-x,A_exclude,CD34+CD117+ HSC/MPPs and progenitors,,human,CD117,KIT,alias_resolved,cluster_enriched,positive,Results / Fig. 3b / Extended Data Fig. 9,The frequency of CD34+CD117+ HSC/MPPs and progenitors relative to cellular density was similar in metaphyseal and diaphyseal areas,exclude,非目标细胞类型（造血干/祖细胞），不属于 Schwann cell 范围。,True,32,1.0,True,True,pass
DOI_10.1038_s41586-021-03929-x,A_exclude,HSC/MPP,,human,CD34,CD34,exact,cluster_enriched,positive,"Methods, Culture experiments",CD34+CD38− cells were gated further into CD45RA− HSC/MPPs,exclude,非目标细胞类型（造血干/祖细胞），不属于 Schwann cell 范围。,True,32,1.0,True,True,pass
DOI_10.1038_s41586-021-03929-x,A_exclude,HSC/MPP,,human,CD117,KIT,alias_resolved,annotation_marker,positive,"Methods, Immunofluorescence microscopy",CD34+CD117+ HSC/MPPs and progenitors were manually annotated in QuPath v.0.2.3,exclude,非目标细胞类型（造血干/祖细胞），不属于 Schwann cell 范围。,True,32,1.0,True,True,pass
DOI_10.1038_s41586-021-03929-x,A_exclude,HSC/MPP,,human,CD38,CD38,exact,cluster_enriched,unknown,"Methods, Culture experiments",CD34+CD38− cells were gated further into CD45RA− HSC/MPPs,exclude,非目标细胞类型（造血干/祖细胞），不属于 Schwann cell 范围。,True,32,1.0,True,True,pass
DOI_10.1038_s41586-021-03929-x,A_exclude,HSC/MPP,,human,CD45RA,PTPRC,alias_resolved,cluster_enriched,unknown,"Methods, Culture experiments",CD34+CD38− cells were gated further into CD45RA− HSC/MPPs,exclude,非目标细胞类型（造血干/祖细胞），不属于 Schwann cell 范围。,True,32,1.0,True,True,pass
DOI_10.1038_s41586-021-03929-x,A_exclude,LMPP/MLP,,human,CD34,CD34,exact,cluster_enriched,positive,"Methods, Culture experiments",CD34+CD38− cells were gated further into CD45RA+ LMPP/MLPs,exclude,非目标细胞类型（淋巴样祖细胞），不属于 Schwann cell 范围。,True,32,1.0,True,True,pass
DOI_10.1038_s41586-021-03929-x,A_exclude,LMPP/MLP,,human,CD38,CD38,exact,cluster_enriched,unknown,"Methods, Culture experiments",CD34+CD38− cells were gated further into CD45RA+ LMPP/MLPs,exclude,非目标细胞类型（淋巴样祖细胞），不属于 Schwann cell 范围。,True,32,1.0,True,True,pass
DOI_10.1038_s41586-021-03929-x,A_exclude,LMPP/MLP,,human,CD45RA,PTPRC,alias_resolved,cluster_enriched,positive,"Methods, Culture experiments",CD34+CD38− cells were gated further into CD45RA+ LMPP/MLPs,exclude,非目标细胞类型（淋巴样祖细胞），不属于 Schwann cell 范围。,True,32,1.0,True,True,pass
DOI_10.1038_s41586-021-03929-x,A_exclude,Erythroid colony,,human,GYPA,GYPA,exact,cluster_enriched,positive,"Methods, Culture experiments",Erythroid colonies were identified as CD45−GYPA+ ≥ 30 cells,exclude,非目标细胞类型（红系集落），不属于 Schwann cell 范围。,True,32,1.0,True,True,pass
DOI_10.1038_s41586-021-03929-x,A_exclude,Erythroid colony,,human,CD45,PTPRC,alias_resolved,cluster_enriched,unknown,"Methods, Culture experiments",Erythroid colonies were identified as CD45−GYPA+ ≥ 30 cells,exclude,非目标细胞类型（红系集落），不属于 Schwann cell 范围。,True,32,1.0,True,True,pass
DOI_10.1038_s41586-021-03929-x,A_exclude,Erythroid colony,,human,CD235a,GYPA,alias_resolved,cluster_enriched,positive,Extended Data Fig. 6c legend,erythroid (CD235a+),exclude,非目标细胞类型（红系集落），不属于 Schwann cell 范围。,True,32,1.0,True,True,pass
DOI_10.1038_s41586-021-03929-x,A_exclude,Megakaryocyte,,human,CD41,ITGA2B,alias_resolved,cluster_enriched,positive,"Methods, Culture experiments; Extended Data Fig. 6c legend",megakaryocyte colonies as CD41+ ≥ 30 cells; MK (CD41+),exclude,非目标细胞类型（巨核细胞），不属于 Schwann cell 范围。,True,32,1.0,True,True,pass
DOI_10.1038_s41586-021-03929-x,A_exclude,Myeloid colony,,human,CD45,PTPRC,alias_resolved,cluster_enriched,positive,"Methods, Culture experiments",myeloid colonies as [(CD45+CD14+) + (CD45+CD15+)] ≥ 30 cells,exclude,非目标细胞类型（髓系集落），不属于 Schwann cell 范围。,True,32,1.0,True,True,pass
DOI_10.1038_s41586-021-03929-x,A_exclude,Myeloid colony,,human,CD14,CD14,exact,cluster_enriched,positive,"Methods, Culture experiments",myeloid colonies as [(CD45+CD14+) + (CD45+CD15+)] ≥ 30 cells,exclude,非目标细胞类型（髓系集落），不属于 Schwann cell 范围。,True,32,1.0,True,True,pass
DOI_10.1038_s41586-021-03929-x,A_exclude,Monocyte,,human,CD14,CD14,exact,cluster_enriched,positive,Extended Data Fig. 6c legend,myeloid (CD14+ monocyte and CD15+ neutrophil),exclude,非目标细胞类型（单核细胞），不属于 Schwann cell 范围。,True,32,1.0,True,True,pass
DOI_10.1038_s41586-021-03929-x,A_exclude,NK colony,,human,CD45,PTPRC,alias_resolved,cluster_enriched,positive,"Methods, Culture experiments",NK colonies as CD45+CD56+ ≥ 30 cells,exclude,非目标细胞类型（NK 集落），不属于 Schwann cell 范围。,True,32,1.0,True,True,pass
DOI_10.1038_s41586-021-03929-x,A_exclude,NK colony,,human,CD56,NCAM1,alias_resolved,cluster_enriched,positive,"Methods, Culture experiments; Extended Data Fig. 6c legend",NK colonies as CD45+CD56+ ≥ 30 cells; NK (CD56+),exclude,非目标细胞类型（NK 集落），不属于 Schwann cell 范围。,True,32,1.0,True,True,pass
DOI_10.1038_s41586-021-03929-x,A_exclude,CD34+ cells,,human,CD34,CD34,exact,cluster_enriched,positive,"Human research participants, Population characteristics; Eukaryotic cell lines, Validation","CD34+ CITE-seq samples: FBM (n=3; 14-17 PCW; sex = 2 male, 1 female), fetal liver (n=4; 14-17 PCW; sex = 2 female, 2 male) and cord blood (n=4; 40-42 PCW; sex = unknown); 'The ‘TotalSeqA’ 198 oligo-conjugated panel for CITEseq was optimised on cord blood CD34+ and mononuclear cells'",exclude,非目标细胞类型（CD34+ 造血细胞），不属于 Schwann cell 范围。,True,32,0.9565,True,True,pass
DOI_10.1038_s41586-021-04345-x,A_exclude,Hillock-like populations,,human,KRT14,KRT14,exact,cluster_enriched,positive,"Results, section 'Novel cell subtypes in airway epithelia'","we identify three Hillock-like populations14,26,27. The latter are all marked by KRT14, KRT6A and KRT13",exclude,Hillock-like 细胞非 L4:Neuroendocrine cell 目标范围,True,7,1.0,True,True,pass
DOI_10.1038_s41586-021-04345-x,A_exclude,Hillock-like populations,,human,KRT6A,KRT6A,exact,cluster_enriched,positive,"Results, section 'Novel cell subtypes in airway epithelia'","The latter are all marked by KRT14, KRT6A and KRT13",exclude,Hillock-like 细胞非 L4:Neuroendocrine cell 目标范围,True,7,1.0,True,True,pass
DOI_10.1038_s41586-021-04345-x,A_exclude,Hillock-like populations,,human,KRT13,KRT13,exact,cluster_enriched,positive,"Results, section 'Novel cell subtypes in airway epithelia'","The latter are all marked by KRT14, KRT6A and KRT13",exclude,Hillock-like 细胞非 L4:Neuroendocrine cell 目标范围,True,7,1.0,True,True,pass
DOI_10.1038_s41586-021-04345-x,A_exclude,mono IL-6+,,human,IL-6,IL6,alias_resolved,annotation_marker,positive,"Results, section 'Novel cell subtypes in airway epithelia'","monocytes fall into clearly distinct clusters, annotated by their highly expressed markers as mono IL-6+, mono GPBAR1+ and mono CXCL10+",exclude,单核细胞亚群非 L4:Neuroendocrine cell 目标范围,True,7,1.0,True,True,pass
DOI_10.1038_s41586-021-04345-x,A_exclude,mono GPBAR1+,,human,GPBAR1,GPBAR1,exact,annotation_marker,positive,"Results, section 'Novel cell subtypes in airway epithelia'","monocytes fall into clearly distinct clusters, annotated by their highly expressed markers as mono IL-6+, mono GPBAR1+ and mono CXCL10+",exclude,单核细胞亚群非 L4:Neuroendocrine cell 目标范围,True,7,1.0,True,True,pass
DOI_10.1038_s41586-021-04345-x,A_exclude,mono CXCL10+,,human,CXCL10,CXCL10,exact,annotation_marker,positive,"Results, section 'Novel cell subtypes in airway epithelia'","monocytes fall into clearly distinct clusters, annotated by their highly expressed markers as mono IL-6+, mono GPBAR1+ and mono CXCL10+",exclude,单核细胞亚群非 L4:Neuroendocrine cell 目标范围,True,7,1.0,True,True,pass
DOI_10.1038_s41586-021-04345-x,A_exclude,epithelial cells,,human,EPCAM,EPCAM,exact,author_declared,positive,"Results, Fig. 2g validation paragraph",staining for both calprotectin subunit S100A9 and the epithelial marker EPCAM in a posterior nasal space biopsy of an adult COVID-19 patient,exclude,上皮细胞非 L4:Neuroendocrine cell 目标范围,True,7,1.0,True,True,pass
DOI_10.1038_s41586-021-04345-x,A_exclude,CD8+ cytotoxic T lymphocytes (CTLs),,human,CD8,CD8A/CD8B,ambiguous,cluster_enriched,positive,"Results, section 'Reduced cytotoxic response in children'","adult COVID-19 patients is characterised by an increased cytotoxic compartment, where CD8+ cytotoxic T lymphocytes (CTLs) and effector memory cells re-expressing CD45RA are significantly more abundant",exclude,T 细胞亚群非 L4:Neuroendocrine cell 目标范围,True,7,1.0,True,True,fail_symbol
DOI_10.1038_s41586-021-04345-x,A_exclude,effector memory cells re-expressing CD45RA,,human,CD45RA,PTPRC,alias_resolved,cluster_enriched,positive,"Results, section 'Reduced cytotoxic response in children'",CD8+ cytotoxic T lymphocytes (CTLs) and effector memory cells re-expressing CD45RA are significantly more abundant in adults,exclude,T 细胞亚群非 L4:Neuroendocrine cell 目标范围,True,7,1.0,True,True,pass
DOI_10.1038_s41586-021-04345-x,A_exclude,CD4+ CTLs,,human,CD4,CD4,exact,cluster_enriched,positive,"Results, section 'Reduced cytotoxic response in children'","the latter populations, natural killer cells and CD4+ CTLs are reduced in paediatric COVID-19 patients",exclude,T 细胞亚群非 L4:Neuroendocrine cell 目标范围,True,7,1.0,True,True,pass
DOI_10.1038_s41586-021-04345-x,A_exclude,NK CD56 lo,,human,CD56,NCAM1,alias_resolved,cluster_enriched,positive,"Results, section 'Distinct changes in children and adults'","particularly NK CD56 lo, NKT cells, neutrophils, mono CXCL10+ and some CD8+ T cell subsets for IFN-α",exclude,NK 细胞非 L4:Neuroendocrine cell 目标范围,True,7,1.0,True,True,pass
DOI_10.1038_s41586-021-04345-x,A_exclude,CD4 CCR4+ T cells,,human,CD4,CD4,exact,cluster_enriched,positive,"Results, section 'Distinct changes in children and adults'","including in the already expanded IL6+ monocytes, CD4 CCR4+ T cells and Tfh cells",exclude,T 细胞亚群非 L4:Neuroendocrine cell 目标范围,True,7,1.0,True,True,pass
DOI_10.1038_s41586-021-04345-x,A_exclude,CD4 CCR4+ T cells,,human,CCR4,CCR4,exact,cluster_enriched,positive,"Results, section 'Distinct changes in children and adults'","including in the already expanded IL6+ monocytes, CD4 CCR4+ T cells and Tfh cells",exclude,T 细胞亚群非 L4:Neuroendocrine cell 目标范围,True,7,1.0,True,True,pass
DOI_10.1038_s41586-021-04345-x,A_exclude,basal 1,,human,KHDRBS2,KHDRBS2,exact,cluster_enriched,positive,"Supplementary Information, Detailed Cell Type Annotation","In addition, KHDRBS2 marked a distinct basal 1 population",exclude,基底细胞非 L4:Neuroendocrine cell 目标范围,True,7,1.0,True,True,pass
DOI_10.1038_s41586-021-04345-x,A_exclude,basal 2,,human,DAPL1,DAPL1,exact,cluster_enriched,positive,"Supplementary Information, Detailed Cell Type Annotation",basal 2 cells are high in DAPL1 and NOTCH1,exclude,基底细胞非 L4:Neuroendocrine cell 目标范围,True,7,1.0,True,True,pass
DOI_10.1038_s41586-021-04345-x,A_exclude,basal 2,,human,NOTCH1,NOTCH1,exact,cluster_enriched,positive,"Supplementary Information, Detailed Cell Type Annotation",basal 2 cells are high in DAPL1 and NOTCH1,exclude,基底细胞非 L4:Neuroendocrine cell 目标范围,True,7,1.0,True,True,pass
DOI_10.1038_s41586-021-04345-x,A_exclude,club cells,,human,SCGB1A1,SCGB1A1,exact,annotation_marker,positive,"Supplementary Information, Detailed Cell Type Annotation","more differentiated club cells (SCGB1A1, SCGB3A1)",exclude,Club 细胞非 L4:Neuroendocrine cell 目标范围,True,7,1.0,True,True,pass
DOI_10.1038_s41586-021-04345-x,A_exclude,club cells,,human,SCGB3A1,SCGB3A1,exact,annotation_marker,positive,"Supplementary Information, Detailed Cell Type Annotation","more differentiated club cells (SCGB1A1, SCGB3A1)",exclude,Club 细胞非 L4:Neuroendocrine cell 目标范围,True,7,1.0,True,True,pass
DOI_10.1038_s41586-021-04345-x,A_exclude,secretory,GALNT4+ distinct subtype,human,GALNT4,GALNT4,exact,cluster_enriched,positive,"Supplementary Information, Detailed Cell Type Annotation",GALNT4 marks a distinct secretory subtype,exclude,分泌细胞亚型非 L4:Neuroendocrine cell 目标范围,True,7,1.0,True,True,pass
DOI_10.1038_s41586-021-04345-x,A_exclude,goblet cells,,human,MUC5AC,MUC5AC,exact,cluster_enriched,positive,"Supplementary Information, Detailed Cell Type Annotation",Goblet cells have high MUC5AC expression and were subdivided into TFF1-hi goblet 1 and three distinct goblet 2 populations,exclude,杯状细胞非 L4:Neuroendocrine cell 目标范围,True,7,1.0,True,True,pass
DOI_10.1038_s41586-021-04345-x,A_exclude,goblet 1,TFF1-hi,human,TFF1,TFF1,exact,annotation_marker,positive,"Supplementary Information, Detailed Cell Type Annotation",subdivided into TFF1-hi goblet 1,exclude,杯状细胞亚型非 L4:Neuroendocrine cell 目标范围,True,7,1.0,True,True,pass
DOI_10.1038_s41586-021-04345-x,A_exclude,goblet 2,BPIFA2,human,BPIFA2,BPIFA2,exact,annotation_marker,positive,"Supplementary Information, Detailed Cell Type Annotation","three distinct goblet 2 populations (BPIFA2, PLAU, and goblet 2 inflammatory cells)",exclude,杯状细胞亚型非 L4:Neuroendocrine cell 目标范围,True,7,1.0,True,True,pass
DOI_10.1038_s41586-021-04345-x,A_exclude,goblet 2,PLAU,human,PLAU,PLAU,exact,annotation_marker,positive,"Supplementary Information, Detailed Cell Type Annotation","three distinct goblet 2 populations (BPIFA2, PLAU, and goblet 2 inflammatory cells)",exclude,杯状细胞亚型非 L4:Neuroendocrine cell 目标范围,True,7,1.0,True,True,pass
DOI_10.1038_s41586-021-04345-x,A_exclude,squamous cells,,human,SPRR3,SPRR3,exact,annotation_marker,positive,"Supplementary Information, Detailed Cell Type Annotation","we detect squamous cells (SPRR3, KRT78)",exclude,鳞状细胞非 L4:Neuroendocrine cell 目标范围,True,7,1.0,True,True,pass
DOI_10.1038_s41586-021-04345-x,A_exclude,squamous cells,,human,KRT78,KRT78,exact,annotation_marker,positive,"Supplementary Information, Detailed Cell Type Annotation","we detect squamous cells (SPRR3, KRT78)",exclude,鳞状细胞非 L4:Neuroendocrine cell 目标范围,True,7,1.0,True,True,pass
DOI_10.1038_s41586-021-04345-x,A_exclude,Hillock,,human,KRT14,KRT14,exact,cluster_enriched,positive,"Supplementary Information, Detailed Cell Type Annotation","all marked by KRT14, KRT6A and KRT13 expression and referred to as Hillock, cycling Hillock and Hillock precursor cells",exclude,Hillock 细胞非 L4:Neuroendocrine cell 目标范围,True,7,1.0,True,True,pass
DOI_10.1038_s41586-021-04345-x,A_exclude,Hillock,,human,KRT6A,KRT6A,exact,cluster_enriched,positive,"Supplementary Information, Detailed Cell Type Annotation","all marked by KRT14, KRT6A and KRT13 expression and referred to as Hillock, cycling Hillock and Hillock precursor cells",exclude,Hillock 细胞非 L4:Neuroendocrine cell 目标范围,True,7,1.0,True,True,pass
DOI_10.1038_s41586-021-04345-x,A_exclude,Hillock,,human,KRT13,KRT13,exact,cluster_enriched,positive,"Supplementary Information, Detailed Cell Type Annotation","all marked by KRT14, KRT6A and KRT13 expression and referred to as Hillock, cycling Hillock and Hillock precursor cells",exclude,Hillock 细胞非 L4:Neuroendocrine cell 目标范围,True,7,1.0,True,True,pass
DOI_10.1038_s41586-021-04345-x,A_exclude,cycling Hillock,,human,KRT14,KRT14,exact,cluster_enriched,positive,"Supplementary Information, Detailed Cell Type Annotation","all marked by KRT14, KRT6A and KRT13 expression and referred to as Hillock, cycling Hillock and Hillock precursor cells",exclude,Cycling Hillock 细胞非 L4:Neuroendocrine cell 目标范围,True,7,1.0,True,True,pass
DOI_10.1038_s41586-021-04345-x,A_exclude,cycling Hillock,,human,KRT6A,KRT6A,exact,cluster_enriched,positive,"Supplementary Information, Detailed Cell Type Annotation","all marked by KRT14, KRT6A and KRT13 expression and referred to as Hillock, cycling Hillock and Hillock precursor cells",exclude,Cycling Hillock 细胞非 L4:Neuroendocrine cell 目标范围,True,7,1.0,True,True,pass
DOI_10.1038_s41586-021-04345-x,A_exclude,cycling Hillock,,human,KRT13,KRT13,exact,cluster_enriched,positive,"Supplementary Information, Detailed Cell Type Annotation","all marked by KRT14, KRT6A and KRT13 expression and referred to as Hillock, cycling Hillock and Hillock precursor cells",exclude,Cycling Hillock 细胞非 L4:Neuroendocrine cell 目标范围,True,7,1.0,True,True,pass
DOI_10.1038_s41586-021-04345-x,A_exclude,Hillock precursor,,human,KRT14,KRT14,exact,cluster_enriched,positive,"Supplementary Information, Detailed Cell Type Annotation","all marked by KRT14, KRT6A and KRT13 expression and referred to as Hillock, cycling Hillock and Hillock precursor cells",exclude,Hillock precursor 细胞非 L4:Neuroendocrine cell 目标范围,True,7,1.0,True,True,pass
DOI_10.1038_s41586-021-04345-x,A_exclude,Hillock precursor,,human,KRT6A,KRT6A,exact,cluster_enriched,positive,"Supplementary Information, Detailed Cell Type Annotation","all marked by KRT14, KRT6A and KRT13 expression and referred to as Hillock, cycling Hillock and Hillock precursor cells",exclude,Hillock precursor 细胞非 L4:Neuroendocrine cell 目标范围,True,7,1.0,True,True,pass
DOI_10.1038_s41586-021-04345-x,A_exclude,Hillock precursor,,human,KRT13,KRT13,exact,cluster_enriched,positive,"Supplementary Information, Detailed Cell Type Annotation","all marked by KRT14, KRT6A and KRT13 expression and referred to as Hillock, cycling Hillock and Hillock precursor cells",exclude,Hillock precursor 细胞非 L4:Neuroendocrine cell 目标范围,True,7,1.0,True,True,pass
DOI_10.1038_s41586-021-04345-x,A_exclude,ciliated 1,,human,PIFO,PIFO,exact,annotation_marker,positive,"Supplementary Information, Detailed Cell Type Annotation","the differentiation trajectory points from ciliated 1 (PIFO, OMG) to ciliated 2 (CFAP54, DZIP1L) cells",exclude,纤毛细胞非 L4:Neuroendocrine cell 目标范围,True,7,1.0,True,True,pass
DOI_10.1038_s41586-021-04345-x,A_exclude,ciliated 1,,human,OMG,OMG,exact,annotation_marker,positive,"Supplementary Information, Detailed Cell Type Annotation","the differentiation trajectory points from ciliated 1 (PIFO, OMG) to ciliated 2 (CFAP54, DZIP1L) cells",exclude,纤毛细胞非 L4:Neuroendocrine cell 目标范围,True,7,1.0,True,True,pass
DOI_10.1038_s41586-021-04345-x,A_exclude,ciliated 2,,human,CFAP54,CFAP54,exact,annotation_marker,positive,"Supplementary Information, Detailed Cell Type Annotation","the differentiation trajectory points from ciliated 1 (PIFO, OMG) to ciliated 2 (CFAP54, DZIP1L) cells",exclude,纤毛细胞非 L4:Neuroendocrine cell 目标范围,True,7,1.0,True,True,pass
DOI_10.1038_s41586-021-04345-x,A_exclude,ciliated 2,,human,DZIP1L,DZIP1L,exact,annotation_marker,positive,"Supplementary Information, Detailed Cell Type Annotation","the differentiation trajectory points from ciliated 1 (PIFO, OMG) to ciliated 2 (CFAP54, DZIP1L) cells",exclude,纤毛细胞非 L4:Neuroendocrine cell 目标范围,True,7,1.0,True,True,pass
DOI_10.1038_s41586-021-04345-x,A_exclude,deuterosomal cells,,human,CDC20,CDC20,exact,cluster_enriched,positive,"Supplementary Information, Detailed Cell Type Annotation",we observe deuterosomal cells as intermediates marked by CDC20 and FOXN4,exclude,Deuterosomal 细胞非 L4:Neuroendocrine cell 目标范围,True,7,1.0,True,True,pass
DOI_10.1038_s41586-021-04345-x,A_exclude,deuterosomal cells,,human,FOXN4,FOXN4,exact,cluster_enriched,positive,"Supplementary Information, Detailed Cell Type Annotation",we observe deuterosomal cells as intermediates marked by CDC20 and FOXN4,exclude,Deuterosomal 细胞非 L4:Neuroendocrine cell 目标范围,True,7,1.0,True,True,pass
DOI_10.1038_s41586-021-04345-x,A_exclude,Transit epi 1,,human,PIFO,PIFO,exact,annotation_marker,positive,"Supplementary Information, Detailed Cell Type Annotation","They co-express ciliated cell markers (PIFO) and secretory genes (MUC2), but are FOXJ1 low",exclude,Transit epi 细胞非 L4:Neuroendocrine cell 目标范围,True,7,1.0,True,True,pass
DOI_10.1038_s41586-021-04345-x,A_exclude,Transit epi 1,,human,MUC2,MUC2,exact,annotation_marker,positive,"Supplementary Information, Detailed Cell Type Annotation","They co-express ciliated cell markers (PIFO) and secretory genes (MUC2), but are FOXJ1 low",exclude,Transit epi 细胞非 L4:Neuroendocrine cell 目标范围,True,7,1.0,True,True,pass
DOI_10.1038_s41586-021-04345-x,A_exclude,Transit epi 1,,human,FP671120.4,FP671120.4,unresolved,author_declared,positive,"Supplementary Information, Detailed Cell Type Annotation","Distinguishing markers for these two clusters are two long non-coding RNAs, FP671120.4 and FP236383.2 for both",exclude,Transit epi 细胞非 L4:Neuroendocrine cell 目标范围,True,7,1.0,True,True,fail_symbol
DOI_10.1038_s41586-021-04345-x,A_exclude,Transit epi 1,,human,FP236383.2,FP236383.2,unresolved,author_declared,positive,"Supplementary Information, Detailed Cell Type Annotation","Distinguishing markers for these two clusters are two long non-coding RNAs, FP671120.4 and FP236383.2 for both",exclude,Transit epi 细胞非 L4:Neuroendocrine cell 目标范围,True,7,1.0,True,True,fail_symbol
DOI_10.1038_s41586-021-04345-x,A_exclude,Transit epi 1,,human,FOXJ1,FOXJ1,exact,annotation_marker,negative,"Supplementary Information, Detailed Cell Type Annotation","They co-express ciliated cell markers (PIFO) and secretory genes (MUC2), but are FOXJ1 low",exclude,Transit epi 细胞非 L4:Neuroendocrine cell 目标范围,True,7,1.0,True,True,pass
DOI_10.1038_s41586-021-04345-x,A_exclude,Transit epi 2,,human,PIFO,PIFO,exact,annotation_marker,positive,"Supplementary Information, Detailed Cell Type Annotation","They co-express ciliated cell markers (PIFO) and secretory genes (MUC2), but are FOXJ1 low",exclude,Transit epi 细胞非 L4:Neuroendocrine cell 目标范围,True,7,1.0,True,True,pass
DOI_10.1038_s41586-021-04345-x,A_exclude,Transit epi 2,,human,MUC2,MUC2,exact,annotation_marker,positive,"Supplementary Information, Detailed Cell Type Annotation","They co-express ciliated cell markers (PIFO) and secretory genes (MUC2), but are FOXJ1 low",exclude,Transit epi 细胞非 L4:Neuroendocrine cell 目标范围,True,7,1.0,True,True,pass
DOI_10.1038_s41586-021-04345-x,A_exclude,Transit epi 2,,human,FP671120.4,FP671120.4,unresolved,author_declared,positive,"Supplementary Information, Detailed Cell Type Annotation","Distinguishing markers for these two clusters are two long non-coding RNAs, FP671120.4 and FP236383.2 for both",exclude,Transit epi 细胞非 L4:Neuroendocrine cell 目标范围,True,7,1.0,True,True,fail_symbol
DOI_10.1038_s41586-021-04345-x,A_exclude,Transit epi 2,,human,FP236383.2,FP236383.2,unresolved,author_declared,positive,"Supplementary Information, Detailed Cell Type Annotation","Distinguishing markers for these two clusters are two long non-coding RNAs, FP671120.4 and FP236383.2 for both",exclude,Transit epi 细胞非 L4:Neuroendocrine cell 目标范围,True,7,1.0,True,True,fail_symbol
DOI_10.1038_s41586-021-04345-x,A_exclude,Transit epi 2,,human,HIST1H1E,H1-5,alias_resolved,cluster_enriched,positive,"Supplementary Information, Detailed Cell Type Annotation",and HIST1H1E for Transit epi 2,exclude,Transit epi 细胞非 L4:Neuroendocrine cell 目标范围,True,7,1.0,True,True,pass
DOI_10.1038_s41586-021-04345-x,A_exclude,Transit epi 2,,human,FOXJ1,FOXJ1,exact,annotation_marker,negative,"Supplementary Information, Detailed Cell Type Annotation","They co-express ciliated cell markers (PIFO) and secretory genes (MUC2), but are FOXJ1 low",exclude,Transit epi 细胞非 L4:Neuroendocrine cell 目标范围,True,7,1.0,True,True,pass
DOI_10.1038_s41586-021-04345-x,A_exclude,Basal 1 KHDRBS2+,,human,KHDRBS2,KHDRBS2,exact,cluster_enriched,positive,Extended Data Figure 8 (nasal epithelial cell population),Cell type label 'Basal 1 KHDRBS2+' in nasal epithelial cell population,exclude,基底细胞非 L4:Neuroendocrine cell 目标范围,True,7,1.0,True,True,pass
DOI_10.1038_s41586-021-04345-x,A_exclude,Secretory GALNT4+,,human,GALNT4,GALNT4,exact,cluster_enriched,positive,Extended Data Figure 8 (nasal epithelial cell population),Cell type label 'Secretory GALNT4+' in nasal epithelial cell population,exclude,分泌细胞非 L4:Neuroendocrine cell 目标范围,True,7,1.0,True,True,pass
DOI_10.1038_s41586-021-04345-x,A_exclude,Goblet 2 BPIFA2+,,human,BPIFA2,BPIFA2,exact,cluster_enriched,positive,Extended Data Figure 8 (nasal epithelial cell population),Cell type label 'Goblet 2 BPIFA2+' in nasal epithelial cell population,exclude,杯状细胞非 L4:Neuroendocrine cell 目标范围,True,7,1.0,True,True,pass
DOI_10.1038_s41586-021-04345-x,A_exclude,Goblet 2 PLAU+,,human,PLAU,PLAU,exact,cluster_enriched,positive,Extended Data Figure 8 (nasal epithelial cell population),Cell type label 'Goblet 2 PLAU+' in nasal epithelial cell population,exclude,杯状细胞非 L4:Neuroendocrine cell 目标范围,True,7,1.0,True,True,pass
DOI_10.1038_s41586-021-04345-x,A_exclude,T CD4 CCR4+,,human,CCR4,CCR4,exact,cluster_enriched,positive,Extended Data Figure 8 (nasal resident immune cell population),Cell type label 'T CD4 CCR4+' in nasal resident immune cell population,exclude,T 细胞非 L4:Neuroendocrine cell 目标范围,True,7,1.0,True,True,pass
DOI_10.1038_s41586-021-04345-x,A_exclude,Mono CXCL10+,,human,CXCL10,CXCL10,exact,cluster_enriched,positive,Extended Data Figure 8 (nasal resident immune cell population),Cell type label 'Mono CXCL10+' includes 'CXCL10',exclude,单核细胞非 L4:Neuroendocrine cell 目标范围,True,7,0.8571,True,True,pass
DOI_10.1038_s41586-021-04345-x,A_exclude,Mono GPBAR1+,,human,GPBAR1,GPBAR1,exact,cluster_enriched,positive,Extended Data Figure 8 (nasal resident immune cell population),Cell type label 'Mono GPBAR1+' includes 'GPBAR1',exclude,单核细胞非 L4:Neuroendocrine cell 目标范围,True,7,0.8571,True,True,pass
DOI_10.1038_s41586-021-04345-x,A_exclude,Mono IL6+,,human,IL6,IL6,exact,cluster_enriched,positive,Extended Data Figure 8 (nasal resident immune cell population),Cell type label 'Mono IL6+' includes 'IL6',exclude,单核细胞非 L4:Neuroendocrine cell 目标范围,True,7,0.8571,True,True,pass
DOI_10.1038_s41586-021-04345-x,A_exclude,Monocyte CD16+C1,,human,CD16,FCGR3A/FCGR3B,ambiguous,cluster_enriched,positive,Extended Data Figure 7a,Cell type label 'Monocyte CD16+C1' includes 'CD16',exclude,单核细胞非 L4:Neuroendocrine cell 目标范围,True,7,0.75,True,True,fail_symbol
DOI_10.1038_s41586-021-04345-x,A_exclude,SERPINB11 high Secretory Cells,,human,SERPINB11,SERPINB11,exact,reference_imported,positive,Extended Data Figure 3d,Reference label transfer cell type 'SERPINB11 high Secretory Cells',exclude,参考标签转移的分泌细胞，非 L4:Neuroendocrine cell 目标范围,True,7,0.8889,True,True,pass
DOI_10.1038_s41586-021-04345-x,A_exclude,MSR1 C1QB high Macrophages,,human,MSR1,MSR1,exact,reference_imported,positive,Extended Data Figure 3d,Reference label transfer cell type 'MSR1 C1QB high Macrophages',exclude,参考标签转移的巨噬细胞，非 L4:Neuroendocrine cell 目标范围,True,7,0.8889,True,True,pass
DOI_10.1038_s41586-021-04345-x,A_exclude,MSR1 C1QB high Macrophages,,human,C1QB,C1QB,exact,reference_imported,positive,Extended Data Figure 3d,Reference label transfer cell type 'MSR1 C1QB high Macrophages',exclude,参考标签转移的巨噬细胞，非 L4:Neuroendocrine cell 目标范围,True,7,0.8889,True,True,pass
DOI_10.1038_s41586-021-04345-x,A_exclude,SCGB1A1 high Goblet Cells,,human,SCGB1A1,SCGB1A1,exact,reference_imported,positive,Extended Data Figure 3d,Reference label transfer cell type 'SCGB1A1 high Goblet Cells',exclude,参考标签转移的杯状细胞，非 L4:Neuroendocrine cell 目标范围,True,7,0.8889,True,True,pass
DOI_10.1038_s41586-021-04345-x,A_exclude,SPRR2D high Squamous Cells,,human,SPRR2D,SPRR2D,exact,reference_imported,positive,Extended Data Figure 3d,Reference label transfer cell type 'SPRR2D high Squamous Cells',exclude,参考标签转移的鳞状细胞，非 L4:Neuroendocrine cell 目标范围,True,7,0.8889,True,True,pass
DOI_10.1038_s41586-021-04345-x,A_exclude,ITGAX high Macrophages,,human,ITGAX,ITGAX,exact,reference_imported,positive,Extended Data Figure 3d,Reference label transfer cell type 'ITGAX high Macrophages',exclude,参考标签转移的巨噬细胞，非 L4:Neuroendocrine cell 目标范围,True,7,0.875,True,True,pass
DOI_10.1038_s41586-021-04345-x,A_exclude,BEST4 high Cilia high Ciliated Cells,,human,BEST4,BEST4,exact,reference_imported,positive,Extended Data Figure 3d,Reference label transfer cell type 'BEST4 high Cilia high Ciliated Cells',exclude,参考标签转移的纤毛细胞，非 L4:Neuroendocrine cell 目标范围,True,7,0.9,True,True,pass
DOI_10.1038_s41586-021-04345-x,A_exclude,KRT24 KRT13 high Secretory Cells,,human,KRT24,KRT24,exact,reference_imported,positive,Extended Data Figure 3d,Reference label transfer cell type 'KRT24 KRT13 high Secretory Cells',exclude,参考标签转移的分泌细胞，非 L4:Neuroendocrine cell 目标范围,True,7,0.9,True,True,pass
DOI_10.1038_s41586-021-04345-x,A_exclude,KRT24 KRT13 high Secretory Cells,,human,KRT13,KRT13,exact,reference_imported,positive,Extended Data Figure 3d,Reference label transfer cell type 'KRT24 KRT13 high Secretory Cells',exclude,参考标签转移的分泌细胞，非 L4:Neuroendocrine cell 目标范围,True,7,0.9,True,True,pass
DOI_10.1038_s41586-021-04345-x,A_exclude,AZGP1 high Goblet Cells,,human,AZGP1,AZGP1,exact,reference_imported,positive,Extended Data Figure 3d,Reference label transfer cell type 'AZGP1 high Goblet Cells',exclude,参考标签转移的杯状细胞，非 L4:Neuroendocrine cell 目标范围,True,7,0.8889,True,True,pass
DOI_10.1038_s41586-021-04345-x,A_exclude,AZGP1 SCGB3A1 LTF high Goblet Cells,,human,AZGP1,AZGP1,exact,reference_imported,positive,Extended Data Figure 3d,Reference label transfer cell type 'AZGP1 SCGB3A1 LTF high Goblet Cells',exclude,参考标签转移的杯状细胞，非 L4:Neuroendocrine cell 目标范围,True,7,0.9091,True,True,pass
DOI_10.1038_s41586-021-04345-x,A_exclude,AZGP1 SCGB3A1 LTF high Goblet Cells,,human,SCGB3A1,SCGB3A1,exact,reference_imported,positive,Extended Data Figure 3d,Reference label transfer cell type 'AZGP1 SCGB3A1 LTF high Goblet Cells',exclude,参考标签转移的杯状细胞，非 L4:Neuroendocrine cell 目标范围,True,7,0.9091,True,True,pass
DOI_10.1038_s41586-021-04345-x,A_exclude,AZGP1 SCGB3A1 LTF high Goblet Cells,,human,LTF,LTF,exact,reference_imported,positive,Extended Data Figure 3d,Reference label transfer cell type 'AZGP1 SCGB3A1 LTF high Goblet Cells',exclude,参考标签转移的杯状细胞，非 L4:Neuroendocrine cell 目标范围,True,7,0.9091,True,True,pass
DOI_10.1038_s41586-021-04345-x,A_exclude,BPIFA1 high Secretory Cells,,human,BPIFA1,BPIFA1,exact,reference_imported,positive,Extended Data Figure 3d,Reference label transfer cell type 'BPIFA1 high Secretory Cells',exclude,参考标签转移的分泌细胞，非 L4:Neuroendocrine cell 目标范围,True,7,0.8889,True,True,pass
DOI_10.1038_s41586-021-04345-x,A_exclude,MUC5AC high Goblet Cells,,human,MUC5AC,MUC5AC,exact,reference_imported,positive,Extended Data Figure 3d,Reference label transfer cell type 'MUC5AC high Goblet Cells',exclude,参考标签转移的杯状细胞，非 L4:Neuroendocrine cell 目标范围,True,7,0.8889,True,True,pass
DOI_10.1038_s41586-021-04345-x,A_exclude,HOPX high Squamous Cells,,human,HOPX,HOPX,exact,reference_imported,positive,Extended Data Figure 3d,Reference label transfer cell type 'HOPX high Squamous Cells',exclude,参考标签转移的鳞状细胞，非 L4:Neuroendocrine cell 目标范围,True,7,0.8889,True,True,pass
DOI_10.1038_s41586-021-04345-x,A_exclude,VEGFA high Squamous Cells,,human,VEGFA,VEGFA,exact,reference_imported,positive,Extended Data Figure 3d,Reference label transfer cell type 'VEGFA high Squamous Cells',exclude,参考标签转移的鳞状细胞，非 L4:Neuroendocrine cell 目标范围,True,7,0.8889,True,True,pass
DOI_10.1038_s41586-021-04345-x,A_exclude,BPIFA1 and Chemokine high Secretory Cells,,human,BPIFA1,BPIFA1,exact,reference_imported,positive,Extended Data Figure 3d,Reference label transfer cell type 'BPIFA1 and Chemokine high Secretory Cells',exclude,参考标签转移的分泌细胞，非 L4:Neuroendocrine cell 目标范围,True,7,0.9,True,True,pass
DOI_10.1038_s41586-021-04345-x,A_exclude,FOXJ1 high Ciliated Cells,,human,FOXJ1,FOXJ1,exact,reference_imported,positive,Extended Data Figure 3d,Reference label transfer cell type 'FOXJ1 high Ciliated Cells',exclude,参考标签转移的纤毛细胞，非 L4:Neuroendocrine cell 目标范围,True,7,0.8889,True,True,pass
DOI_10.1038_s41586-021-04345-x,A_exclude,FFAR4 high Macrophages,,human,FFAR4,FFAR4,exact,reference_imported,positive,Extended Data Figure 3d,Reference label transfer cell type 'FFAR4 high Macrophages',exclude,参考标签转移的巨噬细胞，非 L4:Neuroendocrine cell 目标范围,True,7,0.875,True,True,pass
DOI_10.1038_s41586-021-04345-x,A_exclude,CCL5 high Squamous Cells,,human,CCL5,CCL5,exact,reference_imported,positive,Extended Data Figure 3d,Reference label transfer cell type 'CCL5 high Squamous Cells',exclude,参考标签转移的鳞状细胞，非 L4:Neuroendocrine cell 目标范围,True,7,0.8889,True,True,pass
DOI_10.1038_s41586-021-04345-x,A_exclude,Early Response FOXJ1 high Ciliated Cells,,human,FOXJ1,FOXJ1,exact,reference_imported,positive,Extended Data Figure 3d,Reference label transfer cell type 'Early Response FOXJ1 high Ciliated Cells',exclude,参考标签转移的纤毛细胞，非 L4:Neuroendocrine cell 目标范围,True,7,0.9091,True,True,pass
DOI_10.1038_s41586-024-07069-w,B_unaudited,mesodermal progenitors,,mouse,Tbx6,Tbx6,,annotation_marker,positive,"Results, Posterior embryo during somitogenesis",initially annotated as ... mesodermal progenitors (Tbx6+),never_audited,,,42,1.0,True,True,pass
DOI_10.1038_s41586-024-07069-w,B_unaudited,ciliated nodal cells,,mouse,Foxj1,Foxj1,,annotation_marker,positive,"Results, Posterior embryo during somitogenesis",we identify a few cells that strongly express Foxj1 ... These ciliated nodal cells,never_audited,,,42,1.0,True,True,pass
DOI_10.1038_s41586-024-07069-w,B_unaudited,Ciliated nodal cells,,mouse,Foxj1,Foxj1,,figure_labeled,positive,Fig. 2h legend,coloured by marker gene expression for notochord or ciliated nodal cells (Foxj1+).,never_audited,,,42,1.0,True,True,pass
DOI_10.1038_s41586-024-07069-w,B_unaudited,podocytes,,mouse,Nphs1,Nphs1,,figure_labeled,positive,"Article figure legend preceding Extended Data Fig. 6, panel c","colored by expression of marker genes which appear specific to podocytes (Nphs1 +, Nphs2 +)",never_audited,,,42,1.0,True,True,pass
DOI_10.1038_s41586-024-07069-w,B_unaudited,podocytes,,mouse,Nphs2,Nphs2,,figure_labeled,positive,"Article figure legend preceding Extended Data Fig. 6, panel c","colored by expression of marker genes which appear specific to podocytes (Nphs1 +, Nphs2 +)",never_audited,,,42,1.0,True,True,pass
DOI_10.1038_s41586-024-07069-w,B_unaudited,collecting duct intercalated cells,,mouse,Atp6v1b1,Atp6v1b1,,figure_labeled,positive,"Article figure legend preceding Extended Data Fig. 6, panel g",marker genes specific to CD-IC (Atp6v1b1 +),never_audited,,,42,1.0,True,True,pass
DOI_10.1038_s41586-024-07069-w,B_unaudited,ureteric bud tip,,mouse,Wnt11,Wnt11,,figure_labeled,positive,"Article figure legend preceding Extended Data Fig. 6, panel e","marker genes which appear specific to the ureteric bud tip (Wnt11 +, Ret +, Etv5 +)",never_audited,,,42,1.0,True,True,pass
DOI_10.1038_s41586-024-07069-w,B_unaudited,ureteric bud tip,,mouse,Ret,Ret,,figure_labeled,positive,"Article figure legend preceding Extended Data Fig. 6, panel e","marker genes which appear specific to the ureteric bud tip (Wnt11 +, Ret +, Etv5 +)",never_audited,,,42,1.0,True,True,pass
DOI_10.1038_s41586-024-07069-w,B_unaudited,ureteric bud tip,,mouse,Etv5,Etv5,,figure_labeled,positive,"Article figure legend preceding Extended Data Fig. 6, panel e","marker genes which appear specific to the ureteric bud tip (Wnt11 +, Ret +, Etv5 +)",never_audited,,,42,1.0,True,True,pass
DOI_10.1038_s41586-024-07069-w,B_unaudited,lung mesenchyme,,mouse,Tbx5,Tbx5,,figure_labeled,positive,"Extended Data Fig. 6 legend, panel a","marker genes which appear specific to lung mesenchyme (Tbx5 +, Tbx4 +)",never_audited,,,42,1.0,True,True,pass
DOI_10.1038_s41586-024-07069-w,B_unaudited,lung mesenchyme,,mouse,Tbx4,Tbx4,,figure_labeled,positive,"Extended Data Fig. 6 legend, panel a","marker genes which appear specific to lung mesenchyme (Tbx5 +, Tbx4 +)",never_audited,,,42,1.0,True,True,pass
DOI_10.1038_s41586-024-07069-w,B_unaudited,retinal progenitor cells RPCs,RPCs,mouse,Pax2,Pax2,,figure_labeled,positive,"Extended Data Fig. 9 legend, panel e","markers of retinal progenitor cells RPCs (Pax2 +, Pax6 +, Rax +, Fgf15 +)",never_audited,,,42,1.0,True,True,pass
DOI_10.1038_s41586-024-07069-w,B_unaudited,retinal progenitor cells RPCs,RPCs,mouse,Pax6,Pax6,,figure_labeled,positive,"Extended Data Fig. 9 legend, panel e","markers of retinal progenitor cells RPCs (Pax2 +, Pax6 +, Rax +, Fgf15 +)",never_audited,,,42,1.0,True,True,pass
DOI_10.1038_s41586-024-07069-w,B_unaudited,retinal progenitor cells RPCs,RPCs,mouse,Rax,Rax,,figure_labeled,positive,"Extended Data Fig. 9 legend, panel e","markers of retinal progenitor cells RPCs (Pax2 +, Pax6 +, Rax +, Fgf15 +)",never_audited,,,42,1.0,True,True,pass
DOI_10.1038_s41586-024-07069-w,B_unaudited,retinal progenitor cells RPCs,RPCs,mouse,Fgf15,Fgf15,,figure_labeled,positive,"Extended Data Fig. 9 legend, panel e","markers of retinal progenitor cells RPCs (Pax2 +, Pax6 +, Rax +, Fgf15 +)",never_audited,,,42,1.0,True,True,pass
DOI_10.1038_s41586-024-07069-w,B_unaudited,intermediate neuronal progenitors,,unknown,Eomes,Eomes,,figure_labeled,positive,"Extended Data Fig. 10 caption, panel b","colored by gene expression of marker genes which appear specific to intermediate neuronal progenitors (Eomes+, Pax6+)",never_audited,,,42,1.0,True,True,fail_species
DOI_10.1038_s41586-024-07069-w,B_unaudited,intermediate neuronal progenitors,,unknown,Pax6,Pax6,,figure_labeled,positive,"Extended Data Fig. 10 caption, panel b","colored by gene expression of marker genes which appear specific to intermediate neuronal progenitors (Eomes+, Pax6+)",never_audited,,,42,1.0,True,True,fail_species
DOI_10.1038_s41586-024-07069-w,B_unaudited,upper-layer neurons,,unknown,Satb2,Satb2,,figure_labeled,positive,"Extended Data Fig. 10 caption, panel b","colored by gene expression of marker genes which appear specific to ... upper-layer neurons (Satb2+, Pou3f2+, Pou3f3+)",never_audited,,,42,1.0,True,True,fail_species
DOI_10.1038_s41586-024-07069-w,B_unaudited,upper-layer neurons,,unknown,Pou3f2,Pou3f2,,figure_labeled,positive,"Extended Data Fig. 10 caption, panel b","colored by gene expression of marker genes which appear specific to ... upper-layer neurons (Satb2+, Pou3f2+, Pou3f3+)",never_audited,,,42,1.0,True,True,fail_species
DOI_10.1038_s41586-024-07069-w,B_unaudited,upper-layer neurons,,unknown,Pou3f3,Pou3f3,,figure_labeled,positive,"Extended Data Fig. 10 caption, panel b","colored by gene expression of marker genes which appear specific to ... upper-layer neurons (Satb2+, Pou3f2+, Pou3f3+)",never_audited,,,42,1.0,True,True,fail_species
DOI_10.1038_s41586-024-07069-w,B_unaudited,deep-layer neurons,,unknown,Tbr1,Tbr1,,figure_labeled,positive,"Extended Data Fig. 10 caption, panel b","colored by gene expression of marker genes which appear specific to ... deep-layer neurons (Tbr1+, Bcl11b+, Fezf2+)",never_audited,,,42,1.0,True,True,fail_species
DOI_10.1038_s41586-024-07069-w,B_unaudited,deep-layer neurons,,unknown,Bcl11b,Bcl11b,,figure_labeled,positive,"Extended Data Fig. 10 caption, panel b","colored by gene expression of marker genes which appear specific to ... deep-layer neurons (Tbr1+, Bcl11b+, Fezf2+)",never_audited,,,42,1.0,True,True,fail_species
DOI_10.1038_s41586-024-07069-w,B_unaudited,deep-layer neurons,,unknown,Fezf2,Fezf2,,figure_labeled,positive,"Extended Data Fig. 10 caption, panel b","colored by gene expression of marker genes which appear specific to ... deep-layer neurons (Tbr1+, Bcl11b+, Fezf2+)",never_audited,,,42,1.0,True,True,fail_species
DOI_10.1038_s41586-024-07069-w,B_unaudited,subplate neurons,,unknown,Kcnab1,Kcnab1,,figure_labeled,positive,"Extended Data Fig. 10 caption, panel b","colored by gene expression of marker genes which appear specific to ... subplate neurons (Kcnab1+, Chrna5+, Syt6+, Foxp2+)",never_audited,,,42,1.0,True,True,fail_species
DOI_10.1038_s41586-024-07069-w,B_unaudited,subplate neurons,,unknown,Chrna5,Chrna5,,figure_labeled,positive,"Extended Data Fig. 10 caption, panel b","colored by gene expression of marker genes which appear specific to ... subplate neurons (Kcnab1+, Chrna5+, Syt6+, Foxp2+)",never_audited,,,42,1.0,True,True,fail_species
DOI_10.1038_s41586-024-07069-w,B_unaudited,subplate neurons,,unknown,Syt6,Syt6,,figure_labeled,positive,"Extended Data Fig. 10 caption, panel b","colored by gene expression of marker genes which appear specific to ... subplate neurons (Kcnab1+, Chrna5+, Syt6+, Foxp2+)",never_audited,,,42,1.0,True,True,fail_species
DOI_10.1038_s41586-024-07069-w,B_unaudited,subplate neurons,,unknown,Foxp2,Foxp2,,figure_labeled,positive,"Extended Data Fig. 10 caption, panel b","colored by gene expression of marker genes which appear specific to ... subplate neurons (Kcnab1+, Chrna5+, Syt6+, Foxp2+)",never_audited,,,42,1.0,True,True,fail_species
DOI_10.1038_s41586-024-07069-w,B_unaudited,spinal cord interneurons,,mouse,Otx2,Otx2,,author_declared,positive,"Fig. 4 legend, panel d","colored by gene expression of marker genes which appear specific to anterior (Otx2 +) vs. posterior (Hoxb4 +, Hoxd4 +) origins, or inhibitory (Slc32a1 +, Gad1 +) vs. excitatory (Slc17a6 +) functions.",never_audited,,,42,1.0,True,True,pass
DOI_10.1038_s41586-024-07069-w,B_unaudited,spinal cord interneurons,,mouse,Hoxb4,Hoxb4,,author_declared,positive,"Fig. 4 legend, panel d","colored by gene expression of marker genes which appear specific to anterior (Otx2 +) vs. posterior (Hoxb4 +, Hoxd4 +) origins, or inhibitory (Slc32a1 +, Gad1 +) vs. excitatory (Slc17a6 +) functions.",never_audited,,,42,1.0,True,True,pass
DOI_10.1038_s41586-024-07069-w,B_unaudited,spinal cord interneurons,,mouse,Hoxd4,Hoxd4,,author_declared,positive,"Fig. 4 legend, panel d","colored by gene expression of marker genes which appear specific to anterior (Otx2 +) vs. posterior (Hoxb4 +, Hoxd4 +) origins, or inhibitory (Slc32a1 +, Gad1 +) vs. excitatory (Slc17a6 +) functions.",never_audited,,,42,1.0,True,True,pass
DOI_10.1038_s41586-024-07069-w,B_unaudited,spinal cord interneurons,,mouse,Slc32a1,Slc32a1,,author_declared,positive,"Fig. 4 legend, panel d","colored by gene expression of marker genes which appear specific to anterior (Otx2 +) vs. posterior (Hoxb4 +, Hoxd4 +) origins, or inhibitory (Slc32a1 +, Gad1 +) vs. excitatory (Slc17a6 +) functions.",never_audited,,,42,1.0,True,True,pass
DOI_10.1038_s41586-024-07069-w,B_unaudited,spinal cord interneurons,,mouse,Gad1,Gad1,,author_declared,positive,"Fig. 4 legend, panel d","colored by gene expression of marker genes which appear specific to anterior (Otx2 +) vs. posterior (Hoxb4 +, Hoxd4 +) origins, or inhibitory (Slc32a1 +, Gad1 +) vs. excitatory (Slc17a6 +) functions.",never_audited,,,42,1.0,True,True,pass
DOI_10.1038_s41586-024-07069-w,B_unaudited,spinal cord interneurons,,mouse,Slc17a6,Slc17a6,,author_declared,positive,"Fig. 4 legend, panel d","colored by gene expression of marker genes which appear specific to anterior (Otx2 +) vs. posterior (Hoxb4 +, Hoxd4 +) origins, or inhibitory (Slc32a1 +, Gad1 +) vs. excitatory (Slc17a6 +) functions.",never_audited,,,42,1.0,True,True,pass
DOI_10.1038_s41586-024-07069-w,B_unaudited,astrocytes,anterior,mouse,Otx2,Otx2,,author_declared,positive,"Fig. 4 legend, panel i","colored by gene expression of marker genes which appear specific to anterior (Otx2 +) or posterior (Hoxb4 +, Hoxd4 +, Hoxc6 +) astrocytes, VA1-astrocytes (Pax6 +, Reln +), VA2-astrocytes (Pax6 +, Reln +, Nkx6-1 +, Slit1 +), and VA3-astrocytes (Nkx6-1 +, Slit1 +).",never_audited,,,42,1.0,True,True,pass
DOI_10.1038_s41586-024-07069-w,B_unaudited,astrocytes,posterior,mouse,Hoxb4,Hoxb4,,author_declared,positive,"Fig. 4 legend, panel i","colored by gene expression of marker genes which appear specific to anterior (Otx2 +) or posterior (Hoxb4 +, Hoxd4 +, Hoxc6 +) astrocytes, VA1-astrocytes (Pax6 +, Reln +), VA2-astrocytes (Pax6 +, Reln +, Nkx6-1 +, Slit1 +), and VA3-astrocytes (Nkx6-1 +, Slit1 +).",never_audited,,,42,1.0,True,True,pass
DOI_10.1038_s41586-024-07069-w,B_unaudited,astrocytes,posterior,mouse,Hoxd4,Hoxd4,,author_declared,positive,"Fig. 4 legend, panel i","colored by gene expression of marker genes which appear specific to anterior (Otx2 +) or posterior (Hoxb4 +, Hoxd4 +, Hoxc6 +) astrocytes, VA1-astrocytes (Pax6 +, Reln +), VA2-astrocytes (Pax6 +, Reln +, Nkx6-1 +, Slit1 +), and VA3-astrocytes (Nkx6-1 +, Slit1 +).",never_audited,,,42,1.0,True,True,pass
DOI_10.1038_s41586-024-07069-w,B_unaudited,astrocytes,posterior,mouse,Hoxc6,Hoxc6,,author_declared,positive,"Fig. 4 legend, panel i","colored by gene expression of marker genes which appear specific to anterior (Otx2 +) or posterior (Hoxb4 +, Hoxd4 +, Hoxc6 +) astrocytes, VA1-astrocytes (Pax6 +, Reln +), VA2-astrocytes (Pax6 +, Reln +, Nkx6-1 +, Slit1 +), and VA3-astrocytes (Nkx6-1 +, Slit1 +).",never_audited,,,42,1.0,True,True,pass
DOI_10.1038_s41586-024-07069-w,B_unaudited,VA1-astrocytes,,mouse,Pax6,Pax6,,author_declared,positive,"Fig. 4 legend, panel i","colored by gene expression of marker genes which appear specific to anterior (Otx2 +) or posterior (Hoxb4 +, Hoxd4 +, Hoxc6 +) astrocytes, VA1-astrocytes (Pax6 +, Reln +), VA2-astrocytes (Pax6 +, Reln +, Nkx6-1 +, Slit1 +), and VA3-astrocytes (Nkx6-1 +, Slit1 +).",never_audited,,,42,1.0,True,True,pass
DOI_10.1038_s41586-024-07069-w,B_unaudited,VA1-astrocytes,,mouse,Reln,Reln,,author_declared,positive,"Fig. 4 legend, panel i","colored by gene expression of marker genes which appear specific to anterior (Otx2 +) or posterior (Hoxb4 +, Hoxd4 +, Hoxc6 +) astrocytes, VA1-astrocytes (Pax6 +, Reln +), VA2-astrocytes (Pax6 +, Reln +, Nkx6-1 +, Slit1 +), and VA3-astrocytes (Nkx6-1 +, Slit1 +).",never_audited,,,42,1.0,True,True,pass
DOI_10.1038_s41586-024-07069-w,B_unaudited,VA2-astrocytes,,mouse,Pax6,Pax6,,author_declared,positive,"Fig. 4 legend, panel i","colored by gene expression of marker genes which appear specific to anterior (Otx2 +) or posterior (Hoxb4 +, Hoxd4 +, Hoxc6 +) astrocytes, VA1-astrocytes (Pax6 +, Reln +), VA2-astrocytes (Pax6 +, Reln +, Nkx6-1 +, Slit1 +), and VA3-astrocytes (Nkx6-1 +, Slit1 +).",never_audited,,,42,1.0,True,True,pass
DOI_10.1038_s41586-024-07069-w,B_unaudited,VA2-astrocytes,,mouse,Reln,Reln,,author_declared,positive,"Fig. 4 legend, panel i","colored by gene expression of marker genes which appear specific to anterior (Otx2 +) or posterior (Hoxb4 +, Hoxd4 +, Hoxc6 +) astrocytes, VA1-astrocytes (Pax6 +, Reln +), VA2-astrocytes (Pax6 +, Reln +, Nkx6-1 +, Slit1 +), and VA3-astrocytes (Nkx6-1 +, Slit1 +).",never_audited,,,42,1.0,True,True,pass
DOI_10.1038_s41586-024-07069-w,B_unaudited,VA2-astrocytes,,mouse,Nkx6-1,Nkx6-1,,author_declared,positive,"Fig. 4 legend, panel i","colored by gene expression of marker genes which appear specific to anterior (Otx2 +) or posterior (Hoxb4 +, Hoxd4 +, Hoxc6 +) astrocytes, VA1-astrocytes (Pax6 +, Reln +), VA2-astrocytes (Pax6 +, Reln +, Nkx6-1 +, Slit1 +), and VA3-astrocytes (Nkx6-1 +, Slit1 +).",never_audited,,,42,1.0,True,True,pass
DOI_10.1038_s41586-024-07069-w,B_unaudited,VA2-astrocytes,,mouse,Slit1,Slit1,,author_declared,positive,"Fig. 4 legend, panel i","colored by gene expression of marker genes which appear specific to anterior (Otx2 +) or posterior (Hoxb4 +, Hoxd4 +, Hoxc6 +) astrocytes, VA1-astrocytes (Pax6 +, Reln +), VA2-astrocytes (Pax6 +, Reln +, Nkx6-1 +, Slit1 +), and VA3-astrocytes (Nkx6-1 +, Slit1 +).",never_audited,,,42,1.0,True,True,pass
DOI_10.1038_s41586-024-07069-w,B_unaudited,VA3-astrocytes,,mouse,Nkx6-1,Nkx6-1,,author_declared,positive,"Fig. 4 legend, panel i","colored by gene expression of marker genes which appear specific to anterior (Otx2 +) or posterior (Hoxb4 +, Hoxd4 +, Hoxc6 +) astrocytes, VA1-astrocytes (Pax6 +, Reln +), VA2-astrocytes (Pax6 +, Reln +, Nkx6-1 +, Slit1 +), and VA3-astrocytes (Nkx6-1 +, Slit1 +).",never_audited,,,42,1.0,True,True,pass
DOI_10.1038_s41586-024-07069-w,B_unaudited,VA3-astrocytes,,mouse,Slit1,Slit1,,author_declared,positive,"Fig. 4 legend, panel i","colored by gene expression of marker genes which appear specific to anterior (Otx2 +) or posterior (Hoxb4 +, Hoxd4 +, Hoxc6 +) astrocytes, VA1-astrocytes (Pax6 +, Reln +), VA2-astrocytes (Pax6 +, Reln +, Nkx6-1 +, Slit1 +), and VA3-astrocytes (Nkx6-1 +, Slit1 +).",never_audited,,,42,1.0,True,True,pass
DOI_10.1038_s41588-022-01243-4,A_exclude,immune recruiting fibroblasts (IR-fibro),,human,CCL19,CCL19,exact,author_declared,positive,preamble (Introduction/Abstract),IR-fibro cells expressed the chemokines CCL19 and CCL21 and other marker genes of fibroblast reticular cells and follicular dendritic cells (fDC),exclude,Formal marker evidence but cell type is not within target_cell_scope (Schwann/neuroendocrine).,True,5,1.0,True,True,pass
DOI_10.1038_s41588-022-01243-4,A_exclude,immune recruiting fibroblasts (IR-fibro),,human,CCL21,CCL21,exact,author_declared,positive,preamble (Introduction/Abstract),IR-fibro cells expressed the chemokines CCL19 and CCL21 and other marker genes of fibroblast reticular cells and follicular dendritic cells (fDC),exclude,Formal marker evidence but cell type is not within target_cell_scope (Schwann/neuroendocrine).,True,5,1.0,True,True,pass
DOI_10.1038_s41588-022-01243-4,A_exclude,peribronchial fibroblasts (PB-fibro),,human,COL15A1,COL15A1,exact,author_declared,positive,preamble (Introduction/Abstract),"We uncover the transcriptome for human PB-fibro, consistent with the key protein markers COL15A1 and ENTPD1",exclude,Formal marker evidence but cell type is not within target_cell_scope (Schwann/neuroendocrine).,True,5,1.0,True,True,pass
DOI_10.1038_s41588-022-01243-4,A_exclude,peribronchial fibroblasts (PB-fibro),,human,ENTPD1,ENTPD1,exact,author_declared,positive,preamble (Introduction/Abstract),"We uncover the transcriptome for human PB-fibro, consistent with the key protein markers COL15A1 and ENTPD1",exclude,Formal marker evidence but cell type is not within target_cell_scope (Schwann/neuroendocrine).,True,5,1.0,True,True,pass
DOI_10.1038_s41588-022-01243-4,A_exclude,endoneurial nerve-associated fibroblasts (NAF),,human,SOX9,SOX9,exact,cluster_enriched,positive,"Results, section 'Four distinct cell types in airway peripheral nerves'",endoneurial nerve-associated fibroblasts (NAF) (SOX9 and OSR2),exclude,"Cell type is a fibroblast, not a Schwann cell or neuroendocrine cell; outside target_cell_scope.",True,5,1.0,True,True,pass
DOI_10.1038_s41588-022-01243-4,A_exclude,endoneurial nerve-associated fibroblasts (NAF),,human,OSR2,OSR2,exact,cluster_enriched,positive,"Results, section 'Four distinct cell types in airway peripheral nerves'",endoneurial nerve-associated fibroblasts (NAF) (SOX9 and OSR2),exclude,"Cell type is a fibroblast, not a Schwann cell or neuroendocrine cell; outside target_cell_scope.",True,5,1.0,True,True,pass
DOI_10.1038_s41588-022-01243-4,A_exclude,perineurial NAF,,human,SLC2A1,SLC2A1,exact,cluster_enriched,positive,"Results, section 'Four distinct cell types in airway peripheral nerves'",perineurial NAF (SLC2A1 and ITGA6),exclude,"Cell type is a fibroblast, not a Schwann cell or neuroendocrine cell; outside target_cell_scope.",True,5,1.0,True,True,pass
DOI_10.1038_s41588-022-01243-4,A_exclude,perineurial NAF,,human,ITGA6,ITGA6,exact,cluster_enriched,positive,"Results, section 'Four distinct cell types in airway peripheral nerves'",perineurial NAF (SLC2A1 and ITGA6),exclude,"Cell type is a fibroblast, not a Schwann cell or neuroendocrine cell; outside target_cell_scope.",True,5,1.0,True,True,pass
DOI_10.1038_s41588-022-01243-4,A_exclude,chondrocytes,,human,ACAN,ACAN,exact,cluster_enriched,positive,"Results, section 'Highlighting our comprehensive approach' / Extended Data Fig. 1d,e","we transcriptionally defined chondrocytes in human lungs (ACAN, CHAD, COL9A3, HAPLN1 and CYTL1)",exclude,Chondrocytes are not within target_cell_scope (Schwann/neuroendocrine).,True,5,1.0,True,True,pass
DOI_10.1038_s41588-022-01243-4,A_exclude,chondrocytes,,human,CHAD,CHAD,exact,cluster_enriched,positive,"Results, section 'Highlighting our comprehensive approach' / Extended Data Fig. 1d,e","we transcriptionally defined chondrocytes in human lungs (ACAN, CHAD, COL9A3, HAPLN1 and CYTL1)",exclude,Chondrocytes are not within target_cell_scope (Schwann/neuroendocrine).,True,5,1.0,True,True,pass
DOI_10.1038_s41588-022-01243-4,A_exclude,chondrocytes,,human,COL9A3,COL9A3,exact,cluster_enriched,positive,"Results, section 'Highlighting our comprehensive approach' / Extended Data Fig. 1d,e","we transcriptionally defined chondrocytes in human lungs (ACAN, CHAD, COL9A3, HAPLN1 and CYTL1)",exclude,Chondrocytes are not within target_cell_scope (Schwann/neuroendocrine).,True,5,1.0,True,True,pass
DOI_10.1038_s41588-022-01243-4,A_exclude,chondrocytes,,human,HAPLN1,HAPLN1,exact,cluster_enriched,positive,"Results, section 'Highlighting our comprehensive approach' / Extended Data Fig. 1d,e","we transcriptionally defined chondrocytes in human lungs (ACAN, CHAD, COL9A3, HAPLN1 and CYTL1)",exclude,Chondrocytes are not within target_cell_scope (Schwann/neuroendocrine).,True,5,1.0,True,True,pass
DOI_10.1038_s41588-022-01243-4,A_exclude,chondrocytes,,human,CYTL1,CYTL1,exact,cluster_enriched,positive,"Results, section 'Highlighting our comprehensive approach' / Extended Data Fig. 1d,e","we transcriptionally defined chondrocytes in human lungs (ACAN, CHAD, COL9A3, HAPLN1 and CYTL1)",exclude,Chondrocytes are not within target_cell_scope (Schwann/neuroendocrine).,True,5,1.0,True,True,pass
DOI_10.1038_s41588-022-01243-4,A_exclude,chondrocytes,,human,VCAN,VCAN,exact,author_declared,positive,"Methods, Pseudotime analysis","root was identified as the cell with the highest combined expression of canonical progenitor markers (VCAN for chondrocytes; TGM2, HMCN2 and SULF1 for smooth muscle)",exclude,Chondrocytes are not within target_cell_scope (Schwann/neuroendocrine).,True,5,1.0,True,True,pass
DOI_10.1038_s41588-022-01243-4,A_exclude,IR-fibro,,human,CXCL12,CXCL12,exact,figure_labeled,positive,Fig. 2c legend,Dot plot of IR-fibro marker genes that overlap with Fibroblast reticular cell and fDC markers.,exclude,IR-fibro is not within target_cell_scope (Schwann/neuroendocrine).,True,5,1.0,True,True,pass
DOI_10.1038_s41588-022-01243-4,A_exclude,IR-fibro,,human,CCL21,CCL21,exact,figure_labeled,positive,Fig. 2c legend,Dot plot of IR-fibro marker genes that overlap with Fibroblast reticular cell and fDC markers.,exclude,IR-fibro is not within target_cell_scope (Schwann/neuroendocrine).,True,5,1.0,True,True,pass
DOI_10.1038_s41588-022-01243-4,A_exclude,IR-fibro,,human,CCL19,CCL19,exact,figure_labeled,positive,Fig. 2c legend,Dot plot of IR-fibro marker genes that overlap with Fibroblast reticular cell and fDC markers.,exclude,IR-fibro is not within target_cell_scope (Schwann/neuroendocrine).,True,5,1.0,True,True,pass
DOI_10.1038_s41588-022-01243-4,A_exclude,IR-fibro,,human,GREM1,GREM1,exact,figure_labeled,positive,Fig. 2c legend,Dot plot of IR-fibro marker genes that overlap with Fibroblast reticular cell and fDC markers.,exclude,IR-fibro is not within target_cell_scope (Schwann/neuroendocrine).,True,5,1.0,True,True,pass
DOI_10.1038_s41588-022-01243-4,A_exclude,IR-fibro,,human,CXCL13,CXCL13,exact,figure_labeled,positive,Fig. 2c legend,Dot plot of IR-fibro marker genes that overlap with Fibroblast reticular cell and fDC markers.,exclude,IR-fibro is not within target_cell_scope (Schwann/neuroendocrine).,True,5,1.0,True,True,pass
DOI_10.1038_s41588-022-01243-4,A_exclude,IR-fibro,,human,FDCSP,FDCSP,exact,figure_labeled,positive,Fig. 2c legend,Dot plot of IR-fibro marker genes that overlap with Fibroblast reticular cell and fDC markers.,exclude,IR-fibro is not within target_cell_scope (Schwann/neuroendocrine).,True,5,1.0,True,True,pass
DOI_10.1038_s41588-022-01243-4,A_exclude,IR-Ven-Peri,,human,ABCC9,ABCC9,exact,cluster_enriched,positive,"Results, section 'Vascular cell types in systemic and pulmonary circulation'",The IR-Ven-Peri expressed ABCC9 and ICAM1 but not CSPG4,exclude,"IR-Ven-Peri is a perivascular cell, not within target_cell_scope.",True,5,1.0,True,True,pass
DOI_10.1038_s41588-022-01243-4,A_exclude,IR-Ven-Peri,,human,ICAM1,ICAM1,exact,cluster_enriched,positive,"Results, section 'Vascular cell types in systemic and pulmonary circulation'",The IR-Ven-Peri expressed ABCC9 and ICAM1 but not CSPG4,exclude,"IR-Ven-Peri is a perivascular cell, not within target_cell_scope.",True,5,1.0,True,True,pass
DOI_10.1038_s41588-022-01243-4,A_exclude,IR-Ven-Peri,,human,CSPG4,CSPG4,exact,cluster_enriched,negative,"Results, section 'Vascular cell types in systemic and pulmonary circulation'",The IR-Ven-Peri expressed ABCC9 and ICAM1 but not CSPG4,exclude,"IR-Ven-Peri is a perivascular cell, not within target_cell_scope. Negative polarity reflects 'not CSPG4'.",True,5,1.0,True,True,pass
DOI_10.1038_s41588-022-01243-4,A_exclude,IR-Ven-Peri,,human,CXCL12,CXCL12,exact,figure_labeled,positive,Fig. 3e legend,IR-Ven-Peri expresses immune recruiting chemokines and cell–cell adhesion molecules shown by marker gene dot plot.,exclude,"IR-Ven-Peri is a perivascular cell, not within target_cell_scope.",True,5,1.0,True,True,pass
DOI_10.1038_s41588-022-01243-4,A_exclude,IR-Ven-Peri,,human,CCL2,CCL2,exact,figure_labeled,positive,Fig. 3e legend,IR-Ven-Peri expresses immune recruiting chemokines and cell–cell adhesion molecules shown by marker gene dot plot.,exclude,"IR-Ven-Peri is a perivascular cell, not within target_cell_scope.",True,5,1.0,True,True,pass
DOI_10.1038_s41588-022-01243-4,A_exclude,IR-Ven-Peri,,human,CCL21,CCL21,exact,figure_labeled,positive,Fig. 3g legend,IR-Ven-Peri markers CCL21 and CCL19 localize adjacent to the venous vessel marker ACKR1,exclude,"IR-Ven-Peri is a perivascular cell, not within target_cell_scope.",True,5,1.0,True,True,pass
DOI_10.1038_s41588-022-01243-4,A_exclude,IR-Ven-Peri,,human,CCL19,CCL19,exact,figure_labeled,positive,Fig. 3g legend,IR-Ven-Peri markers CCL21 and CCL19 localize adjacent to the venous vessel marker ACKR1,exclude,"IR-Ven-Peri is a perivascular cell, not within target_cell_scope.",True,5,1.0,True,True,pass
DOI_10.1038_s41588-022-01243-4,A_exclude,IR-Ven-Peri,,human,VCAM1,VCAM1,exact,figure_labeled,positive,Fig. 3e legend,IR-Ven-Peri expresses immune recruiting chemokines and cell–cell adhesion molecules shown by marker gene dot plot.,exclude,"IR-Ven-Peri is a perivascular cell, not within target_cell_scope.",True,5,1.0,True,True,pass
DOI_10.1038_s41588-022-01243-4,A_exclude,venous endothelial cells,,human,ACKR1,ACKR1,exact,figure_labeled,positive,Fig. 3g legend,IR-Ven-Peri markers CCL21 and CCL19 localize adjacent to the venous vessel marker ACKR1,exclude,Venous endothelial cells are not within target_cell_scope.,True,5,1.0,True,True,pass
DOI_10.1038_s41588-022-01243-4,A_exclude,SMG duct cells,,human,ALDH1A3,ALDH1A3,exact,annotation_marker,positive,"Results, section 'Identification of duct cells in airway SMG'","smFISH staining for ALDH1A3, MIA and RARRES1 validated localization at the SMG and distinguished these cells from other epithelial cells",exclude,"SMG duct cells are epithelial, not within target_cell_scope.",True,5,1.0,True,True,pass
DOI_10.1038_s41588-022-01243-4,A_exclude,SMG duct cells,,human,MIA,MIA,exact,annotation_marker,positive,"Results, section 'Identification of duct cells in airway SMG'","smFISH staining for ALDH1A3, MIA and RARRES1 validated localization at the SMG and distinguished these cells from other epithelial cells",exclude,"SMG duct cells are epithelial, not within target_cell_scope.",True,5,1.0,True,True,pass
DOI_10.1038_s41588-022-01243-4,A_exclude,SMG duct cells,,human,RARRES1,RARRES1,exact,annotation_marker,positive,"Results, section 'Identification of duct cells in airway SMG'","smFISH staining for ALDH1A3, MIA and RARRES1 validated localization at the SMG and distinguished these cells from other epithelial cells",exclude,"SMG duct cells are epithelial, not within target_cell_scope.",True,5,1.0,True,True,pass
DOI_10.1038_s41588-022-01243-4,A_exclude,SMG-mucous,,human,MUC5B,MUC5B,exact,cluster_enriched,positive,Fig. 4b legend,"smFISH staining of mucous (MUC5B), serous (LPO) and duct (ALDH1A3/RARRES1) cells in human bronchus",exclude,"SMG mucous cells are epithelial, not within target_cell_scope.",True,5,1.0,True,True,pass
DOI_10.1038_s41588-022-01243-4,A_exclude,SMG-serous,,human,LPO,LPO,exact,cluster_enriched,positive,Fig. 4b legend,"smFISH staining of mucous (MUC5B), serous (LPO) and duct (ALDH1A3/RARRES1) cells in human bronchus",exclude,"SMG serous cells are epithelial, not within target_cell_scope.",True,5,1.0,True,True,pass
DOI_10.1038_s41588-022-01243-4,A_exclude,myoepithelial cells,,human,TP63,TP63,exact,author_declared,positive,"Results, section 'Identification of duct cells in airway SMG'","expressing basal epithelium (TP63 and KRT14) and muscle (ACTA2, TAGLN and CNN1 positive, but DES negative) markers",exclude,Myoepithelial cells are not within target_cell_scope.,True,5,1.0,True,True,pass
DOI_10.1038_s41588-022-01243-4,A_exclude,myoepithelial cells,,human,KRT14,KRT14,exact,author_declared,positive,"Results, section 'Identification of duct cells in airway SMG'","expressing basal epithelium (TP63 and KRT14) and muscle (ACTA2, TAGLN and CNN1 positive, but DES negative) markers",exclude,Myoepithelial cells are not within target_cell_scope.,True,5,1.0,True,True,pass
DOI_10.1038_s41588-022-01243-4,A_exclude,myoepithelial cells,,human,ACTA2,ACTA2,exact,author_declared,positive,"Results, section 'Identification of duct cells in airway SMG'","expressing basal epithelium (TP63 and KRT14) and muscle (ACTA2, TAGLN and CNN1 positive, but DES negative) markers",exclude,Myoepithelial cells are not within target_cell_scope.,True,5,1.0,True,True,pass
DOI_10.1038_s41588-022-01243-4,A_exclude,myoepithelial cells,,human,TAGLN,TAGLN,exact,author_declared,positive,"Results, section 'Identification of duct cells in airway SMG'","expressing basal epithelium (TP63 and KRT14) and muscle (ACTA2, TAGLN and CNN1 positive, but DES negative) markers",exclude,Myoepithelial cells are not within target_cell_scope.,True,5,1.0,True,True,pass
DOI_10.1038_s41588-022-01243-4,A_exclude,myoepithelial cells,,human,CNN1,CNN1,exact,author_declared,positive,"Results, section 'Identification of duct cells in airway SMG'","expressing basal epithelium (TP63 and KRT14) and muscle (ACTA2, TAGLN and CNN1 positive, but DES negative) markers",exclude,Myoepithelial cells are not within target_cell_scope.,True,5,1.0,True,True,pass
DOI_10.1038_s41588-022-01243-4,A_exclude,myoepithelial cells,,human,DES,DES,exact,author_declared,negative,"Results, section 'Identification of duct cells in airway SMG'","expressing basal epithelium (TP63 and KRT14) and muscle (ACTA2, TAGLN and CNN1 positive, but DES negative) markers",exclude,Myoepithelial cells are not within target_cell_scope.,True,5,1.0,True,True,pass
DOI_10.1038_s41588-022-01243-4,A_exclude,intravascular macrophages,,human,LYVE1,LYVE1,exact,cluster_enriched,positive,"Results, section 'Myeloid cells show previously undescribed heterogeneity'","known macrophage subsets, including intravascular (expressing LYVE1 and MAF)",exclude,Macrophages are not within target_cell_scope.,True,5,1.0,True,True,pass
DOI_10.1038_s41588-022-01243-4,A_exclude,intravascular macrophages,,human,MAF,MAF,exact,cluster_enriched,positive,"Results, section 'Myeloid cells show previously undescribed heterogeneity'","known macrophage subsets, including intravascular (expressing LYVE1 and MAF)",exclude,Macrophages are not within target_cell_scope.,True,5,1.0,True,True,pass
DOI_10.1038_s41588-022-01243-4,A_exclude,CHIT1+ macrophages,,human,CHIT1,CHIT1,exact,cluster_enriched,positive,"Results, section 'Myeloid cells show previously undescribed heterogeneity'",CHIT1+,exclude,Macrophages are not within target_cell_scope.,True,5,1.0,True,True,pass
DOI_10.1038_s41588-022-01243-4,A_exclude,macro-intermediate,,human,CD14,CD14,exact,annotation_marker,positive,"Results, section 'Myeloid cells show previously undescribed heterogeneity'","a previously undefined cluster expressing monocyte (CD14) and macrophage markers, termed macro-intermediate",exclude,Macrophage/monocyte population is not within target_cell_scope.,True,5,1.0,True,True,pass
DOI_10.1038_s41588-022-01243-4,A_exclude,Macro-alv-MT,,human,MT1G,MT1G,exact,cluster_enriched,positive,"Results, section 'Myeloid cells show previously undescribed heterogeneity'","a cluster expressing metallothioneins, including MT1G, MT1X and MT1F",exclude,Macrophage population is not within target_cell_scope.,True,5,1.0,True,True,pass
DOI_10.1038_s41588-022-01243-4,A_exclude,Macro-alv-MT,,human,MT1X,MT1X,exact,cluster_enriched,positive,"Results, section 'Myeloid cells show previously undescribed heterogeneity'","a cluster expressing metallothioneins, including MT1G, MT1X and MT1F",exclude,Macrophage population is not within target_cell_scope.,True,5,1.0,True,True,pass
DOI_10.1038_s41588-022-01243-4,A_exclude,Macro-alv-MT,,human,MT1F,MT1F,exact,cluster_enriched,positive,"Results, section 'Myeloid cells show previously undescribed heterogeneity'","a cluster expressing metallothioneins, including MT1G, MT1X and MT1F",exclude,Macrophage population is not within target_cell_scope.,True,5,1.0,True,True,pass
DOI_10.1038_s41588-022-01243-4,A_exclude,Macro-CCL,,human,CXCL8,CXCL8,exact,cluster_enriched,positive,"Results, section 'Myeloid cells show previously undescribed heterogeneity'","a rare undescribed population of macrophages expressing chemokines, including CXCL8, CCL4 and CCL20, which we named Macro-CCL45",exclude,Macrophage population is not within target_cell_scope.,True,5,1.0,True,True,pass
DOI_10.1038_s41588-022-01243-4,A_exclude,Macro-CCL,,human,CCL4,CCL4,exact,cluster_enriched,positive,"Results, section 'Myeloid cells show previously undescribed heterogeneity'","a rare undescribed population of macrophages expressing chemokines, including CXCL8, CCL4 and CCL20, which we named Macro-CCL45",exclude,Macrophage population is not within target_cell_scope.,True,5,1.0,True,True,pass
DOI_10.1038_s41588-022-01243-4,A_exclude,Macro-CCL,,human,CCL20,CCL20,exact,cluster_enriched,positive,"Results, section 'Myeloid cells show previously undescribed heterogeneity'","a rare undescribed population of macrophages expressing chemokines, including CXCL8, CCL4 and CCL20, which we named Macro-CCL45",exclude,Macrophage population is not within target_cell_scope.,True,5,1.0,True,True,pass
DOI_10.1038_s41588-022-01243-4,A_exclude,IgA plasma cells,,human,CCR10,CCR10,exact,author_declared,positive,"Results, section 'Colocalization of IgA plasma cells with the SMG' / Extended Data Fig. 9b",Distinguishing markers for IgA plasma cells included CCR10 and B cell maturation antigen BCMA (TNFRSF17),exclude,Plasma cells are not within target_cell_scope.,True,5,1.0,True,True,pass
DOI_10.1038_s41588-022-01243-4,A_exclude,IgA plasma cells,,human,TNFRSF17,TNFRSF17,exact,author_declared,positive,"Results, section 'Colocalization of IgA plasma cells with the SMG' / Extended Data Fig. 9b",Distinguishing markers for IgA plasma cells included CCR10 and B cell maturation antigen BCMA (TNFRSF17),exclude,Plasma cells are not within target_cell_scope.,True,5,1.0,True,True,pass
DOI_10.1038_s41588-022-01243-4,A_exclude,plasma cells,,human,MZB1,MZB1,exact,cluster_enriched,positive,"Results, section 'Colocalization of IgA plasma cells with the SMG' / Extended Data Fig. 9d,e",Enrichment of plasma cells (MZB1+) at the SMG was confirmed in the HPA,exclude,Plasma cells are not within target_cell_scope.,True,5,1.0,True,True,pass
DOI_10.1038_s41588-022-01243-4,A_exclude,MAIT cells,,human,TRAJ33,TRAJ33,exact,annotation_marker,positive,"Results, section 'T and NK cell subsets in the lung and airways' / Extended Data Fig. 8e",TCR VDJ-seq data confirmed MAIT cell type annotation (with preferential use of TRAJ33 and TRAV1-2),exclude,"MAIT cells are immune cells, not within target_cell_scope.",True,5,1.0,True,True,pass
DOI_10.1038_s41588-022-01243-4,A_exclude,MAIT cells,,human,TRAV1-2,TRAV1-2,exact,annotation_marker,positive,"Results, section 'T and NK cell subsets in the lung and airways' / Extended Data Fig. 8e",TCR VDJ-seq data confirmed MAIT cell type annotation (with preferential use of TRAJ33 and TRAV1-2),exclude,"MAIT cells are immune cells, not within target_cell_scope.",True,5,1.0,True,True,pass
DOI_10.1038_s41588-022-01243-4,A_exclude,naive B cells,,human,IgD,IGHD,alias_resolved,cluster_enriched,positive,"Results, section 'Colocalization of IgA plasma cells with the SMG' / Fig. 4g",We also detected IgD+ naive B cells and CD3+ CD4+ T helper cells in the human SMG,exclude,B cells are not within target_cell_scope. IgD is an immunoglobulin isotype; IGHD is the corresponding gene used elsewhere in the paper.,True,5,1.0,True,True,pass
DOI_10.1038_s41588-022-01243-4,A_exclude,CD4 T helper cells,,human,CD3,CD3,ambiguous,cluster_enriched,positive,"Results, section 'Colocalization of IgA plasma cells with the SMG' / Fig. 4g",We also detected IgD+ naive B cells and CD3+ CD4+ T helper cells in the human SMG,exclude,T cells are not within target_cell_scope. CD3 is a protein complex; no unique gene symbol given in paper.,True,5,1.0,True,True,fail_symbol
DOI_10.1038_s41588-022-01243-4,A_exclude,CD4 T helper cells,,human,CD4,CD4,exact,cluster_enriched,positive,"Results, section 'Colocalization of IgA plasma cells with the SMG' / Fig. 4g",We also detected IgD+ naive B cells and CD3+ CD4+ T helper cells in the human SMG,exclude,T cells are not within target_cell_scope.,True,5,1.0,True,True,pass
DOI_10.1038_s41588-022-01243-4,A_exclude,CD4 T cell,,human,CD4,CD4,exact,cluster_enriched,positive,Fig. 6 schematic,Cell type labeled 'CD4 T cell' in the GAIN schematic,exclude,T cells are not within target_cell_scope.,True,5,0.8571,True,True,pass
DOI_10.1038_s41588-022-01243-4,A_exclude,CD4 T cell,memory,human,CD45RO,PTPRC,alias_resolved,cluster_enriched,positive,Results (Fig. 5k and Extended Data Fig. 10g–k),CD4 T cells in the glands were CD45RO+ (memory) cells,exclude,T cells are not within target_cell_scope. CD45RO is an isoform encoded by PTPRC.,True,5,1.0,True,True,pass
DOI_10.1038_s41588-022-01243-4,A_exclude,SMG serous cell,,human,LPO,LPO,exact,cluster_enriched,positive,"Results (Fig. 5g and Extended Data Fig. 10d,e)",serous cells (LPO+RARRES1−APRILhigh),exclude,"SMG serous cells are epithelial, not within target_cell_scope.",True,5,1.0,True,True,pass
DOI_10.1038_s41588-022-01243-4,A_exclude,SMG serous cell,,human,RARRES1,RARRES1,exact,cluster_enriched,negative,"Results (Fig. 5g and Extended Data Fig. 10d,e)",serous cells (LPO+RARRES1−APRILhigh),exclude,"SMG serous cells are epithelial, not within target_cell_scope.",True,5,1.0,True,True,pass
DOI_10.1038_s41588-022-01243-4,A_exclude,SMG serous cell,,human,APRIL,TNFSF13,alias_resolved,cluster_enriched,positive,"Results (Fig. 5g and Extended Data Fig. 10d,e)",serous cells (LPO+RARRES1−APRILhigh),exclude,"SMG serous cells are epithelial, not within target_cell_scope. APRIL is TNFSF13.",True,5,1.0,True,True,pass
DOI_10.1038_s41588-022-01243-4,A_exclude,SMG epithelial cell,HLA-DRhigh,human,HLA-DRA,HLA-DRA,exact,cluster_enriched,positive,Results (Fig. 5i–k and Extended Data Fig. 10g–i),HLA-DRA and HLA-DRB1 expression in SMG duct/SMG serous cells much higher at protein level; CD4 T cells localized to HLA-DRhigh SMG epithelial cells,exclude,SMG epithelial cells are not within target_cell_scope.,True,5,1.0,True,True,pass
DOI_10.1038_s41588-022-01243-4,A_exclude,SMG epithelial cell,HLA-DRhigh,human,HLA-DRB1,HLA-DRB1,exact,cluster_enriched,positive,Results (Fig. 5i–k and Extended Data Fig. 10g–i),HLA-DRA and HLA-DRB1 expression in SMG duct/SMG serous cells much higher at protein level; CD4 T cells localized to HLA-DRhigh SMG epithelial cells,exclude,SMG epithelial cells are not within target_cell_scope.,True,5,1.0,True,True,pass
DOI_10.1038_s41588-022-01243-4,A_exclude,B plasma cell,IgA+,human,IgA,IgA,ambiguous,cluster_enriched,positive,Fig. 6 schematic,Cell type labeled 'B-plasma (IgA+)' in the GAIN schematic,exclude,"Plasma cells are not within target_cell_scope. IgA is an isotype, not a unique gene.",True,5,1.0,True,True,fail_symbol
DOI_10.1038_s41588-022-01243-4,A_exclude,immune cells,,human,CD45,PTPRC,alias_resolved,cluster_enriched,positive,"Methods, Tissue dissociation and single-cell sequencing",CD45 positive cells from liberase TL digestion (to enrich for immune cells),exclude,Immune cells are not within target_cell_scope. CD45 is encoded by PTPRC.,True,5,1.0,True,True,pass
DOI_10.1038_s41588-022-01243-4,A_exclude,nonimmune cells,,human,CD45,PTPRC,alias_resolved,cluster_enriched,negative,"Methods, Tissue dissociation and single-cell sequencing",pooled CD45 negative liberase-treated cells with trypsin-treated cells (nonimmune fraction),exclude,Nonimmune cell fraction is not within target_cell_scope.,True,5,1.0,True,True,pass
DOI_10.1038_s41588-022-01243-4,A_exclude,plasma cells,IgA,human,IGHA1,IGHA1,exact,annotation_marker,positive,"Methods, COVID-19 data analysis","classified into IgA, IgD, IgH and IgM isotypes based on expression levels of IGHA1, IGHA2, IGHD, IGHG1, IGHG2, IGHG3, IGHG4 and IGHM",exclude,Plasma cells are not within target_cell_scope.,True,5,1.0,True,True,pass
DOI_10.1038_s41588-022-01243-4,A_exclude,plasma cells,IgA,human,IGHA2,IGHA2,exact,annotation_marker,positive,"Methods, COVID-19 data analysis","classified into IgA, IgD, IgH and IgM isotypes based on expression levels of IGHA1, IGHA2, IGHD, IGHG1, IGHG2, IGHG3, IGHG4 and IGHM",exclude,Plasma cells are not within target_cell_scope.,True,5,1.0,True,True,pass
DOI_10.1038_s41588-022-01243-4,A_exclude,plasma cells,IgD,human,IGHD,IGHD,exact,annotation_marker,positive,"Methods, COVID-19 data analysis","classified into IgA, IgD, IgH and IgM isotypes based on expression levels of IGHA1, IGHA2, IGHD, IGHG1, IGHG2, IGHG3, IGHG4 and IGHM",exclude,Plasma cells are not within target_cell_scope.,True,5,1.0,True,True,pass
DOI_10.1038_s41588-022-01243-4,A_exclude,plasma cells,IgH,human,IGHG1,IGHG1,exact,annotation_marker,positive,"Methods, COVID-19 data analysis","classified into IgA, IgD, IgH and IgM isotypes based on expression levels of IGHA1, IGHA2, IGHD, IGHG1, IGHG2, IGHG3, IGHG4 and IGHM",exclude,Plasma cells are not within target_cell_scope.,True,5,1.0,True,True,pass
DOI_10.1038_s41588-022-01243-4,A_exclude,plasma cells,IgH,human,IGHG2,IGHG2,exact,annotation_marker,positive,"Methods, COVID-19 data analysis","classified into IgA, IgD, IgH and IgM isotypes based on expression levels of IGHA1, IGHA2, IGHD, IGHG1, IGHG2, IGHG3, IGHG4 and IGHM",exclude,Plasma cells are not within target_cell_scope.,True,5,1.0,True,True,pass
DOI_10.1038_s41588-022-01243-4,A_exclude,plasma cells,IgH,human,IGHG3,IGHG3,exact,annotation_marker,positive,"Methods, COVID-19 data analysis","classified into IgA, IgD, IgH and IgM isotypes based on expression levels of IGHA1, IGHA2, IGHD, IGHG1, IGHG2, IGHG3, IGHG4 and IGHM",exclude,Plasma cells are not within target_cell_scope.,True,5,1.0,True,True,pass
DOI_10.1038_s41588-022-01243-4,A_exclude,plasma cells,IgH,human,IGHG4,IGHG4,exact,annotation_marker,positive,"Methods, COVID-19 data analysis","classified into IgA, IgD, IgH and IgM isotypes based on expression levels of IGHA1, IGHA2, IGHD, IGHG1, IGHG2, IGHG3, IGHG4 and IGHM",exclude,Plasma cells are not within target_cell_scope.,True,5,1.0,True,True,pass
DOI_10.1038_s41588-022-01243-4,A_exclude,plasma cells,IgM,human,IGHM,IGHM,exact,annotation_marker,positive,"Methods, COVID-19 data analysis","classified into IgA, IgD, IgH and IgM isotypes based on expression levels of IGHA1, IGHA2, IGHD, IGHG1, IGHG2, IGHG3, IGHG4 and IGHM",exclude,Plasma cells are not within target_cell_scope.,True,5,1.0,True,True,pass
DOI_10.1038_s41588-022-01243-4,A_exclude,smooth muscle,,human,TGM2,TGM2,exact,author_declared,positive,"Methods, Pseudotime analysis","root was identified as the cell with the highest combined expression of canonical progenitor markers (VCAN for chondrocytes; TGM2, HMCN2 and SULF1 for smooth muscle)",exclude,Smooth muscle cells are not within target_cell_scope.,True,5,1.0,True,True,pass
DOI_10.1038_s41588-022-01243-4,A_exclude,smooth muscle,,human,HMCN2,HMCN2,exact,author_declared,positive,"Methods, Pseudotime analysis","root was identified as the cell with the highest combined expression of canonical progenitor markers (VCAN for chondrocytes; TGM2, HMCN2 and SULF1 for smooth muscle)",exclude,Smooth muscle cells are not within target_cell_scope.,True,5,1.0,True,True,pass
DOI_10.1038_s41588-022-01243-4,A_exclude,smooth muscle,,human,SULF1,SULF1,exact,author_declared,positive,"Methods, Pseudotime analysis","root was identified as the cell with the highest combined expression of canonical progenitor markers (VCAN for chondrocytes; TGM2, HMCN2 and SULF1 for smooth muscle)",exclude,Smooth muscle cells are not within target_cell_scope.,True,5,1.0,True,True,pass
DOI_10.1038_s41588-022-01243-4,A_downgraded,nonmyelinating Schwann cells (nmSchwann),,human,CADM,CADM,ambiguous,supplementary_marker,positive,Extended Data Fig. 5g,"HPA antibody staining of non-myelinating Schwann cell markers (CADM, GRIK2, NCAM1, ITGB4 and L1CAM)",unresolved,"CADM is a gene family (CADM1-CADM4); the paper does not provide a unique gene symbol, so this marker cannot be resolved to a unique gene.",True,5,1.0,True,True,fail_symbol
DOI_10.1038_s41588-024-01702-0,A_exclude,Macrophage − SPP1+,,human,SPP1,SPP1,exact,annotation_marker,positive,Fig.3 (cell-type annotation); Fig.2c,Cell type annotated as 'Macrophage − SPP1+' in immune cell-type list.,exclude,巨噬细胞亚型，不属于目标细胞范围 'L4: Pulmonary neuroendocrine cell'。,True,16,1.0,True,True,pass
DOI_10.1038_s41588-024-01702-0,A_exclude,KRT5−/KRT17+,,human,KRT5,KRT5,exact,annotation_marker,negative,Fig.3 (cell-type annotation); Fig.2c,Epithelial cell type annotated as 'KRT5−/KRT17+' in cell-type list.,exclude,上皮基底细胞亚型，不属于目标细胞范围；标记极性按原文修正为 negative。,True,16,1.0,True,True,pass
DOI_10.1038_s41588-024-01702-0,A_exclude,KRT5−/KRT17+,,human,KRT17,KRT17,exact,annotation_marker,positive,Fig.3 (cell-type annotation); Fig.2c,Epithelial cell type annotated as 'KRT5−/KRT17+' in cell-type list.,exclude,上皮基底细胞亚型，不属于目标细胞范围。,True,16,1.0,True,True,pass
DOI_10.1038_s41588-024-01702-0,A_exclude,Secretory—SCGB1A1+/SCGB3A2+,,human,SCGB1A1,SCGB1A1,exact,annotation_marker,positive,Fig.3 (cell-type annotation); Fig.2c,Secretory epithelial cell type annotated as 'Secretory—SCGB1A1+/SCGB3A2+'.,exclude,分泌性上皮细胞，不属于目标细胞范围。,True,16,1.0,True,True,pass
DOI_10.1038_s41588-024-01702-0,A_exclude,Secretory—SCGB1A1+/SCGB3A2+,,human,SCGB3A2,SCGB3A2,exact,annotation_marker,positive,Fig.3 (cell-type annotation); Fig.2c,Secretory epithelial cell type annotated as 'Secretory—SCGB1A1+/SCGB3A2+'.,exclude,分泌性上皮细胞，不属于目标细胞范围。,True,16,1.0,True,True,pass
DOI_10.1038_s41588-024-01702-0,A_exclude,Secretory—SCGB1A1+/MUC5B+,,human,SCGB1A1,SCGB1A1,exact,annotation_marker,positive,Fig.3 (cell-type annotation); Results colocalization section,Cell type annotated as 'Secretory—SCGB1A1+/MUC5B+'; also described in text as 'SCGB1A1+/MUC5B+ ... secretory cells'.,exclude,分泌性上皮细胞，不属于目标细胞范围。,True,16,0.7778,True,True,pass
DOI_10.1038_s41588-024-01702-0,A_exclude,Secretory—SCGB1A1+/MUC5B+,,human,MUC5B,MUC5B,exact,annotation_marker,positive,Fig.3 (cell-type annotation); Results colocalization section,Cell type annotated as 'Secretory—SCGB1A1+/MUC5B+'; MUC5B colocalization discussed in text.,exclude,分泌性上皮细胞，不属于目标细胞范围。,True,16,0.7778,True,True,pass
DOI_10.1038_s41588-024-01702-0,A_exclude,Secretory—SCGB3A2+,,human,SCGB3A2,SCGB3A2,exact,annotation_marker,positive,Fig.3 (cell-type annotation); Results colocalization section,Secretory epithelial cell type annotated as 'Secretory—SCGB3A2+'; also described as 'SCGB3A2+ secretory cells' in text.,exclude,分泌性上皮细胞，不属于目标细胞范围。,True,16,0.7778,True,True,pass
DOI_10.1038_s41588-024-01702-0,A_exclude,WNT2+ FB,,human,WNT2,WNT2,exact,annotation_marker,positive,Fig.3 (cell-type annotation); Fig.2c,Fibroblast cell type annotated as 'WNT2+ FB' in the mesenchymal lineage cell-type list.,exclude,成纤维细胞亚型，不属于目标细胞范围。,True,16,0.9,True,True,pass
DOI_10.1038_s41588-024-01702-0,A_exclude,CA4+ capillary,,human,CA4,CA4,exact,annotation_marker,positive,Fig.3 (cell-type annotation); Fig.2c,Endothelial cell type annotated as 'CA4+ capillary' in the cell-type list.,exclude,毛细血管内皮细胞亚型，不属于目标细胞范围。,True,16,0.875,True,True,pass
DOI_10.1038_s41588-024-01702-0,A_exclude,CD4,,human,CD4,CD4,exact,annotation_marker,positive,Fig.3 (cell-type annotation); Fig.5c cell-type axis,Lymphoid immune cell type labeled 'CD4' in the cell-type list.,exclude,T细胞亚型，不属于目标细胞范围。,True,16,0.875,True,True,pass
DOI_10.1038_s41588-024-01702-0,A_exclude,immune cells,,human,PTPRC,PTPRC,exact,annotation_marker,positive,"Methods: 'Data integration, clustering, cell type annotation and differential expression'",The resulting clusters were divided into four major cell subgroups based on marker gene expression: PTPRC+ for immune cells.,exclude,免疫细胞群marker，不属于目标细胞范围。,True,16,1.0,True,True,pass
DOI_10.1038_s41588-024-01702-0,A_exclude,epithelial cells,,human,EPCAM,EPCAM,exact,annotation_marker,positive,"Methods: 'Data integration, clustering, cell type annotation and differential expression'",EPCAM+ for epithelial cells.,exclude,上皮细胞群marker，不属于目标细胞范围（神经内分泌细胞虽可能属上皮，但本文未将其作为PNEC标记使用）。,True,16,1.0,True,True,pass
DOI_10.1038_s41588-024-01702-0,A_exclude,endothelial cells,,human,PECAM1,PECAM1,exact,annotation_marker,positive,"Methods: 'Data integration, clustering, cell type annotation and differential expression'",PECAM1/+PTPRC− for endothelial cells.,exclude,内皮细胞群marker，不属于目标细胞范围。,True,16,1.0,True,True,pass
DOI_10.1038_s41588-024-01702-0,A_exclude,endothelial cells,,human,PTPRC,PTPRC,exact,annotation_marker,negative,"Methods: 'Data integration, clustering, cell type annotation and differential expression'",PECAM1/+PTPRC− for endothelial cells.,exclude,内皮细胞群阴性marker，不属于目标细胞范围；极性按原文修正为 negative。,True,16,1.0,True,True,pass
DOI_10.1038_s41588-024-01702-0,A_exclude,mesenchymal cells,,human,PTPRC,PTPRC,exact,annotation_marker,negative,"Methods: 'Data integration, clustering, cell type annotation and differential expression'",PTPRC−/EPCAM−/PECAM1− for mesenchymal cells.,exclude,间质细胞群阴性marker，不属于目标细胞范围；极性按原文修正为 negative。,True,16,1.0,True,True,pass
DOI_10.1038_s41588-024-01702-0,A_exclude,mesenchymal cells,,human,EPCAM,EPCAM,exact,annotation_marker,negative,"Methods: 'Data integration, clustering, cell type annotation and differential expression'",PTPRC−/EPCAM−/PECAM1− for mesenchymal cells.,exclude,间质细胞群阴性marker，不属于目标细胞范围；极性按原文修正为 negative。,True,16,1.0,True,True,pass
DOI_10.1038_s41588-024-01702-0,A_exclude,mesenchymal cells,,human,PECAM1,PECAM1,exact,annotation_marker,negative,"Methods: 'Data integration, clustering, cell type annotation and differential expression'",PTPRC−/EPCAM−/PECAM1− for mesenchymal cells.,exclude,间质细胞群阴性marker，不属于目标细胞范围；极性按原文修正为 negative。,True,16,1.0,True,True,pass
DOI_10.1038_s41588-025-02158-6,A_exclude,Neuroblasts,,human,PHOX2B,PHOX2B,exact,figure_labeled,positive,Fig. 1d legend,Dotplot showing the mean expression of marker genes and the percentage of cells expressing them for each annotated cell type,exclude,细胞类型为 Neuroblasts，不属于任务目标 L2:Schwann cell。,True,31,1.0,True,True,pass
DOI_10.1038_s41588-025-02158-6,A_exclude,Neuroblasts,,human,ISL1,ISL1,exact,figure_labeled,positive,Fig. 1d legend,Dotplot showing the mean expression of marker genes and the percentage of cells expressing them for each annotated cell type,exclude,细胞类型为 Neuroblasts，不属于任务目标 L2:Schwann cell。,True,31,1.0,True,True,pass
DOI_10.1038_s41588-025-02158-6,A_exclude,Fibroblasts,,human,PDGFRB,PDGFRB,exact,figure_labeled,positive,Fig. 1d legend,Dotplot showing the mean expression of marker genes and the percentage of cells expressing them for each annotated cell type,exclude,细胞类型为 Fibroblasts，不属于任务目标 L2:Schwann cell。,False,31,0.0,False,True,fail_citation
DOI_10.1038_s41588-025-02158-6,A_exclude,Fibroblasts,,human,DCN,DCN,exact,figure_labeled,positive,Fig. 1d legend,Dotplot showing the mean expression of marker genes and the percentage of cells expressing them for each annotated cell type,exclude,细胞类型为 Fibroblasts，不属于任务目标 L2:Schwann cell。,True,31,1.0,True,True,pass
DOI_10.1038_s41588-025-02158-6,A_downgraded,Schwann cells,,human,PLP1,PLP1,exact,figure_labeled,positive,Fig. 1d legend,Dotplot showing the mean expression of marker genes and the percentage of cells expressing them for each annotated cell type; figure gene axis includes PLP1 with Schwann cells row.,unresolved,figure_labeled 证据不足：唯一依据为 Fig. 1d 通用图注（Dotplot showing the mean expression of marker genes...）与基因轴 OCR（PLP1）/细胞轴 OCR（Schwann cells）同图共现；OCR 无法读出 PLP1 与 Schwann cells 的具体对应关系，不满足 figure_labeled 标准（计划 5.1）; Codex 抽查续检 2026-08-30,True,31,1.0,True,True,pass
DOI_10.1038_s41588-025-02158-6,A_downgraded,Schwann cells,,human,CDH19,CDH19,exact,figure_labeled,positive,Fig. 1d legend,Dotplot showing the mean expression of marker genes and the percentage of cells expressing them for each annotated cell type; figure gene axis includes CDH19 with Schwann cells row.,unresolved,Fig.1d dotplot 基因轴 OCR 以带空格形式（CD H19，原文 L112）出现，但行列对应关系在 OCR 中丢失，无法读出 CDH19 与 Schwann cells 的具体映射；不得用领域常识补证据，维持 unresolved 待查原图; Codex 抽查续检 2026-08-30,False,31,0.0,False,True,fail_citation
DOI_10.1038_s41588-025-02158-6,A_exclude,Endothelial cells,,human,PECAM1,PECAM1,exact,figure_labeled,positive,Fig. 1d legend,Dotplot showing the mean expression of marker genes and the percentage of cells expressing them for each annotated cell type,exclude,细胞类型为 Endothelial cells，不属于任务目标 L2:Schwann cell。,False,31,0.0,False,True,fail_citation
DOI_10.1038_s41588-025-02158-6,A_exclude,Endothelial cells,,human,PTPRB,PTPRB,exact,figure_labeled,positive,Fig. 1d legend,Dotplot showing the mean expression of marker genes and the percentage of cells expressing them for each annotated cell type,exclude,细胞类型为 Endothelial cells，不属于任务目标 L2:Schwann cell。,True,31,1.0,True,True,pass
DOI_10.1038_s41588-025-02158-6,A_exclude,Dendritic cells,,human,CD86,CD86,exact,figure_labeled,positive,Fig. 1d legend,Dotplot showing the mean expression of marker genes and the percentage of cells expressing them for each annotated cell type,exclude,细胞类型为 Dendritic cells，不属于任务目标 L2:Schwann cell。,True,31,1.0,True,True,pass
DOI_10.1038_s41588-025-02158-6,A_exclude,Dendritic cells,,human,IRF8,IRF8,exact,figure_labeled,positive,Fig. 1d legend,Dotplot showing the mean expression of marker genes and the percentage of cells expressing them for each annotated cell type,exclude,细胞类型为 Dendritic cells，不属于任务目标 L2:Schwann cell。,True,31,1.0,True,True,pass
DOI_10.1038_s41588-025-02158-6,A_exclude,Dendritic cells,,human,FLT3,FLT3,exact,figure_labeled,positive,Fig. 1d legend,Dotplot showing the mean expression of marker genes and the percentage of cells expressing them for each annotated cell type,exclude,细胞类型为 Dendritic cells，不属于任务目标 L2:Schwann cell。,True,31,1.0,True,True,pass
DOI_10.1038_s41588-025-02158-6,A_exclude,T cells,,human,CD247,CD247,exact,figure_labeled,positive,Fig. 1d legend,Dotplot showing the mean expression of marker genes and the percentage of cells expressing them for each annotated cell type,exclude,细胞类型为 T cells，不属于任务目标 L2:Schwann cell。,True,31,1.0,True,True,pass
DOI_10.1038_s41588-025-02158-6,A_exclude,B cells,,human,PAX5,PAX5,exact,figure_labeled,positive,Fig. 1d legend,Dotplot showing the mean expression of marker genes and the percentage of cells expressing them for each annotated cell type,exclude,细胞类型为 B cells，不属于任务目标 L2:Schwann cell。,True,31,1.0,True,True,pass
DOI_10.1038_s41588-025-02158-6,A_exclude,B cells,,human,MS4A1,MS4A1,exact,figure_labeled,positive,Fig. 1d legend,Dotplot showing the mean expression of marker genes and the percentage of cells expressing them for each annotated cell type,exclude,细胞类型为 B cells，不属于任务目标 L2:Schwann cell。,True,31,1.0,True,True,pass
DOI_10.1038_s41588-025-02158-6,A_exclude,Macrophages,,human,CD163,CD163,exact,figure_labeled,positive,Fig. 1d legend,Dotplot showing the mean expression of marker genes and the percentage of cells expressing them for each annotated cell type,exclude,细胞类型为 Macrophages，不属于任务目标 L2:Schwann cell。,True,31,1.0,True,True,pass
DOI_10.1038_s41588-025-02158-6,A_exclude,Adrenal cortex cells,,human,CYP11A1,CYP11A1,exact,figure_labeled,positive,Fig. 1d legend,Dotplot showing the mean expression of marker genes and the percentage of cells expressing them for each annotated cell type,exclude,细胞类型为 Adrenal cortex cells，不属于任务目标 L2:Schwann cell。,True,31,1.0,True,True,pass
DOI_10.1038_s41588-025-02158-6,A_exclude,Adrenal cortex cells,,human,CYP11B1,CYP11B1,exact,figure_labeled,positive,Fig. 1d legend,Dotplot showing the mean expression of marker genes and the percentage of cells expressing them for each annotated cell type,exclude,细胞类型为 Adrenal cortex cells，不属于任务目标 L2:Schwann cell。,True,31,1.0,True,True,pass
DOI_10.1038_s41588-025-02158-6,A_exclude,Hepatocytes,,human,ALB,ALB,exact,figure_labeled,positive,Fig. 1d legend,Dotplot showing the mean expression of marker genes and the percentage of cells expressing them for each annotated cell type,exclude,细胞类型为 Hepatocytes，不属于任务目标 L2:Schwann cell。,True,31,1.0,True,True,pass
DOI_10.1038_s41588-025-02158-6,A_exclude,Kidney cells,,human,DCD,DCD,exact,figure_labeled,positive,Fig. 1d legend,Dotplot showing the mean expression of marker genes and the percentage of cells expressing them for each annotated cell type,exclude,细胞类型为 Kidney cells，不属于任务目标 L2:Schwann cell。,False,31,0.0,False,True,fail_citation
DOI_10.1038_s41588-025-02158-6,A_exclude,Kidney cells,,human,C2,C2,exact,figure_labeled,positive,Fig. 1d legend,Dotplot showing the mean expression of marker genes and the percentage of cells expressing them for each annotated cell type,exclude,细胞类型为 Kidney cells，不属于任务目标 L2:Schwann cell。,True,31,1.0,True,True,pass
DOI_10.1038_s41588-025-02158-6,A_exclude,Kidney cells,,human,PKHD1,PKHD1,exact,figure_labeled,positive,Fig. 1d legend,Dotplot showing the mean expression of marker genes and the percentage of cells expressing them for each annotated cell type,exclude,细胞类型为 Kidney cells，不属于任务目标 L2:Schwann cell。,False,31,0.0,False,True,fail_citation
DOI_10.1038_s41588-025-02158-6,A_exclude,Neoplastic cells,ADRN,human,PHOX2B,PHOX2B,exact,reference_imported,positive,"Results, 'Cooperative epigenetic regulation governs neoplastic cell states'","We confirmed that canonical MES and ADRN marker genes, including YAP1 and PHOX2B, were more accessible in their respective states",exclude,Neoplastic cells 非目标 Schwann cell，且证据仅为染色质可及性比较，非本文用于 Schwann 注释。,True,31,1.0,True,True,pass
DOI_10.1038_s41588-025-02158-6,A_exclude,Neoplastic cells,MES,human,YAP1,YAP1,exact,reference_imported,positive,"Results, 'Cooperative epigenetic regulation governs neoplastic cell states'","We confirmed that canonical MES and ADRN marker genes, including YAP1 and PHOX2B, were more accessible in their respective states",exclude,Neoplastic cells 非目标 Schwann cell，且证据仅为染色质可及性比较，非本文用于 Schwann 注释。,True,31,1.0,True,True,pass
DOI_10.1038_s41588-025-02158-6,A_exclude,Neuroblasts,ADRN-like-1,human,ISL1,ISL1,exact,cluster_enriched,positive,"Results, 'Macrophages differentially interact with neoplastic cell states'","We found three subsets of adrenergic neuroblasts: an ISL1-high population (ADRN-like-1), a PPP2R2C-high population (ADRN-like-2) and a population with minimal PHOX2B expression (ADRN-like-3)",exclude,Neuroblasts 非目标 Schwann cell，且该证据描述亚群划分而非 Schwann marker。,True,31,1.0,True,True,duplicate_pool
DOI_10.1038_s41588-025-02158-6,A_exclude,Neuroblasts,ADRN-like-2,human,PPP2R2C,PPP2R2C,exact,cluster_enriched,positive,"Results, 'Macrophages differentially interact with neoplastic cell states'","We found three subsets of adrenergic neuroblasts: an ISL1-high population (ADRN-like-1), a PPP2R2C-high population (ADRN-like-2) and a population with minimal PHOX2B expression (ADRN-like-3)",exclude,Neuroblasts 非目标 Schwann cell，且该证据描述亚群划分而非 Schwann marker。,True,31,1.0,True,True,pass
DOI_10.1038_s41588-025-02158-6,A_exclude,Neuroblasts,ADRN-like-2,human,ERBB4,ERBB4,exact,cluster_enriched,positive,"Results, 'Macrophages differentially interact with neoplastic cell states'",the ERBB4 receptor was most highly expressed on ADRN-like-2 neuroblasts,exclude,Neuroblasts 非目标 Schwann cell，且 ERBB4 在此仅描述高表达，未用于 Schwann 注释。,True,31,1.0,True,True,pass
DOI_10.1038_s41588-025-02158-6,A_exclude,Neuroblasts,ADRN-like-3,human,PHOX2B,PHOX2B,exact,cluster_enriched,unknown,"Results, 'Macrophages differentially interact with neoplastic cell states'",a population with minimal PHOX2B expression (ADRN-like-3),exclude,Neuroblasts 非目标 Schwann cell。minimal expression 未用于定义 Schwann 细胞，极性也不明确。,True,31,1.0,True,True,duplicate_pool
DOI_10.1038_s41588-025-02158-6,A_exclude,Neuroblasts,Mesenchymal neuroblastic,human,VIM,VIM,exact,annotation_marker,positive,"Results, 'Macrophages differentially interact with neoplastic cell states'",We also identified a mesenchymal neuroblastic population expressing vimentin,exclude,Neuroblasts 非目标 Schwann cell，VIM 用于神经母细胞亚群，不用于 Schwann。,False,31,0.0,False,True,fail_citation
DOI_10.1038_s41588-025-02158-6,A_exclude,Macrophages,Proliferating,human,MKI67,MKI67,exact,annotation_marker,positive,"Results, 'Pro-tumorigenic macrophages are enriched after therapy'","we identified a proliferating state (MKI67 and TOP2A), a pro-inflammatory state (IL18), two pro-angiogenic states (CCL4 and VCAN), an immunosuppressive state (C1QC and SPP1), a tissue-resident state with the highest expression of a phagocytosis gene (F13A1), a lipid-associated state (HS3ST2) and an undefined state expressing THY1",exclude,Macrophages 非目标 Schwann cell。,True,31,1.0,True,True,pass
DOI_10.1038_s41588-025-02158-6,A_exclude,Macrophages,Proliferating,human,TOP2A,TOP2A,exact,annotation_marker,positive,"Results, 'Pro-tumorigenic macrophages are enriched after therapy'","we identified a proliferating state (MKI67 and TOP2A), a pro-inflammatory state (IL18), two pro-angiogenic states (CCL4 and VCAN), an immunosuppressive state (C1QC and SPP1), a tissue-resident state with the highest expression of a phagocytosis gene (F13A1), a lipid-associated state (HS3ST2) and an undefined state expressing THY1",exclude,Macrophages 非目标 Schwann cell。,True,31,1.0,True,True,pass
DOI_10.1038_s41588-025-02158-6,A_exclude,Macrophages,Pro-inflammatory (IL18+),human,IL18,IL18,exact,annotation_marker,positive,"Results, 'Pro-tumorigenic macrophages are enriched after therapy'","we identified a proliferating state (MKI67 and TOP2A), a pro-inflammatory state (IL18), two pro-angiogenic states (CCL4 and VCAN), an immunosuppressive state (C1QC and SPP1), a tissue-resident state with the highest expression of a phagocytosis gene (F13A1), a lipid-associated state (HS3ST2) and an undefined state expressing THY1",exclude,Macrophages 非目标 Schwann cell。,True,31,1.0,True,True,pass
DOI_10.1038_s41588-025-02158-6,A_exclude,Macrophages,Pro-angiogenic (CCL4+),human,CCL4,CCL4,exact,annotation_marker,positive,"Results, 'Pro-tumorigenic macrophages are enriched after therapy'","we identified a proliferating state (MKI67 and TOP2A), a pro-inflammatory state (IL18), two pro-angiogenic states (CCL4 and VCAN), an immunosuppressive state (C1QC and SPP1), a tissue-resident state with the highest expression of a phagocytosis gene (F13A1), a lipid-associated state (HS3ST2) and an undefined state expressing THY1",exclude,Macrophages 非目标 Schwann cell。,True,31,1.0,True,True,pass
DOI_10.1038_s41588-025-02158-6,A_exclude,Macrophages,Pro-angiogenic (VCAN+),human,VCAN,VCAN,exact,annotation_marker,positive,"Results, 'Pro-tumorigenic macrophages are enriched after therapy'","we identified a proliferating state (MKI67 and TOP2A), a pro-inflammatory state (IL18), two pro-angiogenic states (CCL4 and VCAN), an immunosuppressive state (C1QC and SPP1), a tissue-resident state with the highest expression of a phagocytosis gene (F13A1), a lipid-associated state (HS3ST2) and an undefined state expressing THY1",exclude,Macrophages 非目标 Schwann cell。,True,31,1.0,True,True,pass
DOI_10.1038_s41588-025-02158-6,A_exclude,Macrophages,Immunosuppressive (C1QC+SPP1+),human,C1QC,C1QC,exact,annotation_marker,positive,"Results, 'Pro-tumorigenic macrophages are enriched after therapy'","we identified a proliferating state (MKI67 and TOP2A), a pro-inflammatory state (IL18), two pro-angiogenic states (CCL4 and VCAN), an immunosuppressive state (C1QC and SPP1), a tissue-resident state with the highest expression of a phagocytosis gene (F13A1), a lipid-associated state (HS3ST2) and an undefined state expressing THY1",exclude,Macrophages 非目标 Schwann cell。,True,31,1.0,True,True,pass
DOI_10.1038_s41588-025-02158-6,A_exclude,Macrophages,Immunosuppressive (C1QC+SPP1+),human,SPP1,SPP1,exact,annotation_marker,positive,"Results, 'Pro-tumorigenic macrophages are enriched after therapy'","we identified a proliferating state (MKI67 and TOP2A), a pro-inflammatory state (IL18), two pro-angiogenic states (CCL4 and VCAN), an immunosuppressive state (C1QC and SPP1), a tissue-resident state with the highest expression of a phagocytosis gene (F13A1), a lipid-associated state (HS3ST2) and an undefined state expressing THY1",exclude,Macrophages 非目标 Schwann cell。,True,31,1.0,True,True,pass
DOI_10.1038_s41588-025-02158-6,A_exclude,Macrophages,Tissue-resident (F13A1+),human,F13A1,F13A1,exact,annotation_marker,positive,"Results, 'Pro-tumorigenic macrophages are enriched after therapy'","we identified a proliferating state (MKI67 and TOP2A), a pro-inflammatory state (IL18), two pro-angiogenic states (CCL4 and VCAN), an immunosuppressive state (C1QC and SPP1), a tissue-resident state with the highest expression of a phagocytosis gene (F13A1), a lipid-associated state (HS3ST2) and an undefined state expressing THY1",exclude,Macrophages 非目标 Schwann cell。,True,31,1.0,True,True,pass
DOI_10.1038_s41588-025-02158-6,A_exclude,Macrophages,Lipid-associated (HS3ST2+),human,HS3ST2,HS3ST2,exact,annotation_marker,positive,"Results, 'Pro-tumorigenic macrophages are enriched after therapy'","we identified a proliferating state (MKI67 and TOP2A), a pro-inflammatory state (IL18), two pro-angiogenic states (CCL4 and VCAN), an immunosuppressive state (C1QC and SPP1), a tissue-resident state with the highest expression of a phagocytosis gene (F13A1), a lipid-associated state (HS3ST2) and an undefined state expressing THY1",exclude,Macrophages 非目标 Schwann cell。,True,31,1.0,True,True,pass
DOI_10.1038_s41588-025-02158-6,A_exclude,Macrophages,Undefined (THY1+),human,THY1,THY1,exact,annotation_marker,positive,"Results, 'Pro-tumorigenic macrophages are enriched after therapy'","we identified a proliferating state (MKI67 and TOP2A), a pro-inflammatory state (IL18), two pro-angiogenic states (CCL4 and VCAN), an immunosuppressive state (C1QC and SPP1), a tissue-resident state with the highest expression of a phagocytosis gene (F13A1), a lipid-associated state (HS3ST2) and an undefined state expressing THY1",exclude,Macrophages 非目标 Schwann cell。,True,31,1.0,True,True,pass
DOI_10.1038_s41588-025-02158-6,A_exclude,Macrophages,CD163+CD68hi,human,CD163,CD163,exact,cluster_enriched,positive,"Results, 'Macrophages differentially interact with neoplastic cell states'","all macrophages expressed CD163, but two populations were discriminated by the additional high expression of either CD206 or CD68",exclude,Macrophages 非目标 Schwann cell；CD163 用于巨噬细胞分群。,True,31,1.0,True,True,duplicate_pool
DOI_10.1038_s41588-025-02158-6,A_exclude,Macrophages,CD163+CD68hi,human,CD68,CD68,exact,cluster_enriched,positive,"Results, 'Macrophages differentially interact with neoplastic cell states'","all macrophages expressed CD163, but two populations were discriminated by the additional high expression of either CD206 or CD68",exclude,Macrophages 非目标 Schwann cell；CD68 用于巨噬细胞分群。,True,31,1.0,True,True,pass
DOI_10.1038_s41588-025-02158-6,A_exclude,Macrophages,CD163+CD68hi,human,MRC1,MRC1,exact,cluster_enriched,positive,"Results, 'Macrophages differentially interact with neoplastic cell states'","all macrophages expressed CD163, but two populations were discriminated by the additional high expression of either CD206 or CD68 (CD206 is encoded by MRC1)",exclude,Macrophages 非目标 Schwann cell；MRC1 编码 CD206，用于巨噬细胞分群。,True,31,0.9286,True,True,pass
DOI_10.1038_s41588-025-02158-6,A_exclude,Neuroblasts,,mouse,Phox2b,Phox2b,exact,figure_labeled,positive,Fig. 5c legend,Dotplot showing the normalized expression levels of marker genes and the percentages of cells expressing them for each annotated cell type,exclude,物种为 mouse，与 task_species Homo sapiens 不符，且 Neuroblasts 非目标 Schwann cell。,True,31,1.0,True,True,duplicate_pool
DOI_10.1038_s41588-025-02158-6,A_exclude,Neuroblasts,,mouse,Isl1,Isl1,exact,figure_labeled,positive,Fig. 5c legend,Dotplot showing the normalized expression levels of marker genes and the percentages of cells expressing them for each annotated cell type,exclude,物种为 mouse，与 task_species Homo sapiens 不符，且 Neuroblasts 非目标 Schwann cell。,True,31,1.0,True,True,duplicate_pool
DOI_10.1038_s41588-025-02158-6,A_exclude,Neuroblasts,,mouse,Hand2,Hand2,exact,figure_labeled,positive,Fig. 5c legend,Dotplot showing the normalized expression levels of marker genes and the percentages of cells expressing them for each annotated cell type,exclude,物种为 mouse，与 task_species Homo sapiens 不符，且 Neuroblasts 非目标 Schwann cell。,False,31,0.0,False,True,fail_citation
DOI_10.1038_s41588-025-02158-6,A_exclude,Fibroblasts,,mouse,Fn1,Fn1,exact,figure_labeled,positive,Fig. 5c legend,Dotplot showing the normalized expression levels of marker genes and the percentages of cells expressing them for each annotated cell type,exclude,物种为 mouse，与 task_species Homo sapiens 不符，且 Fibroblasts 非目标 Schwann cell。,True,31,1.0,True,True,pass
DOI_10.1038_s41588-025-02158-6,A_exclude,Fibroblasts,,mouse,Pdgfrb,Pdgfrb,exact,figure_labeled,positive,Fig. 5c legend,Dotplot showing the normalized expression levels of marker genes and the percentages of cells expressing them for each annotated cell type,exclude,物种为 mouse，与 task_species Homo sapiens 不符，且 Fibroblasts 非目标 Schwann cell。,False,31,0.0,False,True,duplicate_pool
DOI_10.1038_s41588-025-02158-6,A_exclude,Fibroblasts,,mouse,Col1a2,Col1a2,exact,figure_labeled,positive,Fig. 5c legend,Dotplot showing the normalized expression levels of marker genes and the percentages of cells expressing them for each annotated cell type,exclude,物种为 mouse，与 task_species Homo sapiens 不符，且 Fibroblasts 非目标 Schwann cell。,False,31,0.0,False,True,fail_citation
DOI_10.1038_s41588-025-02158-6,A_exclude,Endothelial cells,,mouse,Pecam1,Pecam1,exact,figure_labeled,positive,Fig. 5c legend,Dotplot showing the normalized expression levels of marker genes and the percentages of cells expressing them for each annotated cell type,exclude,物种为 mouse，与 task_species Homo sapiens 不符，且 Endothelial cells 非目标 Schwann cell。,False,31,0.0,False,True,duplicate_pool
DOI_10.1038_s41588-025-02158-6,A_exclude,Endothelial cells,,mouse,Cdh5,Cdh5,exact,figure_labeled,positive,Fig. 5c legend,Dotplot showing the normalized expression levels of marker genes and the percentages of cells expressing them for each annotated cell type,exclude,物种为 mouse，与 task_species Homo sapiens 不符，且 Endothelial cells 非目标 Schwann cell。,False,31,0.0,False,True,fail_citation
DOI_10.1038_s41588-025-02158-6,A_exclude,Endothelial cells,,mouse,Vcam1,Vcam1,exact,figure_labeled,positive,Fig. 5c legend,Dotplot showing the normalized expression levels of marker genes and the percentages of cells expressing them for each annotated cell type,exclude,物种为 mouse，与 task_species Homo sapiens 不符，且 Endothelial cells 非目标 Schwann cell。,False,31,0.0,False,True,fail_citation
DOI_10.1038_s41588-025-02158-6,A_exclude,Macrophages,,mouse,Cd68,Cd68,exact,figure_labeled,positive,Fig. 5c legend,Dotplot showing the normalized expression levels of marker genes and the percentages of cells expressing them for each annotated cell type,exclude,物种为 mouse，与 task_species Homo sapiens 不符，且 Macrophages 非目标 Schwann cell。,True,31,1.0,True,True,duplicate_pool
DOI_10.1038_s41588-025-02158-6,A_exclude,Macrophages,,mouse,Grn,Grn,exact,figure_labeled,positive,Fig. 5c legend,Dotplot showing the normalized expression levels of marker genes and the percentages of cells expressing them for each annotated cell type,exclude,物种为 mouse，与 task_species Homo sapiens 不符，且 Macrophages 非目标 Schwann cell。,False,31,0.0,False,True,fail_citation
DOI_10.1038_s41588-025-02158-6,A_exclude,Macrophages,,mouse,Csf1,Csf1,exact,figure_labeled,positive,Fig. 5c legend,Dotplot showing the normalized expression levels of marker genes and the percentages of cells expressing them for each annotated cell type,exclude,物种为 mouse，与 task_species Homo sapiens 不符，且 Macrophages 非目标 Schwann cell。,False,31,0.0,False,True,fail_citation
DOI_10.1038_s41588-025-02158-6,A_exclude,neuroblastoma cell,,human,PHOX2B,PHOX2B,exact,model_inferred,positive,Fig.7a legend,"UMAP plots showing cells from monoculture and co-culture with THP-1 macrophages, colored by the normalized expression levels of PHOX2B and CD68 for the CHLA15 cell line.",exclude,neuroblastoma cell 非目标 Schwann cell，且该证据是体外共培养表达展示，非本文 Schwann 注释 marker。,True,31,1.0,True,True,pass
DOI_10.1038_s41588-025-02182-6,A_exclude,stem cells,,human,OLFM4,OLFM4,exact,author_declared,positive,"Article p.1202, Fig.1j and Supplementary Table 5","We identified consistent markers for each integrated cell type across datasets and protocols, such as OLFM4 for stem cells and TP63 for basal cells (Fig. 1j and Supplementary Table 5).",exclude,基因-细胞关系成立，但干细胞不在任务目标范围（Schwann/Enteroendocrine/Neuroendocrine）内。,True,33,1.0,True,True,pass
DOI_10.1038_s41588-025-02182-6,A_exclude,basal cells,,human,TP63,TP63,exact,author_declared,positive,"Article p.1202, Fig.1j and Supplementary Table 5","We identified consistent markers for each integrated cell type across datasets and protocols, such as OLFM4 for stem cells and TP63 for basal cells (Fig. 1j and Supplementary Table 5).",exclude,基底细胞不在任务目标范围内。,True,33,1.0,True,True,pass
DOI_10.1038_s41588-025-02182-6,A_exclude,Stromal 1 (ADAMDEC1),,human,ADAMDEC1,ADAMDEC1,exact,annotation_marker,positive,"Fig.1f/h, Fig.3d cell type labels","Cell type is named 'Stromal 1 (ADAMDEC1)' in the atlas, using ADAMDEC1 as the annotating marker.",exclude,基质细胞亚型不在任务目标范围内。,True,33,0.7778,True,True,pass
DOI_10.1038_s41588-025-02182-6,A_exclude,Stromal 2 (NPY),,human,NPY,NPY,exact,annotation_marker,positive,"Fig.1f/h, Fig.3d cell type labels","Cell type is named 'Stromal 2 (NPY)' in the atlas, using NPY as the annotating marker.",exclude,基质细胞亚型不在任务目标范围内。,True,33,0.7778,True,True,pass
DOI_10.1038_s41588-025-02182-6,A_exclude,Stromal 3 (C7),,human,C7,C7,exact,annotation_marker,positive,"Fig.1f/h, Fig.3d cell type labels","Cell type is named 'Stromal 3 (C7)' in the atlas, using C7 as the annotating marker.",exclude,基质细胞亚型不在任务目标范围内。,True,33,0.7778,True,True,pass
DOI_10.1038_s41588-025-02182-6,A_exclude,Mesoderm 1 (HAND1),,human,HAND1,HAND1,exact,annotation_marker,positive,"Fig.1f/h, Fig.3d cell type labels","Cell type is named 'Mesoderm 1 (HAND1)' in the atlas, using HAND1 as the annotating marker.",exclude,中胚层细胞亚型不在任务目标范围内。,True,33,0.7778,True,True,pass
DOI_10.1038_s41588-025-02182-6,A_exclude,Mesoderm 2 (ZEB2),,human,ZEB2,ZEB2,exact,annotation_marker,positive,"Fig.1f/h, Fig.3d cell type labels","Cell type is named 'Mesoderm 2 (ZEB2)' in the atlas, using ZEB2 as the annotating marker.",exclude,中胚层细胞亚型不在任务目标范围内。,True,33,0.7778,True,True,pass
DOI_10.1038_s41588-025-02182-6,A_exclude,BEST4+ epithelial,,human,BEST4,BEST4,exact,annotation_marker,positive,Fig.1f/h cell type label,Level 2 cell type is labeled 'BEST4+ epithelial' in the atlas.,exclude,BEST4+ 上皮细胞不在任务目标范围内（非肠内分泌/神经内分泌/Schwann）。,False,33,0.7143,False,True,fail_citation
DOI_10.1038_s41588-025-02182-6,A_exclude,MUC2+ goblet,,human,MUC2,MUC2,exact,reference_imported,positive,Fig.2a/b cell type label,Reference atlas cell type is labeled 'MUC2+ goblet'.,exclude,杯状细胞不在任务目标范围内；且该标签来自外部参考图谱（原文引用），不是本文自身注释。,False,33,0.7143,False,True,fail_citation
DOI_10.1038_s41588-025-02182-6,A_exclude,Progenitor cells,early endoderm development,human,FABP1,FABP1,exact,annotation_marker,positive,"Results p.1206, Fig.4d",Organoids from PSCs displayed a higher proportion of early endoderm development marker genes such as FABP1 and AFP-defined progenitor cells.,exclude,早期内胚层祖细胞不在任务目标范围内。,True,33,1.0,True,True,pass
DOI_10.1038_s41588-025-02182-6,A_exclude,Progenitor cells,early endoderm development,human,AFP,AFP,exact,annotation_marker,positive,"Results p.1206, Fig.4d",Organoids from PSCs displayed a higher proportion of early endoderm development marker genes such as FABP1 and AFP-defined progenitor cells.,exclude,早期内胚层祖细胞不在任务目标范围内。,True,33,1.0,True,True,pass
DOI_10.1038_s41588-025-02182-6,A_exclude,Airway progenitor cells,,human,SCGB3A2,SCGB3A2,exact,annotation_marker,positive,"Results p.1207, Fig.5e","Lung progenitor organoids differentiated toward the airway were mapped to airway-specific identities, including SCGB3A2+ airway progenitors.",exclude,气道祖细胞不在任务目标范围内。,True,33,1.0,True,True,pass
DOI_10.1038_s41588-025-02182-6,A_exclude,Cancer colonocytes,,human,CEACAM6,CEACAM6,exact,cluster_enriched,positive,"Results p.1210, Fig.7i","DEG analysis revealed higher expression levels of CRC markers such as CEACAM6, SPINK1, TGFBI and RSPO3 in the cancer cell group.",exclude,结肠癌细胞不在任务目标范围内；且原提取 evidence_type=author_declared 不准确，作者仅通过 DEG 发现高表达并引用既有 CRC 知识，未用于细胞注释/验证。,True,33,1.0,True,True,pass
DOI_10.1038_s41588-025-02182-6,A_exclude,Cancer colonocytes,,human,SPINK1,SPINK1,exact,cluster_enriched,positive,"Results p.1210, Fig.7i","DEG analysis revealed higher expression levels of CRC markers such as CEACAM6, SPINK1, TGFBI and RSPO3 in the cancer cell group.",exclude,结肠癌细胞不在任务目标范围内；证据为 DEG/既有知识引用，非正式 marker。,True,33,1.0,True,True,pass
DOI_10.1038_s41588-025-02182-6,A_exclude,Cancer colonocytes,,human,TGFBI,TGFBI,exact,cluster_enriched,positive,"Results p.1210, Fig.7i","DEG analysis revealed higher expression levels of CRC markers such as CEACAM6, SPINK1, TGFBI and RSPO3 in the cancer cell group.",exclude,结肠癌细胞不在任务目标范围内；证据为 DEG/既有知识引用，非正式 marker。,True,33,1.0,True,True,pass
DOI_10.1038_s41588-025-02182-6,A_exclude,Cancer colonocytes,,human,RSPO3,RSPO3,exact,cluster_enriched,positive,"Results p.1210, Fig.7i","DEG analysis revealed higher expression levels of CRC markers such as CEACAM6, SPINK1, TGFBI and RSPO3 in the cancer cell group.",exclude,结肠癌细胞不在任务目标范围内；证据为 DEG/既有知识引用，非正式 marker。,True,33,1.0,True,True,pass
DOI_10.1038_s41588-025-02182-6,A_exclude,Neural,,human,ELAVL3,ELAVL3,exact,figure_labeled,positive,Fig. 3d,ELAVL3 is shown only for the broad Level 1 Neural annotation together with ASCL1.,exclude,ELAVL3 仅支持宽泛 Neural 大类，无法特异对应 Schwann、PNS neuron 或内分泌亚型，故排除。,True,33,0.8889,True,True,pass
DOI_10.1038_s41591-023-02327-2,A_exclude,SPP1+ profibrotic monocyte-derived macrophages,,human,SPP1,SPP1,exact,annotation_marker,positive,"Abstract, p.1563","identify shared cell states across multiple lung diseases, including SPP1+ profibrotic monocyte-derived macrophages in COVID-19, pulmonary fibrosis and lung carcinoma",exclude,细胞类型为巨噬细胞，不属于肺神经内分泌细胞任务范围,True,14,1.0,True,True,pass
DOI_10.1038_s41591-023-02327-2,A_exclude,migratory dendritic cells,,human,CCR7,CCR7,exact,figure_labeled,positive,Fig. 3g legend,"Log-normalized expression of the migratory dendritic cell marker CCR7 in cells identified during re-annotation as migratory dendritic cells, versus other dendritic cells.",exclude,树突状细胞，非肺神经内分泌细胞,True,14,1.0,True,True,pass
DOI_10.1038_s41591-023-02327-2,A_exclude,alveolar type 0 cells,,human,STFPB,SFTPB,alias_resolved,cluster_enriched,positive,"Results, p.1565","alveolar type 0 cells (n = 1,440, expressing STFPB+, SCGB3A2+, SFTPChigh and SCGB3A1low)",exclude,肺泡0型细胞，非目标；原文为表达描述，非正式 marker,True,14,1.0,True,True,pass
DOI_10.1038_s41591-023-02327-2,A_exclude,alveolar type 0 cells,,human,SCGB3A2,SCGB3A2,exact,cluster_enriched,positive,"Results, p.1565","alveolar type 0 cells (n = 1,440, expressing STFPB+, SCGB3A2+, SFTPChigh and SCGB3A1low)",exclude,肺泡0型细胞，非目标,True,14,1.0,True,True,pass
DOI_10.1038_s41591-023-02327-2,A_exclude,alveolar type 0 cells,,human,SFTPC,SFTPC,exact,cluster_enriched,positive,"Results, p.1565","alveolar type 0 cells (n = 1,440, expressing STFPB+, SCGB3A2+, SFTPChigh and SCGB3A1low)",exclude,肺泡0型细胞，非目标,True,14,0.72,True,True,pass
DOI_10.1038_s41591-023-02327-2,A_exclude,alveolar type 0 cells,,human,SCGB3A1,SCGB3A1,exact,cluster_enriched,negative,"Results, p.1565","alveolar type 0 cells (n = 1,440, expressing STFPB+, SCGB3A2+, SFTPChigh and SCGB3A1low)",exclude,肺泡0型细胞，非目标；原文为低表达，极性应为 negative，但非正式 marker,True,14,0.72,True,True,pass
DOI_10.1038_s41591-023-02327-2,A_exclude,preterminal bronchiole secretory cells,,human,SFTPB,SFTPB,exact,cluster_enriched,positive,"Results, p.1565","preterminal bronchiole secretory cells (n = 4,393, expressing SFTPB+, SCGB3A2+, SFTPClow and SCGB3A1high)",exclude,终末细支气管分泌细胞，非目标,True,14,1.0,True,True,pass
DOI_10.1038_s41591-023-02327-2,A_exclude,preterminal bronchiole secretory cells,,human,SCGB3A2,SCGB3A2,exact,cluster_enriched,positive,"Results, p.1565","preterminal bronchiole secretory cells (n = 4,393, expressing SFTPB+, SCGB3A2+, SFTPClow and SCGB3A1high)",exclude,终末细支气管分泌细胞，非目标,True,14,1.0,True,True,pass
DOI_10.1038_s41591-023-02327-2,A_exclude,preterminal bronchiole secretory cells,,human,SFTPC,SFTPC,exact,cluster_enriched,negative,"Results, p.1565","preterminal bronchiole secretory cells (n = 4,393, expressing SFTPB+, SCGB3A2+, SFTPClow and SCGB3A1high)",exclude,终末细支气管分泌细胞，非目标；原文为低表达，极性应为 negative,True,14,0.72,True,True,pass
DOI_10.1038_s41591-023-02327-2,A_exclude,preterminal bronchiole secretory cells,,human,SCGB3A1,SCGB3A1,exact,cluster_enriched,positive,"Results, p.1565","preterminal bronchiole secretory cells (n = 4,393, expressing SFTPB+, SCGB3A2+, SFTPClow and SCGB3A1high)",exclude,终末细支气管分泌细胞，非目标,True,14,0.72,True,True,pass
DOI_10.1038_s41591-023-02327-2,A_exclude,smooth muscle cells,,human,CNN1,CNN1,exact,reference_imported,positive,"Results, p.1565","These smooth muscle cells, predominantly found in the airways, express canonical smooth muscle markers (CNN1 and MYH11)",exclude,平滑肌细胞，非目标,True,14,1.0,True,True,pass
DOI_10.1038_s41591-023-02327-2,A_exclude,smooth muscle cells,,human,MYH11,MYH11,exact,reference_imported,positive,"Results, p.1565","These smooth muscle cells, predominantly found in the airways, express canonical smooth muscle markers (CNN1 and MYH11)",exclude,平滑肌细胞，非目标,True,14,1.0,True,True,pass
DOI_10.1038_s41591-023-02327-2,A_exclude,smooth muscle FAM83D+ cells,,human,FAM83D,FAM83D,exact,cluster_enriched,positive,"Results, p.1567 (section on biological/technical factors affecting cell type proportions; Extended Data Fig. 5)","In some cases, these proportions are highly dependent on the tissue sampling method and the dissociation protocol used (for example, for smooth muscle FAM83D+ cells; Extended Data Fig. 5).",exclude,平滑肌细胞亚型，非目标,True,14,1.0,True,True,pass
DOI_10.1038_s41591-023-02327-2,A_exclude,venous endothelial cells,,human,ACKR1,ACKR1,exact,author_declared,positive,"Results, p.1567 (HLCA-based analysis of lung data; Fig. 5c and Supplementary Fig. 6a–c)",This suggests that ACKR1 is a general marker of venous endothelial cells rather than a tumor-specific endothelial cell marker.,exclude,静脉内皮细胞，非目标,True,14,1.0,True,True,pass
DOI_10.1038_s41591-023-02327-2,A_exclude,aerocyte capillary endothelial cells,,human,EDNRB,EDNRB,exact,reference_imported,positive,"Results, p.1567 (HLCA-based analysis of lung data; Fig. 5c and Supplementary Fig. 6d)","Similarly, the reported normal endothelial cell marker EDNRB characterizes aerocyte capillary endothelial cells, both in tumor and in healthy tissue (Fig. 5c and Supplementary Fig. 6d).",exclude,内皮细胞，非目标,True,14,1.0,True,True,pass
DOI_10.1038_s41591-023-02327-2,A_exclude,ionocyte,,human,FOXI1,FOXI1,exact,figure_labeled,positive,Fig. 3f legend,"expression of ionocyte marker FOXI1, tuft cell marker LRMP and neuroendocrine marker CALCA",exclude,离子细胞，非肺神经内分泌细胞,True,14,1.0,True,True,pass
DOI_10.1038_s41591-023-02327-2,A_exclude,tuft cell,,human,LRMP,LRMP,exact,figure_labeled,positive,Fig. 3f legend,"expression of ionocyte marker FOXI1, tuft cell marker LRMP and neuroendocrine marker CALCA",exclude,簇细胞，非肺神经内分泌细胞,True,14,1.0,True,True,pass
DOI_10.1038_s41591-023-02327-2,A_exclude,alveolar fibroblasts,IPF-specific state,human,CCL2,CCL2,exact,author_declared,positive,Results: 'The HLCA reveals common aberrant cell states across diseases',"cells from patients with IPF predominantly cluster together in a single cluster characterized by high expression of genes previously associated with IPF (CCL2, COL1A1, CTHRC1 and MMP19), as well as further fibrosis-associated markers (SERPINE1, an inhibitor of extracellular matrix breakdown, and HIF1A, a chronic hypoxia response gene); These marker genes are consistently expressed across datasets.",exclude,成纤维细胞，非目标,True,14,0.9706,True,True,pass
DOI_10.1038_s41591-023-02327-2,A_exclude,alveolar fibroblasts,IPF-specific state,human,COL1A1,COL1A1,exact,author_declared,positive,Results: 'The HLCA reveals common aberrant cell states across diseases',"cells from patients with IPF predominantly cluster together in a single cluster characterized by high expression of genes previously associated with IPF (CCL2, COL1A1, CTHRC1 and MMP19), as well as further fibrosis-associated markers (SERPINE1, an inhibitor of extracellular matrix breakdown, and HIF1A, a chronic hypoxia response gene); These marker genes are consistently expressed across datasets.",exclude,成纤维细胞，非目标,True,14,0.9706,True,True,pass
DOI_10.1038_s41591-023-02327-2,A_exclude,alveolar fibroblasts,IPF-specific state,human,CTHRC1,CTHRC1,exact,author_declared,positive,Results: 'The HLCA reveals common aberrant cell states across diseases',"cells from patients with IPF predominantly cluster together in a single cluster characterized by high expression of genes previously associated with IPF (CCL2, COL1A1, CTHRC1 and MMP19), as well as further fibrosis-associated markers (SERPINE1, an inhibitor of extracellular matrix breakdown, and HIF1A, a chronic hypoxia response gene); These marker genes are consistently expressed across datasets.",exclude,成纤维细胞，非目标,True,14,0.9706,True,True,pass
DOI_10.1038_s41591-023-02327-2,A_exclude,alveolar fibroblasts,IPF-specific state,human,MMP19,MMP19,exact,author_declared,positive,Results: 'The HLCA reveals common aberrant cell states across diseases',"cells from patients with IPF predominantly cluster together in a single cluster characterized by high expression of genes previously associated with IPF (CCL2, COL1A1, CTHRC1 and MMP19), as well as further fibrosis-associated markers (SERPINE1, an inhibitor of extracellular matrix breakdown, and HIF1A, a chronic hypoxia response gene); These marker genes are consistently expressed across datasets.",exclude,成纤维细胞，非目标,True,14,0.9706,True,True,pass
DOI_10.1038_s41591-023-02327-2,A_exclude,alveolar fibroblasts,IPF-specific state,human,SERPINE1,SERPINE1,exact,author_declared,positive,Results: 'The HLCA reveals common aberrant cell states across diseases',"cells from patients with IPF predominantly cluster together in a single cluster characterized by high expression of genes previously associated with IPF (CCL2, COL1A1, CTHRC1 and MMP19), as well as further fibrosis-associated markers (SERPINE1, an inhibitor of extracellular matrix breakdown, and HIF1A, a chronic hypoxia response gene); These marker genes are consistently expressed across datasets.",exclude,成纤维细胞，非目标,True,14,0.9706,True,True,pass
DOI_10.1038_s41591-023-02327-2,A_exclude,alveolar fibroblasts,IPF-specific state,human,HIF1A,HIF1A,exact,author_declared,positive,Results: 'The HLCA reveals common aberrant cell states across diseases',"cells from patients with IPF predominantly cluster together in a single cluster characterized by high expression of genes previously associated with IPF (CCL2, COL1A1, CTHRC1 and MMP19), as well as further fibrosis-associated markers (SERPINE1, an inhibitor of extracellular matrix breakdown, and HIF1A, a chronic hypoxia response gene); These marker genes are consistently expressed across datasets.",exclude,成纤维细胞，非目标,True,14,0.9706,True,True,pass
DOI_10.1038_s41591-023-02327-2,A_exclude,monocyte-derived macrophages,Profibrotic SPP1 high (multidisease cluster 0),human,SPP1,SPP1,exact,author_declared,positive,Results: 'The HLCA reveals common aberrant cell states across diseases',"This multidisease cluster is marked by high expression of SPP1, LPL and CHIT1—markers that have been shown to play a causal role in the development of lung fibrosis.",exclude,巨噬细胞，非目标,True,14,1.0,True,True,pass
DOI_10.1038_s41591-023-02327-2,A_exclude,monocyte-derived macrophages,Profibrotic SPP1 high (multidisease cluster 0),human,LPL,LPL,exact,author_declared,positive,Results: 'The HLCA reveals common aberrant cell states across diseases',"This multidisease cluster is marked by high expression of SPP1, LPL and CHIT1—markers that have been shown to play a causal role in the development of lung fibrosis.",exclude,巨噬细胞，非目标,True,14,1.0,True,True,pass
DOI_10.1038_s41591-023-02327-2,A_exclude,monocyte-derived macrophages,Profibrotic SPP1 high (multidisease cluster 0),human,CHIT1,CHIT1,exact,author_declared,positive,Results: 'The HLCA reveals common aberrant cell states across diseases',"This multidisease cluster is marked by high expression of SPP1, LPL and CHIT1—markers that have been shown to play a causal role in the development of lung fibrosis.",exclude,巨噬细胞，非目标,True,14,1.0,True,True,pass
DOI_10.1038_s41591-023-02327-2,A_exclude,monocyte-derived macrophages,Inflammatory CCL2 high (cluster 2),human,CCL2,CCL2,exact,cluster_enriched,positive,Results: 'The HLCA reveals common aberrant cell states across diseases'; Fig. 6i-k,"an early and inflammatory MDM state was observed that was high in the expression of CCL2, a gene involved in the recruitment of immune cells. This cluster predominantly contained cells from bronchoalveolar lavage fluid samples collected early during the course of COVID-19 pneumonia (cluster 2; IL1RNhigh and S100A12high).",exclude,巨噬细胞，非目标,True,14,1.0,True,True,pass
DOI_10.1038_s41591-023-02327-2,A_exclude,monocyte-derived macrophages,Inflammatory CCL2 high (cluster 2),human,IL1RN,IL1RN,exact,cluster_enriched,positive,Results: 'The HLCA reveals common aberrant cell states across diseases'; Fig. 6i-k,"an early and inflammatory MDM state was observed that was high in the expression of CCL2, a gene involved in the recruitment of immune cells. This cluster predominantly contained cells from bronchoalveolar lavage fluid samples collected early during the course of COVID-19 pneumonia (cluster 2; IL1RNhigh and S100A12high).",exclude,巨噬细胞，非目标,True,14,1.0,True,True,pass
DOI_10.1038_s41591-023-02327-2,A_exclude,monocyte-derived macrophages,Inflammatory CCL2 high (cluster 2),human,S100A12,S100A12,exact,cluster_enriched,positive,Results: 'The HLCA reveals common aberrant cell states across diseases'; Fig. 6i-k,"an early and inflammatory MDM state was observed that was high in the expression of CCL2, a gene involved in the recruitment of immune cells. This cluster predominantly contained cells from bronchoalveolar lavage fluid samples collected early during the course of COVID-19 pneumonia (cluster 2; IL1RNhigh and S100A12high).",exclude,巨噬细胞，非目标,True,14,1.0,True,True,pass
DOI_10.1038_s41591-023-02327-2,A_exclude,monocyte-derived macrophages,MARCO high (cluster 3),human,MARCO,MARCO,exact,cluster_enriched,positive,Results: 'The HLCA reveals common aberrant cell states across diseases'; Fig. 6k legend,"A third MDM subset represented a more differentiated MDM phenotype, as indicated by the expression of MARCO and MCEMP1, dominated by cells from non-diseased samples (cluster 3); Fig. 6k labels this subtype 'MARCO high (3)'.",exclude,巨噬细胞，非目标,True,14,0.95,True,True,pass
DOI_10.1038_s41591-023-02327-2,A_exclude,monocyte-derived macrophages,Inflammatory C1QA high (cluster 4),human,C1QA,C1QA,exact,cluster_enriched,positive,Results: 'The HLCA reveals common aberrant cell states across diseases'; Fig. 6k legend,"We further observed an MDM subset expressing inflammation and phagocytosis-associated genes (cluster 4; CCL18, IL18, C1QA and TREM2); Fig. 6k labels this subtype 'Inflammatory C1QA high (4)'.",exclude,巨噬细胞，非目标,True,14,1.0,True,True,pass
DOI_10.1038_s41591-023-02327-2,A_exclude,alveolar macrophages,IPF high-uncertainty subset,human,PPARG,PPARG,exact,cluster_enriched,unknown,Results: 'Mapping data to the HLCA highlights disease-related states',"Genes downregulated in high-uncertainty IPF macrophages are associated with homeostatic functions of tissue-resident alveolar macrophages and lipid metabolism (PPARG, FABP4 and others), while upregulated genes are associated with extracellular matrix remodeling and scar formation in the context of lung fibrosis (SPP1, PLA2G7 and CCL2).",exclude,肺泡巨噬细胞，非目标,True,14,0.9643,True,True,pass
DOI_10.1038_s41591-023-02327-2,A_exclude,alveolar macrophages,IPF high-uncertainty subset,human,FABP4,FABP4,exact,cluster_enriched,unknown,Results: 'Mapping data to the HLCA highlights disease-related states',"Genes downregulated in high-uncertainty IPF macrophages are associated with homeostatic functions of tissue-resident alveolar macrophages and lipid metabolism (PPARG, FABP4 and others), while upregulated genes are associated with extracellular matrix remodeling and scar formation in the context of lung fibrosis (SPP1, PLA2G7 and CCL2).",exclude,肺泡巨噬细胞，非目标,True,14,0.9643,True,True,pass
DOI_10.1038_s41591-023-02327-2,A_exclude,alveolar macrophages,IPF high-uncertainty subset,human,SPP1,SPP1,exact,cluster_enriched,positive,Results: 'Mapping data to the HLCA highlights disease-related states',"Genes downregulated in high-uncertainty IPF macrophages are associated with homeostatic functions of tissue-resident alveolar macrophages and lipid metabolism (PPARG, FABP4 and others), while upregulated genes are associated with extracellular matrix remodeling and scar formation in the context of lung fibrosis (SPP1, PLA2G7 and CCL2).",exclude,肺泡巨噬细胞，非目标,True,14,0.9643,True,True,pass
DOI_10.1038_s41591-023-02327-2,A_exclude,alveolar macrophages,IPF high-uncertainty subset,human,PLA2G7,PLA2G7,exact,cluster_enriched,positive,Results: 'Mapping data to the HLCA highlights disease-related states',"Genes downregulated in high-uncertainty IPF macrophages are associated with homeostatic functions of tissue-resident alveolar macrophages and lipid metabolism (PPARG, FABP4 and others), while upregulated genes are associated with extracellular matrix remodeling and scar formation in the context of lung fibrosis (SPP1, PLA2G7 and CCL2).",exclude,肺泡巨噬细胞，非目标,True,14,0.9643,True,True,pass
DOI_10.1038_s41591-023-02327-2,A_exclude,alveolar macrophages,IPF high-uncertainty subset,human,CCL2,CCL2,exact,cluster_enriched,positive,Results: 'Mapping data to the HLCA highlights disease-related states',"Genes downregulated in high-uncertainty IPF macrophages are associated with homeostatic functions of tissue-resident alveolar macrophages and lipid metabolism (PPARG, FABP4 and others), while upregulated genes are associated with extracellular matrix remodeling and scar formation in the context of lung fibrosis (SPP1, PLA2G7 and CCL2).",exclude,肺泡巨噬细胞，非目标,True,14,0.9643,True,True,pass
DOI_10.1038_s41591-023-02327-2,A_exclude,KRT5−KRT17+ epithelial,,human,KRT5,KRT5,exact,cluster_enriched,negative,"Methods, Integration of HLCA core datasets with scANVI","coarse cell type labels were used as described for integration benchmarking (AT1, AT2, arterial endothelial cell, B cell lineage, basal, bronchial vessel 1, bronchial vessel 2, capillary, multiciliated, dendritic, fibroblast lineage, KRT5−KRT17+ epithelial, lymphatic endothelial cell, macrophages, mast cells, megakaryocytes, mesothelium, monocytes, neutrophils, natural killer/natural killer T cells, proliferating cells, rare, secretory, smooth muscle, squamous, submucosal secretory, T cell lineage, venous and unlabeled)",exclude,上皮细胞，非目标；原文为 KRT5−，极性应为 negative,True,14,1.0,True,True,pass
DOI_10.1038_s41591-023-02327-2,A_exclude,KRT5−KRT17+ epithelial,,human,KRT17,KRT17,exact,cluster_enriched,positive,"Methods, Integration of HLCA core datasets with scANVI","coarse cell type labels were used as described for integration benchmarking (AT1, AT2, arterial endothelial cell, B cell lineage, basal, bronchial vessel 1, bronchial vessel 2, capillary, multiciliated, dendritic, fibroblast lineage, KRT5−KRT17+ epithelial, lymphatic endothelial cell, macrophages, mast cells, megakaryocytes, mesothelium, monocytes, neutrophils, natural killer/natural killer T cells, proliferating cells, rare, secretory, smooth muscle, squamous, submucosal secretory, T cell lineage, venous and unlabeled)",exclude,上皮细胞，非目标,True,14,1.0,True,True,pass
DOI_10.1038_s41591-023-02327-2,A_exclude,proliferating cells,,human,MKI67,MKI67,exact,author_declared,positive,Extended Data Fig. 2 caption,"Percentage of cells with at least one UMI count for MKI67, a marker gene of proliferating cells, shown per cell type.",exclude,增殖细胞标记，非肺神经内分泌细胞,True,14,1.0,True,True,pass
DOI_10.1038_s41591-023-02327-2,A_exclude,migratory DCs,,human,CCR7,CCR7,exact,author_declared,positive,Extended Data Fig. 4 caption,"Expression of three migratory DC marker genes (right, CCR7, LAD1, and CCL19).",exclude,树突状细胞，非目标,True,14,1.0,True,True,pass
DOI_10.1038_s41591-023-02327-2,A_exclude,migratory DCs,,human,LAD1,LAD1,exact,author_declared,positive,Extended Data Fig. 4 caption,"Expression of three migratory DC marker genes (right, CCR7, LAD1, and CCL19).",exclude,树突状细胞，非目标,True,14,1.0,True,True,pass
DOI_10.1038_s41591-023-02327-2,A_exclude,migratory DCs,,human,CCL19,CCL19,exact,author_declared,positive,Extended Data Fig. 4 caption,"Expression of three migratory DC marker genes (right, CCR7, LAD1, and CCL19).",exclude,树突状细胞，非目标,True,14,1.0,True,True,pass
DOI_10.1038_s41591-023-02327-2,A_exclude,smooth muscle FAM83D+,,human,FAM83D,FAM83D,exact,author_declared,positive,Extended Data Fig. 4 caption,"including three general smooth muscle marker genes and one marker gene uniquely expressed in FAM83D+ smooth muscle cells (FAM83D), shown per stromal cell type.",exclude,平滑肌亚型，非目标,True,14,1.0,True,True,pass
DOI_10.1038_s41591-024-03215-z,A_exclude,MBC,malignant cells,human,EPCAM,EPCAM,exact,reference_imported,positive,Results section (Fig. 2g context); Fig. 2g legend,"Inter-patient variability in established epithelial BC marker genes (EPCAM, KRT8, KRT18, KRT19 and TRPS1) was minimally impacted by receptor status but notably by profiling method (Fig. 2g). Fig. 2g legend: 'Dot plots depicting the expression level (mean expression) and frequency (fraction of expressing cells) of malignant marker genes as well as disease-relevant BC biomarkers across malignant cells...'",exclude,普通肿瘤/上皮 Marker，不属于任务范围（target_cell_scope 未指定）；项目范围仅限 PNS 神经/胶质或神经内分泌/肠内分泌细胞。,True,29,0.9722,True,True,pass
DOI_10.1038_s41591-024-03215-z,A_exclude,MBC,malignant cells,human,KRT8,KRT8,exact,reference_imported,positive,Results section (Fig. 2g context); Fig. 2g legend,"Inter-patient variability in established epithelial BC marker genes (EPCAM, KRT8, KRT18, KRT19 and TRPS1) was minimally impacted by receptor status but notably by profiling method (Fig. 2g). Fig. 2g legend: 'Dot plots depicting the expression level (mean expression) and frequency (fraction of expressing cells) of malignant marker genes...'",exclude,普通肿瘤/上皮 Marker，不属于任务范围；项目范围仅限 PNS 神经/胶质或神经内分泌/肠内分泌细胞。,True,29,0.9697,True,True,pass
DOI_10.1038_s41591-024-03215-z,A_exclude,MBC,malignant cells,human,KRT18,KRT18,exact,reference_imported,positive,Results section (Fig. 2g context); Fig. 2g legend,"Inter-patient variability in established epithelial BC marker genes (EPCAM, KRT8, KRT18, KRT19 and TRPS1) was minimally impacted by receptor status but notably by profiling method (Fig. 2g). Fig. 2g legend: 'Dot plots depicting the expression level (mean expression) and frequency (fraction of expressing cells) of malignant marker genes...'",exclude,普通肿瘤/上皮 Marker，不属于任务范围；项目范围仅限 PNS 神经/胶质或神经内分泌/肠内分泌细胞。,True,29,0.9697,True,True,pass
DOI_10.1038_s41591-024-03215-z,A_exclude,MBC,malignant cells,human,KRT19,KRT19,exact,reference_imported,positive,Results section (Fig. 2g context); Fig. 2g legend,"Inter-patient variability in established epithelial BC marker genes (EPCAM, KRT8, KRT18, KRT19 and TRPS1) was minimally impacted by receptor status but notably by profiling method (Fig. 2g). Fig. 2g legend: 'Dot plots depicting the expression level (mean expression) and frequency (fraction of expressing cells) of malignant marker genes...'",exclude,普通肿瘤/上皮 Marker，不属于任务范围；项目范围仅限 PNS 神经/胶质或神经内分泌/肠内分泌细胞。,True,29,0.9697,True,True,pass
DOI_10.1038_s41591-024-03215-z,A_exclude,MBC,malignant cells,human,TRPS1,TRPS1,exact,reference_imported,positive,Results section (Fig. 2g context); Fig. 2g legend,"Inter-patient variability in established epithelial BC marker genes (EPCAM, KRT8, KRT18, KRT19 and TRPS1) was minimally impacted by receptor status but notably by profiling method (Fig. 2g). Fig. 2g legend: 'Dot plots depicting the expression level (mean expression) and frequency (fraction of expressing cells) of malignant marker genes...'",exclude,普通肿瘤/上皮 Marker，不属于任务范围；项目范围仅限 PNS 神经/胶质或神经内分泌/肠内分泌细胞。,True,29,0.9697,True,True,pass
DOI_10.1038_s41591-024-03215-z,A_exclude,Macrophage,,human,CD163,CD163,exact,figure_labeled,positive,"Fig. 5a, Fig. 5b legend; Fig. 4f","Fig. 5a: UMAPs of all observations confidently annotated as macrophages ... colored by log-normalized expression of CD163 ... Fig. 5b legend: 'Dot plot depicting the scaled expression (by gene, across clusters) and fraction of expressing cells of macrophage marker and function genes...'; Fig. 4f: 'Spatial scatter plot of macrophages overlaid onto H&E images showing the expression levels of CD163 in the depicted macrophages' with 74%/92%/89% CD163+.",exclude,普通免疫细胞 Marker，非任务目标细胞；target_cell_scope 为空，不能纳入项目范围。,True,29,0.9487,True,True,pass
DOI_10.1038_s41591-024-03215-z,A_exclude,Macrophage,,human,HLA-DRA,HLA-DRA,exact,figure_labeled,positive,"Fig. 5a, Fig. 5b legend","Fig. 5a: UMAPs of all observations confidently annotated as macrophages ... colored by log-normalized expression of ... HLA-DRA ... Fig. 5b legend: 'Dot plot depicting the scaled expression (by gene, across clusters) and fraction of expressing cells of macrophage marker and function genes...'",exclude,普通免疫细胞 Marker，非任务目标细胞；target_cell_scope 为空，不能纳入项目范围。,True,29,0.9615,True,True,pass
DOI_10.1038_s41591-024-03215-z,A_exclude,macrophages,,human,CD163,CD163,exact,author_declared,positive,"Results, Fig. 4f","expression of CD163, a key macrophage marker, with the three representative samples showing predominantly CD163+ macrophages",exclude,普通免疫细胞 Marker，非任务目标细胞；target_cell_scope 为空，不能纳入项目范围。,True,29,1.0,True,True,pass
DOI_10.1038_s41591-024-03215-z,A_exclude,macrophages,,human,CD14,CD14,exact,reference_imported,positive,"Methods, Gene panel design for MERFISH and ExSeq, Gene collection, Canonical cell-type-specific markers","Canonical cell-type-specific markers (for example, EPCAM for epithelial cells, CD19 for B cells, CD4 for T helper cells, CD8 for cytotoxic T lymphocytes, CD56 for NK cells and CD14 for macrophages)",exclude,普通免疫细胞 Marker，非任务目标细胞；target_cell_scope 为空，不能纳入项目范围。,True,29,1.0,True,True,pass
DOI_10.1038_s41591-024-03215-z,A_exclude,macrophages,CD163+/CD68+/APOE+/HIF1A+ state,human,CD163,CD163,exact,author_declared,positive,"Results/Discussion, Fig. 5a; Extended Data Fig. 9c,d","two macrophage states characterized by CD163/CD68/APOE/HIF1A and MKI67, respectively",exclude,普通免疫细胞 Marker，非任务目标细胞；target_cell_scope 为空，不能纳入项目范围。,True,29,1.0,True,True,duplicate_pool
DOI_10.1038_s41591-024-03215-z,A_exclude,macrophages,CD163+/CD68+/APOE+/HIF1A+ state,human,CD68,CD68,exact,author_declared,positive,"Results/Discussion, Fig. 5a; Extended Data Fig. 9c,d","two macrophage states characterized by CD163/CD68/APOE/HIF1A and MKI67, respectively",exclude,普通免疫细胞 Marker，非任务目标细胞；target_cell_scope 为空，不能纳入项目范围。,True,29,1.0,True,True,pass
DOI_10.1038_s41591-024-03215-z,A_exclude,macrophages,CD163+/CD68+/APOE+/HIF1A+ state,human,APOE,APOE,exact,author_declared,positive,"Results/Discussion, Fig. 5a; Extended Data Fig. 9c,d","two macrophage states characterized by CD163/CD68/APOE/HIF1A and MKI67, respectively",exclude,普通免疫细胞 Marker，非任务目标细胞；target_cell_scope 为空，不能纳入项目范围。,True,29,1.0,True,True,pass
DOI_10.1038_s41591-024-03215-z,A_exclude,macrophages,CD163+/CD68+/APOE+/HIF1A+ state,human,HIF1A,HIF1A,exact,author_declared,positive,"Results/Discussion, Fig. 5a; Extended Data Fig. 9c,d","two macrophage states characterized by CD163/CD68/APOE/HIF1A and MKI67, respectively",exclude,普通免疫细胞 Marker，非任务目标细胞；target_cell_scope 为空，不能纳入项目范围。,True,29,1.0,True,True,pass
DOI_10.1038_s41591-024-03215-z,A_exclude,macrophages,CD163+/CD68+/APOE+/HIF1A+ state,human,APOC1,APOC1,exact,cluster_enriched,positive,"Results, Fig. 5a; Extended Data Fig. 9c,d",a CD163+ cluster with high expression of macrophage markers as well as HIF1A and APOE/APOC1,exclude,普通免疫细胞 Marker，非任务目标细胞；target_cell_scope 为空，不能纳入项目范围。,True,29,1.0,True,True,pass
DOI_10.1038_s41591-024-03215-z,A_exclude,macrophages,CD163−/MKI67+ state,human,MKI67,MKI67,exact,author_declared,positive,"Results/Discussion, Fig. 5a; Extended Data Fig. 9c,d","two macrophage states characterized by CD163/CD68/APOE/HIF1A and MKI67, respectively",exclude,普通免疫细胞 Marker，非任务目标细胞；target_cell_scope 为空，不能纳入项目范围。,True,29,1.0,True,True,pass
DOI_10.1038_s41591-024-03215-z,A_exclude,macrophages,CD163−/MKI67+ state,human,CD163,CD163,exact,annotation_marker,negative,"Results, Fig. 5a; Extended Data Fig. 9c,d",a CD163− cluster associated with lower macrophage marker expression and expression of MKI67,exclude,普通免疫细胞 Marker，非任务目标细胞；target_cell_scope 为空，不能纳入项目范围。,True,29,1.0,True,True,duplicate_pool
DOI_10.1038_s41591-024-03215-z,A_exclude,macrophages,APOE-expressing,human,APOE,APOE,exact,cluster_enriched,positive,"Results, lipid-associated macrophages paragraph",the fraction of APOE-expressing macrophages varied from 24% to 85% of all macrophages,exclude,普通免疫细胞 Marker，非任务目标细胞；target_cell_scope 为空，不能纳入项目范围。,True,29,1.0,True,True,duplicate_pool
DOI_10.1038_s41591-024-03215-z,A_exclude,macrophages,small clusters with distinct states/functions,human,ANLN,ANLN,exact,cluster_enriched,positive,"Results, Fig. 5b; Extended Data Fig. 10b","distinct cluster-defining genes associated with different states or functions, such as ANLN or CDK6 (proliferation), MMP11 (tissue remodeling) or FCN1 (angiogenesis)",exclude,普通免疫细胞 Marker，非任务目标细胞；target_cell_scope 为空，不能纳入项目范围。,True,29,1.0,True,True,pass
DOI_10.1038_s41591-024-03215-z,A_exclude,macrophages,small clusters with distinct states/functions,human,CDK6,CDK6,exact,cluster_enriched,positive,"Results, Fig. 5b; Extended Data Fig. 10b","distinct cluster-defining genes associated with different states or functions, such as ANLN or CDK6 (proliferation), MMP11 (tissue remodeling) or FCN1 (angiogenesis)",exclude,普通免疫细胞 Marker，非任务目标细胞；target_cell_scope 为空，不能纳入项目范围。,True,29,1.0,True,True,pass
DOI_10.1038_s41591-024-03215-z,A_exclude,macrophages,small clusters with distinct states/functions,human,MMP11,MMP11,exact,cluster_enriched,positive,"Results, Fig. 5b; Extended Data Fig. 10b","distinct cluster-defining genes associated with different states or functions, such as ANLN or CDK6 (proliferation), MMP11 (tissue remodeling) or FCN1 (angiogenesis)",exclude,普通免疫细胞 Marker，非任务目标细胞；target_cell_scope 为空，不能纳入项目范围。,True,29,1.0,True,True,pass
DOI_10.1038_s41591-024-03215-z,A_exclude,macrophages,small clusters with distinct states/functions,human,FCN1,FCN1,exact,cluster_enriched,positive,"Results, Fig. 5b; Extended Data Fig. 10b","distinct cluster-defining genes associated with different states or functions, such as ANLN or CDK6 (proliferation), MMP11 (tissue remodeling) or FCN1 (angiogenesis)",exclude,普通免疫细胞 Marker，非任务目标细胞；target_cell_scope 为空，不能纳入项目范围。,True,29,1.0,True,True,pass
DOI_10.1038_s41591-024-03215-z,A_exclude,B regulatory cells,,human,FOXP3,FOXP3,exact,cluster_enriched,positive,"Results, Extended Data Fig. 8e",a small cluster of B regulatory cells jointly expressing FOXP3 and FCRL5 (Extended Data Fig. 8e),exclude,普通免疫细胞 Marker，非任务目标细胞；target_cell_scope 为空，不能纳入项目范围。,True,29,1.0,True,True,pass
DOI_10.1038_s41591-024-03215-z,A_exclude,B regulatory cells,,human,FCRL5,FCRL5,exact,cluster_enriched,positive,"Results, Extended Data Fig. 8e",a small cluster of B regulatory cells jointly expressing FOXP3 and FCRL5 (Extended Data Fig. 8e),exclude,普通免疫细胞 Marker，非任务目标细胞；target_cell_scope 为空，不能纳入项目范围。,True,29,1.0,True,True,pass
DOI_10.1038_s41591-024-03215-z,A_exclude,malignant cells,in T/NK+ neighborhoods,human,HLA-E,HLA-E,exact,cluster_enriched,positive,"Results, Fig. 6e,f","Malignant cells in T/NK+ bins showed higher expression of MHC-I and MHC-II genes (HLA-E, CD74, B2M, HLA-DRA and HLA-B) ... also luminal epithelial genes (KRT8, KRT18 and MUC1) and ISG15",exclude,普通肿瘤/上皮 Marker，非任务目标细胞；target_cell_scope 为空，不能纳入项目范围。,True,29,1.0,True,True,pass
DOI_10.1038_s41591-024-03215-z,A_exclude,malignant cells,in T/NK+ neighborhoods,human,CD74,CD74,exact,cluster_enriched,positive,"Results, Fig. 6e,f","Malignant cells in T/NK+ bins showed higher expression of MHC-I and MHC-II genes (HLA-E, CD74, B2M, HLA-DRA and HLA-B) ... also luminal epithelial genes (KRT8, KRT18 and MUC1) and ISG15",exclude,普通肿瘤/免疫相关 Marker，非任务目标细胞；target_cell_scope 为空，不能纳入项目范围。,True,29,1.0,True,True,pass
DOI_10.1038_s41591-024-03215-z,A_exclude,malignant cells,in T/NK+ neighborhoods,human,B2M,B2M,exact,cluster_enriched,positive,"Results, Fig. 6e,f","Malignant cells in T/NK+ bins showed higher expression of MHC-I and MHC-II genes (HLA-E, CD74, B2M, HLA-DRA and HLA-B) ... also luminal epithelial genes (KRT8, KRT18 and MUC1) and ISG15",exclude,普通肿瘤/免疫相关 Marker，非任务目标细胞；target_cell_scope 为空，不能纳入项目范围。,True,29,1.0,True,True,pass
DOI_10.1038_s41591-024-03215-z,A_exclude,malignant cells,in T/NK+ neighborhoods,human,HLA-DRA,HLA-DRA,exact,cluster_enriched,positive,"Results, Fig. 6e,f","Malignant cells in T/NK+ bins showed higher expression of MHC-I and MHC-II genes (HLA-E, CD74, B2M, HLA-DRA and HLA-B) ... also luminal epithelial genes (KRT8, KRT18 and MUC1) and ISG15",exclude,普通肿瘤/免疫相关 Marker，非任务目标细胞；target_cell_scope 为空，不能纳入项目范围。,True,29,1.0,True,True,pass
DOI_10.1038_s41591-024-03215-z,A_exclude,malignant cells,in T/NK+ neighborhoods,human,HLA-B,HLA-B,exact,cluster_enriched,positive,"Results, Fig. 6e,f","Malignant cells in T/NK+ bins showed higher expression of MHC-I and MHC-II genes (HLA-E, CD74, B2M, HLA-DRA and HLA-B) ... also luminal epithelial genes (KRT8, KRT18 and MUC1) and ISG15",exclude,普通肿瘤/免疫相关 Marker，非任务目标细胞；target_cell_scope 为空，不能纳入项目范围。,True,29,1.0,True,True,pass
DOI_10.1038_s41591-024-03215-z,A_exclude,malignant cells,in T/NK+ neighborhoods,human,KRT8,KRT8,exact,cluster_enriched,positive,"Results, Fig. 6e,f","Malignant cells in T/NK+ bins showed higher expression of ... luminal epithelial genes (KRT8, KRT18 and MUC1) and ISG15",exclude,普通肿瘤/上皮 Marker，非任务目标细胞；target_cell_scope 为空，不能纳入项目范围。,True,29,1.0,True,True,pass
DOI_10.1038_s41591-024-03215-z,A_exclude,malignant cells,in T/NK+ neighborhoods,human,KRT18,KRT18,exact,cluster_enriched,positive,"Results, Fig. 6e,f","Malignant cells in T/NK+ bins showed higher expression of ... luminal epithelial genes (KRT8, KRT18 and MUC1) and ISG15",exclude,普通肿瘤/上皮 Marker，非任务目标细胞；target_cell_scope 为空，不能纳入项目范围。,True,29,1.0,True,True,pass
DOI_10.1038_s41591-024-03215-z,A_exclude,malignant cells,in T/NK+ neighborhoods,human,MUC1,MUC1,exact,cluster_enriched,positive,"Results, Fig. 6e,f","Malignant cells in T/NK+ bins showed higher expression of ... luminal epithelial genes (KRT8, KRT18 and MUC1) and ISG15",exclude,普通肿瘤/上皮 Marker，非任务目标细胞；target_cell_scope 为空，不能纳入项目范围。,True,29,1.0,True,True,pass
DOI_10.1038_s41591-024-03215-z,A_exclude,malignant cells,in T/NK+ neighborhoods,human,ISG15,ISG15,exact,cluster_enriched,positive,"Results, Fig. 6e,f","Malignant cells in T/NK+ bins showed higher expression of ... luminal epithelial genes (KRT8, KRT18 and MUC1) and ISG15",exclude,普通肿瘤/干扰素相关 Marker，非任务目标细胞；target_cell_scope 为空，不能纳入项目范围。,True,29,1.0,True,True,pass
DOI_10.1038_s41591-024-03215-z,A_exclude,malignant cells,in T/NK+ neighborhoods,human,GATA3,GATA3,exact,cluster_enriched,positive,"Results, Fig. 6f","additional key genes (for example, GATA3 and FOXA1 in T/NK+ regions; TMSB10 and AZGP1 in T/NK− regions)",exclude,普通肿瘤/上皮 Marker，非任务目标细胞；target_cell_scope 为空，不能纳入项目范围。,True,29,1.0,True,True,pass
DOI_10.1038_s41591-024-03215-z,A_exclude,malignant cells,in T/NK+ neighborhoods,human,FOXA1,FOXA1,exact,cluster_enriched,positive,"Results, Fig. 6f","additional key genes (for example, GATA3 and FOXA1 in T/NK+ regions; TMSB10 and AZGP1 in T/NK− regions)",exclude,普通肿瘤/上皮 Marker，非任务目标细胞；target_cell_scope 为空，不能纳入项目范围。,True,29,1.0,True,True,pass
DOI_10.1038_s41591-024-03215-z,A_exclude,malignant cells,in T/NK− neighborhoods,human,SOX4,SOX4,exact,cluster_enriched,positive,"Results, Fig. 6e,f","genes upregulated in malignant cells in the T/NK− bins included SOX4 ... Thus, SOX4-expressing malignant cells that seemingly avoid T/NK contact coexist...",exclude,普通肿瘤 Marker，非任务目标细胞；target_cell_scope 为空，不能纳入项目范围。,True,29,1.0,True,True,pass
DOI_10.1038_s41591-024-03215-z,A_exclude,malignant cells,in T/NK− neighborhoods,human,TMSB10,TMSB10,exact,cluster_enriched,positive,"Results, Fig. 6f","additional key genes (for example, GATA3 and FOXA1 in T/NK+ regions; TMSB10 and AZGP1 in T/NK− regions)",exclude,普通肿瘤 Marker，非任务目标细胞；target_cell_scope 为空，不能纳入项目范围。,True,29,1.0,True,True,pass
DOI_10.1038_s41591-024-03215-z,A_exclude,malignant cells,in T/NK− neighborhoods,human,AZGP1,AZGP1,exact,cluster_enriched,positive,"Results, Fig. 6f","additional key genes (for example, GATA3 and FOXA1 in T/NK+ regions; TMSB10 and AZGP1 in T/NK− regions)",exclude,普通肿瘤 Marker，非任务目标细胞；target_cell_scope 为空，不能纳入项目范围。,True,29,1.0,True,True,pass
DOI_10.1038_s41591-024-03215-z,A_exclude,epithelial cells,,human,EPCAM,EPCAM,exact,reference_imported,positive,"Methods, Gene panel design for MERFISH and ExSeq, Gene collection, Canonical cell-type-specific markers","Canonical cell-type-specific markers (for example, EPCAM for epithelial cells, CD19 for B cells, CD4 for T helper cells, CD8 for cytotoxic T lymphocytes, CD56 for NK cells and CD14 for macrophages)",exclude,普通上皮细胞 Marker，非任务目标细胞；target_cell_scope 为空，不能纳入项目范围。,True,29,1.0,True,True,pass
DOI_10.1038_s41591-024-03215-z,A_exclude,B cells,,human,CD19,CD19,exact,reference_imported,positive,"Methods, Gene panel design for MERFISH and ExSeq, Gene collection, Canonical cell-type-specific markers","Canonical cell-type-specific markers (for example, EPCAM for epithelial cells, CD19 for B cells, CD4 for T helper cells, CD8 for cytotoxic T lymphocytes, CD56 for NK cells and CD14 for macrophages)",exclude,普通免疫细胞 Marker，非任务目标细胞；target_cell_scope 为空，不能纳入项目范围。,True,29,1.0,True,True,pass
DOI_10.1038_s41591-024-03215-z,A_exclude,T helper cells,,human,CD4,CD4,exact,reference_imported,positive,"Methods, Gene panel design for MERFISH and ExSeq, Gene collection, Canonical cell-type-specific markers","Canonical cell-type-specific markers (for example, EPCAM for epithelial cells, CD19 for B cells, CD4 for T helper cells, CD8 for cytotoxic T lymphocytes, CD56 for NK cells and CD14 for macrophages)",exclude,普通免疫细胞 Marker，非任务目标细胞；target_cell_scope 为空，不能纳入项目范围。,True,29,1.0,True,True,pass
DOI_10.1038_s41591-024-03215-z,A_exclude,NK cells,,human,CD56,NCAM1,alias_resolved,reference_imported,positive,"Methods, Gene panel design for MERFISH and ExSeq, Gene collection, Canonical cell-type-specific markers","Canonical cell-type-specific markers (for example, EPCAM for epithelial cells, CD19 for B cells, CD4 for T helper cells, CD8 for cytotoxic T lymphocytes, CD56 for NK cells and CD14 for macrophages)",exclude,普通免疫细胞 Marker，非任务目标细胞；target_cell_scope 为空，不能纳入项目范围。,True,29,1.0,True,True,pass
DOI_10.1038_s41591-024-03215-z,A_exclude,hepatocytes,,human,ALB,ALB,exact,annotation_marker,positive,"Methods, MERFISH data generation","In addition to the 297 genes selected for MERFISH as described above, two additional genes, ALB and LIPE, were added to the gene panel for ready identification of the common host tissue cell types found in liver (hepatocytes) and adipose (adipocytes) tissues, respectively.",exclude,肝细胞 Marker，非任务目标细胞；target_cell_scope 为空，不能纳入项目范围。,True,29,1.0,True,True,pass
DOI_10.1038_s41591-024-03215-z,A_exclude,adipocytes,,human,LIPE,LIPE,exact,annotation_marker,positive,"Methods, MERFISH data generation","In addition to the 297 genes selected for MERFISH as described above, two additional genes, ALB and LIPE, were added to the gene panel for ready identification of the common host tissue cell types found in liver (hepatocytes) and adipose (adipocytes) tissues, respectively.",exclude,脂肪细胞 Marker，非任务目标细胞；target_cell_scope 为空，不能纳入项目范围。,True,29,1.0,True,True,pass
DOI_10.1038_s41591-024-03215-z,A_exclude,B cells,potentially regulatory B cells,human,FCRL5,FCRL5,exact,author_declared,positive,"Methods, 'De novo cell type annotation of the cell-segmented MERFISH data'",a small population of potentially regulatory B cells expressing FOXP3 in addition to the typical B cell marker FCRL5,exclude,普通免疫细胞 Marker，非任务目标细胞；target_cell_scope 为空，不能纳入项目范围。,True,29,1.0,True,True,pass
DOI_10.1038_s42003-021-02562-8,A_exclude,Hepatocytes,,human,CYP3A4,CYP3A4,exact,author_declared,positive,"Results p.3; Fig.3b,c; Fig.S1","canonical markers, such as CYP3A4, ALB, APOC3, and HPGD for hepatocytes",exclude,Non-target liver cell marker; target_cell_scope unspecified; no PNS/neuroendocrine/enteroendocrine relevance.,True,30,0.72,True,True,pass
DOI_10.1038_s42003-021-02562-8,A_exclude,Hepatocytes,,human,ALB,ALB,exact,author_declared,positive,"Results p.3; Fig.3b,c; Fig.S1","canonical markers, such as CYP3A4, ALB, APOC3, and HPGD for hepatocytes",exclude,Non-target liver cell marker; target_cell_scope unspecified; no PNS/neuroendocrine/enteroendocrine relevance.,True,30,0.72,True,True,pass
DOI_10.1038_s42003-021-02562-8,A_exclude,Hepatocytes,,human,APOC3,APOC3,exact,author_declared,positive,"Results p.3; Fig.3b,c; Fig.S1","canonical markers, such as CYP3A4, ALB, APOC3, and HPGD for hepatocytes",exclude,Non-target liver cell marker; target_cell_scope unspecified; no PNS/neuroendocrine/enteroendocrine relevance.,True,30,0.72,True,True,pass
DOI_10.1038_s42003-021-02562-8,A_exclude,Hepatocytes,,human,HPGD,HPGD,exact,author_declared,positive,"Results p.3; Fig.3b,c; Fig.S1","canonical markers, such as CYP3A4, ALB, APOC3, and HPGD for hepatocytes",exclude,Non-target liver cell marker; target_cell_scope unspecified; no PNS/neuroendocrine/enteroendocrine relevance.,True,30,0.72,True,True,pass
DOI_10.1038_s42003-021-02562-8,A_exclude,Endothelial cells,,human,FLT1,FLT1,exact,author_declared,positive,"Results p.3; Fig.3b,c; Fig.S1","canonical markers, such as CYP3A4, ALB, APOC3, and HPGD for hepatocytes, FLT1 for endothelial cells",exclude,Non-target endothelial marker; target_cell_scope unspecified; no PNS/neuroendocrine/enteroendocrine relevance.,True,30,0.72,True,True,pass
DOI_10.1038_s42003-021-02562-8,A_exclude,Hepatic stellate cells,,human,COL3A1,COL3A1,exact,author_declared,positive,"Results p.3; Fig.3b,c; Fig.S1","canonical markers, such as CYP3A4, ALB, APOC3, and HPGD for hepatocytes, FLT1 for endothelial cells, COL3A1 and COL6A3 for hepatic stellate cells",exclude,Non-target hepatic stellate cell marker; target_cell_scope unspecified; no PNS/neuroendocrine/enteroendocrine relevance.,True,30,0.72,True,True,pass
DOI_10.1038_s42003-021-02562-8,A_exclude,Hepatic stellate cells,,human,COL6A3,COL6A3,exact,author_declared,positive,"Results p.3; Fig.3b,c; Fig.S1","canonical markers, such as CYP3A4, ALB, APOC3, and HPGD for hepatocytes, FLT1 for endothelial cells, COL3A1 and COL6A3 for hepatic stellate cells",exclude,Non-target hepatic stellate cell marker; target_cell_scope unspecified; no PNS/neuroendocrine/enteroendocrine relevance.,True,30,0.72,True,True,pass
DOI_10.1038_s42003-021-02562-8,A_exclude,Kupffer cells,,human,CD68,CD68,exact,author_declared,positive,"Results p.3; Fig.3b,c; Fig.S1","canonical markers, such as ... CD68 and CD163 for Kupffer cells",exclude,Non-target Kupffer cell marker; target_cell_scope unspecified; no PNS/neuroendocrine/enteroendocrine relevance.,True,30,0.8333,True,True,pass
DOI_10.1038_s42003-021-02562-8,A_exclude,Kupffer cells,,human,CD163,CD163,exact,author_declared,positive,"Results p.3; Fig.3b,c; Fig.S1","canonical markers, such as ... CD68 and CD163 for Kupffer cells",exclude,Non-target Kupffer cell marker; target_cell_scope unspecified; no PNS/neuroendocrine/enteroendocrine relevance.,True,30,0.8333,True,True,pass
DOI_10.1038_s42003-021-02562-8,A_exclude,Immune cells,,human,PTPRC,PTPRC,exact,author_declared,positive,"Results p.3; Fig.3b,c; Fig.S1","canonical markers, such as ... PTPRC for immune cells",exclude,Non-target immune cell marker; target_cell_scope unspecified; no PNS/neuroendocrine/enteroendocrine relevance.,True,30,0.72,True,True,pass
DOI_10.1038_s42003-021-02562-8,A_exclude,Tumor cells,,human,DLK1,DLK1,exact,figure_labeled,positive,Fig.3b legend,Marker genes for common cell populations in liver and tumor were drawn on UMAP. DLK1 shows tumor,exclude,Tumor cell marker; target_cell_scope unspecified; no PNS/neuroendocrine/enteroendocrine relevance.,True,30,0.9091,True,True,pass
DOI_10.1038_s42003-021-02562-8,A_exclude,Tumor cells,,human,GPC3,GPC3,exact,author_declared,positive,"Results; Fig. S4a,b","The gene expression distribution and location of known markers in HB, including GPC3, VIM, and HMGA2",exclude,Tumor cell marker; target_cell_scope unspecified; no PNS/neuroendocrine/enteroendocrine relevance.,True,30,0.9091,True,True,pass
DOI_10.1038_s42003-021-02562-8,A_exclude,Tumor cells,,human,VIM,VIM,exact,author_declared,positive,"Results; Fig. S4a,b","The gene expression distribution and location of known markers in HB, including GPC3, VIM, and HMGA2",exclude,Tumor cell marker; target_cell_scope unspecified; no PNS/neuroendocrine/enteroendocrine relevance.,True,30,0.9091,True,True,pass
DOI_10.1038_s42003-021-02562-8,A_exclude,Tumor cells,,human,HMGA2,HMGA2,exact,author_declared,positive,"Results; Fig. S4a,b","The gene expression distribution and location of known markers in HB, including GPC3, VIM, and HMGA2",exclude,Tumor cell marker; target_cell_scope unspecified; no PNS/neuroendocrine/enteroendocrine relevance.,True,30,0.9091,True,True,pass
DOI_10.1038_s42003-021-02562-8,A_exclude,Tumor cells,Tr2,human,FANCD2,FANCD2,exact,cluster_enriched,positive,"Results p.6; Fig.5c,e; Discussion p.10","Tr2 has high expression of FANCD2, RBL1, EZH2, and numerous WNT pathway genes; The gene signature of this cell cluster includes HMGA2, EZH2, and FANCD2",exclude,"Tumor subtype expression signature, not a target cell marker; target_cell_scope unspecified; no PNS/neuroendocrine/enteroendocrine relevance.",True,30,1.0,True,True,pass
DOI_10.1038_s42003-021-02562-8,A_exclude,Tumor cells,Tr2,human,RBL1,RBL1,exact,cluster_enriched,positive,"Results p.6; Fig.5c,e","Tr2 has high expression of FANCD2, RBL1, EZH2, and numerous WNT pathway genes",exclude,"Tumor subtype expression signature, not a target cell marker; target_cell_scope unspecified; no PNS/neuroendocrine/enteroendocrine relevance.",True,30,1.0,True,True,pass
DOI_10.1038_s42003-021-02562-8,A_exclude,Tumor cells,Tr2,human,EZH2,EZH2,exact,cluster_enriched,positive,"Results p.6; Fig.5c,e; Discussion p.10","Tr2 has high expression of FANCD2, RBL1, EZH2, and numerous WNT pathway genes; The gene signature of this cell cluster includes HMGA2, EZH2, and FANCD2",exclude,"Tumor subtype expression signature, not a target cell marker; target_cell_scope unspecified; no PNS/neuroendocrine/enteroendocrine relevance.",True,30,1.0,True,True,pass
DOI_10.1038_s42003-021-02562-8,A_exclude,Tumor cells,Tr5,human,PTCH1,PTCH1,exact,cluster_enriched,positive,"Results p.7; Fig.5c,e","Tr5 has high PTCH1, LEF1, and CD44 expression",exclude,"Tumor subtype expression signature, not a target cell marker; target_cell_scope unspecified; no PNS/neuroendocrine/enteroendocrine relevance.",True,30,1.0,True,True,pass
DOI_10.1038_s42003-021-02562-8,A_exclude,Tumor cells,Tr5,human,LEF1,LEF1,exact,cluster_enriched,positive,"Results p.7; Fig.5c,e","Tr5 has high PTCH1, LEF1, and CD44 expression",exclude,"Tumor subtype expression signature, not a target cell marker; target_cell_scope unspecified; no PNS/neuroendocrine/enteroendocrine relevance.",True,30,1.0,True,True,pass
DOI_10.1038_s42003-021-02562-8,A_exclude,Tumor cells,Tr5,human,CD44,CD44,exact,cluster_enriched,positive,"Results p.7; Fig.5c,e","Tr5 has high PTCH1, LEF1, and CD44 expression",exclude,"Tumor subtype expression signature, not a target cell marker; target_cell_scope unspecified; no PNS/neuroendocrine/enteroendocrine relevance.",True,30,1.0,True,True,pass
DOI_10.1038_s42003-021-02562-8,A_exclude,Tumor cells,Tr3,human,CXCL2,CXCL2,exact,cluster_enriched,positive,Results p.9; Fig.7d,"high CXCL12 in Tr11, CXCL2 in Tr3, and CXCL16 in Tr10",exclude,"Tumor subtype expression signature, not a target cell marker; target_cell_scope unspecified; no PNS/neuroendocrine/enteroendocrine relevance.",True,30,0.8571,True,True,pass
DOI_10.1038_s42003-021-02562-8,A_exclude,Tumor cells,Tr10,human,CXCL16,CXCL16,exact,cluster_enriched,positive,Results p.9; Fig.7d,"high CXCL12 in Tr11, CXCL2 in Tr3, and CXCL16 in Tr10",exclude,Tumor subtype expression signature; Tr10 has a neuronal gene expression signature but no specific PNS/neuroendocrine/enteroendocrine marker gene is defined.,False,30,0.0,False,True,fail_citation
DOI_10.1038_s42003-021-02562-8,A_exclude,Tumor cells,Tr11,human,CXCL12,CXCL12,exact,cluster_enriched,positive,Results p.9; Fig.7d,"high CXCL12 in Tr11, CXCL2 in Tr3, and CXCL16 in Tr10",exclude,"Tumor subtype expression signature, not a target cell marker; target_cell_scope unspecified; no PNS/neuroendocrine/enteroendocrine relevance.",True,30,0.8571,True,True,pass
DOI_10.1038_s42003-021-02562-8,A_exclude,Tumor endothelial cells,,human,CXCR4,CXCR4,exact,cluster_enriched,positive,Results p.9; Fig.7d,high CXCR4 receptor expression in tumor endothelial cells,exclude,Non-target tumor endothelial cell marker; target_cell_scope unspecified; no PNS/neuroendocrine/enteroendocrine relevance.,True,30,0.72,True,True,pass
DOI_10.1038_s42003-021-02562-8,A_exclude,Cancer stem cells (HB),,human,GPC3,GPC3,exact,reference_imported,positive,Discussion p.10,"increased expression of GPC3, DLK1, and HMGA2 are genes that define the driving pathways of HB, and these genes have also been previously reported as cancer stem cell markers in HB",exclude,Cancer stem cell marker only via prior literature; not a target cell type; target_cell_scope unspecified; no PNS/neuroendocrine/enteroendocrine relevance.,True,30,1.0,True,True,pass
DOI_10.1038_s42003-021-02562-8,A_exclude,Cancer stem cells (HB),,human,DLK1,DLK1,exact,reference_imported,positive,Discussion p.10,"increased expression of GPC3, DLK1, and HMGA2 are genes that define the driving pathways of HB, and these genes have also been previously reported as cancer stem cell markers in HB",exclude,Cancer stem cell marker only via prior literature; not a target cell type; target_cell_scope unspecified; no PNS/neuroendocrine/enteroendocrine relevance.,True,30,1.0,True,True,pass
DOI_10.1038_s42003-021-02562-8,A_exclude,Cancer stem cells (HB),,human,HMGA2,HMGA2,exact,reference_imported,positive,Discussion p.10,"increased expression of GPC3, DLK1, and HMGA2 are genes that define the driving pathways of HB, and these genes have also been previously reported as cancer stem cell markers in HB",exclude,Cancer stem cell marker only via prior literature; not a target cell type; target_cell_scope unspecified; no PNS/neuroendocrine/enteroendocrine relevance.,True,30,1.0,True,True,pass
DOI_10.1038_s42003-024-07315-x,A_exclude,cardiomyocytes,,other,myl7,myl7,exact,cluster_enriched,positive,"Results, 'Cardiac and systemic responses after heart injury in zebrafish' section, paragraph 1",The uninjured sample contained about 11% cardiomyocytes (myl7+tnnt2a+),exclude,非目标细胞：cardiomyocytes 与 target_cell_scope（L2:Schwann cell）不符，且非任务物种。,True,44,1.0,True,True,pass
DOI_10.1038_s42003-024-07315-x,A_exclude,cardiomyocytes,,other,tnnt2a,tnnt2a,exact,cluster_enriched,positive,"Results, 'Cardiac and systemic responses after heart injury in zebrafish' section, paragraph 1",The uninjured sample contained about 11% cardiomyocytes (myl7+tnnt2a+),exclude,非目标细胞：cardiomyocytes 与 target_cell_scope（L2:Schwann cell）不符，且非任务物种。,True,44,1.0,True,True,pass
DOI_10.1038_s42003-024-07315-x,A_exclude,mono/Mϕ,,other,c1qa,c1qa,exact,cluster_enriched,positive,"Results, 'Cardiac and systemic responses after heart injury in zebrafish' section, paragraph 1",7% mono/Mϕ (c1qa+),exclude,非目标细胞：mono/Mϕ 与 target_cell_scope（L2:Schwann cell）不符，且非任务物种。,True,44,1.0,True,True,pass
DOI_10.1038_s42003-024-07315-x,A_exclude,NK or T cells,,other,zbtb32,zbtb32,exact,cluster_enriched,positive,"Results, 'Cardiac and systemic responses after heart injury in zebrafish' section, paragraph 1",5% NK or T cells (zbtb32+il2rb+ or lck+zap70+),exclude,非目标细胞：NK or T cells 与 target_cell_scope（L2:Schwann cell）不符，且非任务物种。,True,44,1.0,True,True,pass
DOI_10.1038_s42003-024-07315-x,A_exclude,NK or T cells,,other,il2rb,il2rb,exact,cluster_enriched,positive,"Results, 'Cardiac and systemic responses after heart injury in zebrafish' section, paragraph 1",5% NK or T cells (zbtb32+il2rb+ or lck+zap70+),exclude,非目标细胞：NK or T cells 与 target_cell_scope（L2:Schwann cell）不符，且非任务物种。,True,44,1.0,True,True,pass
DOI_10.1038_s42003-024-07315-x,A_exclude,NK or T cells,,other,lck,lck,exact,cluster_enriched,positive,"Results, 'Cardiac and systemic responses after heart injury in zebrafish' section, paragraph 1",5% NK or T cells (zbtb32+il2rb+ or lck+zap70+),exclude,非目标细胞：NK or T cells 与 target_cell_scope（L2:Schwann cell）不符，且非任务物种。,True,44,1.0,True,True,pass
DOI_10.1038_s42003-024-07315-x,A_exclude,NK or T cells,,other,zap70,zap70,exact,cluster_enriched,positive,"Results, 'Cardiac and systemic responses after heart injury in zebrafish' section, paragraph 1",5% NK or T cells (zbtb32+il2rb+ or lck+zap70+),exclude,非目标细胞：NK or T cells 与 target_cell_scope（L2:Schwann cell）不符，且非任务物种。,True,44,1.0,True,True,pass
DOI_10.1038_s42003-024-07315-x,A_exclude,thrombocytes,,other,itga2b,itga2b,exact,cluster_enriched,positive,"Results, 'Cardiac and systemic responses after heart injury in zebrafish' section, paragraph 1",3% thrombocytes (itga2b+),exclude,非目标细胞：thrombocytes 与 target_cell_scope（L2:Schwann cell）不符，且非任务物种。,True,44,1.0,True,True,pass
DOI_10.1038_s42003-024-07315-x,A_exclude,B cells,,other,cd37,cd37,exact,cluster_enriched,positive,"Results, 'Cardiac and systemic responses after heart injury in zebrafish' section, paragraph 1",2% B cells (cd37+),exclude,非目标细胞：B cells 与 target_cell_scope（L2:Schwann cell）不符，且非任务物种。,True,44,1.0,True,True,pass
DOI_10.1038_s42003-024-07315-x,A_exclude,neutrophils,,other,mpx,mpx,exact,cluster_enriched,positive,"Results, 'Cardiac and systemic responses after heart injury in zebrafish' section, paragraph 1",1% neutrophils (mpx+),exclude,非目标细胞：neutrophils 与 target_cell_scope（L2:Schwann cell）不符，且非任务物种。,True,44,1.0,True,True,pass
DOI_10.1038_s42003-024-07315-x,A_exclude,epicardial cells and fibroblasts,,other,tcf21,tcf21,exact,cluster_enriched,positive,"Results, 'Cardiac and systemic responses after heart injury in zebrafish' section, paragraph 1",epicardial cells and fibroblasts (tcf21+),exclude,非目标细胞：epicardial cells and fibroblasts 与 target_cell_scope（L2:Schwann cell）不符，且非任务物种。,True,44,0.75,True,True,pass
DOI_10.1038_s42003-024-07315-x,A_exclude,endocardial and endothelial cells,,other,kdrl,kdrl,exact,cluster_enriched,positive,"Results, 'Cardiac and systemic responses after heart injury in zebrafish' section, paragraph 1",endocardial and endothelial cells (kdrl+),exclude,非目标细胞：endocardial and endothelial cells 与 target_cell_scope（L2:Schwann cell）不符，且非任务物种。,True,44,1.0,True,True,pass
DOI_10.1038_s42003-024-07315-x,A_exclude,mural cells,,other,pdgfrb,pdgfrb,exact,cluster_enriched,positive,"Results, 'Cardiac and systemic responses after heart injury in zebrafish' section, paragraph 1",mural cells (pdgfrb+),exclude,非目标细胞：mural cells 与 target_cell_scope（L2:Schwann cell）不符，且非任务物种。,True,44,1.0,True,True,pass
DOI_10.1038_s42003-024-07315-x,A_exclude,hepatocytes,,other,fabp10,fabp10,exact,cluster_enriched,positive,"Results, 'Cardiac and systemic responses after heart injury in zebrafish' section, paragraph 2",hepatocytes constituting ~70% of cells (fabp10+cp+),exclude,非目标细胞：hepatocytes 与 target_cell_scope（L2:Schwann cell）不符，且非任务物种。,True,44,1.0,True,True,pass
DOI_10.1038_s42003-024-07315-x,A_exclude,hepatocytes,,other,cp,cp,exact,cluster_enriched,positive,"Results, 'Cardiac and systemic responses after heart injury in zebrafish' section, paragraph 2",hepatocytes constituting ~70% of cells (fabp10+cp+),exclude,非目标细胞：hepatocytes 与 target_cell_scope（L2:Schwann cell）不符，且非任务物种。,True,44,1.0,True,True,pass
DOI_10.1038_s42003-024-07315-x,A_exclude,acinar cells,,other,prss1,prss1,exact,cluster_enriched,positive,"Results, 'Cardiac and systemic responses after heart injury in zebrafish' section, paragraph 2",acinar cells (prss1+ela2+),exclude,非目标细胞：acinar cells 与 target_cell_scope（L2:Schwann cell）不符，且非任务物种。,True,44,1.0,True,True,pass
DOI_10.1038_s42003-024-07315-x,A_exclude,acinar cells,,other,ela2,ela2,exact,cluster_enriched,positive,"Results, 'Cardiac and systemic responses after heart injury in zebrafish' section, paragraph 2",acinar cells (prss1+ela2+),exclude,非目标细胞：acinar cells 与 target_cell_scope（L2:Schwann cell）不符，且非任务物种。,True,44,1.0,True,True,pass
DOI_10.1038_s42003-024-07315-x,A_exclude,hematopoietic stem or progenitor cells (HPC),,other,runx1t1,runx1t1,exact,cluster_enriched,positive,"Results, 'Cardiac and systemic responses after heart injury in zebrafish' section, paragraph 2","hematopoietic stem or progenitor cells (HPC, runx1t1+meis1b+csf1rb+)",exclude,非目标细胞：HPC 与 target_cell_scope（L2:Schwann cell）不符，且非任务物种。,True,44,1.0,True,True,pass
DOI_10.1038_s42003-024-07315-x,A_exclude,hematopoietic stem or progenitor cells (HPC),,other,meis1b,meis1b,exact,cluster_enriched,positive,"Results, 'Cardiac and systemic responses after heart injury in zebrafish' section, paragraph 2","hematopoietic stem or progenitor cells (HPC, runx1t1+meis1b+csf1rb+)",exclude,非目标细胞：HPC 与 target_cell_scope（L2:Schwann cell）不符，且非任务物种。,True,44,1.0,True,True,pass
DOI_10.1038_s42003-024-07315-x,A_exclude,hematopoietic stem or progenitor cells (HPC),,other,csf1rb,csf1rb,exact,cluster_enriched,positive,"Results, 'Cardiac and systemic responses after heart injury in zebrafish' section, paragraph 2","hematopoietic stem or progenitor cells (HPC, runx1t1+meis1b+csf1rb+)",exclude,非目标细胞：HPC 与 target_cell_scope（L2:Schwann cell）不符，且非任务物种。,True,44,1.0,True,True,pass
DOI_10.1038_s42003-024-07315-x,A_exclude,mono/Mϕ,cluster 3 mono/Mϕ,mouse,MHC class II genes,MHC class II genes,ambiguous,cluster_enriched,positive,"Supplementary text, blood cell cluster description (refs Fig. 2d-f and Supplementary Fig. 4a, b)",expressed high levels of MHC class II genes,exclude,非目标细胞：mono/Mϕ 与 target_cell_scope（L2:Schwann cell）不符。,True,44,1.0,True,True,fail_symbol
DOI_10.1038_s42003-024-07315-x,A_exclude,Kupffer cell,,mouse,Clec4f,Clec4f,exact,author_declared,positive,"Results, description of cluster 4 macrophages","cluster 4 macrophages in the liver had high expression of Clec4f, a Kupffer cell marker (Supplementary Fig. 4c)",exclude,非目标细胞：Kupffer cell 与 target_cell_scope（L2:Schwann cell）不符。,True,44,1.0,True,True,pass
DOI_10.1038_s42003-024-07315-x,A_exclude,Cluster 4 macrophages,,mouse,Clec4f,Clec4f,exact,cluster_enriched,positive,"Results, description of cluster 4 macrophages","cluster 4 macrophages in the liver had high expression of Clec4f, a Kupffer cell marker (Supplementary Fig. 4c)",exclude,非目标细胞：Cluster 4 macrophages 与 target_cell_scope（L2:Schwann cell）不符。,True,44,1.0,True,True,pass
DOI_10.1038_s42003-024-07315-x,A_exclude,M2 macrophage,,other,mrc1b,mrc1b,exact,author_declared,positive,"Results, zebrafish mono/Mϕ cluster markers",This cluster also preferentially expressed the M2 macrophage marker mrc1b (Cd206 in mice),exclude,非目标细胞：M2 macrophage 与 target_cell_scope（L2:Schwann cell）不符，且非任务物种。,True,44,1.0,True,True,pass
DOI_10.1038_s42003-024-07315-x,A_exclude,Cluster 1 mono/Mϕ,,other,eef1g,eef1g,exact,annotation_marker,positive,"Results, zebrafish mono/Mϕ cluster markers; Fig.3f","The WKM-dominating cluster 1 was enriched for expression of translation and ribosome biogenesis-associated genes such as eef1g, rpl15, and eif2s3 (Supplementary Fig. 3c, Fig. 3f, g, and Supplementary Data 4, 5).",exclude,非目标细胞：Cluster 1 mono/Mϕ 与 target_cell_scope（L2:Schwann cell）不符，且非任务物种。,True,44,1.0,True,True,pass
DOI_10.1038_s42003-024-07315-x,A_exclude,Cluster 1 mono/Mϕ,,other,rpl15,rpl15,exact,annotation_marker,positive,"Results, zebrafish mono/Mϕ cluster markers; Fig.3f","The WKM-dominating cluster 1 was enriched for expression of translation and ribosome biogenesis-associated genes such as eef1g, rpl15, and eif2s3 (Supplementary Fig. 3c, Fig. 3f, g, and Supplementary Data 4, 5).",exclude,非目标细胞：Cluster 1 mono/Mϕ 与 target_cell_scope（L2:Schwann cell）不符，且非任务物种。,True,44,1.0,True,True,pass
DOI_10.1038_s42003-024-07315-x,A_exclude,Cluster 1 mono/Mϕ,,other,eif2s3,eif2s3,exact,annotation_marker,positive,"Results, zebrafish mono/Mϕ cluster markers; Fig.3f","The WKM-dominating cluster 1 was enriched for expression of translation and ribosome biogenesis-associated genes such as eef1g, rpl15, and eif2s3 (Supplementary Fig. 3c, Fig. 3f, g, and Supplementary Data 4, 5).",exclude,非目标细胞：Cluster 1 mono/Mϕ 与 target_cell_scope（L2:Schwann cell）不符，且非任务物种。,True,44,1.0,True,True,pass
DOI_10.1038_s42003-024-07315-x,A_exclude,Cluster 1 mono/Mϕ,,other,mrc1b,mrc1b,exact,annotation_marker,positive,"Results, zebrafish mono/Mϕ cluster markers; Fig.3f","This cluster also preferentially expressed the M2 macrophage marker mrc1b (Cd206 in mice), copper ion binding protein gene moxd1, and calcium ion binding protein genes icn and s100a10b.",exclude,非目标细胞：Cluster 1 mono/Mϕ 与 target_cell_scope（L2:Schwann cell）不符，且非任务物种。,True,44,1.0,True,True,pass
DOI_10.1038_s42003-024-07315-x,A_exclude,Cluster 1 mono/Mϕ,,other,moxd1,moxd1,exact,annotation_marker,positive,"Results, zebrafish mono/Mϕ cluster markers; Fig.3f","This cluster also preferentially expressed the M2 macrophage marker mrc1b (Cd206 in mice), copper ion binding protein gene moxd1, and calcium ion binding protein genes icn and s100a10b.",exclude,非目标细胞：Cluster 1 mono/Mϕ 与 target_cell_scope（L2:Schwann cell）不符，且非任务物种。,True,44,1.0,True,True,pass
DOI_10.1038_s42003-024-07315-x,A_exclude,Cluster 1 mono/Mϕ,,other,icn,icn,exact,annotation_marker,positive,"Results, zebrafish mono/Mϕ cluster markers; Fig.3f","This cluster also preferentially expressed the M2 macrophage marker mrc1b (Cd206 in mice), copper ion binding protein gene moxd1, and calcium ion binding protein genes icn and s100a10b.",exclude,非目标细胞：Cluster 1 mono/Mϕ 与 target_cell_scope（L2:Schwann cell）不符，且非任务物种。,True,44,1.0,True,True,pass
DOI_10.1038_s42003-024-07315-x,A_exclude,Cluster 1 mono/Mϕ,,other,s100a10b,s100a10b,exact,annotation_marker,positive,"Results, zebrafish mono/Mϕ cluster markers; Fig.3f","This cluster also preferentially expressed the M2 macrophage marker mrc1b (Cd206 in mice), copper ion binding protein gene moxd1, and calcium ion binding protein genes icn and s100a10b.",exclude,非目标细胞：Cluster 1 mono/Mϕ 与 target_cell_scope（L2:Schwann cell）不符，且非任务物种。,True,44,1.0,True,True,pass
DOI_10.1038_s42003-024-07315-x,A_exclude,Cluster 2 mono/Mϕ,,other,hmgn2,hmgn2,exact,annotation_marker,positive,"Results, zebrafish mono/Mϕ cluster markers; Fig.3f","Cluster 2 shared most of the cluster 1 marker genes at a relatively lower expression level, in addition to the enriched expression of histone modification and chromatin regulatory genes such as hmgn2, h2az2b, and mki67 and nucleotide metabolism gene dut",exclude,非目标细胞：Cluster 2 mono/Mϕ 与 target_cell_scope（L2:Schwann cell）不符，且非任务物种。,True,44,0.9524,True,True,pass
DOI_10.1038_s42003-024-07315-x,A_exclude,Cluster 2 mono/Mϕ,,other,h2az2b,h2az2b,exact,annotation_marker,positive,"Results, zebrafish mono/Mϕ cluster markers; Fig.3f","Cluster 2 shared most of the cluster 1 marker genes at a relatively lower expression level, in addition to the enriched expression of histone modification and chromatin regulatory genes such as hmgn2, h2az2b, and mki67 and nucleotide metabolism gene dut",exclude,非目标细胞：Cluster 2 mono/Mϕ 与 target_cell_scope（L2:Schwann cell）不符，且非任务物种。,True,44,0.9524,True,True,pass
DOI_10.1038_s42003-024-07315-x,A_exclude,Cluster 2 mono/Mϕ,,other,mki67,mki67,exact,annotation_marker,positive,"Results, zebrafish mono/Mϕ cluster markers; Fig.3f","Cluster 2 shared most of the cluster 1 marker genes at a relatively lower expression level, in addition to the enriched expression of histone modification and chromatin regulatory genes such as hmgn2, h2az2b, and mki67 and nucleotide metabolism gene dut",exclude,非目标细胞：Cluster 2 mono/Mϕ 与 target_cell_scope（L2:Schwann cell）不符，且非任务物种。,True,44,0.9524,True,True,pass
DOI_10.1038_s42003-024-07315-x,A_exclude,Cluster 2 mono/Mϕ,,other,dut,dut,exact,annotation_marker,positive,"Results, zebrafish mono/Mϕ cluster markers; Fig.3f","Cluster 2 shared most of the cluster 1 marker genes at a relatively lower expression level, in addition to the enriched expression of histone modification and chromatin regulatory genes such as hmgn2, h2az2b, and mki67 and nucleotide metabolism gene dut",exclude,非目标细胞：Cluster 2 mono/Mϕ 与 target_cell_scope（L2:Schwann cell）不符，且非任务物种。,True,44,0.9524,True,True,pass
DOI_10.1038_s42003-024-07315-x,A_exclude,Cluster 3 mono/Mϕ,,other,cd7al,cd7al,exact,annotation_marker,positive,"Results, zebrafish mono/Mϕ cluster markers; Fig.3f","The pancreatic cluster 3 showed high expression of antigen component cd7al, glycoprotein gene gpnmb, and lysosomal activity-related genes such as asah1b, lgmn, and ctsd (Fig. 3f,",exclude,非目标细胞：Cluster 3 mono/Mϕ 与 target_cell_scope（L2:Schwann cell）不符，且非任务物种。,True,44,1.0,True,True,pass
DOI_10.1038_s42003-024-07315-x,A_exclude,Cluster 3 mono/Mϕ,,other,gpnmb,gpnmb,exact,annotation_marker,positive,"Results, zebrafish mono/Mϕ cluster markers; Fig.3f","The pancreatic cluster 3 showed high expression of antigen component cd7al, glycoprotein gene gpnmb, and lysosomal activity-related genes such as asah1b, lgmn, and ctsd (Fig. 3f,",exclude,非目标细胞：Cluster 3 mono/Mϕ 与 target_cell_scope（L2:Schwann cell）不符，且非任务物种。,True,44,1.0,True,True,pass
DOI_10.1038_s42003-024-07315-x,A_exclude,Cluster 3 mono/Mϕ,,other,asah1b,asah1b,exact,annotation_marker,positive,"Results, zebrafish mono/Mϕ cluster markers; Fig.3f","The pancreatic cluster 3 showed high expression of antigen component cd7al, glycoprotein gene gpnmb, and lysosomal activity-related genes such as asah1b, lgmn, and ctsd (Fig. 3f,",exclude,非目标细胞：Cluster 3 mono/Mϕ 与 target_cell_scope（L2:Schwann cell）不符，且非任务物种。,True,44,1.0,True,True,pass
DOI_10.1038_s42003-024-07315-x,A_exclude,Cluster 3 mono/Mϕ,,other,lgmn,lgmn,exact,annotation_marker,positive,"Results, zebrafish mono/Mϕ cluster markers; Fig.3f","The pancreatic cluster 3 showed high expression of antigen component cd7al, glycoprotein gene gpnmb, and lysosomal activity-related genes such as asah1b, lgmn, and ctsd (Fig. 3f,",exclude,非目标细胞：Cluster 3 mono/Mϕ 与 target_cell_scope（L2:Schwann cell）不符，且非任务物种。,True,44,1.0,True,True,pass
DOI_10.1038_s42003-024-07315-x,A_exclude,Cluster 3 mono/Mϕ,,other,ctsd,ctsd,exact,annotation_marker,positive,"Results, zebrafish mono/Mϕ cluster markers; Fig.3f","The pancreatic cluster 3 showed high expression of antigen component cd7al, glycoprotein gene gpnmb, and lysosomal activity-related genes such as asah1b, lgmn, and ctsd (Fig. 3f,",exclude,非目标细胞：Cluster 3 mono/Mϕ 与 target_cell_scope（L2:Schwann cell）不符，且非任务物种。,True,44,1.0,True,True,pass
DOI_10.1038_s42003-024-07315-x,A_exclude,lcp1+ macrophage,,other,lcp1,lcp1,exact,cluster_enriched,positive,"Fig.3h,i,k legends","Anti-lcp1 staining is shown in blue. ... represent representative gda+lcp1+ and moxd1+lcp1+ cells, respectively.",exclude,非目标细胞：lcp1+ macrophage 与 target_cell_scope（L2:Schwann cell）不符，且非任务物种。,True,44,1.0,True,True,pass
DOI_10.1038_s42003-024-07315-x,A_exclude,cluster 4,,other,cd9b,cd9b,exact,cluster_enriched,positive,"Fig. 3f,g, Supplementary Data 5","The heart-dominated cluster 4 had enriched expression of cd9b, fn1a, gpc1b, gda, and hsp70.1",exclude,非目标细胞：cluster 4 (zebrafish mono/Mϕ) 与 target_cell_scope（L2:Schwann cell）不符，且非任务物种。,True,44,1.0,True,True,pass
DOI_10.1038_s42003-024-07315-x,A_exclude,cluster 4,,other,fn1a,fn1a,exact,cluster_enriched,positive,"Fig. 3f,g, Supplementary Data 5","The heart-dominated cluster 4 had enriched expression of cd9b, fn1a, gpc1b, gda, and hsp70.1",exclude,非目标细胞：cluster 4 (zebrafish mono/Mϕ) 与 target_cell_scope（L2:Schwann cell）不符，且非任务物种。,True,44,1.0,True,True,pass
DOI_10.1038_s42003-024-07315-x,A_exclude,cluster 4,,other,gpc1b,gpc1b,exact,cluster_enriched,positive,"Fig. 3f,g, Supplementary Data 5","The heart-dominated cluster 4 had enriched expression of cd9b, fn1a, gpc1b, gda, and hsp70.1",exclude,非目标细胞：cluster 4 (zebrafish mono/Mϕ) 与 target_cell_scope（L2:Schwann cell）不符，且非任务物种。,True,44,1.0,True,True,pass
DOI_10.1038_s42003-024-07315-x,A_exclude,cluster 4,,other,gda,gda,exact,cluster_enriched,positive,"Fig. 3f,g, Supplementary Data 5","The heart-dominated cluster 4 had enriched expression of cd9b, fn1a, gpc1b, gda, and hsp70.1",exclude,非目标细胞：cluster 4 (zebrafish mono/Mϕ) 与 target_cell_scope（L2:Schwann cell）不符，且非任务物种。,True,44,1.0,True,True,pass
DOI_10.1038_s42003-024-07315-x,A_exclude,cluster 4,,other,hsp70.1,hsp70.1,exact,cluster_enriched,positive,"Fig. 3f,g, Supplementary Data 5","The heart-dominated cluster 4 had enriched expression of cd9b, fn1a, gpc1b, gda, and hsp70.1",exclude,非目标细胞：cluster 4 (zebrafish mono/Mϕ) 与 target_cell_scope（L2:Schwann cell）不符，且非任务物种。,True,44,1.0,True,True,pass
DOI_10.1038_s42003-024-07315-x,A_exclude,cluster 5,,other,hbaa1,hbaa1,exact,cluster_enriched,positive,"Fig. 3f,g","Cluster 5 had enriched expression of oxygen transport-associated gene hbaa1, ribosomal genes such as rpl17, and oxidative stress-responsive gene lgals2a",exclude,非目标细胞：cluster 5 (zebrafish mono/Mϕ) 与 target_cell_scope（L2:Schwann cell）不符，且非任务物种。,True,44,1.0,True,True,pass
DOI_10.1038_s42003-024-07315-x,A_exclude,cluster 5,,other,rpl17,rpl17,exact,cluster_enriched,positive,"Fig. 3f,g","Cluster 5 had enriched expression of oxygen transport-associated gene hbaa1, ribosomal genes such as rpl17, and oxidative stress-responsive gene lgals2a",exclude,非目标细胞：cluster 5 (zebrafish mono/Mϕ) 与 target_cell_scope（L2:Schwann cell）不符，且非任务物种。,True,44,1.0,True,True,pass
DOI_10.1038_s42003-024-07315-x,A_exclude,cluster 5,,other,lgals2a,lgals2a,exact,cluster_enriched,positive,"Fig. 3f,g","Cluster 5 had enriched expression of oxygen transport-associated gene hbaa1, ribosomal genes such as rpl17, and oxidative stress-responsive gene lgals2a",exclude,非目标细胞：cluster 5 (zebrafish mono/Mϕ) 与 target_cell_scope（L2:Schwann cell）不符，且非任务物种。,True,44,1.0,True,True,pass
DOI_10.1038_s42003-024-07315-x,A_exclude,macrophage,,other,mpeg1.1,mpeg1.1,exact,author_declared,positive,"Supplementary text referencing Fig. 3f,g","macrophage markers such as mpeg1.1, cd74a, mhc2a, marco, mfap4, and havcr1.",exclude,非目标细胞：macrophage 与 target_cell_scope（L2:Schwann cell）不符，且非任务物种。,True,44,1.0,True,True,pass
DOI_10.1038_s42003-024-07315-x,A_exclude,macrophage,,other,cd74a,cd74a,exact,author_declared,positive,"Supplementary text referencing Fig. 3f,g","macrophage markers such as mpeg1.1, cd74a, mhc2a, marco, mfap4, and havcr1.",exclude,非目标细胞：macrophage 与 target_cell_scope（L2:Schwann cell）不符，且非任务物种。,True,44,1.0,True,True,pass
DOI_10.1038_s42003-024-07315-x,A_exclude,macrophage,,other,mhc2a,mhc2a,exact,author_declared,positive,"Supplementary text referencing Fig. 3f,g","macrophage markers such as mpeg1.1, cd74a, mhc2a, marco, mfap4, and havcr1.",exclude,非目标细胞：macrophage 与 target_cell_scope（L2:Schwann cell）不符，且非任务物种。,True,44,1.0,True,True,pass
DOI_10.1038_s42003-024-07315-x,A_exclude,macrophage,,other,marco,marco,exact,author_declared,positive,"Supplementary text referencing Fig. 3f,g","macrophage markers such as mpeg1.1, cd74a, mhc2a, marco, mfap4, and havcr1.",exclude,非目标细胞：macrophage 与 target_cell_scope（L2:Schwann cell）不符，且非任务物种。,True,44,1.0,True,True,pass
DOI_10.1038_s42003-024-07315-x,A_exclude,macrophage,,other,mfap4,mfap4,exact,author_declared,positive,"Supplementary text referencing Fig. 3f,g","macrophage markers such as mpeg1.1, cd74a, mhc2a, marco, mfap4, and havcr1.",exclude,非目标细胞：macrophage 与 target_cell_scope（L2:Schwann cell）不符，且非任务物种。,True,44,1.0,True,True,pass
DOI_10.1038_s42003-024-07315-x,A_exclude,macrophage,,other,havcr1,havcr1,exact,author_declared,positive,"Supplementary text referencing Fig. 3f,g","macrophage markers such as mpeg1.1, cd74a, mhc2a, marco, mfap4, and havcr1.",exclude,非目标细胞：macrophage 与 target_cell_scope（L2:Schwann cell）不符，且非任务物种。,True,44,1.0,True,True,pass
DOI_10.1038_s42003-024-07315-x,A_exclude,cluster 1,,other,rpl15,rpl15,exact,author_declared,positive,"Fig. 3f, g; Supplementary Fig. 3c","shared marker genes enriched in translation with cluster 1, such as rpl15 and copper ion binding protein gene moxd1",exclude,非目标细胞：cluster 1 (zebrafish mono/Mϕ) 与 target_cell_scope（L2:Schwann cell）不符，且非任务物种。,True,44,1.0,True,True,pass
DOI_10.1038_s42003-024-07315-x,A_exclude,cluster 1,,other,moxd1,moxd1,exact,author_declared,positive,"Fig. 3f, g; Supplementary Fig. 3c","shared marker genes enriched in translation with cluster 1, such as rpl15 and copper ion binding protein gene moxd1",exclude,非目标细胞：cluster 1 (zebrafish mono/Mϕ) 与 target_cell_scope（L2:Schwann cell）不符，且非任务物种。,True,44,1.0,True,True,pass
DOI_10.1038_s42003-024-07315-x,A_exclude,zebrafish mono/Mφ,,other,mpeg1.1,mpeg1.1,exact,author_declared,positive,"Supplementary Fig. 3d,e","mpeg1.1 was widely used as a pan-macrophage marker; however, it does not label the entire mono/Mφ population.",exclude,非目标细胞：zebrafish mono/Mφ 与 target_cell_scope（L2:Schwann cell）不符，且非任务物种。,True,44,1.0,True,True,pass
DOI_10.1038_s42003-024-07315-x,A_exclude,zebrafish M1-like macrophages,M1-like,other,tnfa,tnfa,exact,author_declared,positive,Supplementary Fig. 3d–f,"Notable zebrafish M1 markers include tnfa, tnfb, il1b, il6 and cxcl11.1.",exclude,非目标细胞：zebrafish M1-like macrophages 与 target_cell_scope（L2:Schwann cell）不符，且非任务物种。,True,44,0.9,True,True,pass
DOI_10.1038_s42003-024-07315-x,A_exclude,zebrafish M1-like macrophages,M1-like,other,tnfb,tnfb,exact,author_declared,positive,Supplementary Fig. 3d–f,"Notable zebrafish M1 markers include tnfa, tnfb, il1b, il6 and cxcl11.1.",exclude,非目标细胞：zebrafish M1-like macrophages 与 target_cell_scope（L2:Schwann cell）不符，且非任务物种。,True,44,0.9,True,True,pass
DOI_10.1038_s42003-024-07315-x,A_exclude,zebrafish M1-like macrophages,M1-like,other,il1b,il1b,exact,author_declared,positive,Supplementary Fig. 3d–f,"Notable zebrafish M1 markers include tnfa, tnfb, il1b, il6 and cxcl11.1.",exclude,非目标细胞：zebrafish M1-like macrophages 与 target_cell_scope（L2:Schwann cell）不符，且非任务物种。,True,44,0.9,True,True,pass
DOI_10.1038_s42003-024-07315-x,A_exclude,zebrafish M1-like macrophages,M1-like,other,il6,il6,exact,author_declared,positive,Supplementary Fig. 3d–f,"Notable zebrafish M1 markers include tnfa, tnfb, il1b, il6 and cxcl11.1.",exclude,非目标细胞：zebrafish M1-like macrophages 与 target_cell_scope（L2:Schwann cell）不符，且非任务物种。,True,44,0.9,True,True,pass
DOI_10.1038_s42003-024-07315-x,A_exclude,zebrafish M1-like macrophages,M1-like,other,cxcl11.1,cxcl11.1,exact,author_declared,positive,Supplementary Fig. 3d–f,"Notable zebrafish M1 markers include tnfa, tnfb, il1b, il6 and cxcl11.1.",exclude,非目标细胞：zebrafish M1-like macrophages 与 target_cell_scope（L2:Schwann cell）不符，且非任务物种。,True,44,0.9,True,True,pass
DOI_10.1038_s42003-024-07315-x,A_exclude,zebrafish M2-like macrophages,M2-like,other,mrc1b,mrc1b,exact,author_declared,positive,"Supplementary Fig. 3d, e",zebrafish M2 markers mrc1b and cxcr4b were broadly expressed in all clusters except cluster 5,exclude,非目标细胞：zebrafish M2-like macrophages 与 target_cell_scope（L2:Schwann cell）不符，且非任务物种。,True,44,0.9,True,True,pass
DOI_10.1038_s42003-024-07315-x,A_exclude,zebrafish M2-like macrophages,M2-like,other,cxcr4b,cxcr4b,exact,author_declared,positive,"Supplementary Fig. 3d, e",zebrafish M2 markers mrc1b and cxcr4b were broadly expressed in all clusters except cluster 5,exclude,非目标细胞：zebrafish M2-like macrophages 与 target_cell_scope（L2:Schwann cell）不符，且非任务物种。,True,44,0.9,True,True,pass
DOI_10.1038_s42003-024-07315-x,A_exclude,zebrafish cluster 4 macrophages,cluster 4,other,gda,gda,exact,author_declared,positive,Fig. 3h,expression of the cluster 4 marker gda was enriched in macrophages in the boundary zone of the wound at 1 dpci,exclude,非目标细胞：zebrafish cluster 4 macrophages 与 target_cell_scope（L2:Schwann cell）不符，且非任务物种。,True,44,1.0,True,True,pass
DOI_10.1038_s42003-024-07315-x,A_exclude,mouse mm2 macrophages,mm2,mouse,H2-Aa,H2-Aa,exact,cluster_enriched,positive,Supplementary Fig. 5c,"H2-Aa was highest in mm2 cells while Ly6c2 and Mrc1 were most abundantly expressed in mm3 and mm4 cells, respectively.",exclude,非目标细胞：mouse mm2 macrophages 与 target_cell_scope（L2:Schwann cell）不符。,True,44,1.0,True,True,pass
DOI_10.1038_s42003-024-07315-x,A_exclude,mouse mm3 macrophages,mm3,mouse,Ly6c2,Ly6c2,exact,cluster_enriched,positive,Supplementary Fig. 5c,"Ly6c2 and Mrc1 were most abundantly expressed in mm3 and mm4 cells, respectively.",exclude,非目标细胞：mouse mm3 macrophages 与 target_cell_scope（L2:Schwann cell）不符。,True,44,1.0,True,True,pass
DOI_10.1038_s42003-024-07315-x,A_exclude,mouse mm4 macrophages,mm4,mouse,Mrc1,Mrc1,exact,cluster_enriched,positive,Supplementary Fig. 5c,Mrc1 ... most abundantly expressed in mm4,exclude,非目标细胞：mouse mm4 macrophages 与 target_cell_scope（L2:Schwann cell）不符。,True,44,1.0,True,True,pass
DOI_10.1038_s42003-024-07315-x,A_exclude,mm4 macrophages,tissue resident macrophages,mouse,Timd4,Timd4,exact,cluster_enriched,positive,"Results, paragraph on macrophage subsets","mm4 macrophages are tissue resident macrophages that express Timd4, Lyve1, and Folr2 (TLF+)",exclude,非目标细胞：mm4 macrophages 与 target_cell_scope（L2:Schwann cell）不符。,True,44,1.0,True,True,pass
DOI_10.1038_s42003-024-07315-x,A_exclude,mm4 macrophages,tissue resident macrophages,mouse,Lyve1,Lyve1,exact,cluster_enriched,positive,"Results, paragraph on macrophage subsets","mm4 macrophages are tissue resident macrophages that express Timd4, Lyve1, and Folr2 (TLF+)",exclude,非目标细胞：mm4 macrophages 与 target_cell_scope（L2:Schwann cell）不符。,True,44,1.0,True,True,pass
DOI_10.1038_s42003-024-07315-x,A_exclude,mm4 macrophages,tissue resident macrophages,mouse,Folr2,Folr2,exact,cluster_enriched,positive,"Results, paragraph on macrophage subsets","mm4 macrophages are tissue resident macrophages that express Timd4, Lyve1, and Folr2 (TLF+)",exclude,非目标细胞：mm4 macrophages 与 target_cell_scope（L2:Schwann cell）不符。,True,44,1.0,True,True,pass
DOI_10.1038_s42003-024-07315-x,A_exclude,macrophages,,mouse,Runx1,Runx1,exact,author_declared,positive,"Results, paragraph on macrophage subsets",Runx1 and Trem2 are 2 macrophage markers that have been linked to cardiac recovery.,exclude,非目标细胞：macrophages 与 target_cell_scope（L2:Schwann cell）不符。,True,44,1.0,True,True,pass
DOI_10.1038_s42003-024-07315-x,A_exclude,macrophages,,mouse,Trem2,Trem2,exact,author_declared,positive,"Results, paragraph on macrophage subsets",Runx1 and Trem2 are 2 macrophage markers that have been linked to cardiac recovery.,exclude,非目标细胞：macrophages 与 target_cell_scope（L2:Schwann cell）不符。,True,44,1.0,True,True,pass
DOI_10.1038_s42003-024-07315-x,A_exclude,zebrafish mono/Mϕ subtypes,,other,c1q genes,c1q genes,ambiguous,cluster_enriched,positive,Results: 'c1q genes are ideal candidates because of their high specificity and broad expression in all mono/Mϕ subtypes',c1q genes are ideal candidates because of their high specificity and broad expression in all mono/Mϕ subtypes.,exclude,非目标细胞：zebrafish mono/Mϕ subtypes 与 target_cell_scope（L2:Schwann cell）不符，且非任务物种。,True,44,0.9091,True,True,fail_symbol
DOI_10.1038_s42003-024-07315-x,A_exclude,macrophages,M1,other,tnfa,tnfa,exact,reference_imported,positive,Results: 'macrophages expressing the classic M1 marker tnfa were reported to be pro-regenerative in zebrafish spinal cord regeneration',classic M1 marker tnfa,exclude,非目标细胞：macrophages 与 target_cell_scope（L2:Schwann cell）不符，且非任务物种。,True,44,1.0,True,True,pass
DOI_10.1038_s42003-024-07315-x,A_exclude,cardiac macrophages,,mouse,CD11b,CD11b,non_gene_entity,cluster_enriched,positive,"Methods, Flow cytometry and cell sorting for mouse samples","FITC anti-CD11b (Biolegend cat. 101206, 0.25 μg/M cells)",exclude,非目标细胞：cardiac macrophages 与 target_cell_scope（L2:Schwann cell）不符；且 CD11b 为蛋白/抗体名。,True,44,1.0,True,True,fail_symbol
DOI_10.1038_s42003-024-07315-x,A_exclude,cardiac macrophages,,mouse,F4/80,F4/80,non_gene_entity,cluster_enriched,positive,"Methods, Flow cytometry and cell sorting for mouse samples","PE anti-F4/80 (Biolegend cat. 123110, 0.25 μg/M cells)",exclude,非目标细胞：cardiac macrophages 与 target_cell_scope（L2:Schwann cell）不符；且 F4/80 为蛋白/抗体名。,True,44,1.0,True,True,fail_symbol
DOI_10.1038_s42003-024-07315-x,A_exclude,cardiac macrophages,,mouse,Ly-6C,Ly-6C,ambiguous,cluster_enriched,positive,"Methods, Flow cytometry and cell sorting for mouse samples","Pacific Blue™ anti-Ly-6C (Biolegend cat. 128014, 0.2 μg/M cells)",exclude,非目标细胞：cardiac macrophages 与 target_cell_scope（L2:Schwann cell）不符；且 Ly-6C 为蛋白家族，不能唯一映射基因。,True,44,0.8571,True,True,fail_symbol
DOI_10.1038_s42003-024-07315-x,A_exclude,cardiac macrophages,,mouse,CD206,CD206,non_gene_entity,cluster_enriched,positive,"Methods, Flow cytometry and cell sorting for mouse samples","Alexa Fluor® 647 anti-CD206 (MMR) (Biolegend cat. 141712, 0.5 μg/M cells)",exclude,非目标细胞：cardiac macrophages 与 target_cell_scope（L2:Schwann cell）不符；且 CD206 为蛋白/抗体名。,True,44,1.0,True,True,fail_symbol
DOI_10.1038_s42255-023-00876-x,A_exclude,β-cell,,mouse,Urocortin-3,Ucn3,alias_resolved,author_declared,positive,p.1616 (Introduction),"Immature β-cells gain functional maturation, as defined by the expression of several protein markers, including Urocortin-3, Flattop, transcription factor MafA and glucose transporter encoded by Slc2a2 (also known as Glut2) and accurate GSIS in the first weeks after birth and again after weaning.",exclude,非目标细胞类型（β-cell），不在 Schwann cell 范围内。,True,41,1.0,True,True,pass
DOI_10.1038_s42255-023-00876-x,A_exclude,β-cell,,mouse,Flattop,Cfap126,alias_resolved,author_declared,positive,p.1616 (Introduction),"Immature β-cells gain functional maturation, as defined by the expression of several protein markers, including Urocortin-3, Flattop, transcription factor MafA and glucose transporter encoded by Slc2a2 (also known as Glut2) and accurate GSIS in the first weeks after birth and again after weaning.",exclude,非目标细胞类型（β-cell），不在 Schwann cell 范围内。,True,41,1.0,True,True,pass
DOI_10.1038_s42255-023-00876-x,A_exclude,β-cell,,mouse,MafA,Mafa,alias_resolved,author_declared,positive,p.1616 (Introduction),"Immature β-cells gain functional maturation, as defined by the expression of several protein markers, including Urocortin-3, Flattop, transcription factor MafA and glucose transporter encoded by Slc2a2 (also known as Glut2) and accurate GSIS in the first weeks after birth and again after weaning.",exclude,非目标细胞类型（β-cell），不在 Schwann cell 范围内。,True,41,1.0,True,True,pass
DOI_10.1038_s42255-023-00876-x,A_exclude,β-cell,,mouse,Slc2a2,Slc2a2,exact,author_declared,positive,p.1616 (Introduction),"Immature β-cells gain functional maturation, as defined by the expression of several protein markers, including Urocortin-3, Flattop, transcription factor MafA and glucose transporter encoded by Slc2a2 (also known as Glut2) and accurate GSIS in the first weeks after birth and again after weaning.",exclude,非目标细胞类型（β-cell），不在 Schwann cell 范围内。,True,41,1.0,True,True,pass
DOI_10.1038_s42255-023-00876-x,A_exclude,β-cell,,mouse,Ins1,Ins1,exact,reference_imported,positive,Results p.1617 (shared markers; Fig.3a),"Some of the markers were shared with human endocrine markers reported in a recent scRNA-seq meta-analysis (mouse homologs Ins1, Ins2, G6pc2 and Iapp for β-cells)",exclude,非目标细胞类型且为外部引用证据，不在 Schwann cell 范围内。,True,41,1.0,True,True,pass
DOI_10.1038_s42255-023-00876-x,A_exclude,β-cell,,mouse,Ins2,Ins2,exact,reference_imported,positive,Results p.1617 (shared markers; Fig.3a),"Some of the markers were shared with human endocrine markers reported in a recent scRNA-seq meta-analysis (mouse homologs Ins1, Ins2, G6pc2 and Iapp for β-cells)",exclude,非目标细胞类型且为外部引用证据，不在 Schwann cell 范围内。,True,41,1.0,True,True,pass
DOI_10.1038_s42255-023-00876-x,A_exclude,β-cell,,mouse,G6pc2,G6pc2,exact,reference_imported,positive,Results p.1617 (shared markers; Fig.3a),"Some of the markers were shared with human endocrine markers reported in a recent scRNA-seq meta-analysis (mouse homologs Ins1, Ins2, G6pc2 and Iapp for β-cells)",exclude,非目标细胞类型且为外部引用证据，不在 Schwann cell 范围内。,True,41,1.0,True,True,pass
DOI_10.1038_s42255-023-00876-x,A_exclude,β-cell,,mouse,Iapp,Iapp,exact,reference_imported,positive,Results p.1617 (shared markers; Fig.3a),"Some of the markers were shared with human endocrine markers reported in a recent scRNA-seq meta-analysis (mouse homologs Ins1, Ins2, G6pc2 and Iapp for β-cells)",exclude,非目标细胞类型且为外部引用证据，不在 Schwann cell 范围内。,True,41,1.0,True,True,pass
DOI_10.1038_s42255-023-00876-x,A_exclude,β-cell,,mouse,Cytip,Cytip,exact,author_declared,positive,Results p.1617 (new markers; Fig.3a),"we detected several new cell-type-specific genes at different developmental stages (for example, Cytip and Spock2 for β-cells)",exclude,非目标细胞类型（β-cell），不在 Schwann cell 范围内。,True,41,1.0,True,True,pass
DOI_10.1038_s42255-023-00876-x,A_exclude,β-cell,,mouse,Spock2,Spock2,exact,author_declared,positive,Results p.1617 (new markers; Fig.3a),"we detected several new cell-type-specific genes at different developmental stages (for example, Cytip and Spock2 for β-cells)",exclude,非目标细胞类型（β-cell），不在 Schwann cell 范围内。,True,41,1.0,True,True,pass
DOI_10.1038_s42255-023-00876-x,A_exclude,β-cell,,mouse,Ucn3,Ucn3,exact,annotation_marker,positive,"Results, 'Diabetes-unique and cross-condition dysfunction in β-cells', Fig.6d,e; p.1625","First, we validated that islets contain expected healthy and dysfunctional β-cell states by profiling the protein expression of insulin, an established maturation marker Ucn3 (ref. 9) and a dedifferentiation marker Aldh1a3 (refs. 113,114) (Fig. 6d,e and Supplementary Note 10).",exclude,非目标细胞类型（β-cell），不在 Schwann cell 范围内。,True,41,1.0,True,True,pass
DOI_10.1038_s42255-023-00876-x,A_exclude,β-cell,,mouse,Aldh1a3,Aldh1a3,exact,annotation_marker,positive,"Results, 'Diabetes-unique and cross-condition dysfunction in β-cells', Fig.6d,e; p.1625","First, we validated that islets contain expected healthy and dysfunctional β-cell states by profiling the protein expression of insulin, an established maturation marker Ucn3 (ref. 9) and a dedifferentiation marker Aldh1a3 (refs. 113,114) (Fig. 6d,e and Supplementary Note 10).",exclude,非目标细胞类型（β-cell），不在 Schwann cell 范围内。,True,41,1.0,True,True,pass
DOI_10.1038_s42255-023-00876-x,A_exclude,β-cell,,mouse,Nucb2,Nucb2,exact,author_declared,positive,"Results, 'Diabetes-unique and cross-condition dysfunction in β-cells', Fig.6d,e; p.1625","We next profiled three new markers of the T2D model: Nucb2, which is involved in insulin secretion115,116 and whose mutations were reported to be associated with diabetes risk117, Fkbp11, an ER-located chaperone previously reported to be upregulated in certain mouse T2D models118,119 and Mt3, which was reported to be associated with β-cell death120.",exclude,非目标细胞类型（β-cell），不在 Schwann cell 范围内。,True,41,1.0,True,True,pass
DOI_10.1038_s42255-023-00876-x,A_exclude,β-cell,,mouse,Fkbp11,Fkbp11,exact,author_declared,positive,"Results, 'Diabetes-unique and cross-condition dysfunction in β-cells', Fig.6d,e; p.1625","We next profiled three new markers of the T2D model: Nucb2, which is involved in insulin secretion115,116 and whose mutations were reported to be associated with diabetes risk117, Fkbp11, an ER-located chaperone previously reported to be upregulated in certain mouse T2D models118,119 and Mt3, which was reported to be associated with β-cell death120.",exclude,非目标细胞类型（β-cell），不在 Schwann cell 范围内。,True,41,1.0,True,True,pass
DOI_10.1038_s42255-023-00876-x,A_exclude,β-cell,,mouse,Mt3,Mt3,exact,author_declared,positive,"Results, 'Diabetes-unique and cross-condition dysfunction in β-cells', Fig.6d,e; p.1625","We next profiled three new markers of the T2D model: Nucb2, which is involved in insulin secretion115,116 and whose mutations were reported to be associated with diabetes risk117, Fkbp11, an ER-located chaperone previously reported to be upregulated in certain mouse T2D models118,119 and Mt3, which was reported to be associated with β-cell death120.",exclude,非目标细胞类型（β-cell），不在 Schwann cell 范围内。,True,41,1.0,True,True,pass
DOI_10.1038_s42255-023-00876-x,A_exclude,α-cell,,mouse,Ttr,Ttr,exact,annotation_marker,positive,Results p.1617 (protein validation),we analyzed protein expression of two transcriptome-based markers (Ttr in α-cells and Rbp4 in δ-cells) with immunohistochemistry,exclude,非目标细胞类型（α-cell），不在 Schwann cell 范围内。,True,41,1.0,True,True,pass
DOI_10.1038_s42255-023-00876-x,A_exclude,α-cell,,mouse,Gcg,Gcg,exact,reference_imported,positive,Results p.1617 (shared markers; Fig.3a),"Some of the markers were shared with human endocrine markers reported in a recent scRNA-seq meta-analysis (mouse homologs Ttr, Gcg, Irx2 and Slc7a2 for α-cells)",exclude,非目标细胞类型且为外部引用证据，不在 Schwann cell 范围内。,True,41,1.0,True,True,pass
DOI_10.1038_s42255-023-00876-x,A_exclude,α-cell,,mouse,Irx2,Irx2,exact,reference_imported,positive,Results p.1617 (shared markers; Fig.3a),"Some of the markers were shared with human endocrine markers reported in a recent scRNA-seq meta-analysis (mouse homologs Ttr, Gcg, Irx2 and Slc7a2 for α-cells)",exclude,非目标细胞类型且为外部引用证据，不在 Schwann cell 范围内。,True,41,1.0,True,True,pass
DOI_10.1038_s42255-023-00876-x,A_exclude,α-cell,,mouse,Slc7a2,Slc7a2,exact,reference_imported,positive,Results p.1617 (shared markers; Fig.3a),"Some of the markers were shared with human endocrine markers reported in a recent scRNA-seq meta-analysis (mouse homologs Ttr, Gcg, Irx2 and Slc7a2 for α-cells)",exclude,非目标细胞类型且为外部引用证据，不在 Schwann cell 范围内。,True,41,1.0,True,True,pass
DOI_10.1038_s42255-023-00876-x,A_exclude,α-cell,,mouse,Wnk3,Wnk3,exact,author_declared,positive,Results p.1617 (new markers; Fig.3a),"we detected several new cell-type-specific genes at different developmental stages (for example, Wnk3 and Nxph1 for α-cells)",exclude,非目标细胞类型（α-cell），不在 Schwann cell 范围内。,True,41,1.0,True,True,pass
DOI_10.1038_s42255-023-00876-x,A_exclude,α-cell,,mouse,Nxph1,Nxph1,exact,author_declared,positive,Results p.1617 (new markers; Fig.3a),"we detected several new cell-type-specific genes at different developmental stages (for example, Wnk3 and Nxph1 for α-cells)",exclude,非目标细胞类型（α-cell），不在 Schwann cell 范围内。,True,41,1.0,True,True,pass
DOI_10.1038_s42255-023-00876-x,A_exclude,δ-cell,,mouse,Sst,Sst,exact,annotation_marker,positive,Results p.1618 (δ-cell annotation),"somatostatin was highly expressed already in the E group, likely because Sst has been used for δ-cell annotation",exclude,非目标细胞类型（δ-cell），不在 Schwann cell 范围内。,True,41,1.0,True,True,pass
DOI_10.1038_s42255-023-00876-x,A_exclude,δ-cell,,mouse,Rbp4,Rbp4,exact,annotation_marker,positive,Results p.1617 (protein validation),we analyzed protein expression of two transcriptome-based markers (Ttr in α-cells and Rbp4 in δ-cells) with immunohistochemistry,exclude,非目标细胞类型（δ-cell），不在 Schwann cell 范围内。,True,41,1.0,True,True,pass
DOI_10.1038_s42255-023-00876-x,A_exclude,δ-cell,,mouse,Slc2a3,Slc2a3,exact,author_declared,positive,Results p.1617 (new markers; Fig.3a),"we detected several new cell-type-specific genes at different developmental stages (for example, Slc2a3, Nrsn1 and Spock3 for δ-cells)",exclude,非目标细胞类型（δ-cell），不在 Schwann cell 范围内。,True,41,1.0,True,True,pass
DOI_10.1038_s42255-023-00876-x,A_exclude,δ-cell,,mouse,Nrsn1,Nrsn1,exact,author_declared,positive,Results p.1617 (new markers; Fig.3a),"we detected several new cell-type-specific genes at different developmental stages (for example, Slc2a3, Nrsn1 and Spock3 for δ-cells)",exclude,非目标细胞类型（δ-cell），不在 Schwann cell 范围内。,True,41,1.0,True,True,pass
DOI_10.1038_s42255-023-00876-x,A_exclude,δ-cell,,mouse,Spock3,Spock3,exact,author_declared,positive,Results p.1617 (new markers; Fig.3a),"we observed consistent upregulation in δ-cells across datasets, further supported by a previous study reporting this gene as a δ-cell marker in zebrafish",exclude,非目标细胞类型（δ-cell），不在 Schwann cell 范围内。,True,41,0.9231,True,True,pass
DOI_10.1038_s42255-023-00876-x,A_exclude,δ-cell,,mouse,Cer1,Cer1,exact,author_declared,positive,Results p.1617 (potential δ-cell marker),it is a potential δ-cell marker only in postnatal and not in embryonic samples,exclude,非目标细胞类型（δ-cell），不在 Schwann cell 范围内。,True,41,1.0,True,True,pass
DOI_10.1038_s42255-023-00876-x,A_exclude,γ-cell,,mouse,Ppy,Ppy,exact,reference_imported,positive,Results p.1617 (shared markers; Fig.3a),Some of the markers were shared with human endocrine markers reported in a recent scRNA-seq meta-analysis (Ppy for γ-cells),exclude,非目标细胞类型且为外部引用证据，不在 Schwann cell 范围内。,True,41,1.0,True,True,pass
DOI_10.1038_s42255-023-00876-x,A_exclude,γ-cell,,mouse,Vsig1,Vsig1,exact,author_declared,positive,Results p.1617 (new markers; Fig.3a),"we detected several new cell-type-specific genes at different developmental stages (for example, Vsig1 for γ-cells)",exclude,非目标细胞类型（γ-cell），不在 Schwann cell 范围内。,True,41,1.0,True,True,pass
DOI_10.1038_s42255-023-00876-x,A_exclude,β-cell,immature,mouse,Rbp4,Rbp4,exact,reference_imported,positive,"Results p.1620-1621 (Fig.4b, 5b)","known immaturity (Rbp4), maturity (Mafa), stress (Gast), aging/senescence (Cdkn2a) and inflammatory (B2m) β-cell transcriptomic markers",exclude,非目标细胞类型（β-cell 亚型），不在 Schwann cell 范围内。,True,41,1.0,True,True,pass
DOI_10.1038_s42255-023-00876-x,A_exclude,β-cell,immature,mouse,Cd81,Cd81,exact,reference_imported,positive,Results p.1620 (Fig.5b),"some known markers were not state-specific, such as certain immature marker genes that were also highly expressed in the db/db + mSTZ state (for example, Cd81)",exclude,非目标细胞类型（β-cell 亚型），不在 Schwann cell 范围内。,True,41,1.0,True,True,pass
DOI_10.1038_s42255-023-00876-x,A_exclude,β-cell,mature,mouse,Mafa,Mafa,exact,reference_imported,positive,"Results p.1620-1621 (Fig.4b, 5b)","known immaturity (Rbp4), maturity (Mafa), stress (Gast), aging/senescence (Cdkn2a) and inflammatory (B2m) β-cell transcriptomic markers",exclude,非目标细胞类型（β-cell 亚型），不在 Schwann cell 范围内。,True,41,1.0,True,True,duplicate_pool
DOI_10.1038_s42255-023-00876-x,A_exclude,β-cell,stressed,mouse,Gast,Gast,exact,reference_imported,positive,"Results p.1620-1621 (Fig.4b, 5b)","known immaturity (Rbp4), maturity (Mafa), stress (Gast), aging/senescence (Cdkn2a) and inflammatory (B2m) β-cell transcriptomic markers",exclude,非目标细胞类型（β-cell 亚型），不在 Schwann cell 范围内。,True,41,1.0,True,True,pass
DOI_10.1038_s42255-023-00876-x,A_exclude,β-cell,aging/senescence,mouse,Cdkn2a,Cdkn2a,exact,reference_imported,positive,"Results p.1620-1621 (Fig.4b, 5b)","known immaturity (Rbp4), maturity (Mafa), stress (Gast), aging/senescence (Cdkn2a) and inflammatory (B2m) β-cell transcriptomic markers",exclude,非目标细胞类型（β-cell 亚型），不在 Schwann cell 范围内。,True,41,1.0,True,True,pass
DOI_10.1038_s42255-023-00876-x,A_exclude,β-cell,inflammatory,mouse,B2m,B2m,exact,reference_imported,positive,"Results p.1620-1621 (Fig.4b, 5b)","known immaturity (Rbp4), maturity (Mafa), stress (Gast), aging/senescence (Cdkn2a) and inflammatory (B2m) β-cell transcriptomic markers",exclude,非目标细胞类型（β-cell 亚型），不在 Schwann cell 范围内。,True,41,1.0,True,True,pass
DOI_10.1038_s42255-023-00876-x,A_exclude,β-cell,healthy adult state,mouse,Prss53,Prss53,exact,author_declared,positive,"Results p.1620 (new marker; Fig.5c, Supplementary Table 5)","we identified a new marker of healthy adult state Prss53, associated with mitochondrial function",exclude,非目标细胞类型（β-cell 亚型），不在 Schwann cell 范围内。,True,41,1.0,True,True,pass
DOI_10.1038_s42255-023-00876-x,A_exclude,β-cell,,human,Tm4sf4,Tm4sf4,exact,reference_imported,positive,"Results, 'β-cell dysfunction patterns within healthy samples', Fig.5g; p.1623","Comparison to a meta-analysis of human healthy heterogeneity markers35, revealed shared genes Tm4sf4 and Clu from group 3 (insulin production and metabolic stress) and genes Fos, Herpud1 and Rgs4 from group 4 (aging).",exclude,非目标细胞类型且物种为 human，与任务物种 mouse 不符。,True,41,1.0,True,True,pass
DOI_10.1038_s42255-023-00876-x,A_exclude,β-cell,,human,Clu,Clu,exact,reference_imported,positive,"Results, 'β-cell dysfunction patterns within healthy samples', Fig.5g; p.1623","Comparison to a meta-analysis of human healthy heterogeneity markers35, revealed shared genes Tm4sf4 and Clu from group 3 (insulin production and metabolic stress) and genes Fos, Herpud1 and Rgs4 from group 4 (aging).",exclude,非目标细胞类型且物种为 human，与任务物种 mouse 不符。,True,41,1.0,True,True,pass
DOI_10.1038_s42255-023-00876-x,A_exclude,β-cell,,human,Fos,Fos,exact,reference_imported,positive,"Results, 'β-cell dysfunction patterns within healthy samples', Fig.5g; p.1623","Comparison to a meta-analysis of human healthy heterogeneity markers35, revealed shared genes Tm4sf4 and Clu from group 3 (insulin production and metabolic stress) and genes Fos, Herpud1 and Rgs4 from group 4 (aging).",exclude,非目标细胞类型且物种为 human，与任务物种 mouse 不符。,True,41,1.0,True,True,pass
DOI_10.1038_s42255-023-00876-x,A_exclude,β-cell,,human,Herpud1,Herpud1,exact,reference_imported,positive,"Results, 'β-cell dysfunction patterns within healthy samples', Fig.5g; p.1623","Comparison to a meta-analysis of human healthy heterogeneity markers35, revealed shared genes Tm4sf4 and Clu from group 3 (insulin production and metabolic stress) and genes Fos, Herpud1 and Rgs4 from group 4 (aging).",exclude,非目标细胞类型且物种为 human，与任务物种 mouse 不符。,True,41,1.0,True,True,pass
DOI_10.1038_s42255-023-00876-x,A_exclude,β-cell,,human,Rgs4,Rgs4,exact,reference_imported,positive,"Results, 'β-cell dysfunction patterns within healthy samples', Fig.5g; p.1623","Comparison to a meta-analysis of human healthy heterogeneity markers35, revealed shared genes Tm4sf4 and Clu from group 3 (insulin production and metabolic stress) and genes Fos, Herpud1 and Rgs4 from group 4 (aging).",exclude,非目标细胞类型且物种为 human，与任务物种 mouse 不符。,True,41,1.0,True,True,pass
DOI_10.1038_s42255-023-00876-x,A_exclude,acinar,,mouse,Cpa1,Cpa1,exact,annotation_marker,positive,"Methods, 'Preprocessing of datasets for atlas building' / re-annotation marker list","we relied on the following cell type markers across multiple datasets ... acinar: Cpa1, Prss2",exclude,非目标细胞类型（acinar），不在 Schwann cell 范围内。,True,41,1.0,True,True,pass
DOI_10.1038_s42255-023-00876-x,A_exclude,acinar,,mouse,Prss2,Prss2,exact,annotation_marker,positive,"Methods, 'Preprocessing of datasets for atlas building' / re-annotation marker list","we relied on the following cell type markers across multiple datasets ... acinar: Cpa1, Prss2",exclude,非目标细胞类型（acinar），不在 Schwann cell 范围内。,True,41,1.0,True,True,pass
DOI_10.1038_s42255-023-00876-x,A_exclude,α,,mouse,Gcg,Gcg,exact,annotation_marker,positive,"Methods, 'Preprocessing of datasets for atlas building' / re-annotation marker list",we relied on the following cell type markers across multiple datasets ... α: Gcg,exclude,非目标细胞类型（α），不在 Schwann cell 范围内。,True,41,1.0,True,True,pass
DOI_10.1038_s42255-023-00876-x,A_exclude,β,,mouse,Ins1,Ins1,exact,annotation_marker,positive,"Methods, 'Preprocessing of datasets for atlas building' / re-annotation marker list","we relied on the following cell type markers across multiple datasets ... β: Ins1, Ins2",exclude,非目标细胞类型（β），不在 Schwann cell 范围内。,True,41,1.0,True,True,pass
DOI_10.1038_s42255-023-00876-x,A_exclude,β,,mouse,Ins2,Ins2,exact,annotation_marker,positive,"Methods, 'Preprocessing of datasets for atlas building' / re-annotation marker list","we relied on the following cell type markers across multiple datasets ... β: Ins1, Ins2",exclude,非目标细胞类型（β），不在 Schwann cell 范围内。,True,41,1.0,True,True,pass
DOI_10.1038_s42255-023-00876-x,A_exclude,δ,,mouse,Sst,Sst,exact,annotation_marker,positive,"Methods, 'Preprocessing of datasets for atlas building' / re-annotation marker list",we relied on the following cell type markers across multiple datasets ... δ: Sst,exclude,非目标细胞类型（δ），不在 Schwann cell 范围内。,True,41,1.0,True,True,pass
DOI_10.1038_s42255-023-00876-x,A_exclude,ductal,,mouse,Krt19,Krt19,exact,annotation_marker,positive,"Methods, 'Preprocessing of datasets for atlas building' / re-annotation marker list","we relied on the following cell type markers across multiple datasets ... ductal: Krt19, Muc1, Sox9",exclude,非目标细胞类型（ductal），不在 Schwann cell 范围内。,True,41,1.0,True,True,pass
DOI_10.1038_s42255-023-00876-x,A_exclude,ductal,,mouse,Muc1,Muc1,exact,annotation_marker,positive,"Methods, 'Preprocessing of datasets for atlas building' / re-annotation marker list","we relied on the following cell type markers across multiple datasets ... ductal: Krt19, Muc1, Sox9",exclude,非目标细胞类型（ductal），不在 Schwann cell 范围内。,True,41,1.0,True,True,pass
DOI_10.1038_s42255-023-00876-x,A_exclude,ductal,,mouse,Sox9,Sox9,exact,annotation_marker,positive,"Methods, 'Preprocessing of datasets for atlas building' / re-annotation marker list","we relied on the following cell type markers across multiple datasets ... ductal: Krt19, Muc1, Sox9",exclude,非目标细胞类型（ductal），不在 Schwann cell 范围内。,True,41,1.0,True,True,pass
DOI_10.1038_s42255-023-00876-x,A_exclude,endothelial,,mouse,Pecam1,Pecam1,exact,annotation_marker,positive,"Methods, 'Preprocessing of datasets for atlas building' / re-annotation marker list","we relied on the following cell type markers across multiple datasets ... endothelial: Pecam1, Plvap",exclude,非目标细胞类型（endothelial），不在 Schwann cell 范围内。,True,41,1.0,True,True,pass
DOI_10.1038_s42255-023-00876-x,A_exclude,endothelial,,mouse,Plvap,Plvap,exact,annotation_marker,positive,"Methods, 'Preprocessing of datasets for atlas building' / re-annotation marker list","we relied on the following cell type markers across multiple datasets ... endothelial: Pecam1, Plvap",exclude,非目标细胞类型（endothelial），不在 Schwann cell 范围内。,True,41,1.0,True,True,pass
DOI_10.1038_s42255-023-00876-x,A_exclude,ε,,mouse,Ghrl,Ghrl,exact,annotation_marker,positive,"Methods, 'Preprocessing of datasets for atlas building' / re-annotation marker list",we relied on the following cell type markers across multiple datasets ... ε: Ghrl,exclude,非目标细胞类型（ε），不在 Schwann cell 范围内。,True,41,1.0,True,True,pass
DOI_10.1038_s42255-023-00876-x,A_exclude,γ,,mouse,Ppy,Ppy,exact,annotation_marker,positive,"Methods, 'Preprocessing of datasets for atlas building' / re-annotation marker list",we relied on the following cell type markers across multiple datasets ... γ: Ppy,exclude,非目标细胞类型（γ），不在 Schwann cell 范围内。,True,41,1.0,True,True,pass
DOI_10.1038_s42255-023-00876-x,A_exclude,immune,,mouse,Cd52,Cd52,exact,annotation_marker,positive,"Methods, 'Preprocessing of datasets for atlas building' / re-annotation marker list","we relied on the following cell type markers across multiple datasets ... immune: Cd52, Lyz2, Ptprc",exclude,非目标细胞类型（immune），不在 Schwann cell 范围内。,True,41,1.0,True,True,pass
DOI_10.1038_s42255-023-00876-x,A_exclude,immune,,mouse,Lyz2,Lyz2,exact,annotation_marker,positive,"Methods, 'Preprocessing of datasets for atlas building' / re-annotation marker list","we relied on the following cell type markers across multiple datasets ... immune: Cd52, Lyz2, Ptprc",exclude,非目标细胞类型（immune），不在 Schwann cell 范围内。,True,41,1.0,True,True,pass
DOI_10.1038_s42255-023-00876-x,A_exclude,immune,,mouse,Ptprc,Ptprc,exact,annotation_marker,positive,"Methods, 'Preprocessing of datasets for atlas building' / re-annotation marker list","we relied on the following cell type markers across multiple datasets ... immune: Cd52, Lyz2, Ptprc",exclude,非目标细胞类型（immune），不在 Schwann cell 范围内。,True,41,1.0,True,True,pass
DOI_10.1038_s42255-023-00876-x,A_exclude,stellate-activated,,mouse,Col1a2,Col1a2,exact,annotation_marker,positive,"Methods, 'Preprocessing of datasets for atlas building' / re-annotation marker list","we relied on the following cell type markers across multiple datasets ... stellate-activated: Col1a2, Bicc1, Pdgfra",exclude,非目标细胞类型（stellate-activated），不在 Schwann cell 范围内。,True,41,1.0,True,True,pass
DOI_10.1038_s42255-023-00876-x,A_exclude,stellate-activated,,mouse,Bicc1,Bicc1,exact,annotation_marker,positive,"Methods, 'Preprocessing of datasets for atlas building' / re-annotation marker list","we relied on the following cell type markers across multiple datasets ... stellate-activated: Col1a2, Bicc1, Pdgfra",exclude,非目标细胞类型（stellate-activated），不在 Schwann cell 范围内。,True,41,1.0,True,True,pass
DOI_10.1038_s42255-023-00876-x,A_exclude,stellate-activated,,mouse,Pdgfra,Pdgfra,exact,annotation_marker,positive,"Methods, 'Preprocessing of datasets for atlas building' / re-annotation marker list","we relied on the following cell type markers across multiple datasets ... stellate-activated: Col1a2, Bicc1, Pdgfra",exclude,非目标细胞类型（stellate-activated），不在 Schwann cell 范围内。,True,41,1.0,True,True,pass
DOI_10.1038_s42255-023-00876-x,A_exclude,stellate-quiescent,,mouse,Ndufa4l2,Ndufa4l2,exact,annotation_marker,positive,"Methods, 'Preprocessing of datasets for atlas building' / re-annotation marker list","we relied on the following cell type markers across multiple datasets ... stellate-quiescent: Ndufa4l2, Acta2, Cspg4, Rgs5",exclude,非目标细胞类型（stellate-quiescent），不在 Schwann cell 范围内。,True,41,1.0,True,True,pass
DOI_10.1038_s42255-023-00876-x,A_exclude,stellate-quiescent,,mouse,Acta2,Acta2,exact,annotation_marker,positive,"Methods, 'Preprocessing of datasets for atlas building' / re-annotation marker list","we relied on the following cell type markers across multiple datasets ... stellate-quiescent: Ndufa4l2, Acta2, Cspg4, Rgs5",exclude,非目标细胞类型（stellate-quiescent），不在 Schwann cell 范围内。,True,41,1.0,True,True,pass
DOI_10.1038_s42255-023-00876-x,A_exclude,stellate-quiescent,,mouse,Cspg4,Cspg4,exact,annotation_marker,positive,"Methods, 'Preprocessing of datasets for atlas building' / re-annotation marker list","we relied on the following cell type markers across multiple datasets ... stellate-quiescent: Ndufa4l2, Acta2, Cspg4, Rgs5",exclude,非目标细胞类型（stellate-quiescent），不在 Schwann cell 范围内。,True,41,1.0,True,True,pass
DOI_10.1038_s42255-023-00876-x,A_exclude,stellate-quiescent,,mouse,Rgs5,Rgs5,exact,annotation_marker,positive,"Methods, 'Preprocessing of datasets for atlas building' / re-annotation marker list","we relied on the following cell type markers across multiple datasets ... stellate-quiescent: Ndufa4l2, Acta2, Cspg4, Rgs5",exclude,非目标细胞类型（stellate-quiescent），不在 Schwann cell 范围内。,True,41,1.0,True,True,pass
DOI_10.1038_s44318-024-00328-6,A_exclude,Alveolar type 2 (AT2) cells,,human,SFTPC,SFTPC,exact,figure_labeled,positive,Fig.1G legend,"surfactant protein production-associated markers including mature SFTPC and SFTPB, LAMP3, NAPSA, and ABCA3, plus typical alveolar type 2 cell lineage markers HTII-280 and HOPX",exclude,Not in target_cell_scope (L4 pulmonary neuroendocrine cell); AT2 marker.,True,12,0.8947,True,True,pass
DOI_10.1038_s44318-024-00328-6,A_exclude,Alveolar type 2 (AT2) cells,,human,SFTPB,SFTPB,exact,figure_labeled,positive,Fig.1G legend,"surfactant protein production-associated markers including mature SFTPC and SFTPB, LAMP3, NAPSA, and ABCA3, plus typical alveolar type 2 cell lineage markers HTII-280 and HOPX",exclude,Not in target_cell_scope (L4 pulmonary neuroendocrine cell); AT2 marker.,True,12,0.8947,True,True,pass
DOI_10.1038_s44318-024-00328-6,A_exclude,Alveolar type 2 (AT2) cells,,human,LAMP3,LAMP3,exact,figure_labeled,positive,Fig.1G legend,"surfactant protein production-associated markers including mature SFTPC and SFTPB, LAMP3, NAPSA, and ABCA3, plus typical alveolar type 2 cell lineage markers HTII-280 and HOPX",exclude,Not in target_cell_scope (L4 pulmonary neuroendocrine cell); AT2 marker.,True,12,0.8947,True,True,pass
DOI_10.1038_s44318-024-00328-6,A_exclude,Alveolar type 2 (AT2) cells,,human,NAPSA,NAPSA,exact,figure_labeled,positive,Fig.1G legend,"surfactant protein production-associated markers including mature SFTPC and SFTPB, LAMP3, NAPSA, and ABCA3, plus typical alveolar type 2 cell lineage markers HTII-280 and HOPX",exclude,Not in target_cell_scope (L4 pulmonary neuroendocrine cell); AT2 marker.,True,12,0.8947,True,True,pass
DOI_10.1038_s44318-024-00328-6,A_exclude,Alveolar type 2 (AT2) cells,,human,ABCA3,ABCA3,exact,figure_labeled,positive,Fig.1G legend,"surfactant protein production-associated markers including mature SFTPC and SFTPB, LAMP3, NAPSA, and ABCA3, plus typical alveolar type 2 cell lineage markers HTII-280 and HOPX",exclude,Not in target_cell_scope (L4 pulmonary neuroendocrine cell); AT2 marker.,True,12,0.8947,True,True,pass
DOI_10.1038_s44318-024-00328-6,A_exclude,Alveolar type 2 (AT2) cells,,human,HTII-280,HTII-280,non_gene_entity,figure_labeled,positive,Fig.1G legend,typical alveolar type 2 cell lineage markers HTII-280 and HOPX,exclude,HTII-280 is an antibody/antigen rather than a unique gene; also an AT2 marker outside NE target scope.,True,12,0.875,True,True,fail_symbol
DOI_10.1038_s44318-024-00328-6,A_exclude,Alveolar type 2 (AT2) cells,,human,E-cadherin,CDH1,alias_resolved,author_declared,positive,"Results, fdAT2 organoid characterization","the organoids express proteins required for surfactant production, such as LAMP3, ABCA3, and Napsin-A, as well as typical AT2 markers HTII-280, E-cadherin and HOPX",exclude,Not in target_cell_scope (L4 pulmonary neuroendocrine cell); canonical AT2 marker.,True,12,0.9375,True,True,pass
DOI_10.1038_s44318-024-00328-6,A_exclude,Alveolar type 2 (AT2) cells,,human,HOPX,HOPX,exact,author_declared,positive,"Results, fdAT2 organoid characterization","the organoids express proteins required for surfactant production, such as LAMP3, ABCA3, and Napsin-A, as well as typical AT2 markers HTII-280, E-cadherin and HOPX",exclude,Not in target_cell_scope (L4 pulmonary neuroendocrine cell); AT2 marker.,True,12,0.9375,True,True,pass
DOI_10.1038_s44318-024-00328-6,A_exclude,AT2-like (fdAT2 organoid cells),,human,SFTPC,SFTPC,exact,figure_labeled,positive,"Fig.1J,K legend","UMAP plots showing transcript expression of AT2 lineage markers SFTPC, SFTPB, SFTPA1, NASPA (J) and CXCL1 (K)",exclude,Not in target_cell_scope (L4 pulmonary neuroendocrine cell); AT2 lineage marker.,True,12,0.8462,True,True,pass
DOI_10.1038_s44318-024-00328-6,A_exclude,AT2-like (fdAT2 organoid cells),,human,SFTPB,SFTPB,exact,figure_labeled,positive,"Fig.1J,K legend","UMAP plots showing transcript expression of AT2 lineage markers SFTPC, SFTPB, SFTPA1, NASPA (J) and CXCL1 (K)",exclude,Not in target_cell_scope (L4 pulmonary neuroendocrine cell); AT2 lineage marker.,True,12,0.8462,True,True,pass
DOI_10.1038_s44318-024-00328-6,A_exclude,AT2-like (fdAT2 organoid cells),,human,SFTPA1,SFTPA1,exact,figure_labeled,positive,"Fig.1J,K legend","UMAP plots showing transcript expression of AT2 lineage markers SFTPC, SFTPB, SFTPA1, NASPA (J) and CXCL1 (K)",exclude,Not in target_cell_scope (L4 pulmonary neuroendocrine cell); AT2 lineage marker.,True,12,0.8462,True,True,pass
DOI_10.1038_s44318-024-00328-6,A_exclude,AT2-like (fdAT2 organoid cells),,human,NASPA,NAPSA,alias_resolved,figure_labeled,positive,"Fig.1J,K legend","UMAP plots showing transcript expression of AT2 lineage markers SFTPC, SFTPB, SFTPA1, NASPA (J) and CXCL1 (K)",exclude,"Not in target_cell_scope; NASPA is a typo for NAPSA, an AT2 lineage marker.",True,12,0.8462,True,True,pass
DOI_10.1038_s44318-024-00328-6,A_exclude,AT2-like (fdAT2 organoid cells),,human,CXCL1,CXCL1,exact,figure_labeled,positive,"Fig.1J,K legend","UMAP plots showing transcript expression of AT2 lineage markers SFTPC, SFTPB, SFTPA1, NASPA (J) and CXCL1 (K)",exclude,"Not in target_cell_scope; AT2-like chemokine-expressing subset marker, not pulmonary neuroendocrine.",True,12,0.8462,True,True,pass
DOI_10.1038_s44318-024-00328-6,A_exclude,AT2-like (fdAT2 organoid cells),,human,HTII-280,HTII-280,non_gene_entity,figure_labeled,positive,Fig.1G legend,typical alveolar type 2 cell lineage markers HTII-280 and HOPX,exclude,HTII-280 is an antibody/antigen rather than a gene; outside NE target scope.,True,12,0.875,True,True,fail_symbol
DOI_10.1038_s44318-024-00328-6,A_exclude,AT2-like (fdAT2 organoid cells),,human,E-cadherin,CDH1,alias_resolved,author_declared,positive,"Results, fdAT2 organoid characterization","the organoids express proteins required for surfactant production, such as LAMP3, ABCA3, and Napsin-A, as well as typical AT2 markers HTII-280, E-cadherin and HOPX",exclude,Not in target_cell_scope (L4 pulmonary neuroendocrine cell); AT2 marker.,True,12,0.9375,True,True,pass
DOI_10.1038_s44318-024-00328-6,A_exclude,AT2-like (fdAT2 organoid cells),,human,HOPX,HOPX,exact,author_declared,positive,"Results, fdAT2 organoid characterization","the organoids express proteins required for surfactant production, such as LAMP3, ABCA3, and Napsin-A, as well as typical AT2 markers HTII-280, E-cadherin and HOPX",exclude,Not in target_cell_scope (L4 pulmonary neuroendocrine cell); AT2 marker.,True,12,0.9375,True,True,pass
DOI_10.1038_s44318-024-00328-6,A_exclude,AT2-like (fdAT2 organoid cells),,human,LAMP3,LAMP3,exact,figure_labeled,positive,Fig.1G legend,"surfactant protein production-associated markers including mature SFTPC and SFTPB, LAMP3, NAPSA, and ABCA3, plus typical alveolar type 2 cell lineage markers HTII-280 and HOPX",exclude,Not in target_cell_scope (L4 pulmonary neuroendocrine cell); AT2 marker.,True,12,0.8947,True,True,pass
DOI_10.1038_s44318-024-00328-6,A_exclude,AT2-like (fdAT2 organoid cells),,human,NAPSA,NAPSA,exact,figure_labeled,positive,Fig.1G legend,"surfactant protein production-associated markers including mature SFTPC and SFTPB, LAMP3, NAPSA, and ABCA3, plus typical alveolar type 2 cell lineage markers HTII-280 and HOPX",exclude,Not in target_cell_scope (L4 pulmonary neuroendocrine cell); AT2 marker.,True,12,0.8947,True,True,pass
DOI_10.1038_s44318-024-00328-6,A_exclude,AT2-like (fdAT2 organoid cells),,human,ABCA3,ABCA3,exact,figure_labeled,positive,Fig.1G legend,"surfactant protein production-associated markers including mature SFTPC and SFTPB, LAMP3, NAPSA, and ABCA3, plus typical alveolar type 2 cell lineage markers HTII-280 and HOPX",exclude,Not in target_cell_scope (L4 pulmonary neuroendocrine cell); AT2 marker.,True,12,0.8947,True,True,pass
DOI_10.1038_s44318-024-00328-6,A_exclude,AT2-like (fdAT2 organoid cells),,human,SOX9,SOX9,exact,author_declared,unknown,"Results, fdAT2 organoid characterization","whereas a fetal tip progenitor marker, SOX9 was not detected",exclude,"Not in target_cell_scope; SOX9 is a fetal tip progenitor marker used as a negative AT2 marker, not pulmonary neuroendocrine.",True,12,1.0,True,True,pass
DOI_10.1038_s44318-024-00328-6,A_exclude,CXCL+ AT2-like,AT2-like,human,CXCL1,CXCL1,exact,cluster_enriched,positive,Fig.1H cell type label; Fig.1K UMAP,CXCL+ AT2-like cluster name; UMAP plot showing transcript expression of CXCL1,exclude,"Not in target_cell_scope; AT2-like chemokine cluster, not pulmonary neuroendocrine. Existing candidate already context_only.",False,12,0.6,False,True,fail_citation
DOI_10.1038_s44318-024-00328-6,A_exclude,Fetal tip progenitor,,human,SOX9,SOX9,exact,author_declared,positive,"Results, fdAT2 organoid characterization","a fetal tip progenitor marker, SOX9",exclude,Not in target_cell_scope (L4 pulmonary neuroendocrine cell); fetal tip progenitor marker.,True,12,1.0,True,True,pass
DOI_10.1038_s44318-024-00328-6,A_exclude,SCGB3A2+ airway progenitor,,human,SCGB3A2,SCGB3A2,exact,cluster_enriched,positive,"Results, fdAT2 organoid derivation",the more proximal SCGB3A2+ airway progenitors,exclude,Not in target_cell_scope (L4 pulmonary neuroendocrine cell); proximal airway progenitor marker.,True,12,1.0,True,True,pass
DOI_10.1038_s44318-024-00328-6,A_exclude,EpCAM+ epithelial cells,,human,EpCAM,EPCAM,alias_resolved,cluster_enriched,positive,Fig.1A experimental scheme,EpCAM+ microbeads / EpCAM+ epithelial cells used for enrichment from human fetal lung,exclude,"Not in target_cell_scope; epithelial enrichment marker, not pulmonary neuroendocrine.",True,12,1.0,True,True,pass
DOI_10.1038_s44318-024-00328-6,A_exclude,Alveolar type 2 cell (AT2),,human,SFTPC,SFTPC,exact,author_declared,positive,"Results, Fig. 1H-K characterization paragraph","co-expressing SFTPC and other canonical AT2 markers, suggesting they originate from AT2-like cells",exclude,Not in target_cell_scope (L4 pulmonary neuroendocrine cell); AT2 marker.,True,12,0.7778,True,True,pass
DOI_10.1038_s44318-024-00328-6,A_exclude,Alveolar type 1 cell (AT1),,human,AQP5,AQP5,exact,author_declared,positive,"Results, 'Adult AT2 cells function as facultative progenitors' paragraph","the fdAT2 organoids showed upregulation of AT1 fate markers, such as AQP5, CAV1, and AGER, and downregulation of SFTPC and SFTPC-GFP",exclude,Not in target_cell_scope (L4 pulmonary neuroendocrine cell); AT1 marker.,True,12,0.8462,True,True,pass
DOI_10.1038_s44318-024-00328-6,A_exclude,Alveolar type 1 cell (AT1),,human,CAV1,CAV1,exact,author_declared,positive,"Results, 'Adult AT2 cells function as facultative progenitors' paragraph","the fdAT2 organoids showed upregulation of AT1 fate markers, such as AQP5, CAV1, and AGER, and downregulation of SFTPC and SFTPC-GFP",exclude,Not in target_cell_scope (L4 pulmonary neuroendocrine cell); AT1 marker.,True,12,0.8462,True,True,pass
DOI_10.1038_s44318-024-00328-6,A_exclude,Alveolar type 1 cell (AT1),,human,AGER,AGER,exact,author_declared,positive,"Results, 'Adult AT2 cells function as facultative progenitors' paragraph","the fdAT2 organoids showed upregulation of AT1 fate markers, such as AQP5, CAV1, and AGER, and downregulation of SFTPC and SFTPC-GFP",exclude,Not in target_cell_scope (L4 pulmonary neuroendocrine cell); AT1 marker.,True,12,0.8462,True,True,pass
DOI_10.1038_s44318-024-00328-6,A_exclude,Alveolar type 1 cell (AT1),,human,SFTPC,SFTPC,exact,author_declared,unknown,"Results, PCLS differentiation paragraph","nearly 100% of the RFP+ cells co-expressed the AT1 lineage markers, CAV1 and AGER, and rarely expressed the SFTPC-GFP reporter or SFTPC protein",exclude,"Not in target_cell_scope; AT2 gene downregulated during AT1 differentiation, not pulmonary neuroendocrine.",True,12,1.0,True,True,pass
DOI_10.1038_s44318-024-00328-6,A_exclude,EpCAM+ epithelial cells,tip epithelial cells,human,EpCAM,EPCAM,alias_resolved,cluster_enriched,positive,Methods - Derivation and in vitro culture of human alveolar type 2-like organoids,incubated with EpCAM(CD326) microbeads to isolate EpCAM+ epithelial cells containing mostly tip epithelial cells,exclude,"Not in target_cell_scope; epithelial cell isolation/enrichment marker, not pulmonary neuroendocrine.",True,12,1.0,True,True,duplicate_pool
DOI_10.1038_s44318-024-00328-6,A_exclude,tip progenitor cells,,human,SFTPC,SFTPC,exact,cluster_enriched,positive,Methods - Derivation and in vitro culture of human alveolar type 2-like organoids (SFTPC-GFP reporter),"For SFTPC-GFP (this manuscript), or SCGB3A2-GFP reporter cell generation, the isolated tip progenitor cells or proximal airway cells were immediately transduced and selected based on SFTPC-GFP or SCGB3A2-GFP with EF1a-TagRFP reporter expression by flow cytometry",exclude,"Not in target_cell_scope; tip progenitor/AT2 reporter context, not pulmonary neuroendocrine.",True,12,0.9474,True,True,pass
DOI_10.1038_s44318-024-00328-6,A_exclude,proximal airway cells,,human,SCGB3A2,SCGB3A2,exact,cluster_enriched,positive,Methods - Derivation and in vitro culture of human alveolar type 2-like organoids (SCGB3A2-GFP reporter),"For SFTPC-GFP (this manuscript), or SCGB3A2-GFP reporter cell generation, the isolated tip progenitor cells or proximal airway cells were immediately transduced and selected based on SFTPC-GFP or SCGB3A2-GFP with EF1a-TagRFP reporter expression by flow cytometry",exclude,"Not in target_cell_scope; proximal airway progenitor marker, not pulmonary neuroendocrine.",True,12,0.9474,True,True,pass
DOI_10.1038_s44318-024-00328-6,A_exclude,fdAT2 organoids (alveolar type 2-like),,human,SFTPC,SFTPC,exact,cluster_enriched,positive,Methods - Alveolar type 1 (AT1) lineage differentiation of fdAT2 organoids in vitro and ex vivo,"fdAT2 organoids expressing SFTPC-GFP+ and TagRFP+ were dissociated into single cells, 2×105 cells mixed with 100μl 50% matrigel and directly injected into each lung lobe",exclude,"Not in target_cell_scope; AT2 reporter/organoid context, not pulmonary neuroendocrine.",True,12,1.0,True,True,pass
DOI_10.1101_2024.10.23.619925,A_exclude,CAFs,,human,DCN,DCN,exact,annotation_marker,positive,"Results, 'Characterisation of SMCs and CAFs in the PCa TME' (p.23)",Fibroblasts were identified by the expression of the canonical markers DCN and PDGFRA,exclude,CAF marker，非目标细胞（Myelinating Schwann cell）范围。,True,26,1.0,True,True,pass
DOI_10.1101_2024.10.23.619925,A_exclude,CAFs,,human,PDGFRA,PDGFRA,exact,annotation_marker,positive,"Results, 'Characterisation of SMCs and CAFs in the PCa TME' (p.23)",Fibroblasts were identified by the expression of the canonical markers DCN and PDGFRA,exclude,CAF marker，非目标细胞（Myelinating Schwann cell）范围。,True,26,1.0,True,True,pass
DOI_10.1101_2024.10.23.619925,A_exclude,CAFs,,human,ACTA2,ACTA2,exact,reference_imported,positive,"Results, 'Characterisation of SMCs and CAFs in the PCa TME' (p.23)","canonical markers of i) fibroblast activation (e.g., ACTA2, FAP)",exclude,CAF activation marker，非目标细胞范围。,True,26,1.0,True,True,pass
DOI_10.1101_2024.10.23.619925,A_exclude,CAFs,,human,FAP,FAP,exact,reference_imported,positive,"Results, 'Characterisation of SMCs and CAFs in the PCa TME' (p.23)","canonical markers of i) fibroblast activation (e.g., ACTA2, FAP)",exclude,CAF activation marker，非目标细胞范围。,True,26,1.0,True,True,pass
DOI_10.1101_2024.10.23.619925,A_exclude,CAFs,,human,TGFB1,TGFB1,exact,reference_imported,positive,"Results, 'Characterisation of SMCs and CAFs in the PCa TME' (p.23)",canonical markers of ... TGFb signalling (TGFB1 and receptors TGFBR1/2),exclude,TGFb signalling marker，非目标细胞范围。,True,26,1.0,True,True,pass
DOI_10.1101_2024.10.23.619925,A_exclude,CAFs,,human,TGFBR1,TGFBR1,exact,reference_imported,positive,"Results, 'Characterisation of SMCs and CAFs in the PCa TME' (p.23)",canonical markers of ... TGFb signalling (TGFB1 and receptors TGFBR1/2),exclude,TGFb signalling marker，非目标细胞范围。,True,26,1.0,True,True,pass
DOI_10.1101_2024.10.23.619925,A_exclude,CAFs,,human,TGFBR2,TGFBR2,exact,reference_imported,positive,"Results, 'Characterisation of SMCs and CAFs in the PCa TME' (p.23)",canonical markers of ... TGFb signalling (TGFB1 and receptors TGFBR1/2),exclude,TGFb signalling marker，非目标细胞范围。,True,26,1.0,True,True,pass
DOI_10.1101_2024.10.23.619925,A_exclude,stromal cells,,human,ACTA2,ACTA2,exact,reference_imported,positive,Introduction p.4,"Stromal phenotyping has historically employed a narrow set of protein markers - such as alpha-smooth muscle actin (ACTA2), vimentin (VIM), and CD90 (THY1)",exclude,历史性基质蛋白 marker，非目标细胞范围。,True,26,1.0,True,True,pass
DOI_10.1101_2024.10.23.619925,A_exclude,stromal cells,,human,VIM,VIM,exact,reference_imported,positive,Introduction p.4,"Stromal phenotyping has historically employed a narrow set of protein markers - such as alpha-smooth muscle actin (ACTA2), vimentin (VIM), and CD90 (THY1)",exclude,历史性基质蛋白 marker，非目标细胞范围。,True,26,1.0,True,True,pass
DOI_10.1101_2024.10.23.619925,A_exclude,stromal cells,,human,THY1,THY1,exact,reference_imported,positive,Introduction p.4,"Stromal phenotyping has historically employed a narrow set of protein markers - such as alpha-smooth muscle actin (ACTA2), vimentin (VIM), and CD90 (THY1)",exclude,历史性基质蛋白 marker，非目标细胞范围。,True,26,1.0,True,True,pass
DOI_10.1101_2024.10.23.619925,A_exclude,Luminal,,human,KLK3,KLK3,exact,annotation_marker,positive,"Results, 'Characterisation of the epithelial lineage...' (p.10)","ten Luminal (KLK3, NKX3-1, MSMB)",exclude,上皮 Luminal marker，非目标细胞范围。,True,26,1.0,True,True,pass
DOI_10.1101_2024.10.23.619925,A_exclude,Luminal,,human,NKX3-1,NKX3-1,exact,annotation_marker,positive,"Results, 'Characterisation of the epithelial lineage...' (p.10)","ten Luminal (KLK3, NKX3-1, MSMB)",exclude,上皮 Luminal marker，非目标细胞范围。,True,26,1.0,True,True,pass
DOI_10.1101_2024.10.23.619925,A_exclude,Luminal,,human,MSMB,MSMB,exact,annotation_marker,positive,"Results, 'Characterisation of the epithelial lineage...' (p.10)","ten Luminal (KLK3, NKX3-1, MSMB)",exclude,上皮 Luminal marker，非目标细胞范围。,True,26,1.0,True,True,pass
DOI_10.1101_2024.10.23.619925,A_exclude,Luminal-like,,human,KLK3,KLK3,exact,author_declared,positive,"Results, 'Characterisation of the epithelial lineage...' (p.10)",Luminal-like cells expressed both luminal (KLK3) and club (PIGR) cell markers,exclude,上皮 Luminal-like marker，非目标细胞范围。,True,26,1.0,True,True,pass
DOI_10.1101_2024.10.23.619925,A_exclude,Luminal-like,,human,PIGR,PIGR,exact,author_declared,positive,"Results, 'Characterisation of the epithelial lineage...' (p.10)",Luminal-like cells expressed both luminal (KLK3) and club (PIGR) cell markers,exclude,上皮 Luminal-like/Club marker，非目标细胞范围。,True,26,1.0,True,True,pass
DOI_10.1101_2024.10.23.619925,A_exclude,Club,,human,PIGR,PIGR,exact,annotation_marker,positive,"Results, 'Characterisation of the epithelial lineage...' (p.10)","five Club (SCGB3A1, LCN2, PIGR)",exclude,上皮 Club marker，非目标细胞范围。,True,26,1.0,True,True,pass
DOI_10.1101_2024.10.23.619925,A_exclude,Club,,human,SCGB3A1,SCGB3A1,exact,annotation_marker,positive,"Results, 'Characterisation of the epithelial lineage...' (p.10)","five Club (SCGB3A1, LCN2, PIGR)",exclude,上皮 Club marker，非目标细胞范围。,True,26,1.0,True,True,pass
DOI_10.1101_2024.10.23.619925,A_exclude,Club,,human,LCN2,LCN2,exact,annotation_marker,positive,"Results, 'Characterisation of the epithelial lineage...' (p.10)","five Club (SCGB3A1, LCN2, PIGR)",exclude,上皮 Club marker，非目标细胞范围。,True,26,1.0,True,True,pass
DOI_10.1101_2024.10.23.619925,A_exclude,Club,"resting-state (SCGB3A1+/c5, OLFM4+/c9)",human,SCGB3A1,SCGB3A1,exact,annotation_marker,positive,"Results, 'Characterisation of the epithelial lineage...' (p.11)","SCGB3A1high (Fig. 2E), a marker previously suggested to indicate a 'resting-state' Club cell phenotype",exclude,上皮 Club 亚型 marker，非目标细胞范围。,True,26,0.9091,True,True,duplicate_pool
DOI_10.1101_2024.10.23.619925,A_exclude,Basal,,human,KRT5,KRT5,exact,annotation_marker,positive,"Results, 'Characterisation of the epithelial lineage...' (p.10)","five Basal (KRT5, KRT15, DST, TP63)",exclude,上皮 Basal marker，非目标细胞范围。,True,26,1.0,True,True,pass
DOI_10.1101_2024.10.23.619925,A_exclude,Basal,,human,KRT15,KRT15,exact,annotation_marker,positive,"Results, 'Characterisation of the epithelial lineage...' (p.10)","five Basal (KRT5, KRT15, DST, TP63)",exclude,上皮 Basal marker，非目标细胞范围。,True,26,1.0,True,True,pass
DOI_10.1101_2024.10.23.619925,A_exclude,Basal,,human,DST,DST,exact,annotation_marker,positive,"Results, 'Characterisation of the epithelial lineage...' (p.10)","five Basal (KRT5, KRT15, DST, TP63)",exclude,上皮 Basal marker，非目标细胞范围。,True,26,1.0,True,True,pass
DOI_10.1101_2024.10.23.619925,A_exclude,Basal,,human,TP63,TP63,exact,annotation_marker,positive,"Results, 'Characterisation of the epithelial lineage...' (p.10)","five Basal (KRT5, KRT15, DST, TP63)",exclude,上皮 Basal marker，非目标细胞范围。,True,26,1.0,True,True,pass
DOI_10.1101_2024.10.23.619925,A_exclude,Basal,ionocyte-like (RARRES2+/c17),human,RARRES2,RARRES2,exact,annotation_marker,positive,"Results, 'Characterisation of the epithelial lineage...' (p.10)","cluster 'RARRES2+/c17' resembled ionocytes (KRT5, KRT15+ and RARRES2, FOXI1+)",exclude,上皮 ionocyte-like Basal marker，非目标细胞范围。,True,26,0.875,True,True,pass
DOI_10.1101_2024.10.23.619925,A_exclude,Basal,ionocyte-like (RARRES2+/c17),human,FOXI1,FOXI1,exact,annotation_marker,positive,"Results, 'Characterisation of the epithelial lineage...' (p.10)","cluster 'RARRES2+/c17' resembled ionocytes (KRT5, KRT15+ and RARRES2, FOXI1+)",exclude,上皮 ionocyte-like Basal marker，非目标细胞范围。,True,26,0.875,True,True,pass
DOI_10.1101_2024.10.23.619925,A_exclude,Basal,"Hillock-like (S100A2+/c2, PLCG2+/c3)",human,KRT13,KRT13,exact,annotation_marker,positive,"Results, 'Characterisation of the epithelial lineage...' (p.10)",clusters 'S100A2+/c2' and 'PLCG2+/c3' were KRT5+KRT13+ and enriched in Basal and Hillock signatures,exclude,上皮 Hillock-like marker，非目标细胞范围。,True,26,0.8182,True,True,pass
DOI_10.1101_2024.10.23.619925,A_exclude,NE,,human,CHGA,CHGA,exact,annotation_marker,positive,"Results, 'Characterisation of the epithelial lineage...' (p.10)",The rare NE phenotype (n = 24 cells) was CHGA+CALCA+,exclude,神经内分泌上皮 marker，非目标细胞范围。,True,26,1.0,True,True,pass
DOI_10.1101_2024.10.23.619925,A_exclude,NE,,human,CALCA,CALCA,exact,annotation_marker,positive,"Results, 'Characterisation of the epithelial lineage...' (p.10)",The rare NE phenotype (n = 24 cells) was CHGA+CALCA+,exclude,神经内分泌上皮 marker，非目标细胞范围。,True,26,1.0,True,True,pass
DOI_10.1101_2024.10.23.619925,A_exclude,Ciliated,,human,CAPS,CAPS,exact,annotation_marker,positive,"Results, 'Characterisation of the epithelial lineage...' (p.10)",Ciliated cells (n = 45 cells) were CAPS+ (Dinh et al. 2021),exclude,纤毛上皮 marker，非目标细胞范围。,True,26,1.0,True,True,pass
DOI_10.1101_2024.10.23.619925,A_exclude,SMCs,,human,ACTA2,ACTA2,exact,annotation_marker,positive,"Results, 'Characterisation of SMCs and CAFs in the PCa TME' (p.22)",All were characterised by high expression of ACTA2,exclude,SMC marker，非目标细胞范围。,True,26,1.0,True,True,pass
DOI_10.1101_2024.10.23.619925,A_exclude,SMCs,Mural cells,human,PDGFRB,PDGFRB,exact,annotation_marker,positive,"Results, 'Characterisation of SMCs and CAFs in the PCa TME' (p.22)",three also expressing the mural cell marker PDGFRB (Bondjers et al. 2003),exclude,SMC/Mural marker，非目标细胞范围。,True,26,1.0,True,True,pass
DOI_10.1101_2024.10.23.619925,A_exclude,vSMCs,,human,RERGL,RERGL,exact,author_declared,positive,"Results, 'Characterisation of SMCs and CAFs in the PCa TME' (p.22)",We identified RERGL as a marker of vSMCs in the prostate,exclude,vSMC marker，非目标细胞范围。,True,26,1.0,True,True,pass
DOI_10.1101_2024.10.23.619925,A_exclude,vSMCs,,human,BCAM,BCAM,exact,annotation_marker,positive,"Results, 'Characterisation of SMCs and CAFs in the PCa TME' (p.22)",vascular SMCs (vSMCs; RERGL+/BCAM+/PLN+),exclude,vSMC marker，非目标细胞范围。,True,26,1.0,True,True,pass
DOI_10.1101_2024.10.23.619925,A_exclude,vSMCs,,human,PLN,PLN,exact,annotation_marker,positive,"Results, 'Characterisation of SMCs and CAFs in the PCa TME' (p.22)",vascular SMCs (vSMCs; RERGL+/BCAM+/PLN+),exclude,vSMC marker，非目标细胞范围。,True,26,1.0,True,True,pass
DOI_10.1101_2024.10.23.619925,A_exclude,vSMCs,,human,NDUFA4L2,NDUFA4L2,exact,reference_imported,unknown,"Results, 'Characterisation of SMCs and CAFs in the PCa TME' (p.22)",markers previously reported for ... vSMCs (NDUFA4L2; Yang Chen et al. 2022) were variably expressed in both mural cell types,exclude,文献报道 vSMC marker，非目标细胞范围。,True,26,1.0,True,True,pass
DOI_10.1101_2024.10.23.619925,A_exclude,Pericytes,,human,THY1,THY1,exact,annotation_marker,positive,"Results, 'Characterisation of SMCs and CAFs in the PCa TME' (p.22)",Pericytes (THY1+/COL6A3+/GGT5+),exclude,Pericyte marker，非目标细胞范围。,True,26,1.0,True,True,pass
DOI_10.1101_2024.10.23.619925,A_exclude,Pericytes,,human,COL6A3,COL6A3,exact,annotation_marker,positive,"Results, 'Characterisation of SMCs and CAFs in the PCa TME' (p.22)",Pericytes (THY1+/COL6A3+/GGT5+),exclude,Pericyte marker，非目标细胞范围。,True,26,1.0,True,True,pass
DOI_10.1101_2024.10.23.619925,A_exclude,Pericytes,,human,GGT5,GGT5,exact,annotation_marker,positive,"Results, 'Characterisation of SMCs and CAFs in the PCa TME' (p.22)",Pericytes (THY1+/COL6A3+/GGT5+),exclude,Pericyte marker，非目标细胞范围。,True,26,1.0,True,True,pass
DOI_10.1101_2024.10.23.619925,A_exclude,Pericytes,,human,RGS5,RGS5,exact,reference_imported,unknown,"Results, 'Characterisation of SMCs and CAFs in the PCa TME' (p.22)",markers previously reported for Pericytes (RGS5; Mitchell et al. 2008) were variably expressed in both mural cell types,exclude,文献报道 pericyte marker，非目标细胞范围。,True,26,1.0,True,True,pass
DOI_10.1101_2024.10.23.619925,A_exclude,Pericytes,,human,CSPG4,CSPG4,exact,reference_imported,unknown,"Results, 'Characterisation of SMCs and CAFs in the PCa TME' (p.22)","CSPG4 (encoding NG2), sometimes reported as a pericyte marker (Hosaka et al. 2016), was enriched in vSMCs in our data",exclude,文献报道 pericyte marker，且本文数据不支持用于 Pericytes，非目标细胞范围。,True,26,1.0,True,True,pass
DOI_10.1101_2024.10.23.619925,A_exclude,pSMCs,,human,ACTG2,ACTG2,exact,annotation_marker,positive,"Results, 'Characterisation of SMCs and CAFs in the PCa TME' (p.22)",pSMCs (ACTG2+/CNN1+ and PDGFRBlow),exclude,pSMC marker，非目标细胞范围。,True,26,1.0,True,True,pass
DOI_10.1101_2024.10.23.619925,A_exclude,pSMCs,,human,CNN1,CNN1,exact,annotation_marker,positive,"Results, 'Characterisation of SMCs and CAFs in the PCa TME' (p.22)",pSMCs (ACTG2+/CNN1+ and PDGFRBlow),exclude,pSMC marker，非目标细胞范围。,True,26,1.0,True,True,pass
DOI_10.1101_2024.10.23.619925,A_exclude,pSMCs,,human,PDGFRB,PDGFRB,exact,annotation_marker,negative,"Results, 'Characterisation of SMCs and CAFs in the PCa TME' (p.22)",pSMCs (ACTG2+/CNN1+ and PDGFRBlow),exclude,pSMC 定义中的低表达 marker，非目标细胞范围。,True,26,1.0,True,True,pass
DOI_10.1101_2024.10.23.619925,A_exclude,SMCs_IFN,,human,ISG15,ISG15,exact,annotation_marker,positive,"Results, 'Characterisation of SMCs and CAFs in the PCa TME' (p.22)",SMCs_IFN (ISG15+/IFI6+),exclude,SMC 亚型 marker，非目标细胞范围。,True,26,1.0,True,True,pass
DOI_10.1101_2024.10.23.619925,A_exclude,SMCs_IFN,,human,IFI6,IFI6,exact,annotation_marker,positive,"Results, 'Characterisation of SMCs and CAFs in the PCa TME' (p.22)",SMCs_IFN (ISG15+/IFI6+),exclude,SMC 亚型 marker，非目标细胞范围。,True,26,1.0,True,True,pass
DOI_10.1101_2024.10.23.619925,A_exclude,uniCAFs,,human,DPT,DPT,exact,figure_labeled,positive,"Fig. 4D legend; Results, 'Characterisation of SMCs and CAFs in the PCa TME' (p.24)","Figure 4D legend: 'universal fibroblasts (DPT, PI16)'; uniCAFs displayed high DPT and PI16 expression",exclude,uniCAF marker，非目标细胞范围。,True,26,0.9091,True,True,pass
DOI_10.1101_2024.10.23.619925,A_exclude,uniCAFs,,human,PI16,PI16,exact,figure_labeled,positive,"Fig. 4D legend; Results, 'Characterisation of SMCs and CAFs in the PCa TME' (p.24)","Figure 4D legend: 'universal fibroblasts (DPT, PI16)'; uniCAFs displayed high DPT and PI16 expression",exclude,uniCAF marker，非目标细胞范围。,True,26,0.9091,True,True,pass
DOI_10.1101_2024.10.23.619925,A_exclude,iCAFs,,human,CXCL12,CXCL12,exact,figure_labeled,positive,Fig. 4D legend,immunomodulatory CAFs (iCAFs; CXCL12),exclude,iCAF marker，非目标细胞范围。,True,26,1.0,True,True,pass
DOI_10.1101_2024.10.23.619925,A_exclude,pnCAFs,,human,DPT,DPT,exact,author_declared,negative,Discussion p.39,"a novel, specialised pnCAF phenotype (DPTlow and PI16high)",exclude,pnCAF 表型 marker（DPTlow），非目标细胞范围。,True,26,1.0,True,True,pass
DOI_10.1101_2024.10.23.619925,A_exclude,pnCAFs,,human,PI16,PI16,exact,author_declared,positive,Discussion p.39,"a novel, specialised pnCAF phenotype (DPTlow and PI16high)",exclude,pnCAF 表型 marker，非目标细胞范围。,True,26,1.0,True,True,pass
DOI_10.1101_2024.10.23.619925,A_exclude,Club cells,,human,HLA-DRA,HLA-DRA,exact,author_declared,positive,Discussion p.36,We identified a novel antigen-presenting phenotype (HLA-DRA (MHC II) /CD74+) in Club cells,exclude,Club 细胞抗原提呈表型 marker，非目标细胞范围。,True,26,1.0,True,True,pass
DOI_10.1101_2024.10.23.619925,A_exclude,Club cells,,human,CD74,CD74,exact,author_declared,positive,Discussion p.36,We identified a novel antigen-presenting phenotype (HLA-DRA (MHC II) /CD74+) in Club cells,exclude,Club 细胞抗原提呈表型 marker，非目标细胞范围。,True,26,1.0,True,True,pass
DOI_10.1101_2024.10.23.619925,A_exclude,Club cells,,human,PIGR,PIGR,exact,reference_imported,positive,Discussion p.36,an expansion of Club cells (PIGR/LCN2/MMP7/CP+) has been observed by immunohistochemistry ... (Huang et al. 2023),exclude,外部文献报道的 Club 细胞 marker，非本文用于目标细胞，且非目标范围。,True,26,1.0,True,True,pass
DOI_10.1101_2024.10.23.619925,A_exclude,Club cells,,human,LCN2,LCN2,exact,reference_imported,positive,Discussion p.36,an expansion of Club cells (PIGR/LCN2/MMP7/CP+) has been observed by immunohistochemistry ... (Huang et al. 2023),exclude,外部文献报道的 Club 细胞 marker，非本文用于目标细胞，且非目标范围。,True,26,1.0,True,True,pass
DOI_10.1101_2024.10.23.619925,A_exclude,Club cells,,human,MMP7,MMP7,exact,reference_imported,positive,Discussion p.36,an expansion of Club cells (PIGR/LCN2/MMP7/CP+) has been observed by immunohistochemistry ... (Huang et al. 2023),exclude,外部文献报道的 Club 细胞 marker，非本文用于目标细胞，且非目标范围。,True,26,1.0,True,True,pass
DOI_10.1101_2024.10.23.619925,A_exclude,Club cells,,human,CP,CP,exact,reference_imported,positive,Discussion p.36,an expansion of Club cells (PIGR/LCN2/MMP7/CP+) has been observed by immunohistochemistry ... (Huang et al. 2023),exclude,外部文献报道的 Club 细胞 marker，非本文用于目标细胞，且非目标范围。,True,26,1.0,True,True,pass
DOI_10.1101_2024.10.23.619925,A_exclude,Club cells,SAA1+/c15,human,SAA1,SAA1,exact,annotation_marker,positive,Discussion p.36,"two of three Club cell states (“SAA1+/c15”, “CCL20+/c16”) were patient-enriched",exclude,Club 细胞亚群 marker，非目标细胞范围。,True,26,1.0,True,True,pass
DOI_10.1101_2024.10.23.619925,A_exclude,Club cells,CCL20+/c16,human,CCL20,CCL20,exact,annotation_marker,positive,Discussion p.36,"two of three Club cell states (“SAA1+/c15”, “CCL20+/c16”) were patient-enriched",exclude,Club 细胞亚群 marker，非目标细胞范围。,True,26,1.0,True,True,pass
DOI_10.1101_2024.10.23.619925,A_exclude,NPF-like CAFs,,human,PTGS2,PTGS2,exact,author_declared,positive,Discussion p.39,"NPF-like population, characterised by PTGS2 (COX2), and PTGDS (PGD2) expression",exclude,NPF-like CAF marker，非目标细胞范围。,True,26,1.0,True,True,pass
DOI_10.1101_2024.10.23.619925,A_exclude,NPF-like CAFs,,human,PTGDS,PTGDS,exact,author_declared,positive,Discussion p.39,"NPF-like population, characterised by PTGS2 (COX2), and PTGDS (PGD2) expression",exclude,NPF-like CAF marker，非目标细胞范围。,True,26,1.0,True,True,pass
DOI_10.1101_2024.10.23.619925,A_exclude,Altered benign MSMB+ cells,,human,MSMB,MSMB,exact,annotation_marker,positive,Discussion p.38,"altered benign MSMB+ cells, despite the presence of CNVs, functionally resemble their normal counterparts with respect to AR signalling",exclude,上皮细胞状态 marker，非目标细胞范围。,True,26,1.0,True,True,pass
DOI_10.1101_2024.10.23.619925,A_exclude,MSMBlow malignant cells,,human,MSMB,MSMB,exact,annotation_marker,negative,Discussion p.38,"MSMBlow malignant cells, which were enriched in PCa-specific AR activity",exclude,上皮恶性细胞状态定义 marker（MSMBlow），非目标细胞范围。,True,26,1.0,True,True,pass
DOI_10.1101_2024.10.23.619925,A_exclude,altered benign MSMB+ cells,,human,MSMB,MSMB,exact,annotation_marker,positive,Methods: Gene-set enrichment analysis,"populations of interest (e.g., altered benign MSMB+ cells versus a malignant cluster)",exclude,上皮细胞状态 marker，非目标细胞范围。,True,26,1.0,True,True,pass
DOI_10.1101_2025.01.17.633590,A_exclude,β cells,,human,INS,INS,exact,author_declared,positive,"Results, line 96","In addition to classic hormone-encoding marker genes such as INS, GCG, SST, PPY, and GHRL, we identified 270 α-, 272 β-, 173 δ-, 130 γ-, and 194 ε-cell signature genes...",exclude,β cells 不属于 target_cell_scope (L2:Schwann cell)。,True,27,1.0,True,True,pass
DOI_10.1101_2025.01.17.633590,A_exclude,α cells,,human,GCG,GCG,exact,author_declared,positive,"Results, line 96","In addition to classic hormone-encoding marker genes such as INS, GCG, SST, PPY, and GHRL...",exclude,α cells 不属于 target_cell_scope (L2:Schwann cell)。,True,27,1.0,True,True,pass
DOI_10.1101_2025.01.17.633590,A_exclude,δ cells,,human,SST,SST,exact,author_declared,positive,"Results, line 96","In addition to classic hormone-encoding marker genes such as INS, GCG, SST, PPY, and GHRL...",exclude,δ cells 不属于 target_cell_scope (L2:Schwann cell)。,True,27,1.0,True,True,pass
DOI_10.1101_2025.01.17.633590,A_exclude,γ cells,,human,PPY,PPY,exact,author_declared,positive,"Results, line 96","In addition to classic hormone-encoding marker genes such as INS, GCG, SST, PPY, and GHRL...",exclude,γ cells 不属于 target_cell_scope (L2:Schwann cell)。,True,27,1.0,True,True,pass
DOI_10.1101_2025.01.17.633590,A_exclude,ε cells,,human,GHRL,GHRL,exact,author_declared,positive,"Results, line 96","In addition to classic hormone-encoding marker genes such as INS, GCG, SST, PPY, and GHRL...",exclude,ε cells 不属于 target_cell_scope (L2:Schwann cell)。,True,27,1.0,True,True,pass
DOI_10.1101_2025.01.17.633590,A_exclude,exocrine cells,,human,REG1A,REG1A,exact,author_declared,positive,"Methods, lines 626-629","the most prominent of which included famous endocrine and exocrine markers such as Insulin (INS), Glucagon (GCG), Somatostatin (SST), Pancreatic Polypeptide (PPY), Regenerating Family Member 1 Alpha (REG1A), Serine Protease 2 (PRSS2)...",exclude,exocrine cells 不属于 target_cell_scope (L2:Schwann cell)。,True,27,1.0,True,True,pass
DOI_10.1101_2025.01.17.633590,A_exclude,exocrine cells,,human,PRSS2,PRSS2,exact,author_declared,positive,"Methods, lines 626-629","the most prominent of which included famous endocrine and exocrine markers such as Insulin (INS), Glucagon (GCG), Somatostatin (SST), Pancreatic Polypeptide (PPY), Regenerating Family Member 1 Alpha (REG1A), Serine Protease 2 (PRSS2)...",exclude,exocrine cells 不属于 target_cell_scope (L2:Schwann cell)。,True,27,1.0,True,True,pass
DOI_10.1101_2025.01.17.633590,A_exclude,β cells,putative high functional β-cell subpopulation (cluster 1),human,ABCC8,ABCC8,exact,cluster_enriched,positive,"Results, lines 391-394","we detected a putative β-cell subpopulation with high functional capacity and/or output exhibiting elevated expression of genes enriched in the ‘insulin secretion’ pathway ... – ABCC8, G6PC2, PDX1, SLC30A8, RBP4 (cluster 1).",exclude,β cells 不属于 target_cell_scope (L2:Schwann cell)。,True,27,1.0,True,True,pass
DOI_10.1101_2025.01.17.633590,A_exclude,β cells,putative high functional β-cell subpopulation (cluster 1),human,G6PC2,G6PC2,exact,cluster_enriched,positive,"Results, lines 391-394","we detected a putative β-cell subpopulation with high functional capacity and/or output exhibiting elevated expression of genes enriched in the ‘insulin secretion’ pathway ... – ABCC8, G6PC2, PDX1, SLC30A8, RBP4 (cluster 1).",exclude,β cells 不属于 target_cell_scope (L2:Schwann cell)。,True,27,1.0,True,True,pass
DOI_10.1101_2025.01.17.633590,A_exclude,β cells,putative high functional β-cell subpopulation (cluster 1),human,PDX1,PDX1,exact,cluster_enriched,positive,"Results, lines 391-394","we detected a putative β-cell subpopulation with high functional capacity and/or output exhibiting elevated expression of genes enriched in the ‘insulin secretion’ pathway ... – ABCC8, G6PC2, PDX1, SLC30A8, RBP4 (cluster 1).",exclude,β cells 不属于 target_cell_scope (L2:Schwann cell)。,True,27,1.0,True,True,pass
DOI_10.1101_2025.01.17.633590,A_exclude,β cells,putative high functional β-cell subpopulation (cluster 1),human,SLC30A8,SLC30A8,exact,cluster_enriched,positive,"Results, lines 391-394","we detected a putative β-cell subpopulation with high functional capacity and/or output exhibiting elevated expression of genes enriched in the ‘insulin secretion’ pathway ... – ABCC8, G6PC2, PDX1, SLC30A8, RBP4 (cluster 1).",exclude,β cells 不属于 target_cell_scope (L2:Schwann cell)。,True,27,1.0,True,True,pass
DOI_10.1101_2025.01.17.633590,A_exclude,β cells,putative high functional β-cell subpopulation (cluster 1),human,RBP4,RBP4,exact,cluster_enriched,positive,"Results, lines 391-394","we detected a putative β-cell subpopulation with high functional capacity and/or output exhibiting elevated expression of genes enriched in the ‘insulin secretion’ pathway ... – ABCC8, G6PC2, PDX1, SLC30A8, RBP4 (cluster 1).",exclude,β cells 不属于 target_cell_scope (L2:Schwann cell)。,True,27,1.0,True,True,pass
DOI_10.1101_2025.01.17.633590,A_exclude,beta,,human,INS,INS,exact,author_declared,positive,"Methods, Cell Annotation section, p.26 (lines 796-798)","The estimated cell types (and indicative markers) were beta (INS), alpha (GCG), delta (SST), gamma (PPY), epsilon (GHRL), ductal (KRT19), acinar (REG1B), stellate (COL1A1), activated stellate (FABP4), endothelial (PLVAP), Schwann (NGFR), immune (C1QC), mast (TPSB2) and proliferating cells (TOP2A).",exclude,beta cells 不属于 target_cell_scope (L2:Schwann cell)。,True,27,1.0,True,True,pass
DOI_10.1101_2025.01.17.633590,A_exclude,alpha,,human,GCG,GCG,exact,author_declared,positive,"Methods, Cell Annotation section, p.26 (lines 796-798)","The estimated cell types (and indicative markers) were beta (INS), alpha (GCG), delta (SST), gamma (PPY), epsilon (GHRL), ductal (KRT19), acinar (REG1B), stellate (COL1A1), activated stellate (FABP4), endothelial (PLVAP), Schwann (NGFR), immune (C1QC), mast (TPSB2) and proliferating cells (TOP2A).",exclude,alpha cells 不属于 target_cell_scope (L2:Schwann cell)。,True,27,1.0,True,True,pass
DOI_10.1101_2025.01.17.633590,A_exclude,delta,,human,SST,SST,exact,author_declared,positive,"Methods, Cell Annotation section, p.26 (lines 796-798)","The estimated cell types (and indicative markers) were beta (INS), alpha (GCG), delta (SST), gamma (PPY), epsilon (GHRL), ductal (KRT19), acinar (REG1B), stellate (COL1A1), activated stellate (FABP4), endothelial (PLVAP), Schwann (NGFR), immune (C1QC), mast (TPSB2) and proliferating cells (TOP2A).",exclude,delta cells 不属于 target_cell_scope (L2:Schwann cell)。,True,27,1.0,True,True,pass
DOI_10.1101_2025.01.17.633590,A_exclude,gamma,,human,PPY,PPY,exact,author_declared,positive,"Methods, Cell Annotation section, p.26 (lines 796-798)","The estimated cell types (and indicative markers) were beta (INS), alpha (GCG), delta (SST), gamma (PPY), epsilon (GHRL), ductal (KRT19), acinar (REG1B), stellate (COL1A1), activated stellate (FABP4), endothelial (PLVAP), Schwann (NGFR), immune (C1QC), mast (TPSB2) and proliferating cells (TOP2A).",exclude,gamma cells 不属于 target_cell_scope (L2:Schwann cell)。,True,27,1.0,True,True,pass
DOI_10.1101_2025.01.17.633590,A_exclude,epsilon,,human,GHRL,GHRL,exact,author_declared,positive,"Methods, Cell Annotation section, p.26 (lines 796-798)","The estimated cell types (and indicative markers) were beta (INS), alpha (GCG), delta (SST), gamma (PPY), epsilon (GHRL), ductal (KRT19), acinar (REG1B), stellate (COL1A1), activated stellate (FABP4), endothelial (PLVAP), Schwann (NGFR), immune (C1QC), mast (TPSB2) and proliferating cells (TOP2A).",exclude,epsilon cells 不属于 target_cell_scope (L2:Schwann cell)。,True,27,1.0,True,True,pass
DOI_10.1101_2025.01.17.633590,A_exclude,ductal,,human,KRT19,KRT19,exact,author_declared,positive,"Methods, Cell Annotation section, p.26 (lines 796-798)","The estimated cell types (and indicative markers) were beta (INS), alpha (GCG), delta (SST), gamma (PPY), epsilon (GHRL), ductal (KRT19), acinar (REG1B), stellate (COL1A1), activated stellate (FABP4), endothelial (PLVAP), Schwann (NGFR), immune (C1QC), mast (TPSB2) and proliferating cells (TOP2A).",exclude,ductal cells 不属于 target_cell_scope (L2:Schwann cell)。,True,27,1.0,True,True,pass
DOI_10.1101_2025.01.17.633590,A_exclude,acinar,,human,REG1B,REG1B,exact,author_declared,positive,"Methods, Cell Annotation section, p.26 (lines 796-798)","The estimated cell types (and indicative markers) were beta (INS), alpha (GCG), delta (SST), gamma (PPY), epsilon (GHRL), ductal (KRT19), acinar (REG1B), stellate (COL1A1), activated stellate (FABP4), endothelial (PLVAP), Schwann (NGFR), immune (C1QC), mast (TPSB2) and proliferating cells (TOP2A).",exclude,acinar cells 不属于 target_cell_scope (L2:Schwann cell)。,True,27,1.0,True,True,pass
DOI_10.1101_2025.01.17.633590,A_exclude,stellate,,human,COL1A1,COL1A1,exact,author_declared,positive,"Methods, Cell Annotation section, p.26 (lines 796-798)","The estimated cell types (and indicative markers) were beta (INS), alpha (GCG), delta (SST), gamma (PPY), epsilon (GHRL), ductal (KRT19), acinar (REG1B), stellate (COL1A1), activated stellate (FABP4), endothelial (PLVAP), Schwann (NGFR), immune (C1QC), mast (TPSB2) and proliferating cells (TOP2A).",exclude,stellate cells 不属于 target_cell_scope (L2:Schwann cell)。,True,27,1.0,True,True,pass
DOI_10.1101_2025.01.17.633590,A_exclude,activated stellate,,human,FABP4,FABP4,exact,author_declared,positive,"Methods, Cell Annotation section, p.26 (lines 796-798)","The estimated cell types (and indicative markers) were beta (INS), alpha (GCG), delta (SST), gamma (PPY), epsilon (GHRL), ductal (KRT19), acinar (REG1B), stellate (COL1A1), activated stellate (FABP4), endothelial (PLVAP), Schwann (NGFR), immune (C1QC), mast (TPSB2) and proliferating cells (TOP2A).",exclude,activated stellate cells 不属于 target_cell_scope (L2:Schwann cell)。,True,27,1.0,True,True,pass
DOI_10.1101_2025.01.17.633590,A_exclude,endothelial,,human,PLVAP,PLVAP,exact,author_declared,positive,"Methods, Cell Annotation section, p.26 (lines 796-798)","The estimated cell types (and indicative markers) were beta (INS), alpha (GCG), delta (SST), gamma (PPY), epsilon (GHRL), ductal (KRT19), acinar (REG1B), stellate (COL1A1), activated stellate (FABP4), endothelial (PLVAP), Schwann (NGFR), immune (C1QC), mast (TPSB2) and proliferating cells (TOP2A).",exclude,endothelial cells 不属于 target_cell_scope (L2:Schwann cell)。,True,27,1.0,True,True,pass
DOI_10.1101_2025.01.17.633590,A_exclude,immune,,human,C1QC,C1QC,exact,author_declared,positive,"Methods, Cell Annotation section, p.26 (lines 796-798)","The estimated cell types (and indicative markers) were beta (INS), alpha (GCG), delta (SST), gamma (PPY), epsilon (GHRL), ductal (KRT19), acinar (REG1B), stellate (COL1A1), activated stellate (FABP4), endothelial (PLVAP), Schwann (NGFR), immune (C1QC), mast (TPSB2) and proliferating cells (TOP2A).",exclude,immune cells 不属于 target_cell_scope (L2:Schwann cell)。,True,27,1.0,True,True,pass
DOI_10.1101_2025.01.17.633590,A_exclude,mast,,human,TPSB2,TPSB2,exact,author_declared,positive,"Methods, Cell Annotation section, p.26 (lines 796-798)","The estimated cell types (and indicative markers) were beta (INS), alpha (GCG), delta (SST), gamma (PPY), epsilon (GHRL), ductal (KRT19), acinar (REG1B), stellate (COL1A1), activated stellate (FABP4), endothelial (PLVAP), Schwann (NGFR), immune (C1QC), mast (TPSB2) and proliferating cells (TOP2A).",exclude,mast cells 不属于 target_cell_scope (L2:Schwann cell)。,True,27,1.0,True,True,pass
DOI_10.1101_2025.01.17.633590,A_exclude,proliferating cells,,human,TOP2A,TOP2A,exact,author_declared,positive,"Methods, Cell Annotation section, p.26 (lines 796-798)","The estimated cell types (and indicative markers) were beta (INS), alpha (GCG), delta (SST), gamma (PPY), epsilon (GHRL), ductal (KRT19), acinar (REG1B), stellate (COL1A1), activated stellate (FABP4), endothelial (PLVAP), Schwann (NGFR), immune (C1QC), mast (TPSB2) and proliferating cells (TOP2A).",exclude,proliferating cells 不属于 target_cell_scope (L2:Schwann cell)。,True,27,1.0,True,True,pass
DOI_10.1101_2025.09.26.678707,A_exclude,C-FIB-OSMRhi,,human,CXCL10,CXCL10,exact,annotation_marker,positive,"Results, 'Interstitial fibroblasts' section",a cross-tissue associated CXCL10+/CCL19+ pro-inflammatory state (C-FIB-OSMRhi),exclude,非目标细胞（非 Schwann cell）且物种 human，不在项目范围,True,39,1.0,True,True,pass
DOI_10.1101_2025.09.26.678707,A_exclude,C-FIB-OSMRhi,,human,CCL19,CCL19,exact,annotation_marker,positive,"Results, 'Interstitial fibroblasts' section",a cross-tissue associated CXCL10+/CCL19+ pro-inflammatory state (C-FIB-OSMRhi),exclude,非目标细胞（非 Schwann cell）且物种 human，不在项目范围,True,39,1.0,True,True,pass
DOI_10.1101_2025.09.26.678707,A_exclude,C-FIB-OSMRhi,,human,OSMR,OSMR,exact,annotation_marker,positive,Fig. 2d legend,"as well as C-FIB-OSMRhi, C-MYOF, pvFIB-RSPO3+, pvFIB-PI16+, pvFIB and pvMYOF",exclude,非目标细胞（非 Schwann cell）且物种 human，不在项目范围,True,39,1.0,True,True,pass
DOI_10.1101_2025.09.26.678707,A_exclude,C-MYOF,,human,SPARC,SPARC,exact,annotation_marker,positive,"Results, 'Interstitial fibroblasts' section",a SPARC+COL3A1+ myofibroblast state (C-MYOF),exclude,非目标细胞（非 Schwann cell）且物种 human，不在项目范围,True,39,1.0,True,True,pass
DOI_10.1101_2025.09.26.678707,A_exclude,C-MYOF,,human,COL3A1,COL3A1,exact,annotation_marker,positive,"Results, 'Interstitial fibroblasts' section",a SPARC+COL3A1+ myofibroblast state (C-MYOF),exclude,非目标细胞（非 Schwann cell）且物种 human，不在项目范围,True,39,1.0,True,True,pass
DOI_10.1101_2025.09.26.678707,A_exclude,C-MYOF,,human,MYOF,MYOF,exact,annotation_marker,positive,Fig. 2d legend,"as well as C-FIB-OSMRhi, C-MYOF, pvFIB-RSPO3+, pvFIB-PI16+, pvFIB and pvMYOF",exclude,非目标细胞（非 Schwann cell）且物种 human，不在项目范围,True,39,1.0,True,True,pass
DOI_10.1101_2025.09.26.678707,A_exclude,C-FIB-OSMRhi,immunomodulatory interstitial fibroblast,human,OSMR,OSMR,exact,annotation_marker,positive,Results: Fibroblast states; Fig.2b-c,"C-FIB-OSMRhi fibroblasts, which showed activation of NF-kB, TNFα, and interferon (INF) pathways",exclude,非目标细胞（非 Schwann cell）且物种 human，不在项目范围,True,39,1.0,True,True,duplicate_pool
DOI_10.1101_2025.09.26.678707,A_exclude,C-MYOF,matrix-producing interstitial myofibroblast,human,SPARC,SPARC,exact,annotation_marker,positive,Results: Perivascular fibroblasts; Fig.2c,suppressing the SPARC+COL3A1+ (C-MYOF) state,exclude,非目标细胞（非 Schwann cell）且物种 human，不在项目范围,True,39,1.0,True,True,duplicate_pool
DOI_10.1101_2025.09.26.678707,A_exclude,C-MYOF,matrix-producing interstitial myofibroblast,human,COL3A1,COL3A1,exact,annotation_marker,positive,Results: Perivascular fibroblasts; Fig.2c,suppressing the SPARC+COL3A1+ (C-MYOF) state,exclude,非目标细胞（非 Schwann cell）且物种 human，不在项目范围,True,39,1.0,True,True,duplicate_pool
DOI_10.1101_2025.09.26.678707,A_exclude,pvFIB-RSPO3+,perivascular fibroblast progenitor,human,RSPO3,RSPO3,exact,annotation_marker,positive,Results: Perivascular fibroblasts; ED Figure 5h,pluripotent universal RSPO3+ and CD34+/PI16+ adventitial fibroblasts,exclude,非目标细胞（非 Schwann cell）且物种 human，不在项目范围,True,39,1.0,True,True,pass
DOI_10.1101_2025.09.26.678707,A_exclude,pvFIB-PI16+,perivascular fibroblast progenitor,human,CD34,CD34,exact,annotation_marker,positive,Results: Perivascular fibroblasts,pluripotent universal RSPO3+ and CD34+/PI16+ adventitial fibroblasts,exclude,非目标细胞（非 Schwann cell）且物种 human，不在项目范围,True,39,1.0,True,True,pass
DOI_10.1101_2025.09.26.678707,A_exclude,pvFIB-PI16+,perivascular fibroblast progenitor,human,PI16,PI16,exact,annotation_marker,positive,Results: Perivascular fibroblasts,"pvFIB-PI16+) expressed CD34, MFAP5 and PI16",exclude,非目标细胞（非 Schwann cell）且物种 human，不在项目范围,True,39,1.0,True,True,pass
DOI_10.1101_2025.09.26.678707,A_exclude,pvMYOF,perivascular myofibroblast,human,αSMA,ACTA2,alias_resolved,annotation_marker,positive,Results: Perivascular fibroblasts; ED Figure 5f,αSMA+ myofibroblast (pvMYOF) states,exclude,非目标细胞（非 Schwann cell）且物种 human，不在项目范围；αSMA 可解析为 ACTA2，但仍不属于目标细胞,True,39,1.0,True,True,pass
DOI_10.1101_2025.09.26.678707,A_exclude,resMAC-LYVE1+,tissue-resident macrophage,human,LYVE1,LYVE1,exact,annotation_marker,positive,Results: Clinicopathologically-linked immune subtypes; Fig.2h,Tissue resident macrophages expressing LYVE1 (resMAC-LYVE1+),exclude,非目标细胞（非 Schwann cell）且物种 human，不在项目范围,True,39,1.0,True,True,pass
DOI_10.1101_2025.09.26.678707,A_exclude,MON,classical monocyte,human,FCN1,FCN1,exact,annotation_marker,positive,Results: Clinicopathologically-linked immune subtypes; Fig.2h-i,FCN1+ classical monocytes (MON),exclude,非目标细胞（非 Schwann cell）且物种 human，不在项目范围,True,39,1.0,True,True,pass
DOI_10.1101_2025.09.26.678707,A_exclude,moMAC-CXCL10+,M1-like pro-inflammatory macrophage,human,CXCL10,CXCL10,exact,annotation_marker,positive,Results: Clinicopathologically-linked immune subtypes; Fig.2g,M1-like pro-inflammatory CXCL10+ CXCL9+ CCL2+ state (moMAC-CXCL10+),exclude,非目标细胞（非 Schwann cell）且物种 human，不在项目范围,True,39,1.0,True,True,pass
DOI_10.1101_2025.09.26.678707,A_exclude,moMAC-CXCL10+,M1-like pro-inflammatory macrophage,human,CXCL9,CXCL9,exact,annotation_marker,positive,Results: Clinicopathologically-linked immune subtypes; Fig.2g,M1-like pro-inflammatory CXCL10+ CXCL9+ CCL2+ state (moMAC-CXCL10+),exclude,非目标细胞（非 Schwann cell）且物种 human，不在项目范围,True,39,1.0,True,True,pass
DOI_10.1101_2025.09.26.678707,A_exclude,moMAC-CXCL10+,M1-like pro-inflammatory macrophage,human,CCL2,CCL2,exact,annotation_marker,positive,Results: Clinicopathologically-linked immune subtypes; Fig.2g,M1-like pro-inflammatory CXCL10+ CXCL9+ CCL2+ state (moMAC-CXCL10+),exclude,非目标细胞（非 Schwann cell）且物种 human，不在项目范围,True,39,1.0,True,True,pass
DOI_10.1101_2025.09.26.678707,A_exclude,moMAC-HBEGF+,pro-inflammatory macrophage,human,HBEGF,HBEGF,exact,author_declared,positive,Results: Clinicopathologically-linked immune subtypes; Fig.2g-h,"marked by expression of growth factors HBEGF and AREG, as well as proinflammatory genes PLAUR, IL1B, OSM and CXCL8",exclude,非目标细胞（非 Schwann cell）且物种 human，不在项目范围,True,39,1.0,True,True,pass
DOI_10.1101_2025.09.26.678707,A_exclude,moMAC-HBEGF+,pro-inflammatory macrophage,human,AREG,AREG,exact,author_declared,positive,Results: Clinicopathologically-linked immune subtypes; Fig.2g-h,"marked by expression of growth factors HBEGF and AREG, as well as proinflammatory genes PLAUR, IL1B, OSM and CXCL8",exclude,非目标细胞（非 Schwann cell）且物种 human，不在项目范围,True,39,1.0,True,True,pass
DOI_10.1101_2025.09.26.678707,A_exclude,moMAC-HBEGF+,pro-inflammatory macrophage,human,PLAUR,PLAUR,exact,author_declared,positive,Results: Clinicopathologically-linked immune subtypes; Fig.2g-h,"marked by expression of growth factors HBEGF and AREG, as well as proinflammatory genes PLAUR, IL1B, OSM and CXCL8",exclude,非目标细胞（非 Schwann cell）且物种 human，不在项目范围,True,39,1.0,True,True,pass
DOI_10.1101_2025.09.26.678707,A_exclude,moMAC-HBEGF+,pro-inflammatory macrophage,human,IL1B,IL1B,exact,author_declared,positive,Results: Clinicopathologically-linked immune subtypes; Fig.2g-h,"marked by expression of growth factors HBEGF and AREG, as well as proinflammatory genes PLAUR, IL1B, OSM and CXCL8",exclude,非目标细胞（非 Schwann cell）且物种 human，不在项目范围,True,39,1.0,True,True,pass
DOI_10.1101_2025.09.26.678707,A_exclude,moMAC-HBEGF+,pro-inflammatory macrophage,human,OSM,OSM,exact,author_declared,positive,Results: Clinicopathologically-linked immune subtypes; Fig.2g-h,"marked by expression of growth factors HBEGF and AREG, as well as proinflammatory genes PLAUR, IL1B, OSM and CXCL8",exclude,非目标细胞（非 Schwann cell）且物种 human，不在项目范围,True,39,1.0,True,True,pass
DOI_10.1101_2025.09.26.678707,A_exclude,moMAC-HBEGF+,pro-inflammatory macrophage,human,CXCL8,CXCL8,exact,author_declared,positive,Results: Clinicopathologically-linked immune subtypes; Fig.2g-h,"marked by expression of growth factors HBEGF and AREG, as well as proinflammatory genes PLAUR, IL1B, OSM and CXCL8",exclude,非目标细胞（非 Schwann cell）且物种 human，不在项目范围,True,39,1.0,True,True,pass
DOI_10.1101_2025.09.26.678707,A_exclude,moFAM,monocyte-derived fibrosis-associated macrophage,human,GPNMB,GPNMB,exact,annotation_marker,positive,Results: Clinicopathologically-linked immune subtypes; ED Figure 6f,a GPNMB+ SPP1+ polarized subtype previously described as deriving from FCN1+ monocytes,exclude,非目标细胞（非 Schwann cell）且物种 human，不在项目范围,True,39,1.0,True,True,pass
DOI_10.1101_2025.09.26.678707,A_exclude,moFAM,monocyte-derived fibrosis-associated macrophage,human,SPP1,SPP1,exact,annotation_marker,positive,Results: Clinicopathologically-linked immune subtypes; ED Figure 6f,a GPNMB+ SPP1+ polarized subtype previously described as deriving from FCN1+ monocytes,exclude,非目标细胞（非 Schwann cell）且物种 human，不在项目范围,True,39,1.0,True,True,pass
DOI_10.1101_2025.09.26.678707,A_exclude,aPT2,early injured proximal tubule,human,CDH6,CDH6,exact,author_declared,positive,Results: Resolved versus unresolved epithelial repair; Fig.3b,"aPT2 expressed the injury markers CDH6, VCAM1 and HAVCR1",exclude,非目标细胞（非 Schwann cell）且物种 human，不在项目范围,True,39,1.0,True,True,pass
DOI_10.1101_2025.09.26.678707,A_exclude,aPT2,early injured proximal tubule,human,VCAM1,VCAM1,exact,author_declared,positive,Results: Resolved versus unresolved epithelial repair; Fig.3b,"aPT2 expressed the injury markers CDH6, VCAM1 and HAVCR1",exclude,非目标细胞（非 Schwann cell）且物种 human，不在项目范围,True,39,1.0,True,True,pass
DOI_10.1101_2025.09.26.678707,A_exclude,aPT2,early injured proximal tubule,human,HAVCR1,HAVCR1,exact,author_declared,positive,Results: Resolved versus unresolved epithelial repair; Fig.3b,"aPT2 expressed the injury markers CDH6, VCAM1 and HAVCR1",exclude,非目标细胞（非 Schwann cell）且物种 human，不在项目范围,True,39,1.0,True,True,pass
DOI_10.1101_2025.09.26.678707,A_exclude,frPT,failed repair proximal tubule,human,PROM1,PROM1,exact,author_declared,positive,Results: Resolved versus unresolved epithelial repair,"Failed repair (fr) states were further marked by the expression of PROM1 (frPT and frTAL), ROBO2 and MEG3 (frPT)",exclude,非目标细胞（非 Schwann cell）且物种 human，不在项目范围,True,39,1.0,True,True,pass
DOI_10.1101_2025.09.26.678707,A_exclude,frPT,failed repair proximal tubule,human,ROBO2,ROBO2,exact,author_declared,positive,Results: Resolved versus unresolved epithelial repair,"Failed repair (fr) states were further marked by the expression of PROM1 (frPT and frTAL), ROBO2 and MEG3 (frPT)",exclude,非目标细胞（非 Schwann cell）且物种 human，不在项目范围,True,39,1.0,True,True,pass
DOI_10.1101_2025.09.26.678707,A_exclude,frPT,failed repair proximal tubule,human,MEG3,MEG3,exact,author_declared,positive,Results: Resolved versus unresolved epithelial repair,"Failed repair (fr) states were further marked by the expression of PROM1 (frPT and frTAL), ROBO2 and MEG3 (frPT)",exclude,非目标细胞（非 Schwann cell）且物种 human，不在项目范围,True,39,1.0,True,True,pass
DOI_10.1101_2025.09.26.678707,A_exclude,frTAL,failed repair thick ascending limb,human,PROM1,PROM1,exact,author_declared,positive,Results: Resolved versus unresolved epithelial repair,"Failed repair (fr) states were further marked by the expression of PROM1 (frPT and frTAL), or ITGB8 and TMPRSS4 (frTAL)",exclude,非目标细胞（非 Schwann cell）且物种 human，不在项目范围,True,39,1.0,True,True,pass
DOI_10.1101_2025.09.26.678707,A_exclude,frTAL,failed repair thick ascending limb,human,ITGB8,ITGB8,exact,author_declared,positive,Results: Resolved versus unresolved epithelial repair,"Failed repair (fr) states were further marked by the expression of PROM1 (frPT and frTAL), or ITGB8 and TMPRSS4 (frTAL)",exclude,非目标细胞（非 Schwann cell）且物种 human，不在项目范围,True,39,1.0,True,True,pass
DOI_10.1101_2025.09.26.678707,A_exclude,frTAL,failed repair thick ascending limb,human,TMPRSS4,TMPRSS4,exact,author_declared,positive,Results: Resolved versus unresolved epithelial repair,"Failed repair (fr) states were further marked by the expression of PROM1 (frPT and frTAL), or ITGB8 and TMPRSS4 (frTAL)",exclude,非目标细胞（非 Schwann cell）且物种 human，不在项目范围,True,39,1.0,True,True,pass
DOI_10.1101_2025.09.26.678707,A_exclude,healthy TAL,healthy thick ascending limb,human,SLC12A1,SLC12A1,exact,author_declared,positive,Results: Translation of molecular signatures to clinical biomarkers; Fig.6d,"increased expression of canonical healthy TAL genes (SLC12A1, WNK4, EGF, UMOD, and DEFB1)",exclude,非目标细胞（非 Schwann cell）且物种 human，不在项目范围,True,39,1.0,True,True,pass
DOI_10.1101_2025.09.26.678707,A_exclude,healthy TAL,healthy thick ascending limb,human,WNK4,WNK4,exact,author_declared,positive,Results: Translation of molecular signatures to clinical biomarkers; Fig.6d,"increased expression of canonical healthy TAL genes (SLC12A1, WNK4, EGF, UMOD, and DEFB1)",exclude,非目标细胞（非 Schwann cell）且物种 human，不在项目范围,True,39,1.0,True,True,pass
DOI_10.1101_2025.09.26.678707,A_exclude,healthy TAL,healthy thick ascending limb,human,EGF,EGF,exact,author_declared,positive,Results: Translation of molecular signatures to clinical biomarkers; Fig.6d,"increased expression of canonical healthy TAL genes (SLC12A1, WNK4, EGF, UMOD, and DEFB1)",exclude,非目标细胞（非 Schwann cell）且物种 human，不在项目范围,True,39,1.0,True,True,pass
DOI_10.1101_2025.09.26.678707,A_exclude,healthy TAL,healthy thick ascending limb,human,UMOD,UMOD,exact,author_declared,positive,Results: Translation of molecular signatures to clinical biomarkers; Fig.6d,"increased expression of canonical healthy TAL genes (SLC12A1, WNK4, EGF, UMOD, and DEFB1)",exclude,非目标细胞（非 Schwann cell）且物种 human，不在项目范围,True,39,1.0,True,True,pass
DOI_10.1101_2025.09.26.678707,A_exclude,healthy TAL,healthy thick ascending limb,human,DEFB1,DEFB1,exact,author_declared,positive,Results: Translation of molecular signatures to clinical biomarkers; Fig.6d,"increased expression of canonical healthy TAL genes (SLC12A1, WNK4, EGF, UMOD, and DEFB1)",exclude,非目标细胞（非 Schwann cell）且物种 human，不在项目范围,True,39,1.0,True,True,pass
DOI_10.1101_2025.09.26.678707,A_exclude,C-FIB-OSMRlo,,human,OSMR,OSMR,exact,cluster_enriched,unknown,Fig. 2a legend,sum of all -log10(p) for C-FIB-OSMRlo and pvMYOF,exclude,非目标细胞（非 Schwann cell）且物种 human，不在项目范围；图注仅显示功能评分，未建立正式 marker 关系,True,39,1.0,True,True,pass
DOI_10.1101_2025.09.26.678707,A_exclude,pvFIB-RSPO3+,,human,RSPO3,RSPO3,exact,annotation_marker,positive,Fig. 2d legend,"as well as C-FIB-OSMRhi, C-MYOF, pvFIB-RSPO3+, pvFIB-PI16+, pvFIB and pvMYOF",exclude,非目标细胞（非 Schwann cell）且物种 human，不在项目范围,True,39,1.0,True,True,duplicate_pool
DOI_10.1101_2025.09.26.678707,A_exclude,pvFIB-PI16+,,human,PI16,PI16,exact,annotation_marker,positive,Fig. 2d legend,"as well as C-FIB-OSMRhi, C-MYOF, pvFIB-RSPO3+, pvFIB-PI16+, pvFIB and pvMYOF",exclude,非目标细胞（非 Schwann cell）且物种 human，不在项目范围,True,39,1.0,True,True,duplicate_pool
DOI_10.1101_2025.09.26.678707,A_exclude,pvMYOF,,human,MYOF,MYOF,exact,annotation_marker,positive,Fig. 2d legend,"as well as C-FIB-OSMRhi, C-MYOF, pvFIB-RSPO3+, pvFIB-PI16+, pvFIB and pvMYOF",exclude,非目标细胞（非 Schwann cell）且物种 human，不在项目范围,True,39,1.0,True,True,pass
DOI_10.1101_2025.09.26.678707,A_exclude,moMAC-CXCL10+,,human,CXCL10,CXCL10,exact,annotation_marker,positive,Fig. 2g legend,sum of all -log10(p) for moMAC-CXCL10+,exclude,非目标细胞（非 Schwann cell）且物种 human，不在项目范围,True,39,1.0,True,True,duplicate_pool
DOI_10.1101_2025.09.26.678707,A_exclude,resMAC HLAIIhi,,human,HLAII,HLA-II,non_gene_entity,annotation_marker,positive,ED Fig. 6d legend,sum of all -log10(p) for resMAC HLAIIhi,exclude,非目标细胞（非 Schwann cell）且物种 human，不在项目范围；HLAII 为蛋白复合物，非单一基因,False,39,0.0,False,True,fail_citation
DOI_10.1101_2025.09.26.678707,A_exclude,lymphoid,,human,CD45,PTPRC,alias_resolved,annotation_marker,positive,ED Fig. 2f legend,"protein immunofluorescent staining for epithelial pan cytokeratin (panCK) that highlighted collecting ducts, lymphoid CD45 and T-cell CD3 antibodies",exclude,非目标细胞（非 Schwann cell）且物种 human，不在项目范围,True,39,1.0,True,True,pass
DOI_10.1101_2025.09.26.678707,A_exclude,REN+ cells,,human,REN,REN,exact,annotation_marker,positive,"Methods – Single Cell / Nucleus Data Clustering, Cell Type Annotation and Analyses, 'Clustering single nucleus RNA data'","Hard to resolve subpopulations were manually separated using the same process as in the V1 atlas1 either using gene expression (e.g. REN for REN+ cells) or through sub-clustering (EC-AEA, EC-DVR).",exclude,非目标细胞（非 Schwann cell）且物种 human，不在项目范围,True,39,1.0,True,True,pass
DOI_10.1101_2025.09.26.678707,A_exclude,PECs,,human,CFH,CFH,exact,author_declared,positive,"Methods – Slide-seq2 Spatial Transcriptomics, 'Cell type deconvolutions'","Subclasses were assessed for marker gene expression and spatial localization and those showing less accurate predictions were subset based on non-zero expression of distinguishing marker genes (PECs – CFH; MD – BBOX1; resMAC-HLAIIhi – CD163, STAB1, C1QA).",exclude,非目标细胞（非 Schwann cell）且物种 human，不在项目范围,True,39,1.0,True,True,pass
DOI_10.1101_2025.09.26.678707,A_exclude,MD,,human,BBOX1,BBOX1,exact,author_declared,positive,"Methods – Slide-seq2 Spatial Transcriptomics, 'Cell type deconvolutions'","Subclasses were assessed for marker gene expression and spatial localization and those showing less accurate predictions were subset based on non-zero expression of distinguishing marker genes (PECs – CFH; MD – BBOX1; resMAC-HLAIIhi – CD163, STAB1, C1QA).",exclude,非目标细胞（非 Schwann cell）且物种 human，不在项目范围,True,39,1.0,True,True,pass
DOI_10.1101_2025.09.26.678707,A_exclude,resMAC-HLAIIhi,,human,CD163,CD163,exact,author_declared,positive,"Methods – Slide-seq2 Spatial Transcriptomics, 'Cell type deconvolutions'","Subclasses were assessed for marker gene expression and spatial localization and those showing less accurate predictions were subset based on non-zero expression of distinguishing marker genes (PECs – CFH; MD – BBOX1; resMAC-HLAIIhi – CD163, STAB1, C1QA).",exclude,非目标细胞（非 Schwann cell）且物种 human，不在项目范围,True,39,1.0,True,True,pass
DOI_10.1101_2025.09.26.678707,A_exclude,resMAC-HLAIIhi,,human,STAB1,STAB1,exact,author_declared,positive,"Methods – Slide-seq2 Spatial Transcriptomics, 'Cell type deconvolutions'","Subclasses were assessed for marker gene expression and spatial localization and those showing less accurate predictions were subset based on non-zero expression of distinguishing marker genes (PECs – CFH; MD – BBOX1; resMAC-HLAIIhi – CD163, STAB1, C1QA).",exclude,非目标细胞（非 Schwann cell）且物种 human，不在项目范围,True,39,1.0,True,True,pass
DOI_10.1101_2025.09.26.678707,A_exclude,resMAC-HLAIIhi,,human,C1QA,C1QA,exact,author_declared,positive,"Methods – Slide-seq2 Spatial Transcriptomics, 'Cell type deconvolutions'","Subclasses were assessed for marker gene expression and spatial localization and those showing less accurate predictions were subset based on non-zero expression of distinguishing marker genes (PECs – CFH; MD – BBOX1; resMAC-HLAIIhi – CD163, STAB1, C1QA).",exclude,非目标细胞（非 Schwann cell）且物种 human，不在项目范围,True,39,1.0,True,True,pass
DOI_10.1101_2025.09.26.678707,A_exclude,Lymphoid cells,,human,CD45,PTPRC,alias_resolved,annotation_marker,positive,ED Figure 2f legend,"Same FOV as in (e) showing protein immunofluorescent staining for epithelial pan cytokeratin (panCK) that highlighted collecting ducts, lymphoid CD45 and T-cell CD3 antibodies.",exclude,非目标细胞（非 Schwann cell）且物种 human，不在项目范围,True,39,1.0,True,True,pass
DOI_10.1101_2025.09.26.678707,A_exclude,Proximal tubule failed-repair state,,unknown,SOX4,SOX4,exact,cluster_enriched,positive,Fig. 3b; Fig. 4b; Fig. 5,SOX4 is analyzed as a pioneer transcription factor associated with failed repair in injured proximal-tubule epithelium.,exclude,SOX4 属于肾近端小管损伤后 failed-repair 机制，不定义 PNS 神经元、外周胶质或神经内分泌细胞，故排除。,True,39,0.9091,True,True,fail_species
DOI_10.1126_science.aat5031,A_exclude,monocyte-derived macrophages,CD11c+MHCII+CD14+,human,CD11c,ITGAX,alias_resolved,annotation_marker,positive,Results p.4,"expression of CD11c, major histocompatibility complex (MHC) class II molecules and CD14 identifies monocyte-derived macrophages",exclude,单核来源巨噬细胞不属于项目范围（target_cell_scope 未指定，且非 PNS/神经内分泌相关细胞）。,True,22,1.0,True,True,pass
DOI_10.1126_science.aat5031,A_exclude,monocyte-derived macrophages,CD11c+MHCII+CD14+,human,MHCII,MHCII,ambiguous,annotation_marker,positive,Results p.4,"expression of CD11c, major histocompatibility complex (MHC) class II molecules and CD14 identifies monocyte-derived macrophages",exclude,MHCII 是分子复合物/家族名而非唯一基因；且细胞类型不在项目范围。,True,22,1.0,True,True,fail_symbol
DOI_10.1126_science.aat5031,A_exclude,monocyte-derived macrophages,CD11c+MHCII+CD14+,human,CD14,CD14,exact,annotation_marker,positive,Results p.4,"expression of CD11c, major histocompatibility complex (MHC) class II molecules and CD14 identifies monocyte-derived macrophages",exclude,单核来源巨噬细胞不属于项目范围。,True,22,1.0,True,True,pass
DOI_10.1126_science.aat5031,A_exclude,classical myeloid DC (cDC),,human,CD11c,ITGAX,alias_resolved,annotation_marker,positive,Results p.4,CD11c+/MHCII+/CD14- are classical myeloid DC (cDC),exclude,经典髓样 DC 不属于项目范围。,True,22,1.0,True,True,pass
DOI_10.1126_science.aat5031,A_exclude,classical myeloid DC (cDC),,human,MHCII,MHCII,ambiguous,annotation_marker,positive,Results p.4,CD11c+/MHCII+/CD14- are classical myeloid DC (cDC),exclude,MHCII 非唯一基因且细胞类型不在项目范围。,True,22,1.0,True,True,fail_symbol
DOI_10.1126_science.aat5031,A_exclude,classical myeloid DC (cDC),,human,CD14,CD14,exact,annotation_marker,negative,Results p.4,CD11c+/MHCII+/CD14- are classical myeloid DC (cDC),exclude,CD14- 用于定义 cDC，但 cDC 不属于项目范围。,True,22,1.0,True,True,pass
DOI_10.1126_science.aat5031,A_exclude,cDC1,CD141(THBD)+ XCR1+,human,THBD,THBD,exact,annotation_marker,positive,Results p.4,cDC1 that are CD141(THBD)+ and XCR1+,exclude,cDC1 不属于项目范围。,True,22,1.0,True,True,pass
DOI_10.1126_science.aat5031,A_exclude,cDC1,CD141(THBD)+ XCR1+,human,XCR1,XCR1,exact,annotation_marker,positive,Results p.4,cDC1 that are CD141(THBD)+ and XCR1+,exclude,cDC1 不属于项目范围。,True,22,1.0,True,True,pass
DOI_10.1126_science.aat5031,A_exclude,cDC2,CD1c+,human,CD1c,CD1C,alias_resolved,annotation_marker,positive,Results p.4,cDC2 that express CD1c,exclude,cDC2 不属于项目范围。,True,22,1.0,True,True,pass
DOI_10.1126_science.aat5031,A_exclude,MNP cluster,MNPc,human,CD1C,CD1C,exact,cluster_enriched,positive,Fig. 3C,"Some cells in this cluster expressed CD1C, XCR1, CLEC9A and CD141 (THBD) indicating that it included cDC1 and cDC2 cells",exclude,MNP 簇不属于项目范围，且该证据仅为表达富集。,True,22,1.0,True,True,pass
DOI_10.1126_science.aat5031,A_exclude,MNP cluster,MNPc,human,XCR1,XCR1,exact,cluster_enriched,positive,Fig. 3C,"Some cells in this cluster expressed CD1C, XCR1, CLEC9A and CD141 (THBD) indicating that it included cDC1 and cDC2 cells",exclude,MNP 簇不属于项目范围，且该证据仅为表达富集。,True,22,1.0,True,True,pass
DOI_10.1126_science.aat5031,A_exclude,MNP cluster,MNPc,human,CLEC9A,CLEC9A,exact,cluster_enriched,positive,Fig. 3C,"Some cells in this cluster expressed CD1C, XCR1, CLEC9A and CD141 (THBD) indicating that it included cDC1 and cDC2 cells",exclude,MNP 簇不属于项目范围，且该证据仅为表达富集。,True,22,1.0,True,True,pass
DOI_10.1126_science.aat5031,A_exclude,MNP cluster,MNPc,human,THBD,THBD,exact,cluster_enriched,positive,Fig. 3C,"Some cells in this cluster expressed CD1C, XCR1, CLEC9A and CD141 (THBD) indicating that it included cDC1 and cDC2 cells",exclude,MNP 簇不属于项目范围，且该证据仅为表达富集。,True,22,1.0,True,True,pass
DOI_10.1126_science.aat5031,A_exclude,pelvic epithelium (PE),,human,KRT17,KRT17,exact,author_declared,positive,"Fig. 4B, S19A",CK17 (KRT17)+ cells (a marker of PE) in human kidney pelvis express CXCL8 and LCN2,exclude,肾盂上皮不属于 PNS/神经内分泌/肠内分泌项目范围。,True,22,1.0,True,True,pass
DOI_10.1126_science.aat5031,A_exclude,neutrophils,LysMhigh/CD11b+,mouse,CD11b,ITGAM,alias_resolved,cluster_enriched,positive,"Fig. 4D, S19C",accumulation of LysMhigh/CD11b+ neutrophils in the PE,exclude,小鼠来源中性粒细胞标记，与任务物种 Homo sapiens 不符，且细胞类型不在项目范围。,True,22,1.0,True,True,pass
DOI_10.1126_science.abl4290,A_exclude,CD14+ monocytes,,human,CD14,CD14,exact,annotation_marker,positive,"Page 8, Fig. 3B","These included CD16+ monocytes, CD14+ monocytes, two transitional Mo/MΦ FCGR3Alow and Mo/MΦ FCGR3Ahigh populations...",exclude,CD14+单核细胞不属于任务目标细胞范围。,True,34,1.0,True,True,pass
DOI_10.1126_science.abl4290,A_exclude,Mo/MΦ FCGR3Alow,,human,FCGR3A,FCGR3A,exact,annotation_marker,positive,"Page 8, Fig. 3B",two transitional Mo/MΦ FCGR3Alow and Mo/MΦ FCGR3Ahigh populations with coexpression of both monocyte and macrophage markers,exclude,Mo/MΦ过渡群体不属于任务目标细胞范围。,True,34,0.72,True,True,pass
DOI_10.1126_science.abl4290,A_exclude,Mo/MΦ FCGR3Ahigh,,human,FCGR3A,FCGR3A,exact,annotation_marker,positive,"Page 8, Fig. 3B",two transitional Mo/MΦ FCGR3Alow and Mo/MΦ FCGR3Ahigh populations with coexpression of both monocyte and macrophage markers,exclude,Mo/MΦ过渡群体不属于任务目标细胞范围。,True,34,0.72,True,True,pass
DOI_10.1126_science.abl4290,A_exclude,MΦ LYVE1high,,human,LYVE1,LYVE1,exact,annotation_marker,positive,"Page 8, Fig. 3B","two additional macrophage subsets: MΦ LYVE1high and MΦ HLAIIhigh (Fig. 3B), where HLAII is HLA class II",exclude,巨噬细胞亚群不属于任务目标细胞范围。,True,34,1.0,True,True,pass
DOI_10.1126_science.abl4290,A_exclude,PPARGhigh lung macrophages,,human,PPARG,PPARG,exact,annotation_marker,positive,"Page 8, Fig. 3C","notable exceptions included PPARGhigh lung macrophages, which were present only in lung, and CD207/Langerin+ Langerhans cells...",exclude,肺巨噬细胞亚群不属于任务目标细胞范围。,True,34,1.0,True,True,pass
DOI_10.1126_science.abl4290,A_exclude,CD207/Langerin+ Langerhans cells,,human,CD207/Langerin,CD207,alias_resolved,annotation_marker,positive,"Page 8, Fig. 3C","CD207/Langerin+ Langerhans cells, which were present only (97%) in skin and esophagus mucosa...",exclude,朗格汉斯细胞不属于任务目标细胞范围。,True,34,1.0,True,True,pass
DOI_10.1126_science.abl4290,A_exclude,LAM-like macrophages,,human,IL1B,IL1B,exact,cluster_enriched,positive,"Page 10, fig. S17F","LAMs in creeping fat from Crohn’s intestine and atherosclerotic lesions were additionally characterized by higher expression of interleukin IL1B and multiple chemokines (CXCL8, CXCL3, CCL4)...",exclude,LAM样巨噬细胞不属于任务目标细胞范围；证据为表达富集。,True,34,1.0,True,True,pass
DOI_10.1126_science.abl4290,A_exclude,Alveolar fibroblasts,,human,ACTA2,ACTA2,exact,reference_imported,positive,"Page 11, fig. S18D","alveolar fibroblasts express myofibroblast markers (e.g., ACTA2; fig. S18D), they are distinct from previously reported myofibroblasts",exclude,肺泡成纤维细胞不属于任务目标细胞范围；证据为外部已知标记引用。,True,34,1.0,True,True,pass
DOI_10.1126_science.abl4290,A_exclude,Myofibroblasts,,human,ACTA2,ACTA2,exact,reference_imported,positive,"Page 11, fig. S18D","alveolar fibroblasts express myofibroblast markers (e.g., ACTA2; fig. S18D)",exclude,肌成纤维细胞不属于任务目标细胞范围；证据为外部已知标记引用。,True,34,1.0,True,True,pass
DOI_10.1126_science.abl4290,A_exclude,Fast myocytes,,human,MYH2,MYH2,exact,author_declared,positive,"Page 13, fig. S9",Fast myocytes specifically expressed the type 2 fiber marker MYH2 (FDR < 10−15 in cytoplasmic myonuclei),exclude,快肌细胞不属于任务目标细胞范围。,True,34,1.0,True,True,pass
DOI_10.1126_science.abl4290,A_exclude,lung alveolar fibroblasts,,human,PIEZO2,PIEZO2,exact,cluster_enriched,positive,Discussion p.18,PIEZO2+/ITGA8+ alveolar fibroblasts may contribute to mechanosensing of alveolar tension,exclude,肺泡成纤维细胞不属于任务目标细胞范围；证据为表达组合描述。,True,34,1.0,True,True,pass
DOI_10.1126_science.abl4290,A_exclude,lung alveolar fibroblasts,,human,ITGA8,ITGA8,exact,cluster_enriched,positive,Discussion p.18,PIEZO2+/ITGA8+ alveolar fibroblasts may contribute to mechanosensing of alveolar tension,exclude,肺泡成纤维细胞不属于任务目标细胞范围；证据为表达组合描述。,True,34,1.0,True,True,pass
DOI_10.1126_science.abl4290,A_exclude,sensory neurons,,mouse,Piezo2,PIEZO2,alias_resolved,reference_imported,positive,Discussion p.18,which so far has been mainly attributed to Piezo2+ sensory neurons in mice (111),exclude,小鼠感觉神经元不属于任务目标细胞范围，且物种与任务物种不一致，仅为外部引用。,True,34,1.0,True,True,pass
DOI_10.1126_science.abo0510,A_exclude,human embryonic mesodermal progenitors (hEMPs),,human,CD326,EPCAM,alias_resolved,annotation_marker,negative,"Materials and Methods, Cell cultures for artificial thymic organoid (ATO), p.3","Cells were harvested 3.5 days later, and isolated by FACS for CD326–CD56+ ... human embryonic mesodermal progenitors (hEMPs).",exclude,非任务目标细胞（Enteroendocrine cell），属于胚胎中胚层祖细胞。,True,35,1.0,True,True,pass
DOI_10.1126_science.abo0510,A_exclude,human embryonic mesodermal progenitors (hEMPs),,human,CD56,NCAM1,alias_resolved,annotation_marker,positive,"Materials and Methods, Cell cultures for artificial thymic organoid (ATO), p.3","Cells were harvested 3.5 days later, and isolated by FACS for CD326–CD56+ ... human embryonic mesodermal progenitors (hEMPs).",exclude,非任务目标细胞（Enteroendocrine cell），属于胚胎中胚层祖细胞。,True,35,1.0,True,True,pass
DOI_10.1126_science.abo0510,A_exclude,LYVE1hi macrophages,LYVE1hi,human,F13A1,F13A1,exact,annotation_marker,positive,"Materials and Methods, scRNA-seq analysis, Data integration and annotation, p.6","Macrophage subsets were annotated by analysis of marker genes ... groupings were defined as follows: “LYVE1hi” expressing F13A1, LYVE1, and SPP1;",exclude,非任务目标细胞（Enteroendocrine cell），属于巨噬细胞亚群。,True,35,1.0,True,True,pass
DOI_10.1126_science.abo0510,A_exclude,LYVE1hi macrophages,LYVE1hi,human,LYVE1,LYVE1,exact,annotation_marker,positive,"Materials and Methods, scRNA-seq analysis, Data integration and annotation, p.6","Macrophage subsets were annotated by analysis of marker genes ... groupings were defined as follows: “LYVE1hi” expressing F13A1, LYVE1, and SPP1;",exclude,非任务目标细胞（Enteroendocrine cell），属于巨噬细胞亚群。,True,35,1.0,True,True,pass
DOI_10.1126_science.abo0510,A_exclude,LYVE1hi macrophages,LYVE1hi,human,SPP1,SPP1,exact,annotation_marker,positive,"Materials and Methods, scRNA-seq analysis, Data integration and annotation, p.6","Macrophage subsets were annotated by analysis of marker genes ... groupings were defined as follows: “LYVE1hi” expressing F13A1, LYVE1, and SPP1;",exclude,非任务目标细胞（Enteroendocrine cell），属于巨噬细胞亚群。,True,35,1.0,True,True,pass
DOI_10.1126_science.abo0510,A_exclude,Iron-recycling macrophages,Iron-recycling,human,SLC40A1,SLC40A1,exact,annotation_marker,positive,"Materials and Methods, scRNA-seq analysis, Data integration and annotation, p.6","“Iron-recycling” expressing the highest levels of ferroportin (SLC40A1) and phosphatidylserine receptor TIMD4 but best characterized by expression of CD5L, VCAM1, and APOE;",exclude,非任务目标细胞（Enteroendocrine cell），属于巨噬细胞亚群。,True,35,1.0,True,True,pass
DOI_10.1126_science.abo0510,A_exclude,Iron-recycling macrophages,Iron-recycling,human,TIMD4,TIMD4,exact,annotation_marker,positive,"Materials and Methods, scRNA-seq analysis, Data integration and annotation, p.6","“Iron-recycling” expressing the highest levels of ferroportin (SLC40A1) and phosphatidylserine receptor TIMD4 but best characterized by expression of CD5L, VCAM1, and APOE;",exclude,非任务目标细胞（Enteroendocrine cell），属于巨噬细胞亚群。,True,35,1.0,True,True,pass
DOI_10.1126_science.abo0510,A_exclude,Iron-recycling macrophages,Iron-recycling,human,CD5L,CD5L,exact,annotation_marker,positive,"Materials and Methods, scRNA-seq analysis, Data integration and annotation, p.6","“Iron-recycling” expressing the highest levels of ferroportin (SLC40A1) and phosphatidylserine receptor TIMD4 but best characterized by expression of CD5L, VCAM1, and APOE;",exclude,非任务目标细胞（Enteroendocrine cell），属于巨噬细胞亚群。,True,35,1.0,True,True,pass
DOI_10.1126_science.abo0510,A_exclude,Iron-recycling macrophages,Iron-recycling,human,VCAM1,VCAM1,exact,annotation_marker,positive,"Materials and Methods, scRNA-seq analysis, Data integration and annotation, p.6","“Iron-recycling” expressing the highest levels of ferroportin (SLC40A1) and phosphatidylserine receptor TIMD4 but best characterized by expression of CD5L, VCAM1, and APOE;",exclude,非任务目标细胞（Enteroendocrine cell），属于巨噬细胞亚群。,True,35,1.0,True,True,pass
DOI_10.1126_science.abo0510,A_exclude,Iron-recycling macrophages,Iron-recycling,human,APOE,APOE,exact,annotation_marker,positive,"Materials and Methods, scRNA-seq analysis, Data integration and annotation, p.6","“Iron-recycling” expressing the highest levels of ferroportin (SLC40A1) and phosphatidylserine receptor TIMD4 but best characterized by expression of CD5L, VCAM1, and APOE;",exclude,非任务目标细胞（Enteroendocrine cell），属于巨噬细胞亚群。,True,35,1.0,True,True,pass
DOI_10.1126_science.abo0510,A_exclude,MHC class IIhi macrophages,MHC class IIhi,human,HLA-DRA,HLA-DRA,exact,annotation_marker,positive,"Materials and Methods, scRNA-seq analysis, Data integration and annotation, p.6","“MHC class IIhi” expressing the highest levels of HLA-DRA, HLA-DPA1, and CLEC7A among macrophages;",exclude,非任务目标细胞（Enteroendocrine cell），属于巨噬细胞亚群。,True,35,1.0,True,True,pass
DOI_10.1126_science.abo0510,A_exclude,MHC class IIhi macrophages,MHC class IIhi,human,HLA-DPA1,HLA-DPA1,exact,annotation_marker,positive,"Materials and Methods, scRNA-seq analysis, Data integration and annotation, p.6","“MHC class IIhi” expressing the highest levels of HLA-DRA, HLA-DPA1, and CLEC7A among macrophages;",exclude,非任务目标细胞（Enteroendocrine cell），属于巨噬细胞亚群。,True,35,1.0,True,True,pass
DOI_10.1126_science.abo0510,A_exclude,MHC class IIhi macrophages,MHC class IIhi,human,CLEC7A,CLEC7A,exact,annotation_marker,positive,"Materials and Methods, scRNA-seq analysis, Data integration and annotation, p.6","“MHC class IIhi” expressing the highest levels of HLA-DRA, HLA-DPA1, and CLEC7A among macrophages;",exclude,非任务目标细胞（Enteroendocrine cell），属于巨噬细胞亚群。,True,35,1.0,True,True,pass
DOI_10.1126_science.abo0510,A_exclude,Kupffer-like macrophages,Kupffer-like,human,ENG,ENG,exact,annotation_marker,positive,"Materials and Methods, scRNA-seq analysis, Data integration and annotation, p.6","“Kupffer-like” expressing endothelial transcripts ENG, KDR, and CAV;",exclude,非任务目标细胞（Enteroendocrine cell），属于巨噬细胞亚群。,True,35,1.0,True,True,pass
DOI_10.1126_science.abo0510,A_exclude,Kupffer-like macrophages,Kupffer-like,human,KDR,KDR,exact,annotation_marker,positive,"Materials and Methods, scRNA-seq analysis, Data integration and annotation, p.6","“Kupffer-like” expressing endothelial transcripts ENG, KDR, and CAV;",exclude,非任务目标细胞（Enteroendocrine cell），属于巨噬细胞亚群。,True,35,1.0,True,True,pass
DOI_10.1126_science.abo0510,A_exclude,TREM2 macrophages,TREM2,human,TREM2,TREM2,exact,annotation_marker,positive,"Materials and Methods, scRNA-seq analysis, Data integration and annotation, p.6",“TREM2” with expression of microglia-associated transcripts TREM2 and P2RY12;,exclude,非任务目标细胞（Enteroendocrine cell），属于巨噬细胞亚群。,True,35,1.0,True,True,pass
DOI_10.1126_science.abo0510,A_exclude,TREM2 macrophages,TREM2,human,P2RY12,P2RY12,exact,annotation_marker,positive,"Materials and Methods, scRNA-seq analysis, Data integration and annotation, p.6",“TREM2” with expression of microglia-associated transcripts TREM2 and P2RY12;,exclude,非任务目标细胞（Enteroendocrine cell），属于巨噬细胞亚群。,True,35,1.0,True,True,pass
DOI_10.1126_science.abo0510,A_exclude,Osteoclasts,Osteoclasts,human,MMP9,MMP9,exact,annotation_marker,positive,"Materials and Methods, scRNA-seq analysis, Data integration and annotation, p.6",“Osteoclasts” expressing characteristic MMP9 and ACP5;,exclude,非任务目标细胞（Enteroendocrine cell），属于破骨细胞。,True,35,1.0,True,True,pass
DOI_10.1126_science.abo0510,A_exclude,Osteoclasts,Osteoclasts,human,ACP5,ACP5,exact,annotation_marker,positive,"Materials and Methods, scRNA-seq analysis, Data integration and annotation, p.6",“Osteoclasts” expressing characteristic MMP9 and ACP5;,exclude,非任务目标细胞（Enteroendocrine cell），属于破骨细胞。,True,35,1.0,True,True,pass
DOI_10.1126_science.abo0510,A_exclude,B cells,,human,CD20,MS4A1,alias_resolved,annotation_marker,positive,"Materials and Methods, B1 functional validation experiment, p.14",B cells were gated as singlet DAPI–CD3–CD20+ cells.,exclude,非任务目标细胞（Enteroendocrine cell），属于B细胞门控。,True,35,1.0,True,True,pass
DOI_10.1126_science.abo0510,A_exclude,Plasma cells,,human,CD20,MS4A1,alias_resolved,annotation_marker,negative,"Materials and Methods, B1 functional validation experiment, p.14",Plasma cells should generally be CD20lo and therefore not included.,exclude,非任务目标细胞（Enteroendocrine cell），属于浆细胞排除门控。,True,35,1.0,True,True,pass
DOI_10.1126_science.abo0510,A_exclude,Plasma cells,,human,CD38,CD38,exact,annotation_marker,positive,"Materials and Methods, B1 functional validation experiment, p.14","To further exclude plasma cell contamination, we also gated out the top 1% of B cells expressing the highest level of CD38.",exclude,非任务目标细胞（Enteroendocrine cell），属于浆细胞排除门控。,True,35,1.0,True,True,pass
DOI_10.1126_science.abo0510,A_exclude,B cells,CCR10hi,human,CCR10,CCR10,exact,annotation_marker,positive,"Materials and Methods, B1 functional validation experiment, p.14","The rest of the B cells were then sorted into four fractions: CCR10hi, CCR10loCD27+CD43+, CCR10loCD27–CD43+, and CCR10loCD27–CD43–.",exclude,非任务目标细胞（Enteroendocrine cell），属于B细胞亚群分选。,True,35,1.0,True,True,pass
DOI_10.1126_science.abo0510,A_exclude,B cells,CCR10loCD27+CD43+,human,CCR10,CCR10,exact,annotation_marker,negative,"Materials and Methods, B1 functional validation experiment, p.14","The rest of the B cells were then sorted into four fractions: CCR10hi, CCR10loCD27+CD43+, CCR10loCD27–CD43+, and CCR10loCD27–CD43–.",exclude,非任务目标细胞（Enteroendocrine cell），属于B细胞亚群分选。,True,35,1.0,True,True,duplicate_pool
DOI_10.1126_science.abo0510,A_exclude,B cells,CCR10loCD27+CD43+,human,CD27,CD27,exact,annotation_marker,positive,"Materials and Methods, B1 functional validation experiment, p.14","The rest of the B cells were then sorted into four fractions: CCR10hi, CCR10loCD27+CD43+, CCR10loCD27–CD43+, and CCR10loCD27–CD43–.",exclude,非任务目标细胞（Enteroendocrine cell），属于B细胞亚群分选。,True,35,1.0,True,True,pass
DOI_10.1126_science.abo0510,A_exclude,B cells,CCR10loCD27+CD43+,human,CD43,SPN,alias_resolved,annotation_marker,positive,"Materials and Methods, B1 functional validation experiment, p.14","The rest of the B cells were then sorted into four fractions: CCR10hi, CCR10loCD27+CD43+, CCR10loCD27–CD43+, and CCR10loCD27–CD43–.",exclude,非任务目标细胞（Enteroendocrine cell），属于B细胞亚群分选。,True,35,1.0,True,True,pass
DOI_10.1126_science.abo0510,A_exclude,B cells,CCR10loCD27–CD43+,human,CCR10,CCR10,exact,annotation_marker,negative,"Materials and Methods, B1 functional validation experiment, p.14","The rest of the B cells were then sorted into four fractions: CCR10hi, CCR10loCD27+CD43+, CCR10loCD27–CD43+, and CCR10loCD27–CD43–.",exclude,非任务目标细胞（Enteroendocrine cell），属于B细胞亚群分选。,True,35,1.0,True,True,duplicate_pool
DOI_10.1126_science.abo0510,A_exclude,B cells,CCR10loCD27–CD43+,human,CD27,CD27,exact,annotation_marker,negative,"Materials and Methods, B1 functional validation experiment, p.14","The rest of the B cells were then sorted into four fractions: CCR10hi, CCR10loCD27+CD43+, CCR10loCD27–CD43+, and CCR10loCD27–CD43–.",exclude,非任务目标细胞（Enteroendocrine cell），属于B细胞亚群分选。,True,35,1.0,True,True,duplicate_pool
DOI_10.1126_science.abo0510,A_exclude,B cells,CCR10loCD27–CD43+,human,CD43,SPN,alias_resolved,annotation_marker,positive,"Materials and Methods, B1 functional validation experiment, p.14","The rest of the B cells were then sorted into four fractions: CCR10hi, CCR10loCD27+CD43+, CCR10loCD27–CD43+, and CCR10loCD27–CD43–.",exclude,非任务目标细胞（Enteroendocrine cell），属于B细胞亚群分选。,True,35,1.0,True,True,duplicate_pool
DOI_10.1126_science.abo0510,A_exclude,B cells,CCR10loCD27–CD43–,human,CCR10,CCR10,exact,annotation_marker,negative,"Materials and Methods, B1 functional validation experiment, p.14","The rest of the B cells were then sorted into four fractions: CCR10hi, CCR10loCD27+CD43+, CCR10loCD27–CD43+, and CCR10loCD27–CD43–.",exclude,非任务目标细胞（Enteroendocrine cell），属于B细胞亚群分选。,True,35,1.0,True,True,duplicate_pool
DOI_10.1126_science.abo0510,A_exclude,B cells,CCR10loCD27–CD43–,human,CD27,CD27,exact,annotation_marker,negative,"Materials and Methods, B1 functional validation experiment, p.14","The rest of the B cells were then sorted into four fractions: CCR10hi, CCR10loCD27+CD43+, CCR10loCD27–CD43+, and CCR10loCD27–CD43–.",exclude,非任务目标细胞（Enteroendocrine cell），属于B细胞亚群分选。,True,35,1.0,True,True,duplicate_pool
DOI_10.1126_science.abo0510,A_exclude,B cells,CCR10loCD27–CD43–,human,CD43,SPN,alias_resolved,annotation_marker,negative,"Materials and Methods, B1 functional validation experiment, p.14","The rest of the B cells were then sorted into four fractions: CCR10hi, CCR10loCD27+CD43+, CCR10loCD27–CD43+, and CCR10loCD27–CD43–.",exclude,非任务目标细胞（Enteroendocrine cell），属于B细胞亚群分选。,True,35,1.0,True,True,duplicate_pool
DOI_10.1126_science.abo0510,A_exclude,Endothelial cells,,human,CDH5,CDH5,exact,figure_labeled,positive,fig. S21 legend,"Multiplex smFISH staining of DAPI, CDH5 for endothelial cells, and VPREB1, RAG1 with/without DNTT for B cell progenitors",exclude,非任务目标细胞（Enteroendocrine cell），属于内皮细胞。,True,35,1.0,True,True,pass
DOI_10.1126_science.abo0510,A_exclude,B cell progenitors,,human,VPREB1,VPREB1,exact,figure_labeled,positive,fig. S21 legend,"VPREB1, RAG1 with/without DNTT for B cell progenitors",exclude,非任务目标细胞（Enteroendocrine cell），属于B细胞祖细胞。,True,35,1.0,True,True,pass
DOI_10.1126_science.abo0510,A_exclude,B cell progenitors,,human,RAG1,RAG1,exact,figure_labeled,positive,fig. S21 legend,"VPREB1, RAG1 with/without DNTT for B cell progenitors",exclude,非任务目标细胞（Enteroendocrine cell），属于B细胞祖细胞。,True,35,1.0,True,True,pass
DOI_10.1126_science.abo0510,A_exclude,B cell progenitors,,human,DNTT,DNTT,exact,figure_labeled,positive,fig. S21 legend,"VPREB1, RAG1 with/without DNTT for B cell progenitors",exclude,非任务目标细胞（Enteroendocrine cell），属于B细胞祖细胞。,True,35,1.0,True,True,pass
DOI_10.1126_science.abo0510,A_exclude,megakaryocyte/erythroid progenitors,,human,KLF1,KLF1,exact,figure_labeled,positive,fig. S22 legend,"KLF1, TESPA1 for megakaryocyte/erythroid progenitors",exclude,非任务目标细胞（Enteroendocrine cell），属于巨核/红系祖细胞。,True,35,1.0,True,True,pass
DOI_10.1126_science.abo0510,A_exclude,megakaryocyte/erythroid progenitors,,human,TESPA1,TESPA1,exact,figure_labeled,positive,fig. S22 legend,"KLF1, TESPA1 for megakaryocyte/erythroid progenitors",exclude,非任务目标细胞（Enteroendocrine cell），属于巨核/红系祖细胞。,True,35,1.0,True,True,pass
DOI_10.1126_science.abo0510,A_exclude,Myeloid progenitors,,human,MPO,MPO,exact,figure_labeled,positive,fig. S23 legend,MPO and AZU1 for myeloid progenitors,exclude,非任务目标细胞（Enteroendocrine cell），属于髓系祖细胞。,True,35,1.0,True,True,pass
DOI_10.1126_science.abo0510,A_exclude,Myeloid progenitors,,human,AZU1,AZU1,exact,figure_labeled,positive,fig. S23 legend,MPO and AZU1 for myeloid progenitors,exclude,非任务目标细胞（Enteroendocrine cell），属于髓系祖细胞。,True,35,1.0,True,True,pass
DOI_10.1126_science.abo0510,A_exclude,Immature B cells,,human,CD19,CD19,exact,figure_labeled,positive,fig. S25 legend,"Marker gene expression patterns overlaid onto the same UMAP plot. Immature B cells were characterized by higher expression of CD19, CD24, and VPREB3.",exclude,非任务目标细胞（Enteroendocrine cell），属于未成熟B细胞。,True,35,1.0,True,True,pass
DOI_10.1126_science.abo0510,A_exclude,Immature B cells,,human,CD24,CD24,exact,figure_labeled,positive,fig. S25 legend,"Marker gene expression patterns overlaid onto the same UMAP plot. Immature B cells were characterized by higher expression of CD19, CD24, and VPREB3.",exclude,非任务目标细胞（Enteroendocrine cell），属于未成熟B细胞。,True,35,1.0,True,True,pass
DOI_10.1126_science.abo0510,A_exclude,Immature B cells,,human,VPREB3,VPREB3,exact,figure_labeled,positive,fig. S25 legend,"Marker gene expression patterns overlaid onto the same UMAP plot. Immature B cells were characterized by higher expression of CD19, CD24, and VPREB3.",exclude,非任务目标细胞（Enteroendocrine cell），属于未成熟B细胞。,True,35,1.0,True,True,pass
DOI_10.1126_science.abo0510,A_exclude,Mature B cells,,human,MS4A1,MS4A1,exact,figure_labeled,positive,fig. S25 legend,"Mature B, cycling B, plasma B, and putative B1 cells expressed MS4A1 except plasma B",exclude,非任务目标细胞（Enteroendocrine cell），属于成熟B细胞。,True,35,1.0,True,True,pass
DOI_10.1126_science.abo0510,A_exclude,Cycling B cells,,human,MS4A1,MS4A1,exact,figure_labeled,positive,fig. S25 legend,"Mature B, cycling B, plasma B, and putative B1 cells expressed MS4A1 except plasma B",exclude,非任务目标细胞（Enteroendocrine cell），属于循环B细胞。,True,35,1.0,True,True,pass
DOI_10.1126_science.abo0510,A_exclude,Cycling B cells,,human,MKI67,MKI67,exact,author_declared,positive,fig. S25 legend,Cycling B cells were additionally marked with MKI67.,exclude,非任务目标细胞（Enteroendocrine cell），属于循环B细胞。,True,35,1.0,True,True,pass
DOI_10.1126_science.abo0510,A_exclude,Plasma B cells,,human,MS4A1,MS4A1,exact,figure_labeled,negative,fig. S25 legend,"plasma B (MS4A1lo and expressing CD38, SDC1, and JCHAIN)",exclude,非任务目标细胞（Enteroendocrine cell），属于浆B细胞。,True,35,1.0,True,True,pass
DOI_10.1126_science.abo0510,A_exclude,Plasma B cells,,human,CD38,CD38,exact,figure_labeled,positive,fig. S25 legend,"plasma B (MS4A1lo and expressing CD38, SDC1, and JCHAIN)",exclude,非任务目标细胞（Enteroendocrine cell），属于浆B细胞。,True,35,1.0,True,True,pass
DOI_10.1126_science.abo0510,A_exclude,Plasma B cells,,human,SDC1,SDC1,exact,figure_labeled,positive,fig. S25 legend,"plasma B (MS4A1lo and expressing CD38, SDC1, and JCHAIN)",exclude,非任务目标细胞（Enteroendocrine cell），属于浆B细胞。,True,35,1.0,True,True,pass
DOI_10.1126_science.abo0510,A_exclude,Plasma B cells,,human,JCHAIN,JCHAIN,exact,figure_labeled,positive,fig. S25 legend,"plasma B (MS4A1lo and expressing CD38, SDC1, and JCHAIN)",exclude,非任务目标细胞（Enteroendocrine cell），属于浆B细胞。,True,35,1.0,True,True,pass
DOI_10.1126_science.abo0510,A_exclude,Putative B1 cells,,human,MS4A1,MS4A1,exact,figure_labeled,positive,fig. S25 legend,"Mature B, cycling B, plasma B, and putative B1 cells expressed MS4A1 except plasma B",exclude,非任务目标细胞（Enteroendocrine cell），属于推定B1细胞。,True,35,1.0,True,True,pass
DOI_10.1126_science.abo0510,A_exclude,Proliferating macrophages,,human,MKI67,MKI67,exact,figure_labeled,positive,fig. S11 legend,proliferating (MKI67+TOP2A+) macrophages identified in myeloid clustering,exclude,非任务目标细胞（Enteroendocrine cell），属于增殖巨噬细胞。,True,35,1.0,True,True,pass
DOI_10.1126_science.abo0510,A_exclude,Proliferating macrophages,,human,TOP2A,TOP2A,exact,figure_labeled,positive,fig. S11 legend,proliferating (MKI67+TOP2A+) macrophages identified in myeloid clustering,exclude,非任务目标细胞（Enteroendocrine cell），属于增殖巨噬细胞。,True,35,1.0,True,True,pass
DOI_10.1126_science.abo0510,A_exclude,CD4+ effector T cells,,human,SELL,SELL,exact,author_declared,positive,fig. S17D legend,"adult CD4+ effector T cells ... show increased expression of naive markers (SELL, CCR7) and CD4+T effector markers (KLRB1)",exclude,非任务目标细胞（Enteroendocrine cell），属于CD4+效应T细胞。,True,35,1.0,True,True,pass
DOI_10.1126_science.abo0510,A_exclude,CD4+ effector T cells,,human,CCR7,CCR7,exact,author_declared,positive,fig. S17D legend,"adult CD4+ effector T cells ... show increased expression of naive markers (SELL, CCR7) and CD4+T effector markers (KLRB1)",exclude,非任务目标细胞（Enteroendocrine cell），属于CD4+效应T细胞。,True,35,1.0,True,True,pass
DOI_10.1126_science.abo0510,A_exclude,CD4+ effector T cells,,human,KLRB1,KLRB1,exact,author_declared,positive,fig. S17D legend,"adult CD4+ effector T cells ... show increased expression of naive markers (SELL, CCR7) and CD4+T effector markers (KLRB1)",exclude,非任务目标细胞（Enteroendocrine cell），属于CD4+效应T细胞。,True,35,1.0,True,True,pass
DOI_10.1126_sciimmunol.adf9988,A_exclude,immune cells,,human,CD45,PTPRC,alias_resolved,annotation_marker,positive,Results p.4,IHC showed that CD45+ immune cells were present in human fetal lungs throughout early development,exclude,免疫细胞非任务目标 L4:Pulmonary neuroendocrine cell，范围不符。,True,13,1.0,True,True,pass
DOI_10.1126_sciimmunol.adf9988,A_exclude,T cells,CD4+,human,CD4,CD4,exact,annotation_marker,positive,Results p.5,"CD4+, CD8+ and regulatory T cells with age",exclude,CD4+ T 细胞非任务目标细胞，范围不符。,True,13,1.0,True,True,pass
DOI_10.1126_sciimmunol.adf9988,A_exclude,T progenitors,,human,PTCRA,PTCRA,exact,annotation_marker,positive,Results p.7-8,a very small cluster of T progenitors (PTCRA+RAG1+RAG2+; Fig S6D),exclude,T 祖细胞非任务目标细胞，范围不符。,True,13,1.0,True,True,pass
DOI_10.1126_sciimmunol.adf9988,A_exclude,T progenitors,,human,RAG1,RAG1,exact,annotation_marker,positive,Results p.7-8,a very small cluster of T progenitors (PTCRA+RAG1+RAG2+; Fig S6D),exclude,T 祖细胞非任务目标细胞，范围不符。,True,13,1.0,True,True,pass
DOI_10.1126_sciimmunol.adf9988,A_exclude,T progenitors,,human,RAG2,RAG2,exact,annotation_marker,positive,Results p.7-8,a very small cluster of T progenitors (PTCRA+RAG1+RAG2+; Fig S6D),exclude,T 祖细胞非任务目标细胞，范围不符。,True,13,1.0,True,True,pass
DOI_10.1126_sciimmunol.adf9988,A_exclude,ILCPs,,human,HPN,HPN,exact,author_declared,positive,Results p.8,A cluster of ILCPs was identified by expression of marker genes (HPN and SCN1B (28); Fig S6E),exclude,ILCP 非任务目标细胞；HPN 虽为作者声明 marker，但范围不符。,True,13,1.0,True,True,pass
DOI_10.1126_sciimmunol.adf9988,A_exclude,ILCPs,,human,SCN1B,SCN1B,exact,author_declared,positive,Results p.8,A cluster of ILCPs was identified by expression of marker genes (HPN and SCN1B (28); Fig S6E),exclude,ILCP 非任务目标细胞；SCN1B 虽为作者声明 marker，但范围不符。,True,13,1.0,True,True,pass
DOI_10.1126_sciimmunol.adf9988,A_exclude,LMPP/ELP,,human,CD34,CD34,exact,annotation_marker,positive,Results p.6,LMPP/ELP (CD34+EBF1-),exclude,LMPP/ELP 非任务目标细胞，范围不符。,True,13,1.0,True,True,pass
DOI_10.1126_sciimmunol.adf9988,A_exclude,LMPP/ELP,,human,EBF1,EBF1,exact,annotation_marker,negative,Results p.6,LMPP/ELP (CD34+EBF1-),exclude,LMPP/ELP 非任务目标细胞；EBF1- 用于定义该群，但范围不符。,True,13,1.0,True,True,pass
DOI_10.1126_sciimmunol.adf9988,A_exclude,B cells,pre-pro-B,human,EBF1,EBF1,exact,annotation_marker,positive,Results p.6,pre-pro-B (EBF1+SPINK2+VPREB1+),exclude,B 细胞发育阶段非任务目标细胞，范围不符。,True,13,1.0,True,True,pass
DOI_10.1126_sciimmunol.adf9988,A_exclude,B cells,pre-pro-B,human,SPINK2,SPINK2,exact,annotation_marker,positive,Results p.6,pre-pro-B (EBF1+SPINK2+VPREB1+),exclude,B 细胞发育阶段非任务目标细胞，范围不符。,True,13,1.0,True,True,pass
DOI_10.1126_sciimmunol.adf9988,A_exclude,B cells,pre-pro-B,human,VPREB1,VPREB1,exact,annotation_marker,positive,Results p.6,pre-pro-B (EBF1+SPINK2+VPREB1+),exclude,B 细胞发育阶段非任务目标细胞，范围不符。,True,13,1.0,True,True,pass
DOI_10.1126_sciimmunol.adf9988,A_exclude,B cells,pre-pro-B,human,IL7R,IL7R,exact,author_declared,positive,Results p.6,observed the acquisition of B cell markers such as IL7R at the pre-pro-B cell stage,exclude,B 细胞发育阶段非任务目标细胞；IL7R 虽为作者声明 B 细胞 marker，但范围不符。,True,13,1.0,True,True,pass
DOI_10.1126_sciimmunol.adf9988,A_exclude,B cells,pro-B,human,DNTT,DNTT,exact,annotation_marker,positive,Results p.6,pro-B (DNTT+),exclude,B 细胞发育阶段非任务目标细胞，范围不符。,True,13,1.0,True,True,pass
DOI_10.1126_sciimmunol.adf9988,A_exclude,B cells,pro-B,human,VPREB1,VPREB1,exact,annotation_marker,positive,Results p.6-7,RNAscope showed VPREB1+DNTT+ cells representing pro-B cell stages,exclude,B 细胞发育阶段非任务目标细胞，范围不符。,True,13,1.0,True,True,duplicate_pool
DOI_10.1126_sciimmunol.adf9988,A_exclude,B cells,late pro-B,human,NEIL1,NEIL1,exact,annotation_marker,positive,Results p.6,NEIL1+MKI67- late pro-B cells,exclude,B 细胞发育阶段非任务目标细胞，范围不符。,True,13,1.0,True,True,pass
DOI_10.1126_sciimmunol.adf9988,A_exclude,B cells,late pro-B,human,MKI67,MKI67,exact,annotation_marker,negative,Results p.6,NEIL1+MKI67- late pro-B cells,exclude,B 细胞发育阶段非任务目标细胞；MKI67- 用于定义该群，范围不符。,True,13,1.0,True,True,pass
DOI_10.1126_sciimmunol.adf9988,A_exclude,B cells,pro-B/pre-B transition,human,RAG1,RAG1,exact,annotation_marker,positive,Results p.6,RAG1+MS4A1+ pro-B/pre-B transition cells,exclude,B 细胞发育阶段非任务目标细胞，范围不符。,True,13,1.0,True,True,pass
DOI_10.1126_sciimmunol.adf9988,A_exclude,B cells,pro-B/pre-B transition,human,MS4A1,MS4A1,exact,annotation_marker,positive,Results p.6,RAG1+MS4A1+ pro-B/pre-B transition cells,exclude,B 细胞发育阶段非任务目标细胞，范围不符。,True,13,1.0,True,True,pass
DOI_10.1126_sciimmunol.adf9988,A_exclude,B cells,large pre-B,human,IL7R,IL7R,exact,annotation_marker,positive,Results p.6,large pre-B (IL7R+MS4A1+MKI67+),exclude,B 细胞发育阶段非任务目标细胞，范围不符。,True,13,1.0,True,True,duplicate_pool
DOI_10.1126_sciimmunol.adf9988,A_exclude,B cells,large pre-B,human,MS4A1,MS4A1,exact,annotation_marker,positive,Results p.6,large pre-B (IL7R+MS4A1+MKI67+),exclude,B 细胞发育阶段非任务目标细胞，范围不符。,True,13,1.0,True,True,duplicate_pool
DOI_10.1126_sciimmunol.adf9988,A_exclude,B cells,large pre-B,human,MKI67,MKI67,exact,annotation_marker,positive,Results p.6,large pre-B (IL7R+MS4A1+MKI67+),exclude,B 细胞发育阶段非任务目标细胞，范围不符。,True,13,1.0,True,True,duplicate_pool
DOI_10.1126_sciimmunol.adf9988,A_exclude,B cells,small pre-B,human,IL7R,IL7R,exact,annotation_marker,positive,Results p.6,small pre-B (IL7R+SPIB+MKI67-),exclude,B 细胞发育阶段非任务目标细胞，范围不符。,True,13,1.0,True,True,duplicate_pool
DOI_10.1126_sciimmunol.adf9988,A_exclude,B cells,small pre-B,human,SPIB,SPIB,exact,annotation_marker,positive,Results p.6,small pre-B (IL7R+SPIB+MKI67-),exclude,B 细胞发育阶段非任务目标细胞，范围不符。,True,13,1.0,True,True,pass
DOI_10.1126_sciimmunol.adf9988,A_exclude,B cells,small pre-B,human,MKI67,MKI67,exact,annotation_marker,negative,Results p.6,small pre-B (IL7R+SPIB+MKI67-),exclude,B 细胞发育阶段非任务目标细胞；MKI67- 用于定义该群，范围不符。,True,13,1.0,True,True,duplicate_pool
DOI_10.1126_sciimmunol.adf9988,A_exclude,B cells,small pre-B,human,BEST3,BEST3,exact,annotation_marker,positive,Results p.6-7,RNAscope showed ... RAG1+BEST3+ small pre-B cells,exclude,B 细胞发育阶段非任务目标细胞，范围不符。,True,13,1.0,True,True,pass
DOI_10.1126_sciimmunol.adf9988,A_exclude,B cells,"small pre-B, Ig kappa+",human,IGKC,IGKC,exact,annotation_marker,positive,Results p.6,"small pre-B cell clusters, expressing either immunoglobulin kappa (IGKC+) or lambda (IGLC2+IGLC3+) light chain genes",exclude,B 细胞发育阶段非任务目标细胞，范围不符。,True,13,1.0,True,True,pass
DOI_10.1126_sciimmunol.adf9988,A_exclude,B cells,"small pre-B, Ig lambda+",human,IGLC2,IGLC2,exact,annotation_marker,positive,Results p.6,"small pre-B cell clusters, expressing either immunoglobulin kappa (IGKC+) or lambda (IGLC2+IGLC3+) light chain genes",exclude,B 细胞发育阶段非任务目标细胞，范围不符。,True,13,1.0,True,True,pass
DOI_10.1126_sciimmunol.adf9988,A_exclude,B cells,"small pre-B, Ig lambda+",human,IGLC3,IGLC3,exact,annotation_marker,positive,Results p.6,"small pre-B cell clusters, expressing either immunoglobulin kappa (IGKC+) or lambda (IGLC2+IGLC3+) light chain genes",exclude,B 细胞发育阶段非任务目标细胞，范围不符。,True,13,1.0,True,True,pass
DOI_10.1126_sciimmunol.adf9988,A_exclude,B cells,late pre-B,human,MS4A1,MS4A1,exact,annotation_marker,positive,Results p.6,"MS4A1+ late pre-B cells that expressed the marker for surrogate light chain, IGLL1",exclude,B 细胞发育阶段非任务目标细胞，范围不符。,True,13,1.0,True,True,duplicate_pool
DOI_10.1126_sciimmunol.adf9988,A_exclude,B cells,late pre-B,human,IGLL1,IGLL1,exact,annotation_marker,positive,Results p.6,"MS4A1+ late pre-B cells that expressed the marker for surrogate light chain, IGLL1",exclude,B 细胞发育阶段非任务目标细胞；IGLL1 虽为作者所称 marker，但范围不符。,True,13,1.0,True,True,pass
DOI_10.1126_sciimmunol.adf9988,A_exclude,B cells,immature B,human,MS4A1,MS4A1,exact,annotation_marker,positive,Results p.6,immature B (MS4A1+IGHDloIGHMhiVPREB3hi),exclude,B 细胞发育阶段非任务目标细胞，范围不符。,True,13,1.0,True,True,duplicate_pool
DOI_10.1126_sciimmunol.adf9988,A_exclude,B cells,immature B,human,IGHD,IGHD,exact,annotation_marker,negative,Results p.6,immature B (MS4A1+IGHDloIGHMhiVPREB3hi),exclude,B 细胞发育阶段非任务目标细胞；IGHDlo 为低/阴性定义，范围不符。,False,13,0.0,False,True,fail_citation
DOI_10.1126_sciimmunol.adf9988,A_exclude,B cells,immature B,human,IGHM,IGHM,exact,annotation_marker,positive,Results p.6,immature B (MS4A1+IGHDloIGHMhiVPREB3hi),exclude,B 细胞发育阶段非任务目标细胞，范围不符。,True,13,1.0,True,True,pass
DOI_10.1126_sciimmunol.adf9988,A_exclude,B cells,immature B,human,VPREB3,VPREB3,exact,annotation_marker,positive,Results p.6,immature B (MS4A1+IGHDloIGHMhiVPREB3hi),exclude,B 细胞发育阶段非任务目标细胞，范围不符。,False,13,0.0,False,True,fail_citation
DOI_10.1126_sciimmunol.adf9988,A_exclude,B cells,mature B,human,MS4A1,MS4A1,exact,annotation_marker,positive,Results p.6,mature B (MS4A1+IGHDhiIGHMhiVPREB3lo),exclude,B 细胞发育阶段非任务目标细胞，范围不符。,True,13,1.0,True,True,duplicate_pool
DOI_10.1126_sciimmunol.adf9988,A_exclude,B cells,mature B,human,IGHD,IGHD,exact,annotation_marker,positive,Results p.6,mature B (MS4A1+IGHDhiIGHMhiVPREB3lo),exclude,B 细胞发育阶段非任务目标细胞，范围不符。,False,13,0.0,False,True,duplicate_pool
DOI_10.1126_sciimmunol.adf9988,A_exclude,B cells,mature B,human,IGHM,IGHM,exact,annotation_marker,positive,Results p.6,mature B (MS4A1+IGHDhiIGHMhiVPREB3lo),exclude,B 细胞发育阶段非任务目标细胞，范围不符。,True,13,1.0,True,True,duplicate_pool
DOI_10.1126_sciimmunol.adf9988,A_exclude,B cells,mature B,human,VPREB3,VPREB3,exact,annotation_marker,negative,Results p.6,mature B (MS4A1+IGHDhiIGHMhiVPREB3lo),exclude,B 细胞发育阶段非任务目标细胞；VPREB3lo 为低/阴性定义，范围不符。,False,13,0.0,False,True,duplicate_pool
DOI_10.1126_sciimmunol.adf9988,A_exclude,B cells,CD5+ mature B,human,CD5,CD5,exact,annotation_marker,positive,Results p.6,CD5- versus CD5+ mature B cells,exclude,B 细胞亚群非任务目标细胞，范围不符。,True,13,1.0,True,True,pass
DOI_10.1126_sciimmunol.adf9988,A_exclude,B cells,CD5- mature B,human,CD5,CD5,exact,annotation_marker,negative,Results p.6,CD5- versus CD5+ mature B cells,exclude,B 细胞亚群非任务目标细胞；CD5- 用于区分该群，范围不符。,True,13,1.0,True,True,duplicate_pool
DOI_10.1126_sciimmunol.adf9988,A_exclude,B-1-like cells,,human,CD5,CD5,exact,author_declared,positive,Results p.7,"The final stage of mature CD5+ cells was marked by CD5, CD27, SPN (CD43), CCR10 and CCL22 (Fig 3C), representative of putative human B-1-like cells",exclude,B-1-like 细胞非任务目标细胞；CD5 虽为作者声明 marker，但范围不符。,True,13,1.0,True,True,pass
DOI_10.1126_sciimmunol.adf9988,A_exclude,B-1-like cells,,human,CD27,CD27,exact,author_declared,positive,Results p.7,"The final stage of mature CD5+ cells was marked by CD5, CD27, SPN (CD43), CCR10 and CCL22 (Fig 3C), representative of putative human B-1-like cells",exclude,B-1-like 细胞非任务目标细胞；CD27 虽为作者声明 marker，但范围不符。,True,13,1.0,True,True,pass
DOI_10.1126_sciimmunol.adf9988,A_exclude,B-1-like cells,,human,SPN,SPN,exact,author_declared,positive,Results p.7,"The final stage of mature CD5+ cells was marked by CD5, CD27, SPN (CD43), CCR10 and CCL22 (Fig 3C), representative of putative human B-1-like cells",exclude,B-1-like 细胞非任务目标细胞；SPN 虽为作者声明 marker，但范围不符。,True,13,1.0,True,True,pass
DOI_10.1126_sciimmunol.adf9988,A_exclude,B-1-like cells,,human,CCR10,CCR10,exact,author_declared,positive,Results p.7,"The final stage of mature CD5+ cells was marked by CD5, CD27, SPN (CD43), CCR10 and CCL22 (Fig 3C), representative of putative human B-1-like cells",exclude,B-1-like 细胞非任务目标细胞；CCR10 虽为作者声明 marker，但范围不符。,True,13,1.0,True,True,pass
DOI_10.1126_sciimmunol.adf9988,A_exclude,B-1-like cells,,human,CCL22,CCL22,exact,author_declared,positive,Results p.7,"The final stage of mature CD5+ cells was marked by CD5, CD27, SPN (CD43), CCR10 and CCL22 (Fig 3C), representative of putative human B-1-like cells",exclude,B-1-like 细胞非任务目标细胞；CCL22 虽为作者声明 marker，但范围不符。,True,13,1.0,True,True,pass
DOI_10.1126_sciimmunol.adf9988,A_exclude,plasma cells,,human,PRDM1,PRDM1,exact,annotation_marker,positive,Results p.7,Absence of the expression of the transcription factor PRDM1 (Fig 3C) confirmed that our dataset does not contain any plasma cells,exclude,PRDM1 为浆细胞阳性标志，但本文数据无浆细胞且浆细胞非目标范围。,True,13,1.0,True,True,pass
DOI_10.1126_sciimmunol.adf9988,A_exclude,myeloid cells,,human,CD68,CD68,exact,author_declared,positive,Results p.9,"Most myeloid cells, defined by their expression of CD68, were tissue-resident",exclude,髓系细胞非任务目标细胞；CD68 虽为作者定义 marker，但范围不符。,True,13,1.0,True,True,pass
DOI_10.1126_sciimmunol.adf9988,A_exclude,monocytes,S100A12hi CD14+,human,S100A12,S100A12,exact,annotation_marker,positive,Results p.8-9,"pro-monocyte and monocyte populations (S100A12hi CD14+, S100A12loCD14+ and CD16+)",exclude,单核细胞非任务目标细胞，范围不符。,True,13,1.0,True,True,pass
DOI_10.1126_sciimmunol.adf9988,A_exclude,monocytes,S100A12hi CD14+,human,CD14,CD14,exact,annotation_marker,positive,Results p.8-9,"pro-monocyte and monocyte populations (S100A12hi CD14+, S100A12loCD14+ and CD16+)",exclude,单核细胞非任务目标细胞，范围不符。,True,13,1.0,True,True,pass
DOI_10.1126_sciimmunol.adf9988,A_exclude,monocytes,S100A12lo CD14+,human,S100A12,S100A12,exact,annotation_marker,negative,Results p.8-9,"pro-monocyte and monocyte populations (S100A12hi CD14+, S100A12loCD14+ and CD16+)",exclude,单核细胞非任务目标细胞；S100A12lo 为低/阴性定义，范围不符。,True,13,1.0,True,True,duplicate_pool
DOI_10.1126_sciimmunol.adf9988,A_exclude,monocytes,S100A12lo CD14+,human,CD14,CD14,exact,annotation_marker,positive,Results p.8-9,"pro-monocyte and monocyte populations (S100A12hi CD14+, S100A12loCD14+ and CD16+)",exclude,单核细胞非任务目标细胞，范围不符。,True,13,1.0,True,True,duplicate_pool
DOI_10.1126_sciimmunol.adf9988,A_exclude,classical monocytes,,human,CD14,CD14,exact,author_declared,positive,Results p.8-9,"CD14, a marker gene of classical monocytes and macrophages (34), increased",exclude,经典单核细胞非任务目标细胞；CD14 虽为作者声明 marker，但范围不符。,True,13,1.0,True,True,pass
DOI_10.1126_sciimmunol.adf9988,A_exclude,macrophages,,human,CD68,CD68,exact,author_declared,positive,Results p.9,"Most myeloid cells, defined by their expression of CD68, were tissue-resident",exclude,原文此处定义的是髓系细胞而非特异巨噬细胞；无论按哪种，均非目标范围。,True,13,1.0,True,True,pass
DOI_10.1126_sciimmunol.adf9988,A_exclude,macrophages,,human,CD206,MRC1,alias_resolved,author_declared,positive,Results p.11,"CD206, the macrophage mannose receptor, as a marker for macrophages",exclude,巨噬细胞非任务目标细胞；CD206 虽为作者声明 marker，但范围不符。,True,13,1.0,True,True,pass
DOI_10.1126_sciimmunol.adf9988,A_exclude,macrophages,,human,CD14,CD14,exact,author_declared,positive,Results p.8-9,"CD14, a marker gene of classical monocytes and macrophages (34), increased",exclude,巨噬细胞非任务目标细胞；CD14 虽为作者声明 marker，但范围不符。,True,13,1.0,True,True,pass
DOI_10.1126_sciimmunol.adf9988,A_exclude,interstitial macrophages,,human,CD14,CD14,exact,author_declared,positive,Results p.9,fetal MΦ populations expressed markers (CD14+ CD36+ MRC1+) characteristic of postnatal and adult interstitial macrophages,exclude,间质巨噬细胞非任务目标细胞；CD14 虽为作者声明 marker，但范围不符。,True,13,1.0,True,True,pass
DOI_10.1126_sciimmunol.adf9988,A_exclude,interstitial macrophages,,human,CD36,CD36,exact,author_declared,positive,Results p.9,fetal MΦ populations expressed markers (CD14+ CD36+ MRC1+) characteristic of postnatal and adult interstitial macrophages,exclude,间质巨噬细胞非任务目标细胞；CD36 虽为作者声明 marker，但范围不符。,True,13,1.0,True,True,pass
DOI_10.1126_sciimmunol.adf9988,A_exclude,interstitial macrophages,,human,MRC1,MRC1,exact,author_declared,positive,Results p.9,fetal MΦ populations expressed markers (CD14+ CD36+ MRC1+) characteristic of postnatal and adult interstitial macrophages,exclude,间质巨噬细胞非任务目标细胞；MRC1 虽为作者声明 marker，但范围不符。,True,13,1.0,True,True,pass
DOI_10.1126_sciimmunol.adf9988,A_exclude,macrophages,APOE+,human,APOE,APOE,exact,annotation_marker,positive,Results p.8-9,"maturing macrophage (MΦ) cell types (CXCL2+ macrophages, APOE+ macrophages, macrophages)",exclude,巨噬细胞亚群非任务目标细胞，范围不符。,True,13,1.0,True,True,pass
DOI_10.1126_sciimmunol.adf9988,A_exclude,macrophages,CXCL2+,human,CXCL2,CXCL2,exact,annotation_marker,positive,Results p.8-9,"maturing macrophage (MΦ) cell types (CXCL2+ macrophages, APOE+ macrophages, macrophages)",exclude,巨噬细胞亚群非任务目标细胞，范围不符。,True,13,1.0,True,True,pass
DOI_10.1126_sciimmunol.adf9988,A_exclude,HSCs,,human,SMIM24,SMIM24,exact,annotation_marker,positive,Results p.9,"rare SMIM24+SPINK2+ cells, likely HSCs",exclude,HSC 非任务目标细胞，范围不符。,True,13,1.0,True,True,pass
DOI_10.1126_sciimmunol.adf9988,A_exclude,HSCs,,human,SPINK2,SPINK2,exact,annotation_marker,positive,Results p.9,"rare SMIM24+SPINK2+ cells, likely HSCs",exclude,HSC 非任务目标细胞，范围不符。,True,13,1.0,True,True,pass
DOI_10.1126_sciimmunol.adf9988,A_exclude,DC2 cells,,human,CD1C,CD1C,exact,author_declared,positive,Results p.11,utilizing CD1C as a marker for DC2 cells,exclude,DC2 细胞非任务目标细胞；CD1C 虽为作者声明 marker，但范围不符。,True,13,1.0,True,True,pass
DOI_10.1126_sciimmunol.adf9988,A_exclude,distal epithelial tip progenitors,,human,SOX9,SOX9,exact,annotation_marker,positive,Results p.9-10,the distal epithelial tips are composed of SOX9+ progenitors,exclude,远端上皮尖端祖细胞非任务目标细胞；非神经内分泌细胞。,True,13,1.0,True,True,pass
DOI_10.1126_sciimmunol.adf9988,A_exclude,distal epithelial tip progenitors,,human,SOX2,SOX2,exact,author_declared,positive,Results p.10,we utilized SOX2 and SOX9 as markers to investigate the effects of our cytokine panel,exclude,远端上皮尖端祖细胞非任务目标细胞；SOX2 虽为作者声明 marker，但范围不符。,True,13,1.0,True,True,pass
DOI_10.1126_sciimmunol.adf9988,A_exclude,airway progenitors,,human,SOX9,SOX9,exact,annotation_marker,negative,Results p.10,to become SOX9-/SOX2+ airway progenitors,exclude,气道祖细胞非任务目标细胞；SOX9- 用于定义该群，范围不符。,True,13,1.0,True,True,pass
DOI_10.1126_sciimmunol.adf9988,A_exclude,airway progenitors,,human,SOX2,SOX2,exact,annotation_marker,positive,Results p.10,to become SOX9-/SOX2+ airway progenitors,exclude,气道祖细胞非任务目标细胞，范围不符。,True,13,1.0,True,True,pass
DOI_10.1126_sciimmunol.adf9988,A_exclude,basal cells,,human,TP63,TP63,exact,author_declared,positive,Results p.10,TP63 and a non-significant increase in KRT5 (both markers of basal cells),exclude,基底细胞非任务目标细胞；TP63 虽为作者声明 marker，但范围不符。,True,13,1.0,True,True,pass
DOI_10.1126_sciimmunol.adf9988,A_exclude,basal cells,,human,KRT5,KRT5,exact,author_declared,positive,Results p.10,TP63 and a non-significant increase in KRT5 (both markers of basal cells),exclude,基底细胞非任务目标细胞；KRT5 虽为作者声明 marker，但范围不符。,True,13,1.0,True,True,pass
DOI_10.1126_sciimmunol.adf9988,A_exclude,secretory cells,,human,SCGB3A1,SCGB3A1,exact,author_declared,positive,Results p.10,"no effect on the expression of secretory cell markers such as SCGB3A1, SCGB3A2, MUC5AC",exclude,分泌细胞非任务目标细胞；SCGB3A1 虽为作者声明 marker，但范围不符。,True,13,1.0,True,True,pass
DOI_10.1126_sciimmunol.adf9988,A_exclude,secretory cells,,human,SCGB3A2,SCGB3A2,exact,author_declared,positive,Results p.10,"no effect on the expression of secretory cell markers such as SCGB3A1, SCGB3A2, MUC5AC",exclude,分泌细胞非任务目标细胞；SCGB3A2 虽为作者声明 marker，但范围不符。,True,13,1.0,True,True,pass
DOI_10.1126_sciimmunol.adf9988,A_exclude,secretory cells,,human,MUC5AC,MUC5AC,exact,author_declared,positive,Results p.10,"no effect on the expression of secretory cell markers such as SCGB3A1, SCGB3A2, MUC5AC",exclude,分泌细胞非任务目标细胞；MUC5AC 虽为作者声明 marker，但范围不符。,True,13,1.0,True,True,pass
DOI_10.1126_sciimmunol.adf9988,A_exclude,ciliated cells,,human,FOXJ1,FOXJ1,exact,author_declared,positive,Results p.10,or the ciliated cell marker FOXJ1,exclude,纤毛细胞非任务目标细胞；FOXJ1 虽为作者声明 marker，但范围不符。,True,13,1.0,True,True,pass
DOI_10.1126_sciimmunol.adf9988,A_exclude,perivascular IL-7+ mesenchymal progenitor cells,,mouse,IL-7,IL7,alias_resolved,reference_imported,positive,Discussion p.13,Extensive analysis in mouse bone marrow highlighted the role of perivascular IL-7+ mesenchymal progenitor cells and endothelial cells in supporting B cell development (51).,exclude,物种为 mouse 且细胞类型非任务目标；仅引述外部文献，非本文数据。,True,13,1.0,True,True,pass
DOI_10.1126_sciimmunol.adf9988,A_exclude,p63+ multipotent airway progenitor population,,mouse,p63,TP63,alias_resolved,reference_imported,positive,Discussion p.14,"In mouse lung development, a p63+ multipotent airway progenitor population emerges at E9.0 (embryonic stage), followed by p63hi cells acquiring cytokeratin KRT5 to become mature tracheal basal cells at E14.5-15.5 (pseudoglandular stage) (65).",exclude,物种为 mouse 且细胞类型非任务目标；仅引述外部文献，非本文数据。,True,13,1.0,True,True,pass
DOI_10.1126_sciimmunol.adf9988,A_exclude,p63hi cells,,mouse,p63,TP63,alias_resolved,reference_imported,positive,Discussion p.14,"In mouse lung development, a p63+ multipotent airway progenitor population emerges at E9.0 (embryonic stage), followed by p63hi cells acquiring cytokeratin KRT5 to become mature tracheal basal cells at E14.5-15.5 (pseudoglandular stage) (65).",exclude,物种为 mouse 且细胞类型非任务目标；仅引述外部文献，非本文数据。,True,13,1.0,True,True,pass
DOI_10.1126_sciimmunol.adf9988,A_exclude,mature tracheal basal cells,,mouse,KRT5,KRT5,exact,reference_imported,positive,Discussion p.14,"In mouse lung development, a p63+ multipotent airway progenitor population emerges at E9.0 (embryonic stage), followed by p63hi cells acquiring cytokeratin KRT5 to become mature tracheal basal cells at E14.5-15.5 (pseudoglandular stage) (65).",exclude,物种为 mouse 且细胞类型非任务目标；仅引述外部文献，非本文数据。,True,13,1.0,True,True,pass
DOI_10.1126_sciimmunol.adf9988,A_exclude,SOX9+ tip progenitors,,human,SOX9,SOX9,exact,annotation_marker,positive,Discussion p.14,"spatially detected IL-1β-expressing immune cells in close proximity to the SOX9+ tip progenitors in these developmental stages (Fig 7A,D,E,F).",exclude,SOX9+ 尖端祖细胞非任务目标细胞，范围不符。,True,13,1.0,True,True,pass
DOI_10.1126_sciimmunol.adf9988,A_exclude,TP63+ basal-fated airway cells,,human,TP63,TP63,exact,annotation_marker,positive,Discussion p.14,indicating their potential involvement in the emergence of TP63+ basal-fated airway cells (Fig 7G).,exclude,TP63+ 基底命运气道细胞非任务目标细胞，范围不符。,True,13,1.0,True,True,pass
DOI_10.1126_sciimmunol.adf9988,A_exclude,MUC5AC+ early progenitors,,human,MUC5AC,MUC5AC,exact,annotation_marker,positive,Discussion p.14,IL-13 exhibits a similar effect on tip progenitor cells as IL-1β but promotes a distinct differentiation trajectory that notably diminishes the population of MUC5AC+ early progenitors.,exclude,MUC5AC+ 早期祖细胞非任务目标细胞，范围不符。,True,13,1.0,True,True,pass
DOI_10.1126_sciimmunol.adf9988,A_exclude,CD45+ immune cells,,human,CD45,PTPRC,alias_resolved,annotation_marker,positive,"Materials and Methods, Immune cell IHC quantification / Quantification of tissue-resident immune cells, Page 15-16",determining the number of CD45+ (Fig 1E) or CD68+ (Fig 5J) immune cells outside versus inside the CD31+ vasculature,exclude,CD45+ 免疫细胞非任务目标细胞，范围不符。,True,13,1.0,True,True,pass
DOI_10.1126_sciimmunol.adf9988,A_exclude,CD68+ immune cells,,human,CD68,CD68,exact,annotation_marker,positive,"Materials and Methods, Immune cell IHC quantification / Quantification of tissue-resident immune cells, Page 15-16",determining the number of CD45+ (Fig 1E) or CD68+ (Fig 5J) immune cells outside versus inside the CD31+ vasculature,exclude,CD68+ 免疫细胞非任务目标细胞，范围不符。,True,13,1.0,True,True,pass
DOI_10.1126_sciimmunol.adf9988,A_exclude,CD31+ vasculature,,human,CD31,PECAM1,alias_resolved,annotation_marker,positive,"Materials and Methods, Immune cell IHC quantification / Quantification of tissue-resident immune cells, Page 15-16",determining the number of CD45+ (Fig 1E) or CD68+ (Fig 5J) immune cells outside versus inside the CD31+ vasculature,exclude,CD31+ 血管/内皮非任务目标细胞，范围不符。,True,13,1.0,True,True,pass
DOI_10.1126_sciimmunol.adf9988,A_exclude,Macrophages,,human,CD14,CD14,exact,annotation_marker,positive,"Materials and Methods, Macrophage and DC culture and cytokine array, Page 18",Macrophages (HLA-DR+CD14+CD206+CD169-) or DC (HLA-DR+CD123-CD11c+) were isolated from human fetal lung tissue by FACS,exclude,巨噬细胞非任务目标细胞，FACS 门控用 CD14，范围不符。,True,13,1.0,True,True,pass
DOI_10.1126_sciimmunol.adf9988,A_exclude,Macrophages,,human,CD206,MRC1,alias_resolved,annotation_marker,positive,"Materials and Methods, Macrophage and DC culture and cytokine array, Page 18",Macrophages (HLA-DR+CD14+CD206+CD169-) or DC (HLA-DR+CD123-CD11c+) were isolated from human fetal lung tissue by FACS,exclude,巨噬细胞非任务目标细胞，FACS 门控用 CD206，范围不符。,True,13,1.0,True,True,pass
DOI_10.1126_sciimmunol.adf9988,A_exclude,Macrophages,,human,CD169,SIGLEC1,alias_resolved,annotation_marker,negative,"Materials and Methods, Macrophage and DC culture and cytokine array, Page 18",Macrophages (HLA-DR+CD14+CD206+CD169-) or DC (HLA-DR+CD123-CD11c+) were isolated from human fetal lung tissue by FACS,exclude,巨噬细胞非任务目标细胞；CD169- 用于 FACS 门控定义，范围不符。,True,13,1.0,True,True,pass
DOI_10.1126_sciimmunol.adf9988,A_exclude,DC,,human,CD123,IL3RA,alias_resolved,annotation_marker,negative,"Materials and Methods, Macrophage and DC culture and cytokine array, Page 18",Macrophages (HLA-DR+CD14+CD206+CD169-) or DC (HLA-DR+CD123-CD11c+) were isolated from human fetal lung tissue by FACS,exclude,DC 非任务目标细胞；CD123- 用于 FACS 门控定义，范围不符。,True,13,1.0,True,True,pass
DOI_10.1126_sciimmunol.adf9988,A_exclude,DC,,human,CD11c,ITGAX,alias_resolved,annotation_marker,positive,"Materials and Methods, Macrophage and DC culture and cytokine array, Page 18",Macrophages (HLA-DR+CD14+CD206+CD169-) or DC (HLA-DR+CD123-CD11c+) were isolated from human fetal lung tissue by FACS,exclude,DC 非任务目标细胞，FACS 门控用 CD11c，范围不符。,True,13,1.0,True,True,pass
DOI_10.1164_rccm.202207-1384oc,A_exclude,terminal airway-enriched secretory cells (TASCs),,human,SCGB3A2,SCGB3A2,exact,cluster_enriched,positive,Abstract (p.1171),includingSCGB3A21SFTPB1terminalairway-enrichedsecretorycells(TASCs)uniquetodistalairways,exclude,Non-target cell type; outside Schwann/pulmonary neuroendocrine scope,False,6,0.6667,False,True,fail_citation
DOI_10.1164_rccm.202207-1384oc,A_exclude,terminal airway-enriched secretory cells (TASCs),,human,SFTPB,SFTPB,exact,cluster_enriched,positive,Abstract (p.1171),includingSCGB3A21SFTPB1terminalairway-enrichedsecretorycells(TASCs)uniquetodistalairways,exclude,Non-target cell type; outside Schwann/pulmonary neuroendocrine scope,False,6,0.6667,False,True,fail_citation
DOI_10.1164_rccm.202207-1384oc,A_exclude,CD8+ T cells,,human,CD8,CD8,non_gene_entity,cluster_enriched,positive,Abstract (p.1171),increasedfrequencyofCD81Tcellsnormallyenrichedinproximalairways,exclude,"Non-target immune cell; CD8 is a protein/complex, not a unique gene",False,6,0.0,False,True,fail_citation
DOI_10.1164_rccm.202207-1384oc,A_exclude,IC,intermediate cell,human,SERPINB3,SERPINB3,exact,cluster_enriched,positive,"Results, 'Cellular Diversity along the Proximal–Distal Airway Axis'","ASE family included BCs, intermediate cells (ICs; SERPINB3high)",exclude,Non-target cell type; outside Schwann/pulmonary neuroendocrine scope,True,6,0.75,True,True,pass
DOI_10.1164_rccm.202207-1384oc,A_exclude,IC,intermediate cell,human,KRT6A,KRT6A,exact,cluster_enriched,positive,"Results, 'IFN-γ Inhibits TASC Regeneration by Distal Airway BCs'",increased proportion of KRT6+ ICs in IFN-γ-treated ALI epithelia,exclude,Non-target cell type; outside Schwann/pulmonary neuroendocrine scope,True,6,0.75,True,True,pass
DOI_10.1164_rccm.202207-1384oc,A_exclude,BC,basal cell,human,KRT5,KRT5,exact,cluster_enriched,positive,"Results, 'IFN-γ Inhibits TASC Regeneration by Distal Airway BCs'",without consistent changes in KRT5+ BCs/ICs,exclude,Non-target cell type; outside Schwann/pulmonary neuroendocrine scope,False,6,0.6,False,True,fail_citation
DOI_10.1164_rccm.202207-1384oc,A_exclude,S1,common secretory,human,SCGB1A1,SCGB1A1,exact,author_declared,positive,"Results, 'Regional Heterogeneity of Epithelial Cells'","SCGB1A1 protein, a marker of common S cells",exclude,Non-target cell type; outside Schwann/pulmonary neuroendocrine scope,False,6,0.6,False,True,fail_citation
DOI_10.1164_rccm.202207-1384oc,A_exclude,S1,common secretory,human,SCGB3A1,SCGB3A1,exact,cluster_enriched,positive,"Results, 'Altered Cellular Composition of Distal Airways in COPD'",common S cell genes SCGB1A1 and SCGB3A1 also expressed by TASCs,exclude,Non-target cell type; outside Schwann/pulmonary neuroendocrine scope,True,6,0.8571,True,True,pass
DOI_10.1164_rccm.202207-1384oc,A_exclude,S-Muc,mucus-producing secretory,human,MUC5AC,MUC5AC,exact,cluster_enriched,positive,"Results, 'Distal Airway BCs Are a Cellular Origin of TASCs'",Muc5AC+ S cells were more frequent in P airway BC-derived epithelia,exclude,Non-target cell type; outside Schwann/pulmonary neuroendocrine scope,False,6,0.0,False,True,fail_citation
DOI_10.1164_rccm.202207-1384oc,A_exclude,C,ciliated,human,TUBB4,TUBB4,ambiguous,figure_labeled,positive,Figure 2E legend,Immunofluorescence images showing expression of SCGB3A2 and tubulin b4 (TUBB4; cilia marker),exclude,Non-target cell type; TUBB4A/TUBB4B not resolved,True,6,0.72,True,True,fail_symbol
DOI_10.1164_rccm.202207-1384oc,A_exclude,C-s,SAA+ ciliated,human,SAA,SAA,ambiguous,cluster_enriched,positive,"Results, 'Cellular Diversity along the Proximal–Distal Airway Axis'",serum amyloid A [SAA] gene-expressing [C-s],exclude,"Non-target cell type; SAA is a family, not uniquely resolved",False,6,0.6,False,True,fail_citation
DOI_10.1164_rccm.202207-1384oc,A_exclude,Squamous cell,ALI-induced,human,KRT6A,KRT6A,exact,cluster_enriched,positive,"Results, 'Distal Airway BCs Are a Cellular Origin of TASCs'","squamous (KRT6A, SPRR1B)",exclude,Non-target cell type; outside Schwann/pulmonary neuroendocrine scope,True,6,1.0,True,True,pass
DOI_10.1164_rccm.202207-1384oc,A_exclude,Squamous cell,ALI-induced,human,SPRR1B,SPRR1B,exact,cluster_enriched,positive,"Results, 'Distal Airway BCs Are a Cellular Origin of TASCs'","squamous (KRT6A, SPRR1B)",exclude,Non-target cell type; outside Schwann/pulmonary neuroendocrine scope,True,6,1.0,True,True,pass
DOI_10.1164_rccm.202207-1384oc,A_exclude,TASC,terminal airway-enriched secretory cell,human,SCGB3A2,SCGB3A2,exact,author_declared,positive,"Results, 'Altered Cellular Composition of Distal Airways in COPD'",TASC markers SCGB3A2 and SFTPB,exclude,Non-target cell type; outside Schwann/pulmonary neuroendocrine scope,True,6,1.0,True,True,pass
DOI_10.1164_rccm.202207-1384oc,A_exclude,TASC,terminal airway-enriched secretory cell,human,SFTPB,SFTPB,exact,author_declared,positive,"Results, 'Altered Cellular Composition of Distal Airways in COPD'",TASC markers SCGB3A2 and SFTPB,exclude,Non-target cell type; outside Schwann/pulmonary neuroendocrine scope,True,6,1.0,True,True,pass
DOI_10.1164_rccm.202207-1384oc,A_exclude,TASC,terminal airway-enriched secretory cell,human,SFTA2,SFTA2,exact,author_declared,positive,"Results, 'Distal Airway BCs Are a Cellular Origin of TASCs'","TASC marker genes (e.g., SFTPB, SCGB3A2, SFTA2, RNASE1, and SFTPA2)",exclude,Non-target cell type; outside Schwann/pulmonary neuroendocrine scope,True,6,0.875,True,True,pass
DOI_10.1164_rccm.202207-1384oc,A_exclude,TASC,terminal airway-enriched secretory cell,human,RNASE1,RNASE1,exact,author_declared,positive,"Results, 'Distal Airway BCs Are a Cellular Origin of TASCs'","TASC marker genes (e.g., SFTPB, SCGB3A2, SFTA2, RNASE1, and SFTPA2)",exclude,Non-target cell type; outside Schwann/pulmonary neuroendocrine scope,True,6,0.875,True,True,pass
DOI_10.1164_rccm.202207-1384oc,A_exclude,TASC,terminal airway-enriched secretory cell,human,SFTPA2,SFTPA2,exact,author_declared,positive,"Results, 'Distal Airway BCs Are a Cellular Origin of TASCs'","TASC marker genes (e.g., SFTPB, SCGB3A2, SFTA2, RNASE1, and SFTPA2)",exclude,Non-target cell type; outside Schwann/pulmonary neuroendocrine scope,True,6,0.875,True,True,pass
DOI_10.1164_rccm.202207-1384oc,A_exclude,TASC,terminal airway-enriched secretory cell,human,SFTPC,SFTPC,exact,cluster_enriched,negative,"Results, 'Regional Heterogeneity of Epithelial Cells'",TASCs were typically SFTPC-negative,exclude,Non-target cell type; outside Schwann/pulmonary neuroendocrine scope,False,6,0.3333,False,True,fail_citation
DOI_10.1164_rccm.202207-1384oc,A_exclude,AT2,alveolar type 2,human,SFTPC,SFTPC,exact,author_declared,positive,"Results, 'Regional Heterogeneity of Epithelial Cells'","AT2 markers SFTPC, SFTPA1, and SFTPA2",exclude,Non-target cell type; outside Schwann/pulmonary neuroendocrine scope,True,6,1.0,True,True,pass
DOI_10.1164_rccm.202207-1384oc,A_exclude,AT2,alveolar type 2,human,SFTPA1,SFTPA1,exact,author_declared,positive,"Results, 'Regional Heterogeneity of Epithelial Cells'","AT2 markers SFTPC, SFTPA1, and SFTPA2",exclude,Non-target cell type; outside Schwann/pulmonary neuroendocrine scope,True,6,1.0,True,True,pass
DOI_10.1164_rccm.202207-1384oc,A_exclude,AT2,alveolar type 2,human,SFTPA2,SFTPA2,exact,author_declared,positive,"Results, 'Regional Heterogeneity of Epithelial Cells'","AT2 markers SFTPC, SFTPA1, and SFTPA2",exclude,Non-target cell type; outside Schwann/pulmonary neuroendocrine scope,True,6,1.0,True,True,pass
DOI_10.1164_rccm.202207-1384oc,A_exclude,Chondrocyte,,human,SNORC,SNORC,exact,cluster_enriched,positive,"Results, 'Cellular Diversity along the Proximal–Distal Airway Axis'",chondrocytes (SNORC),exclude,Non-target cell type; outside Schwann/pulmonary neuroendocrine scope,True,6,1.0,True,True,pass
DOI_10.1164_rccm.202207-1384oc,A_exclude,Fb2,CCL19+ adventitial fibroblast,human,CCL19,CCL19,exact,cluster_enriched,positive,"Results, 'Cellular Diversity along the Proximal–Distal Airway Axis'",CCL19+ [Fb2 including SFRP2+ Fbs(25)],exclude,Non-target cell type; outside Schwann/pulmonary neuroendocrine scope,False,6,0.6667,False,True,fail_citation
DOI_10.1164_rccm.202207-1384oc,A_exclude,Fb2,CCL19+ adventitial fibroblast,human,SFRP2,SFRP2,exact,cluster_enriched,positive,"Results, 'Cellular Diversity along the Proximal–Distal Airway Axis'",CCL19+ [Fb2 including SFRP2+ Fbs(25)],exclude,Non-target cell type; outside Schwann/pulmonary neuroendocrine scope,False,6,0.0,False,True,fail_citation
DOI_10.1164_rccm.202207-1384oc,A_exclude,Fb3,matrix fibroblast / myofibroblast,human,ELN,ELN,exact,cluster_enriched,positive,"Results, 'Cellular Diversity along the Proximal–Distal Airway Axis'","matrix (Fb3, ELN, COL1A1, including ACTA2+ myoFbs)",exclude,Non-target cell type; outside Schwann/pulmonary neuroendocrine scope,True,6,0.8571,True,True,pass
DOI_10.1164_rccm.202207-1384oc,A_exclude,Fb3,matrix fibroblast / myofibroblast,human,COL1A1,COL1A1,exact,cluster_enriched,positive,"Results, 'Cellular Diversity along the Proximal–Distal Airway Axis'","matrix (Fb3, ELN, COL1A1, including ACTA2+ myoFbs)",exclude,Non-target cell type; outside Schwann/pulmonary neuroendocrine scope,True,6,0.8571,True,True,pass
DOI_10.1164_rccm.202207-1384oc,A_exclude,Fb3,matrix fibroblast / myofibroblast,human,ACTA2,ACTA2,exact,cluster_enriched,positive,"Results, 'Cellular Diversity along the Proximal–Distal Airway Axis'","matrix (Fb3, ELN, COL1A1, including ACTA2+ myoFbs)",exclude,Non-target cell type; outside Schwann/pulmonary neuroendocrine scope,True,6,0.72,True,True,pass
DOI_10.1164_rccm.202207-1384oc,A_exclude,Fb4,alveolar-enriched fibroblast,human,GPC3,GPC3,exact,cluster_enriched,positive,"Results, 'Cellular Diversity along the Proximal–Distal Airway Axis'",Fb4 containing GPC3+ FGFR4+ alveolar Fbs(25),exclude,Non-target cell type; outside Schwann/pulmonary neuroendocrine scope,False,6,0.0,False,True,fail_citation
DOI_10.1164_rccm.202207-1384oc,A_exclude,Fb4,alveolar-enriched fibroblast,human,FGFR4,FGFR4,exact,cluster_enriched,positive,"Results, 'Cellular Diversity along the Proximal–Distal Airway Axis'",Fb4 containing GPC3+ FGFR4+ alveolar Fbs(25),exclude,Non-target cell type; outside Schwann/pulmonary neuroendocrine scope,False,6,0.0,False,True,fail_citation
DOI_10.1164_rccm.202207-1384oc,A_exclude,SM1/SM2,vascular smooth muscle,human,ADIRF,ADIRF,exact,author_declared,positive,"Results, 'Cellular Diversity along the Proximal–Distal Airway Axis'","SM1 and SM2 expressing vascular SM markers ADIRF, NOTCH3, PDGFRB",exclude,Non-target cell type; outside Schwann/pulmonary neuroendocrine scope,True,6,0.8889,True,True,pass
DOI_10.1164_rccm.202207-1384oc,A_exclude,SM1/SM2,vascular smooth muscle,human,NOTCH3,NOTCH3,exact,author_declared,positive,"Results, 'Cellular Diversity along the Proximal–Distal Airway Axis'","SM1 and SM2 expressing vascular SM markers ADIRF, NOTCH3, PDGFRB",exclude,Non-target cell type; outside Schwann/pulmonary neuroendocrine scope,True,6,0.8889,True,True,pass
DOI_10.1164_rccm.202207-1384oc,A_exclude,SM1/SM2,vascular smooth muscle,human,PDGFRB,PDGFRB,exact,author_declared,positive,"Results, 'Cellular Diversity along the Proximal–Distal Airway Axis'","SM1 and SM2 expressing vascular SM markers ADIRF, NOTCH3, PDGFRB",exclude,Non-target cell type; outside Schwann/pulmonary neuroendocrine scope,True,6,0.8889,True,True,pass
DOI_10.1164_rccm.202207-1384oc,A_exclude,SM3,airway smooth muscle / fibromyocyte,human,DES,DES,exact,author_declared,positive,"Results, 'Cellular Diversity along the Proximal–Distal Airway Axis'",SM3 expressing airway SM markers DES and CNN1,exclude,Non-target cell type; outside Schwann/pulmonary neuroendocrine scope,True,6,0.72,True,True,pass
DOI_10.1164_rccm.202207-1384oc,A_exclude,SM3,airway smooth muscle / fibromyocyte,human,CNN1,CNN1,exact,author_declared,positive,"Results, 'Cellular Diversity along the Proximal–Distal Airway Axis'",SM3 expressing airway SM markers DES and CNN1,exclude,Non-target cell type; outside Schwann/pulmonary neuroendocrine scope,True,6,0.8571,True,True,pass
DOI_10.1164_rccm.202207-1384oc,A_exclude,En-v,venous / fenestrated endothelial,human,ACKR1,ACKR1,exact,author_declared,positive,"Results, 'Cellular Diversity along the Proximal–Distal Airway Axis'","venous (En-v, including cells expressing fenestrated En-c markers ACKR1 and PLVAP)",exclude,Non-target cell type; outside Schwann/pulmonary neuroendocrine scope,True,6,0.72,True,True,pass
DOI_10.1164_rccm.202207-1384oc,A_exclude,En-v,venous / fenestrated endothelial,human,PLVAP,PLVAP,exact,author_declared,positive,"Results, 'Cellular Diversity along the Proximal–Distal Airway Axis'","venous (En-v, including cells expressing fenestrated En-c markers ACKR1 and PLVAP)",exclude,Non-target cell type; outside Schwann/pulmonary neuroendocrine scope,True,6,0.8,True,True,pass
DOI_10.1164_rccm.202207-1384oc,A_exclude,M1 macrophage,inflammatory,human,SPP1,SPP1,exact,cluster_enriched,positive,"Results, 'Cellular Diversity along the Proximal–Distal Airway Axis'","macrophages (inflammatory [M1; SPP1, CCL3]",exclude,Non-target cell type; outside Schwann/pulmonary neuroendocrine scope,True,6,1.0,True,True,pass
DOI_10.1164_rccm.202207-1384oc,A_exclude,M1 macrophage,inflammatory,human,CCL3,CCL3,exact,cluster_enriched,positive,"Results, 'Cellular Diversity along the Proximal–Distal Airway Axis'","macrophages (inflammatory [M1; SPP1, CCL3]",exclude,Non-target cell type; outside Schwann/pulmonary neuroendocrine scope,True,6,1.0,True,True,pass
DOI_10.1164_rccm.202207-1384oc,A_exclude,M2 macrophage,noninflammatory,human,MSR1,MSR1,exact,cluster_enriched,positive,"Results, 'Cellular Diversity along the Proximal–Distal Airway Axis'","noninflammatory [M2; MSR1, CCL18]",exclude,Non-target cell type; outside Schwann/pulmonary neuroendocrine scope,True,6,1.0,True,True,pass
DOI_10.1164_rccm.202207-1384oc,A_exclude,M2 macrophage,noninflammatory,human,CCL18,CCL18,exact,cluster_enriched,positive,"Results, 'Cellular Diversity along the Proximal–Distal Airway Axis'","noninflammatory [M2; MSR1, CCL18]",exclude,Non-target cell type; outside Schwann/pulmonary neuroendocrine scope,True,6,1.0,True,True,pass
DOI_10.1164_rccm.202207-1384oc,A_exclude,Tcn,central/naive T cell,human,CCR7,CCR7,exact,author_declared,positive,"Results, 'Cellular Diversity along the Proximal–Distal Airway Axis'","T cells expressing markers of central and naive T cells (Tcn; CCR7, IL7R)",exclude,Non-target cell type; outside Schwann/pulmonary neuroendocrine scope,True,6,0.875,True,True,pass
DOI_10.1164_rccm.202207-1384oc,A_exclude,Tcn,central/naive T cell,human,IL7R,IL7R,exact,author_declared,positive,"Results, 'Cellular Diversity along the Proximal–Distal Airway Axis'","T cells expressing markers of central and naive T cells (Tcn; CCR7, IL7R)",exclude,Non-target cell type; outside Schwann/pulmonary neuroendocrine scope,True,6,0.875,True,True,pass
DOI_10.1164_rccm.202207-1384oc,A_exclude,Trm,resident memory CD8 T cell,human,CXCR6,CXCR6,exact,cluster_enriched,positive,"Results, 'Cellular Diversity along the Proximal–Distal Airway Axis'","resident memory [Trm; CXCR6, CCL5]",exclude,Non-target cell type; outside Schwann/pulmonary neuroendocrine scope,False,6,0.6,False,True,fail_citation
DOI_10.1164_rccm.202207-1384oc,A_exclude,Trm,resident memory CD8 T cell,human,CCL5,CCL5,exact,cluster_enriched,positive,"Results, 'Cellular Diversity along the Proximal–Distal Airway Axis'","resident memory [Trm; CXCR6, CCL5]",exclude,Non-target cell type; outside Schwann/pulmonary neuroendocrine scope,False,6,0.6,False,True,fail_citation
DOI_10.64898_2025.12.18.695268,A_exclude,urothelial cells,,human,KRT5,KRT5,exact,annotation_marker,positive,"Materials and Methods, Cell clustering and identification",Marker genes included KRT5 and UPK3A for urothelial cells,exclude,"Marker for urothelial cells, not Schwann cells; outside target scope.",True,21,1.0,True,True,pass
DOI_10.64898_2025.12.18.695268,A_exclude,urothelial cells,,human,UPK3A,UPK3A,exact,annotation_marker,positive,"Materials and Methods, Cell clustering and identification",Marker genes included KRT5 and UPK3A for urothelial cells,exclude,"Marker for urothelial cells, not Schwann cells; outside target scope.",True,21,1.0,True,True,pass
DOI_10.64898_2025.12.18.695268,A_exclude,urothelial cells,basal,human,KRT5,KRT5,exact,cluster_enriched,positive,Results: Single-nucleus transcriptomic atlas of the adult human bladder; Fig. 1C; fig. S1A; table S2,The urothelium resolved into three layers corresponding to basal (KRT5+/KRT13+/ADAMTS9+) ... layers,exclude,"Marker for basal urothelial cells, not Schwann cells; outside target scope.",True,21,1.0,True,True,duplicate_pool
DOI_10.64898_2025.12.18.695268,A_exclude,urothelial cells,basal,human,KRT13,KRT13,exact,cluster_enriched,positive,Results: Single-nucleus transcriptomic atlas of the adult human bladder; Fig. 1C; fig. S1A; table S2,The urothelium resolved into three layers corresponding to basal (KRT5+/KRT13+/ADAMTS9+) ... layers,exclude,"Marker for basal urothelial cells, not Schwann cells; outside target scope.",True,21,1.0,True,True,pass
DOI_10.64898_2025.12.18.695268,A_exclude,urothelial cells,basal,human,ADAMTS9,ADAMTS9,exact,cluster_enriched,positive,Results: Single-nucleus transcriptomic atlas of the adult human bladder; Fig. 1C; fig. S1A; table S2,The urothelium resolved into three layers corresponding to basal (KRT5+/KRT13+/ADAMTS9+) ... layers,exclude,"Marker for basal urothelial cells, not Schwann cells; outside target scope.",True,21,1.0,True,True,pass
DOI_10.64898_2025.12.18.695268,A_exclude,urothelial cells,umbrella,human,UPK1A,UPK1A,exact,cluster_enriched,positive,Results: Single-nucleus transcriptomic atlas of the adult human bladder; Fig. 1C; fig. S1A; table S2,The urothelium resolved into three layers corresponding to ... umbrella (UPK1A+/UPK3A+) ... layers,exclude,"Marker for umbrella urothelial cells, not Schwann cells; outside target scope.",True,21,1.0,True,True,pass
DOI_10.64898_2025.12.18.695268,A_exclude,urothelial cells,umbrella,human,UPK3A,UPK3A,exact,cluster_enriched,positive,Results: Single-nucleus transcriptomic atlas of the adult human bladder; Fig. 1C; fig. S1A; table S2,The urothelium resolved into three layers corresponding to ... umbrella (UPK1A+/UPK3A+) ... layers,exclude,"Marker for umbrella urothelial cells, not Schwann cells; outside target scope.",True,21,1.0,True,True,duplicate_pool
DOI_10.64898_2025.12.18.695268,A_exclude,urothelial cells,intermediate,human,KRT13,KRT13,exact,cluster_enriched,positive,Results: Single-nucleus transcriptomic atlas of the adult human bladder; Fig. 1C; fig. S1A; table S2,The urothelium resolved into three layers corresponding to ... intermediate (KRT13+/ABCC3+) layers,exclude,"Marker for intermediate urothelial cells, not Schwann cells; outside target scope.",True,21,1.0,True,True,duplicate_pool
DOI_10.64898_2025.12.18.695268,A_exclude,urothelial cells,intermediate,human,ABCC3,ABCC3,exact,cluster_enriched,positive,Results: Single-nucleus transcriptomic atlas of the adult human bladder; Fig. 1C; fig. S1A; table S2,The urothelium resolved into three layers corresponding to ... intermediate (KRT13+/ABCC3+) layers,exclude,"Marker for intermediate urothelial cells, not Schwann cells; outside target scope.",True,21,1.0,True,True,pass
DOI_10.64898_2025.12.18.695268,A_exclude,urothelial cells,proliferative,human,KI67,MKI67,alias_resolved,cluster_enriched,positive,Results: Spatial architecture of bladder cell types and microenvironments; Fig. 3A; fig. S3B,"Urothelial cells segregated into basal, intermediate, umbrella, and proliferative (KI67+) subpopulations",exclude,"Marker for proliferative urothelial cells, not Schwann cells; outside target scope.",True,21,1.0,True,True,pass
DOI_10.64898_2025.12.18.695268,A_exclude,smooth muscle cells,general,human,ACTA2,ACTA2,exact,cluster_enriched,positive,Results: Single-nucleus transcriptomic atlas of the adult human bladder; Fig. 1C; fig. S1B,"Smooth muscle cells segregated into general (ACTA2+/MYLK+), vascular (RGS5+), and pericyte (CSPG4+) subsets",exclude,"Marker for smooth muscle cells, not Schwann cells; outside target scope.",True,21,1.0,True,True,pass
DOI_10.64898_2025.12.18.695268,A_exclude,smooth muscle cells,general,human,MYLK,MYLK,exact,cluster_enriched,positive,Results: Single-nucleus transcriptomic atlas of the adult human bladder; Fig. 1C; fig. S1B,"Smooth muscle cells segregated into general (ACTA2+/MYLK+), vascular (RGS5+), and pericyte (CSPG4+) subsets",exclude,"Marker for smooth muscle cells, not Schwann cells; outside target scope.",True,21,1.0,True,True,pass
DOI_10.64898_2025.12.18.695268,A_exclude,smooth muscle cells,vascular,human,RGS5,RGS5,exact,cluster_enriched,positive,"Results: Single-nucleus transcriptomic atlas of the adult human bladder; Fig. 1C; fig. S1B; also Results: Spatial architecture, Fig. 3D","Smooth muscle cells segregated into general (ACTA2+/MYLK+), vascular (RGS5+), and pericyte (CSPG4+) subsets; artery-associated regions comprised ... surrounding vascular smooth muscle cells (RGS5+)",exclude,"Marker for vascular smooth muscle cells, not Schwann cells; outside target scope.",True,21,1.0,True,True,pass
DOI_10.64898_2025.12.18.695268,A_exclude,pericytes,,human,CSPG4,CSPG4,exact,cluster_enriched,positive,Results: Single-nucleus transcriptomic atlas of the adult human bladder; Fig. 1C; fig. S1B,"Smooth muscle cells segregated into general (ACTA2+/MYLK+), vascular (RGS5+), and pericyte (CSPG4+) subsets",exclude,"Marker for pericytes, not Schwann cells; outside target scope.",True,21,1.0,True,True,pass
DOI_10.64898_2025.12.18.695268,A_exclude,pericytes,,human,ADGRF5,ADGRF5,exact,figure_labeled,positive,Fig. 3E legend,"ROI featuring veins with endothelial cells (PECAM1), venous marker FLT1, pericytes (ADGRF5), and macrophages (MS4A7).",exclude,"Marker for pericytes, not Schwann cells; outside target scope.",True,21,1.0,True,True,pass
DOI_10.64898_2025.12.18.695268,A_exclude,endothelial cells,arterial,human,GJA5,GJA5,exact,cluster_enriched,positive,"Results: Single-nucleus transcriptomic atlas of the adult human bladder; Fig. 1C; Results: Spatial architecture, Fig. 3D",endothelial cells partitioned into arterial (GJA5+) ... artery-associated regions comprised arterial endothelial cells (PECAM1+/GJA5+),exclude,"Marker for arterial endothelial cells, not Schwann cells; outside target scope.",True,21,1.0,True,True,pass
DOI_10.64898_2025.12.18.695268,A_exclude,endothelial cells,arterial,human,PECAM1,PECAM1,exact,cluster_enriched,positive,Results: Spatial architecture of bladder cell types and microenvironments; Fig. 3D,artery-associated regions comprised arterial endothelial cells (PECAM1+/GJA5+),exclude,"Marker for arterial endothelial cells, not Schwann cells; outside target scope.",True,21,1.0,True,True,pass
DOI_10.64898_2025.12.18.695268,A_exclude,endothelial cells,venous,human,FLT1,FLT1,exact,cluster_enriched,positive,"Results: Single-nucleus transcriptomic atlas of the adult human bladder; Fig. 1C; Results: Spatial architecture, Fig. 3E",endothelial cells partitioned into ... venous (FLT1+) ... Vein-associated regions included venous endothelial cells and neighboring capillaries (PECAM1+/FLT1+),exclude,"Marker for venous endothelial cells, not Schwann cells; outside target scope.",True,21,1.0,True,True,pass
DOI_10.64898_2025.12.18.695268,A_exclude,endothelial cells,venous,human,PECAM1,PECAM1,exact,cluster_enriched,positive,Results: Spatial architecture of bladder cell types and microenvironments; Fig. 3E; fig. S3D,Vein-associated regions included venous endothelial cells and neighboring capillaries (PECAM1+/FLT1+),exclude,"Marker for venous endothelial cells, not Schwann cells; outside target scope.",True,21,1.0,True,True,duplicate_pool
DOI_10.64898_2025.12.18.695268,A_exclude,endothelial cells,capillary,human,PECAM1,PECAM1,exact,cluster_enriched,positive,Results: Spatial architecture of bladder cell types and microenvironments; Fig. 3E; fig. S3D,Vein-associated regions included venous endothelial cells and neighboring capillaries (PECAM1+/FLT1+),exclude,"Marker for capillary endothelial cells, not Schwann cells; outside target scope.",True,21,1.0,True,True,duplicate_pool
DOI_10.64898_2025.12.18.695268,A_exclude,endothelial cells,capillary,human,FLT1,FLT1,exact,cluster_enriched,positive,Results: Spatial architecture of bladder cell types and microenvironments; Fig. 3E; fig. S3D,Vein-associated regions included venous endothelial cells and neighboring capillaries (PECAM1+/FLT1+),exclude,"Marker for capillary endothelial cells, not Schwann cells; outside target scope.",True,21,1.0,True,True,duplicate_pool
DOI_10.64898_2025.12.18.695268,A_exclude,endothelial cells,lymphatic,human,MMRN1,MMRN1,exact,cluster_enriched,positive,Results: Single-nucleus transcriptomic atlas of the adult human bladder; Fig. 1C; fig. S1B,"endothelial cells partitioned into arterial (GJA5+), venous (FLT1+), and lymphatic (MMRN1+/TFF3+) types",exclude,"Marker for lymphatic endothelial cells, not Schwann cells; outside target scope.",True,21,1.0,True,True,pass
DOI_10.64898_2025.12.18.695268,A_exclude,endothelial cells,lymphatic,human,TFF3,TFF3,exact,cluster_enriched,positive,Results: Single-nucleus transcriptomic atlas of the adult human bladder; Fig. 1C; fig. S1B,"endothelial cells partitioned into arterial (GJA5+), venous (FLT1+), and lymphatic (MMRN1+/TFF3+) types",exclude,"Marker for lymphatic endothelial cells, not Schwann cells; outside target scope.",True,21,1.0,True,True,pass
DOI_10.64898_2025.12.18.695268,A_exclude,adipocytes,,human,FABP3,FABP3,exact,cluster_enriched,positive,Results: Single-nucleus transcriptomic atlas of the adult human bladder; Fig. 1C; fig. S1B,Additional stromal populations included Schwann cells (NRXN+/XKR4+) and adipocytes (FABP3+/ADIPOQ+),exclude,"Marker for adipocytes, not Schwann cells; outside target scope.",True,21,1.0,True,True,pass
DOI_10.64898_2025.12.18.695268,A_exclude,adipocytes,,human,ADIPOQ,ADIPOQ,exact,cluster_enriched,positive,Results: Single-nucleus transcriptomic atlas of the adult human bladder; Fig. 1C; fig. S1B,Additional stromal populations included Schwann cells (NRXN+/XKR4+) and adipocytes (FABP3+/ADIPOQ+),exclude,"Marker for adipocytes, not Schwann cells; outside target scope.",True,21,1.0,True,True,pass
DOI_10.64898_2025.12.18.695268,A_exclude,macrophages,MS4A7+,human,MS4A7,MS4A7,exact,cluster_enriched,positive,Results: Spatial architecture of bladder cell types and microenvironments; Fig. 3E; fig. S3C; table S6,two macrophage subpopulations (MS4A7+ and LYVE1+) ... Vein-associated regions included ... macrophages (MS4A7+),exclude,"Marker for macrophages, not Schwann cells; outside target scope.",True,21,1.0,True,True,pass
DOI_10.64898_2025.12.18.695268,A_exclude,macrophages,LYVE1+,human,LYVE1,LYVE1,exact,cluster_enriched,positive,Results: Spatial architecture of bladder cell types and microenvironments; fig. S3C; table S6,two macrophage subpopulations (MS4A7+ and LYVE1+),exclude,"Marker for macrophages, not Schwann cells; outside target scope.",True,21,1.0,True,True,pass
DOI_10.64898_2025.12.18.695268,A_exclude,plasma cells,KI67+,human,KI67,MKI67,alias_resolved,cluster_enriched,positive,Results: Spatial architecture of bladder cell types and microenvironments; Fig. 3A; fig. S3B,"Immune cells encompassed B cells, plasma cells, KI67+ plasma cells, T cells...",exclude,"Marker for KI67+ plasma cells, not Schwann cells; outside target scope.",True,21,1.0,True,True,pass
DOI_10.64898_2025.12.18.695268,A_exclude,fibroblast xFB-5,,human,HHIP,HHIP,exact,cluster_enriched,unknown,Results: Spatial architecture of bladder cell types and microenvironments; Fig. 3C,two fibroblast subsets: xFB-5 (HHIP-/PTCH1+) and xFB-0 (HHIP+/PTCH1+),exclude,"Marker for fibroblast subsets, not Schwann cells; outside target scope.",True,21,1.0,True,True,pass
DOI_10.64898_2025.12.18.695268,A_exclude,fibroblast xFB-5,,human,PTCH1,PTCH1,exact,cluster_enriched,positive,Results: Spatial architecture of bladder cell types and microenvironments; Fig. 3C,two fibroblast subsets: xFB-5 (HHIP-/PTCH1+) and xFB-0 (HHIP+/PTCH1+),exclude,"Marker for fibroblast subsets, not Schwann cells; outside target scope.",True,21,1.0,True,True,pass
DOI_10.64898_2025.12.18.695268,A_exclude,fibroblast xFB-0,,human,HHIP,HHIP,exact,cluster_enriched,positive,Results: Spatial architecture of bladder cell types and microenvironments; Fig. 3C,two fibroblast subsets: xFB-5 (HHIP-/PTCH1+) and xFB-0 (HHIP+/PTCH1+),exclude,"Marker for fibroblast subsets, not Schwann cells; outside target scope.",True,21,1.0,True,True,pass
DOI_10.64898_2025.12.18.695268,A_exclude,fibroblast xFB-0,,human,PTCH1,PTCH1,exact,cluster_enriched,positive,Results: Spatial architecture of bladder cell types and microenvironments; Fig. 3C,two fibroblast subsets: xFB-5 (HHIP-/PTCH1+) and xFB-0 (HHIP+/PTCH1+),exclude,"Marker for fibroblast subsets, not Schwann cells; outside target scope.",True,21,1.0,True,True,pass
DOI_10.64898_2025.12.18.695268,A_exclude,fibroblast xFB-8,,human,CCL11,CCL11,exact,cluster_enriched,positive,Results: Spatial architecture of bladder cell types and microenvironments; Fig. 3D,fibroblast xFB-8 (CCL11+),exclude,"Marker for fibroblast subset xFB-8, not Schwann cells; outside target scope.",True,21,1.0,True,True,pass
DOI_10.64898_2025.12.18.695268,A_exclude,fibroblast xFB-9,,human,CXCL14,CXCL14,exact,cluster_enriched,positive,Results: Spatial architecture of bladder cell types and microenvironments; Fig. 3E; fig. S3D,fibroblast xFB-9 (CXCL14+),exclude,"Marker for fibroblast subset xFB-9, not Schwann cells; outside target scope.",True,21,1.0,True,True,pass
DOI_10.64898_2025.12.18.695268,A_exclude,fibroblast xFB-7,,human,DCN,DCN,exact,cluster_enriched,positive,Results: Spatial architecture of bladder cell types and microenvironments; fig. S3E,Regions surrounding innervating structures featured Schwann cells (NRXN1+) and a localized fibroblast subset xFB-7 (DCN+/NGFR+),exclude,"Marker for fibroblast subset xFB-7 surrounding Schwann cells, not a Schwann cell marker; outside target scope.",True,21,1.0,True,True,pass
DOI_10.64898_2025.12.18.695268,A_exclude,fibroblast xFB-7,,human,NGFR,NGFR,exact,cluster_enriched,positive,Results: Spatial architecture of bladder cell types and microenvironments; fig. S3E,Regions surrounding innervating structures featured Schwann cells (NRXN1+) and a localized fibroblast subset xFB-7 (DCN+/NGFR+),exclude,"Marker for fibroblast subset xFB-7 surrounding Schwann cells, not a Schwann cell marker; outside target scope.",True,21,1.0,True,True,pass
DOI_10.64898_2025.12.18.695268,A_exclude,basal urothelial cells,,human,SHH,SHH,exact,figure_labeled,positive,Fig. 3C legend,"ROI at the urothelial-stromal interface showing basal urothelial cells (SHH), umbrella cells (UPK3A), and peri-urothelial fibroblasts xFB-0 (PTCH1) and xFB-5 (HHIP).",exclude,"Marker for basal urothelial cells, not Schwann cells; outside target scope.",True,21,1.0,True,True,pass
DOI_10.64898_2025.12.18.695268,A_exclude,umbrella cells,,human,UPK3A,UPK3A,exact,figure_labeled,positive,Fig. 3C legend,"ROI at the urothelial-stromal interface showing basal urothelial cells (SHH), umbrella cells (UPK3A), and peri-urothelial fibroblasts xFB-0 (PTCH1) and xFB-5 (HHIP).",exclude,"Marker for umbrella urothelial cells, not Schwann cells; outside target scope.",True,21,1.0,True,True,pass
DOI_10.64898_2025.12.18.695268,A_exclude,peri-urothelial fibroblasts xFB-0,xFB-0,human,PTCH1,PTCH1,exact,figure_labeled,positive,Fig. 3C legend,"ROI at the urothelial-stromal interface showing basal urothelial cells (SHH), umbrella cells (UPK3A), and peri-urothelial fibroblasts xFB-0 (PTCH1) and xFB-5 (HHIP).",exclude,"Marker for peri-urothelial fibroblasts, not Schwann cells; outside target scope.",True,21,1.0,True,True,pass
DOI_10.64898_2025.12.18.695268,A_exclude,peri-urothelial fibroblasts xFB-5,xFB-5,human,HHIP,HHIP,exact,figure_labeled,positive,Fig. 3C legend,"ROI at the urothelial-stromal interface showing basal urothelial cells (SHH), umbrella cells (UPK3A), and peri-urothelial fibroblasts xFB-0 (PTCH1) and xFB-5 (HHIP).",exclude,"Marker for peri-urothelial fibroblasts, not Schwann cells; outside target scope.",True,21,1.0,True,True,pass
DOI_10.64898_2025.12.18.695268,A_exclude,arterial endothelial cells,,human,PECAM1,PECAM1,exact,figure_labeled,positive,Fig. 3D legend,"ROI featuring an artery with endothelial cells (PECAM1), arterial marker GJA5, vascular smooth muscle cells (RGS5), and xFB-8 (CCL11).",exclude,"Marker for arterial endothelial cells, not Schwann cells; outside target scope.",True,21,1.0,True,True,pass
DOI_10.64898_2025.12.18.695268,A_exclude,arterial endothelial cells,,human,GJA5,GJA5,exact,figure_labeled,positive,Fig. 3D legend,"ROI featuring an artery with endothelial cells (PECAM1), arterial marker GJA5, vascular smooth muscle cells (RGS5), and xFB-8 (CCL11).",exclude,"Marker for arterial endothelial cells, not Schwann cells; outside target scope.",True,21,1.0,True,True,pass
DOI_10.64898_2025.12.18.695268,A_exclude,vascular smooth muscle cells,,human,RGS5,RGS5,exact,figure_labeled,positive,Fig. 3D legend,"ROI featuring an artery with endothelial cells (PECAM1), arterial marker GJA5, vascular smooth muscle cells (RGS5), and xFB-8 (CCL11).",exclude,"Marker for vascular smooth muscle cells, not Schwann cells; outside target scope.",True,21,1.0,True,True,pass
DOI_10.64898_2025.12.18.695268,A_exclude,Xenium fibroblast xFB-8,xFB-8,human,CCL11,CCL11,exact,figure_labeled,positive,Fig. 3D legend,"ROI featuring an artery with endothelial cells (PECAM1), arterial marker GJA5, vascular smooth muscle cells (RGS5), and xFB-8 (CCL11).",exclude,"Marker for xFB-8 fibroblasts, not Schwann cells; outside target scope.",True,21,1.0,True,True,pass
DOI_10.64898_2025.12.18.695268,A_exclude,venous endothelial cells,,human,PECAM1,PECAM1,exact,figure_labeled,positive,Fig. 3E legend,"ROI featuring veins with endothelial cells (PECAM1), venous marker FLT1, pericytes (ADGRF5), and macrophages (MS4A7).",exclude,"Marker for venous endothelial cells, not Schwann cells; outside target scope.",True,21,1.0,True,True,pass
DOI_10.64898_2025.12.18.695268,A_exclude,venous endothelial cells,,human,FLT1,FLT1,exact,figure_labeled,positive,Fig. 3E legend,"ROI featuring veins with endothelial cells (PECAM1), venous marker FLT1, pericytes (ADGRF5), and macrophages (MS4A7).",exclude,"Marker for venous endothelial cells, not Schwann cells; outside target scope.",True,21,1.0,True,True,pass
DOI_10.64898_2025.12.18.695268,A_exclude,macrophages,,human,MS4A7,MS4A7,exact,figure_labeled,positive,Fig. 3E legend,"ROI featuring veins with endothelial cells (PECAM1), venous marker FLT1, pericytes (ADGRF5), and macrophages (MS4A7).",exclude,"Marker for macrophages, not Schwann cells; outside target scope.",True,21,1.0,True,True,duplicate_pool
DOI_10.64898_2025.12.18.695268,A_exclude,urothelium,,human,KRT19,KRT19,exact,figure_labeled,positive,Fig. 6C legend,"Additional feature plots display canonical markers (KRT19, urothelium; ACTA2, muscle/myofibroblast; DCN, fibroblast) alongside the Visium H&E image.",exclude,"Marker for urothelium, not Schwann cells; outside target scope.",True,21,1.0,True,True,pass
DOI_10.64898_2025.12.18.695268,A_exclude,muscle/myofibroblast,,human,ACTA2,ACTA2,exact,figure_labeled,positive,Fig. 6C legend,"Additional feature plots display canonical markers (KRT19, urothelium; ACTA2, muscle/myofibroblast; DCN, fibroblast) alongside the Visium H&E image.",exclude,"Marker for muscle/myofibroblast, not Schwann cells; outside target scope.",True,21,1.0,True,True,pass
DOI_10.64898_2025.12.18.695268,A_exclude,fibroblast,,human,PDGFRA,PDGFRA,exact,annotation_marker,positive,"Materials and Methods, Cell clustering and identification",Marker genes included ... PDGFRA and DCN for fibroblasts,exclude,"Marker for fibroblasts, not Schwann cells; outside target scope.",True,21,1.0,True,True,pass
DOI_10.64898_2025.12.18.695268,A_exclude,fibroblast,,human,DCN,DCN,exact,annotation_marker,positive,"Materials and Methods, Cell clustering and identification",Marker genes included ... PDGFRA and DCN for fibroblasts,exclude,"Marker for fibroblasts, not Schwann cells; outside target scope.",True,21,1.0,True,True,pass
DOI_10.64898_2025.12.18.695268,A_exclude,stromal cells (non-fibroblast),,human,ACTA2,ACTA2,exact,annotation_marker,positive,"Materials and Methods, Cell clustering and identification","Marker genes included ACTA2, MYLK, PECAM1, XKR4, and RGS5 for stromal cells",exclude,"Marker for broad non-fibroblast stromal compartment, not Schwann cell-specific; outside target scope.",True,21,1.0,True,True,pass
DOI_10.64898_2025.12.18.695268,A_exclude,stromal cells (non-fibroblast),,human,MYLK,MYLK,exact,annotation_marker,positive,"Materials and Methods, Cell clustering and identification","Marker genes included ACTA2, MYLK, PECAM1, XKR4, and RGS5 for stromal cells",exclude,"Marker for broad non-fibroblast stromal compartment, not Schwann cell-specific; outside target scope.",True,21,1.0,True,True,pass
DOI_10.64898_2025.12.18.695268,A_exclude,stromal cells (non-fibroblast),,human,PECAM1,PECAM1,exact,annotation_marker,positive,"Materials and Methods, Cell clustering and identification","Marker genes included ACTA2, MYLK, PECAM1, XKR4, and RGS5 for stromal cells",exclude,"Marker for broad non-fibroblast stromal compartment, not Schwann cell-specific; outside target scope.",True,21,1.0,True,True,pass
DOI_10.64898_2025.12.18.695268,A_exclude,stromal cells (non-fibroblast),,human,XKR4,XKR4,exact,annotation_marker,positive,"Materials and Methods, Cell clustering and identification","Marker genes included ACTA2, MYLK, PECAM1, XKR4, and RGS5 for stromal cells",exclude,"This XKR4 evidence is for broad stromal cells, not Schwann-specific; the Schwann-specific XKR4 annotation is included separately.",True,21,1.0,True,True,pass
DOI_10.64898_2025.12.18.695268,A_exclude,stromal cells (non-fibroblast),,human,RGS5,RGS5,exact,annotation_marker,positive,"Materials and Methods, Cell clustering and identification","Marker genes included ACTA2, MYLK, PECAM1, XKR4, and RGS5 for stromal cells",exclude,"Marker for broad non-fibroblast stromal compartment, not Schwann cell-specific; outside target scope.",True,21,1.0,True,True,pass
DOI_10.64898_2025.12.18.695268,A_exclude,xFB-9 (Xenium fibroblast 9),xFB-9,human,CXCL14,CXCL14,exact,figure_labeled,positive,Fig. S3D-E legend,xFB-9 specific marker (CXCL14),exclude,"Marker for xFB-9 fibroblasts, not Schwann cells; outside target scope.",True,21,1.0,True,True,pass
DOI_10.64898_2025.12.18.695268,A_exclude,xFB-7 (Xenium fibroblast 7),xFB-7,human,NGFR,NGFR,exact,figure_labeled,positive,Fig. S3D-E legend,xFB-7 specific marker (NGFR),exclude,"Marker for xFB-7 fibroblasts surrounding Schwann cells, not a Schwann cell marker; outside target scope.",True,21,1.0,True,True,pass
DOI_10.64898_2025.12.18.695268,A_exclude,immune cells,,human,PTPRC,PTPRC,exact,annotation_marker,positive,"Materials and Methods, Cell clustering and identification",Marker genes included ... PTPRC for immune cells,exclude,"Marker for immune cells, not Schwann cells; outside target scope.",True,21,1.0,True,True,pass
DOI_10.64898_2025.12.18.695268,A_exclude,immune cells,,human,CD45,PTPRC,alias_resolved,cluster_enriched,positive,"Materials and Methods, Xenium sample preparation",Cell segmentation antibodies were applied to mark ... immune cells (CD45),exclude,"Marker for immune cells, not Schwann cells; outside target scope. CD45 is an alias of PTPRC.",True,21,1.0,True,True,pass
DOI_10.64898_2025.12.18.695268,A_exclude,nerve cells (nerve bundle),,human,NRXN1,NRXN1,exact,figure_labeled,positive,Fig. S3E legend,expression of nerve marker gene (NRXN1),exclude,Figure legend labels the ROI as a nerve bundle; the same NRXN1+ cells are described as Schwann cells in the main text and the Schwann-cell evidence is included separately under Schwann cells.,True,21,1.0,True,True,pass
DOI_10.7554_elife.62522,A_exclude,AT2,,human,SLC6A20,SLC6A20,exact,cluster_enriched,positive,"Results: 'Fine-mapping risk variants for COVID-19 respiratory failure at the 3p21.31 locus...' section, para. 2; Fig. 5D legend","SLC6A20, which encodes a proline transporter, was expressed predominantly in AT2 cells and had low expression in other cell types (Figure 5D). Figure 5D legend: 'Expression of SLC6A20 across lung cell types, where each dot represents a nucleus. The highest expression observed was in AT2 cells.'",exclude,细胞类型 AT2 不属于 target_cell_scope（L4:Pulmonary neuroendocrine cell），且证据类型仅为 cluster_enriched，不构成正式 Marker。,True,11,0.8571,True,True,pass
PMID_35115729,B_unaudited,Schwann cell,myelinating-SC,mouse,Cldn14,Cldn14,,annotation_marker,positive,Abstract,"We identified a distinct myelinating-SC subtype that expresses Cldn14, Adamtsl1, and Pmp2",never_audited,,,38,1.0,True,True,pass
PMID_35115729,B_unaudited,Schwann cell,myelinating-SC,mouse,Adamtsl1,Adamtsl1,,annotation_marker,positive,Abstract,"We identified a distinct myelinating-SC subtype that expresses Cldn14, Adamtsl1, and Pmp2",never_audited,,,38,1.0,True,True,pass
PMID_35115729,B_unaudited,Schwann cell,myelinating-SC,mouse,Pmp2,Pmp2,,annotation_marker,positive,Abstract,"We identified a distinct myelinating-SC subtype that expresses Cldn14, Adamtsl1, and Pmp2; The number of these motor-associated, Pmp2+ SCs is reduced...",never_audited,,,38,1.0,True,True,pass
PMID_35115729,B_unaudited,lymphatic endothelial cells,,mouse,Prox1,Prox1,,annotation_marker,positive,"Results p.3, Fig. 1e-f",lymphatic endothelial cells (Cluster 14; 331 nuclei) identified by Prox1 and Lyve1,never_audited,,,38,0.9,True,True,pass
PMID_35115729,B_unaudited,lymphatic endothelial cells,,mouse,Lyve1,Lyve1,,annotation_marker,positive,"Results p.3, Fig. 1e-f",lymphatic endothelial cells (Cluster 14; 331 nuclei) identified by Prox1 and Lyve1,never_audited,,,38,0.72,True,True,pass
PMID_35115729,B_unaudited,immune cells,,mouse,Cd45,Cd45,,author_declared,positive,"Results p.3, Extended Fig. 1g",we used the global immune marker Cd45 to FACS purify immune cells from sciatic nerves,never_audited,,,38,1.0,True,True,pass
PMID_35115729,B_unaudited,perineurial fibroblasts,,mouse,Itgb4,Itgb4,,author_declared,positive,"Results p.4, Fig. 1e-f",Perineurial fibroblasts (Cluster 10) ... were notable for their lack of Pdgfra expression and their expression of markers Itgb4 and Slc2a1,never_audited,,,38,0.9091,True,True,pass
PMID_35115729,B_unaudited,perineurial fibroblasts,,mouse,Slc2a1,Slc2a1,,author_declared,positive,"Results p.4, Fig. 1e-f",Perineurial fibroblasts (Cluster 10) ... were notable for their lack of Pdgfra expression and their expression of markers Itgb4 and Slc2a1,never_audited,,,38,0.72,True,True,pass
PMID_35115729,B_unaudited,endoneurial fibroblasts (EFs),,mouse,Pdgfra,Pdgfra,,author_declared,positive,"Results p.4, Fig. 2c",EFs express the fibroblast marker Pdgfra as well as the stem cell markers Cd34 and nmSC marker Ngfr,never_audited,,,38,1.0,True,True,pass
