paper_id,source,cell_type,original_symbol,old_decision,gate1_status,new_decision,action,marker_id,reason
DOI_10.1016_j.cell.2021.07.023,A_exclude,Basal cells,KRT15,exclude,pass,include,merged_within_pool（并入主行）,,"同键合并，附加证据: A_exclude:STAR Methods, Cell Clustering and Annotation, paragraph 3"
DOI_10.1016_j.cell.2021.07.023,A_exclude,Basal cells,KRT5,exclude,pass,include,merged_within_pool（并入主行）,,"同键合并，附加证据: A_exclude:STAR Methods, Cell Clustering and Annotation, paragraph 3"
DOI_10.1016_j.cell.2021.07.023,A_exclude,Basal cells,TP63,exclude,pass,include,merged_within_pool（并入主行）,,"同键合并，附加证据: A_exclude:STAR Methods, Cell Clustering and Annotation, paragraph 3"
DOI_10.1016_j.isci.2024.111628,B_unaudited,Umbrella cells,KRT20,never_audited,pass,include,merged_within_pool（并入主行）,,"同键合并，附加证据: B_unaudited:Results, Classification of urothelial cells, Fig. 1C Dot Plot; also Fig. 2A Heatmaps"
DOI_10.1016_j.isci.2024.111628,B_unaudited,Umbrella cells,UPK3B,never_audited,pass,include,merged_within_pool（并入主行）,,"同键合并，附加证据: B_unaudited:Results, Classification of urothelial cells, Fig. 1C Dot Plot; also Fig. 2A Heatmaps"
DOI_10.1038_s41586-020-2922-4,A_exclude,immune,CD45,exclude,pass,include,merged_within_pool（并入主行）,,同键合并，附加证据: A_exclude:Methods: Flow cytometry and cell sorting
DOI_10.1038_s41586-020-2922-4,A_exclude,T cells,CD45RO,exclude,pass,include,merged_within_pool（并入主行）,,"同键合并，附加证据: A_exclude:Materials and Methods, Antibodies"
DOI_10.1038_s41586-021-03929-x,A_exclude,Erythroid colony,CD235a,exclude,pass,include,merged_within_pool（并入主行）,,同键合并，附加证据: A_exclude:Extended Data Fig. 6c legend
DOI_10.1038_s41586-021-04345-x,A_exclude,Mono CXCL10+,CXCL10,exclude,pass,include,merged_within_pool（并入主行）,,同键合并，附加证据: A_exclude:Extended Data Figure 8b
DOI_10.1038_s41586-021-04345-x,A_exclude,Mono GPBAR1+,GPBAR1,exclude,pass,include,merged_within_pool（并入主行）,,同键合并，附加证据: A_exclude:Extended Data Figure 8b
DOI_10.1038_s41586-024-07069-w,B_unaudited,Ciliated nodal cells,Foxj1,never_audited,pass,include,merged_within_pool（并入主行）,,同键合并，附加证据: B_unaudited:Fig. 2h legend
DOI_10.1038_s41591-023-02327-2,A_exclude,migratory dendritic cells,CCR7,exclude,pass,include,merged_within_pool（并入主行）,,同键合并，附加证据: A_exclude:Fig. 3g legend
DOI_10.1038_s42255-023-00876-x,A_exclude,β-cell,Ucn3,exclude,pass,include,merged_within_pool（并入主行）,,"同键合并，附加证据: A_exclude:Results, 'Diabetes-unique and cross-condition dysfunction in β-cells', Fig.6d,e; p.1625"
DOI_10.1038_s44318-024-00328-6,A_exclude,AT2-like (fdAT2 organoid cells),NAPSA,exclude,pass,include,merged_within_pool（并入主行）,,同键合并，附加证据: A_exclude:Fig.1G legend; Fig.1J
DOI_10.1101_2024.10.23.619925,A_exclude,altered benign MSMB+ cells,MSMB,exclude,pass,include,merged_within_pool（并入主行）,,同键合并，附加证据: A_exclude:Methods: Gene-set enrichment analysis; Results p.17-18
DOI_10.1126_sciimmunol.adf9988,A_exclude,Macrophages,CD14,exclude,pass,include,merged_within_pool（并入主行）,,"同键合并，附加证据: A_exclude:Materials and Methods, Macrophage and DC culture and cytokine array, Page 18"
DOI_10.1126_sciimmunol.adf9988,A_exclude,Macrophages,CD206,exclude,pass,include,merged_within_pool（并入主行）,,"同键合并，附加证据: A_exclude:Materials and Methods, Macrophage and DC culture and cytokine array, Page 18"
DOI_10.64898_2025.12.18.695268,A_exclude,immune cells,PTPRC,exclude,pass,include,merged_within_pool（并入主行）,,"同键合并，附加证据: A_exclude:Materials and Methods, Cell clustering and identification"
DOI_10.1038_s41586-021-03710-0,new_finding,astrocyte,CHI3L1,never_reported,pass,include,appended,M00098,CHI3L1 is labelled among the upregulated gene markers of the COVID-19-associated astrocyte cluster in Extended Data Fig. 12; the cluster is described as marked by such inflammation/astrogliosis marker
DOI_10.1038_s41586-021-03710-0,A_exclude,astrocyte,GFAP,exclude,pass,include,appended,M00099,Author states the COVID-19-associated astrocyte cluster is marked by GFAP; this marker set is used to identify/characterize the astrocyte subcluster.
DOI_10.1038_s41586-021-03710-0,A_exclude,astrocyte,IFITM3,exclude,pass,include,appended,M00100,Author states the COVID-19-associated astrocyte cluster is marked by IFITM3; this marker set is used to identify/characterize the astrocyte subcluster.
DOI_10.1038_s41586-021-03710-0,new_finding,interneuron,PV,never_reported,pass,include,appended,M00101,"PV (parvalbumin, gene PVALB) is used in the cell-type label 'PV interneuron', showing it is a marker used for naming/identifying this interneuron subtype."
DOI_10.1038_s41586-021-03710-0,A_exclude,microglia,CD247,exclude,pass,include,appended,M00102,CD247 negativity is explicitly used as a marker criterion to subset and identify pure microglia during cell annotation.
DOI_10.1038_s41586-021-03710-0,A_exclude,microglia,MRC1,exclude,pass,include,appended,M00103,MRC1 negativity is explicitly used as a marker criterion to subset and identify pure microglia during cell annotation.
DOI_10.1038_s41586-021-03710-0,A_exclude,microglia,C1QC,exclude,pass,include,appended,M00104,Author states the COVID-19-associated microglia subpopulation is marked by C1QC; this marker set is used to define the disease-associated microglia subcluster.
DOI_10.1038_s41586-021-03710-0,new_finding,microglia,CD14,never_reported,pass,include,appended,M00105,CD14 is displayed in the COVID-19-enriched microglia marker panel used to define the COVID-19-associated microglia cluster; satisfies marker identity and annotation use.
DOI_10.1038_s41586-021-03710-0,A_exclude,microglia,CD74,exclude,pass,include,appended,M00106,Author states the COVID-19-associated microglia subpopulation is marked by CD74; used as part of the microglial activation marker set defining the subcluster.
DOI_10.1038_s41586-021-03710-0,A_exclude,microglia,FTH1,exclude,pass,include,appended,M00107,Author states the COVID-19-associated microglia subpopulation is marked by FTH1; used as part of the microglial activation marker set defining the subcluster.
DOI_10.1038_s41586-021-03710-0,A_exclude,microglia,FTL,exclude,pass,include,appended,M00108,Author states the COVID-19-associated microglia subpopulation is marked by FTL; used as part of the microglial activation marker set defining the subcluster.
DOI_10.1038_s41586-021-03710-0,new_finding,microglia,CX3CR1,never_reported,pass,include,appended,M00109,CX3CR1 is displayed in the homeostatic microglia marker panel used to define the homeostatic microglia cluster; satisfies marker identity and annotation use.
DOI_10.1038_s41586-021-03710-0,new_finding,microglia,IRAK3,never_reported,pass,include,appended,M00110,IRAK3 is displayed in the homeostatic microglia marker panel used to define the homeostatic microglia cluster; satisfies marker identity and annotation use.
DOI_10.1038_s41586-021-03710-0,new_finding,microglia,MEF2C,never_reported,pass,include,appended,M00111,MEF2C is displayed in the homeostatic microglia marker panel used to define the homeostatic microglia cluster; satisfies marker identity and annotation use.
DOI_10.1038_s41586-021-03710-0,A_exclude,microglia,P2RY12,exclude,pass,include,appended,M00112,P2RY12 is explicitly presented as a homeostatic microglia marker and is used in the marker panel defining the homeostatic microglia cluster.
DOI_10.1038_s41586-021-03710-0,new_finding,neuron,NRGN,never_reported,pass,include,appended,M00113,"NRGN is used in the cell-type label 'NRGN neuron', showing it is a marker used for naming/identifying this neuronal subtype."
DOI_10.1038_s41586-021-03710-0,A_exclude,perivascular macrophages,MRC1,exclude,pass,include,appended,M00114,Author explicitly declares MRC1 as a specific cell-type marker for perivascular macrophages and uses it to distinguish/annotate these cells in the cortical immune population.
DOI_10.1038_s41586-021-03710-0,A_exclude,T cells,CD247,exclude,pass,include,appended,M00115,Author explicitly declares CD247 as a specific cell-type marker for T cells and uses it to distinguish/annotate T cells in the cortical immune population.
DOI_10.1038_s41586-020-2922-4,A_exclude,Adventitial fibroblast,BSG,exclude,pass,include,appended,M00116,Author calls BSG a classical fibroblast marker used to identify both fibroblast clusters.
DOI_10.1038_s41586-020-2922-4,A_exclude,Adventitial fibroblast,COL1A2,exclude,pass,include,appended,M00117,Fig.1f labels COL1A2 as a general fibroblast marker also used for adventitial fibroblasts.
DOI_10.1038_s41586-020-2922-4,A_exclude,Adventitial fibroblast,PI16,exclude,pass,include,appended,M00118,PI16 is part of the adventitial fibroblast cluster designation and appears in the stromal marker panel.
DOI_10.1038_s41586-020-2922-4,A_exclude,Adventitial fibroblast,SERPINF1,exclude,pass,include,appended,M00119,Fig.1f explicitly labels SERPINF1 as an adventitial fibroblast marker.
DOI_10.1038_s41586-020-2922-4,A_exclude,Adventitial fibroblast,SFRP2,exclude,pass,include,appended,M00120,SFRP2 is part of the adventitial fibroblast cluster label and appears in the stromal marker panel.
DOI_10.1038_s41586-020-2922-4,new_finding,Adventitial fibroblast,Pi16,never_reported,pass,include,appended,M00121,Pi16 is explicitly labeled a mouse adventitial fibroblast-selective marker.
DOI_10.1038_s41586-020-2922-4,new_finding,Adventitial fibroblast,Serpinf1,never_reported,pass,include,appended,M00122,Serpinf1 is explicitly labeled a mouse adventitial fibroblast-selective marker.
DOI_10.1038_s41586-020-2922-4,new_finding,Airway smooth muscle cell,ACTG2,never_reported,pass,include,appended,M00123,ACTG2 is explicitly labeled an airway smooth muscle marker.
DOI_10.1038_s41586-020-2922-4,new_finding,Airway smooth muscle cell,COX4I2,never_reported,pass,include,appended,M00124,COX4I2 is explicitly labeled an airway smooth muscle marker.
DOI_10.1038_s41586-020-2922-4,A_exclude,Alveolar fibroblast,BSG,exclude,pass,include,appended,M00125,Author calls BSG a classical fibroblast marker and uses it to assign fibroblast identity.
DOI_10.1038_s41586-020-2922-4,A_exclude,Alveolar fibroblast,COL1A2,exclude,pass,include,appended,M00126,Fig.1f explicitly labels COL1A2 as a general fibroblast marker used to identify alveolar/adventitial fibroblasts.
DOI_10.1038_s41586-020-2922-4,A_exclude,Alveolar fibroblast,FGFR4,exclude,pass,include,appended,M00127,FGFR4 is part of the alveolar fibroblast cluster designation and appears in the stromal marker panel.
DOI_10.1038_s41586-020-2922-4,A_exclude,Alveolar fibroblast,GPC3,exclude,pass,include,appended,M00128,Fig.1f explicitly labels GPC3 as an alveolar fibroblast marker.
DOI_10.1038_s41586-020-2922-4,A_exclude,Alveolar fibroblast,SPINT2,exclude,pass,include,appended,M00129,SPINT2 is part of the alveolar fibroblast cluster label and is displayed in the stromal marker panel.
DOI_10.1038_s41586-020-2922-4,new_finding,Alveolar fibroblast,Frfr4,never_reported,pass,include,appended,M00130,Frfr4 in the text is a typographical variant of mouse Fgfr4; explicitly labeled an alveolar fibroblast-selective marker.
DOI_10.1038_s41586-020-2922-4,new_finding,Alveolar fibroblast,Slc7a10,never_reported,pass,include,appended,M00131,Slc7a10 is explicitly labeled a mouse alveolar fibroblast-selective marker and used for localization.
DOI_10.1038_s41586-020-2922-4,new_finding,Alveolar type 1 (AT1),AGER,never_reported,pass,include,appended,M00132,AGER is explicitly labeled an AT1 marker and used in smFISH to identify AT1 cells.
DOI_10.1038_s41586-020-2922-4,A_exclude,Alveolar type 2 (AT2),CA2,exclude,pass,include,appended,M00133,CA2 is part of the AT2 cluster label and appears in the AT2 marker expression panel.
DOI_10.1038_s41586-020-2922-4,A_exclude,Alveolar type 2 (AT2),ETV5,exclude,pass,include,appended,M00134,Author explicitly calls ETV5 a canonical AT2 marker.
DOI_10.1038_s41586-020-2922-4,A_exclude,Alveolar type 2 (AT2),HHIP,exclude,pass,include,appended,M00135,HHIP is used in the AT2 cluster designation and is explicitly presented as an AT2 selective marker.
DOI_10.1038_s41586-020-2922-4,A_exclude,Alveolar type 2 (AT2),SFTPA1,exclude,pass,include,appended,M00136,Author explicitly calls SFTPA1 a canonical AT2 marker used in cluster identification.
DOI_10.1038_s41586-020-2922-4,A_exclude,Alveolar type 2 (AT2),SFTPC,exclude,pass,include,appended,M00137,Fig.1d explicitly labels SFTPC as an AT2 marker and uses it to distinguish AT2 cells.
DOI_10.1038_s41586-020-2922-4,A_exclude,Alveolar type 2 (AT2),WIF1,exclude,pass,include,appended,M00138,Fig.1d explicitly labels WIF1 as a specific AT2 marker used for AT2 identification.
DOI_10.1038_s41586-020-2922-4,new_finding,Artery endothelial cell,GJA5,never_reported,pass,include,appended,M00139,GJA5 is explicitly labeled an artery endothelial marker and used for vessel identification.
DOI_10.1038_s41586-020-2922-4,A_exclude,AT2,MUC1,exclude,pass,include,appended,M00140,Fig.4c explicitly labels MUC1 as an AT2 marker.
DOI_10.1038_s41586-020-2922-4,A_exclude,AT2,SFTPC,exclude,pass,include,appended,M00141,Fig.4d explicitly labels SFTPC as an AT2 marker.
DOI_10.1038_s41586-020-2922-4,A_exclude,AT2-signalling (AT2-s),SFTPC,exclude,pass,include,appended,M00142,Fig.1d labels SFTPC as a shared AT2/AT2-s marker used to distinguish AT2-s cells.
DOI_10.1038_s41586-020-2922-4,A_exclude,AT2-signalling (AT2-s),WIF1,exclude,pass,include,appended,M00143,WIF1 negativity is used in Fig.1d to distinguish AT2-signalling cells from AT2 cells.
DOI_10.1038_s41586-020-2922-4,new_finding,AT2-signalling cell (AT2-s),LRP5,never_reported,pass,include,appended,M00144,LRP5 is explicitly named as an AT2-signalling selective marker.
DOI_10.1038_s41586-020-2922-4,new_finding,AT2-signalling cell (AT2-s),TCF7L2,never_reported,pass,include,appended,M00145,TCF7L2 is explicitly named as an AT2-signalling selective marker.
DOI_10.1038_s41586-020-2922-4,new_finding,AT2-signalling cell (AT2-s),WNT5A,never_reported,pass,include,appended,M00146,WNT5A is explicitly named as an AT2-signalling selective marker in the marker heat map.
DOI_10.1038_s41586-020-2922-4,A_exclude,B cells,CD14,exclude,pass,include,appended,M00147,CD14 is part of the B-cell sorting panel used to generate reference profiles for annotation.
DOI_10.1038_s41586-020-2922-4,A_exclude,B cells,CD19,exclude,pass,include,appended,M00148,"CD19 is used in the FACS definition and bulk-sort antibody panel for B cells, contributing to immune cell annotation."
DOI_10.1038_s41586-020-2922-4,A_exclude,B cells,CD27,exclude,pass,include,appended,M00149,CD27 is part of the antibody panel used to sort B cells for reference profiling and annotation.
DOI_10.1038_s41586-020-2922-4,A_exclude,B cells,CD4,exclude,pass,include,appended,M00150,CD4 is included in the B-cell bulk-sort antibody panel; the entire panel was used to define the sorted B-cell reference population.
DOI_10.1038_s41586-020-2922-4,A_exclude,B cells,CD20,exclude,pass,include,appended,M00151,CD20 (MS4A1) is part of the B-cell sorting antibody panel used for immune annotation.
DOI_10.1038_s41586-020-2922-4,A_exclude,B cells,CD56,exclude,pass,include,appended,M00152,CD56 (NCAM1) is part of the B-cell bulk-sort antibody panel used for immune reference annotation.
DOI_10.1038_s41586-020-2922-4,new_finding,Basal cell,KRT5,never_reported,pass,include,appended,M00153,KRT5 is explicitly labeled a general basal marker and used in smFISH to identify basal cells.
DOI_10.1038_s41586-020-2922-4,A_exclude,"basophils, neutrophils and eosinophils",CCR3,exclude,pass,include,appended,M00154,CCR3 is part of the granulocyte sorting panel used for immune reference annotation.
DOI_10.1038_s41586-020-2922-4,A_exclude,"basophils, neutrophils and eosinophils",CD14,exclude,pass,include,appended,M00155,CD14 is part of the granulocyte sorting panel used for reference annotation.
DOI_10.1038_s41586-020-2922-4,A_exclude,"basophils, neutrophils and eosinophils",CD19,exclude,pass,include,appended,M00156,CD19 is part of the granulocyte bulk-sort antibody panel used for annotation.
DOI_10.1038_s41586-020-2922-4,A_exclude,"basophils, neutrophils and eosinophils",CD123,exclude,pass,include,appended,M00157,CD123 (IL3RA) is part of the antibody panel used to sort basophils/neutrophils/eosinophils for reference annotation.
DOI_10.1038_s41586-020-2922-4,A_exclude,"basophils, neutrophils and eosinophils",ITGB7,exclude,pass,include,appended,M00158,ITGB7 is part of the granulocyte bulk-sort antibody panel used for annotation.
DOI_10.1038_s41586-020-2922-4,A_exclude,"basophils, neutrophils and eosinophils",CD56,exclude,pass,include,appended,M00159,CD56 (NCAM1) is part of the granulocyte sorting panel used for reference annotation.
DOI_10.1038_s41586-020-2922-4,A_exclude,Bronchial endothelial cell,MYC,exclude,pass,include,appended,M00160,Extended Data Fig.3k explicitly labels MYC as a bronchial vessel-specific marker used for bronchial endothelial identification.
DOI_10.1038_s41586-020-2922-4,new_finding,Bronchial vessel 1 cell (Bro1),ACKR1,never_reported,pass,include,appended,M00161,ACKR1 is explicitly labeled a Bro1-specific marker used to identify bronchial vessel 1 cells.
DOI_10.1038_s41586-020-2922-4,A_exclude,CD4+ T cells,CD4,exclude,pass,include,appended,M00162,CD4 is the defining positive marker used to sort and annotate CD4+ T cells.
DOI_10.1038_s41586-020-2922-4,new_finding,Ciliated cell,C20orf85,never_reported,pass,include,appended,M00163,C20orf85 is explicitly labeled a general ciliated marker and used to identify ciliated cells.
DOI_10.1038_s41586-020-2922-4,A_exclude,classical and nonclassical monocytes,CD14,exclude,pass,include,appended,M00164,CD14 is part of the monocyte bulk-sort antibody panel used for reference annotation.
DOI_10.1038_s41586-020-2922-4,A_exclude,classical and nonclassical monocytes,CD19,exclude,pass,include,appended,M00165,CD19 is part of the monocyte sorting panel used for reference annotation.
DOI_10.1038_s41586-020-2922-4,A_exclude,classical and nonclassical monocytes,CD4,exclude,pass,include,appended,M00166,CD4 is part of the monocyte sorting panel used for reference annotation.
DOI_10.1038_s41586-020-2922-4,A_exclude,classical and nonclassical monocytes,CD56,exclude,pass,include,appended,M00167,CD56 (NCAM1) is part of the monocyte bulk-sort antibody panel used for annotation.
DOI_10.1038_s41586-020-2922-4,A_exclude,classical monocytes,CD14,exclude,pass,include,appended,M00168,CD14 positivity is the defining marker used for classical monocyte sorting and annotation.
DOI_10.1038_s41586-020-2922-4,A_exclude,classical monocytes,CD19,exclude,pass,include,appended,M00169,CD19 negativity is part of the classical monocyte gate definition.
DOI_10.1038_s41586-020-2922-4,A_exclude,classical monocytes,CD56,exclude,pass,include,appended,M00170,CD56 (NCAM1) negativity is part of the classical monocyte gate definition.
DOI_10.1038_s41586-020-2922-4,A_exclude,Dendritic cell,EREG,exclude,pass,include,appended,M00171,EREG is the representative marker gene in the 'EREG+ dendritic' cluster label.
DOI_10.1038_s41586-020-2922-4,A_exclude,Dendritic cell,IGSF21,exclude,pass,include,appended,M00172,IGSF21 is used as the representative marker gene in the cluster name 'IGSF21+ dendritic' for annotation.
DOI_10.1038_s41586-020-2922-4,A_exclude,Dendritic cell,TREM2,exclude,pass,include,appended,M00173,TREM2 is the representative marker gene in the 'TREM2+ dendritic' cluster label.
DOI_10.1038_s41586-020-2922-4,new_finding,Dendritic cell (general),GPR183,never_reported,pass,include,appended,M00174,GPR183 is explicitly labeled a general dendritic cell marker.
DOI_10.1038_s41586-020-2922-4,A_exclude,endothelial,CLDN5,exclude,pass,include,appended,M00175,CLDN5 is explicitly used as a tissue compartment marker for endothelial cells and as a general endothelial marker in smFISH.
DOI_10.1038_s41586-020-2922-4,A_exclude,endothelial or stromal,EPCAM,exclude,pass,include,appended,M00176,EPCAM negativity is part of the endothelial/stromal gate definition.
DOI_10.1038_s41586-020-2922-4,A_exclude,endothelial or stromal,CD45,exclude,pass,include,appended,M00177,CD45 negativity is part of the endothelial/stromal gate definition.
DOI_10.1038_s41586-020-2922-4,A_exclude,epithelial,EPCAM,exclude,pass,include,appended,M00178,EPCAM is explicitly used as a compartment marker to designate epithelial cells for sorting and downstream annotation.
DOI_10.1038_s41586-020-2922-4,A_exclude,epithelial,CD45,exclude,pass,include,appended,M00179,"CD45 negativity is part of the epithelial gate definition, so it is a negative marker used for epithelial classification."
DOI_10.1038_s41586-020-2922-4,A_exclude,EREG+ dendritic,EREG,exclude,pass,include,appended,M00180,EREG is explicitly the representative marker gene used to name the EREG+ dendritic cluster.
DOI_10.1038_s41586-020-2922-4,new_finding,Fibromyocyte,ACTG2,never_reported,pass,include,appended,M00181,ACTG2 is explicitly labeled a fibromyocyte marker.
DOI_10.1038_s41586-020-2922-4,new_finding,Fibromyocyte,ASPN,never_reported,pass,include,appended,M00182,ASPN is explicitly labeled a fibromyocyte marker.
DOI_10.1038_s41586-020-2922-4,new_finding,Fibromyocyte,COX4I2,never_reported,pass,include,appended,M00183,COX4I2 is explicitly labeled a fibromyocyte marker.
DOI_10.1038_s41586-020-2922-4,A_exclude,IGSF21+ dendritic,IGSF21,exclude,pass,include,appended,M00184,IGSF21 is explicitly the representative marker gene used to name the IGSF21+ dendritic cluster.
DOI_10.1038_s41586-020-2922-4,new_finding,IGSF21+ dendritic cell,GPR34,never_reported,pass,include,appended,M00185,GPR34 is explicitly labeled an IGSF21+ dendritic cell marker and used in smFISH identification.
DOI_10.1038_s41586-020-2922-4,A_exclude,immune,EPCAM,exclude,pass,include,appended,M00186,EPCAM negativity is part of the immune gate definition used for cell classification.
DOI_10.1038_s41586-020-2922-4,A_exclude,immune,PTPRC,exclude,pass,include,appended,M00187,PTPRC is explicitly listed as a tissue compartment marker used to group clusters into immune vs non-immune compartments.
DOI_10.1038_s41586-020-2922-4,A_exclude,immune and endothelial enriched,CD31,exclude,pass,include,appended,M00188,CD31 (PECAM1) is explicitly used to designate the immune/endothelial enriched compartment before further annotation.
DOI_10.1038_s41586-020-2922-4,A_exclude,immune and endothelial enriched,CD45,exclude,pass,include,appended,M00189,CD45 (PTPRC) is explicitly used with CD31 to define the immune/endothelial enriched compartment.
DOI_10.1038_s41586-020-2922-4,new_finding,Lipofibroblast,APOE,never_reported,pass,include,appended,M00190,APOE is explicitly labeled a lipofibroblast marker.
DOI_10.1038_s41586-020-2922-4,new_finding,Lymphatic endothelial cell,CCL21,never_reported,pass,include,appended,M00191,CCL21 is explicitly labeled a lymphatic endothelial marker and used for vessel identification.
DOI_10.1038_s41586-020-2922-4,A_exclude,Myofibroblast,elastin,exclude,pass,include,appended,M00192,Fig.4d explicitly labels elastin as a myofibroblast marker in mouse; retained despite non-human species.
DOI_10.1038_s41586-020-2922-4,A_exclude,Myofibroblast,ACTA2,exclude,pass,include,appended,M00193,Author explicitly calls ACTA2 a canonical myofibroblast marker used to identify the myofibroblast clusters.
DOI_10.1038_s41586-020-2922-4,A_exclude,Myofibroblast,ASPN,exclude,pass,include,appended,M00194,ASPN is used in the classical myofibroblast cluster label and explicitly named as a myofibroblast marker.
DOI_10.1038_s41586-020-2922-4,A_exclude,Myofibroblast,FGF18,exclude,pass,include,appended,M00195,FGF18 is part of the classical myofibroblast cluster designation and appears in the stromal marker panel.
DOI_10.1038_s41586-020-2922-4,A_exclude,Myofibroblast,WIF1,exclude,pass,include,appended,M00196,WIF1 is part of the classical myofibroblast cluster label and appears in the stromal marker panel.
DOI_10.1038_s41586-020-2922-4,A_exclude,natural killer cells,CD14,exclude,pass,include,appended,M00197,CD14 negativity is part of the NK cell gate definition.
DOI_10.1038_s41586-020-2922-4,A_exclude,natural killer cells,CD19,exclude,pass,include,appended,M00198,CD19 negativity is part of the NK cell gate definition used for sorting and annotation.
DOI_10.1038_s41586-020-2922-4,A_exclude,natural killer cells,CD56,exclude,pass,include,appended,M00199,CD56 (NCAM1) positivity is part of the NK cell gate definition.
DOI_10.1038_s41586-020-2922-4,A_exclude,NK cells,CD14,exclude,pass,include,appended,M00200,CD14 is part of the NK sorting panel used for annotation.
DOI_10.1038_s41586-020-2922-4,A_exclude,NK cells,CD19,exclude,pass,include,appended,M00201,CD19 is part of the NK bulk-sort antibody panel.
DOI_10.1038_s41586-020-2922-4,A_exclude,NK cells,CD4,exclude,pass,include,appended,M00202,CD4 is part of the NK bulk-sort antibody panel used for reference annotation.
DOI_10.1038_s41586-020-2922-4,A_exclude,NK cells,CD56,exclude,pass,include,appended,M00203,CD56 (NCAM1) is part of the NK cell sorting panel used for annotation.
DOI_10.1038_s41586-020-2922-4,A_exclude,"pDCs, mDCs, CD16+ DCs",CCR3,exclude,pass,include,appended,M00204,CCR3 is part of the DC sorting panel used for immune reference annotation.
DOI_10.1038_s41586-020-2922-4,A_exclude,"pDCs, mDCs, CD16+ DCs",CD14,exclude,pass,include,appended,M00205,CD14 is part of the DC sorting panel used for annotation.
DOI_10.1038_s41586-020-2922-4,A_exclude,"pDCs, mDCs, CD16+ DCs",CD19,exclude,pass,include,appended,M00206,CD19 is part of the DC bulk-sort antibody panel.
DOI_10.1038_s41586-020-2922-4,A_exclude,"pDCs, mDCs, CD16+ DCs",CD1c,exclude,pass,include,appended,M00207,CD1C is part of the dendritic cell sorting panel used for generating reference profiles for immune annotation.
DOI_10.1038_s41586-020-2922-4,A_exclude,"pDCs, mDCs, CD16+ DCs",CD4,exclude,pass,include,appended,M00208,CD4 is part of the dendritic cell bulk-sort panel used for reference annotation.
DOI_10.1038_s41586-020-2922-4,A_exclude,"pDCs, mDCs, CD16+ DCs",CD123,exclude,pass,include,appended,M00209,CD123 (IL3RA) is part of the DC sorting panel used for annotation.
DOI_10.1038_s41586-020-2922-4,A_exclude,"pDCs, mDCs, CD16+ DCs",CD11c,exclude,pass,include,appended,M00210,CD11c (ITGAX) is part of the DC bulk-sort antibody panel used for annotation.
DOI_10.1038_s41586-020-2922-4,A_exclude,"pDCs, mDCs, CD16+ DCs",CD56,exclude,pass,include,appended,M00211,CD56 (NCAM1) is part of the DC sorting panel used for immune reference annotation.
DOI_10.1038_s41586-020-2922-4,new_finding,Pericyte,COX4I2,never_reported,pass,include,appended,M00212,COX4I2 is explicitly labeled a pericyte marker.
DOI_10.1038_s41586-020-2922-4,new_finding,Proximal basal cell,SERPINB3,never_reported,pass,include,appended,M00213,SERPINB3 is explicitly labeled a proximal basal cell marker and used to distinguish proximal basal cells.
DOI_10.1038_s41586-020-2922-4,new_finding,Proximal ciliated cell,DHRS9,never_reported,pass,include,appended,M00214,DHRS9 is explicitly labeled a proximal ciliated marker and used to localize proximal ciliated cells.
DOI_10.1038_s41586-020-2922-4,A_exclude,stromal,COL1A2,exclude,pass,include,appended,M00215,COL1A2 is explicitly listed as a tissue compartment marker for stromal cells.
DOI_10.1038_s41586-020-2922-4,A_exclude,T cells,CCR7,exclude,pass,include,appended,M00216,CCR7 is part of the T-cell sorting panel used for annotation.
DOI_10.1038_s41586-020-2922-4,A_exclude,T cells,CD14,exclude,pass,include,appended,M00217,CD14 is part of the T-cell sorting panel.
DOI_10.1038_s41586-020-2922-4,A_exclude,T cells,CD19,exclude,pass,include,appended,M00218,CD19 is part of the T-cell sorting panel.
DOI_10.1038_s41586-020-2922-4,A_exclude,T cells,CD4,exclude,pass,include,appended,M00219,CD4 is part of the T-cell sorting panel used for annotation.
DOI_10.1038_s41586-020-2922-4,A_exclude,T cells,CD11b,exclude,pass,include,appended,M00220,CD11b (ITGAM) is part of the T-cell sorting panel used for reference annotation.
DOI_10.1038_s41586-020-2922-4,A_exclude,T cells,CD56,exclude,pass,include,appended,M00221,CD56 (NCAM1) is part of the T-cell sorting panel used for immune annotation.
DOI_10.1038_s41586-020-2922-4,A_exclude,T cells,CD45RA,exclude,pass,include,appended,M00222,CD45RA is an isoform marker encoded by PTPRC and is part of the T-cell sorting panel used for immune reference annotation.
DOI_10.1038_s41586-020-2922-4,A_exclude,T cells,CD62L,exclude,pass,include,appended,M00223,CD62L (SELL) is part of the T-cell sorting panel used for reference annotation.
DOI_10.1038_s41586-020-2922-4,A_exclude,TREM2+ dendritic,TREM2,exclude,pass,include,appended,M00224,TREM2 is explicitly the representative marker gene used to name the TREM2+ dendritic cluster.
DOI_10.1038_s41586-020-2922-4,new_finding,TREM2+ dendritic cell,CHI3L1,never_reported,pass,include,appended,M00225,CHI3L1 is explicitly labeled a TREM2+ dendritic cell marker and used in smFISH identification.
DOI_10.1038_s41586-020-2922-4,new_finding,Vein endothelial cell,ACKR1,never_reported,pass,include,appended,M00226,ACKR1 is explicitly labeled a vein endothelial marker and used for vessel-type identification.
DOI_10.1038_s41588-022-01243-4,A_exclude,CD4 T cell,CD4,exclude,pass,include,appended,M00227,CD4 is the defining marker of CD4 T cells and is used as the cell type label in Fig. 6; same as in T/NK annotation.
DOI_10.1038_s41588-022-01243-4,A_exclude,CD4 T helper cells,CD4,exclude,pass,include,appended,M00228,CD4 is the defining marker of CD4 T cells in the paper's T/NK annotation and marker dot plots; cell type is named by CD4.
DOI_10.1038_s41588-022-01243-4,A_exclude,CHIT1+ macrophages,CHIT1,exclude,pass,include,appended,M00229,CHIT1 is used as the defining marker of the CHIT1+ macrophage subset; subset name directly uses the gene.
DOI_10.1038_s41588-022-01243-4,A_exclude,chondrocytes,ACAN,exclude,pass,include,appended,M00230,ACAN is one of the genes used to transcriptionally define chondrocytes; this is a formal definition/annotation marker set.
DOI_10.1038_s41588-022-01243-4,A_exclude,chondrocytes,CHAD,exclude,pass,include,appended,M00231,CHAD is one of the genes used to transcriptionally define chondrocytes; formal annotation marker.
DOI_10.1038_s41588-022-01243-4,A_exclude,chondrocytes,COL9A3,exclude,pass,include,appended,M00232,COL9A3 is one of the genes used to transcriptionally define chondrocytes; formal annotation marker.
DOI_10.1038_s41588-022-01243-4,A_exclude,chondrocytes,CYTL1,exclude,pass,include,appended,M00233,CYTL1 is one of the genes used to transcriptionally define chondrocytes; formal annotation marker.
DOI_10.1038_s41588-022-01243-4,A_exclude,chondrocytes,HAPLN1,exclude,pass,include,appended,M00234,HAPLN1 is one of the genes used to transcriptionally define chondrocytes; formal annotation marker.
DOI_10.1038_s41588-022-01243-4,new_finding,endoneurial NAF,USP54,never_reported,pass,include,appended,M00235,"USP54 is explicitly labeled as an endoneurial NAF marker in Extended Data Fig. 5h, part of the marker-based characterization of nerve-associated cells."
DOI_10.1038_s41588-022-01243-4,A_exclude,endoneurial nerve-associated fibroblasts (NAF),OSR2,exclude,pass,include,appended,M00236,OSR2 is explicitly listed with the cell type in the identification of the four new nerve-associated clusters; used for annotation of endoneurial NAF.
DOI_10.1038_s41588-022-01243-4,A_exclude,endoneurial nerve-associated fibroblasts (NAF),SOX9,exclude,pass,include,appended,M00237,SOX9 is explicitly listed with the cell type in the identification of the four new nerve-associated clusters; used for annotation of endoneurial NAF.
DOI_10.1038_s41588-022-01243-4,A_exclude,IgA plasma cells,CCR10,exclude,pass,include,appended,M00238,CCR10 is explicitly called a distinguishing marker for IgA plasma cells.
DOI_10.1038_s41588-022-01243-4,A_exclude,IgA plasma cells,TNFRSF17,exclude,pass,include,appended,M00239,TNFRSF17 (BCMA) is explicitly called a distinguishing marker for IgA plasma cells.
DOI_10.1038_s41588-022-01243-4,A_exclude,immune recruiting fibroblasts (IR-fibro),CCL19,exclude,pass,include,appended,M00240,CCL19 is presented as part of the IR-fibro marker/chemokine set and appears in the IR-fibro marker dot plot; Methods state cells were annotated according to consensus marker genes.
DOI_10.1038_s41588-022-01243-4,A_exclude,immune recruiting fibroblasts (IR-fibro),CCL21,exclude,pass,include,appended,M00241,CCL21 is presented as part of the IR-fibro marker/chemokine set and appears in the IR-fibro marker dot plot; Methods state cells were annotated according to consensus marker genes.
DOI_10.1038_s41588-022-01243-4,A_exclude,intravascular macrophages,LYVE1,exclude,pass,include,appended,M00242,LYVE1 is used to identify/define the intravascular macrophage subset in the myeloid marker annotation.
DOI_10.1038_s41588-022-01243-4,A_exclude,intravascular macrophages,MAF,exclude,pass,include,appended,M00243,MAF is used to identify/define the intravascular macrophage subset in the myeloid marker annotation.
DOI_10.1038_s41588-022-01243-4,A_exclude,IR-fibro,CCL19,exclude,pass,include,appended,M00244,Fig. 2c explicitly labels the dot plot as IR-fibro marker genes; Methods state annotation by consensus marker genes.
DOI_10.1038_s41588-022-01243-4,A_exclude,IR-fibro,CCL21,exclude,pass,include,appended,M00245,Fig. 2c explicitly labels the dot plot as IR-fibro marker genes; Methods state annotation by consensus marker genes.
DOI_10.1038_s41588-022-01243-4,A_exclude,IR-fibro,CXCL12,exclude,pass,include,appended,M00246,Fig. 2c explicitly labels the dot plot as IR-fibro marker genes; Methods state annotation by consensus marker genes.
DOI_10.1038_s41588-022-01243-4,A_exclude,IR-fibro,CXCL13,exclude,pass,include,appended,M00247,Fig. 2c explicitly labels the dot plot as IR-fibro marker genes; Methods state annotation by consensus marker genes.
DOI_10.1038_s41588-022-01243-4,A_exclude,IR-fibro,FDCSP,exclude,pass,include,appended,M00248,Fig. 2c explicitly labels the dot plot as IR-fibro marker genes; Methods state annotation by consensus marker genes.
DOI_10.1038_s41588-022-01243-4,A_exclude,IR-fibro,GREM1,exclude,pass,include,appended,M00249,Fig. 2c explicitly labels the dot plot as IR-fibro marker genes; Methods state annotation by consensus marker genes.
DOI_10.1038_s41588-022-01243-4,A_exclude,IR-Ven-Peri,ABCC9,exclude,pass,include,appended,M00250,"ABCC9 is used to define IR-Ven-Peri in the marker gene dot plot of the smooth muscle/perivascular compartment, and Methods state annotation by marker genes."
DOI_10.1038_s41588-022-01243-4,A_exclude,IR-Ven-Peri,CCL19,exclude,pass,include,appended,M00251,CCL19 is explicitly called an IR-Ven-Peri marker in Fig. 3g legend; used to localize the cell type.
DOI_10.1038_s41588-022-01243-4,A_exclude,IR-Ven-Peri,CCL2,exclude,pass,include,appended,M00252,Fig. 3e legend describes the panel as a marker gene dot plot for IR-Ven-Peri; CCL2 is one of the displayed markers.
DOI_10.1038_s41588-022-01243-4,A_exclude,IR-Ven-Peri,CCL21,exclude,pass,include,appended,M00253,CCL21 is explicitly called an IR-Ven-Peri marker in Fig. 3g legend; used to localize the cell type.
DOI_10.1038_s41588-022-01243-4,A_exclude,IR-Ven-Peri,CSPG4,exclude,pass,include,appended,M00254,"CSPG4 is explicitly used as a negative marker ('not CSPG4') to define IR-Ven-Peri, consistent with the marker dot plot."
DOI_10.1038_s41588-022-01243-4,A_exclude,IR-Ven-Peri,CXCL12,exclude,pass,include,appended,M00255,Fig. 3e legend describes the panel as a marker gene dot plot for IR-Ven-Peri; CXCL12 is one of the displayed markers.
DOI_10.1038_s41588-022-01243-4,A_exclude,IR-Ven-Peri,ICAM1,exclude,pass,include,appended,M00256,"ICAM1 is used to define IR-Ven-Peri in the marker gene dot plot of the smooth muscle/perivascular compartment, and Methods state annotation by marker genes."
DOI_10.1038_s41588-022-01243-4,A_exclude,IR-Ven-Peri,VCAM1,exclude,pass,include,appended,M00257,Fig. 3e legend describes the panel as a marker gene dot plot for IR-Ven-Peri; VCAM1 is one of the displayed markers.
DOI_10.1038_s41588-022-01243-4,A_exclude,Macro-alv-MT,MT1F,exclude,pass,include,appended,M00258,MT1F is one of the metallothionein genes used to identify and name the Macro-alv-MT cluster.
DOI_10.1038_s41588-022-01243-4,A_exclude,Macro-alv-MT,MT1G,exclude,pass,include,appended,M00259,MT1G is one of the metallothionein genes used to identify and name the Macro-alv-MT cluster.
DOI_10.1038_s41588-022-01243-4,A_exclude,Macro-alv-MT,MT1X,exclude,pass,include,appended,M00260,MT1X is one of the metallothionein genes used to identify and name the Macro-alv-MT cluster.
DOI_10.1038_s41588-022-01243-4,A_exclude,Macro-CCL,CCL20,exclude,pass,include,appended,M00261,CCL20 is one of the chemokines used to define the Macro-CCL population; the cells were named based on these markers.
DOI_10.1038_s41588-022-01243-4,A_exclude,Macro-CCL,CCL4,exclude,pass,include,appended,M00262,CCL4 is one of the chemokines used to define the Macro-CCL population; the cells were named based on these markers.
DOI_10.1038_s41588-022-01243-4,A_exclude,Macro-CCL,CXCL8,exclude,pass,include,appended,M00263,CXCL8 is one of the chemokines used to define the Macro-CCL population; the cells were named based on these markers.
DOI_10.1038_s41588-022-01243-4,A_exclude,macro-intermediate,CD14,exclude,pass,include,appended,M00264,CD14 is explicitly used as the monocyte marker to define and name the macro-intermediate cluster.
DOI_10.1038_s41588-022-01243-4,A_exclude,myoepithelial cells,ACTA2,exclude,pass,include,appended,M00265,ACTA2 is explicitly presented as a smooth-muscle marker used to identify myoepithelial cells.
DOI_10.1038_s41588-022-01243-4,A_exclude,myoepithelial cells,CNN1,exclude,pass,include,appended,M00266,CNN1 is explicitly presented as a smooth-muscle marker used to identify myoepithelial cells.
DOI_10.1038_s41588-022-01243-4,A_exclude,myoepithelial cells,DES,exclude,pass,include,appended,M00267,DES is explicitly used as a negative marker ('DES negative') to distinguish myoepithelial cells from other muscle cells.
DOI_10.1038_s41588-022-01243-4,new_finding,myoepithelial cells,FHOD3,never_reported,pass,include,appended,M00268,FHOD3 is explicitly called a marker for myoepithelial cells and validated by smFISH.
DOI_10.1038_s41588-022-01243-4,A_exclude,myoepithelial cells,KRT14,exclude,pass,include,appended,M00269,KRT14 is explicitly presented as a basal-epithelial marker used to identify myoepithelial cells.
DOI_10.1038_s41588-022-01243-4,new_finding,myoepithelial cells,LAMA1,never_reported,pass,include,appended,M00270,LAMA1 is explicitly called a marker for myoepithelial cells in the same marker set as FHOD3.
DOI_10.1038_s41588-022-01243-4,new_finding,myoepithelial cells,NTRK2,never_reported,pass,include,appended,M00271,NTRK2 is explicitly called a marker for myoepithelial cells (nerve synapse signaling marker) and validated by smFISH.
DOI_10.1038_s41588-022-01243-4,new_finding,myoepithelial cells,PLD5,never_reported,pass,include,appended,M00272,PLD5 is explicitly called a marker for myoepithelial cells (nerve synapse signaling marker) and validated by smFISH.
DOI_10.1038_s41588-022-01243-4,A_exclude,myoepithelial cells,TAGLN,exclude,pass,include,appended,M00273,TAGLN is explicitly presented as a smooth-muscle marker used to identify myoepithelial cells.
DOI_10.1038_s41588-022-01243-4,A_exclude,myoepithelial cells,TP63,exclude,pass,include,appended,M00274,TP63 is explicitly presented as a basal-epithelial marker used to identify myoepithelial cells.
DOI_10.1038_s41588-022-01243-4,A_exclude,peribronchial fibroblasts (PB-fibro),COL15A1,exclude,pass,include,appended,M00275,COL15A1 is explicitly called a key protein marker for PB-fibro and shown as PB-fibro marker in Extended Data Fig. 4; used to identify/validate the PB-fibro population.
DOI_10.1038_s41588-022-01243-4,A_exclude,peribronchial fibroblasts (PB-fibro),ENTPD1,exclude,pass,include,appended,M00276,ENTPD1 is explicitly called a key protein marker for PB-fibro and shown as PB-fibro marker in Extended Data Fig. 4; used to identify/validate the PB-fibro population.
DOI_10.1038_s41588-022-01243-4,new_finding,perichondrial fibroblasts (PC-fibro),COL12A1,never_reported,pass,include,appended,M00277,COL12A1 is explicitly called a PC-fibro marker and used for HPA validation/localization of PC-fibro.
DOI_10.1038_s41588-022-01243-4,A_exclude,perineurial NAF,ITGA6,exclude,pass,include,appended,M00278,ITGA6 is explicitly listed with the cell type in the identification of the four new nerve-associated clusters; used for annotation of perineurial NAF.
DOI_10.1038_s41588-022-01243-4,new_finding,perineurial NAF,SLC22A3,never_reported,pass,include,appended,M00279,SLC22A3 is explicitly labeled as a perineurial NAF marker in Extended Data Fig. 5i.
DOI_10.1038_s41588-022-01243-4,A_exclude,perineurial NAF,SLC2A1,exclude,pass,include,appended,M00280,SLC2A1 is explicitly listed with the cell type in the identification of the four new nerve-associated clusters; used for annotation of perineurial NAF.
DOI_10.1038_s41588-022-01243-4,new_finding,perineurial NAF,SORBS1,never_reported,pass,include,appended,M00281,SORBS1 is explicitly labeled as a perineurial NAF marker in Extended Data Fig. 5i.
DOI_10.1038_s41588-022-01243-4,A_exclude,plasma cells,MZB1,exclude,pass,include,appended,M00282,"MZB1 is used as a plasma-cell marker in the HPA validation; Extended Data Fig. 9a shows B-lineage marker dot plot, and Methods state annotation by marker genes."
DOI_10.1038_s41588-022-01243-4,A_exclude,plasma cells,IGHA1,exclude,pass,include,appended,M00283,"IGHA1 is explicitly used to classify plasma cells into the IgA isotype, i.e. used as a marker for IgA plasma cells."
DOI_10.1038_s41588-022-01243-4,A_exclude,plasma cells,IGHA2,exclude,pass,include,appended,M00284,"IGHA2 is explicitly used to classify plasma cells into the IgA isotype, i.e. used as a marker for IgA plasma cells."
DOI_10.1038_s41588-022-01243-4,A_exclude,plasma cells,IGHD,exclude,pass,include,appended,M00285,"IGHD is explicitly used to classify plasma cells into the IgD isotype, i.e. used as a marker for IgD plasma cells."
DOI_10.1038_s41588-022-01243-4,A_exclude,plasma cells,IGHG1,exclude,pass,include,appended,M00286,"IGHG1 is explicitly used to classify plasma cells into the IgG/IgH isotype group, i.e. used as a marker for IgG plasma cells."
DOI_10.1038_s41588-022-01243-4,A_exclude,plasma cells,IGHG2,exclude,pass,include,appended,M00287,"IGHG2 is explicitly used to classify plasma cells into the IgG/IgH isotype group, i.e. used as a marker for IgG plasma cells."
DOI_10.1038_s41588-022-01243-4,A_exclude,plasma cells,IGHG3,exclude,pass,include,appended,M00288,"IGHG3 is explicitly used to classify plasma cells into the IgG/IgH isotype group, i.e. used as a marker for IgG plasma cells."
DOI_10.1038_s41588-022-01243-4,A_exclude,plasma cells,IGHG4,exclude,pass,include,appended,M00289,"IGHG4 is explicitly used to classify plasma cells into the IgG/IgH isotype group, i.e. used as a marker for IgG plasma cells."
DOI_10.1038_s41588-022-01243-4,A_exclude,plasma cells,IGHM,exclude,pass,include,appended,M00290,"IGHM is explicitly used to classify plasma cells into the IgM isotype, i.e. used as a marker for IgM plasma cells."
DOI_10.1038_s41588-022-01243-4,A_exclude,SMG duct cells,ALDH1A3,exclude,pass,include,appended,M00291,"ALDH1A3 was used in smFISH to distinguish SMG duct cells from other epithelial cells, i.e. used for identification."
DOI_10.1038_s41588-022-01243-4,A_exclude,SMG duct cells,MIA,exclude,pass,include,appended,M00292,"MIA was used in smFISH to distinguish SMG duct cells from other epithelial cells, i.e. used for identification."
DOI_10.1038_s41588-022-01243-4,A_exclude,SMG duct cells,RARRES1,exclude,pass,include,appended,M00293,"RARRES1 was used in smFISH to distinguish SMG duct cells from other epithelial cells, i.e. used for identification."
DOI_10.1038_s41588-022-01243-4,A_exclude,SMG serous cell,LPO,exclude,pass,include,appended,M00294,LPO is used as the positive marker in the LPO+RARRES1− definition of serous cells; also shown as SMG-serous marker in Fig. 4b.
DOI_10.1038_s41588-022-01243-4,A_exclude,SMG serous cell,RARRES1,exclude,pass,include,appended,M00295,"RARRES1 is explicitly used as a negative marker (RARRES1−) in the definition of serous cells, distinguishing them from duct cells."
DOI_10.1038_s41588-022-01243-4,A_exclude,SMG-mucous,MUC5B,exclude,pass,include,appended,M00296,MUC5B is explicitly used in smFISH as the marker for SMG mucous cells.
DOI_10.1038_s41588-022-01243-4,A_exclude,SMG-serous,LPO,exclude,pass,include,appended,M00297,LPO is explicitly used in smFISH as the marker for SMG serous cells.
DOI_10.1038_s41588-022-01243-4,A_exclude,venous endothelial cells,ACKR1,exclude,pass,include,appended,M00298,"ACKR1 is explicitly called the venous vessel/venous endothelial marker in Fig. 3g, used to identify venous endothelial cells."
DOI_10.1164_rccm.202207-1384oc,A_exclude,AT2,SFTPA1,exclude,pass,include,appended,M00299,SFTPA1 is explicitly called an AT2 marker.
DOI_10.1164_rccm.202207-1384oc,A_exclude,AT2,SFTPA2,exclude,pass,include,appended,M00300,SFTPA2 is explicitly called an AT2 marker.
DOI_10.1164_rccm.202207-1384oc,A_exclude,AT2,SFTPC,exclude,pass,include,appended,M00301,SFTPC is explicitly called an AT2 marker.
DOI_10.1164_rccm.202207-1384oc,A_exclude,Chondrocyte,SNORC,exclude,pass,include,appended,M00302,SNORC is listed in parentheses as the marker defining the chondrocyte cluster.
DOI_10.1164_rccm.202207-1384oc,A_exclude,En-v,ACKR1,exclude,pass,include,appended,M00303,ACKR1 is called a fenestrated endothelial marker and is used to describe cells within the En-v population.
DOI_10.1164_rccm.202207-1384oc,A_exclude,En-v,PLVAP,exclude,pass,include,appended,M00304,PLVAP is called a fenestrated endothelial marker and is used to describe cells within the En-v population.
DOI_10.1164_rccm.202207-1384oc,A_exclude,Fb3,ACTA2,exclude,pass,include,appended,M00305,ACTA2+ myofibroblasts are described as included in Fb3; ACTA2 is used as a marker for this subset.
DOI_10.1164_rccm.202207-1384oc,A_exclude,Fb3,COL1A1,exclude,pass,include,appended,M00306,COL1A1 is listed as a marker of the Fb3 matrix fibroblast population.
DOI_10.1164_rccm.202207-1384oc,A_exclude,Fb3,ELN,exclude,pass,include,appended,M00307,ELN is listed as a marker of the Fb3 matrix fibroblast population.
DOI_10.1164_rccm.202207-1384oc,A_exclude,IC,KRT6A,exclude,pass,include,appended,M00308,KRT6+ is used to identify the IC population in IFN-γ-treated ALI epithelia; KRT6A is the corresponding gene.
DOI_10.1164_rccm.202207-1384oc,A_exclude,IC,SERPINB3,exclude,pass,include,appended,M00309,SERPINB3 is explicitly used to define the IC population in the airway surface epithelial family.
DOI_10.1164_rccm.202207-1384oc,A_exclude,M1 macrophage,CCL3,exclude,pass,include,appended,M00310,CCL3 is listed as a marker of the inflammatory M1 macrophage population.
DOI_10.1164_rccm.202207-1384oc,A_exclude,M1 macrophage,SPP1,exclude,pass,include,appended,M00311,SPP1 is listed as a marker of the inflammatory M1 macrophage population.
DOI_10.1164_rccm.202207-1384oc,A_exclude,M2 macrophage,CCL18,exclude,pass,include,appended,M00312,CCL18 is listed as a marker of the noninflammatory M2 macrophage population.
DOI_10.1164_rccm.202207-1384oc,A_exclude,M2 macrophage,MSR1,exclude,pass,include,appended,M00313,MSR1 is listed as a marker of the noninflammatory M2 macrophage population.
DOI_10.1164_rccm.202207-1384oc,A_exclude,S1,SCGB3A1,exclude,pass,include,appended,M00314,SCGB3A1 is explicitly named a common S cell gene and used as a marker of S1 cells.
DOI_10.1164_rccm.202207-1384oc,A_exclude,SM1/SM2,ADIRF,exclude,pass,include,appended,M00315,ADIRF is explicitly called a vascular smooth-muscle marker used to characterize SM1/SM2.
DOI_10.1164_rccm.202207-1384oc,A_exclude,SM1/SM2,NOTCH3,exclude,pass,include,appended,M00316,NOTCH3 is explicitly called a vascular smooth-muscle marker used to characterize SM1/SM2.
DOI_10.1164_rccm.202207-1384oc,A_exclude,SM1/SM2,PDGFRB,exclude,pass,include,appended,M00317,PDGFRB is explicitly called a vascular smooth-muscle marker used to characterize SM1/SM2.
DOI_10.1164_rccm.202207-1384oc,A_exclude,SM3,CNN1,exclude,pass,include,appended,M00318,CNN1 is explicitly called an airway smooth-muscle marker used to characterize SM3.
DOI_10.1164_rccm.202207-1384oc,A_exclude,SM3,DES,exclude,pass,include,appended,M00319,DES is explicitly called an airway smooth-muscle marker used to characterize SM3.
DOI_10.1164_rccm.202207-1384oc,A_exclude,Squamous cell,KRT6A,exclude,pass,include,appended,M00320,KRT6A is explicitly listed as a marker of the squamous cell type emerging in ALI differentiation.
DOI_10.1164_rccm.202207-1384oc,A_exclude,Squamous cell,SPRR1B,exclude,pass,include,appended,M00321,SPRR1B is explicitly listed as a marker of the squamous cell type emerging in ALI differentiation.
DOI_10.1164_rccm.202207-1384oc,A_exclude,TASC,RNASE1,exclude,pass,include,appended,M00322,RNASE1 is explicitly named among TASC marker genes.
DOI_10.1164_rccm.202207-1384oc,A_exclude,TASC,SCGB3A2,exclude,pass,include,appended,M00323,SCGB3A2 is explicitly called a TASC marker and used for TASC identification.
DOI_10.1164_rccm.202207-1384oc,A_exclude,TASC,SFTA2,exclude,pass,include,appended,M00324,SFTA2 is explicitly named among TASC marker genes.
DOI_10.1164_rccm.202207-1384oc,A_exclude,TASC,SFTPA2,exclude,pass,include,appended,M00325,SFTPA2 is explicitly named among TASC marker genes.
DOI_10.1164_rccm.202207-1384oc,A_exclude,TASC,SFTPB,exclude,pass,include,appended,M00326,SFTPB is explicitly called a TASC marker and used for TASC identification.
DOI_10.1164_rccm.202207-1384oc,A_exclude,Tcn,CCR7,exclude,pass,include,appended,M00327,CCR7 is explicitly named a marker of central/naive T cells (Tcn).
DOI_10.1164_rccm.202207-1384oc,A_exclude,Tcn,IL7R,exclude,pass,include,appended,M00328,IL7R is explicitly named a marker of central/naive T cells (Tcn).
DOI_10.1164_rccm.202207-1384oc,A_exclude,terminal airway-enriched secretory cells (TASCs),SCGB3A2,exclude,fail_citation,include,appended,M00329,SCGB3A2 is used to define TASC identity in the abstract and Results; TASCs are an annotated cell type based on this marker.
DOI_10.1164_rccm.202207-1384oc,A_exclude,terminal airway-enriched secretory cells (TASCs),SFTPB,exclude,fail_citation,include,appended,M00330,SFTPB is used together with SCGB3A2 to define TASC identity and is repeatedly referred to as a TASC marker in Results.
DOI_10.1038_s41586-021-04345-x,A_exclude,basal 1,KHDRBS2,exclude,pass,include,appended,M00331,KHDRBS2 is explicitly presented as the marker of basal 1 and used in the annotation description.
DOI_10.1038_s41586-021-04345-x,A_exclude,Basal 1 KHDRBS2+,KHDRBS2,exclude,pass,include,appended,M00332,"KHDRBS2 is part of the cell type label, so it is used for annotation."
DOI_10.1038_s41586-021-04345-x,A_exclude,basal 2,DAPL1,exclude,pass,include,appended,M00333,DAPL1 is described as a high expression marker used to identify basal 2 cells.
DOI_10.1038_s41586-021-04345-x,A_exclude,basal 2,NOTCH1,exclude,pass,include,appended,M00334,NOTCH1 is described as a high expression marker used to identify basal 2 cells.
DOI_10.1038_s41586-021-04345-x,A_exclude,CD4 CCR4+ T cells,CCR4,exclude,pass,include,appended,M00335,"CCR4 is part of the annotation label for CD4 CCR4+ T cells, hence used for annotation."
DOI_10.1038_s41586-021-04345-x,A_exclude,CD4 CCR4+ T cells,CD4,exclude,pass,include,appended,M00336,"CD4 is part of the annotation label for CD4 CCR4+ T cells, so it is used to identify this cell population."
DOI_10.1038_s41586-021-04345-x,A_exclude,CD4+ CTLs,CD4,exclude,pass,include,appended,M00337,"CD4 is used in the cell type name/label for CD4+ CTLs / T CD4 CTL, hence used for annotation."
DOI_10.1038_s41586-021-04345-x,A_exclude,ciliated 1,OMG,exclude,pass,include,appended,M00338,OMG is explicitly listed as a marker for ciliated 1 cells in the annotation description.
DOI_10.1038_s41586-021-04345-x,A_exclude,ciliated 1,PIFO,exclude,pass,include,appended,M00339,PIFO is explicitly listed as a marker for ciliated 1 cells in the annotation description.
DOI_10.1038_s41586-021-04345-x,A_exclude,ciliated 2,CFAP54,exclude,pass,include,appended,M00340,CFAP54 is explicitly listed as a marker for ciliated 2 cells in the annotation description.
DOI_10.1038_s41586-021-04345-x,A_exclude,ciliated 2,DZIP1L,exclude,pass,include,appended,M00341,DZIP1L is explicitly listed as a marker for ciliated 2 cells in the annotation description.
DOI_10.1038_s41586-021-04345-x,A_exclude,club cells,SCGB1A1,exclude,pass,include,appended,M00342,SCGB1A1 is explicitly listed as a marker for club cells in the annotation description.
DOI_10.1038_s41586-021-04345-x,A_exclude,club cells,SCGB3A1,exclude,pass,include,appended,M00343,SCGB3A1 is explicitly listed as a marker for club cells in the annotation description.
DOI_10.1038_s41586-021-04345-x,A_exclude,cycling Hillock,KRT13,exclude,pass,include,appended,M00344,KRT13 is explicitly presented as a marker of cycling Hillock cells and used in their annotation.
DOI_10.1038_s41586-021-04345-x,A_exclude,cycling Hillock,KRT14,exclude,pass,include,appended,M00345,KRT14 is explicitly presented as a marker of cycling Hillock cells and used in their annotation.
DOI_10.1038_s41586-021-04345-x,A_exclude,cycling Hillock,KRT6A,exclude,pass,include,appended,M00346,KRT6A is explicitly presented as a marker of cycling Hillock cells and used in their annotation.
DOI_10.1038_s41586-021-04345-x,A_exclude,deuterosomal cells,CDC20,exclude,pass,include,appended,M00347,CDC20 is explicitly described as a marker of deuterosomal cells and used in their annotation.
DOI_10.1038_s41586-021-04345-x,A_exclude,deuterosomal cells,FOXN4,exclude,pass,include,appended,M00348,FOXN4 is explicitly described as a marker of deuterosomal cells and used in their annotation.
DOI_10.1038_s41586-021-04345-x,A_exclude,goblet 1,TFF1,exclude,pass,include,appended,M00349,TFF1 is used in the annotation label 'TFF1-hi goblet 1'.
DOI_10.1038_s41586-021-04345-x,A_exclude,goblet 2,BPIFA2,exclude,pass,include,appended,M00350,"BPIFA2 is used to name one of the goblet 2 populations, hence it is an annotation marker."
DOI_10.1038_s41586-021-04345-x,A_exclude,goblet 2,PLAU,exclude,pass,include,appended,M00351,"PLAU is used to name one of the goblet 2 populations, hence it is an annotation marker."
DOI_10.1038_s41586-021-04345-x,A_exclude,Goblet 2 BPIFA2+,BPIFA2,exclude,pass,include,appended,M00352,"BPIFA2 is part of the cell type label, so it is used for annotation."
DOI_10.1038_s41586-021-04345-x,A_exclude,Goblet 2 PLAU+,PLAU,exclude,pass,include,appended,M00353,"PLAU is part of the cell type label, so it is used for annotation."
DOI_10.1038_s41586-021-04345-x,A_exclude,goblet cells,MUC5AC,exclude,pass,include,appended,M00354,MUC5AC is described as a high expression marker used to identify goblet cells.
DOI_10.1038_s41586-021-04345-x,A_exclude,Hillock,KRT13,exclude,pass,include,appended,M00355,KRT13 is explicitly presented as a marker of Hillock cells and used in their annotation.
DOI_10.1038_s41586-021-04345-x,A_exclude,Hillock,KRT14,exclude,pass,include,appended,M00356,KRT14 is explicitly presented as a marker of Hillock cells and used in their annotation.
DOI_10.1038_s41586-021-04345-x,A_exclude,Hillock,KRT6A,exclude,pass,include,appended,M00357,KRT6A is explicitly presented as a marker of Hillock cells and used in their annotation.
DOI_10.1038_s41586-021-04345-x,A_exclude,Hillock precursor,KRT13,exclude,pass,include,appended,M00358,KRT13 is explicitly presented as a marker of Hillock precursor cells and used in their annotation.
DOI_10.1038_s41586-021-04345-x,A_exclude,Hillock precursor,KRT14,exclude,pass,include,appended,M00359,KRT14 is explicitly presented as a marker of Hillock precursor cells and used in their annotation.
DOI_10.1038_s41586-021-04345-x,A_exclude,Hillock precursor,KRT6A,exclude,pass,include,appended,M00360,KRT6A is explicitly presented as a marker of Hillock precursor cells and used in their annotation.
DOI_10.1038_s41586-021-04345-x,A_exclude,Hillock-like populations,KRT13,exclude,pass,include,appended,M00361,KRT13 is explicitly presented as a marker of Hillock-like populations and used to identify/annotate them.
DOI_10.1038_s41586-021-04345-x,A_exclude,Hillock-like populations,KRT14,exclude,pass,include,appended,M00362,KRT14 is explicitly presented as a marker of Hillock-like populations and used to identify/annotate them.
DOI_10.1038_s41586-021-04345-x,A_exclude,Hillock-like populations,KRT6A,exclude,pass,include,appended,M00363,KRT6A is explicitly presented as a marker of Hillock-like populations and used to identify/annotate them.
DOI_10.1038_s41586-021-04345-x,new_finding,IFN-stimulated PBMC subpopulations,BST2,never_reported,pass,include,appended,M00364,Gene is part of the IFN-stimulated signature used to annotate IFN-stimulated PBMC subpopulations.
DOI_10.1038_s41586-021-04345-x,new_finding,IFN-stimulated PBMC subpopulations,CMPK2,never_reported,pass,include,appended,M00365,Gene is part of the IFN-stimulated signature used to annotate IFN-stimulated PBMC subpopulations.
DOI_10.1038_s41586-021-04345-x,new_finding,IFN-stimulated PBMC subpopulations,EIF2AK2,never_reported,pass,include,appended,M00366,Gene is part of the IFN-stimulated signature used to annotate IFN-stimulated PBMC subpopulations.
DOI_10.1038_s41586-021-04345-x,new_finding,IFN-stimulated PBMC subpopulations,EPSTI1,never_reported,pass,include,appended,M00367,Gene is part of the IFN-stimulated signature used to annotate IFN-stimulated PBMC subpopulations.
DOI_10.1038_s41586-021-04345-x,new_finding,IFN-stimulated PBMC subpopulations,HERC5,never_reported,pass,include,appended,M00368,Gene is part of the IFN-stimulated signature used to annotate IFN-stimulated PBMC subpopulations.
DOI_10.1038_s41586-021-04345-x,new_finding,IFN-stimulated PBMC subpopulations,IFI35,never_reported,pass,include,appended,M00369,Gene is part of the IFN-stimulated signature used to annotate IFN-stimulated PBMC subpopulations.
DOI_10.1038_s41586-021-04345-x,new_finding,IFN-stimulated PBMC subpopulations,IFI44L,never_reported,pass,include,appended,M00370,Gene is part of the IFN-stimulated signature used to annotate IFN-stimulated PBMC subpopulations.
DOI_10.1038_s41586-021-04345-x,new_finding,IFN-stimulated PBMC subpopulations,IFI6,never_reported,pass,include,appended,M00371,Gene is part of the IFN-stimulated signature used to annotate IFN-stimulated PBMC subpopulations.
DOI_10.1038_s41586-021-04345-x,new_finding,IFN-stimulated PBMC subpopulations,IFIT3,never_reported,pass,include,appended,M00372,Gene is part of the IFN-stimulated signature used to annotate IFN-stimulated PBMC subpopulations.
DOI_10.1038_s41586-021-04345-x,new_finding,IFN-stimulated PBMC subpopulations,IRF7,never_reported,pass,include,appended,M00373,Gene is part of the IFN-stimulated signature used to annotate IFN-stimulated PBMC subpopulations.
DOI_10.1038_s41586-021-04345-x,new_finding,IFN-stimulated PBMC subpopulations,ISG15,never_reported,pass,include,appended,M00374,Gene is part of the IFN-stimulated signature used to annotate IFN-stimulated PBMC subpopulations.
DOI_10.1038_s41586-021-04345-x,new_finding,IFN-stimulated PBMC subpopulations,LY6E,never_reported,pass,include,appended,M00375,Gene is part of the IFN-stimulated signature used to annotate IFN-stimulated PBMC subpopulations.
DOI_10.1038_s41586-021-04345-x,new_finding,IFN-stimulated PBMC subpopulations,MX1,never_reported,pass,include,appended,M00376,Gene is part of the IFN-stimulated signature used to annotate IFN-stimulated PBMC subpopulations.
DOI_10.1038_s41586-021-04345-x,new_finding,IFN-stimulated PBMC subpopulations,MX2,never_reported,pass,include,appended,M00377,Gene is part of the IFN-stimulated signature used to annotate IFN-stimulated PBMC subpopulations.
DOI_10.1038_s41586-021-04345-x,new_finding,IFN-stimulated PBMC subpopulations,OAS1,never_reported,pass,include,appended,M00378,Gene is part of the IFN-stimulated signature used to annotate IFN-stimulated PBMC subpopulations.
DOI_10.1038_s41586-021-04345-x,new_finding,IFN-stimulated PBMC subpopulations,OAS2,never_reported,pass,include,appended,M00379,Gene is part of the IFN-stimulated signature used to annotate IFN-stimulated PBMC subpopulations.
DOI_10.1038_s41586-021-04345-x,new_finding,IFN-stimulated PBMC subpopulations,PARP9,never_reported,pass,include,appended,M00380,Gene is part of the IFN-stimulated signature used to annotate IFN-stimulated PBMC subpopulations.
DOI_10.1038_s41586-021-04345-x,new_finding,IFN-stimulated PBMC subpopulations,PLSCR1,never_reported,pass,include,appended,M00381,Gene is part of the IFN-stimulated signature used to annotate IFN-stimulated PBMC subpopulations.
DOI_10.1038_s41586-021-04345-x,new_finding,IFN-stimulated PBMC subpopulations,SAMD9,never_reported,pass,include,appended,M00382,Gene is part of the IFN-stimulated signature used to annotate IFN-stimulated PBMC subpopulations.
DOI_10.1038_s41586-021-04345-x,new_finding,IFN-stimulated PBMC subpopulations,SAMD9L,never_reported,pass,include,appended,M00383,Gene is part of the IFN-stimulated signature used to annotate IFN-stimulated PBMC subpopulations.
DOI_10.1038_s41586-021-04345-x,new_finding,IFN-stimulated PBMC subpopulations,SP110,never_reported,pass,include,appended,M00384,Gene is part of the IFN-stimulated signature used to annotate IFN-stimulated PBMC subpopulations.
DOI_10.1038_s41586-021-04345-x,new_finding,IFN-stimulated PBMC subpopulations,STAT1,never_reported,pass,include,appended,M00385,Gene is part of the IFN-stimulated signature used to annotate IFN-stimulated PBMC subpopulations.
DOI_10.1038_s41586-021-04345-x,new_finding,IFN-stimulated PBMC subpopulations,TRIM22,never_reported,pass,include,appended,M00386,Gene is part of the IFN-stimulated signature used to annotate IFN-stimulated PBMC subpopulations.
DOI_10.1038_s41586-021-04345-x,new_finding,IFN-stimulated PBMC subpopulations,UBE2L6,never_reported,pass,include,appended,M00387,Gene is part of the IFN-stimulated signature used to annotate IFN-stimulated PBMC subpopulations.
DOI_10.1038_s41586-021-04345-x,new_finding,IFN-stimulated PBMC subpopulations,XAF1,never_reported,pass,include,appended,M00388,Gene is part of the IFN-stimulated signature used to annotate IFN-stimulated PBMC subpopulations.
DOI_10.1038_s41586-021-04345-x,A_exclude,mono CXCL10+,CXCL10,exclude,pass,include,appended,M00389,CXCL10 is explicitly used as the marker giving the annotation label mono CXCL10+.
DOI_10.1038_s41586-021-04345-x,A_exclude,mono GPBAR1+,GPBAR1,exclude,pass,include,appended,M00390,GPBAR1 is explicitly used as the marker giving the annotation label mono GPBAR1+.
DOI_10.1038_s41586-021-04345-x,A_exclude,mono IL-6+,IL-6,exclude,pass,include,appended,M00391,IL6 is explicitly used as the marker giving the annotation label mono IL-6+.
DOI_10.1038_s41586-021-04345-x,A_exclude,Mono IL6+,IL6,exclude,pass,include,appended,M00392,"IL6 is part of the cell type label, so it is used for annotation."
DOI_10.1038_s41586-021-04345-x,A_exclude,secretory,GALNT4,exclude,pass,include,appended,M00393,GALNT4 is explicitly presented as the marker of a distinct secretory subtype and used for annotation.
DOI_10.1038_s41586-021-04345-x,A_exclude,Secretory GALNT4+,GALNT4,exclude,pass,include,appended,M00394,"GALNT4 is part of the cell type label, so it is used for annotation."
DOI_10.1038_s41586-021-04345-x,A_exclude,squamous cells,KRT78,exclude,pass,include,appended,M00395,KRT78 is explicitly listed as a marker for squamous cells in the annotation description.
DOI_10.1038_s41586-021-04345-x,A_exclude,squamous cells,SPRR3,exclude,pass,include,appended,M00396,SPRR3 is explicitly listed as a marker for squamous cells in the annotation description.
DOI_10.1038_s41586-021-04345-x,A_exclude,T CD4 CCR4+,CCR4,exclude,pass,include,appended,M00397,"CCR4 is part of the cell type label, so it is used for annotation."
DOI_10.1038_s41586-021-04345-x,A_exclude,Transit epi 1,FOXJ1,exclude,pass,include,appended,M00398,FOXJ1-low status is part of the defining feature used to annotate Transit epi 1 cells.
DOI_10.1038_s41586-021-04345-x,A_exclude,Transit epi 1,FP236383.2,exclude,fail_symbol,include,appended,M00399,FP236383.2 is explicitly named as a distinguishing marker for Transit epi 1 (and Transit epi 2).
DOI_10.1038_s41586-021-04345-x,A_exclude,Transit epi 1,FP671120.4,exclude,fail_symbol,include,appended,M00400,FP671120.4 is explicitly named as a distinguishing marker for Transit epi 1 (and Transit epi 2).
DOI_10.1038_s41586-021-04345-x,A_exclude,Transit epi 1,MUC2,exclude,pass,include,appended,M00401,MUC2 is explicitly used as a secretory gene whose co-expression defines Transit epi 1 cells.
DOI_10.1038_s41586-021-04345-x,A_exclude,Transit epi 1,PIFO,exclude,pass,include,appended,M00402,PIFO is explicitly used as a ciliated-cell marker whose co-expression defines Transit epi 1 cells.
DOI_10.1038_s41586-021-04345-x,A_exclude,Transit epi 2,FOXJ1,exclude,pass,include,appended,M00403,FOXJ1-low status is part of the defining feature used to annotate Transit epi 2 cells.
DOI_10.1038_s41586-021-04345-x,A_exclude,Transit epi 2,FP236383.2,exclude,fail_symbol,include,appended,M00404,FP236383.2 is explicitly named as a distinguishing marker for Transit epi 2 (and Transit epi 1).
DOI_10.1038_s41586-021-04345-x,A_exclude,Transit epi 2,FP671120.4,exclude,fail_symbol,include,appended,M00405,FP671120.4 is explicitly named as a distinguishing marker for Transit epi 2 (and Transit epi 1).
DOI_10.1038_s41586-021-04345-x,A_exclude,Transit epi 2,HIST1H1E,exclude,pass,include,appended,M00406,HIST1H1E is explicitly named as a distinguishing marker for Transit epi 2.
DOI_10.1038_s41586-021-04345-x,A_exclude,Transit epi 2,MUC2,exclude,pass,include,appended,M00407,MUC2 is explicitly used as a secretory gene whose co-expression defines Transit epi 2 cells.
DOI_10.1038_s41586-021-04345-x,A_exclude,Transit epi 2,PIFO,exclude,pass,include,appended,M00408,PIFO is explicitly used as a ciliated-cell marker whose co-expression defines Transit epi 2 cells.
DOI_10.1016_j.jcf.2025.01.016,A_exclude,Neutrophil-like cells,CSF3R,exclude,pass,include,appended,M00409,作者明确用高表达 CSF3R 定义 neutrophil-like cells 亚群，并据此检出/命名该细胞群，符合 Marker 身份与注释用途双重门槛。旧判定仅因不在任务目标细胞范围而排除，按新口径不构成排除理由。
DOI_10.1016_j.jcf.2025.01.016,A_exclude,Neutrophil-like cells,FCGR3B,exclude,pass,include,appended,M00410,作者明确用高表达 FCGR3B 定义 monocyte cluster 内的 neutrophil-like cells 亚群，并据此检出/命名该细胞群，符合 Marker 身份与注释用途双重门槛。旧判定仅因不在任务目标细胞范围而排除，按新口径不构成排除理由。
DOI_10.1016_j.cell.2022.11.005,A_exclude,adventitial fibroblast,PI16,exclude,pass,include,appended,M00411,PI16 is part of the adventitial fibroblast marker definition.
DOI_10.1016_j.cell.2022.11.005,A_exclude,adventitial fibroblast,SFRP2,exclude,pass,include,appended,M00412,SFRP2 is part of the adventitial fibroblast marker definition.
DOI_10.1016_j.cell.2022.11.005,A_exclude,adventitial fibroblasts,NDUF4AL2,exclude,pass,include,appended,M00413,NDUFA4L2 negativity is part of the adventitial fibroblast marker scheme.
DOI_10.1016_j.cell.2022.11.005,A_exclude,adventitial fibroblasts,NTRK3,exclude,pass,include,appended,M00414,NTRK3 is used as a positive adventitial fibroblast marker.
DOI_10.1016_j.cell.2022.11.005,A_exclude,aerocyte,CA4,exclude,pass,include,appended,M00415,CA4 is part of the aerocyte marker definition.
DOI_10.1016_j.cell.2022.11.005,A_exclude,aerocyte,S100A3,exclude,pass,include,appended,M00416,S100A3 is part of the aerocyte marker definition.
DOI_10.1016_j.cell.2022.11.005,A_exclude,aerocytes,CA4,exclude,pass,include,appended,M00417,CA4 is labeled as an aerocyte marker.
DOI_10.1016_j.cell.2022.11.005,A_exclude,aerocytes,S100A3,exclude,pass,include,appended,M00418,S100A3 is labeled as an aerocyte marker.
DOI_10.1016_j.cell.2022.11.005,A_exclude,airway fibroblast,AGTR2,exclude,pass,include,appended,M00419,AGTR2 is part of the airway fibroblast marker definition.
DOI_10.1016_j.cell.2022.11.005,A_exclude,airway fibroblast,S100A4,exclude,pass,include,appended,M00420,S100A4 is part of the airway fibroblast marker definition.
DOI_10.1016_j.cell.2022.11.005,A_exclude,airway progenitor,CLDN4,exclude,pass,include,appended,M00421,CLDN4 is explicitly called an airway-progenitor marker gene.
DOI_10.1016_j.cell.2022.11.005,A_exclude,airway progenitor,CYTL1,exclude,pass,include,appended,M00422,CYTL1 is explicitly called an airway-progenitor marker gene.
DOI_10.1016_j.cell.2022.11.005,A_exclude,airway progenitor,PCP4,exclude,pass,include,appended,M00423,PCP4 is part of the airway progenitor marker definition.
DOI_10.1016_j.cell.2022.11.005,A_exclude,airway progenitor,SCGB3A2,exclude,pass,include,appended,M00424,SCGB3A2 is explicitly called an airway-progenitor marker gene.
DOI_10.1016_j.cell.2022.11.005,A_exclude,airway progenitor cells,CYTL1,exclude,pass,include,appended,M00425,CYTL1 is used as a positive airway progenitor marker.
DOI_10.1016_j.cell.2022.11.005,A_exclude,airway progenitor cells,SCGB1A1,exclude,pass,include,appended,M00426,SCGB1A1 negativity is used to distinguish airway progenitor cells from club cells.
DOI_10.1016_j.cell.2022.11.005,A_exclude,airway progenitor cells,SCGB3A2,exclude,pass,include,appended,M00427,SCGB3A2 is used as a positive airway progenitor marker.
DOI_10.1016_j.cell.2022.11.005,A_exclude,airway progenitor cells,SOX9,exclude,pass,include,appended,M00428,SOX9 negativity is part of the airway progenitor marker scheme.
DOI_10.1016_j.cell.2022.11.005,new_finding,airway smooth muscle cell,ACTA2,never_reported,pass,include,appended,M00429,ACTA2 is used as an airway smooth muscle marker in spatial imaging.
DOI_10.1016_j.cell.2022.11.005,A_exclude,alveolar fibroblast,FGFR4,exclude,pass,include,appended,M00430,FGFR4 is part of the alveolar fibroblast marker definition.
DOI_10.1016_j.cell.2022.11.005,A_exclude,alveolar fibroblast,WNT2,exclude,pass,include,appended,M00431,WNT2 is part of the alveolar fibroblast marker definition.
DOI_10.1016_j.cell.2022.11.005,new_finding,APOA1+ APOA2+ contaminant cells,APOA1,never_reported,pass,include,appended,M00432,APOA1 is used to identify an organ-derived contaminant cluster.
DOI_10.1016_j.cell.2022.11.005,new_finding,APOA1+ APOA2+ contaminant cells,APOA2,never_reported,pass,include,appended,M00433,APOA2 is used to identify an organ-derived contaminant cluster.
DOI_10.1016_j.cell.2022.11.005,A_exclude,arterial endothelial cell,DKK2,exclude,pass,include,appended,M00434,DKK2 is part of the arterial EC marker definition.
DOI_10.1016_j.cell.2022.11.005,A_exclude,arterial endothelial cell,SSUH2,exclude,pass,include,appended,M00435,SSUH2 is part of the arterial EC marker definition.
DOI_10.1016_j.cell.2022.11.005,A_exclude,arterial endothelial cells,GJA5,exclude,pass,include,appended,M00436,GJA5 is labeled as an arterial endothelial cell marker.
DOI_10.1016_j.cell.2022.11.005,A_exclude,AT1 cell,MMP28,exclude,pass,include,appended,M00437,MMP28 is a labeled marker used to identify fetal AT1 cells in situ.
DOI_10.1016_j.cell.2022.11.005,A_exclude,AT1 cell,SFTPC,exclude,pass,include,appended,M00438,Absence of SFTPC is part of the AT1 marker definition.
DOI_10.1016_j.cell.2022.11.005,A_exclude,AT1 cell,SPOCK2,exclude,pass,include,appended,M00439,SPOCK2 is part of the AT1 cell marker definition.
DOI_10.1016_j.cell.2022.11.005,A_exclude,AT2 cell,ETV5,exclude,pass,include,appended,M00440,ETV5 is part of the AT2 cell marker definition.
DOI_10.1016_j.cell.2022.11.005,A_exclude,AT2 cell,NASPA,exclude,pass,include,appended,M00441,NAPSA is a formal AT2 marker; the paper's 'NASPA' spelling is resolved to NAPSA.
DOI_10.1016_j.cell.2022.11.005,A_exclude,AT2 cell,SFTPA,exclude,fail_symbol,include,appended,M00442,SFTPA1 is the specific gene shown as an AT2 marker; SFTPA is used as shorthand for SFTPA1 in the text.
DOI_10.1016_j.cell.2022.11.005,A_exclude,AT2 cell,SFTPC,exclude,pass,include,appended,M00443,SFTPC is explicitly called an AT2 marker.
DOI_10.1016_j.cell.2022.11.005,A_exclude,AT2 cell,SOX9,exclude,pass,include,appended,M00444,Absence of SOX9 is used to distinguish fetal AT2 cells from late-tip cells.
DOI_10.1016_j.cell.2022.11.005,A_exclude,basal cell,F3,exclude,pass,include,appended,M00445,F3 is part of the basal cell marker definition.
DOI_10.1016_j.cell.2022.11.005,A_exclude,basal cell,TP63,exclude,pass,include,appended,M00446,TP63 is part of the basal cell marker definition.
DOI_10.1016_j.cell.2022.11.005,A_exclude,basal cells,F3,exclude,pass,include,appended,M00447,F3 is used to mark proximal basal cells.
DOI_10.1016_j.cell.2022.11.005,A_exclude,basal cells,IGFBP3,exclude,pass,include,appended,M00448,IGFBP3 is used to mark proximal basal cells.
DOI_10.1016_j.cell.2022.11.005,A_exclude,basal cells,TP63,exclude,pass,include,appended,M00449,TP63 is used to mark proximal basal cells.
DOI_10.1016_j.cell.2022.11.005,A_exclude,capillary endothelium,CA4,exclude,pass,include,appended,M00450,CA4 is labeled as a capillary endothelium marker in this spatial panel.
DOI_10.1016_j.cell.2022.11.005,A_exclude,cardiomyocytes (contaminant),ACTN2,exclude,pass,include,appended,M00451,ACTN2 is used to identify contaminating cardiomyocytes.
DOI_10.1016_j.cell.2022.11.005,A_exclude,cardiomyocytes (contaminant),MYH6,exclude,pass,include,appended,M00452,MYH6 is used to identify contaminating cardiomyocytes.
DOI_10.1016_j.cell.2022.11.005,new_finding,chondrocyte,ASPN,never_reported,pass,include,appended,M00453,ASPN is used as a chondrocyte marker in spatial analysis.
DOI_10.1016_j.cell.2022.11.005,A_exclude,ciliated cell,ALOX15,exclude,pass,include,appended,M00454,ALOX15 is part of the ciliated cell marker definition.
DOI_10.1016_j.cell.2022.11.005,A_exclude,ciliated cell,FOXJ1,exclude,pass,include,appended,M00455,FOXJ1 is part of the ciliated cell marker definition.
DOI_10.1016_j.cell.2022.11.005,A_exclude,ciliated cells,FOXJ1,exclude,pass,include,appended,M00456,FOXJ1 is used as a ciliated cell marker.
DOI_10.1016_j.cell.2022.11.005,A_exclude,ciliated cells,SCGB3A2,exclude,pass,include,appended,M00457,SCGB3A2 negativity is used to identify ciliated cells.
DOI_10.1016_j.cell.2022.11.005,A_exclude,ciliated cells,MUC16,exclude,pass,include,appended,M00458,MUC16 is the defining marker of MUC16+ ciliated cells.
DOI_10.1016_j.cell.2022.11.005,A_exclude,club cell,MUC16,exclude,pass,include,appended,M00459,Absence of MUC16 is used in the club cell marker definition.
DOI_10.1016_j.cell.2022.11.005,A_exclude,club cell,SCGB1A1,exclude,pass,include,appended,M00460,SCGB1A1 is a positive marker used to define club cells.
DOI_10.1016_j.cell.2022.11.005,A_exclude,club cell,SCGB3A1,exclude,pass,include,appended,M00461,Absence of SCGB3A1 is used in the club cell marker definition.
DOI_10.1016_j.cell.2022.11.005,A_exclude,club cell,SCGB3A2,exclude,pass,include,appended,M00462,SCGB3A2 is part of the formal club cell marker set.
DOI_10.1016_j.cell.2022.11.005,A_exclude,club cell,SPDEF,exclude,pass,include,appended,M00463,Absence of SPDEF is part of the club cell definition.
DOI_10.1016_j.cell.2022.11.005,A_exclude,club cells,FMO2,exclude,pass,include,appended,M00464,FMO2 is labeled as a club/proximal secretory cell marker.
DOI_10.1016_j.cell.2022.11.005,A_exclude,club cells,NDUFA4L2,exclude,pass,include,appended,M00465,NDUFA4L2 is labeled as a club/proximal secretory cell marker.
DOI_10.1016_j.cell.2022.11.005,A_exclude,club cells,SCGB1A1,exclude,pass,include,appended,M00466,SCGB1A1 is used as a club cell marker in spatial imaging.
DOI_10.1016_j.cell.2022.11.005,A_exclude,club cells,SCGB3A2,exclude,pass,include,appended,M00467,SCGB3A2 is used as a club cell marker.
DOI_10.1016_j.cell.2022.11.005,A_exclude,cytotrophoblasts (contaminant),GSTA3,exclude,pass,include,appended,M00468,GSTA3 is used to identify contaminating cytotrophoblasts.
DOI_10.1016_j.cell.2022.11.005,A_exclude,cytotrophoblasts (contaminant),PAGE4,exclude,pass,include,appended,M00469,PAGE4 is used to identify contaminating cytotrophoblasts.
DOI_10.1016_j.cell.2022.11.005,A_exclude,deuterosomal cell,CDC20B,exclude,pass,include,appended,M00470,CDC20B is part of the deuterosomal cell marker definition.
DOI_10.1016_j.cell.2022.11.005,A_exclude,deuterosomal cell,FOXJ1,exclude,pass,include,appended,M00471,FOXJ1 is part of the deuterosomal cell marker definition.
DOI_10.1016_j.cell.2022.11.005,A_exclude,distal airway cell,SCGB3A2,exclude,pass,include,appended,M00472,SCGB3A2 is used to identify and isolate distal airway progenitor cells.
DOI_10.1016_j.cell.2022.11.005,A_exclude,early capillary endothelial cell,CD24,exclude,pass,include,appended,M00473,CD24 is part of the early capillary EC marker definition.
DOI_10.1016_j.cell.2022.11.005,A_exclude,early capillary endothelial cell,THY1,exclude,pass,include,appended,M00474,THY1 is part of the early capillary EC marker definition.
DOI_10.1016_j.cell.2022.11.005,A_exclude,early fibroblast,SFRP2,exclude,pass,include,appended,M00475,SFRP2 is part of the early fibroblast marker definition.
DOI_10.1016_j.cell.2022.11.005,A_exclude,early fibroblast,WNT2,exclude,pass,include,appended,M00476,WNT2 is part of the early fibroblast marker definition.
DOI_10.1016_j.cell.2022.11.005,A_exclude,endothelial cells,PECAM,exclude,pass,include,appended,M00477,PECAM/PECAM1 is labeled as a pan-endothelial marker.
DOI_10.1016_j.cell.2022.11.005,A_exclude,epithelial cells,E-cadherin,exclude,pass,include,appended,M00478,E-cadherin/CDH1 is labeled as an epithelial marker for spatial identification.
DOI_10.1016_j.cell.2022.11.005,A_exclude,esophagus epithelial cells (contaminant),SOX2,exclude,pass,include,appended,M00479,SOX2 is used to identify contaminating esophageal epithelial cells.
DOI_10.1016_j.cell.2022.11.005,A_exclude,esophagus epithelial cells (contaminant),TP63,exclude,pass,include,appended,M00480,TP63 is used to identify contaminating esophageal epithelial cells.
DOI_10.1016_j.cell.2022.11.005,A_exclude,esophagus epithelial cells (contaminant),TRH,exclude,pass,include,appended,M00481,TRH is used to identify contaminating esophageal epithelial cells.
DOI_10.1016_j.cell.2022.11.005,A_exclude,fetal AT1 cells,SFTPC,exclude,pass,include,appended,M00482,SFTPC negativity is part of the future AT1 cell marker definition.
DOI_10.1016_j.cell.2022.11.005,A_exclude,fetal AT1 cells,SPOCK2,exclude,pass,include,appended,M00483,SPOCK2 is used as a positive future AT1 cell marker.
DOI_10.1016_j.cell.2022.11.005,A_exclude,fetal AT2 cells,SFTPC,exclude,pass,include,appended,M00484,SFTPC is the positive marker used to define fetal AT2 cells.
DOI_10.1016_j.cell.2022.11.005,A_exclude,fetal AT2 cells,SOX9,exclude,pass,include,appended,M00485,SOX9 negativity is used to define fetal AT2 cells in this marker scheme.
DOI_10.1016_j.cell.2022.11.005,A_exclude,fetal AT2 cells,TPPP3,exclude,pass,include,appended,M00486,TPPP3 negativity is used to define fetal AT2 cells in this marker scheme.
DOI_10.1016_j.cell.2022.11.005,A_exclude,GRIA2+ arterial endothelial cell,GJA5,exclude,pass,include,appended,M00487,GJA5 is part of the GRIA2+ arterial EC definition.
DOI_10.1016_j.cell.2022.11.005,A_exclude,GRIA2+ arterial endothelial cell,GRIA2,exclude,pass,include,appended,M00488,GRIA2 is part of the GRIA2+ arterial EC definition.
DOI_10.1016_j.cell.2022.11.005,A_exclude,HMOX1+ erythroblast,HMOX1,exclude,pass,include,appended,M00489,HMOX1 defines the HMOX1+ erythroblast population.
DOI_10.1016_j.cell.2022.11.005,A_exclude,late-tip cells,SFTPC,exclude,pass,include,appended,M00490,SFTPC is used as a marker to identify late-tip cells in situ.
DOI_10.1016_j.cell.2022.11.005,A_exclude,lymphatic endothelial cell,PROX1,exclude,pass,include,appended,M00491,PROX1 is part of the lymphatic EC marker definition.
DOI_10.1016_j.cell.2022.11.005,A_exclude,lymphatic endothelial cell,STAB1,exclude,pass,include,appended,M00492,STAB1 is part of the lymphatic EC marker definition.
DOI_10.1016_j.cell.2022.11.005,A_exclude,lymphatic endothelial cell,UCP2,exclude,pass,include,appended,M00493,UCP2 low expression is part of the lymphatic EC marker definition.
DOI_10.1016_j.cell.2022.11.005,A_exclude,lymphatic endothelial cells,PROX1,exclude,pass,include,appended,M00494,PROX1 is labeled as a lymphatic endothelial cell marker.
DOI_10.1016_j.cell.2022.11.005,A_exclude,mid fibroblast,FGFR4,exclude,pass,include,appended,M00495,FGFR4 low expression is part of the mid fibroblast marker definition.
DOI_10.1016_j.cell.2022.11.005,A_exclude,mid fibroblast,WNT2,exclude,pass,include,appended,M00496,WNT2 is part of the mid fibroblast marker definition.
DOI_10.1016_j.cell.2022.11.005,A_exclude,MUC16+ ciliated cell,FOXJ1,exclude,pass,include,appended,M00497,FOXJ1 is part of the MUC16+ ciliated cell marker definition.
DOI_10.1016_j.cell.2022.11.005,A_exclude,MUC16+ ciliated cell,MUC16,exclude,pass,include,appended,M00498,MUC16 is part of the MUC16+ ciliated cell marker definition.
DOI_10.1016_j.cell.2022.11.005,A_exclude,MUC5AC+ ASCL1+ cell,ASCL1,exclude,pass,include,appended,M00499,ASCL1 is part of the definition of this cell population.
DOI_10.1016_j.cell.2022.11.005,A_exclude,MUC5AC+ ASCL1+ cell,MUC5AC,exclude,pass,include,appended,M00500,MUC5AC is part of the definition of this cell population.
DOI_10.1016_j.cell.2022.11.005,A_exclude,MUC5AC+/ASCL1+ progenitors,ASCL1,exclude,pass,include,appended,M00501,ASCL1 is part of the MUC5AC+/ASCL1+ progenitor definition.
DOI_10.1016_j.cell.2022.11.005,A_exclude,MUC5AC+/ASCL1+ progenitors,MUC5AC,exclude,pass,include,appended,M00502,MUC5AC is part of the MUC5AC+/ASCL1+ progenitor definition.
DOI_10.1016_j.cell.2022.11.005,A_exclude,multipotent progenitors,ID2,exclude,pass,include,appended,M00503,ID2 is presented as a defining marker of bud tip multipotent progenitors.
DOI_10.1016_j.cell.2022.11.005,A_exclude,multipotent progenitors,SOX9,exclude,pass,include,appended,M00504,Author explicitly defines bud tip multipotent progenitors by SOX9 positivity; used to identify the population.
DOI_10.1016_j.cell.2022.11.005,A_exclude,myofibroblast,CXCL14,exclude,pass,include,appended,M00505,CXCL14 is a positive marker used to define myofibroblasts.
DOI_10.1016_j.cell.2022.11.005,A_exclude,myofibroblast,KCNK17,exclude,pass,include,appended,M00506,KCNK17 is a positive marker used to define myofibroblasts.
DOI_10.1016_j.cell.2022.11.005,A_exclude,myofibroblast,CT45A3,exclude,pass,include,appended,M00507,CT45A3 is part of the myofibroblast 1 marker definition.
DOI_10.1016_j.cell.2022.11.005,A_exclude,myofibroblast,THBD,exclude,pass,include,appended,M00508,THBD low expression is part of the myofibroblast 1 marker definition.
DOI_10.1016_j.cell.2022.11.005,new_finding,myofibroblast,CT45A3,never_reported,pass,include,appended,M00509,CT45A3 is part of the myofibroblast 2 marker definition.
DOI_10.1016_j.cell.2022.11.005,new_finding,myofibroblast,CXCL14,never_reported,pass,include,appended,M00510,CXCL14 is part of the myofibroblast 2 marker definition.
DOI_10.1016_j.cell.2022.11.005,new_finding,myofibroblast,KCNK17,never_reported,pass,include,appended,M00511,KCNK17 is part of the myofibroblast 2 marker definition.
DOI_10.1016_j.cell.2022.11.005,new_finding,myofibroblast,NOTUM,never_reported,pass,include,appended,M00512,NOTUM is part of the myofibroblast 2 marker definition.
DOI_10.1016_j.cell.2022.11.005,A_exclude,myofibroblast,PDGFRA,exclude,pass,include,appended,M00513,PDGFRA is part of the myofibroblast 2 marker definition.
DOI_10.1016_j.cell.2022.11.005,new_finding,myofibroblast,CT45A3,never_reported,pass,include,appended,M00514,CT45A3 negativity is part of the myofibroblast 3 marker definition.
DOI_10.1016_j.cell.2022.11.005,new_finding,myofibroblast,CXCL14,never_reported,pass,include,appended,M00515,CXCL14 is part of the myofibroblast 3 marker definition.
DOI_10.1016_j.cell.2022.11.005,new_finding,myofibroblast,KCNK17,never_reported,pass,include,appended,M00516,KCNK17 is part of the myofibroblast 3 marker definition.
DOI_10.1016_j.cell.2022.11.005,new_finding,myofibroblast,THBD,never_reported,pass,include,appended,M00517,THBD negativity is part of the myofibroblast 3 marker definition.
DOI_10.1016_j.cell.2022.11.005,A_exclude,myofibroblast-1,ACTA2,exclude,pass,include,appended,M00518,ACTA2 is part of the myofibroblast-1 marker set.
DOI_10.1016_j.cell.2022.11.005,A_exclude,myofibroblast-1,PDGFRA,exclude,pass,include,appended,M00519,PDGFRA is part of the myofibroblast-1 marker set.
DOI_10.1016_j.cell.2022.11.005,A_exclude,myofibroblast-1,THBD,exclude,pass,include,appended,M00520,THBD weak expression is part of the myofibroblast-1 marker set.
DOI_10.1016_j.cell.2022.11.005,A_exclude,myofibroblast-2,ACTA2,exclude,pass,include,appended,M00521,ACTA2 is part of the myofibroblast-2 marker set.
DOI_10.1016_j.cell.2022.11.005,A_exclude,myofibroblast-2,PDGFRA,exclude,pass,include,appended,M00522,PDGFRA is part of the myofibroblast-2 marker set.
DOI_10.1016_j.cell.2022.11.005,A_exclude,myofibroblast-2,THBD,exclude,pass,include,appended,M00523,THBD high expression is part of the myofibroblast-2 marker set.
DOI_10.1016_j.cell.2022.11.005,A_exclude,myofibroblast-3,ACTA2,exclude,pass,include,appended,M00524,Absence of ACTA2 is used to distinguish myofibroblast-3.
DOI_10.1016_j.cell.2022.11.005,A_exclude,myofibroblast-3,PDGFRA,exclude,pass,include,appended,M00525,PDGFRA is a positive myofibroblast-3 marker.
DOI_10.1016_j.cell.2022.11.005,A_exclude,OMD+ endothelial cell,DKK2,exclude,pass,include,appended,M00526,DKK2 is part of the OMD+ EC marker definition.
DOI_10.1016_j.cell.2022.11.005,A_exclude,OMD+ endothelial cell,GJA5,exclude,pass,include,appended,M00527,GJA5 is part of the OMD+ EC marker definition.
DOI_10.1016_j.cell.2022.11.005,A_exclude,OMD+ endothelial cell,OMD,exclude,pass,include,appended,M00528,OMD is part of the OMD+ EC marker definition.
DOI_10.1016_j.cell.2022.11.005,A_exclude,OMD+ endothelial cell,PTGIS,exclude,pass,include,appended,M00529,PTGIS is part of the OMD+ EC marker definition.
DOI_10.1016_j.cell.2022.11.005,A_exclude,pericyte,FAM162B,exclude,pass,include,appended,M00530,FAM162B is the marker used to define pericytes.
DOI_10.1016_j.cell.2022.11.005,A_exclude,pericytes,FAM162B,exclude,pass,include,appended,M00531,FAM162B is labeled as a pericyte marker.
DOI_10.1016_j.cell.2022.11.005,A_exclude,proximal airway cell,SCGB3A2,exclude,pass,include,appended,M00532,SCGB3A2 is used to identify and isolate proximal airway progenitor cells.
DOI_10.1016_j.cell.2022.11.005,A_exclude,proximal secretory 1,MUC16,exclude,pass,include,appended,M00533,MUC16 is used in the spatial marker scheme to distinguish proximal secretory subtypes.
DOI_10.1016_j.cell.2022.11.005,A_exclude,proximal secretory 1,SCGB1A1,exclude,pass,include,appended,M00534,SCGB1A1 low expression is part of the proximal secretory 1 definition.
DOI_10.1016_j.cell.2022.11.005,A_exclude,proximal secretory 1,SCGB3A1,exclude,pass,include,appended,M00535,SCGB3A1 is a positive marker in the proximal secretory 1 definition.
DOI_10.1016_j.cell.2022.11.005,A_exclude,proximal secretory 1,SCGB3A2,exclude,pass,include,appended,M00536,SCGB3A2 is a positive marker in the proximal secretory 1 definition.
DOI_10.1016_j.cell.2022.11.005,A_exclude,proximal secretory 2,MUC16,exclude,pass,include,appended,M00537,MUC16 is used in the spatial marker scheme to distinguish proximal secretory subtypes.
DOI_10.1016_j.cell.2022.11.005,A_exclude,proximal secretory 2,SCGB1A1,exclude,pass,include,appended,M00538,SCGB1A1 is a positive marker in the proximal secretory 2 definition.
DOI_10.1016_j.cell.2022.11.005,A_exclude,proximal secretory 2,SCGB3A1,exclude,pass,include,appended,M00539,SCGB3A1 is a positive marker in the proximal secretory 2 definition.
DOI_10.1016_j.cell.2022.11.005,A_exclude,proximal secretory 2,SCGB3A2,exclude,pass,include,appended,M00540,SCGB3A2 is a positive marker in the proximal secretory 2 definition.
DOI_10.1016_j.cell.2022.11.005,A_exclude,proximal secretory 3,CYP2F1,exclude,pass,include,appended,M00541,CYP2F1 is a positive marker used to characterize proximal secretory 3.
DOI_10.1016_j.cell.2022.11.005,A_exclude,proximal secretory 3,KRT4,exclude,pass,include,appended,M00542,KRT4 is a positive marker used to characterize proximal secretory 3.
DOI_10.1016_j.cell.2022.11.005,A_exclude,proximal secretory 3,MUC16,exclude,pass,include,appended,M00543,MUC16 is used in the spatial marker scheme to distinguish proximal secretory subtypes.
DOI_10.1016_j.cell.2022.11.005,A_exclude,proximal secretory 3,MUC4,exclude,pass,include,appended,M00544,MUC4 is a positive marker used to characterize proximal secretory 3.
DOI_10.1016_j.cell.2022.11.005,A_exclude,proximal secretory 3,SCGB1A1,exclude,pass,include,appended,M00545,SCGB1A1 is a positive marker in the proximal secretory 3 definition.
DOI_10.1016_j.cell.2022.11.005,A_exclude,proximal secretory 3,SCGB3A1,exclude,pass,include,appended,M00546,SCGB3A1 is a positive marker in the proximal secretory 3 definition.
DOI_10.1016_j.cell.2022.11.005,A_exclude,proximal secretory 3,SCGB3A2,exclude,pass,include,appended,M00547,SCGB3A2 low/negative expression is part of the proximal secretory 3 definition.
DOI_10.1016_j.cell.2022.11.005,A_exclude,proximal secretory 3,SPDEF,exclude,pass,include,appended,M00548,Lack of SPDEF is used as a distinguishing feature of proximal secretory 3.
DOI_10.1016_j.cell.2022.11.005,A_exclude,proximal secretory progenitor,CYTL1,exclude,pass,include,appended,M00549,CYTL1 is a positive marker in the proximal secretory progenitor definition.
DOI_10.1016_j.cell.2022.11.005,A_exclude,proximal secretory progenitor,SCGB1A1,exclude,pass,include,appended,M00550,Absence of SCGB1A1 is used as a defining feature of proximal secretory progenitors.
DOI_10.1016_j.cell.2022.11.005,A_exclude,proximal secretory progenitor,SCGB3A1,exclude,pass,include,appended,M00551,SCGB3A1 low/negative expression is used to define proximal secretory progenitors.
DOI_10.1016_j.cell.2022.11.005,A_exclude,proximal secretory progenitor,SCGB3A2,exclude,pass,include,appended,M00552,SCGB3A2 is part of the formal definition of proximal secretory progenitors.
DOI_10.1016_j.cell.2022.11.005,A_exclude,putative ionocyte,FOXI1,exclude,pass,include,appended,M00553,FOXI1 is used to identify putative ionocytes.
DOI_10.1016_j.cell.2022.11.005,A_exclude,putative ionocytes,FOXI1,exclude,pass,include,appended,M00554,FOXI1 is labeled as a rare cell type marker for putative ionocytes.
DOI_10.1016_j.cell.2022.11.005,A_exclude,putative tuft cell,POU2F3,exclude,pass,include,appended,M00555,POU2F3 is used to identify putative tuft cells.
DOI_10.1016_j.cell.2022.11.005,A_exclude,SCG3+ lymphatic endothelial cell,PROX1,exclude,pass,include,appended,M00556,PROX1 is part of the SCG3+ lymphatic EC marker definition.
DOI_10.1016_j.cell.2022.11.005,A_exclude,SCG3+ lymphatic endothelial cell,SCG3,exclude,pass,include,appended,M00557,SCG3 is the defining marker of SCG3+ lymphatic ECs.
DOI_10.1016_j.cell.2022.11.005,A_exclude,secretory cells,FOXJ1,exclude,pass,include,appended,M00558,FOXJ1 negativity is used to distinguish secretory cells from ciliated cells.
DOI_10.1016_j.cell.2022.11.005,A_exclude,secretory cells,SCGB3A2,exclude,pass,include,appended,M00559,SCGB3A2 is used as a positive secretory cell marker.
DOI_10.1016_j.cell.2022.11.005,A_exclude,SMG secretory cell,LTF,exclude,pass,include,appended,M00560,LTF is a positive marker in the SMG secretory cell definition.
DOI_10.1016_j.cell.2022.11.005,A_exclude,SMG secretory cell,SCGB3A1,exclude,pass,include,appended,M00561,SCGB3A1 is a positive marker in the SMG secretory cell definition.
DOI_10.1016_j.cell.2022.11.005,A_exclude,SMG secretory cell,SPDEF,exclude,pass,include,appended,M00562,SPDEF is a positive marker in the SMG secretory cell definition.
DOI_10.1016_j.cell.2022.11.005,A_exclude,stalk cell,AGER,exclude,pass,include,appended,M00563,AGER is described as a marker acquired by late-stalk cells.
DOI_10.1016_j.cell.2022.11.005,A_exclude,stalk cell,HOPX,exclude,pass,include,appended,M00564,HOPX is used in the stalk-cell expression definition.
DOI_10.1016_j.cell.2022.11.005,A_exclude,stalk cell,PDPN,exclude,pass,include,appended,M00565,"PDPN is used as a stalk-cell marker, including in the stalk-cell definition."
DOI_10.1016_j.cell.2022.11.005,A_exclude,stalk cell,SOX9,exclude,pass,include,appended,M00566,SOX9 low/negative expression is used in the definition of stalk cells.
DOI_10.1016_j.cell.2022.11.005,A_exclude,stalk epithelial cells,PDPN,exclude,pass,include,appended,M00567,PDPN is labeled as a stalk epithelial cell marker.
DOI_10.1016_j.cell.2022.11.005,A_exclude,submucosal gland cells,LTF,exclude,pass,include,appended,M00568,LTF is used as a submucosal gland cell marker.
DOI_10.1016_j.cell.2022.11.005,A_exclude,submucosal gland cells,SCGB3A1,exclude,pass,include,appended,M00569,SCGB3A1 is part of the submucosal gland cell marker set.
DOI_10.1016_j.cell.2022.11.005,A_exclude,submucosal gland cells,SCGB3A2,exclude,pass,include,appended,M00570,SCGB3A2 negativity is part of the submucosal gland cell marker set.
DOI_10.1016_j.cell.2022.11.005,A_exclude,tip cell,ETV5,exclude,pass,include,appended,M00571,ETV5 is explicitly declared a tip-specific marker used to define tip cells.
DOI_10.1016_j.cell.2022.11.005,A_exclude,tip cell,FOXP2,exclude,pass,include,appended,M00572,FOXP2 is explicitly called a tip marker.
DOI_10.1016_j.cell.2022.11.005,A_exclude,tip cell,SOX9,exclude,pass,include,appended,M00573,SOX9 is explicitly declared a tip-specific marker used to define tip cells.
DOI_10.1016_j.cell.2022.11.005,A_exclude,tip cell,STC1,exclude,pass,include,appended,M00574,STC1 is explicitly declared a tip-specific marker used to define tip cells.
DOI_10.1016_j.cell.2022.11.005,A_exclude,tip cell,TESC,exclude,pass,include,appended,M00575,TESC is explicitly declared a tip-specific marker used to define tip cells.
DOI_10.1016_j.cell.2022.11.005,A_exclude,tip cell,TPPP3,exclude,pass,include,appended,M00576,TPPP3 is explicitly declared a tip-specific marker used to define tip cells.
DOI_10.1016_j.cell.2022.11.005,A_exclude,tip cell,SFTPC,exclude,pass,include,appended,M00577,SFTPC is used together with SOX9 and TPPP3 to define late-tip cells.
DOI_10.1016_j.cell.2022.11.005,A_exclude,tip epithelial cells,CD36,exclude,pass,include,appended,M00578,CD36 is labeled as a tip epithelial cell marker.
DOI_10.1016_j.cell.2022.11.005,A_exclude,tip epithelial cells,SFTPC,exclude,pass,include,appended,M00579,SFTPC is used as a tip epithelial cell marker in spatial imaging.
DOI_10.1016_j.cell.2022.11.005,A_exclude,tip epithelial progenitors,SFTPC,exclude,pass,include,appended,M00580,SFTPC is part of the tip epithelial progenitor marker set.
DOI_10.1016_j.cell.2022.11.005,A_exclude,tip epithelial progenitors,SOX9,exclude,pass,include,appended,M00581,SOX9 is part of the tip epithelial progenitor marker set.
DOI_10.1016_j.cell.2022.11.005,A_exclude,tip epithelial progenitors,TPPP3,exclude,pass,include,appended,M00582,TPPP3 is part of the tip epithelial progenitor marker set.
DOI_10.1016_j.cell.2022.11.005,new_finding,tip epithelium,CD44,never_reported,pass,include,appended,M00583,CD44 is explicitly labeled as a tip epithelium marker in spatial imaging.
DOI_10.1016_j.cell.2022.11.005,A_exclude,tuft cells,POU2F3,exclude,pass,include,appended,M00584,POU2F3 is labeled as a rare cell type marker for tuft cells.
DOI_10.1016_j.cell.2022.11.005,A_exclude,vascular smooth muscle cell,NTN4,exclude,pass,include,appended,M00585,NTN4 is part of the vSMC1 marker definition.
DOI_10.1016_j.cell.2022.11.005,A_exclude,vascular smooth muscle cell,NTRK3,exclude,pass,include,appended,M00586,NTRK3 is part of the vSMC1 marker definition.
DOI_10.1016_j.cell.2022.11.005,A_exclude,vascular smooth muscle cell,PLN,exclude,pass,include,appended,M00587,Absence of PLN is part of the vSMC1 marker definition.
DOI_10.1016_j.cell.2022.11.005,new_finding,vascular smooth muscle cell,NTN4,never_reported,pass,include,appended,M00588,NTN4 is part of the vSMC2 marker definition.
DOI_10.1016_j.cell.2022.11.005,new_finding,vascular smooth muscle cell,NTRK3,never_reported,pass,include,appended,M00589,NTRK3 is part of the vSMC2 marker definition.
DOI_10.1016_j.cell.2022.11.005,new_finding,vascular smooth muscle cell,PLN,never_reported,pass,include,appended,M00590,PLN positivity is part of the vSMC2 marker definition.
DOI_10.1016_j.cell.2022.11.005,new_finding,vascular smooth muscle cells,NDUF4AL2,never_reported,pass,include,appended,M00591,NDUFA4L2 is used as a positive vascular smooth muscle cell marker in spatial imaging.
DOI_10.1016_j.cell.2022.11.005,A_exclude,vascular smooth muscle cells,NTN4,exclude,pass,include,appended,M00592,NTN4 is used to mark vSMC1 in spatial imaging.
DOI_10.1016_j.cell.2022.11.005,A_exclude,vascular smooth muscle cells,PLN,exclude,pass,include,appended,M00593,PLN negativity is used to mark vSMC1.
DOI_10.1016_j.cell.2022.11.005,A_exclude,venous endothelial cell,ACKR3,exclude,pass,include,appended,M00594,ACKR3 is part of the venous EC marker definition.
DOI_10.1016_j.cell.2022.11.005,A_exclude,venous endothelial cell,HDAC9,exclude,pass,include,appended,M00595,HDAC9 is part of the venous EC marker definition.
DOI_10.1016_j.cell.2022.11.005,A_exclude,venous endothelial cell,PVLAP,exclude,pass,include,appended,M00596,PLVAP is the standard symbol for the venous EC marker written as PVLAP.
DOI_10.1016_j.cell.2022.11.005,A_exclude,venous endothelial cells,ACKR3,exclude,pass,include,appended,M00597,ACKR3 is labeled as a venous endothelial cell marker.
DOI_10.1016_j.healun.2026.02.1666,A_exclude,endothelial cell,VE-Cadherin,exclude,pass,include,appended,M00598,"VE-Cadherin (CDH5) is used to define VE-Cadherin+ cells as the endothelial cell population in immunofluorescence and to assess endothelial injury, satisfying marker identity and identification/classif"
DOI_10.1016_j.healun.2026.02.1666,A_exclude,myofibroblast,ACTA2,exclude,pass,include,appended,M00599,Author explicitly labels ACTA2 as a myofibroblast marker and uses myofibroblast marker gene signatures to classify/score the myofibroblast state in fibroblast and VSM cells; the previous scope-based e
DOI_10.1016_j.healun.2026.02.1666,A_exclude,myofibroblast,TAGLN,exclude,pass,include,appended,M00600,TAGLN is explicitly presented as a myofibroblast marker and participates in the same myofibroblast-state scoring/classification as ACTA2; the previous scope-based exclusion is not valid under the curr
DOI_10.1038_s44318-024-00328-6,A_exclude,Alveolar type 1 cell (AT1),AGER,exclude,pass,include,appended,M00601,AGER is explicitly designated an AT1 fate/lineage marker and used to identify AT1-like cells.
DOI_10.1038_s44318-024-00328-6,A_exclude,Alveolar type 1 cell (AT1),AQP5,exclude,pass,include,appended,M00602,AQP5 is explicitly designated an AT1 fate marker and used to identify AT1-like differentiated cells.
DOI_10.1038_s44318-024-00328-6,A_exclude,Alveolar type 1 cell (AT1),CAV1,exclude,pass,include,appended,M00603,CAV1 is explicitly designated an AT1 fate/lineage marker and used to identify AT1-like cells in vitro and in PCLS explants.
DOI_10.1038_s44318-024-00328-6,A_exclude,Alveolar type 2 (AT2) cells,ABCA3,exclude,pass,include,appended,M00604,ABCA3 is explicitly designated a surfactant production-associated AT2 marker and confirmed as an AT2 lineage marker by RT-qPCR (Fig.EV1E).
DOI_10.1038_s44318-024-00328-6,A_exclude,Alveolar type 2 (AT2) cells,E-cadherin,exclude,pass,include,appended,M00605,E-cadherin is explicitly listed as a typical AT2 marker used to identify fdAT2 organoid cells as AT2; normalized to the gene symbol CDH1.
DOI_10.1038_s44318-024-00328-6,A_exclude,Alveolar type 2 (AT2) cells,HOPX,exclude,pass,include,appended,M00606,HOPX is explicitly designated a typical AT2 lineage marker used to identify AT2 cells.
DOI_10.1038_s44318-024-00328-6,A_exclude,Alveolar type 2 (AT2) cells,LAMP3,exclude,pass,include,appended,M00607,LAMP3 is explicitly designated a surfactant production-associated AT2 marker and validated as an AT2 lineage marker by RT-qPCR (Fig.EV1E).
DOI_10.1038_s44318-024-00328-6,A_exclude,Alveolar type 2 (AT2) cells,NAPSA,exclude,pass,include,appended,M00608,NAPSA is explicitly presented as a surfactant production-associated AT2 marker and shown as an AT2 lineage marker in Fig.1J UMAP.
DOI_10.1038_s44318-024-00328-6,A_exclude,Alveolar type 2 (AT2) cells,SFTPB,exclude,pass,include,appended,M00609,"SFTPB is explicitly labeled a surfactant production-associated marker and AT2 lineage marker (Fig.1J UMAP), used to characterize/identify AT2 cells."
DOI_10.1038_s44318-024-00328-6,A_exclude,Alveolar type 2 (AT2) cells,SFTPC,exclude,pass,include,appended,M00610,SFTPC is explicitly presented as an AT2/mature AT2 marker and used to identify fdAT2 organoid cells as AT2; Fig.1J UMAP shows SFTPC as an AT2 lineage marker supporting scRNA-seq manual annotation (Met
DOI_10.1038_s44318-024-00328-6,A_exclude,Alveolar type 2 cell (AT2),SFTPC,exclude,pass,include,appended,M00611,SFTPC is explicitly called a canonical AT2 marker and is used to classify cells as AT2-like in the scRNA-seq analysis.
DOI_10.1038_s44318-024-00328-6,A_exclude,AT2-like (fdAT2 organoid cells),ABCA3,exclude,pass,include,appended,M00612,ABCA3 is explicitly an AT2-associated marker and confirmed as an AT2 lineage marker in Fig.EV1E.
DOI_10.1038_s44318-024-00328-6,A_exclude,AT2-like (fdAT2 organoid cells),E-cadherin,exclude,pass,include,appended,M00613,E-cadherin is explicitly called a typical AT2 marker; normalized to CDH1.
DOI_10.1038_s44318-024-00328-6,new_finding,AT2-like (fdAT2 organoid cells),CEACAM6,never_reported,pass,include,appended,M00614,CEACAM6 is explicitly listed as an AT2 lineage marker in the UMAP feature plots used for cluster annotation.
DOI_10.1038_s44318-024-00328-6,A_exclude,AT2-like (fdAT2 organoid cells),CXCL1,exclude,pass,include,appended,M00615,CXCL1 is shown on a UMAP plot and is the defining chemokine for the CXCL+ AT2-like subpopulation; the cluster is named after CXCL expression.
DOI_10.1038_s44318-024-00328-6,A_exclude,AT2-like (fdAT2 organoid cells),HOPX,exclude,pass,include,appended,M00616,HOPX is explicitly designated a typical AT2 marker and shown as an AT2 lineage marker in Fig.EV2B.
DOI_10.1038_s44318-024-00328-6,A_exclude,AT2-like (fdAT2 organoid cells),LAMP3,exclude,pass,include,appended,M00617,LAMP3 is explicitly an AT2-associated marker used to characterize/identify AT2-like organoid cells.
DOI_10.1038_s44318-024-00328-6,new_finding,AT2-like (fdAT2 organoid cells),LPCAT1,never_reported,pass,include,appended,M00618,LPCAT1 is explicitly listed as an AT2 lineage marker in the UMAP feature plots used for cluster annotation.
DOI_10.1038_s44318-024-00328-6,A_exclude,AT2-like (fdAT2 organoid cells),NASPA,exclude,pass,include,appended,M00619,"'NASPA' in the figure legend is a typo for NAPSA (Napsin-A), a canonical AT2 lineage marker shown on the UMAP plot."
DOI_10.1038_s44318-024-00328-6,new_finding,AT2-like (fdAT2 organoid cells),NKX2-1,never_reported,pass,include,appended,M00620,"NKX2-1 is explicitly designated an AT2 lineage marker in Fig.EV2B and Fig.EV1E; scRNA-seq clusters were manually annotated based on marker gene expression, supporting AT2 cluster identification."
DOI_10.1038_s44318-024-00328-6,A_exclude,AT2-like (fdAT2 organoid cells),SFTPA1,exclude,pass,include,appended,M00621,SFTPA1 is shown as an AT2 lineage marker on UMAP plots used for AT2-like cluster annotation.
DOI_10.1038_s44318-024-00328-6,A_exclude,AT2-like (fdAT2 organoid cells),SFTPB,exclude,pass,include,appended,M00622,SFTPB is shown as an AT2 lineage marker on UMAP plots supporting AT2-like cluster annotation.
DOI_10.1038_s44318-024-00328-6,A_exclude,AT2-like (fdAT2 organoid cells),SFTPC,exclude,pass,include,appended,M00623,SFTPC is shown as an AT2 lineage marker on UMAP plots used for scRNA-seq manual annotation of AT2-like clusters.
DOI_10.1038_s44318-024-00328-6,new_finding,AT2-like (fdAT2 organoid cells),SLC34A2,never_reported,pass,include,appended,M00624,SLC34A2 is explicitly listed as an AT2 lineage marker in the UMAP feature plots used for cluster annotation.
DOI_10.1038_s44318-024-00328-6,new_finding,CXCL+ AT2-like cells,CXCL2,never_reported,pass,include,appended,M00625,CXCL2 is a CXC chemokine ligand shown on UMAP and is part of the chemokine signature used to name the CXCL+ AT2-like cluster.
DOI_10.1038_s44318-024-00328-6,new_finding,CXCL+ AT2-like cells,CXCL3,never_reported,pass,include,appended,M00626,CXCL3 is a CXC chemokine ligand shown on UMAP and contributes to the chemokine signature used to name the CXCL+ AT2-like cluster.
DOI_10.1038_s44318-024-00328-6,A_exclude,EpCAM+ epithelial cells,EpCAM,exclude,pass,include,appended,M00627,EpCAM is used to isolate and name 'EpCAM+ epithelial cells'; the population is defined/classified by EpCAM positivity.
DOI_10.1038_s44318-024-00328-6,A_exclude,fdAT2 organoids (alveolar type 2-like),SFTPC,exclude,pass,include,appended,M00628,fdAT2 organoids are defined/identified by SFTPC-GFP expression; SFTPC is the canonical AT2 marker used throughout the study to identify AT2-like organoid cells.
DOI_10.1038_s44318-024-00328-6,A_exclude,Fetal tip progenitor,SOX9,exclude,pass,include,appended,M00629,SOX9 is explicitly declared a fetal tip progenitor marker and used to define tip progenitor identity (its absence helps confirm AT2 differentiation).
DOI_10.1038_s44318-024-00328-6,A_exclude,proximal airway cells,SCGB3A2,exclude,pass,include,appended,M00630,"SCGB3A2-GFP is used to select and identify proximal airway (progenitor) cells, and the population is named 'SCGB3A2+ airway progenitors'."
DOI_10.1038_s44318-024-00328-6,A_exclude,tip progenitor cells,SFTPC,exclude,pass,include,appended,M00631,SFTPC promoter-driven GFP is used to select and identify tip progenitor cells that are AT2-committed; SFTPC thus serves as a marker for identification of this population.
DOI_10.1126_sciimmunol.adf9988,A_exclude,airway progenitors,SOX2,exclude,pass,include,appended,M00632,SOX2 阳性用于定义/识别 airway progenitors。
DOI_10.1126_sciimmunol.adf9988,A_exclude,airway progenitors,SOX9,exclude,pass,include,appended,M00633,SOX9 阴性用于定义/识别 airway progenitors 这一分化状态。
DOI_10.1126_sciimmunol.adf9988,A_exclude,B cells,CD5,exclude,pass,include,appended,M00634,CD5 用于区分 mature B 细胞亚群（CD5- 与 CD5+）。
DOI_10.1126_sciimmunol.adf9988,A_exclude,B cells,IGHM,exclude,pass,include,appended,M00635,IGHMhi 为 immature B 定义组合中的阳性 marker。
DOI_10.1126_sciimmunol.adf9988,A_exclude,B cells,IGLL1,exclude,pass,include,appended,M00636,作者明确将 IGLL1 称为 surrogate light chain 的 marker，并用于描述/识别 late pre-B 细胞。
DOI_10.1126_sciimmunol.adf9988,A_exclude,B cells,MKI67,exclude,pass,include,appended,M00637,MKI67 阴性用于定义 late pro-B 细胞亚群。
DOI_10.1126_sciimmunol.adf9988,A_exclude,B cells,NEIL1,exclude,pass,include,appended,M00638,NEIL1 阳性用于定义 late pro-B 细胞亚群。
DOI_10.1126_sciimmunol.adf9988,A_exclude,B cells,EBF1,exclude,pass,include,appended,M00639,EBF1 为 pre-pro-B 定义组合中的阳性 marker。
DOI_10.1126_sciimmunol.adf9988,A_exclude,B cells,IL7R,exclude,pass,include,appended,M00640,作者将 IL7R 称为 B cell marker，并描述其在 pre-pro-B 阶段开始获得，属于 B 细胞发育分期 marker。
DOI_10.1126_sciimmunol.adf9988,A_exclude,B cells,SPINK2,exclude,pass,include,appended,M00641,SPINK2 为 pre-pro-B 定义组合中的阳性 marker。
DOI_10.1126_sciimmunol.adf9988,A_exclude,B cells,VPREB1,exclude,pass,include,appended,M00642,VPREB1 为 pre-pro-B 定义组合中的阳性 marker。
DOI_10.1126_sciimmunol.adf9988,A_exclude,B cells,DNTT,exclude,pass,include,appended,M00643,DNTT 为 pro-B 细胞的定义 marker。
DOI_10.1126_sciimmunol.adf9988,A_exclude,B cells,MS4A1,exclude,pass,include,appended,M00644,MS4A1 阳性用于定义 pro-B/pre-B transition 细胞群。
DOI_10.1126_sciimmunol.adf9988,A_exclude,B cells,RAG1,exclude,pass,include,appended,M00645,RAG1 阳性用于定义 pro-B/pre-B transition 细胞群。
DOI_10.1126_sciimmunol.adf9988,A_exclude,B cells,BEST3,exclude,pass,include,appended,M00646,BEST3 与 RAG1 共同用于 RNAscope 识别 small pre-B 细胞。
DOI_10.1126_sciimmunol.adf9988,A_exclude,B cells,SPIB,exclude,pass,include,appended,M00647,SPIB 为 small pre-B 定义组合中的阳性 marker。
DOI_10.1126_sciimmunol.adf9988,A_exclude,B cells,IGKC,exclude,pass,include,appended,M00648,IGKC 阳性用于区分表达 kappa 轻链的 small pre-B 亚群。
DOI_10.1126_sciimmunol.adf9988,A_exclude,B cells,IGLC2,exclude,pass,include,appended,M00649,IGLC2 阳性用于定义表达 lambda 轻链的 small pre-B 亚群。
DOI_10.1126_sciimmunol.adf9988,A_exclude,B cells,IGLC3,exclude,pass,include,appended,M00650,IGLC3 阳性用于定义表达 lambda 轻链的 small pre-B 亚群。
DOI_10.1126_sciimmunol.adf9988,A_exclude,B-1-like cells,CCL22,exclude,pass,include,appended,M00651,CCL22 为 B-1-like 细胞 marker 组合之一。
DOI_10.1126_sciimmunol.adf9988,A_exclude,B-1-like cells,CCR10,exclude,pass,include,appended,M00652,CCR10 为 B-1-like 细胞 marker 组合之一。
DOI_10.1126_sciimmunol.adf9988,A_exclude,B-1-like cells,CD27,exclude,pass,include,appended,M00653,CD27 为 B-1-like 细胞 marker 组合之一。
DOI_10.1126_sciimmunol.adf9988,A_exclude,B-1-like cells,CD5,exclude,pass,include,appended,M00654,CD5 等被作者列为 mature CD5+ / B-1-like 细胞的 marker，并用于识别该群。
DOI_10.1126_sciimmunol.adf9988,A_exclude,B-1-like cells,SPN,exclude,pass,include,appended,M00655,SPN (CD43) 为 B-1-like 细胞 marker 组合之一。
DOI_10.1126_sciimmunol.adf9988,A_exclude,basal cells,KRT5,exclude,pass,include,appended,M00656,作者明确将 KRT5 称为 basal cell marker，并在器官样分化实验/染色中用于识别 basal 细胞。
DOI_10.1126_sciimmunol.adf9988,A_exclude,basal cells,TP63,exclude,pass,include,appended,M00657,作者明确将 TP63 称为 basal cell marker，并在器官样分化实验/染色中用于识别 basal 细胞。
DOI_10.1126_sciimmunol.adf9988,A_exclude,CD31+ vasculature,CD31,exclude,pass,include,appended,M00658,CD31 阳性用于 IHC 中识别/勾画血管内皮结构。
DOI_10.1126_sciimmunol.adf9988,A_exclude,CD45+ immune cells,CD45,exclude,pass,include,appended,M00659,CD45 用于 IHC 定量识别免疫细胞并划分血管内外位置。
DOI_10.1126_sciimmunol.adf9988,A_exclude,CD68+ immune cells,CD68,exclude,pass,include,appended,M00660,CD68 用于 IHC 识别髓系/免疫细胞并定量组织驻留比例。
DOI_10.1126_sciimmunol.adf9988,A_exclude,ciliated cells,FOXJ1,exclude,pass,include,appended,M00661,作者明确将 FOXJ1 称为纤毛细胞 marker，用于评估纤毛分化。
DOI_10.1126_sciimmunol.adf9988,new_finding,CMPs,MPO,never_reported,pass,include,appended,M00662,MPO 阳性用于 RNAscope 识别 CMPs，并参与 GMPs/promonocytes/promyelocytes 的 marker 组合。
DOI_10.1126_sciimmunol.adf9988,A_exclude,DC,CD123,exclude,pass,include,appended,M00663,CD123 阴性用于 FACS 门控定义 DC（排除 pDC）。
DOI_10.1126_sciimmunol.adf9988,A_exclude,DC,CD11c,exclude,pass,include,appended,M00664,CD11c 阳性为 FACS 分离 DC 的门控 marker。
DOI_10.1126_sciimmunol.adf9988,A_exclude,DC2 cells,CD1C,exclude,pass,include,appended,M00665,作者明确以 CD1C 作为 DC2 细胞 marker，并用于 IHC 识别 CD1C+ DC2 cells。
DOI_10.1126_sciimmunol.adf9988,A_exclude,distal epithelial tip progenitors,SOX2,exclude,pass,include,appended,M00666,作者明确 SOX2 为远端上皮尖端祖细胞 marker，并在类器官中用其判断尖端祖细胞状态/分化。
DOI_10.1126_sciimmunol.adf9988,A_exclude,distal epithelial tip progenitors,SOX9,exclude,pass,include,appended,M00667,SOX9 阳性用于定义远端上皮尖端祖细胞，并在空间/类器官实验中被用作该细胞群 marker。
DOI_10.1126_sciimmunol.adf9988,new_finding,epithelial cells,ECAD,never_reported,pass,include,appended,M00668,ECAD+ 在 IHC 中用于识别上皮组织，是上皮细胞的正式 marker，满足双重门槛。
DOI_10.1126_sciimmunol.adf9988,new_finding,epithelial cells,EPCAM,never_reported,pass,include,appended,M00669,EpCAM 染色用于识别上皮/界定 B 系细胞所在空间，是上皮 marker。
DOI_10.1126_sciimmunol.adf9988,new_finding,GMPs,ELANE,never_reported,pass,include,appended,M00670,ELANE 与 MPO 共同用于 RNAscope 识别 GMPs 细胞群。
DOI_10.1126_sciimmunol.adf9988,A_exclude,HSCs,SMIM24,exclude,pass,include,appended,M00671,SMIM24 与 SPINK2 共同用于 RNAscope 识别可能的 HSCs。
DOI_10.1126_sciimmunol.adf9988,A_exclude,HSCs,SPINK2,exclude,pass,include,appended,M00672,SPINK2 与 SMIM24 共同用于 RNAscope 识别可能的 HSCs。
DOI_10.1126_sciimmunol.adf9988,A_exclude,ILCPs,HPN,exclude,pass,include,appended,M00673,作者明确以 HPN 作为 ILCP 簇的 marker 基因并用于识别该簇。
DOI_10.1126_sciimmunol.adf9988,A_exclude,ILCPs,SCN1B,exclude,pass,include,appended,M00674,作者明确以 SCN1B 作为 ILCP 簇的 marker 基因并用于识别该簇。
DOI_10.1126_sciimmunol.adf9988,A_exclude,immune cells,CD45,exclude,pass,include,appended,M00675,CD45 被用于 IHC/FACS 识别免疫细胞，并用于 scRNA-seq 前免疫细胞富集，满足 Marker 身份与注释/识别用途。
DOI_10.1126_sciimmunol.adf9988,A_exclude,interstitial macrophages,CD14,exclude,pass,include,appended,M00676,CD14 为胎儿 MΦ 间质巨噬细胞样表型 marker 组合之一。
DOI_10.1126_sciimmunol.adf9988,A_exclude,interstitial macrophages,CD36,exclude,pass,include,appended,M00677,CD36 为胎儿 MΦ 间质巨噬细胞样表型 marker 组合之一。
DOI_10.1126_sciimmunol.adf9988,A_exclude,interstitial macrophages,MRC1,exclude,pass,include,appended,M00678,MRC1 (CD206) 为胎儿 MΦ 间质巨噬细胞样表型 marker 组合之一。
DOI_10.1126_sciimmunol.adf9988,A_exclude,LMPP/ELP,CD34,exclude,pass,include,appended,M00679,CD34 用于定义 LMPP/ELP 细胞群（CD34+）。
DOI_10.1126_sciimmunol.adf9988,A_exclude,LMPP/ELP,EBF1,exclude,pass,include,appended,M00680,EBF1 阴性用于区分 LMPP/ELP 与更成熟的 B 系祖细胞，属于定义 marker。
DOI_10.1126_sciimmunol.adf9988,A_exclude,macrophages,CD14,exclude,pass,include,appended,M00681,CD14 被作者称为巨噬细胞/经典单核 marker，并在 FACS 门控及胎儿 MΦ 表型标记中用于识别巨噬细胞。
DOI_10.1126_sciimmunol.adf9988,A_exclude,macrophages,CD206,exclude,pass,include,appended,M00682,作者明确以 CD206 作为巨噬细胞 marker，并用于 IHC 识别 CD206+ macrophages。
DOI_10.1126_sciimmunol.adf9988,A_exclude,Macrophages,CD169,exclude,pass,include,appended,M00683,CD169 阴性用于 FACS 门控定义巨噬细胞。
DOI_10.1126_sciimmunol.adf9988,A_exclude,macrophages,APOE,exclude,pass,include,appended,M00684,APOE 阳性用于命名/识别 APOE+ macrophage 亚群。
DOI_10.1126_sciimmunol.adf9988,A_exclude,macrophages,CXCL2,exclude,pass,include,appended,M00685,CXCL2 阳性用于命名/识别 CXCL2+ macrophage 亚群。
DOI_10.1126_sciimmunol.adf9988,A_exclude,monocytes,CD14,exclude,pass,include,appended,M00686,CD14 阳性用于定义 pro-monocyte/monocyte 亚群。
DOI_10.1126_sciimmunol.adf9988,A_exclude,monocytes,S100A12,exclude,pass,include,appended,M00687,S100A12hi/lo 用于定义单核细胞亚群。
DOI_10.1126_sciimmunol.adf9988,A_exclude,MUC5AC+ early progenitors,MUC5AC,exclude,pass,include,appended,M00688,MUC5AC 阳性用于定义/识别早期分泌祖细胞群（MUC5AC+ early progenitors）。
DOI_10.1126_sciimmunol.adf9988,A_exclude,myeloid cells,CD68,exclude,pass,include,appended,M00689,作者用 CD68 表达定义/识别髓系细胞，用于 IHC 定量组织驻留免疫细胞。
DOI_10.1126_sciimmunol.adf9988,new_finding,neutrophils/monocytes,S100A9,never_reported,pass,include,appended,M00690,S100A9 与 S100A12 共同用于 RNAscope 识别中性粒/单核细胞。
DOI_10.1126_sciimmunol.adf9988,new_finding,promonocytes,S100A8,never_reported,pass,include,appended,M00691,S100A8 与 MPO 共同用于 RNAscope 识别 promonocytes。
DOI_10.1126_sciimmunol.adf9988,new_finding,promyelocytes,AZU1,never_reported,pass,include,appended,M00692,AZU1 与 MPO 共同用于 RNAscope 识别 promyelocytes。
DOI_10.1126_sciimmunol.adf9988,A_exclude,secretory cells,MUC5AC,exclude,pass,include,appended,M00693,作者明确将 MUC5AC 列为分泌细胞 marker，并在后续用于识别 MUC5AC+ 早期祖细胞。
DOI_10.1126_sciimmunol.adf9988,A_exclude,secretory cells,SCGB3A1,exclude,pass,include,appended,M00694,作者明确将 SCGB3A1 列为分泌细胞 marker，用于评估气道分泌分化。
DOI_10.1126_sciimmunol.adf9988,A_exclude,secretory cells,SCGB3A2,exclude,pass,include,appended,M00695,作者明确将 SCGB3A2 列为分泌细胞 marker，用于评估气道分泌分化。
DOI_10.1126_sciimmunol.adf9988,A_exclude,SOX9+ tip progenitors,SOX9,exclude,pass,include,appended,M00696,SOX9 阳性用于空间识别尖端祖细胞（SOX9+ tip progenitors）。
DOI_10.1126_sciimmunol.adf9988,A_exclude,T cells,CD4,exclude,pass,include,appended,M00697,CD4 用于流式/单细胞数据中定义 CD4+ T 细胞亚群，是正式 T 细胞 marker。
DOI_10.1126_sciimmunol.adf9988,A_exclude,T progenitors,PTCRA,exclude,pass,include,appended,M00698,PTCRA 作为 T progenitor 簇的阳性 marker 组合之一，用于识别该细胞群。
DOI_10.1126_sciimmunol.adf9988,A_exclude,T progenitors,RAG1,exclude,pass,include,appended,M00699,RAG1 为 T progenitor 簇定义组合中的 marker，用于识别该群。
DOI_10.1126_sciimmunol.adf9988,A_exclude,T progenitors,RAG2,exclude,pass,include,appended,M00700,RAG2 为 T progenitor 簇定义组合中的 marker，用于识别该群。
DOI_10.1126_sciimmunol.adf9988,A_exclude,TP63+ basal-fated airway cells,TP63,exclude,pass,include,appended,M00701,TP63 阳性用于标记/识别 basal-fated airway cells。
DOI_10.1038_s41591-023-02327-2,A_exclude,alveolar fibroblasts,CCL2,exclude,pass,include,appended,M00702,Authors describe an IPF-specific alveolar fibroblast cluster characterized by high expression of these genes and explicitly call them 'marker genes' for this state (Fig. 6h shows 'Expression of marker
DOI_10.1038_s41591-023-02327-2,A_exclude,alveolar fibroblasts,COL1A1,exclude,pass,include,appended,M00703,Same reasoning as CCL2: COL1A1 is a marker gene of the IPF-enriched cluster 0 shown in Fig. 6h. Marker identity and annotation use satisfied.
DOI_10.1038_s41591-023-02327-2,A_exclude,alveolar fibroblasts,CTHRC1,exclude,pass,include,appended,M00704,Same reasoning as CCL2: CTHRC1 is a marker gene of the IPF-enriched cluster 0 shown in Fig. 6h. Marker identity and annotation use satisfied.
DOI_10.1038_s41591-023-02327-2,A_exclude,alveolar fibroblasts,HIF1A,exclude,pass,include,appended,M00705,"Authors explicitly call HIF1A a fibrosis-associated marker of the IPF-specific cluster, shown in Fig. 6h. Marker identity and annotation use satisfied."
DOI_10.1038_s41591-023-02327-2,A_exclude,alveolar fibroblasts,MMP19,exclude,pass,include,appended,M00706,Same reasoning as CCL2: MMP19 is a marker gene of the IPF-enriched cluster 0 shown in Fig. 6h. Marker identity and annotation use satisfied.
DOI_10.1038_s41591-023-02327-2,A_exclude,alveolar fibroblasts,SERPINE1,exclude,pass,include,appended,M00707,"Authors explicitly call SERPINE1 a fibrosis-associated marker of the IPF-specific cluster, shown in Fig. 6h. Marker identity and annotation use satisfied."
DOI_10.1038_s41591-023-02327-2,new_finding,hematopoietic stem cells,CD34,never_reported,pass,include,appended,M00708,CD34 is part of the defining expression signature of hematopoietic stem cells. Marker identity and annotation use satisfied.
DOI_10.1038_s41591-023-02327-2,new_finding,hematopoietic stem cells,PRSS57,never_reported,pass,include,appended,M00709,PRSS57 is part of the defining expression signature of hematopoietic stem cells. Marker identity and annotation use satisfied.
DOI_10.1038_s41591-023-02327-2,new_finding,hematopoietic stem cells,SPINK2,never_reported,pass,include,appended,M00710,"Authors identify hematopoietic stem cells as a novel cell type within the HLCA and provide a defining expression signature: SPINK2, STMN, PRSS57, CD34. These genes are used to characterize/identify th"
DOI_10.1038_s41591-023-02327-2,new_finding,hematopoietic stem cells,STMN,never_reported,pass,include,appended,M00711,"STMN is part of the defining expression signature of hematopoietic stem cells. The symbol likely refers to STMN1 (stathmin 1), the gene expressed as 'STMN' in the paper. Marker identity and annotation"
DOI_10.1038_s41591-023-02327-2,new_finding,hillock-like epithelial cells,KRT13,never_reported,pass,include,appended,M00712,KRT13 is part of the defining expression signature of hillock-like epithelial cells. Marker identity and annotation use satisfied.
DOI_10.1038_s41591-023-02327-2,new_finding,hillock-like epithelial cells,KRT14,never_reported,pass,include,appended,M00713,KRT14 is part of the defining expression signature of hillock-like epithelial cells. Marker identity and annotation use satisfied.
DOI_10.1038_s41591-023-02327-2,new_finding,hillock-like epithelial cells,KRT6A,never_reported,pass,include,appended,M00714,"KRT6A is part of the defining expression signature of hillock-like epithelial cells, a novel cell type. Used for identification. Marker identity and annotation use satisfied."
DOI_10.1038_s41591-023-02327-2,A_exclude,ionocyte,FOXI1,exclude,pass,include,appended,M00715,Figure legend explicitly labels FOXI1 as the ionocyte marker and shows its expression in cells annotated as ionocytes. Marker identity and annotation use satisfied.
DOI_10.1038_s41591-023-02327-2,A_exclude,migratory DCs,CCL19,exclude,pass,include,appended,M00716,"CCL19 is explicitly labeled as a migratory DC marker gene in Extended Data Fig. 4a,b and used to identify this population. Marker identity and annotation use satisfied."
DOI_10.1038_s41591-023-02327-2,A_exclude,migratory DCs,CCR7,exclude,pass,include,appended,M00717,"Extended Data Fig. 4a,b explicitly shows expression of CCR7 as a migratory DC marker gene and uses it to distinguish migratory DCs from other DCs (violin plots). Marker identity and annotation use sat"
DOI_10.1038_s41591-023-02327-2,A_exclude,migratory DCs,LAD1,exclude,pass,include,appended,M00718,"LAD1 is explicitly labeled as a migratory DC marker gene in Extended Data Fig. 4a,b and used to identify this population. Marker identity and annotation use satisfied."
DOI_10.1038_s41591-023-02327-2,new_finding,migratory dendritic cells,CCR7,never_reported,pass,include,appended,M00719,"CCR7 is already in candidate list (index 1, 39), so not new. Remove."
DOI_10.1038_s41591-023-02327-2,new_finding,migratory dendritic cells,COL19,never_reported,pass,include,appended,M00720,"COL19 (likely COL19A1) is listed together with CCR7 and LAD1 as the defining expression signature of migratory dendritic cells, a newly identified cell type. The gene is used to characterize/identify "
DOI_10.1038_s41591-023-02327-2,A_exclude,monocyte-derived macrophages,CHIT1,exclude,pass,include,appended,M00721,"CHIT1 is explicitly named as a marker of the multidisease MDM cluster, shown in Fig. 6k and discussed as therapeutic target. Marker identity and annotation use satisfied."
DOI_10.1038_s41591-023-02327-2,A_exclude,monocyte-derived macrophages,LPL,exclude,pass,include,appended,M00722,"LPL is explicitly named as a marker of the multidisease MDM cluster in the same sentence as SPP1, and shown in Fig. 6k. Marker identity and annotation use satisfied."
DOI_10.1038_s41591-023-02327-2,A_exclude,monocyte-derived macrophages,SPP1,exclude,pass,include,appended,M00723,"Authors explicitly state the multidisease MDM cluster is 'marked by high expression of SPP1, LPL and CHIT1—markers', and the cluster is named 'Profibrotic SPP1 high' in Fig. 6k. SPP1 is used to identi"
DOI_10.1038_s41591-023-02327-2,A_exclude,smooth muscle FAM83D+,FAM83D,exclude,pass,include,appended,M00724,"Extended Data Fig. 4e,f explicitly labels FAM83D as a marker gene uniquely expressed in FAM83D+ smooth muscle cells, and this marker defines the cell type name. Marker identity and annotation use sati"
DOI_10.1038_s41591-023-02327-2,new_finding,smooth muscle FAM83D+ cells,FAM83D,never_reported,pass,include,appended,M00725,"FAM83D is uniquely and consistently expressed in the novel smooth muscle cell subset and names the cell type 'smooth muscle FAM83D+'. Extended Data Fig. 4e,f explicitly marks it as marker gene uniquel"
DOI_10.1038_s41591-023-02327-2,A_exclude,SPP1+ profibrotic monocyte-derived macrophages,SPP1,exclude,pass,include,appended,M00726,"Abstract explicitly names cell state as 'SPP1+ profibrotic monocyte-derived macrophages', using SPP1 as the defining marker for annotation/identification of this cell state. Marker identity and annota"
DOI_10.1038_s41591-023-02327-2,A_exclude,tuft cell,LRMP,exclude,pass,include,appended,M00727,Figure legend explicitly labels LRMP as the tuft cell marker and shows its expression in cells annotated as tuft cells. Marker identity and annotation use satisfied.
DOI_10.1038_s41591-023-02327-2,A_exclude,venous endothelial cells,ACKR1,exclude,pass,include,appended,M00728,"Authors explicitly declare ACKR1 as a general marker of venous endothelial cells, using it to re-identify these cells in the HLCA reference (Fig. 5c). Marker identity and annotation use satisfied."
DOI_10.1038_s41467-023-40173-5,A_exclude,Alveolar type 1 cells (AT1),AGER,exclude,pass,include,appended,M00729,CellCards dictionary marker for AT1 used to guide seed identification and CellRef annotation; scope/granularity is not an exclusion criterion.
DOI_10.1038_s41467-023-40173-5,A_exclude,Alveolar type 1 cells (AT1),RTKN2,exclude,pass,include,appended,M00730,CellCards dictionary marker for AT1 used in the guided CellRef construction.
DOI_10.1038_s41467-023-40173-5,A_exclude,Alveolar type 1 cells (AT1),SEMA3B,exclude,pass,include,appended,M00731,CellCards dictionary marker for AT1 used to guide annotation.
DOI_10.1038_s41467-023-40173-5,A_exclude,AT1/AT2 cell population,Abca3,exclude,pass,include,appended,M00732,Abca3 is explicitly called an AT2 cell marker used to identify the AT1/AT2 cell population.
DOI_10.1038_s41467-023-40173-5,A_exclude,AT1/AT2 cell population,Ager,exclude,pass,include,appended,M00733,Ager is explicitly called an AT1 cell marker used to define the AT1/AT2 transitional cell population in the mouse CellRef.
DOI_10.1038_s41467-023-40173-5,A_exclude,AT1/AT2 cell population,Cldn4,exclude,pass,include,appended,M00734,Cldn4 is presented as a part of the identifying gene set for the AT1/AT2 transitional cell population included in the mouse CellRef.
DOI_10.1038_s41467-023-40173-5,A_exclude,AT1/AT2 cell population,Hopx,exclude,pass,include,appended,M00735,Hopx is explicitly called an AT1 cell marker used to define the AT1/AT2 transitional population.
DOI_10.1038_s41467-023-40173-5,A_exclude,AT1/AT2 cell population,Krt19,exclude,pass,include,appended,M00736,Krt19 is presented as a part of the identifying gene set for the AT1/AT2 transitional cell population included in the mouse CellRef.
DOI_10.1038_s41467-023-40173-5,A_exclude,AT1/AT2 cell population,Krt8,exclude,pass,include,appended,M00737,Krt8 is presented as a part of the identifying gene set for the AT1/AT2 transitional cell population included in the mouse CellRef.
DOI_10.1038_s41467-023-40173-5,A_exclude,AT1/AT2 cell population,Lamp3,exclude,pass,include,appended,M00738,Lamp3 is explicitly called an AT2 cell marker used to identify the AT1/AT2 cell population.
DOI_10.1038_s41467-023-40173-5,A_exclude,AT1/AT2 cell population,Sftpc,exclude,pass,include,appended,M00739,Sftpc is explicitly called an AT2 cell marker used to identify the AT1/AT2 cell population.
DOI_10.1038_s41467-023-40173-5,A_exclude,deuterosomal cells,CDC20B,exclude,pass,include,appended,M00740,CDC20B is listed as a marker gene for deuterosomal cells in the dictionary extension.
DOI_10.1038_s41467-023-40173-5,A_exclude,deuterosomal cells,DEUP1,exclude,pass,include,appended,M00741,DEUP1 is listed as a marker gene for deuterosomal cells when the authors extended the CellRef dictionary; this marker set was used for CellRef annotation.
DOI_10.1038_s41467-023-40173-5,A_exclude,deuterosomal cells,FOXN4,exclude,pass,include,appended,M00742,FOXN4 is listed as a marker gene for deuterosomal cells in the dictionary extension.
DOI_10.1038_s41467-023-40173-5,A_exclude,distal epithelial cell,Id2,exclude,pass,include,appended,M00743,Id2 is part of the marker-defined cell type added to the mouse dictionary for CellRef construction.
DOI_10.1038_s41467-023-40173-5,A_exclude,distal epithelial cell,Sox9,exclude,pass,include,appended,M00744,Methods confirms that Sox9+/Id2+ distal epithelial cells were added to the mouse dictionary; Sox9 is a defining marker used for annotation.
DOI_10.1038_s41467-023-40173-5,A_exclude,endothelial progenitor cell,Foxf1,exclude,pass,include,appended,M00745,Foxf1 is a defining marker of the Foxf1+/Kit+ endothelial progenitor cells added to the mouse CellRef dictionary.
DOI_10.1038_s41467-023-40173-5,A_exclude,endothelial progenitor cell,Kit,exclude,pass,include,appended,M00746,Kit is a defining marker of the Foxf1+/Kit+ endothelial progenitor cells added to the mouse CellRef dictionary.
DOI_10.1038_s41467-023-40173-5,A_exclude,Foxf1+/Kit+ endothelial progenitor cells (EPC),Foxf1,exclude,pass,include,appended,M00747,Foxf1 is part of the marker-defined identity of EPC in the mouse CellRef.
DOI_10.1038_s41467-023-40173-5,A_exclude,Foxf1+/Kit+ endothelial progenitor cells (EPC),Kit,exclude,pass,include,appended,M00748,Kit is part of the marker-defined identity of EPC in the mouse CellRef.
DOI_10.1038_s41467-023-40173-5,A_exclude,Inflammatory monocytes (iMON),CD14,exclude,pass,include,appended,M00749,CellCards dictionary positive marker for iMON used for seed identification.
DOI_10.1038_s41467-023-40173-5,A_exclude,Inflammatory monocytes (iMON),FCGR3A,exclude,pass,include,appended,M00750,"Explicit negative marker ('no FCGR3A') in the CellCards dictionary for iMON, used to distinguish iMON from FCGR3A+ monocyte subsets."
DOI_10.1038_s41467-023-40173-5,A_exclude,Inflammatory monocytes (iMON),FCN1,exclude,pass,include,appended,M00751,CellCards dictionary positive marker for iMON used in CellRef construction.
DOI_10.1038_s41467-023-40173-5,A_exclude,Inflammatory monocytes (iMON),VCAN,exclude,pass,include,appended,M00752,CellCards dictionary positive marker for iMON used to guide annotation.
DOI_10.1038_s41467-023-40173-5,A_exclude,lung goblet cells,MUC5AC,exclude,pass,include,appended,M00753,Author explicitly uses MUC5AC+ as a positive marker to define lung goblet cells during CellRef construction.
DOI_10.1038_s41467-023-40173-5,A_exclude,lung goblet cells,MUC5B,exclude,pass,include,appended,M00754,Author explicitly uses MUC5B+ as a positive marker for lung goblet cells.
DOI_10.1038_s41467-023-40173-5,A_exclude,mature dendritic cell subset (maDC),CCL19,exclude,pass,include,appended,M00755,CCL19 is explicitly listed as a marker gene for maDC.
DOI_10.1038_s41467-023-40173-5,A_exclude,mature dendritic cell subset (maDC),CCR7,exclude,pass,include,appended,M00756,CCR7 is explicitly listed as a marker gene for maDC in the CellRef dictionary extension.
DOI_10.1038_s41467-023-40173-5,A_exclude,mature dendritic cell subset (maDC),LAD1,exclude,pass,include,appended,M00757,LAD1 is explicitly listed as a marker gene for maDC.
DOI_10.1038_s41467-023-40173-5,new_finding,megakaryocyte/platelets,ITGA2B,never_reported,pass,include,appended,M00758,ITGA2B is explicitly listed as a marker gene for megakaryocyte/platelets in the CellRef dictionary extension.
DOI_10.1038_s41467-023-40173-5,new_finding,megakaryocyte/platelets,ITGB3,never_reported,pass,include,appended,M00759,ITGB3 is explicitly listed as a marker gene for megakaryocyte/platelets.
DOI_10.1038_s41467-023-40173-5,A_exclude,respiratory airway secretory cells (RAS),KLK11,exclude,pass,include,appended,M00760,KLK11 is explicitly listed as a marker gene for RAS.
DOI_10.1038_s41467-023-40173-5,A_exclude,respiratory airway secretory cells (RAS),SCGB3A2,exclude,pass,include,appended,M00761,SCGB3A2 is explicitly listed as a marker gene for RAS and the cell type is added to the CellRef dictionary.
DOI_10.1038_s41467-023-40173-5,A_exclude,respiratory airway secretory cells (RAS),SOX4,exclude,pass,include,appended,M00762,SOX4 is explicitly listed as a marker gene for RAS.
DOI_10.1038_s41467-023-40173-5,new_finding,SMG duct cells,ALDH1A3,never_reported,pass,include,appended,M00763,ALDH1A3 is explicitly listed as a marker gene for SMG duct cells.
DOI_10.1038_s41467-023-40173-5,new_finding,SMG duct cells,MIA,never_reported,pass,include,appended,M00764,MIA is explicitly listed as a marker gene for SMG duct cells in the CellRef dictionary extension.
DOI_10.1038_s41467-023-40173-5,new_finding,SMG duct cells,RARRES1,never_reported,pass,include,appended,M00765,RARRES1 is explicitly listed as a marker gene for SMG duct cells.
DOI_10.1038_s41467-023-40173-5,A_exclude,SMG mucous,MUC5AC,exclude,pass,include,appended,M00766,MUC5AC- is explicitly used as a negative marker to distinguish SMG mucous cells from goblet cells.
DOI_10.1038_s41467-023-40173-5,A_exclude,SMG mucous,MUC5B,exclude,pass,include,appended,M00767,MUC5B+ is explicitly used as a positive marker for SMG mucous cells.
DOI_10.1038_s41467-023-40173-5,A_exclude,Sox9+/Id2+ distal epithelial progenitor cell,Id2,exclude,pass,include,appended,M00768,Id2 is part of the marker-based name and identity of this mouse distal epithelial progenitor cell.
DOI_10.1038_s41467-023-40173-5,A_exclude,Sox9+/Id2+ distal epithelial progenitor cell,Sox9,exclude,pass,include,appended,M00769,Sox9 is part of the cell-type-defining marker combination used for this mouse distal epithelial progenitor cell in the mouse CellRef.
DOI_10.1038_s41467-023-40173-5,new_finding,suprabasal cells,KRT19,never_reported,pass,include,appended,M00770,KRT19 is explicitly listed as a marker gene for human suprabasal cells in the CellRef dictionary extension.
DOI_10.1038_s41467-023-40173-5,new_finding,suprabasal cells,NOTCH3,never_reported,pass,include,appended,M00771,NOTCH3 is explicitly listed as a marker gene for suprabasal cells in the CellRef dictionary extension.
DOI_10.1038_s41467-023-40173-5,new_finding,suprabasal cells,SERPINB4,never_reported,pass,include,appended,M00772,SERPINB4 is explicitly listed as a marker gene for suprabasal cells when the authors extended the CellRef dictionary.
DOI_10.1038_s41467-023-40173-5,A_exclude,systemic venous endothelial cells (SVEC),ABCB1,exclude,pass,include,appended,M00773,ABCB1 is explicitly listed as a marker gene for SVEC.
DOI_10.1038_s41467-023-40173-5,A_exclude,systemic venous endothelial cells (SVEC),ACKR1,exclude,pass,include,appended,M00774,ACKR1 is explicitly listed as a marker gene for SVEC.
DOI_10.1038_s41467-023-40173-5,A_exclude,systemic venous endothelial cells (SVEC),COL15A1,exclude,pass,include,appended,M00775,Authors explicitly list COL15A1 as a marker gene for SVEC and include SVEC in the CellRef dictionary.
DOI_10.1038_s41588-024-01702-0,A_exclude,CA4+ capillary,CA4,exclude,pass,include,appended,M00776,CA4 is part of the annotated cell-type name 'CA4+ capillary' and was used for cell type identification; formal annotation marker.
DOI_10.1038_s41588-024-01702-0,A_exclude,CD4,CD4,exclude,pass,include,appended,M00777,CD4 is the marker used as the annotated cell-type name 'CD4' and was used for cell type identification; formal annotation marker.
DOI_10.1038_s41588-024-01702-0,new_finding,CD8/NKT,CD8,never_reported,pass,include,appended,M00778,"CD8 is embedded in the annotated cell-type name 'CD8/NKT' and was used for cell type identification/naming, analogous to CD4 for the 'CD4' cell type; satisfies both marker identity and annotation-use "
DOI_10.1038_s41588-024-01702-0,A_exclude,endothelial cells,PECAM1,exclude,pass,include,appended,M00779,PECAM1 is explicitly declared and used as the positive marker to classify the endothelial cell subgroup; formal annotation marker.
DOI_10.1038_s41588-024-01702-0,A_exclude,endothelial cells,PTPRC,exclude,pass,include,appended,M00780,PTPRC− is explicitly used together with PECAM1+ to classify endothelial cells; negative-polarity annotation marker used for cell subgroup identification.
DOI_10.1038_s41588-024-01702-0,A_exclude,epithelial cells,EPCAM,exclude,pass,include,appended,M00781,EPCAM is explicitly declared and used as the positive marker to classify the epithelial cell subgroup; formal annotation marker.
DOI_10.1038_s41588-024-01702-0,A_exclude,immune cells,PTPRC,exclude,pass,include,appended,M00782,PTPRC is explicitly declared and used as the positive marker to classify the immune cell subgroup; satisfies both marker identity and annotation-use gates.
DOI_10.1038_s41588-024-01702-0,A_exclude,KRT5−/KRT17+,KRT17,exclude,pass,include,appended,M00783,KRT17 is the positive marker in the annotated cell-type name 'KRT5−/KRT17+' and was used for cell type identification; formal annotation marker.
DOI_10.1038_s41588-024-01702-0,A_exclude,KRT5−/KRT17+,KRT5,exclude,pass,include,appended,M00784,KRT5 is presented as the negative marker defining the cell type 'KRT5−/KRT17+' and was used for annotation/naming; negative polarity recorded from the cell-type label.
DOI_10.1038_s41588-024-01702-0,A_exclude,Macrophage − SPP1+,SPP1,exclude,pass,include,appended,M00785,SPP1 is part of the annotated cell-type name ('Macrophage − SPP1+') and the cell type was identified/named using marker gene expression; formal annotation marker. Immune-lineage scope is not a valid e
DOI_10.1038_s41588-024-01702-0,A_exclude,mesenchymal cells,EPCAM,exclude,pass,include,appended,M00786,EPCAM− is explicitly used as part of the marker combination defining the mesenchymal cell subgroup; negative-polarity annotation marker used for classification.
DOI_10.1038_s41588-024-01702-0,A_exclude,mesenchymal cells,PECAM1,exclude,pass,include,appended,M00787,PECAM1− is explicitly used as part of the marker combination defining the mesenchymal cell subgroup; negative-polarity annotation marker used for classification.
DOI_10.1038_s41588-024-01702-0,A_exclude,mesenchymal cells,PTPRC,exclude,pass,include,appended,M00788,PTPRC− is explicitly used as part of the marker combination defining the mesenchymal cell subgroup; negative-polarity annotation marker used for classification.
DOI_10.1038_s41588-024-01702-0,A_exclude,Secretory—SCGB1A1+/MUC5B+,MUC5B,exclude,pass,include,appended,M00789,"MUC5B is part of the annotated cell-type name 'Secretory—SCGB1A1+/MUC5B+'; although also an eQTL/GWAS gene, it is formally used as the marker in the cell-type label and therefore qualifies as an annot"
DOI_10.1038_s41588-024-01702-0,A_exclude,Secretory—SCGB1A1+/MUC5B+,SCGB1A1,exclude,pass,include,appended,M00790,SCGB1A1 is part of the annotated cell-type name 'Secretory—SCGB1A1+/MUC5B+' and was used for annotation/naming; formal annotation marker.
DOI_10.1038_s41588-024-01702-0,A_exclude,Secretory—SCGB1A1+/SCGB3A2+,SCGB1A1,exclude,pass,include,appended,M00791,SCGB1A1 is part of the annotated cell-type name 'Secretory—SCGB1A1+/SCGB3A2+' and was used for cell type identification; formal annotation marker.
DOI_10.1038_s41588-024-01702-0,A_exclude,Secretory—SCGB1A1+/SCGB3A2+,SCGB3A2,exclude,pass,include,appended,M00792,SCGB3A2 is part of the annotated cell-type name 'Secretory—SCGB1A1+/SCGB3A2+' and was used for cell type identification; formal annotation marker.
DOI_10.1038_s41588-024-01702-0,A_exclude,Secretory—SCGB3A2+,SCGB3A2,exclude,pass,include,appended,M00793,SCGB3A2 is part of the annotated cell-type name 'Secretory—SCGB3A2+' and was used for cell type identification; formal annotation marker.
DOI_10.1038_s41588-024-01702-0,A_exclude,WNT2+ FB,WNT2,exclude,pass,include,appended,M00794,WNT2 is part of the annotated cell-type name 'WNT2+ FB' and was used for cell type identification; formal annotation marker.
DOI_10.1038_s41586-021-03569-1,A_exclude,alveolar type I (AT1) cells,AGER,exclude,pass,include,appended,M00795,AGER is explicitly named as an AT1 lineage marker and canonical AT1 markers were used for cell-type identification.
DOI_10.1038_s41586-021-03569-1,A_exclude,alveolar type I (AT1) cells,CLIC5,exclude,pass,include,appended,M00796,CLIC5 is explicitly named as an AT1 lineage marker and canonical AT1 markers were used for cell-type identification.
DOI_10.1038_s41586-021-03569-1,A_exclude,alveolar type II (AT2) cells,SFTPB,exclude,pass,include,appended,M00797,SFTPB is explicitly named as an AT2 lineage marker and canonical AT2 markers were used for cell-type identification.
DOI_10.1038_s41586-021-03569-1,A_exclude,alveolar type II (AT2) cells,SFTPC,exclude,pass,include,appended,M00798,"SFTPC is explicitly named as an AT2 lineage marker in Fig. 3c, and the Methods state that canonical AT1/AT2 markers were used for cell-type identification."
DOI_10.1038_s41586-021-03569-1,new_finding,CD4+ T cells,CD4,never_reported,pass,include,appended,M00799,"CD4 is used in the cell-type name 'CD4+ T cells' and in tissue quantification of CD4+ T cells, satisfying marker identity and annotation use."
DOI_10.1038_s41586-021-03569-1,A_exclude,cycling epithelium,B2M,exclude,pass,include,appended,M00800,"B2M is explicitly listed among the genes characterizing the 'cycling epithelium' cluster, and the cluster is named and annotated from this expression signature."
DOI_10.1038_s41586-021-03569-1,A_exclude,cycling epithelium,IRF8,exclude,pass,include,appended,M00801,"IRF8 is explicitly listed among the genes characterizing the 'cycling epithelium' cluster, and the cluster is named and annotated from this expression signature."
DOI_10.1038_s41586-021-03569-1,A_exclude,cycling epithelium,MKI67,exclude,pass,include,appended,M00802,"MKI67 is explicitly listed among the genes characterizing the 'cycling epithelium' cluster, and the cluster is named and annotated from this expression signature."
DOI_10.1038_s41586-021-03569-1,A_exclude,cycling epithelium,TOP2A,exclude,pass,include,appended,M00803,"TOP2A is explicitly listed among the genes characterizing the 'cycling epithelium' cluster, and the cluster is named and annotated from this expression signature."
DOI_10.1038_s41586-021-03569-1,A_exclude,damage-associated transient progenitors (DATP),CDKN1A,exclude,pass,include,appended,M00804,CDKN1A is explicitly named as a DATP marker gene and was used to derive the DATP signature used to label DATPs.
DOI_10.1038_s41586-021-03569-1,A_exclude,damage-associated transient progenitors (DATP),CLDN4,exclude,pass,include,appended,M00805,CLDN4 is explicitly named as a DATP marker gene and was used to derive the DATP signature used to label DATPs.
DOI_10.1038_s41586-021-03569-1,A_exclude,damage-associated transient progenitors (DATP),KRT8,exclude,pass,include,appended,M00806,KRT8 is explicitly named as a DATP marker gene and was used to derive the DATP signature used to label DATPs.
DOI_10.1038_s41586-021-03569-1,A_exclude,DATPs,CDKN1A,exclude,pass,include,appended,M00807,The Methods state that CDKN1A was part of the initial DATP signature used to preliminarily label DATPs.
DOI_10.1038_s41586-021-03569-1,A_exclude,DATPs,CLDN4,exclude,pass,include,appended,M00808,The Methods state that CLDN4 was part of the initial DATP signature used to preliminarily label DATPs.
DOI_10.1038_s41586-021-03569-1,A_exclude,DATPs,KRT8,exclude,pass,include,appended,M00809,The Methods state that KRT8 was part of the initial DATP signature used to preliminarily label DATPs.
DOI_10.1038_s41586-021-03569-1,A_exclude,ECMhigh epithelium,COL1A2,exclude,pass,include,appended,M00810,"COL1A2 is explicitly listed among the ECM genes defining the 'ECMhigh epithelium' cluster, and the cluster is named and annotated from this expression signature."
DOI_10.1038_s41586-021-03569-1,A_exclude,ECMhigh epithelium,COL3A1,exclude,pass,include,appended,M00811,"COL3A1 is explicitly listed among the ECM genes defining the 'ECMhigh epithelium' cluster, and the cluster is named and annotated from this expression signature."
DOI_10.1038_s41586-021-03569-1,A_exclude,ECMhigh epithelium,COL6A3,exclude,pass,include,appended,M00812,"COL6A3 is explicitly listed among the ECM genes defining the 'ECMhigh epithelium' cluster, and the cluster is named and annotated from this expression signature."
DOI_10.1038_s41586-021-03569-1,A_exclude,KRT5+TP63+ basal cells,KRT5,exclude,pass,include,appended,M00813,KRT5 is part of the identifier/name 'KRT5+TP63+ basal' and is used to identify and annotate the basal cell trajectory.
DOI_10.1038_s41586-021-03569-1,A_exclude,KRT5+TP63+ basal cells,TP63,exclude,pass,include,appended,M00814,TP63 is part of the identifier/name 'KRT5+TP63+ basal' and is used to identify and annotate the basal cell trajectory.
DOI_10.1038_s41586-021-03569-1,A_exclude,macrophages,CD64,exclude,pass,include,appended,M00815,CD64 is explicitly used together with CD45 to identify and quantify macrophages in tissue imaging.
DOI_10.1038_s41586-021-03569-1,A_exclude,macrophages,CD45,exclude,pass,include,appended,M00816,CD45 is explicitly used together with CD64 to identify and quantify macrophages in tissue imaging.
DOI_10.1038_s41586-021-03569-1,new_finding,macrophages,F4/80,never_reported,pass,include,appended,M00817,F4/80 is explicitly part of the CD45+CD64+F4/80+ flow-cytometric gating used to identify and quantify macrophages in mouse lungs.
DOI_10.1038_s41586-021-03569-1,A_exclude,pathological fibroblasts,COL1A1,exclude,pass,include,appended,M00818,The Methods explicitly state that COL1A1 expression was used to annotate pathological fibroblasts.
DOI_10.1038_s41586-021-03569-1,A_exclude,pathological fibroblasts,CTHRC1,exclude,pass,include,appended,M00819,The Methods explicitly state that CTHRC1 expression was used to annotate pathological fibroblasts.
DOI_10.1038_s41586-021-03569-1,new_finding,pathological fibroblasts (pFBs),COL3A1,never_reported,pass,include,appended,M00820,"COL3A1 is explicitly associated with pFBs in the same marker/figure context as COL1A1 and CTHRC1, and Extended Data Fig. 12e is presented as a marker-gene annotation display for fibroblasts."
DOI_10.1038_s41586-021-03569-1,A_exclude,pathological fibroblasts (pFBs),CTHRC1,exclude,pass,include,appended,M00821,CTHRC1 is explicitly called a defining hallmark gene of pFBs and is used in the abstract and Methods to identify/name pathological fibroblasts.
DOI_10.1038_s41586-021-03569-1,new_finding,tuft cells,DCLK1,never_reported,pass,include,appended,M00822,"DCLK1+ cells are explicitly counted as tuft cells in the mouse airway, establishing DCLK1 as a marker used to identify tuft cells."
DOI_10.1038_s41586-021-03569-1,A_exclude,tuft cells,CHAT,exclude,pass,include,appended,M00823,CHAT is explicitly used to define/quantify tuft cells (CHAT+ tuft cells) and tuft-like cells were identified with a tuft-cell signature.
DOI_10.1038_s41586-021-03569-1,A_exclude,tuft cells,POU2F3,exclude,pass,include,appended,M00824,POU2F3 is explicitly used to define tuft cells (CHAT+ or POU2F3+) and tuft-like cells were identified with a tuft-cell signature.
DOI_10.1016_j.stem.2022.11.013,A_exclude,Airway epithelium,SOX2,exclude,pass,include,appended,M00825,SOX2 被图中明确标记为气道上皮。
DOI_10.1016_j.stem.2022.11.013,A_exclude,airway-lineage cells,SOX2,exclude,pass,include,appended,M00826,SOX2 被作者明确列为气道谱系 Marker。
DOI_10.1016_j.stem.2022.11.013,A_exclude,airway-lineage cells,TP63,exclude,pass,include,appended,M00827,TP63 被作者明确列为气道谱系 Marker，用于气道祖细胞注释。
DOI_10.1016_j.stem.2022.11.013,A_exclude,Alveolar fibroblasts,PDGFRA,exclude,pass,include,appended,M00828,PDGFRA 阴性被用于分选肺泡成纤维细胞。
DOI_10.1016_j.stem.2022.11.013,A_exclude,Alveolar fibroblasts,CD141,exclude,pass,include,appended,M00829,CD141 (THBD) 阴性被用于分选肺泡成纤维细胞。
DOI_10.1016_j.stem.2022.11.013,A_exclude,Alveolar fibroblasts,WNT2,exclude,pass,include,appended,M00830,图中以 WNT2 标记肺泡成纤维细胞。
DOI_10.1016_j.stem.2022.11.013,A_exclude,alveolar fibroblasts,PDGFRA,exclude,pass,include,appended,M00831,PDGFRA 阴性被用于定义/分选肺泡成纤维细胞。
DOI_10.1016_j.stem.2022.11.013,A_exclude,alveolar fibroblasts,CD141,exclude,pass,include,appended,M00832,CD141 (THBD) 阴性被用于定义肺泡成纤维细胞。
DOI_10.1016_j.stem.2022.11.013,A_exclude,alveolar fibroblasts,WNT2,exclude,pass,include,appended,M00833,Figure S5E 明确以 WNT2 标记肺泡成纤维细胞。
DOI_10.1016_j.stem.2022.11.013,A_exclude,AT1 cells,NKX2.1,exclude,pass,include,appended,M00834,NKX2.1 阳性与 SPOCK2 阳性共同用于识别分化中的 AT1 细胞。
DOI_10.1016_j.stem.2022.11.013,A_exclude,AT1 cells,SPOCK2,exclude,pass,include,appended,M00835,SPOCK2 被用于定义分化中的 AT1 细胞。
DOI_10.1016_j.stem.2022.11.013,A_exclude,AT2 cells,ACE2,exclude,pass,include,appended,M00836,ACE2 被作者列为 AT2 特异性 Marker。
DOI_10.1016_j.stem.2022.11.013,A_exclude,AT2 cells,AXIN2,exclude,pass,include,appended,M00837,作者明确将 AXIN2 列入 AT2 Marker 列表。
DOI_10.1016_j.stem.2022.11.013,A_exclude,AT2 cells,CEBPD,exclude,pass,include,appended,M00838,作者明确将 CEBPD 列为 AT2 Marker 集合的一部分。
DOI_10.1016_j.stem.2022.11.013,A_exclude,AT2 cells,HOPX,exclude,pass,include,appended,M00839,HOPX 被作者列为 AT2 特异性 Marker。
DOI_10.1016_j.stem.2022.11.013,A_exclude,AT2 cells,LAMP3,exclude,pass,include,appended,M00840,LAMP3 被作者称为 AT2 特异性 Marker，并用于识别分化后的 AT2 细胞。
DOI_10.1016_j.stem.2022.11.013,A_exclude,AT2 cells,SFTPC,exclude,pass,include,appended,M00841,SFTPC 被明确列为 AT2 细胞 Marker。
DOI_10.1016_j.stem.2022.11.013,A_exclude,AT2 cells,SLC34A2,exclude,pass,include,appended,M00842,图中将 SLC34A2 列为 AT2 谱系 Marker。
DOI_10.1016_j.stem.2022.11.013,A_exclude,basal cells,KRT5,exclude,pass,include,appended,M00843,KRT5 被明确列为基底细胞 Marker。
DOI_10.1016_j.stem.2022.11.013,A_exclude,basal cells,NGFR,exclude,pass,include,appended,M00844,NGFR 被明确列为基底细胞 Marker。
DOI_10.1016_j.stem.2022.11.013,A_exclude,basal cells,TP63/P63,exclude,pass,include,appended,M00845,TP63/P63 被明确列为基底细胞 Marker。
DOI_10.1016_j.stem.2022.11.013,A_exclude,CD44+CD36− cells,CD36,exclude,pass,include,appended,M00846,CD36 阴性是该 stalk-like 亚群定义的一部分。
DOI_10.1016_j.stem.2022.11.013,A_exclude,CD44+CD36− cells,CD44,exclude,pass,include,appended,M00847,CD44 阳性是该 CD44+CD36− stalk-like 亚群定义的一部分。
DOI_10.1016_j.stem.2022.11.013,A_exclude,CD44−CD36− cells,CD36,exclude,pass,include,appended,M00848,CD36 阴性是该 airway-lineage 亚群定义的一部分。
DOI_10.1016_j.stem.2022.11.013,A_exclude,CD44−CD36− cells,CD44,exclude,pass,include,appended,M00849,CD44 阴性是该 airway-lineage 亚群定义的一部分。
DOI_10.1016_j.stem.2022.11.013,A_exclude,CD44−CD36− cells,SOX2,exclude,pass,include,appended,M00850,SOX2 被作者列为气道 Marker，用于该亚群的气道谱系注释。
DOI_10.1016_j.stem.2022.11.013,A_exclude,CD44−CD36− cells,TP63,exclude,pass,include,appended,M00851,TP63 被作者列为气道 Marker，并用于将该亚群归类为 airway-lineage。
DOI_10.1016_j.stem.2022.11.013,A_exclude,distal airway cells,SCGB3A2,exclude,pass,include,appended,M00852,SCGB3A2+ 被用于定义远端气道区域。
DOI_10.1016_j.stem.2022.11.013,A_exclude,Early-stage tip epithelium,SOX9,exclude,pass,include,appended,M00853,Figure S1E 使用 SOX9 标记早期尖端上皮。
DOI_10.1016_j.stem.2022.11.013,A_exclude,Early-stage tip epithelium,TPPP3,exclude,pass,include,appended,M00854,Figure S1E 使用 TPPP3 标记早期尖端上皮。
DOI_10.1016_j.stem.2022.11.013,A_exclude,EPCAM+ cells,EPCAM,exclude,pass,include,appended,M00855,EPCAM 阳性被用于定义/分选肺上皮细胞，属于正式注释 Marker。
DOI_10.1016_j.stem.2022.11.013,A_exclude,Fetal AT1 cells,SFTPC,exclude,pass,include,appended,M00856,SFTPC 阴性被用于定义胎儿 AT1 细胞。
DOI_10.1016_j.stem.2022.11.013,A_exclude,Fetal AT1 cells,SPOCK2,exclude,pass,include,appended,M00857,SPOCK2 被明确列为 AT1 细胞 Marker。
DOI_10.1016_j.stem.2022.11.013,A_exclude,Fetal AT2 cells,SFTPC,exclude,pass,include,appended,M00858,SFTPC 被明确列为 AT2 细胞 Marker，用于识别胎儿 AT2 细胞。
DOI_10.1016_j.stem.2022.11.013,A_exclude,Fetal AT2 cells,SOX9,exclude,pass,include,appended,M00859,SOX9 阴性被用于定义胎儿 AT2 细胞。
DOI_10.1016_j.stem.2022.11.013,A_exclude,Fetal AT2 cells,TPPP3,exclude,pass,include,appended,M00860,TPPP3 阴性被用于定义胎儿 AT2 细胞。
DOI_10.1016_j.stem.2022.11.013,A_exclude,human lung tip progenitors,SOX2,exclude,pass,include,appended,M00861,SOX2 作为尖端上皮/祖细胞的阳性 Marker 用于细胞群描述。
DOI_10.1016_j.stem.2022.11.013,A_exclude,human lung tip progenitors,SOX9,exclude,pass,include,appended,M00862,SOX9+ 用于命名和识别人类肺尖端祖细胞。
DOI_10.1016_j.stem.2022.11.013,A_exclude,late-stage tip epithelial cells,CD36,exclude,pass,include,appended,M00863,CD36 被用作晚期肺泡期尖端上皮的特异性表面 Marker。
DOI_10.1016_j.stem.2022.11.013,A_exclude,late-stage tip epithelial cells,CD44,exclude,pass,include,appended,M00864,CD44 与 CD36 共同定义晚期尖端上皮群体。
DOI_10.1016_j.stem.2022.11.013,A_exclude,late-stage tip epithelial cells,LAMP3,exclude,pass,include,appended,M00865,LAMP3 被列为肺泡谱系 Marker，用于晚期尖端上皮的谱系注释。
DOI_10.1016_j.stem.2022.11.013,A_exclude,late-stage tip epithelial cells,SFTPC,exclude,pass,include,appended,M00866,SFTPC 被列为肺泡谱系 Marker，用于识别获得 AT2 特征的晚期尖端细胞。
DOI_10.1016_j.stem.2022.11.013,A_exclude,late-stage tip epithelial cells,SLC34A2,exclude,pass,include,appended,M00867,SLC34A2 被列为肺泡谱系 Marker，用于晚期尖端上皮的识别。
DOI_10.1016_j.stem.2022.11.013,A_exclude,late-stage tip epithelial cells,SOX2,exclude,pass,include,appended,M00868,SOX2 作为远端尖端上皮的阳性 Marker 用于细胞形态学注释。
DOI_10.1016_j.stem.2022.11.013,A_exclude,late-stage tip epithelial cells,SOX9,exclude,pass,include,appended,M00869,SOX9 是尖端祖细胞/晚期尖端上皮的 Marker，并用于注释该群体。
DOI_10.1016_j.stem.2022.11.013,A_exclude,late-stage tip epithelial cells,TPPP3,exclude,pass,include,appended,M00870,TPPP3 被用于标记尖端上皮细胞。
DOI_10.1016_j.stem.2022.11.013,A_exclude,LinPOS organoids,LAMP3,exclude,pass,include,appended,M00871,LAMP3 被用作肺泡谱系 Marker，区分 LinPOS 与 LinNEG 类器官。
DOI_10.1016_j.stem.2022.11.013,A_exclude,LinPOS organoids,SFTPC,exclude,pass,include,appended,M00872,SFTPC 被用于区分 LinPOS 与 LinNEG 类器官的肺泡谱系身份。
DOI_10.1016_j.stem.2022.11.013,A_exclude,Lung epithelial cells,NKX2.1,exclude,pass,include,appended,M00873,NKX2.1 被明确列为肺上皮细胞 Marker。
DOI_10.1016_j.stem.2022.11.013,A_exclude,Myofibroblasts,ACTA2,exclude,pass,include,appended,M00874,ACTA2 被用于定义/显示肌成纤维细胞。
DOI_10.1016_j.stem.2022.11.013,A_exclude,Myofibroblasts,NOTUM,exclude,pass,include,appended,M00875,NOTUM+ 被用于识别肌成纤维细胞群体。
DOI_10.1016_j.stem.2022.11.013,A_exclude,Myofibroblasts,PDGFRa,exclude,pass,include,appended,M00876,PDGFRa (PDGFRA) 被用于定义肌成纤维细胞。
DOI_10.1016_j.stem.2022.11.013,A_exclude,Myofibroblasts,CD141,exclude,pass,include,appended,M00877,CD141 (THBD) 被用于定义肌成纤维细胞。
DOI_10.1016_j.stem.2022.11.013,A_exclude,myofibroblasts,NOTUM,exclude,pass,include,appended,M00878,作者以 NOTUM+ 命名并识别肌成纤维细胞亚群，属于正式注释 Marker。
DOI_10.1016_j.stem.2022.11.013,A_exclude,myofibroblasts,ACTA2,exclude,pass,include,appended,M00879,图中以 ACTA2+NOTUM+ 识别肌成纤维细胞。
DOI_10.1016_j.stem.2022.11.013,A_exclude,myofibroblasts,PDGFRA,exclude,pass,include,appended,M00880,PDGFRA+ 与 CD141+ 共同定义/分选肌成纤维细胞。
DOI_10.1016_j.stem.2022.11.013,A_exclude,myofibroblasts,CD141,exclude,pass,include,appended,M00881,CD141 (THBD) 与 PDGFRA 共同用于定义和分选肌成纤维细胞。
DOI_10.1016_j.stem.2022.11.013,A_exclude,stalk cells,PDPN,exclude,pass,include,appended,M00882,PDPN+ 与 SOX9− 共同定义尖端邻近 stalk 细胞。
DOI_10.1016_j.stem.2022.11.013,A_exclude,stalk cells,SOX9,exclude,pass,include,appended,M00883,SOX9 阴性被明确用于定义 stalk 细胞。
DOI_10.1016_j.stem.2022.11.013,A_exclude,Terminal airway cells,SCGB3A2,exclude,pass,include,appended,M00884,SCGB3A2+ 被用于识别终末气道细胞。
DOI_10.1016_j.stem.2022.11.013,A_exclude,tip epithelial cells,CD44,exclude,pass,include,appended,M00885,作者明确说 CD44 标记尖端上皮细胞，并用于分选/注释。
DOI_10.1016_j.stem.2022.11.013,A_exclude,Tip epithelium,CD36,exclude,pass,include,appended,M00886,CD36 被用于分选和定义尖端上皮细胞。
DOI_10.1016_j.stem.2022.11.013,A_exclude,Tip epithelium,CD44,exclude,pass,include,appended,M00887,CD44 被用于分选和定义尖端上皮细胞。
DOI_10.1016_j.stem.2022.11.013,A_exclude,Tip epithelium,E-cadherin,exclude,pass,include,appended,M00888,E-cadherin (CDH1) 被图中明确用于标记尖端上皮。
DOI_10.1016_j.stem.2022.11.013,A_exclude,Tip epithelium,PDPN,exclude,pass,include,appended,M00889,PDPN 阴性被明确用于区分 CD36+ 尖端。
DOI_10.1016_j.stem.2022.11.013,A_exclude,Tip epithelium,SFTPC,exclude,pass,include,appended,M00890,SFTPC 被图中明确列为尖端上皮 Marker。
DOI_10.1016_j.stem.2022.11.013,A_exclude,Tip epithelium,SOX9,exclude,pass,include,appended,M00891,SOX9 被图中明确列为尖端上皮 Marker。
DOI_10.1016_j.stem.2022.11.013,A_exclude,tip progenitor cells,SOX2,exclude,pass,include,appended,M00892,SOX2 被列为远端尖端上皮的标记基因，用于 tip progenitor 注释。
DOI_10.1016_j.stem.2022.11.013,A_exclude,tip progenitor cells,SOX9,exclude,pass,include,appended,M00893,作者明确说远端尖端被 SOX9 标记，用于识别 tip progenitor cells。
DOI_10.1016_j.stem.2022.11.013,A_exclude,tip progenitor cells,TPPP3,exclude,pass,include,appended,M00894,TPPP3 被列为尖端上皮 Marker，用于 tip progenitor 注释。
DOI_10.1016_j.cell.2021.07.023,A_exclude,B cells,CD79A,exclude,pass,include,appended,M00895,CD79A is explicitly used to identify B cells.
DOI_10.1016_j.cell.2021.07.023,A_exclude,B cells,CD79B,exclude,pass,include,appended,M00896,CD79B is explicitly used to identify B cells.
DOI_10.1016_j.cell.2021.07.023,A_exclude,B cells,MS4A1,exclude,pass,include,appended,M00897,MS4A1 is explicitly used to identify B cells.
DOI_10.1016_j.cell.2021.07.023,A_exclude,basal cells,KRT15,exclude,pass,include,appended,M00898,KRT15 is explicitly used by the authors to identify basal cells.
DOI_10.1016_j.cell.2021.07.023,A_exclude,basal cells,KRT5,exclude,pass,include,appended,M00899,KRT5 is explicitly used by the authors to identify basal cells.
DOI_10.1016_j.cell.2021.07.023,A_exclude,basal cells,TP63,exclude,pass,include,appended,M00900,TP63 is explicitly used by the authors to identify basal cells.
DOI_10.1016_j.cell.2021.07.023,A_exclude,CD8 T cells,CCL5,exclude,pass,include,appended,M00901,CCL5 is explicitly used to define the early response CD8 T cell subtype.
DOI_10.1016_j.cell.2021.07.023,A_exclude,CD8 T cells,FOSB,exclude,pass,include,appended,M00902,FOSB is explicitly used to define the early response CD8 T cell subtype.
DOI_10.1016_j.cell.2021.07.023,A_exclude,CD8 T cells,NR4A2,exclude,pass,include,appended,M00903,NR4A2 is explicitly used to define the early response CD8 T cell subtype.
DOI_10.1016_j.cell.2021.07.023,A_exclude,CD8 T cells,APOBEC3C,exclude,pass,include,appended,M00904,APOBEC3C is explicitly used to define interferon-responsive cytotoxic CD8 T cells.
DOI_10.1016_j.cell.2021.07.023,A_exclude,CD8 T cells,GBP5,exclude,pass,include,appended,M00905,GBP5 is explicitly used to define interferon-responsive cytotoxic CD8 T cells.
DOI_10.1016_j.cell.2021.07.023,A_exclude,CD8 T cells,GNLY,exclude,pass,include,appended,M00906,GNLY is explicitly used to define interferon-responsive cytotoxic CD8 T cells.
DOI_10.1016_j.cell.2021.07.023,A_exclude,CD8 T cells,GZMA,exclude,pass,include,appended,M00907,GZMA is explicitly used to define interferon-responsive cytotoxic CD8 T cells.
DOI_10.1016_j.cell.2021.07.023,A_exclude,CD8 T cells,GZMB,exclude,pass,include,appended,M00908,GZMB is explicitly used to define interferon-responsive cytotoxic CD8 T cells.
DOI_10.1016_j.cell.2021.07.023,A_exclude,CD8 T cells,GZMH,exclude,pass,include,appended,M00909,GZMH is explicitly used to define interferon-responsive cytotoxic CD8 T cells.
DOI_10.1016_j.cell.2021.07.023,A_exclude,CD8 T cells,IFIT3,exclude,pass,include,appended,M00910,IFIT3 is explicitly used to define interferon-responsive cytotoxic CD8 T cells.
DOI_10.1016_j.cell.2021.07.023,A_exclude,CD8 T cells,IKZF3,exclude,pass,include,appended,M00911,IKZF3 is explicitly used to define interferon-responsive cytotoxic CD8 T cells.
DOI_10.1016_j.cell.2021.07.023,A_exclude,CD8 T cells,IL2RB,exclude,pass,include,appended,M00912,IL2RB is explicitly used to define interferon-responsive cytotoxic CD8 T cells.
DOI_10.1016_j.cell.2021.07.023,A_exclude,CD8 T cells,ISG20,exclude,pass,include,appended,M00913,ISG20 is explicitly used to define interferon-responsive cytotoxic CD8 T cells.
DOI_10.1016_j.cell.2021.07.023,A_exclude,CD8 T cells,LAG3,exclude,pass,include,appended,M00914,LAG3 is explicitly used to define interferon-responsive cytotoxic CD8 T cells.
DOI_10.1016_j.cell.2021.07.023,A_exclude,CD8 T cells,PRF1,exclude,pass,include,appended,M00915,PRF1 is explicitly used to define interferon-responsive cytotoxic CD8 T cells.
DOI_10.1016_j.cell.2021.07.023,A_exclude,CD8 T cells,TBX21,exclude,pass,include,appended,M00916,TBX21 is explicitly used to define interferon-responsive cytotoxic CD8 T cells.
DOI_10.1016_j.cell.2021.07.023,new_finding,ciliahigh ciliated cells,CFAP100,never_reported,pass,include,appended,M00917,Author explicitly uses CFAP100 as a marker of ciliahigh ciliated cells.
DOI_10.1016_j.cell.2021.07.023,A_exclude,ciliated cells,CFAP43,exclude,pass,include,appended,M00918,CFAP43 is part of the ciliogenesis gene program used to identify ciliated cells.
DOI_10.1016_j.cell.2021.07.023,A_exclude,ciliated cells,DLEC1,exclude,pass,include,appended,M00919,DLEC1 is part of the ciliogenesis gene program used to identify ciliated cells.
DOI_10.1016_j.cell.2021.07.023,A_exclude,ciliated cells,DNAH11,exclude,pass,include,appended,M00920,DNAH11 is part of the ciliogenesis gene program used to identify ciliated cells.
DOI_10.1016_j.cell.2021.07.023,A_exclude,ciliated cells,FOXJ1,exclude,pass,include,appended,M00921,FOXJ1 is explicitly used to identify ciliated cells.
DOI_10.1016_j.cell.2021.07.023,A_exclude,Ciliated cells,BEST4,exclude,pass,include,appended,M00922,BEST4 defines the BEST4highciliahigh ciliated subtype.
DOI_10.1016_j.cell.2021.07.023,A_exclude,Ciliated cells,FOXJ1,exclude,pass,include,appended,M00923,FOXJ1 defines the FOXJ1high ciliated subtype.
DOI_10.1016_j.cell.2021.07.023,A_exclude,dendritic cells,CCR7,exclude,pass,include,appended,M00924,CCR7 is explicitly used to identify dendritic cells.
DOI_10.1016_j.cell.2021.07.023,A_exclude,dendritic cells,CD86,exclude,pass,include,appended,M00925,CD86 is explicitly used to identify dendritic cells.
DOI_10.1016_j.cell.2021.07.023,A_exclude,deuterosomal cells,CCNO,exclude,pass,include,appended,M00926,CCNO is explicitly used to identify deuterosomal cells.
DOI_10.1016_j.cell.2021.07.023,A_exclude,deuterosomal cells,CDC20B,exclude,pass,include,appended,M00927,CDC20B is explicitly used to identify deuterosomal cells.
DOI_10.1016_j.cell.2021.07.023,A_exclude,deuterosomal cells,DEUP1,exclude,pass,include,appended,M00928,DEUP1 is explicitly used to identify deuterosomal cells.
DOI_10.1016_j.cell.2021.07.023,A_exclude,deuterosomal cells,FOXN4,exclude,pass,include,appended,M00929,FOXN4 is explicitly used to identify deuterosomal cells.
DOI_10.1016_j.cell.2021.07.023,A_exclude,deuterosomal cells,HES6,exclude,pass,include,appended,M00930,HES6 is explicitly used to identify deuterosomal cells.
DOI_10.1016_j.cell.2021.07.023,new_finding,developing ciliated cells,CAPSL,never_reported,pass,include,appended,M00931,Author explicitly uses CAPSL expression to annotate developing ciliated cells.
DOI_10.1016_j.cell.2021.07.023,new_finding,developing ciliated cells,PIFO,never_reported,pass,include,appended,M00932,Author explicitly uses PIFO expression to annotate developing ciliated cells.
DOI_10.1016_j.cell.2021.07.023,A_exclude,Developing secretory and goblet cells,COL7A1,exclude,pass,include,appended,M00933,COL7A1 is used as a persistent basal marker to annotate developing secretory and goblet cells.
DOI_10.1016_j.cell.2021.07.023,A_exclude,Developing secretory and goblet cells,DST,exclude,pass,include,appended,M00934,DST is used as a persistent basal marker to annotate developing secretory and goblet cells.
DOI_10.1016_j.cell.2021.07.023,A_exclude,Developing secretory and goblet cells,KRT15,exclude,pass,include,appended,M00935,KRT15 is part of the basal marker expression used to annotate developing secretory and goblet cells.
DOI_10.1016_j.cell.2021.07.023,A_exclude,Developing secretory and goblet cells,KRT5,exclude,pass,include,appended,M00936,KRT5 is part of the basal marker expression used to annotate developing secretory and goblet cells.
DOI_10.1016_j.cell.2021.07.023,new_finding,early response secretory cells,EGR1,never_reported,pass,include,appended,M00937,Author explicitly includes EGR1 among the genes marking early response secretory cells.
DOI_10.1016_j.cell.2021.07.023,new_finding,early response secretory cells,FOS,never_reported,pass,include,appended,M00938,Author explicitly includes FOS among the genes marking early response secretory cells.
DOI_10.1016_j.cell.2021.07.023,new_finding,early response secretory cells,JUN,never_reported,pass,include,appended,M00939,Author explicitly includes JUN among the genes marking early response secretory cells.
DOI_10.1016_j.cell.2021.07.023,new_finding,early response secretory cells,NR4A1,never_reported,pass,include,appended,M00940,Author explicitly includes NR4A1 among the genes marking early response secretory cells.
DOI_10.1016_j.cell.2021.07.023,A_exclude,Erythroblast-like cells,HBA2,exclude,pass,include,appended,M00941,HBA2 is explicitly used to define erythroblast-like cells.
DOI_10.1016_j.cell.2021.07.023,A_exclude,Erythroblast-like cells,HBB,exclude,pass,include,appended,M00942,HBB is explicitly used to define erythroblast-like cells.
DOI_10.1016_j.cell.2021.07.023,A_exclude,goblet cells,AQP5,exclude,pass,include,appended,M00943,AQP5 is declared as a goblet cell-specific marker and appears in the goblet/secretory annotation marker set.
DOI_10.1016_j.cell.2021.07.023,A_exclude,goblet cells,CP,exclude,pass,include,appended,M00944,CP is part of the marker set used to resolve goblet cells.
DOI_10.1016_j.cell.2021.07.023,A_exclude,goblet cells,CXCL17,exclude,pass,include,appended,M00945,CXCL17 is part of the marker set used to resolve goblet cells.
DOI_10.1016_j.cell.2021.07.023,A_exclude,goblet cells,F3,exclude,pass,include,appended,M00946,F3 is part of the marker set used to resolve goblet cells.
DOI_10.1016_j.cell.2021.07.023,A_exclude,goblet cells,KRT7,exclude,pass,include,appended,M00947,KRT7 is declared as a goblet cell-specific marker and appears in the goblet/secretory annotation marker set.
DOI_10.1016_j.cell.2021.07.023,A_exclude,goblet cells,MUC5AC,exclude,pass,include,appended,M00948,MUC5AC is explicitly used to identify goblet cells.
DOI_10.1016_j.cell.2021.07.023,A_exclude,Goblet cells,MUC5AC,exclude,pass,include,appended,M00949,MUC5AC defines the MUC5AChigh goblet subtype.
DOI_10.1016_j.cell.2021.07.023,A_exclude,hillock-like cells,KRT13,exclude,pass,include,appended,M00950,KRT13 marks the KRT24highKRT13high/hillock-like cell population and is used as an annotation marker.
DOI_10.1016_j.cell.2021.07.023,new_finding,interferon responsive ciliated cells,IFI6,never_reported,pass,include,appended,M00951,Author explicitly uses IFI6 as a marker of interferon-responsive ciliated cells.
DOI_10.1016_j.cell.2021.07.023,new_finding,interferon responsive ciliated cells,IFIT1,never_reported,pass,include,appended,M00952,Author explicitly uses IFIT1 as a marker of interferon-responsive ciliated cells.
DOI_10.1016_j.cell.2021.07.023,new_finding,interferon responsive ciliated cells,IFIT3,never_reported,pass,include,appended,M00953,Author explicitly uses IFIT3 as a marker of interferon-responsive ciliated cells.
DOI_10.1016_j.cell.2021.07.023,A_exclude,ionocytes,CFTR,exclude,pass,include,appended,M00954,CFTR is explicitly used to identify ionocytes.
DOI_10.1016_j.cell.2021.07.023,A_exclude,ionocytes,FOXI1,exclude,pass,include,appended,M00955,FOXI1 is explicitly used to identify ionocytes.
DOI_10.1016_j.cell.2021.07.023,A_exclude,ionocytes,FOXI2,exclude,pass,include,appended,M00956,FOXI2 is explicitly used to identify ionocytes.
DOI_10.1016_j.cell.2021.07.023,A_exclude,KRT24highKRT13high secretory cells,KRT13,exclude,pass,include,appended,M00957,KRT13 is part of the subtype name and marker set used to annotate KRT24highKRT13high/hillock-like secretory cells.
DOI_10.1016_j.cell.2021.07.023,A_exclude,KRT24highKRT13high secretory cells,KRT24,exclude,pass,include,appended,M00958,KRT24 is part of the subtype name and marker set used to annotate KRT24highKRT13high secretory cells.
DOI_10.1016_j.cell.2021.07.023,A_exclude,macrophages,CD14,exclude,pass,include,appended,M00959,CD14 is explicitly used to identify macrophages.
DOI_10.1016_j.cell.2021.07.023,A_exclude,macrophages,FCGR3A,exclude,pass,include,appended,M00960,FCGR3A is explicitly used to identify macrophages.
DOI_10.1016_j.cell.2021.07.023,A_exclude,macrophages,VCAN,exclude,pass,include,appended,M00961,VCAN is explicitly used to identify macrophages.
DOI_10.1016_j.cell.2021.07.023,A_exclude,Macrophages,ALOX5,exclude,pass,include,appended,M00962,ALOX5 is explicitly included in the definition of the FFAR4high macrophage subtype.
DOI_10.1016_j.cell.2021.07.023,A_exclude,Macrophages,ALOX5AP,exclude,pass,include,appended,M00963,ALOX5AP is explicitly included in the definition of the FFAR4high macrophage subtype.
DOI_10.1016_j.cell.2021.07.023,A_exclude,Macrophages,CCL15,exclude,pass,include,appended,M00964,CCL15 is explicitly included in the definition of the FFAR4high macrophage subtype.
DOI_10.1016_j.cell.2021.07.023,A_exclude,Macrophages,CCL18,exclude,pass,include,appended,M00965,CCL18 is explicitly included in the definition of the FFAR4high macrophage subtype.
DOI_10.1016_j.cell.2021.07.023,A_exclude,Macrophages,CHIT1,exclude,pass,include,appended,M00966,CHIT1 is explicitly used to define the FFAR4high macrophage subtype.
DOI_10.1016_j.cell.2021.07.023,A_exclude,Macrophages,FFAR4,exclude,pass,include,appended,M00967,FFAR4 is explicitly used to define the FFAR4high macrophage subtype.
DOI_10.1016_j.cell.2021.07.023,A_exclude,Macrophages,LTA4H,exclude,pass,include,appended,M00968,LTA4H is explicitly included in the definition of the FFAR4high macrophage subtype.
DOI_10.1016_j.cell.2021.07.023,A_exclude,Macrophages,MRC1,exclude,pass,include,appended,M00969,MRC1 is explicitly used to define the FFAR4high macrophage subtype.
DOI_10.1016_j.cell.2021.07.023,A_exclude,Macrophages,SIGLEC11,exclude,pass,include,appended,M00970,SIGLEC11 is explicitly used to define the FFAR4high macrophage subtype.
DOI_10.1016_j.cell.2021.07.023,A_exclude,Macrophages,TLR2,exclude,pass,include,appended,M00971,TLR2 is explicitly included in the definition of the FFAR4high macrophage subtype.
DOI_10.1016_j.cell.2021.07.023,A_exclude,Macrophages,TLR8,exclude,pass,include,appended,M00972,TLR8 is explicitly included in the definition of the FFAR4high macrophage subtype.
DOI_10.1016_j.cell.2021.07.023,A_exclude,Macrophages,CCL3,exclude,pass,include,appended,M00973,CCL3 is explicitly used to define inflammatory macrophages.
DOI_10.1016_j.cell.2021.07.023,A_exclude,Macrophages,CCL3L1,exclude,pass,include,appended,M00974,CCL3L1 is explicitly used to define inflammatory macrophages.
DOI_10.1016_j.cell.2021.07.023,A_exclude,Macrophages,CXCL2,exclude,pass,include,appended,M00975,CXCL2 is explicitly used to define inflammatory macrophages.
DOI_10.1016_j.cell.2021.07.023,A_exclude,Macrophages,CXCL3,exclude,pass,include,appended,M00976,CXCL3 is explicitly used to define inflammatory macrophages.
DOI_10.1016_j.cell.2021.07.023,A_exclude,Macrophages,IL1B,exclude,pass,include,appended,M00977,IL1B is explicitly used to define inflammatory macrophages.
DOI_10.1016_j.cell.2021.07.023,A_exclude,Macrophages,CXCL10,exclude,pass,include,appended,M00978,CXCL10 is explicitly included in the distinguishing marker set for interferon-responsive macrophages.
DOI_10.1016_j.cell.2021.07.023,A_exclude,Macrophages,CXCL11,exclude,pass,include,appended,M00979,CXCL11 is explicitly included in the distinguishing marker set for interferon-responsive macrophages.
DOI_10.1016_j.cell.2021.07.023,A_exclude,Macrophages,CXCL9,exclude,pass,include,appended,M00980,CXCL9 is explicitly included in the distinguishing marker set for interferon-responsive macrophages.
DOI_10.1016_j.cell.2021.07.023,A_exclude,Macrophages,IFIT2,exclude,pass,include,appended,M00981,IFIT2 is explicitly used to distinguish interferon-responsive macrophages.
DOI_10.1016_j.cell.2021.07.023,A_exclude,Macrophages,IFIT3,exclude,pass,include,appended,M00982,IFIT3 is explicitly used to distinguish interferon-responsive macrophages.
DOI_10.1016_j.cell.2021.07.023,A_exclude,Macrophages,ISG15,exclude,pass,include,appended,M00983,ISG15 is explicitly used to distinguish interferon-responsive macrophages.
DOI_10.1016_j.cell.2021.07.023,A_exclude,Macrophages,MX1,exclude,pass,include,appended,M00984,MX1 is explicitly used to distinguish interferon-responsive macrophages.
DOI_10.1016_j.cell.2021.07.023,A_exclude,Macrophages,CD163,exclude,pass,include,appended,M00985,CD163 is explicitly used to distinguish ITGAXhigh macrophages.
DOI_10.1016_j.cell.2021.07.023,A_exclude,Macrophages,FTH1,exclude,pass,include,appended,M00986,FTH1 is explicitly used to distinguish ITGAXhigh macrophages.
DOI_10.1016_j.cell.2021.07.023,A_exclude,Macrophages,FTL,exclude,pass,include,appended,M00987,FTL is explicitly used to distinguish ITGAXhigh macrophages.
DOI_10.1016_j.cell.2021.07.023,A_exclude,Macrophages,ITGAX,exclude,pass,include,appended,M00988,ITGAX defines the ITGAXhigh macrophage subtype and is used to distinguish it from other immune cells.
DOI_10.1016_j.cell.2021.07.023,A_exclude,Macrophages,PSAP,exclude,pass,include,appended,M00989,PSAP is explicitly used to distinguish ITGAXhigh macrophages.
DOI_10.1016_j.cell.2021.07.023,A_exclude,Macrophages,VCAN,exclude,pass,include,appended,M00990,VCAN is explicitly used to distinguish ITGAXhigh macrophages.
DOI_10.1016_j.cell.2021.07.023,A_exclude,Macrophages,APOE,exclude,pass,include,appended,M00991,APOE is explicitly used to define MSR1highC1QBhigh macrophages.
DOI_10.1016_j.cell.2021.07.023,A_exclude,Macrophages,C1QA,exclude,pass,include,appended,M00992,C1QA is explicitly used to define MSR1highC1QBhigh macrophages.
DOI_10.1016_j.cell.2021.07.023,A_exclude,Macrophages,C1QB,exclude,pass,include,appended,M00993,C1QB is part of the subtype name and is explicitly included in the complement expression defining the subtype.
DOI_10.1016_j.cell.2021.07.023,A_exclude,Macrophages,C1QC,exclude,pass,include,appended,M00994,C1QC is explicitly used to define MSR1highC1QBhigh macrophages.
DOI_10.1016_j.cell.2021.07.023,A_exclude,Macrophages,CTSB,exclude,pass,include,appended,M00995,CTSB is explicitly used to define MSR1highC1QBhigh macrophages.
DOI_10.1016_j.cell.2021.07.023,A_exclude,Macrophages,CTSD,exclude,pass,include,appended,M00996,CTSD is explicitly used to define MSR1highC1QBhigh macrophages.
DOI_10.1016_j.cell.2021.07.023,A_exclude,Macrophages,CTSL,exclude,pass,include,appended,M00997,CTSL is explicitly used to define MSR1highC1QBhigh macrophages.
DOI_10.1016_j.cell.2021.07.023,A_exclude,Macrophages,NPC2,exclude,pass,include,appended,M00998,NPC2 is explicitly used to define MSR1highC1QBhigh macrophages.
DOI_10.1016_j.cell.2021.07.023,new_finding,mast cells,GATA2,never_reported,pass,include,appended,M00999,Author explicitly uses GATA2 to identify mast cells.
DOI_10.1016_j.cell.2021.07.023,new_finding,mast cells,PTGS2,never_reported,pass,include,appended,M01000,Author explicitly uses PTGS2 to identify mast cells.
DOI_10.1016_j.cell.2021.07.023,new_finding,mast cells,TPSB2,never_reported,pass,include,appended,M01001,Author explicitly uses TPSB2 to identify mast cells.
DOI_10.1016_j.cell.2021.07.023,A_exclude,mitotic basal cells,MKI67,exclude,pass,include,appended,M01002,MKI67 is used to annotate mitotic basal cells.
DOI_10.1016_j.cell.2021.07.023,A_exclude,mitotic basal cells,TOP2A,exclude,pass,include,appended,M01003,TOP2A is used to annotate mitotic basal cells.
DOI_10.1016_j.cell.2021.07.023,A_exclude,plasmacytoid DCs,IL3RA,exclude,pass,include,appended,M01004,IL3RA is explicitly used to identify plasmacytoid DCs.
DOI_10.1016_j.cell.2021.07.023,A_exclude,plasmacytoid DCs,IRF7,exclude,pass,include,appended,M01005,IRF7 is explicitly used to identify plasmacytoid DCs.
DOI_10.1016_j.cell.2021.07.023,A_exclude,secretory cells,AQP5,exclude,pass,include,appended,M01006,Authors declare AQP5 as a secretory/goblet cell-specific marker; AQP5 is also used in the annotation marker set for these cells.
DOI_10.1016_j.cell.2021.07.023,A_exclude,Secretory cells,BPIFA1,exclude,pass,include,appended,M01007,BPIFA1 is explicitly used to distinguish and annotate secretory cells.
DOI_10.1016_j.cell.2021.07.023,A_exclude,Secretory cells,CD66c,exclude,pass,include,appended,M01008,CD66c/CEACAM6 is used as a positive gating marker to identify secretory cells in flow cytometry.
DOI_10.1016_j.cell.2021.07.023,A_exclude,secretory cells,CP,exclude,pass,include,appended,M01009,CP is listed in the marker set used to resolve secretory and goblet cells.
DOI_10.1016_j.cell.2021.07.023,A_exclude,secretory cells,CXCL17,exclude,pass,include,appended,M01010,CXCL17 is listed in the marker set used to resolve secretory and goblet cells.
DOI_10.1016_j.cell.2021.07.023,A_exclude,secretory cells,F3,exclude,pass,include,appended,M01011,F3 is listed in the marker set used to resolve secretory and goblet cells.
DOI_10.1016_j.cell.2021.07.023,A_exclude,Secretory cells,CD49f,exclude,pass,include,appended,M01012,CD49f/ITGA6 is used as a negative gating marker to identify secretory cells in flow cytometry.
DOI_10.1016_j.cell.2021.07.023,A_exclude,secretory cells,KRT7,exclude,pass,include,appended,M01013,Authors declare KRT7 as a secretory/goblet cell-specific marker; KRT7 is also used in the annotation marker set for these cells.
DOI_10.1016_j.cell.2021.07.023,A_exclude,Secretory cells,CD271,exclude,pass,include,appended,M01014,CD271/NGFR is used as a negative gating marker to identify secretory cells in flow cytometry.
DOI_10.1016_j.cell.2021.07.023,A_exclude,Secretory cells,CD45,exclude,pass,include,appended,M01015,CD45 is used as a negative gating marker to identify secretory cells in the flow cytometry validation.
DOI_10.1016_j.cell.2021.07.023,A_exclude,Secretory cells,CXCL1,exclude,pass,include,appended,M01016,CXCL1 is used to define the chemokinehigh component of this annotated secretory subtype.
DOI_10.1016_j.cell.2021.07.023,A_exclude,Secretory cells,CXCL2,exclude,pass,include,appended,M01017,CXCL2 is used to define the chemokinehigh component of this annotated secretory subtype.
DOI_10.1016_j.cell.2021.07.023,A_exclude,Secretory cells,CXCL3,exclude,pass,include,appended,M01018,CXCL3 is used to define the chemokinehigh component of this annotated secretory subtype.
DOI_10.1016_j.cell.2021.07.023,A_exclude,Secretory cells,CXCL8,exclude,pass,include,appended,M01019,CXCL8 is used to define the chemokinehigh component of this annotated secretory subtype.
DOI_10.1016_j.cell.2021.07.023,A_exclude,Secretory cells,IFI6,exclude,pass,include,appended,M01020,IFI6 is explicitly used to define interferon-responsive secretory cells.
DOI_10.1016_j.cell.2021.07.023,A_exclude,Secretory cells,IFITM3,exclude,pass,include,appended,M01021,IFITM3 is explicitly used to define interferon-responsive secretory cells.
DOI_10.1016_j.cell.2021.07.023,A_exclude,Secretory cells,MX1,exclude,pass,include,appended,M01022,MX1 is explicitly used to define interferon-responsive secretory cells.
DOI_10.1016_j.cell.2021.07.023,A_exclude,Secretory cells,KRT13,exclude,pass,include,appended,M01023,KRT13 is part of the marker-based name and annotation of this secretory subtype.
DOI_10.1016_j.cell.2021.07.023,A_exclude,Secretory cells,SERPINB11,exclude,pass,include,appended,M01024,SERPINB11 defines the SERPINB11high secretory subtype.
DOI_10.1016_j.cell.2021.07.023,new_finding,SPRR2Dhigh squamous cells,SPRR1B,never_reported,pass,include,appended,M01025,Author explicitly uses SPRR1B as a marker of SPRR2Dhigh squamous cells.
DOI_10.1016_j.cell.2021.07.023,new_finding,SPRR2Dhigh squamous cells,SPRR2A,never_reported,pass,include,appended,M01026,Author explicitly uses SPRR2A as a marker of SPRR2Dhigh squamous cells.
DOI_10.1016_j.cell.2021.07.023,new_finding,SPRR2Dhigh squamous cells,SPRR2E,never_reported,pass,include,appended,M01027,Author explicitly uses SPRR2E as a marker of SPRR2Dhigh squamous cells.
DOI_10.1016_j.cell.2021.07.023,new_finding,SPRR2Dhigh squamous cells,SPRR3,never_reported,pass,include,appended,M01028,Author explicitly uses SPRR3 as a marker of SPRR2Dhigh squamous cells.
DOI_10.1016_j.cell.2021.07.023,A_exclude,squamous cells,SCEL,exclude,pass,include,appended,M01029,SCEL is explicitly used to identify squamous cells.
DOI_10.1016_j.cell.2021.07.023,A_exclude,Squamous cells,CCL5,exclude,pass,include,appended,M01030,CCL5 defines the CCL5high squamous subtype.
DOI_10.1016_j.cell.2021.07.023,A_exclude,Squamous cells,SPRR2D,exclude,pass,include,appended,M01031,SPRR2D defines the SPRR2Dhigh squamous subtype.
DOI_10.1016_j.cell.2021.07.023,A_exclude,Squamous cells,VEGFA,exclude,pass,include,appended,M01032,VEGFA defines the VEGFAhigh squamous subtype.
DOI_10.1016_j.cell.2021.07.023,A_exclude,T cells,CD2,exclude,pass,include,appended,M01033,CD2 is explicitly used to identify T cells.
DOI_10.1016_j.cell.2021.07.023,A_exclude,T cells,CD3E,exclude,pass,include,appended,M01034,CD3E is explicitly used to identify T cells.
DOI_10.1016_j.cell.2021.07.023,A_exclude,T cells,CD69,exclude,pass,include,appended,M01035,CD69 is reported as a positive marker of the annotated T cell population in the immune annotation methods.
DOI_10.1016_j.cell.2021.07.023,A_exclude,T cells,CD8A,exclude,pass,include,appended,M01036,CD8A is reported as a positive marker of the annotated T cell population in the immune annotation methods.
DOI_10.1016_j.cell.2021.07.023,A_exclude,T cells,TRBC2,exclude,pass,include,appended,M01037,TRBC2 is explicitly used to identify T cells.
DOI_10.1016_j.cell.2021.07.023,new_finding,VEGFAhigh squamous cells,VWF,never_reported,pass,include,appended,M01038,Author explicitly uses VWF as a marker of VEGFAhigh squamous cells.
DOI_10.64898_2025.12.18.695268,A_exclude,adipocytes,ADIPOQ,exclude,pass,include,appended,M01039,ADIPOQ is part of the marker combination defining adipocytes.
DOI_10.64898_2025.12.18.695268,A_exclude,adipocytes,FABP3,exclude,pass,include,appended,M01040,FABP3 is part of the marker combination defining adipocytes.
DOI_10.64898_2025.12.18.695268,A_exclude,arterial endothelial cells,GJA5,exclude,pass,include,appended,M01041,GJA5 is explicitly designated as the arterial marker in the Xenium spatial annotation.
DOI_10.64898_2025.12.18.695268,A_exclude,arterial endothelial cells,PECAM1,exclude,pass,include,appended,M01042,PECAM1 is used to label endothelial cells in the artery-associated ROI.
DOI_10.64898_2025.12.18.695268,A_exclude,basal urothelial cells,SHH,exclude,pass,include,appended,M01043,SHH is explicitly used to label basal urothelial cells in the Xenium spatial annotation.
DOI_10.64898_2025.12.18.695268,A_exclude,endothelial cells,GJA5,exclude,pass,include,appended,M01044,GJA5 is used as the arterial endothelial marker in both snRNA-seq and Xenium analyses.
DOI_10.64898_2025.12.18.695268,A_exclude,endothelial cells,PECAM1,exclude,pass,include,appended,M01045,PECAM1 is used together with GJA5 to identify arterial endothelial cells; also listed in Methods for stromal annotation.
DOI_10.64898_2025.12.18.695268,A_exclude,endothelial cells,MMRN1,exclude,pass,include,appended,M01046,MMRN1 is part of the marker combination defining lymphatic endothelial cells.
DOI_10.64898_2025.12.18.695268,A_exclude,endothelial cells,TFF3,exclude,pass,include,appended,M01047,TFF3 is part of the marker combination defining lymphatic endothelial cells.
DOI_10.64898_2025.12.18.695268,A_exclude,endothelial cells,FLT1,exclude,pass,include,appended,M01048,FLT1 is used as the venous endothelial marker in both snRNA-seq and Xenium analyses.
DOI_10.64898_2025.12.18.695268,A_exclude,fibroblast,DCN,exclude,pass,include,appended,M01049,DCN is explicitly listed in Methods as a marker used to annotate fibroblasts.
DOI_10.64898_2025.12.18.695268,A_exclude,fibroblast,PDGFRA,exclude,pass,include,appended,M01050,PDGFRA is explicitly listed in Methods as a marker used to annotate fibroblasts.
DOI_10.64898_2025.12.18.695268,A_exclude,fibroblast xFB-0,HHIP,exclude,pass,include,appended,M01051,HHIP positivity is explicitly used to define xFB-0.
DOI_10.64898_2025.12.18.695268,A_exclude,fibroblast xFB-0,PTCH1,exclude,pass,include,appended,M01052,PTCH1 is part of the marker combination defining xFB-0 as well as xFB-5.
DOI_10.64898_2025.12.18.695268,A_exclude,fibroblast xFB-5,HHIP,exclude,pass,include,appended,M01053,HHIP negativity is explicitly used together with PTCH1 to distinguish xFB-5 from xFB-0; polarity corrected to negative.
DOI_10.64898_2025.12.18.695268,A_exclude,fibroblast xFB-5,PTCH1,exclude,pass,include,appended,M01054,PTCH1 is part of the marker combination defining xFB-5.
DOI_10.64898_2025.12.18.695268,A_exclude,fibroblast xFB-7,DCN,exclude,pass,include,appended,M01055,DCN is part of the marker combination defining peri-neuronal fibroblast xFB-7.
DOI_10.64898_2025.12.18.695268,A_exclude,fibroblast xFB-7,NGFR,exclude,pass,include,appended,M01056,NGFR is part of the marker combination defining xFB-7.
DOI_10.64898_2025.12.18.695268,A_exclude,fibroblast xFB-8,CCL11,exclude,pass,include,appended,M01057,CCL11 is used as the marker identifying xFB-8 in the artery-associated niche.
DOI_10.64898_2025.12.18.695268,A_exclude,fibroblast xFB-9,CXCL14,exclude,pass,include,appended,M01058,CXCL14 is used as the marker identifying xFB-9 in the vein-associated niche.
DOI_10.64898_2025.12.18.695268,A_exclude,immune cells,CD45,exclude,pass,include,appended,M01059,CD45 (PTPRC) is explicitly applied as an antibody marker to identify immune cells during Xenium cell segmentation; this is a marker-based identification step.
DOI_10.64898_2025.12.18.695268,A_exclude,macrophages,LYVE1,exclude,pass,include,appended,M01060,LYVE1 is used as the defining marker for the second macrophage subpopulation.
DOI_10.64898_2025.12.18.695268,A_exclude,macrophages,MS4A7,exclude,pass,include,appended,M01061,MS4A7 is used as the defining marker for one macrophage subpopulation in Xenium annotation.
DOI_10.64898_2025.12.18.695268,A_exclude,peri-urothelial fibroblasts xFB-0,PTCH1,exclude,pass,include,appended,M01062,PTCH1 is explicitly used to label peri-urothelial fibroblast xFB-0.
DOI_10.64898_2025.12.18.695268,A_exclude,peri-urothelial fibroblasts xFB-5,HHIP,exclude,pass,include,appended,M01063,HHIP is explicitly used to label peri-urothelial fibroblast xFB-5 in the spatial annotation.
DOI_10.64898_2025.12.18.695268,A_exclude,pericytes,ADGRF5,exclude,pass,include,appended,M01064,ADGRF5 is explicitly labeled as a pericyte marker in the Xenium spatial annotation figure.
DOI_10.64898_2025.12.18.695268,A_exclude,pericytes,CSPG4,exclude,pass,include,appended,M01065,CSPG4 is the marker used to define pericytes.
DOI_10.64898_2025.12.18.695268,A_exclude,plasma cells,KI67,exclude,pass,include,appended,M01066,KI67 is explicitly used to define the KI67+ plasma cell subpopulation; standardized to MKI67.
DOI_10.64898_2025.12.18.695268,A_exclude,Schwann cells (nerve bundle),NRXN1,exclude,pass,include,appended,M01067,"NRXN1 is labeled as a nerve marker in fig. S3E and the main text identifies the NRXN1+ cells as Schwann cells; the same gene-cell association is already in the total table, retained here for candidate"
DOI_10.64898_2025.12.18.695268,A_exclude,smooth muscle cells,ACTA2,exclude,pass,include,appended,M01068,ACTA2 is used in the marker combination defining the general smooth muscle cell subset.
DOI_10.64898_2025.12.18.695268,A_exclude,smooth muscle cells,MYLK,exclude,pass,include,appended,M01069,MYLK is used in the marker combination defining general smooth muscle cells.
DOI_10.64898_2025.12.18.695268,A_exclude,smooth muscle cells,RGS5,exclude,pass,include,appended,M01070,RGS5 is used as the marker for vascular smooth muscle cells in both snRNA-seq and Xenium annotation.
DOI_10.64898_2025.12.18.695268,A_exclude,stromal cells (non-fibroblast),ACTA2,exclude,pass,include,appended,M01071,ACTA2 is explicitly listed among markers used to annotate the non-fibroblast stromal compartment in Xenium.
DOI_10.64898_2025.12.18.695268,A_exclude,stromal cells (non-fibroblast),MYLK,exclude,pass,include,appended,M01072,MYLK is explicitly listed among markers used to annotate the non-fibroblast stromal compartment.
DOI_10.64898_2025.12.18.695268,A_exclude,stromal cells (non-fibroblast),PECAM1,exclude,pass,include,appended,M01073,PECAM1 is explicitly listed among markers used to annotate the non-fibroblast stromal compartment.
DOI_10.64898_2025.12.18.695268,A_exclude,stromal cells (non-fibroblast),RGS5,exclude,pass,include,appended,M01074,RGS5 is explicitly listed among markers used to annotate the non-fibroblast stromal compartment.
DOI_10.64898_2025.12.18.695268,A_exclude,stromal cells (non-fibroblast),XKR4,exclude,pass,include,appended,M01075,"XKR4 is explicitly listed among markers used to annotate the non-fibroblast stromal compartment; separate from its Schwann-cell annotation, which is already in the total table."
DOI_10.64898_2025.12.18.695268,A_exclude,umbrella cells,UPK3A,exclude,pass,include,appended,M01076,UPK3A is explicitly used to label umbrella cells in the Xenium spatial annotation.
DOI_10.64898_2025.12.18.695268,A_exclude,urothelial cells,KRT5,exclude,pass,include,appended,M01077,"KRT5 is explicitly listed in Methods as a marker used for urothelial cell annotation, satisfying Marker identity and annotation-use criteria."
DOI_10.64898_2025.12.18.695268,A_exclude,urothelial cells,UPK3A,exclude,pass,include,appended,M01078,UPK3A is explicitly listed in Methods as a urothelial annotation marker.
DOI_10.64898_2025.12.18.695268,A_exclude,urothelial cells,ADAMTS9,exclude,pass,include,appended,M01079,ADAMTS9 is part of the marker combination defining basal urothelial cells.
DOI_10.64898_2025.12.18.695268,A_exclude,urothelial cells,KRT13,exclude,pass,include,appended,M01080,KRT13 is part of the marker combination used to define the basal urothelial layer.
DOI_10.64898_2025.12.18.695268,A_exclude,urothelial cells,ABCC3,exclude,pass,include,appended,M01081,ABCC3 is part of the marker combination defining intermediate urothelial cells.
DOI_10.64898_2025.12.18.695268,A_exclude,urothelial cells,KI67,exclude,pass,include,appended,M01082,KI67 is explicitly used to identify the proliferative urothelial subpopulation; standardized to MKI67.
DOI_10.64898_2025.12.18.695268,A_exclude,urothelial cells,UPK1A,exclude,pass,include,appended,M01083,UPK1A is used in the marker combination defining umbrella urothelial cells.
DOI_10.64898_2025.12.18.695268,A_exclude,vascular smooth muscle cells,RGS5,exclude,pass,include,appended,M01084,RGS5 is explicitly used to label vascular smooth muscle cells in the spatial annotation.
DOI_10.64898_2025.12.18.695268,A_exclude,venous endothelial cells,FLT1,exclude,pass,include,appended,M01085,FLT1 is explicitly designated as the venous marker in the Xenium spatial annotation.
DOI_10.64898_2025.12.18.695268,A_exclude,venous endothelial cells,PECAM1,exclude,pass,include,appended,M01086,PECAM1 is used to label venous endothelial cells in the vein-associated ROI.
DOI_10.64898_2025.12.18.695268,A_exclude,Xenium fibroblast xFB-8,CCL11,exclude,pass,include,appended,M01087,CCL11 is explicitly used to label fibroblast xFB-8 in the spatial annotation.
DOI_10.64898_2025.12.18.695268,A_exclude,xFB-7 (Xenium fibroblast 7),NGFR,exclude,pass,include,appended,M01088,NGFR is explicitly described as the xFB-7-specific marker in the supplementary spatial annotation.
DOI_10.64898_2025.12.18.695268,A_exclude,xFB-9 (Xenium fibroblast 9),CXCL14,exclude,pass,include,appended,M01089,CXCL14 is explicitly described as the xFB-9-specific marker in the supplementary spatial annotation.
DOI_10.1126_science.aat5031,A_exclude,cDC1,THBD,exclude,pass,include,appended,M01090,作者以 CD141/THBD 作为 cDC1 的定义 Marker。
DOI_10.1126_science.aat5031,A_exclude,cDC1,XCR1,exclude,pass,include,appended,M01091,作者以 XCR1 作为 cDC1 的定义 Marker。
DOI_10.1126_science.aat5031,A_exclude,cDC2,CD1c,exclude,pass,include,appended,M01092,作者以 CD1c 表达定义 cDC2 亚群。
DOI_10.1126_science.aat5031,A_exclude,classical myeloid DC (cDC),CD14,exclude,pass,include,appended,M01093,CD14- 是作者用于定义 cDC 的阴性 Marker，用于与单核来源巨噬细胞区分。
DOI_10.1126_science.aat5031,A_exclude,classical myeloid DC (cDC),CD11c,exclude,pass,include,appended,M01094,作者以 CD11c+ 表型定义 cDC，并用于髓系 DC 亚群注释。
DOI_10.1126_science.aat5031,A_exclude,MNP cluster,CD1C,exclude,pass,include,appended,M01095,图 3C 为经典髓系 Marker 面板；作者用这些基因在 MNPc 中的表达将其注释为含 cDC1/cDC2 的簇，属于注释用途。
DOI_10.1126_science.aat5031,A_exclude,MNP cluster,CLEC9A,exclude,pass,include,appended,M01096,图 3C Marker 面板中 CLEC9A 在 MNPc 的表达被用于识别其中的 cDC 成分，属注释用途。
DOI_10.1126_science.aat5031,A_exclude,MNP cluster,THBD,exclude,pass,include,appended,M01097,图 3C Marker 面板中 CD141/THBD 在 MNPc 的表达被用于判断其含 cDC1，属注释用途。
DOI_10.1126_science.aat5031,A_exclude,MNP cluster,XCR1,exclude,pass,include,appended,M01098,图 3C Marker 面板中 XCR1 在 MNPc 的表达被用于判断该簇包含 cDC1/cDC2，属注释用途。
DOI_10.1126_science.aat5031,new_finding,MNP clusters (MNPa-d),HLA-DRA,never_reported,pass,include,appended,M01099,作者以 HLA-DRA 作为 MHCII 代表基因，展示所有 MNP 簇表达，用于髓系谱系注释；弥补 MHCII 复合物无法作为单一基因收录。
DOI_10.1126_science.aat5031,new_finding,MNP clusters (MNPa-d),ITGAX,never_reported,pass,include,appended,M01100,ITGAX/CD11c 是图 3C 经典髓系 Marker 面板中的基因，作者以所有 MNP 簇表达 ITGAX 作为 MNP 区室鉴定依据。
DOI_10.1126_science.aat5031,new_finding,MNPa and MNPd,CD14,never_reported,pass,include,appended,M01101,CD14 是经典单核/巨噬细胞 Marker，作者用其区分 MNPa/MNPd 与其他 MNP 亚群，属注释 Marker。
DOI_10.1126_science.aat5031,new_finding,MNPb,FCGR3A,never_reported,pass,include,appended,M01102,CD16/FCGR3A 用于标记非经典单核样 MNPb 亚群，是 MNP 亚群注释 Marker。
DOI_10.1126_science.aat5031,A_exclude,monocyte-derived macrophages,CD14,exclude,pass,include,appended,M01103,CD14 与 CD11c/MHCII 共同被作者用于定义单核来源巨噬细胞，属于注释 Marker。
DOI_10.1126_science.aat5031,A_exclude,monocyte-derived macrophages,CD11c,exclude,pass,include,appended,M01104,作者明确将 CD11c 表达作为单核来源巨噬细胞（CD11c+MHCII+CD14+）的鉴定 Marker，并用于 MNP 亚群注释；物种为人，层级或范围不构成排除理由。
DOI_10.1126_science.aat5031,A_exclude,pelvic epithelium (PE),KRT17,exclude,pass,include,appended,M01105,作者明确称 KRT17 为肾盂上皮（PE）的 Marker，并以 CK17+ 细胞识别 PE；属正式 Marker，细胞类型范围不构成排除理由。
DOI_10.1016_j.isci.2024.111628,B_unaudited,Arterial endothelial cells,BMX,never_audited,pass,include,appended,M01106,BMX 为 arterial endothelial cluster 的注释 Marker，在 Fig 1E 中用于内皮细胞分型。
DOI_10.1016_j.isci.2024.111628,B_unaudited,Arterial endothelial cells,GJA5,never_audited,pass,include,appended,M01107,GJA5 为 arterial endothelial cluster 的阳性注释 Marker，在 Fig 1E 中用于内皮细胞分型。
DOI_10.1016_j.isci.2024.111628,B_unaudited,B Cells,CD79A,never_audited,pass,include,appended,M01108,CD79A 为 B Cells 的注释 Marker，在 Fig 1D dot plot 中用于免疫细胞分型。
DOI_10.1016_j.isci.2024.111628,B_unaudited,B Cells,CD79B,never_audited,pass,include,appended,M01109,CD79B 为 B Cells 的注释 Marker，在 Fig 1D dot plot 中用于免疫细胞分型。
DOI_10.1016_j.isci.2024.111628,B_unaudited,B Cells,MS4A1,never_audited,pass,include,appended,M01110,MS4A1 为 B Cells 的注释 Marker，在 Fig 1D dot plot 中用于免疫细胞分型。
DOI_10.1016_j.isci.2024.111628,B_unaudited,basal urothelium,KRT13,never_audited,pass,include,appended,M01111,KRT13 为 basal urothelium 的注释 Marker，在 Fig 1C dot plot 中用于细胞分型。
DOI_10.1016_j.isci.2024.111628,B_unaudited,basal urothelium,KRT17,never_audited,pass,include,appended,M01112,KRT17 为 basal urothelium 的注释 Marker，在 Fig 1C dot plot 中用于细胞分型。
DOI_10.1016_j.isci.2024.111628,B_unaudited,basal urothelium,KRT5,never_audited,pass,include,appended,M01113,KRT5 为 basal urothelium 的注释 Marker，在 Fig 1C dot plot 中用于细胞分型。
DOI_10.1016_j.isci.2024.111628,new_finding,basal urothelium,MKI67,never_reported,pass,include,appended,M01114,MKI67 虽为增殖相关基因，但在 Fig 1C 注释 dot plot 的 basal urothelium Marker 集合中列出，作者据此进行尿路上皮细胞分型。
DOI_10.1016_j.isci.2024.111628,B_unaudited,CXCL14hi fibroblast,CXCL14,never_audited,pass,include,appended,M01115,CXCL14 为 CXCL14hi fibroblast 的注释 Marker，在 Fig 1E 中用于基质细胞分型。
DOI_10.1016_j.isci.2024.111628,B_unaudited,CXCL14hi fibroblast,GPC3,never_audited,pass,include,appended,M01116,GPC3 为 CXCL14hi fibroblast 的注释 Marker，在 Fig 1E 中用于基质细胞分型。
DOI_10.1016_j.isci.2024.111628,B_unaudited,CXCL14hi fibroblast,NFGR,never_audited,pass,include,appended,M01117,NFGR 为 NGFR 的异写/别名；作为 CXCL14hi fibroblast 的注释 Marker 在 Fig 1E 中用于基质细胞分型。
DOI_10.1016_j.isci.2024.111628,B_unaudited,Dendritic cells (DC),CIITA,never_audited,pass,include,appended,M01118,CIITA 为 DC 的注释 Marker，在 Fig 1D dot plot 中用于免疫细胞分型。
DOI_10.1016_j.isci.2024.111628,B_unaudited,Dendritic cells (DC),CLEC10A,never_audited,pass,include,appended,M01119,CLEC10A 为 DC 的注释 Marker，在 Fig 1D dot plot 中用于免疫细胞分型。
DOI_10.1016_j.isci.2024.111628,B_unaudited,Fibroblasts,COL1A1,never_audited,pass,include,appended,M01120,COL1A1 为 fibroblast clusters 的注释 Marker，在 Fig 1E 中用于基质细胞分型。
DOI_10.1016_j.isci.2024.111628,B_unaudited,Fibroblasts,DCN,never_audited,pass,include,appended,M01121,DCN 为 fibroblast clusters 的注释 Marker，在 Fig 1E 中用于基质细胞分型。
DOI_10.1016_j.isci.2024.111628,B_unaudited,Fibroblasts,PDGFRA,never_audited,pass,include,appended,M01122,PDGFRA 为 fibroblast clusters 的注释 Marker，在 Fig 1E 中用于基质细胞分型。
DOI_10.1016_j.isci.2024.111628,B_unaudited,General endothelial cells,GJA5,never_audited,pass,include,appended,M01123,GJA5 在 general endothelial cluster 注释中作为阴性 Marker (GJA5-) 使用，用于与动脉内皮区分。
DOI_10.1016_j.isci.2024.111628,B_unaudited,General endothelial cells,LYVE1,never_audited,pass,include,appended,M01124,LYVE1 在 general endothelial cluster 注释中作为阴性 Marker (LYVE1-) 使用，用于与淋巴内皮区分。
DOI_10.1016_j.isci.2024.111628,B_unaudited,General endothelial cells,PECAM1,never_audited,pass,include,appended,M01125,PECAM1 为 general endothelial cluster 的阳性注释 Marker，在 Fig 1E 中用于内皮细胞分型。
DOI_10.1016_j.isci.2024.111628,B_unaudited,General endothelial cells,SELP,never_audited,pass,include,appended,M01126,SELP 在 general endothelial cluster 注释中作为阴性 Marker (SELP-) 使用，用于与静脉内皮区分。
DOI_10.1016_j.isci.2024.111628,B_unaudited,Immune cells,IL7R,never_audited,pass,include,appended,M01127,IL7R 被作者用作免疫细胞 marker，并通过 Fig 1B feature plot 参与免疫区室识别/归类。
DOI_10.1016_j.isci.2024.111628,B_unaudited,Immune cells,PTPRC,never_audited,pass,include,appended,M01128,PTPRC 被作者用作免疫 compartment 的 marker，并通过 Fig 1B feature plot 参与免疫区室识别/归类。
DOI_10.1016_j.isci.2024.111628,B_unaudited,Intermediate (transitional) urothelial cells,AKR1C2,never_audited,pass,include,appended,M01129,AKR1C2 为 intermediate urothelium 的注释 Marker，在 Fig 1C dot plot 中用于细胞分型。
DOI_10.1016_j.isci.2024.111628,B_unaudited,Intermediate (transitional) urothelial cells,CDHR5,never_audited,pass,include,appended,M01130,CDHR5 为 intermediate urothelium 的注释 Marker，在 Fig 1C dot plot 中用于细胞分型。
DOI_10.1016_j.isci.2024.111628,B_unaudited,Intermediate (transitional) urothelial cells,GATA3,never_audited,pass,include,appended,M01131,GATA3 为 intermediate urothelium 的注释 Marker，在 Fig 1C dot plot 中用于细胞分型。
DOI_10.1016_j.isci.2024.111628,B_unaudited,Intermediate (transitional) urothelial cells,IL1RAPL2,never_audited,pass,include,appended,M01132,IL1RAPL2 为 intermediate urothelium 的注释 Marker，在 Fig 1C dot plot 中用于细胞分型。
DOI_10.1016_j.isci.2024.111628,B_unaudited,Intermediate (transitional) urothelial cells,TP63,never_audited,pass,include,appended,M01133,TP63 为 intermediate urothelium 的注释 Marker，在 Fig 1C dot plot 中用于细胞分型。
DOI_10.1016_j.isci.2024.111628,B_unaudited,Intra-muscular fibroblast,C7,never_audited,pass,include,appended,M01134,C7 为 intra-muscular fibroblast 的阳性注释 Marker，在 Fig 1E 中用于基质细胞分型。
DOI_10.1016_j.isci.2024.111628,B_unaudited,Intra-muscular fibroblast,PCOLCE2,never_audited,pass,include,appended,M01135,PCOLCE2 在 intra-muscular fibroblast 注释中作为阴性 Marker (PCOLCE2-) 使用，用于与其他成纤维细胞亚群区分。
DOI_10.1016_j.isci.2024.111628,B_unaudited,Lamina propria fibroblast,GAS1,never_audited,pass,include,appended,M01136,GAS1 为 lamina propria fibroblast 的注释 Marker，在 Fig 1E 中用于基质细胞分型。
DOI_10.1016_j.isci.2024.111628,B_unaudited,Lamina propria fibroblast,MFAP5,never_audited,pass,include,appended,M01137,MFAP5 为 lamina propria fibroblast 的注释 Marker，在 Fig 1E 中用于基质细胞分型。
DOI_10.1016_j.isci.2024.111628,B_unaudited,Lamina propria fibroblast,PCOLCE2,never_audited,pass,include,appended,M01138,PCOLCE2 为 lamina propria fibroblast 的注释 Marker，在 Fig 1E 中用于基质细胞分型。
DOI_10.1016_j.isci.2024.111628,B_unaudited,Lamina propria fibroblast,PI16,never_audited,pass,include,appended,M01139,PI16 为 lamina propria fibroblast 的注释 Marker，在 Fig 1E 中用于基质细胞分型。
DOI_10.1016_j.isci.2024.111628,B_unaudited,Lymphatic endothelial cells,CD36,never_audited,pass,include,appended,M01140,CD36 为 lymphatic endothelial cluster 的注释 Marker，在 Fig 1E 中用于内皮细胞分型。
DOI_10.1016_j.isci.2024.111628,B_unaudited,Lymphatic endothelial cells,LYVE1,never_audited,pass,include,appended,M01141,LYVE1 为 lymphatic endothelial cluster 的阳性注释 Marker，在 Fig 1E 中用于内皮细胞分型。
DOI_10.1016_j.isci.2024.111628,B_unaudited,Lymphatic endothelial cells,TFF3,never_audited,pass,include,appended,M01142,TFF3 为 lymphatic endothelial cluster 的注释 Marker，在 Fig 1E 中用于内皮细胞分型。
DOI_10.1016_j.isci.2024.111628,B_unaudited,Macrophage,C1QA,never_audited,pass,include,appended,M01143,C1QA 为 macrophage 的注释 Marker，在 Fig 1D dot plot 中用于免疫细胞分型。
DOI_10.1016_j.isci.2024.111628,B_unaudited,Macrophage,C1QB,never_audited,pass,include,appended,M01144,C1QB 为 macrophage 的注释 Marker，在 Fig 1D dot plot 中用于免疫细胞分型。
DOI_10.1016_j.isci.2024.111628,B_unaudited,Macrophage,C1QC,never_audited,pass,include,appended,M01145,C1QC 为 macrophage 的注释 Marker，在 Fig 1D dot plot 中用于免疫细胞分型。
DOI_10.1016_j.isci.2024.111628,B_unaudited,Mast cells,KIT,never_audited,pass,include,appended,M01146,KIT 为 mast cells 的注释 Marker，在 Fig 1D dot plot 中用于免疫细胞分型。
DOI_10.1016_j.isci.2024.111628,B_unaudited,Mast cells,TPSAB1,never_audited,pass,include,appended,M01147,TPSAB1 为 mast cells 的注释 Marker，在 Fig 1D dot plot 中用于免疫细胞分型。
DOI_10.1016_j.isci.2024.111628,B_unaudited,Mast cells,TPSB2,never_audited,pass,include,appended,M01148,TPSB2 为 mast cells 的注释 Marker，在 Fig 1D dot plot 中用于免疫细胞分型。
DOI_10.1016_j.isci.2024.111628,B_unaudited,Monocytes,S100A8,never_audited,pass,include,appended,M01149,S100A8 为 monocytes 的注释 Marker，在 Fig 1D dot plot 中用于免疫细胞分型。
DOI_10.1016_j.isci.2024.111628,B_unaudited,Monocytes,S100A9,never_audited,pass,include,appended,M01150,S100A9 为 monocytes 的注释 Marker，在 Fig 1D dot plot 中用于免疫细胞分型。
DOI_10.1016_j.isci.2024.111628,B_unaudited,Myofibroblast,MYH11,never_audited,pass,include,appended,M01151,MYH11 为 myofibroblast 的注释 Marker，在 Fig 1E 中用于基质细胞分型。
DOI_10.1016_j.isci.2024.111628,B_unaudited,Myofibroblast,MYLK,never_audited,pass,include,appended,M01152,MYLK 为 myofibroblast 的注释 Marker，在 Fig 1E 中用于基质细胞分型。
DOI_10.1016_j.isci.2024.111628,B_unaudited,Natural killer (NK) cells,CD247,never_audited,pass,include,appended,M01153,CD247 为 NK cells 的注释 Marker，在 Fig 1D dot plot 中用于免疫细胞分型。
DOI_10.1016_j.isci.2024.111628,B_unaudited,Natural killer (NK) cells,GZMB,never_audited,pass,include,appended,M01154,GZMB 为 NK cells 的注释 Marker，在 Fig 1D dot plot 中用于免疫细胞分型。
DOI_10.1016_j.isci.2024.111628,B_unaudited,Natural killer (NK) cells,KLRD1,never_audited,pass,include,appended,M01155,KLRD1 为 NK cells 的注释 Marker，在 Fig 1D dot plot 中用于免疫细胞分型。
DOI_10.1016_j.isci.2024.111628,B_unaudited,Neutrophils,AQP9,never_audited,pass,include,appended,M01156,AQP9 为 neutrophils 的注释 Marker，在 Fig 1D dot plot 中用于免疫细胞分型。
DOI_10.1016_j.isci.2024.111628,B_unaudited,Neutrophils,GK,never_audited,pass,include,appended,M01157,GK 为 neutrophils 的注释 Marker，在 Fig 1D dot plot 中用于免疫细胞分型。
DOI_10.1016_j.isci.2024.111628,B_unaudited,Neutrophils,TREM1,never_audited,pass,include,appended,M01158,TREM1 为 neutrophils 的注释 Marker，在 Fig 1D dot plot 中用于免疫细胞分型。
DOI_10.1016_j.isci.2024.111628,B_unaudited,Peri-urothelial fibroblast,APOE,never_audited,pass,include,appended,M01159,APOE 为 peri-urothelial fibroblast 的注释 Marker，在 Fig 1E 中用于基质细胞分型。
DOI_10.1016_j.isci.2024.111628,B_unaudited,Peri-urothelial fibroblast,LAMC3,never_audited,pass,include,appended,M01160,LAMC3 为 peri-urothelial fibroblast 的注释 Marker，在 Fig 1E 中用于基质细胞分型。
DOI_10.1016_j.isci.2024.111628,B_unaudited,Peri-urothelial fibroblast,PTCH1,never_audited,pass,include,appended,M01161,PTCH1 为 peri-urothelial fibroblast 的注释 Marker，在 Fig 1E 中用于基质细胞分型。
DOI_10.1016_j.isci.2024.111628,B_unaudited,Plasma cells,CD27,never_audited,pass,include,appended,M01162,CD27 为 plasma cells 的注释 Marker，在 Fig 1D dot plot 中用于免疫细胞分型。
DOI_10.1016_j.isci.2024.111628,B_unaudited,Plasma cells,JCHAIN,never_audited,pass,include,appended,M01163,JCHAIN 为 plasma cells 的注释 Marker，在 Fig 1D dot plot 中用于免疫细胞分型。
DOI_10.1016_j.isci.2024.111628,B_unaudited,Plasma cells,SLAMF7,never_audited,pass,include,appended,M01164,SLAMF7 为 plasma cells 的注释 Marker，在 Fig 1D dot plot 中用于免疫细胞分型。
DOI_10.1016_j.isci.2024.111628,B_unaudited,Smooth muscle cells,ACTA2,never_audited,pass,include,appended,M01165,ACTA2 为 general smooth muscle cells 的注释 Marker，在 Fig 1E 中用于平滑肌分型。
DOI_10.1016_j.isci.2024.111628,B_unaudited,Smooth muscle cells,ACTG2,never_audited,pass,include,appended,M01166,ACTG2 为 general smooth muscle cells 的注释 Marker，在 Fig 1E 中用于平滑肌分型。
DOI_10.1016_j.isci.2024.111628,B_unaudited,Smooth muscle cells,DES,never_audited,pass,include,appended,M01167,DES 为 general smooth muscle cells 的注释 Marker，在 Fig 1E 中用于平滑肌分型。
DOI_10.1016_j.isci.2024.111628,B_unaudited,T cells,CD8A,never_audited,pass,include,appended,M01168,CD8A 为 T cells 的注释 Marker，在 Fig 1D dot plot 中用于免疫细胞分型。
DOI_10.1016_j.isci.2024.111628,B_unaudited,T cells,CD8B,never_audited,pass,include,appended,M01169,CD8B 为 T cells 的注释 Marker，在 Fig 1D dot plot 中用于免疫细胞分型。
DOI_10.1016_j.isci.2024.111628,B_unaudited,T cells,Il7R,never_audited,pass,include,appended,M01170,IL7R (原文写为 Il7R) 为 T cells 的注释 Marker，在 Fig 1D dot plot 中用于免疫细胞分型。
DOI_10.1016_j.isci.2024.111628,B_unaudited,Umbrella cells,KRT20,never_audited,pass,include,appended,M01171,KRT20 为 umbrella cells 的注释 Marker，在 Fig 1C dot plot 中用于细胞分型。
DOI_10.1016_j.isci.2024.111628,B_unaudited,Umbrella cells,UPK1A,never_audited,pass,include,appended,M01172,作者明确称 UPK1A 为 umbrella cells 的 marker，并在 Fig 1B 中用于尿路上皮/伞细胞识别。
DOI_10.1016_j.isci.2024.111628,new_finding,Umbrella cells,UPK1B,never_reported,pass,include,appended,M01173,UPK1B 在 Fig 1C 的 umbrella cells 注释 Marker 集合中列出，用于尿路上皮细胞分型。
DOI_10.1016_j.isci.2024.111628,B_unaudited,Umbrella cells,UPK2,never_audited,pass,include,appended,M01174,UPK2 虽候选记录归为 Urothelial cells，但论文在 Fig 1C 注释 dot plot 中将其作为 umbrella cells 的 Marker 集合成员，用于尿路上皮分型。
DOI_10.1016_j.isci.2024.111628,new_finding,Umbrella cells,UPK3A,never_reported,pass,include,appended,M01175,UPK3A 在 Fig 1C 的 umbrella cells 注释 Marker 集合中列出，用于尿路上皮细胞分型。
DOI_10.1016_j.isci.2024.111628,B_unaudited,Umbrella cells,UPK3B,never_audited,pass,include,appended,M01176,UPK3B 为 umbrella cells 的注释 Marker，在 Fig 1C dot plot 中用于细胞分型。
DOI_10.1016_j.isci.2024.111628,B_unaudited,Uroepithelial basal cells,KRT5,never_audited,pass,include,appended,M01177,作者明确称 KRT5 为 uroepithelial basal cells 的 marker，并在 Fig 1B 中用于尿路上皮/基底细胞识别。
DOI_10.1016_j.isci.2024.111628,B_unaudited,Vascular smooth muscle cells,MCAM,never_audited,pass,include,appended,M01178,MCAM 为 vascular smooth muscle cells 的注释 Marker，在 Fig 1E 中用于血管平滑肌分型。
DOI_10.1016_j.isci.2024.111628,B_unaudited,Vascular smooth muscle cells,NOTCH3,never_audited,pass,include,appended,M01179,NOTCH3 为 vascular smooth muscle cells 的注释 Marker，在 Fig 1E 中用于血管平滑肌分型。
DOI_10.1016_j.isci.2024.111628,B_unaudited,Vascular smooth muscle cells,RGS5,never_audited,pass,include,appended,M01180,RGS5 为 vascular smooth muscle cells 的注释 Marker，在 Fig 1E 中用于血管平滑肌分型。
DOI_10.1016_j.isci.2024.111628,B_unaudited,Venous endothelial cells,NRP1,never_audited,pass,include,appended,M01181,NRP1 为 venous endothelial cluster 的注释 Marker，在 Fig 1E 中用于内皮细胞分型。
DOI_10.1016_j.isci.2024.111628,B_unaudited,Venous endothelial cells,SELP,never_audited,pass,include,appended,M01182,SELP 为 venous endothelial cluster 的阳性注释 Marker，在 Fig 1E 中用于内皮细胞分型。
DOI_10.1016_j.isci.2024.111628,new_finding,VSMC2 (pericyte-like vascular smooth muscle),CSPG4,never_reported,pass,include,appended,M01183,CSPG4 被作者作为独立 snRNA-seq 分析中 VSMC2/周细胞样簇的阳性标记，用于该细胞群识别/归类。
DOI_10.1002_pros.24020,new_finding,basal epithelia,PDPN,never_reported,pass,include,appended,M01184,PDPN is used as a flow cytometry marker to identify and gate basal epithelia.
DOI_10.1002_pros.24020,new_finding,basal epithelia of urethra and prostate,KRT5,never_reported,pass,include,appended,M01185,KRT5 is used as a basal epithelial marker in human immunofluorescence.
DOI_10.1002_pros.24020,new_finding,basal epithelia of urethra and prostate,KRT5,never_reported,pass,include,appended,M01186,KRT5 is used as a basal epithelial marker in mouse immunofluorescence.
DOI_10.1002_pros.24020,new_finding,epithelia,CD326,never_reported,pass,include,appended,M01187,CD326/EPCAM is used as a lineage marker in flow cytometry to identify epithelia.
DOI_10.1002_pros.24020,new_finding,human club urethral luminal cells,SCGB1A1,never_reported,pass,include,appended,M01188,SCGB1A1 is used to mark and identify human club urethral luminal cells by immunofluorescence.
DOI_10.1002_pros.24020,new_finding,human hillock urethral luminal cells,KRT13,never_reported,pass,include,appended,M01189,KRT13 is used to mark and identify human hillock urethral luminal cells by immunofluorescence.
DOI_10.1002_pros.24020,new_finding,human prostate secretory luminal cells,ACPP,never_reported,pass,include,appended,M01190,ACPP is explicitly identified as a prostate secretory luminal cell marker and used in human immunofluorescence.
DOI_10.1002_pros.24020,B_unaudited,human urethral luminal cells,PSCA,never_audited,pass,include,appended,M01191,PSCA is explicitly established as a cell surface marker for human urethral luminal cells and is used in this study (flow cytometry) to identify and quantify PSCA+ urethral luminal cells.
DOI_10.1002_pros.24020,new_finding,leukocytes,CD45,never_reported,pass,include,appended,M01192,CD45 is used as a lineage marker in flow cytometry to identify and separate leukocytes.
DOI_10.1002_pros.24020,new_finding,mouse prostate secretory luminal cells,CD26 (Dpp4),never_reported,pass,include,appended,M01193,CD26/Dpp4 is used in flow cytometry to sort and identify prostate secretory luminal cells.
DOI_10.1002_pros.24020,new_finding,mouse prostate secretory luminal cells,NKX3.1,never_reported,pass,include,appended,M01194,NKX3.1 is used in immunofluorescence as a marker of prostate secretory luminal cells and as a negative marker of urethral luminal cells.
DOI_10.1002_pros.24020,new_finding,mouse urethral luminal cells,KRT4,never_reported,pass,include,appended,M01195,KRT4 is explicitly used to label and identify mouse urethral luminal cells by immunofluorescence and developmental staging.
DOI_10.1002_pros.24020,new_finding,mouse urethral luminal cells,Trop2,never_reported,pass,include,appended,M01196,Trop2/TACSTD2 is used as a cell surface marker in flow cytometry to identify and quantify mouse urethral luminal cells.
DOI_10.1016_j.celrep.2018.11.086,A_exclude,basal epithelia,CD104,exclude,pass,include,appended,M01197,"CD104 is explicitly listed as an option for identifying basal epithelia, satisfying marker identity and annotation use."
DOI_10.1016_j.celrep.2018.11.086,A_exclude,basal epithelia,KRT14,exclude,pass,include,appended,M01198,KRT14 is used to name and annotate the basal epithelial cluster.
DOI_10.1016_j.celrep.2018.11.086,A_exclude,basal epithelia,KRT5,exclude,pass,include,appended,M01199,KRT5 is used in immunofluorescence to label and identify basal epithelia.
DOI_10.1016_j.celrep.2018.11.086,A_exclude,basal epithelia,CD271,exclude,pass,include,appended,M01200,CD271 is explicitly used as a positive basal epithelia surface marker for FACS gating and for identifying basal transcriptomes.
DOI_10.1016_j.celrep.2018.11.086,A_exclude,basal epithelia,PDPN,exclude,pass,include,appended,M01201,PDPN is explicitly used to mark and gate basal epithelia.
DOI_10.1016_j.celrep.2018.11.086,A_exclude,club epithelia (OE1),PSCA,exclude,pass,include,appended,M01202,"PSCA is identified as a cell surface marker for both OE cell types, including OE1/club, and is used in FACS isolation of OE cells."
DOI_10.1016_j.celrep.2018.11.086,A_exclude,club epithelia (OE1),SCGB1A1,exclude,pass,include,appended,M01203,SCGB1A1 is used to name and annotate the OE1/club epithelial cluster and as an immunofluorescence marker for club epithelia.
DOI_10.1016_j.celrep.2018.11.086,A_exclude,endothelia,CD200,exclude,pass,include,appended,M01204,CD200 is explicitly designated an endothelial marker and is used in FACS gating of CD200+ endothelia.
DOI_10.1016_j.celrep.2018.11.086,B_unaudited,endothelia,CD31,never_audited,pass,include,appended,M01205,"The author explicitly declares CD31 as an endothelial marker; although inefficient, it is used in flow gating and co-staining, and the gene–cell relationship is supported."
DOI_10.1016_j.celrep.2018.11.086,A_exclude,Endothelial cells,CD31,exclude,pass,include,appended,M01206,The author explicitly identifies CD31 as an endothelial marker and uses it in flow-cytometry gating and co-staining.
DOI_10.1016_j.celrep.2018.11.086,A_exclude,Epithelial cells (pan-epithelia),CD326,exclude,pass,include,appended,M01207,CD326 is explicitly used as a pan-epithelial marker in the FACS gating strategy.
DOI_10.1016_j.celrep.2018.11.086,A_exclude,fibroblasts,DCN,exclude,pass,include,appended,M01208,DCN is used in immunofluorescence to label and identify fibroblasts.
DOI_10.1016_j.celrep.2018.11.086,A_exclude,fibroblasts,PDPN,exclude,pass,include,appended,M01209,PDPN is explicitly identified as a positive fibroblast marker and used in FACS gating of fibroblasts.
DOI_10.1016_j.celrep.2018.11.086,A_exclude,hillock epithelia (OE2),KRT13,exclude,pass,include,appended,M01210,KRT13 is used to name and annotate the OE2/hillock epithelial cluster and as an immunofluorescence marker for hillock epithelia.
DOI_10.1016_j.celrep.2018.11.086,A_exclude,hillock epithelia (OE2),PSCA,exclude,pass,include,appended,M01211,"PSCA is identified as a cell surface marker for both OE cell types, including OE2/hillock, and is used in FACS isolation of OE cells."
DOI_10.1016_j.celrep.2018.11.086,A_exclude,Leukocytes (pan-leukocyte),CD45,exclude,pass,include,appended,M01212,CD45 is explicitly used as a pan-leukocyte marker in the FACS gating strategy.
DOI_10.1016_j.celrep.2018.11.086,A_exclude,luminal epithelia,DHRS7,exclude,pass,include,appended,M01213,DHRS7 is explicitly said to mark KRT18+ luminal epithelia and is used in immunofluorescence as a luminal epithelial marker.
DOI_10.1016_j.celrep.2018.11.086,A_exclude,luminal epithelia,CD26,exclude,pass,include,appended,M01214,CD26 is the FACS gate marker used to isolate and classify luminal epithelia.
DOI_10.1016_j.celrep.2018.11.086,A_exclude,luminal epithelia,KLK3,exclude,pass,include,appended,M01215,KLK3 is used to name and annotate the luminal epithelial cluster.
DOI_10.1016_j.celrep.2018.11.086,new_finding,luminal epithelia,KRT18,never_reported,pass,include,appended,M01216,KRT18 is used as a positive luminal-epithelial label in defining KRT18+ LE and is described as a luminal marker.
DOI_10.1016_j.celrep.2018.11.086,A_exclude,luminal epithelia,PSCA,exclude,pass,include,appended,M01217,PSCA is designated a cell surface marker for a subpopulation of luminal epithelia and is used in FACS gating of these cells.
DOI_10.1016_j.celrep.2018.11.086,B_unaudited,NE epithelia,chromogranin A,never_audited,pass,include,appended,M01218,CHGA/chromogranin A is explicitly presented as a neuroendocrine epithelial marker and used with SCG2 to confirm NE cells in situ; already present in the master table.
DOI_10.1016_j.celrep.2018.11.086,A_exclude,smooth muscle,MYH11,exclude,pass,include,appended,M01219,MYH11 is used in immunofluorescence to label and identify smooth muscle.
DOI_10.1016_j.celrep.2018.11.086,A_exclude,smooth muscle,PDPN,exclude,pass,include,appended,M01220,PDPN negativity is part of the FACS gating scheme used to isolate smooth muscle.
DOI_10.1016_j.celrep.2018.11.086,A_exclude,Stromal cells,CD326,exclude,pass,include,appended,M01221,CD326 negativity is part of the flow-cytometry stromal gate used to define and isolate stromal cells.
DOI_10.1016_j.celrep.2018.11.086,A_exclude,Stromal cells,CD31,exclude,pass,include,appended,M01222,CD31 negativity is part of the flow-cytometry stromal gate used to define and isolate stromal cells.
DOI_10.1016_j.celrep.2018.11.086,A_exclude,Stromal cells,CD45,exclude,pass,include,appended,M01223,CD45 negativity is part of the flow-cytometry stromal gate used to define and isolate stromal cells.
DOI_10.1101_2024.10.23.619925,A_exclude,Altered benign MSMB+ cells,MSMB,exclude,pass,include,appended,M01224,MSMB+ is the defining marker used to identify and name the altered benign MSMB+ luminal state and cluster Luminal_MSMB+/c7.
DOI_10.1101_2024.10.23.619925,A_exclude,Basal,DST,exclude,pass,include,appended,M01225,DST is listed among marker genes used to annotate Basal clusters.
DOI_10.1101_2024.10.23.619925,A_exclude,Basal,KRT15,exclude,pass,include,appended,M01226,KRT15 is listed among marker genes used to annotate Basal clusters.
DOI_10.1101_2024.10.23.619925,A_exclude,Basal,KRT5,exclude,pass,include,appended,M01227,KRT5 is listed among marker genes used to annotate Basal clusters.
DOI_10.1101_2024.10.23.619925,A_exclude,Basal,TP63,exclude,pass,include,appended,M01228,TP63 is listed among marker genes used to annotate Basal clusters.
DOI_10.1101_2024.10.23.619925,A_exclude,Basal,KRT13,exclude,pass,include,appended,M01229,KRT13 co-expression with KRT5 is used to identify Hillock-enriched features in these Basal clusters.
DOI_10.1101_2024.10.23.619925,A_exclude,Basal,FOXI1,exclude,pass,include,appended,M01230,FOXI1 is used as an ionocyte marker to classify the RARRES2+/c17 Basal cluster.
DOI_10.1101_2024.10.23.619925,A_exclude,Basal,RARRES2,exclude,pass,include,appended,M01231,RARRES2 is part of the ionocyte-like Basal cluster label and used to classify the cluster.
DOI_10.1101_2024.10.23.619925,new_finding,Basal,PLCG2,never_reported,pass,include,appended,M01232,PLCG2 is part of the annotated Basal cluster name PLCG2+/c3 and is used to label this subset.
DOI_10.1101_2024.10.23.619925,new_finding,Basal,S100A2,never_reported,pass,include,appended,M01233,S100A2 is part of the annotated Basal cluster name S100A2+/c2 and is used to label this subset.
DOI_10.1101_2024.10.23.619925,A_exclude,CAFs,DCN,exclude,pass,include,appended,M01234,DCN is explicitly presented as a canonical marker used to identify CAFs/fibroblasts.
DOI_10.1101_2024.10.23.619925,A_exclude,CAFs,PDGFRA,exclude,pass,include,appended,M01235,PDGFRA is explicitly presented as a canonical marker used to identify CAFs/fibroblasts.
DOI_10.1101_2024.10.23.619925,A_exclude,Ciliated,CAPS,exclude,pass,include,appended,M01236,CAPS is used as a positive marker to identify Ciliated epithelial cells.
DOI_10.1101_2024.10.23.619925,A_exclude,Club,LCN2,exclude,pass,include,appended,M01237,LCN2 is listed among marker genes used to annotate Club clusters.
DOI_10.1101_2024.10.23.619925,A_exclude,Club,PIGR,exclude,pass,include,appended,M01238,PIGR is listed among marker genes used to annotate Club clusters.
DOI_10.1101_2024.10.23.619925,A_exclude,Club,SCGB3A1,exclude,pass,include,appended,M01239,SCGB3A1 is listed among marker genes used to annotate Club clusters.
DOI_10.1101_2024.10.23.619925,new_finding,Club,IFI6,never_reported,pass,include,appended,M01240,IFI6 is part of the annotated Club cluster name Club_IFI6+/c20 and is used to label this subset.
DOI_10.1101_2024.10.23.619925,new_finding,Club,OLFM4,never_reported,pass,include,appended,M01241,OLFM4 is part of the annotated Club cluster name OLFM4+/c9 and is used to label this subset.
DOI_10.1101_2024.10.23.619925,A_exclude,Club cells,LCN2,exclude,pass,include,appended,M01242,LCN2 is used as a Club cell marker in the formal annotation of Club clusters.
DOI_10.1101_2024.10.23.619925,A_exclude,Club cells,MMP7,exclude,pass,include,appended,M01243,MMP7 is used in the annotation label of Club cluster MMP7+/c4.
DOI_10.1101_2024.10.23.619925,A_exclude,Club cells,PIGR,exclude,pass,include,appended,M01244,PIGR is used as a Club cell marker in the formal annotation of Club clusters.
DOI_10.1101_2024.10.23.619925,A_exclude,Club cells,CCL20,exclude,pass,include,appended,M01245,CCL20 is part of the annotated Club state name CCL20+/c16 and used to classify the subset.
DOI_10.1101_2024.10.23.619925,A_exclude,Club cells,SAA1,exclude,pass,include,appended,M01246,SAA1 is part of the annotated Club state name SAA1+/c15 and used to classify the subset.
DOI_10.1101_2024.10.23.619925,A_exclude,Luminal,KLK3,exclude,pass,include,appended,M01247,KLK3 is listed among marker genes used to annotate the Luminal epithelial clusters.
DOI_10.1101_2024.10.23.619925,A_exclude,Luminal,MSMB,exclude,pass,include,appended,M01248,MSMB is listed among marker genes used to annotate the Luminal epithelial clusters.
DOI_10.1101_2024.10.23.619925,A_exclude,Luminal,NKX3-1,exclude,pass,include,appended,M01249,NKX3-1 is listed among marker genes used to annotate the Luminal epithelial clusters.
DOI_10.1101_2024.10.23.619925,new_finding,Luminal,KLK12,never_reported,pass,include,appended,M01250,KLK12 is part of the annotated Luminal cluster name KLK12+/c22 and is used to label this subset.
DOI_10.1101_2024.10.23.619925,new_finding,Luminal,NCAPD3,never_reported,pass,include,appended,M01251,NCAPD3 is part of the annotated Luminal cluster name NCAPD3+/c11 and is used to label this subset.
DOI_10.1101_2024.10.23.619925,new_finding,Luminal,NPY,never_reported,pass,include,appended,M01252,NPY is part of the annotated Luminal cluster name NPY+/c18 and is used to label this subset.
DOI_10.1101_2024.10.23.619925,new_finding,Luminal,TFF3,never_reported,pass,include,appended,M01253,TFF3 is part of the annotated Luminal cluster name TFF3+c19 and is used to label this subset.
DOI_10.1101_2024.10.23.619925,A_exclude,Luminal-like,KLK3,exclude,pass,include,appended,M01254,"KLK3 is used as a luminal marker to define Luminal-like cells, alongside PIGR."
DOI_10.1101_2024.10.23.619925,A_exclude,Luminal-like,PIGR,exclude,pass,include,appended,M01255,"PIGR is used as a club marker to define Luminal-like cells, alongside KLK3."
DOI_10.1101_2024.10.23.619925,new_finding,Luminal-like,PLA2G2A,never_reported,pass,include,appended,M01256,PLA2G2A is part of the annotated Luminal-like cluster name PLA2G2A+/c10 and is used to label this subset.
DOI_10.1101_2024.10.23.619925,A_exclude,MSMBlow malignant cells,MSMB,exclude,pass,include,appended,M01257,MSMB low/negative expression is used to define and name the MSMBlow malignant group.
DOI_10.1101_2024.10.23.619925,A_exclude,NE,CALCA,exclude,pass,include,appended,M01258,CALCA is used as a positive marker to define the neuroendocrine epithelial phenotype.
DOI_10.1101_2024.10.23.619925,A_exclude,NE,CHGA,exclude,pass,include,appended,M01259,CHGA is used as a positive marker to define the neuroendocrine epithelial phenotype.
DOI_10.1101_2024.10.23.619925,A_exclude,Pericytes,COL6A3,exclude,pass,include,appended,M01260,COL6A3 is part of the Pericyte annotation marker set.
DOI_10.1101_2024.10.23.619925,A_exclude,Pericytes,GGT5,exclude,pass,include,appended,M01261,GGT5 is part of the Pericyte annotation marker set.
DOI_10.1101_2024.10.23.619925,A_exclude,Pericytes,THY1,exclude,pass,include,appended,M01262,THY1 is part of the Pericyte annotation marker set.
DOI_10.1101_2024.10.23.619925,A_exclude,pnCAFs,DPT,exclude,pass,include,appended,M01263,DPTlow is used as a defining negative/low marker of the pnCAF phenotype.
DOI_10.1101_2024.10.23.619925,A_exclude,pnCAFs,PI16,exclude,pass,include,appended,M01264,PI16high is used as a defining positive marker of the pnCAF phenotype.
DOI_10.1101_2024.10.23.619925,A_exclude,pSMCs,ACTG2,exclude,pass,include,appended,M01265,ACTG2 is part of the pSMC annotation marker set.
DOI_10.1101_2024.10.23.619925,A_exclude,pSMCs,CNN1,exclude,pass,include,appended,M01266,CNN1 is part of the pSMC annotation marker set.
DOI_10.1101_2024.10.23.619925,A_exclude,pSMCs,PDGFRB,exclude,pass,include,appended,M01267,PDGFRB low/negative expression is used as part of the pSMC definition.
DOI_10.1101_2024.10.23.619925,A_exclude,SMCs,ACTA2,exclude,pass,include,appended,M01268,ACTA2 is used as a defining marker of SMCs in this study.
DOI_10.1101_2024.10.23.619925,A_exclude,SMCs,PDGFRB,exclude,pass,include,appended,M01269,PDGFRB is explicitly used as a mural cell marker.
DOI_10.1101_2024.10.23.619925,A_exclude,SMCs_IFN,IFI6,exclude,pass,include,appended,M01270,IFI6 is part of the SMCs_IFN annotation marker set.
DOI_10.1101_2024.10.23.619925,A_exclude,SMCs_IFN,ISG15,exclude,pass,include,appended,M01271,ISG15 is part of the SMCs_IFN annotation marker set.
DOI_10.1101_2024.10.23.619925,A_exclude,uniCAFs,DPT,exclude,pass,include,appended,M01272,DPT is used in the annotation label for universal CAFs and is described as highly expressed in uniCAFs.
DOI_10.1101_2024.10.23.619925,A_exclude,uniCAFs,PI16,exclude,pass,include,appended,M01273,PI16 is used in the annotation label for universal CAFs and is described as highly expressed in uniCAFs.
DOI_10.1101_2024.10.23.619925,A_exclude,vSMCs,BCAM,exclude,pass,include,appended,M01274,BCAM is part of the vSMC annotation marker set.
DOI_10.1101_2024.10.23.619925,A_exclude,vSMCs,PLN,exclude,pass,include,appended,M01275,PLN is part of the vSMC annotation marker set.
DOI_10.1101_2024.10.23.619925,A_exclude,vSMCs,RERGL,exclude,pass,include,appended,M01276,Author explicitly declares RERGL as a marker of vascular SMCs in the prostate.
DOI_10.1101_2025.01.17.633590,A_exclude,acinar,REG1B,exclude,pass,include,appended,M01277,REG1B is explicitly listed as the indicative marker for acinar cells in the cell annotation method; marker identity and annotation use are satisfied.
DOI_10.1101_2025.01.17.633590,A_exclude,activated stellate,FABP4,exclude,pass,include,appended,M01278,FABP4 is explicitly listed as the indicative marker for activated stellate cells in the cell annotation method; marker identity and annotation use are satisfied.
DOI_10.1101_2025.01.17.633590,A_exclude,alpha,GCG,exclude,pass,include,appended,M01279,GCG is explicitly listed as the indicative marker for alpha cells in the cell annotation method; marker identity and annotation use are satisfied.
DOI_10.1101_2025.01.17.633590,A_exclude,beta,INS,exclude,pass,include,appended,M01280,INS is explicitly listed as the indicative marker for beta cells in the cell annotation method; marker identity and annotation use are satisfied.
DOI_10.1101_2025.01.17.633590,A_exclude,delta,SST,exclude,pass,include,appended,M01281,SST is explicitly listed as the indicative marker for delta cells in the cell annotation method; marker identity and annotation use are satisfied.
DOI_10.1101_2025.01.17.633590,A_exclude,ductal,KRT19,exclude,pass,include,appended,M01282,KRT19 is explicitly listed as the indicative marker for ductal cells in the cell annotation method; marker identity and annotation use are satisfied.
DOI_10.1101_2025.01.17.633590,A_exclude,endothelial,PLVAP,exclude,pass,include,appended,M01283,PLVAP is explicitly listed as the indicative marker for endothelial cells in the cell annotation method; marker identity and annotation use are satisfied.
DOI_10.1101_2025.01.17.633590,A_exclude,epsilon,GHRL,exclude,pass,include,appended,M01284,GHRL is explicitly listed as the indicative marker for epsilon cells in the cell annotation method; marker identity and annotation use are satisfied.
DOI_10.1101_2025.01.17.633590,A_exclude,gamma,PPY,exclude,pass,include,appended,M01285,PPY is explicitly listed as the indicative marker for gamma cells in the cell annotation method; marker identity and annotation use are satisfied.
DOI_10.1101_2025.01.17.633590,A_exclude,immune,C1QC,exclude,pass,include,appended,M01286,C1QC is explicitly listed as the indicative marker for immune cells in the cell annotation method; marker identity and annotation use are satisfied.
DOI_10.1101_2025.01.17.633590,A_exclude,mast,TPSB2,exclude,pass,include,appended,M01287,TPSB2 is explicitly listed as the indicative marker for mast cells in the cell annotation method; marker identity and annotation use are satisfied.
DOI_10.1101_2025.01.17.633590,A_exclude,proliferating cells,TOP2A,exclude,pass,include,appended,M01288,TOP2A is explicitly listed as the indicative marker for proliferating cells in the cell annotation method; marker identity and annotation use are satisfied.
DOI_10.1101_2025.01.17.633590,A_exclude,stellate,COL1A1,exclude,pass,include,appended,M01289,COL1A1 is explicitly listed as the indicative marker for stellate cells in the cell annotation method; marker identity and annotation use are satisfied.
DOI_10.1101_2025.01.17.633590,A_exclude,α cells,GCG,exclude,pass,include,appended,M01290,GCG is explicitly named a classic hormone-encoding marker and used as the indicative marker for alpha cells in the cell annotation list; marker identity and annotation use satisfied.
DOI_10.1101_2025.01.17.633590,A_exclude,β cells,INS,exclude,pass,include,appended,M01291,INS is explicitly named a classic hormone-encoding marker and used as the indicative marker for beta cells in the cell annotation list; both marker identity and annotation use are satisfied.
DOI_10.1101_2025.01.17.633590,new_finding,β cells,CFAP126,never_reported,pass,include,appended,M01292,CFAP126 is presented as a defining elevated expression marker of a β-cell subpopulation (cluster 4) and is shown in the β-subcluster marker heatmap (Figure 4c); marker identity and annotation use are 
DOI_10.1101_2025.01.17.633590,new_finding,β cells,CD63,never_reported,pass,include,appended,M01293,"CD63 is used as a marker-positive label to identify and name a β-cell subpopulation ('CD63hi cells', cluster 5); marker identity and annotation use are satisfied."
DOI_10.1101_2025.01.17.633590,new_finding,β cells,B2M,never_reported,pass,include,appended,M01294,B2M is explicitly listed as part of the senescence expression signature defining β-cell cluster 7; marker identity and use in cluster annotation are satisfied.
DOI_10.1101_2025.01.17.633590,new_finding,β cells,CDKN2A,never_reported,pass,include,appended,M01295,CDKN2A is explicitly listed as part of the senescence expression signature defining β-cell cluster 7; marker identity and use in cluster annotation are satisfied.
DOI_10.1101_2025.01.17.633590,new_finding,β cells,CDKN2B,never_reported,pass,include,appended,M01296,CDKN2B is explicitly listed as part of the senescence expression signature defining β-cell cluster 7; marker identity and use in cluster annotation are satisfied.
DOI_10.1101_2025.01.17.633590,new_finding,β cells,PLK2,never_reported,pass,include,appended,M01297,PLK2 is explicitly listed as part of the senescence expression signature defining β-cell cluster 7; marker identity and use in cluster annotation are satisfied.
DOI_10.1101_2025.01.17.633590,A_exclude,γ cells,PPY,exclude,pass,include,appended,M01298,PPY is explicitly named a classic hormone-encoding marker and used as the indicative marker for gamma cells in the cell annotation list; marker identity and annotation use satisfied.
DOI_10.1101_2025.01.17.633590,A_exclude,δ cells,SST,exclude,pass,include,appended,M01299,SST is explicitly named a classic hormone-encoding marker and used as the indicative marker for delta cells in the cell annotation list; marker identity and annotation use satisfied.
DOI_10.1101_2025.01.17.633590,A_exclude,ε cells,GHRL,exclude,pass,include,appended,M01300,GHRL is explicitly named a classic hormone-encoding marker and used as the indicative marker for epsilon cells in the cell annotation list; marker identity and annotation use satisfied.
DOI_10.1016_j.cell.2017.09.004,A_exclude,a-cells,GCG,exclude,pass,include,appended,M01301,作者明确将 GCG 作为 a-cells 的 cell-typical marker，并在图 1A 中说明 cell identity is indicated by marker gene expression，表明其实际用于细胞类型识别/注释。旧排除理由仅为不在目标细胞范围，按复核口径不构成排除理由。
DOI_10.1016_j.cell.2017.09.004,A_exclude,b-cells,INS,exclude,pass,include,appended,M01302,作者明确将 INS 作为 b-cells 的 cell-typical marker，并在图 1A 中说明 cell identity is indicated by marker gene expression，表明其实际用于细胞类型识别/注释。旧排除理由仅为不在目标细胞范围，按复核口径不构成排除理由。
DOI_10.1038_s41591-024-03215-z,A_exclude,adipocytes,LIPE,exclude,pass,include,appended,M01303,"LIPE was explicitly added to the gene panel for the ready identification of adipocytes, satisfying the double threshold."
DOI_10.1038_s41591-024-03215-z,A_exclude,B cells,CD19,exclude,pass,include,appended,M01304,CD19 is listed as a canonical B cell marker and is part of the marker-gene set used in the study's annotation/spatial cell type panel.
DOI_10.1038_s41591-024-03215-z,A_exclude,B cells,FCRL5,exclude,pass,include,appended,M01305,FCRL5 is explicitly called the typical B cell marker and was used in marker-based de novo annotation of the regulatory B cell population.
DOI_10.1038_s41591-024-03215-z,A_exclude,B regulatory cells,FCRL5,exclude,pass,include,appended,M01306,"FCRL5 is called the typical B cell marker and, together with FOXP3, was used to annotate the B regulatory cell cluster."
DOI_10.1038_s41591-024-03215-z,A_exclude,B regulatory cells,FOXP3,exclude,pass,include,appended,M01307,"FOXP3 was explicitly used in marker-based de novo annotation to identify/name B regulatory cells, satisfying both the marker identity and annotation use requirements."
DOI_10.1038_s41591-024-03215-z,new_finding,cytotoxic T lymphocytes,CD8,never_reported,pass,include,appended,M01308,"CD8 is explicitly listed as a canonical marker for cytotoxic T lymphocytes in the study's gene panel, and the panel was used for cell-type identification in spatial profiling. Not present in the candi"
DOI_10.1038_s41591-024-03215-z,A_exclude,epithelial cells,EPCAM,exclude,pass,include,appended,M01309,"EPCAM is explicitly listed as a canonical cell-type-specific marker for epithelial cells in the study's gene panel, and the panel was used for cell-type identification in spatial profiling."
DOI_10.1038_s41591-024-03215-z,A_exclude,hepatocytes,ALB,exclude,pass,include,appended,M01310,"ALB was explicitly added to the MERFISH gene panel for the ready identification of hepatocytes, satisfying both marker identity and annotation use."
DOI_10.1038_s41591-024-03215-z,A_exclude,Macrophage,CD163,exclude,pass,include,appended,M01311,CD163 has clear marker identity for macrophages and is used to annotate/classify CD163+ macrophage states and spatial macrophage populations; scope does not exclude immune cells.
DOI_10.1038_s41591-024-03215-z,A_exclude,Macrophage,HLA-DRA,exclude,pass,include,appended,M01312,"HLA-DRA is explicitly displayed in a macrophage marker-gene set, and the study used marker-gene-based annotation of MERFISH clusters; therefore it satisfies the double threshold."
DOI_10.1038_s41591-024-03215-z,A_exclude,macrophages,CD14,exclude,pass,include,appended,M01313,CD14 is listed as a canonical macrophage marker in the study's gene panel and appears in the macrophage marker set used for marker-based annotation.
DOI_10.1038_s41591-024-03215-z,A_exclude,macrophages,CD163,exclude,pass,include,appended,M01314,Duplicate of candidate 5: CD163 is expressly declared a macrophage marker and used to identify/define CD163+ macrophage populations.
DOI_10.1038_s41591-024-03215-z,A_exclude,macrophages,CD68,exclude,pass,include,appended,M01315,"CD68 is displayed as a macrophage marker gene and is used, with CD163, to characterize/annotate the CD163+ macrophage state."
DOI_10.1038_s41591-024-03215-z,A_exclude,NK cells,CD56,exclude,pass,include,appended,M01316,CD56/NCAM1 is listed as a canonical NK cell marker in the study's gene panel and appears in the marker-gene annotation set.
DOI_10.1038_s41591-024-03215-z,A_exclude,T helper cells,CD4,exclude,pass,include,appended,M01317,CD4 is explicitly listed as a canonical marker for T helper cells in the study's gene panel used for cell-type representation and annotation.
DOI_10.1038_s42003-021-02562-8,A_exclude,Endothelial cells,FLT1,exclude,pass,include,appended,M01318,Author explicitly lists FLT1 as a canonical marker for endothelial cells; annotation was based on known markers.
DOI_10.1038_s42003-021-02562-8,A_exclude,Hepatic stellate cells,COL3A1,exclude,pass,include,appended,M01319,Author explicitly lists COL3A1 as a canonical marker for hepatic stellate cells; annotation was based on known markers.
DOI_10.1038_s42003-021-02562-8,A_exclude,Hepatic stellate cells,COL6A3,exclude,pass,include,appended,M01320,Author explicitly lists COL6A3 as a canonical marker for hepatic stellate cells and Fig.3b legend states COL6A3 represents hepatic stellate cells.
DOI_10.1038_s42003-021-02562-8,A_exclude,Hepatocytes,ALB,exclude,pass,include,appended,M01321,Author explicitly lists ALB as a canonical marker for hepatocytes; annotation was based on known markers.
DOI_10.1038_s42003-021-02562-8,A_exclude,Hepatocytes,APOC3,exclude,pass,include,appended,M01322,Author explicitly lists APOC3 as a canonical marker for hepatocytes; annotation was based on known markers.
DOI_10.1038_s42003-021-02562-8,A_exclude,Hepatocytes,CYP3A4,exclude,pass,include,appended,M01323,Author explicitly lists CYP3A4 as a canonical marker for hepatocytes; Methods state cell classes were annotated based on known markers.
DOI_10.1038_s42003-021-02562-8,A_exclude,Hepatocytes,HPGD,exclude,pass,include,appended,M01324,Author explicitly lists HPGD as a canonical marker for hepatocytes and Fig.3b legend states HPGD identifies hepatocytes.
DOI_10.1038_s42003-021-02562-8,A_exclude,Immune cells,PTPRC,exclude,pass,include,appended,M01325,Author explicitly lists PTPRC as a canonical marker for immune cells and Fig.3b legend states PTPRC indicates immune cells.
DOI_10.1038_s42003-021-02562-8,A_exclude,Kupffer cells,CD163,exclude,pass,include,appended,M01326,Author explicitly lists CD163 as a canonical marker for Kupffer cells and Fig.3b legend states CD163 marks Kupffer cells.
DOI_10.1038_s42003-021-02562-8,A_exclude,Kupffer cells,CD68,exclude,pass,include,appended,M01327,Author explicitly lists CD68 as a canonical marker for Kupffer cells; annotation was based on known markers.
DOI_10.1038_s42003-021-02562-8,A_exclude,Tumor cells,DLK1,exclude,pass,include,appended,M01328,Fig.3b legend explicitly labels DLK1 as a tumor marker in the marker panel used for cell class annotation.
DOI_10.1038_s42003-021-02562-8,A_exclude,Tumor cells,GPC3,exclude,pass,include,appended,M01329,"Author calls GPC3 a known marker in HB and shows it in Fig. S4a,b to aid definition of tumor cell clusters."
DOI_10.1038_s42003-021-02562-8,A_exclude,Tumor cells,HMGA2,exclude,pass,include,appended,M01330,"Author calls HMGA2 a known marker in HB and shows it in Fig. S4a,b to aid definition of tumor cell clusters."
DOI_10.1038_s42003-021-02562-8,A_exclude,Tumor cells,VIM,exclude,pass,include,appended,M01331,"Author calls VIM a known marker in HB and shows it in Fig. S4a,b to aid definition of tumor cell clusters."
DOI_10.1038_s41588-025-02158-6,A_exclude,Adrenal cortex cells,CYP11A1,exclude,pass,include,appended,M01332,CYP11A1 is displayed as an Adrenal cortex cell marker in the Fig. 1d annotation dotplot.
DOI_10.1038_s41588-025-02158-6,A_exclude,Adrenal cortex cells,CYP11B1,exclude,pass,include,appended,M01333,CYP11B1 is displayed as an Adrenal cortex cell marker in the Fig. 1d annotation dotplot.
DOI_10.1038_s41588-025-02158-6,A_exclude,B cells,MS4A1,exclude,pass,include,appended,M01334,MS4A1 is shown as a B cell marker in the Fig. 1d annotation dotplot.
DOI_10.1038_s41588-025-02158-6,A_exclude,B cells,PAX5,exclude,pass,include,appended,M01335,PAX5 is shown as a B cell marker in the Fig. 1d annotation dotplot.
DOI_10.1038_s41588-025-02158-6,A_exclude,Dendritic cells,CD86,exclude,pass,include,appended,M01336,CD86 is displayed as a Dendritic cell marker in the Fig. 1d annotation dotplot.
DOI_10.1038_s41588-025-02158-6,A_exclude,Dendritic cells,FLT3,exclude,pass,include,appended,M01337,FLT3 is displayed as a Dendritic cell marker in the Fig. 1d annotation dotplot.
DOI_10.1038_s41588-025-02158-6,A_exclude,Dendritic cells,IRF8,exclude,pass,include,appended,M01338,IRF8 is displayed as a Dendritic cell marker in the Fig. 1d annotation dotplot.
DOI_10.1038_s41588-025-02158-6,A_exclude,Endothelial cells,PTPRB,exclude,pass,include,appended,M01339,PTPRB is shown as an Endothelial cell marker in the Fig. 1d annotation dotplot.
DOI_10.1038_s41588-025-02158-6,A_exclude,Fibroblasts,DCN,exclude,pass,include,appended,M01340,DCN is shown as a Fibroblast marker in the Fig. 1d annotation dotplot.
DOI_10.1038_s41588-025-02158-6,A_exclude,Fibroblasts,Fn1,exclude,pass,include,appended,M01341,Fn1 is displayed as a Fibroblast marker in the Fig. 5c annotation marker dotplot.
DOI_10.1038_s41588-025-02158-6,A_exclude,Hepatocytes,ALB,exclude,pass,include,appended,M01342,ALB is displayed as a Hepatocyte marker in the Fig. 1d annotation dotplot.
DOI_10.1038_s41588-025-02158-6,A_exclude,Kidney cells,C2,exclude,pass,include,appended,M01343,C2 is displayed as a Kidney cell marker in the Fig. 1d annotation dotplot.
DOI_10.1038_s41588-025-02158-6,A_exclude,Macrophages,CD163,exclude,pass,include,appended,M01344,CD163 is shown as a Macrophage marker in the Fig. 1d annotation dotplot; it is also described as expressed by all macrophages in CODEX.
DOI_10.1038_s41588-025-02158-6,A_exclude,Macrophages,MRC1,exclude,pass,include,appended,M01345,MRC1/CD206 is used to discriminate the CD163+CD206hi macrophage population in CODEX. The candidate subtype label was corrected from CD68hi to CD206hi based on the original text.
DOI_10.1038_s41588-025-02158-6,A_exclude,Macrophages,CD68,exclude,pass,include,appended,M01346,CD68 is explicitly used to discriminate and annotate the CD163+CD68hi macrophage population in CODEX.
DOI_10.1038_s41588-025-02158-6,A_exclude,Macrophages,C1QC,exclude,pass,include,appended,M01347,C1QC defines and names the immunosuppressive C1QC+SPP1+ macrophage subset; shown in the Fig. 4b marker dotplot.
DOI_10.1038_s41588-025-02158-6,A_exclude,Macrophages,SPP1,exclude,pass,include,appended,M01348,SPP1 defines and names the immunosuppressive C1QC+SPP1+ macrophage subset; shown in the Fig. 4b marker dotplot.
DOI_10.1038_s41588-025-02158-6,A_exclude,Macrophages,HS3ST2,exclude,pass,include,appended,M01349,HS3ST2 is used to identify and name the lipid-associated macrophage subset; an annotation marker for that subset.
DOI_10.1038_s41588-025-02158-6,new_finding,Macrophages,VEGFA,never_reported,pass,include,appended,M01350,"VEGFA is displayed in the Fig. 4b annotation marker dotplot for macrophage subsets, making it a formal marker not covered by the candidate list."
DOI_10.1038_s41588-025-02158-6,A_exclude,Macrophages,CCL4,exclude,pass,include,appended,M01351,CCL4 defines and names the CCL4+ pro-angiogenic macrophage subset; shown in the Fig. 4b marker dotplot.
DOI_10.1038_s41588-025-02158-6,A_exclude,Macrophages,VCAN,exclude,pass,include,appended,M01352,VCAN defines and names the VCAN+ pro-angiogenic macrophage subset; shown in the Fig. 4b marker dotplot.
DOI_10.1038_s41588-025-02158-6,A_exclude,Macrophages,IL18,exclude,pass,include,appended,M01353,IL18 defines and names the pro-inflammatory macrophage subset; it is an annotation marker.
DOI_10.1038_s41588-025-02158-6,A_exclude,Macrophages,MKI67,exclude,pass,include,appended,M01354,MKI67 is used to annotate and name the proliferating macrophage subset; Fig. 4b also displays these genes as marker genes for macrophage subsets.
DOI_10.1038_s41588-025-02158-6,A_exclude,Macrophages,TOP2A,exclude,pass,include,appended,M01355,TOP2A is used to annotate and name the proliferating macrophage subset; displayed in the Fig. 4b marker dotplot.
DOI_10.1038_s41588-025-02158-6,A_exclude,Macrophages,F13A1,exclude,pass,include,appended,M01356,F13A1 is used to identify and name the tissue-resident macrophage subset; shown in the Fig. 4b marker dotplot.
DOI_10.1038_s41588-025-02158-6,A_exclude,Macrophages,THY1,exclude,pass,include,appended,M01357,THY1 is used to identify and name the THY1+ undefined macrophage subset; an annotation marker.
DOI_10.1038_s41588-025-02158-6,A_exclude,Neuroblasts,ISL1,exclude,pass,include,appended,M01358,"ISL1 is shown as a Neuroblasts marker in the Fig. 1d annotation dotplot, satisfying both thresholds."
DOI_10.1038_s41588-025-02158-6,A_exclude,Neuroblasts,PHOX2B,exclude,pass,include,appended,M01359,Fig. 1d is an annotation marker dotplot; PHOX2B marks Neuroblasts and was used for cell type annotation. Species/tissue/cell-type outside the original narrow scope does not exclude it.
DOI_10.1038_s41588-025-02158-6,A_exclude,Neuroblasts,ERBB4,exclude,pass,include,appended,M01360,ERBB4 is used to identify and label the ERBB4hi ADRN-like-2 neuroblast population in the spatial analysis; it is an annotation marker for this subset.
DOI_10.1038_s41588-025-02158-6,A_exclude,Neuroblasts,PPP2R2C,exclude,pass,include,appended,M01361,"PPP2R2C is explicitly used to define and name the ADRN-like-2 neuroblast subset, satisfying marker identity and annotation use."
DOI_10.1038_s41588-025-02158-6,A_downgraded,Schwann cells,PLP1,unresolved,pass,include,appended,M01362,PLP1 is a canonical Schwann cell marker displayed in the Fig. 1d annotation dotplot; this is a formal annotation marker for Schwann cells.
DOI_10.1038_s41588-025-02158-6,A_exclude,T cells,CD247,exclude,pass,include,appended,M01363,CD247 is shown as a T cell marker in the Fig. 1d annotation dotplot.
DOI_10.1038_s41588-025-02158-6,new_finding,T cells,CD9,never_reported,pass,include,appended,M01364,CD9 is displayed in the Fig. 1d annotation marker dotplot for T cells and therefore satisfies both thresholds; it was not present in the candidate list.
DOI_10.1038_s41586-021-03929-x,A_exclude,CD34+CD117+ HSC/MPPs and progenitors,CD34,exclude,pass,include,appended,M01365,CD34 is part of the marker pair used to manually annotate HSC/MPPs and progenitors in tissue sections.
DOI_10.1038_s41586-021-03929-x,A_exclude,CD34+CD117+ HSC/MPPs and progenitors,CD117,exclude,pass,include,appended,M01366,CD117 (KIT) is part of the marker pair used to manually annotate HSC/MPPs and progenitors in tissue sections.
DOI_10.1038_s41586-021-03929-x,A_exclude,CD34hi vessels (co-localizing with CXCL12+ cells),CD34,exclude,pass,include,appended,M01367,CD34 is used to identify this CD34hi vessel population in the imaging analysis.
DOI_10.1038_s41586-021-03929-x,A_exclude,CD34hiCXCL12-associated arterioles,CD34,exclude,pass,include,appended,M01368,CD34 is used in the figure legend to define CD34hiCXCL12-associated arterioles.
DOI_10.1038_s41586-021-03929-x,A_exclude,CD34hiVEGFR2lo branching vessels,CD34,exclude,pass,include,appended,M01369,CD34 is part of the marker combination used to identify and name this vessel population.
DOI_10.1038_s41586-021-03929-x,A_exclude,CD34hiVEGFR2lo branching vessels,VEGFR2,exclude,pass,include,appended,M01370,VEGFR2 (KDR) is part of the marker combination used to identify and name this vessel population.
DOI_10.1038_s41586-021-03929-x,A_exclude,CD34hiVEGFRlo metaphyseal vessels,CD34,exclude,pass,include,appended,M01371,CD34 is used in the figure legend to define the metaphyseal vessel population.
DOI_10.1038_s41586-021-03929-x,A_exclude,Erythroid colony,GYPA,exclude,pass,include,appended,M01372,GYPA is used as the positive marker to identify erythroid colonies in culture.
DOI_10.1038_s41586-021-03929-x,A_exclude,Erythroid colony,CD45,exclude,pass,include,appended,M01373,CD45 negativity is part of the flow-based identification of erythroid colonies.
DOI_10.1038_s41586-021-03929-x,A_exclude,HSC/MPP,CD34,exclude,pass,include,appended,M01374,CD34 is used in FACS gating to define and isolate HSC/MPPs.
DOI_10.1038_s41586-021-03929-x,A_exclude,HSC/MPP,CD38,exclude,pass,include,appended,M01375,CD38 negativity is used in FACS gating to define HSC/MPPs.
DOI_10.1038_s41586-021-03929-x,A_exclude,HSC/MPP,CD117,exclude,pass,include,appended,M01376,CD117 (KIT) is used with CD34 to identify HSC/MPPs and progenitors in tissue.
DOI_10.1038_s41586-021-03929-x,A_exclude,HSC/MPP,CD45RA,exclude,pass,include,appended,M01377,CD45RA negativity is used in FACS gating to define HSC/MPPs.
DOI_10.1038_s41586-021-03929-x,A_exclude,LMPP/MLP,CD34,exclude,pass,include,appended,M01378,CD34 is used in FACS gating to define LMPP/MLPs.
DOI_10.1038_s41586-021-03929-x,A_exclude,LMPP/MLP,CD38,exclude,pass,include,appended,M01379,CD38 negativity is used in FACS gating to define LMPP/MLPs.
DOI_10.1038_s41586-021-03929-x,A_exclude,LMPP/MLP,CD45RA,exclude,pass,include,appended,M01380,CD45RA positivity is used in FACS gating to define LMPP/MLPs.
DOI_10.1038_s41586-021-03929-x,A_exclude,Megakaryocyte,CD41,exclude,pass,include,appended,M01381,CD41 (ITGA2B) is the positive marker used to identify megakaryocyte colonies.
DOI_10.1038_s41586-021-03929-x,A_exclude,Monocyte,CD14,exclude,pass,include,appended,M01382,CD14 is used in the figure legend to label monocytic colony outputs.
DOI_10.1038_s41586-021-03929-x,A_exclude,Myeloid colony,CD14,exclude,pass,include,appended,M01383,CD14 is used to identify monocyte/macrophage-containing myeloid colonies.
DOI_10.1038_s41586-021-03929-x,A_exclude,Myeloid colony,CD45,exclude,pass,include,appended,M01384,CD45 positivity is part of the flow-based identification of myeloid colonies.
DOI_10.1038_s41586-021-03929-x,A_exclude,NK colony,CD56,exclude,pass,include,appended,M01385,CD56 (NCAM1) is the positive marker used to identify NK colonies.
DOI_10.1038_s41586-021-03929-x,A_exclude,NK colony,CD45,exclude,pass,include,appended,M01386,CD45 positivity is part of the flow-based identification of NK colonies.
DOI_10.1038_s41586-021-03929-x,A_exclude,sinusoidal endothelial cells,CTSL,exclude,pass,include,appended,M01387,Author explicitly declares CTSL as a characteristic sinusoidal endothelial cell gene and uses it to define the cluster.
DOI_10.1038_s41586-021-03929-x,A_exclude,sinusoidal endothelial cells,SELENOP,exclude,pass,include,appended,M01388,Author explicitly declares SELENOP as a characteristic sinusoidal endothelial cell gene and uses it to define the cluster.
DOI_10.1038_s41586-021-03929-x,A_exclude,sinusoidal endothelial cells,STAB2,exclude,pass,include,appended,M01389,Author explicitly declares STAB2 as a characteristic sinusoidal endothelial cell gene and uses it to define the cluster.
DOI_10.1038_s41586-021-03929-x,A_exclude,tip endothelial cells,CD34,exclude,pass,include,appended,M01390,CD34 is used to separate the non-sinusoidal/tip endothelial cluster from sinusoidal endothelial cells.
DOI_10.1038_s41586-021-03929-x,new_finding,tip endothelial cells,DLL4,never_reported,pass,include,appended,M01391,Author explicitly declares DLL4 as a canonical tip endothelial cell marker and uses it to annotate the cell type.
DOI_10.1038_s41586-021-03929-x,new_finding,tip endothelial cells,PDGFB,never_reported,pass,include,appended,M01392,Author explicitly declares PDGFB as a canonical tip endothelial cell marker and uses it to annotate the cell type.
DOI_10.1038_s41586-021-03929-x,new_finding,tip endothelial cells,UNC5B,never_reported,pass,include,appended,M01393,Author explicitly declares UNC5B as a canonical tip endothelial cell marker and uses it to annotate the cell type.
DOI_10.1038_s41586-021-03929-x,A_exclude,tip endothelial cells,VIM,exclude,pass,include,appended,M01394,"VIM is used with CD34 to distinguish the non-sinusoidal endothelial cluster, contributing to annotation of tip ECs."
DOI_10.1038_s41586-021-03929-x,A_exclude,VEGFR2hiCD34hi diaphyseal sinusoids,CD34,exclude,pass,include,appended,M01395,CD34 is part of the marker combination defining diaphyseal sinusoids in the figure legend.
DOI_10.1038_s41586-021-03929-x,A_exclude,VEGFR2hiCD34hi diaphyseal sinusoids,VEGFR2,exclude,pass,include,appended,M01396,VEGFR2 (KDR) is part of the marker combination defining diaphyseal sinusoids in the figure legend.
DOI_10.1038_s41586-021-03929-x,A_exclude,VEGFR2hiCD34lo cells,CD34,exclude,pass,include,appended,M01397,CD34 is part of the marker combination used to identify and name this endothelial population.
DOI_10.1038_s41586-021-03929-x,A_exclude,VEGFR2hiCD34lo cells,VEGFR2,exclude,pass,include,appended,M01398,VEGFR2 (KDR) is used to identify and name this endothelial population.
DOI_10.1038_s41588-025-02182-6,A_exclude,Airway progenitor cells,SCGB3A2,exclude,pass,include,appended,M01399,作者用 SCGB3A2+ 命名/识别 airway progenitors，并用于新数据映射的细胞身份注释；符合双重门槛。
DOI_10.1038_s41588-025-02182-6,new_finding,Alveolar type 1 cells,CAV1,never_reported,pass,include,appended,M01400,CAV1 在 Fig.4d 中被列为 AT1 marker，用于注释；符合双重门槛。
DOI_10.1038_s41588-025-02182-6,new_finding,Alveolar type 1 cells,HOPX,never_reported,pass,include,appended,M01401,HOPX 在 Fig.4d 中被列为 AT1 marker，用于注释；符合双重门槛。
DOI_10.1038_s41588-025-02182-6,new_finding,Alveolar type 2 cells,SFTPB,never_reported,pass,include,appended,M01402,SFTPB 在 Fig.1j marker heatmap 中作为 AT2 marker 展示；符合双重门槛。
DOI_10.1038_s41588-025-02182-6,new_finding,Alveolar type 2 cells,SFTPC,never_reported,pass,include,appended,M01403,SFTPC 在 Fig.4d 中被列为 AT2 marker，用于注释；符合双重门槛。
DOI_10.1038_s41588-025-02182-6,new_finding,Alveolar type 2 cells,SFTPD,never_reported,pass,include,appended,M01404,SFTPD 在 Fig.4d 中被列为 AT2 marker，用于注释；符合双重门槛。
DOI_10.1038_s41588-025-02182-6,new_finding,Basal cells,KRT14,never_reported,pass,include,appended,M01405,KRT14 在 Fig.1j marker heatmap 中作为 Basal cell marker 展示；符合双重门槛。
DOI_10.1038_s41588-025-02182-6,A_exclude,basal cells,TP63,exclude,pass,include,appended,M01406,作者明确将 TP63 作为 basal cells 的 marker，并在 Fig.1j/Supplementary Table 5 中展示；符合 marker 身份和注释用途。
DOI_10.1038_s41588-025-02182-6,new_finding,Biliary cells,KRT7,never_reported,pass,include,appended,M01407,KRT7 在 Fig.1j marker heatmap 中作为 Biliary cell marker 展示；符合双重门槛。
DOI_10.1038_s41588-025-02182-6,new_finding,Chief cells,PGC,never_reported,pass,include,appended,M01408,PGC 在 Fig.1j marker heatmap 中作为 Chief cell marker 展示；符合双重门槛。
DOI_10.1038_s41588-025-02182-6,new_finding,Ciliated cells,FOXJ1,never_reported,pass,include,appended,M01409,FOXJ1 在 Fig.4d 中被列为 Ciliated cell marker，用于注释；符合双重门槛。
DOI_10.1038_s41588-025-02182-6,new_finding,Club cells,SCGB1A1,never_reported,pass,include,appended,M01410,SCGB1A1 在 Fig.4d/Fig.1j 中被列为 Club cell marker，用于注释；符合双重门槛。
DOI_10.1038_s41588-025-02182-6,new_finding,Colonocytes,CEACAM5,never_reported,pass,include,appended,M01411,CEACAM5 在 Fig.3d 中被列为 Colonocyte marker，用于注释；符合双重门槛。
DOI_10.1038_s41588-025-02182-6,new_finding,Cycling stromal cells,DLK1,never_reported,pass,include,appended,M01412,DLK1 在 Fig.3d 中被列为 Cycling stromal cell marker，用于注释；符合双重门槛。
DOI_10.1038_s41588-025-02182-6,new_finding,Cycling stromal cells,MKI67,never_reported,pass,include,appended,M01413,MKI67 在 Fig.3d 中被列为 Cycling stromal cell marker，用于注释；符合双重门槛。
DOI_10.1038_s41588-025-02182-6,new_finding,Cycling stromal cells,TOP2A,never_reported,pass,include,appended,M01414,TOP2A 在 Fig.1j marker heatmap 中作为 Cycling stromal cell marker 展示；符合双重门槛。
DOI_10.1038_s41588-025-02182-6,new_finding,Endothelial,ESAM,never_reported,pass,include,appended,M01415,ESAM 在 Fig.1j 的 marker heatmap 中展示，作为内皮/淋巴内皮相关 marker；符合双重门槛。
DOI_10.1038_s41588-025-02182-6,new_finding,Enterocytes,FABP2,never_reported,pass,include,appended,M01416,FABP2 在 Fig.1j marker heatmap 中作为肠上皮吸收细胞 marker 展示；符合双重门槛。
DOI_10.1038_s41588-025-02182-6,new_finding,Enterocytes,RBP2,never_reported,pass,include,appended,M01417,RBP2 在 Fig.3d 中被列为 Enterocyte marker，用于注释；符合双重门槛。
DOI_10.1038_s41588-025-02182-6,new_finding,Enterocytes,SI,never_reported,pass,include,appended,M01418,SI 在 Fig.3d marker 面板中被列为 Enterocyte marker，用于肠器官图谱注释；符合双重门槛。
DOI_10.1038_s41588-025-02182-6,new_finding,Epithelial,CDH1,never_reported,pass,include,appended,M01419,Fig.3d marker 面板将 CDH1 列为 Epithelial 类 marker，用于注释；符合双重门槛。
DOI_10.1038_s41588-025-02182-6,new_finding,Epithelial,CDX2,never_reported,pass,include,appended,M01420,CDX2 在 Fig.3d 的 level-1 marker 面板中作为 Epithelial marker 展示，且 Fig.2e 用于对应细胞类型鉴定；符合双重门槛。
DOI_10.1038_s41588-025-02182-6,new_finding,Epithelial,EPCAM,never_reported,pass,include,appended,M01421,Fig.1j 将 EPCAM 列为图谱细胞类型的 marker，且图谱注释依据 marker 表达；符合双重门槛。
DOI_10.1038_s41588-025-02182-6,new_finding,Goblet cells,MUC13,never_reported,pass,include,appended,M01422,MUC13 在 Fig.1j marker heatmap 中作为 Goblet cell marker 展示；符合双重门槛。
DOI_10.1038_s41588-025-02182-6,new_finding,Goblet cells,SPDEF,never_reported,pass,include,appended,M01423,SPDEF 在 Fig.3d 中被列为 Goblet cell marker，用于注释；符合双重门槛。
DOI_10.1038_s41588-025-02182-6,new_finding,Goblet cells,TFF3,never_reported,pass,include,appended,M01424,TFF3 在 Fig.1j marker heatmap 中作为 Goblet cell marker 展示；符合双重门槛。
DOI_10.1038_s41588-025-02182-6,new_finding,Hepatocytes,ASGR1,never_reported,pass,include,appended,M01425,ASGR1 在 Fig.1j marker heatmap 中作为 Hepatocyte marker 展示；符合双重门槛。
DOI_10.1038_s41588-025-02182-6,new_finding,Hepatocytes,RBP4,never_reported,pass,include,appended,M01426,RBP4 在 Fig.1j marker heatmap 中作为 Hepatocyte marker 展示；符合双重门槛。
DOI_10.1038_s41588-025-02182-6,new_finding,Immune,PTPRC,never_reported,pass,include,appended,M01427,PTPRC 在 Fig.1j marker heatmap 中作为免疫细胞 marker 展示；符合双重门槛。
DOI_10.1038_s41588-025-02182-6,new_finding,Interstitial cells of Cajal,KCNN3,never_reported,pass,include,appended,M01428,KCNN3 在 Fig.3d 中被列为 ICC marker，用于注释；符合双重门槛。
DOI_10.1038_s41588-025-02182-6,new_finding,Kupffer cells,CD14,never_reported,pass,include,appended,M01429,CD14 在 Fig.1j marker heatmap 中作为 Kupffer cell marker 展示；符合双重门槛。
DOI_10.1038_s41588-025-02182-6,new_finding,Lymphatic endothelium,PROX1,never_reported,pass,include,appended,M01430,PROX1 在 Fig.1j marker heatmap 中作为 Lymphatic endothelium marker 展示；符合双重门槛。
DOI_10.1038_s41588-025-02182-6,new_finding,Mesenchymal,DCN,never_reported,pass,include,appended,M01431,DCN 在多个 marker 面板中被列为 Mesenchymal marker，用于注释；符合双重门槛。
DOI_10.1038_s41588-025-02182-6,new_finding,Mesenchymal,POSTN,never_reported,pass,include,appended,M01432,POSTN 在多个 marker 面板中被列为 Mesenchymal marker，用于注释；符合双重门槛。
DOI_10.1038_s41588-025-02182-6,new_finding,Mesoderm 1,PITX2,never_reported,pass,include,appended,M01433,PITX2 在 Fig.3d 中与 HAND1 同列为 Mesoderm 1 marker，用于注释；符合双重门槛。
DOI_10.1038_s41588-025-02182-6,A_exclude,Mesoderm 1 (HAND1),HAND1,exclude,pass,include,appended,M01434,HAND1 被用于命名和区分 Mesoderm 1 亚型，并出现在图谱 marker 集合中；符合双重门槛。
DOI_10.1038_s41588-025-02182-6,A_exclude,Mesoderm 2 (ZEB2),ZEB2,exclude,pass,include,appended,M01435,ZEB2 被用于命名和区分 Mesoderm 2 亚型，并出现在图谱 marker 集合中；符合双重门槛。
DOI_10.1038_s41588-025-02182-6,new_finding,Microfold cells,LTB,never_reported,pass,include,appended,M01436,LTB 在 Fig.3d 中被列为 Microfold cell marker，用于注释；符合双重门槛。
DOI_10.1038_s41588-025-02182-6,new_finding,Microfold cells,SPIB,never_reported,pass,include,appended,M01437,SPIB 在 Fig.3d/Fig.1j 中被列为 Microfold cell marker，用于注释；符合双重门槛。
DOI_10.1038_s41588-025-02182-6,new_finding,mLTo cells,APLNR,never_reported,pass,include,appended,M01438,APLNR 在 Fig.3d 中被列为 mLTo cell marker，用于注释；符合双重门槛。
DOI_10.1038_s41588-025-02182-6,A_exclude,MUC2+ goblet,MUC2,exclude,fail_citation,include,appended,M01439,虽然 'MUC2+ goblet' 标签来自参考图谱，但 Fig.3d 是本文自身的肠器官图谱 marker 面板，并将 MUC2 作为 Goblet 细胞 marker 展示；符合双重门槛。
DOI_10.1038_s41588-025-02182-6,new_finding,Neck cells,MUC6,never_reported,pass,include,appended,M01440,MUC6 在 Fig.1j marker heatmap 中作为 Neck cell marker 展示；符合双重门槛。
DOI_10.1038_s41588-025-02182-6,new_finding,Neural,ASCL1,never_reported,pass,include,appended,M01441,ASCL1 与 ELAVL3 同在 Fig.3d level-1 Neural marker 面板，用于 Neural 类注释；符合双重门槛。
DOI_10.1038_s41588-025-02182-6,A_exclude,Neural,ELAVL3,exclude,pass,include,appended,M01442,作者在 Fig.3d 中将 ELAVL3 作为 level-1 Neural 的 marker 展示，且注释流程使用 known marker expression；旧理由认为不能特异对应 Schwann/内分泌不构成排除理由。
DOI_10.1038_s41588-025-02182-6,new_finding,Pancreatic cells,PDX1,never_reported,pass,include,appended,M01443,PDX1 在 Fig.1j marker heatmap 中作为 Pancreatic cell marker 展示；符合双重门槛。
DOI_10.1038_s41588-025-02182-6,new_finding,Paneth cells,DEFA5,never_reported,pass,include,appended,M01444,DEFA5 在 Fig.3d/Fig.1j 中被列为 Paneth cell marker，用于注释；符合双重门槛。
DOI_10.1038_s41588-025-02182-6,new_finding,Paneth cells,DEFA6,never_reported,pass,include,appended,M01445,DEFA6 在 Fig.3d/Fig.1j 中被列为 Paneth cell marker，用于注释；符合双重门槛。
DOI_10.1038_s41588-025-02182-6,A_exclude,Progenitor cells,AFP,exclude,pass,include,appended,M01446,作者用 AFP（与 FABP1 一起）定义 progenitor cells，并在 Fig.4d 肺器官图谱 marker 面板中展示；符合双重门槛。
DOI_10.1038_s41588-025-02182-6,A_exclude,Progenitor cells,FABP1,exclude,pass,include,appended,M01447,作者用 FABP1（与 AFP 一起）定义 progenitor cells，并在 Fig.4d 肺器官图谱 marker 面板中展示；符合双重门槛。
DOI_10.1038_s41588-025-02182-6,A_exclude,stem cells,OLFM4,exclude,pass,include,appended,M01448,作者明确将 OLFM4 作为 stem cells 的 marker，并关联到展示 marker 表达的 Fig.1j/Supplementary Table 5；注释流程基于 known marker expression，符合双重门槛。旧排除理由仅为范围问题，不成立。
DOI_10.1038_s41588-025-02182-6,new_finding,Stromal 1,ADAM28,never_reported,pass,include,appended,M01449,ADAM28 在 Fig.3d 中与 ADAMDEC1 同列为 Stromal 1 marker，用于注释；符合双重门槛。
DOI_10.1038_s41588-025-02182-6,A_exclude,Stromal 1 (ADAMDEC1),ADAMDEC1,exclude,pass,include,appended,M01450,ADAMDEC1 直接作为细胞类型名称用于命名/分类，且在图谱 marker 面板中展示；符合双重门槛。
DOI_10.1038_s41588-025-02182-6,A_exclude,Stromal 2 (NPY),NPY,exclude,pass,include,appended,M01451,NPY 被用于命名和区分 Stromal 2 亚型，并出现在图谱 marker 集合中；符合双重门槛。
DOI_10.1038_s41588-025-02182-6,A_exclude,Stromal 3 (C7),C7,exclude,pass,include,appended,M01452,C7 直接作为细胞类型名称用于命名/分类，并出现在 marker 面板中；符合双重门槛。
DOI_10.1038_s41588-025-02182-6,new_finding,Thyrocytes,PAX8,never_reported,pass,include,appended,M01453,PAX8 在 Fig.1j marker heatmap 中作为 Thyrocyte marker 展示；符合双重门槛。
DOI_10.1038_s41588-025-02182-6,new_finding,Tuft cells,AVIL,never_reported,pass,include,appended,M01454,AVIL 在 Fig.3d/Fig.1j 中被列为 Tuft cell marker，用于注释；符合双重门槛。
DOI_10.1038_s41588-025-02182-6,new_finding,Tuft cells,POU2F3,never_reported,pass,include,appended,M01455,POU2F3 在 Fig.3d 中被列为 Tuft cell marker，用于注释；符合双重门槛。
DOI_10.1126_science.abl4290,new_finding,Alveolar fibroblasts,FGFR4,never_reported,pass,include,appended,M01456,"FGFR4 is described as specifically expressed by alveolar fibroblasts and is shown in Fig. 4B, a figure of marker genes distinguishing tissue-enriched fibroblasts. Satisfies marker identity and annotat"
DOI_10.1126_science.abl4290,A_exclude,CD14+ monocytes,CD14,exclude,pass,include,appended,M01457,CD14+ monocytes is an annotated cell subset; CD14 is used in the subset name and displayed as a marker gene in Fig. 3B. Satisfies both marker identity and annotation use.
DOI_10.1126_science.abl4290,new_finding,CD16+ monocytes,CD16,never_reported,pass,include,appended,M01458,CD16+ monocytes are an annotated myeloid subset; CD16 (encoded by FCGR3A) is used in the subset name and shown as a marker gene in Fig. 3B.
DOI_10.1126_science.abl4290,A_exclude,CD207/Langerin+ Langerhans cells,CD207/Langerin,exclude,pass,include,appended,M01459,CD207 (Langerin) is used to name the Langerhans cell subset; Fig. 3B shows marker genes for Langerhans cells. CD207/Langerin resolves to CD207.
DOI_10.1126_science.abl4290,A_exclude,Fast myocytes,MYH2,exclude,pass,include,appended,M01460,MYH2 is explicitly described as the type 2 fiber marker for fast myocytes and is concordant with previously reported markers used for fast/slow myocyte annotation (figs. S9C/D). Satisfies both criteri
DOI_10.1126_science.abl4290,A_exclude,Mo/MΦ FCGR3Ahigh,FCGR3A,exclude,pass,include,appended,M01461,FCGR3A is used to name and distinguish the Mo/MΦ FCGR3Ahigh subset; Fig. 3B shows it as a marker gene. Satisfies both criteria.
DOI_10.1126_science.abl4290,A_exclude,Mo/MΦ FCGR3Alow,FCGR3A,exclude,pass,include,appended,M01462,FCGR3A is used to name and distinguish the Mo/MΦ FCGR3Alow subset; Fig. 3B shows it as a marker gene. Satisfies both criteria.
DOI_10.1126_science.abl4290,new_finding,MΦ HLAIIhigh,APOE,never_reported,pass,include,appended,M01463,"APOE is listed as a component of the HLAIIhigh macrophage marker panel in Fig. 3B, a figure explicitly showing marker genes associated with each subset."
DOI_10.1126_science.abl4290,new_finding,MΦ HLAIIhigh,C1QA,never_reported,pass,include,appended,M01464,C1QA is listed as a component of the HLAIIhigh macrophage marker panel in Fig. 3B.
DOI_10.1126_science.abl4290,new_finding,MΦ HLAIIhigh,C1QB,never_reported,pass,include,appended,M01465,C1QB is listed as a component of the HLAIIhigh macrophage marker panel in Fig. 3B.
DOI_10.1126_science.abl4290,new_finding,MΦ HLAIIhigh,C1QC,never_reported,pass,include,appended,M01466,C1QC is listed as a component of the HLAIIhigh macrophage marker panel in Fig. 3B.
DOI_10.1126_science.abl4290,A_exclude,MΦ LYVE1high,LYVE1,exclude,pass,include,appended,M01467,LYVE1 is used to name the MΦ LYVE1high subset and is shown as a marker gene in Fig. 3B. Satisfies both criteria.
DOI_10.1126_science.abl4290,A_exclude,PPARGhigh lung macrophages,PPARG,exclude,pass,include,appended,M01468,"PPARG is used in the subset name 'PPARGhigh lung macrophages', identifying this macrophage state. Satisfies marker identity and annotation use."
DOI_10.1126_science.abl4290,new_finding,Slow myocytes,MYH7,never_reported,pass,include,appended,M01469,MYH7 is explicitly described as a type 1 fiber marker and is concordant with previously reported markers used to define slow myocytes. Satisfies both criteria.
DOI_10.1126_science.abl4290,new_finding,Slow myocytes,PPARGC1A,never_reported,pass,include,appended,M01470,PPARGC1A is described alongside MYH7 as a type 1 fiber marker and disease gene expressed in slow myocytes; satisfies marker identity and annotation use.
DOI_10.1126_science.abo0510,A_exclude,B cells,CD20,exclude,pass,include,appended,M01471,CD20 is explicitly used as a FACS gating marker to identify B cells; formal marker used for cell classification.
DOI_10.1126_science.abo0510,A_exclude,B cells,CCR10,exclude,pass,include,appended,M01472,CCR10 is explicitly used to define and sort a B-cell subset (CCR10hi B cells); formal marker used for classification.
DOI_10.1126_science.abo0510,A_exclude,B cells,CD27,exclude,pass,include,appended,M01473,CD27 is explicitly used to define and sort a B-cell subset (CCR10loCD27+CD43+); formal marker used for classification.
DOI_10.1126_science.abo0510,A_exclude,B cells,CD43,exclude,pass,include,appended,M01474,CD43 is explicitly used to define and sort a B-cell subset (CCR10loCD27+CD43+); formal marker used for classification.
DOI_10.1126_science.abo0510,new_finding,CD45+ immune cells (leukocytes),CD45,never_reported,pass,include,appended,M01475,CD45 is explicitly used as a FACS marker to identify and sort immune (CD45+) cells from non-immune cells in the developing human immune atlas; formal pan-immune marker satisfying both gates.
DOI_10.1126_science.abo0510,A_exclude,Cycling B cells,MKI67,exclude,pass,include,appended,M01476,MKI67 is explicitly declared as a marker for cycling B cells in the B-cell characterization/annotation marker panel.
DOI_10.1126_science.abo0510,A_exclude,Cycling B cells,MS4A1,exclude,pass,include,appended,M01477,MS4A1 is presented as a marker gene for cycling B cells in the B-cell marker panel.
DOI_10.1126_science.abo0510,A_exclude,human embryonic mesodermal progenitors (hEMPs),CD326,exclude,pass,include,appended,M01478,"CD326 is explicitly used as a FACS marker to isolate and identify hEMPs; this is a formal marker for the named progenitor population, satisfying both gates."
DOI_10.1126_science.abo0510,A_exclude,human embryonic mesodermal progenitors (hEMPs),CD56,exclude,pass,include,appended,M01479,CD56 is explicitly used as a FACS marker to isolate and identify hEMPs; formal marker for the named progenitor population.
DOI_10.1126_science.abo0510,A_exclude,Immature B cells,CD19,exclude,pass,include,appended,M01480,"fig. S25 explicitly presents CD19 as a marker gene characterizing immature B cells, and the Methods state that B cell subsets were annotated manually using marker panels; annotation-use gate met."
DOI_10.1126_science.abo0510,A_exclude,Immature B cells,CD24,exclude,pass,include,appended,M01481,"fig. S25 explicitly presents CD24 as a marker gene characterizing immature B cells, with supporting Methods statement on marker-panel-based B cell annotation."
DOI_10.1126_science.abo0510,A_exclude,Immature B cells,VPREB3,exclude,pass,include,appended,M01482,fig. S25 explicitly presents VPREB3 as a marker gene characterizing immature B cells; annotation-use gate met via marker-panel-based B cell annotation.
DOI_10.1126_science.abo0510,A_exclude,Iron-recycling macrophages,APOE,exclude,pass,include,appended,M01483,APOE is explicitly described as characterizing iron-recycling macrophages and used in their annotation.
DOI_10.1126_science.abo0510,A_exclude,Iron-recycling macrophages,CD5L,exclude,pass,include,appended,M01484,CD5L is explicitly described as characterizing iron-recycling macrophages and used in their annotation.
DOI_10.1126_science.abo0510,A_exclude,Iron-recycling macrophages,SLC40A1,exclude,pass,include,appended,M01485,SLC40A1 is explicitly used to annotate iron-recycling macrophages as a defining marker.
DOI_10.1126_science.abo0510,A_exclude,Iron-recycling macrophages,TIMD4,exclude,pass,include,appended,M01486,TIMD4 is explicitly used as a defining marker for iron-recycling macrophages in the annotation methods.
DOI_10.1126_science.abo0510,A_exclude,Iron-recycling macrophages,VCAM1,exclude,pass,include,appended,M01487,VCAM1 is explicitly described as characterizing iron-recycling macrophages and used in their annotation.
DOI_10.1126_science.abo0510,A_exclude,Kupffer-like macrophages,ENG,exclude,pass,include,appended,M01488,ENG is explicitly used as an endothelial transcript marker to annotate Kupffer-like macrophages.
DOI_10.1126_science.abo0510,A_exclude,Kupffer-like macrophages,KDR,exclude,pass,include,appended,M01489,KDR is explicitly used as an endothelial transcript marker to annotate Kupffer-like macrophages.
DOI_10.1126_science.abo0510,A_exclude,LYVE1hi macrophages,F13A1,exclude,pass,include,appended,M01490,F13A1 is explicitly listed as a marker gene used to define and annotate LYVE1hi macrophages in the Methods.
DOI_10.1126_science.abo0510,A_exclude,LYVE1hi macrophages,LYVE1,exclude,pass,include,appended,M01491,LYVE1 is explicitly listed as a marker gene used to define and annotate LYVE1hi macrophages.
DOI_10.1126_science.abo0510,A_exclude,LYVE1hi macrophages,SPP1,exclude,pass,include,appended,M01492,SPP1 is explicitly listed as a marker gene used to define and annotate LYVE1hi macrophages.
DOI_10.1126_science.abo0510,A_exclude,Mature B cells,MS4A1,exclude,pass,include,appended,M01493,MS4A1 is presented as a marker gene for mature B cells (among others) in the B-cell characterization/annotation marker panel.
DOI_10.1126_science.abo0510,A_exclude,MHC class IIhi macrophages,CLEC7A,exclude,pass,include,appended,M01494,CLEC7A is explicitly used as a defining marker for MHC class IIhi macrophages.
DOI_10.1126_science.abo0510,A_exclude,MHC class IIhi macrophages,HLA-DPA1,exclude,pass,include,appended,M01495,HLA-DPA1 is explicitly used as a defining marker for MHC class IIhi macrophages.
DOI_10.1126_science.abo0510,A_exclude,MHC class IIhi macrophages,HLA-DRA,exclude,pass,include,appended,M01496,HLA-DRA is explicitly used as a defining marker for MHC class IIhi macrophages.
DOI_10.1126_science.abo0510,A_exclude,Osteoclasts,ACP5,exclude,pass,include,appended,M01497,ACP5 is explicitly used as a characteristic marker to annotate osteoclasts.
DOI_10.1126_science.abo0510,A_exclude,Osteoclasts,MMP9,exclude,pass,include,appended,M01498,MMP9 is explicitly used as a characteristic marker to annotate osteoclasts.
DOI_10.1126_science.abo0510,A_exclude,Plasma B cells,CD38,exclude,pass,include,appended,M01499,CD38 is explicitly presented as a marker for plasma B cells in the B-cell marker panel.
DOI_10.1126_science.abo0510,A_exclude,Plasma B cells,JCHAIN,exclude,pass,include,appended,M01500,JCHAIN is explicitly presented as a marker for plasma B cells in the B-cell marker panel.
DOI_10.1126_science.abo0510,A_exclude,Plasma B cells,MS4A1,exclude,pass,include,appended,M01501,MS4A1lo is explicitly used as a negative/low marker for plasma B cells in the B-cell marker panel.
DOI_10.1126_science.abo0510,A_exclude,Plasma B cells,SDC1,exclude,pass,include,appended,M01502,SDC1 is explicitly presented as a marker for plasma B cells in the B-cell marker panel.
DOI_10.1126_science.abo0510,A_exclude,Plasma cells,CD38,exclude,pass,include,appended,M01503,"CD38 is explicitly used as a marker to exclude plasma cells, indicating its use in identifying/classifying plasma cells."
DOI_10.1126_science.abo0510,A_exclude,Plasma cells,CD20,exclude,pass,include,appended,M01504,CD20lo is explicitly used as a negative feature to classify/exclude plasma cells from B-cell gating; formal negative marker for plasma cells.
DOI_10.1126_science.abo0510,A_exclude,Proliferating macrophages,MKI67,exclude,pass,include,appended,M01505,MKI67 is explicitly used to identify proliferating macrophages in myeloid clustering; Methods also define proliferating macrophages by cell-cycle genes.
DOI_10.1126_science.abo0510,A_exclude,Proliferating macrophages,TOP2A,exclude,pass,include,appended,M01506,TOP2A is explicitly used together with MKI67 to identify proliferating macrophages in myeloid clustering; annotation-use gate met.
DOI_10.1126_science.abo0510,A_exclude,Putative B1 cells,MS4A1,exclude,pass,include,appended,M01507,MS4A1 is presented as a marker gene for putative B1 cells in the B-cell marker panel.
DOI_10.1126_science.abo0510,A_exclude,TREM2 macrophages,P2RY12,exclude,pass,include,appended,M01508,P2RY12 is explicitly used as a marker to define and annotate TREM2 macrophages.
DOI_10.1126_science.abo0510,A_exclude,TREM2 macrophages,TREM2,exclude,pass,include,appended,M01509,TREM2 is explicitly used as a marker to define and annotate TREM2 macrophages.
DOI_10.1038_s41467-024-52052-8,new_finding,SST neurons (somatostatin-positive nociceptor subtype),SST,never_reported,pass,include,appended,M01510,"SST is explicitly used by the authors to define and name a nociceptor subtype ('somatostatin positive neurons (SST)'). It is therefore a formal marker for this cell population, not merely a DEG. The p"
PMID_35115729,new_finding,endoneurial fibroblasts,Col15a1,never_reported,pass,include,appended,M01511,Col15a1 is listed among genes that define endoneurial fibroblasts in the Mpz-Sun1 atlas.
PMID_35115729,new_finding,endoneurial fibroblasts,Cspg4,never_reported,pass,include,appended,M01512,Cspg4 is presented as a defining marker of endoneurial fibroblasts.
PMID_35115729,new_finding,endoneurial fibroblasts,Egfr,never_reported,pass,include,appended,M01513,Egfr is listed among genes that define endoneurial fibroblasts in the Mpz-Sun1 atlas.
PMID_35115729,new_finding,endoneurial fibroblasts,Enpp2,never_reported,pass,include,appended,M01514,Enpp2 is presented as a defining marker of endoneurial fibroblasts.
PMID_35115729,new_finding,endoneurial fibroblasts,Lama2,never_reported,pass,include,appended,M01515,Lama2 is listed among genes that define endoneurial fibroblasts in the Mpz-Sun1 atlas.
PMID_35115729,B_unaudited,endoneurial fibroblasts (EFs),Pdgfra,never_audited,pass,include,appended,M01516,Pdgfra is explicitly presented as a fibroblast marker used to identify/annotate endoneurial fibroblasts.
PMID_35115729,new_finding,endoneurial/epineurial fibroblasts,Cd34,never_reported,pass,include,appended,M01517,Cd34 is explicitly listed as a signature gene / marker for endoneurial and epineurial fibroblasts and used in atlas annotation.
PMID_35115729,new_finding,epineurial fibroblasts,Pcolce,never_reported,pass,include,appended,M01518,Pcolce is used together with Pdgfra to define epineurial fibroblasts.
PMID_35115729,new_finding,epineurial fibroblasts,Ccbe1,never_reported,pass,include,appended,M01519,Ccbe1 is used to define epineurial fibroblast Cluster 6 in the atlas.
PMID_35115729,new_finding,epineurial fibroblasts,Pi16,never_reported,pass,include,appended,M01520,Pi16 is used to define epineurial fibroblast Cluster 6 in the atlas.
PMID_35115729,new_finding,epineurial fibroblasts,Opcml,never_reported,pass,include,appended,M01521,Opcml is used to define epineurial fibroblast Cluster 9 in the atlas.
PMID_35115729,B_unaudited,immune cells,Cd45,never_audited,pass,include,appended,M01522,Cd45/Ptprc is explicitly declared as a global immune marker and used to FACS-purify/identify immune cells for the immune atlas.
PMID_35115729,B_unaudited,lymphatic endothelial cells,Lyve1,never_audited,pass,include,appended,M01523,Lyve1 is used by the authors to identify lymphatic endothelial cluster 14.
PMID_35115729,B_unaudited,lymphatic endothelial cells,Prox1,never_audited,pass,include,appended,M01524,Prox1 is used by the authors to identify lymphatic endothelial cluster 14.
PMID_35115729,new_finding,motor axons,ChAT,never_reported,pass,include,appended,M01525,ChAT is explicitly used as a marker to identify and quantify motor axons in nerve sections.
PMID_35115729,new_finding,nerve-associated microvascular endothelial cells,Cldn5,never_reported,pass,include,appended,M01526,Cldn5 is presented as the cluster-defining marker of microvascular endothelial cells and used in annotation.
PMID_35115729,new_finding,pericytes,Pdgfrb,never_reported,pass,include,appended,M01527,Pdgfrb is presented as a marker of pericyte cluster 12 and used in annotation.
PMID_35115729,B_unaudited,perineurial fibroblasts,Itgb4,never_audited,pass,include,appended,M01528,Itgb4 is explicitly called a marker of perineurial fibroblasts and used in cluster annotation.
PMID_35115729,B_unaudited,perineurial fibroblasts,Slc2a1,never_audited,pass,include,appended,M01529,Slc2a1 is explicitly called a marker of perineurial fibroblasts and used in cluster annotation.
PMID_35115729,new_finding,resident endoneurial macrophages,Cx3cr1,never_reported,pass,include,appended,M01530,Cx3cr1 is used to identify resident endoneurial macrophage cluster 4.
PMID_35115729,new_finding,resident endoneurial macrophages,Trem2,never_reported,pass,include,appended,M01531,Trem2 is used together with Cx3cr1 to identify resident endoneurial macrophage cluster 4.
PMID_35115729,B_unaudited,Schwann cell,Adamtsl1,never_audited,pass,include,appended,M01532,Adamtsl1 is explicitly presented as a defining marker of a myelinating-SC subtype and is used to identify/annotate this cluster.
PMID_35115729,B_unaudited,Schwann cell,Cldn14,never_audited,pass,include,appended,M01533,Cldn14 is explicitly presented as a defining marker of a myelinating-SC subtype and is used to identify/annotate this cluster.
PMID_35115729,B_unaudited,Schwann cell,Pmp2,never_audited,pass,include,appended,M01534,Pmp2 is explicitly presented as a defining marker of a myelinating-SC subtype and is used to identify/annotate this cluster.
PMID_35115729,new_finding,vasculature-associated smooth muscle cells (VSMCs),Acta2,never_reported,pass,include,appended,M01535,Acta2 is presented as a marker of VSMC cluster 11 and used in annotation.
DOI_10.1101_2025.09.26.678707,A_exclude,aPT2,CDH6,exclude,pass,include,appended,M01536,CDH6 is explicitly named as an injury marker of the aPT2 early injured proximal tubule state.
DOI_10.1101_2025.09.26.678707,A_exclude,aPT2,HAVCR1,exclude,pass,include,appended,M01537,HAVCR1 is explicitly named as an injury marker of the aPT2 state.
DOI_10.1101_2025.09.26.678707,A_exclude,aPT2,VCAM1,exclude,pass,include,appended,M01538,VCAM1 is explicitly named as an injury marker of the aPT2 state.
DOI_10.1101_2025.09.26.678707,A_exclude,C-FIB-OSMRhi,CCL19,exclude,pass,include,appended,M01539,CCL19 is explicitly used together with CXCL10 to define the C-FIB-OSMRhi pro-inflammatory fibroblast state.
DOI_10.1101_2025.09.26.678707,new_finding,C-FIB-OSMRhi,CCL2,never_reported,pass,include,appended,M01540,CCL2 is listed among the marker genes shown for C-FIB-OSMRhi in the Figure 2b selected-marker-gene dotplot and is part of the marker-based description of this fibroblast state.
DOI_10.1101_2025.09.26.678707,A_exclude,C-FIB-OSMRhi,CXCL10,exclude,pass,include,appended,M01541,Author explicitly defines C-FIB-OSMRhi as a CXCL10+/CCL19+ pro-inflammatory fibroblast state; the marker is incorporated in the cell-state name and shown as a marker for this fibroblast subtype.
DOI_10.1101_2025.09.26.678707,new_finding,C-FIB-OSMRhi,IL1R1,never_reported,pass,include,appended,M01542,IL1R1 is listed among the marker genes shown for C-FIB-OSMRhi in the Figure 2b selected-marker-gene dotplot and is part of the marker-based description of this fibroblast state.
DOI_10.1101_2025.09.26.678707,A_exclude,C-FIB-OSMRhi,OSMR,exclude,pass,include,appended,M01543,OSMR is named in the cell-state label C-FIB-OSMRhi and is listed among the marker genes shown for this state.
DOI_10.1101_2025.09.26.678707,A_exclude,C-MYOF,COL3A1,exclude,pass,include,appended,M01544,COL3A1 is explicitly used together with SPARC to define the C-MYOF myofibroblast state.
DOI_10.1101_2025.09.26.678707,new_finding,C-MYOF,FAP,never_reported,pass,include,appended,M01545,FAP is listed among the genes shown in the Figure 2b selected-marker-gene dotplot for the C-MYOF myofibroblast state.
DOI_10.1101_2025.09.26.678707,new_finding,C-MYOF,INHBA,never_reported,pass,include,appended,M01546,INHBA is listed among the genes shown in the Figure 2b selected-marker-gene dotplot for the C-MYOF myofibroblast state.
DOI_10.1101_2025.09.26.678707,new_finding,C-MYOF,POSTN,never_reported,pass,include,appended,M01547,POSTN is listed among the genes shown in the Figure 2b selected-marker-gene dotplot for the C-MYOF myofibroblast state.
DOI_10.1101_2025.09.26.678707,A_exclude,C-MYOF,SPARC,exclude,pass,include,appended,M01548,Author explicitly defines C-MYOF as a SPARC+COL3A1+ myofibroblast state; SPARC is used as a defining marker.
DOI_10.1101_2025.09.26.678707,A_exclude,frPT,MEG3,exclude,pass,include,appended,M01549,MEG3 is explicitly described as marking the frPT failed-repair proximal tubule state.
DOI_10.1101_2025.09.26.678707,A_exclude,frPT,PROM1,exclude,pass,include,appended,M01550,PROM1 is explicitly described as marking both frPT and frTAL failed-repair states.
DOI_10.1101_2025.09.26.678707,A_exclude,frPT,ROBO2,exclude,pass,include,appended,M01551,ROBO2 is explicitly described as marking the frPT failed-repair proximal tubule state.
DOI_10.1101_2025.09.26.678707,A_exclude,frTAL,ITGB8,exclude,pass,include,appended,M01552,ITGB8 is explicitly described as marking the frTAL failed-repair thick ascending limb state.
DOI_10.1101_2025.09.26.678707,A_exclude,frTAL,PROM1,exclude,pass,include,appended,M01553,PROM1 is explicitly described as marking frTAL as well as frPT.
DOI_10.1101_2025.09.26.678707,A_exclude,frTAL,TMPRSS4,exclude,pass,include,appended,M01554,TMPRSS4 is explicitly described as marking the frTAL failed-repair thick ascending limb state.
DOI_10.1101_2025.09.26.678707,A_exclude,healthy TAL,DEFB1,exclude,pass,include,appended,M01555,DEFB1 is explicitly named as a canonical healthy TAL gene/marker.
DOI_10.1101_2025.09.26.678707,A_exclude,healthy TAL,EGF,exclude,pass,include,appended,M01556,EGF is explicitly named as a canonical healthy TAL gene/marker.
DOI_10.1101_2025.09.26.678707,A_exclude,healthy TAL,SLC12A1,exclude,pass,include,appended,M01557,"SLC12A1 is explicitly named as a canonical healthy TAL gene, i.e., a marker of the healthy TAL cell identity."
DOI_10.1101_2025.09.26.678707,A_exclude,healthy TAL,UMOD,exclude,pass,include,appended,M01558,UMOD is explicitly named as a canonical healthy TAL gene/marker.
DOI_10.1101_2025.09.26.678707,A_exclude,healthy TAL,WNK4,exclude,pass,include,appended,M01559,WNK4 is explicitly named as a canonical healthy TAL gene/marker.
DOI_10.1101_2025.09.26.678707,A_exclude,MD,BBOX1,exclude,pass,include,appended,M01560,BBOX1 is explicitly named as a distinguishing marker gene used to subset and classify macula densa (MD) cells.
DOI_10.1101_2025.09.26.678707,A_exclude,moFAM,GPNMB,exclude,pass,include,appended,M01561,GPNMB is explicitly used as a marker that defines the polarized moFAM subtype.
DOI_10.1101_2025.09.26.678707,A_exclude,moFAM,SPP1,exclude,pass,include,appended,M01562,SPP1 is explicitly used as a marker that defines the polarized moFAM subtype.
DOI_10.1101_2025.09.26.678707,A_exclude,moMAC-CXCL10+,CCL2,exclude,pass,include,appended,M01563,CCL2 is explicitly used as one of the defining markers of the moMAC-CXCL10+ state.
DOI_10.1101_2025.09.26.678707,A_exclude,moMAC-CXCL10+,CXCL10,exclude,pass,include,appended,M01564,CXCL10 is part of the marker triplet explicitly used to define the moMAC-CXCL10+ state.
DOI_10.1101_2025.09.26.678707,A_exclude,moMAC-CXCL10+,CXCL9,exclude,pass,include,appended,M01565,CXCL9 is explicitly used as one of the defining markers of the moMAC-CXCL10+ state.
DOI_10.1101_2025.09.26.678707,A_exclude,moMAC-HBEGF+,AREG,exclude,pass,include,appended,M01566,AREG is explicitly listed in the marker set that marks the moMAC-HBEGF+ inflammatory population.
DOI_10.1101_2025.09.26.678707,A_exclude,moMAC-HBEGF+,CXCL8,exclude,pass,include,appended,M01567,CXCL8 is explicitly listed in the marker set that marks the moMAC-HBEGF+ population.
DOI_10.1101_2025.09.26.678707,A_exclude,moMAC-HBEGF+,HBEGF,exclude,pass,include,appended,M01568,HBEGF is explicitly used to name the subtype (moMAC-HBEGF+) and is described as a marker whose expression marks the population.
DOI_10.1101_2025.09.26.678707,A_exclude,moMAC-HBEGF+,IL1B,exclude,pass,include,appended,M01569,IL1B is explicitly listed in the marker set that marks the moMAC-HBEGF+ population.
DOI_10.1101_2025.09.26.678707,A_exclude,moMAC-HBEGF+,OSM,exclude,pass,include,appended,M01570,OSM is explicitly listed in the marker set that marks the moMAC-HBEGF+ population.
DOI_10.1101_2025.09.26.678707,A_exclude,moMAC-HBEGF+,PLAUR,exclude,pass,include,appended,M01571,PLAUR is explicitly listed in the marker set that marks the moMAC-HBEGF+ population.
DOI_10.1101_2025.09.26.678707,A_exclude,MON,FCN1,exclude,pass,include,appended,M01572,FCN1 is explicitly used as the positive marker defining MON classical monocytes.
DOI_10.1101_2025.09.26.678707,A_exclude,PECs,CFH,exclude,pass,include,appended,M01573,CFH is explicitly named as a distinguishing marker gene used to subset and classify PECs.
DOI_10.1101_2025.09.26.678707,A_exclude,pvFIB-PI16+,CD34,exclude,pass,include,appended,M01574,CD34 is explicitly used as a defining marker of CD34+/PI16+ adventitial fibroblasts and pvFIB-PI16+ cells are described as expressing CD34.
DOI_10.1101_2025.09.26.678707,new_finding,pvFIB-PI16+,MFAP5,never_reported,pass,include,appended,M01575,MFAP5 is explicitly listed among the genes expressed by the pvFIB-PI16+ progenitor subtype and is part of its marker-based description.
DOI_10.1101_2025.09.26.678707,A_exclude,pvFIB-PI16+,PI16,exclude,pass,include,appended,M01576,PI16 is used in the cell-type name pvFIB-PI16+ and is explicitly listed among genes expressed by this progenitor subtype.
DOI_10.1101_2025.09.26.678707,A_exclude,pvFIB-RSPO3+,RSPO3,exclude,pass,include,appended,M01577,RSPO3 is used in the cell-type name pvFIB-RSPO3+ and explicitly described as a positive marker of this perivascular fibroblast progenitor population.
DOI_10.1101_2025.09.26.678707,A_exclude,pvMYOF,αSMA,exclude,pass,include,appended,M01578,αSMA (ACTA2) is explicitly used as the defining marker of pvMYOF myofibroblasts.
DOI_10.1101_2025.09.26.678707,A_exclude,REN+ cells,REN,exclude,pass,include,appended,M01579,The Methods explicitly state that REN gene expression was used to separate and annotate REN+ cells.
DOI_10.1101_2025.09.26.678707,A_exclude,resMAC-HLAIIhi,C1QA,exclude,pass,include,appended,M01580,C1QA is explicitly named as a distinguishing marker gene for resMAC-HLAIIhi cells.
DOI_10.1101_2025.09.26.678707,A_exclude,resMAC-HLAIIhi,CD163,exclude,pass,include,appended,M01581,CD163 is explicitly named as a distinguishing marker gene for resMAC-HLAIIhi cells in spatial deconvolution.
DOI_10.1101_2025.09.26.678707,A_exclude,resMAC-HLAIIhi,STAB1,exclude,pass,include,appended,M01582,STAB1 is explicitly named as a distinguishing marker gene for resMAC-HLAIIhi cells.
DOI_10.1101_2025.09.26.678707,A_exclude,resMAC-LYVE1+,LYVE1,exclude,pass,include,appended,M01583,LYVE1 is explicitly used to name and identify the tissue-resident macrophage population resMAC-LYVE1+.
DOI_10.1038_s41467-021-21783-3,A_exclude,alveolar cells,Csn2,exclude,pass,include,appended,M01584,Fig.4c legend explicitly labels Csn2 as an alveolar marker shown in luminal progenitors and alveolar cells; this is a marker panel used for cell characterisation.
DOI_10.1038_s41467-021-21783-3,A_exclude,alveolar cells,Wap,exclude,pass,include,appended,M01585,Fig.4c legend explicitly labels Wap as an alveolar marker shown in luminal progenitors and alveolar cells; this is a marker panel used for cell characterisation.
DOI_10.1038_s41467-021-21783-3,A_exclude,Alveolar cells (Avd),Csn2,exclude,pass,include,appended,M01586,"Author explicitly calls Csn2 a known marker of alveologenesis, and Fig.2c displays lineage markers for the Avd cluster; used for identifying/characterising Avd cells. Non-Schwann scope is not an exclu"
DOI_10.1038_s41467-021-21783-3,A_exclude,Alveolar cells (Avd),Elf5,exclude,pass,include,appended,M01587,"Author explicitly calls Elf5 a known marker of alveologenesis, and Fig.2c displays lineage markers for the Avd cluster; used for identifying/characterising Avd cells. Non-Schwann scope is not an exclu"
DOI_10.1038_s41467-021-21783-3,A_exclude,Tumour-associated macrophages,Arg1,exclude,pass,include,appended,M01588,"Author uses 'marked by' to define the Tam1 subtype, so Arg1 is an annotation marker for Tam1."
DOI_10.1038_s41467-021-21783-3,A_exclude,Tumour-associated macrophages,Spp1,exclude,pass,include,appended,M01589,"Author uses 'marked by' to define the Tam1 subtype, so Spp1 is an annotation marker for Tam1."
DOI_10.1038_s41467-021-21783-3,A_exclude,Tumour-associated macrophages,Trem2,exclude,pass,include,appended,M01590,"Author uses 'marked by' to define the Tam1 subtype, so Trem2 is an annotation marker for Tam1."
DOI_10.1038_s41467-021-21783-3,A_exclude,Tumour-associated macrophages,Apoe,exclude,pass,include,appended,M01591,"Author uses 'marked by' to define the Tam2 subtype, so Apoe is an annotation marker for Tam2."
DOI_10.1038_s41467-021-21783-3,A_exclude,Tumour-associated macrophages,C1qb,exclude,pass,include,appended,M01592,"Author uses 'marked by' to define the Tam2 subtype, so C1qb is an annotation marker for Tam2."
DOI_10.1038_s41467-021-21783-3,A_exclude,Tumour-associated macrophages,C1qc,exclude,pass,include,appended,M01593,"Author uses 'marked by' to define the Tam2 subtype, so C1qc is an annotation marker for Tam2."
DOI_10.1038_s41467-021-21783-3,A_exclude,Tumour-associated macrophages,Lgmn,exclude,pass,include,appended,M01594,"Author uses 'marked by' to define the Tam2 subtype, so Lgmn is an annotation marker for Tam2."
DOI_10.1038_s42255-023-00876-x,A_exclude,acinar,Cpa1,exclude,pass,include,appended,M01595,Explicitly listed in Methods re-annotation marker list used for atlas cell-type annotation.
DOI_10.1038_s42255-023-00876-x,A_exclude,acinar,Prss2,exclude,pass,include,appended,M01596,Explicitly listed in Methods re-annotation marker list used for atlas cell-type annotation.
DOI_10.1038_s42255-023-00876-x,A_exclude,ductal,Krt19,exclude,pass,include,appended,M01597,Explicitly listed in Methods re-annotation marker list used for atlas cell-type annotation.
DOI_10.1038_s42255-023-00876-x,A_exclude,ductal,Muc1,exclude,pass,include,appended,M01598,Explicitly listed in Methods re-annotation marker list used for atlas cell-type annotation.
DOI_10.1038_s42255-023-00876-x,A_exclude,ductal,Sox9,exclude,pass,include,appended,M01599,Explicitly listed in Methods re-annotation marker list used for atlas cell-type annotation.
DOI_10.1038_s42255-023-00876-x,A_exclude,endothelial,Pecam1,exclude,pass,include,appended,M01600,Explicitly listed in Methods re-annotation marker list used for atlas cell-type annotation.
DOI_10.1038_s42255-023-00876-x,A_exclude,endothelial,Plvap,exclude,pass,include,appended,M01601,Explicitly listed in Methods re-annotation marker list used for atlas cell-type annotation.
DOI_10.1038_s42255-023-00876-x,A_exclude,immune,Cd52,exclude,pass,include,appended,M01602,Explicitly listed in Methods re-annotation marker list used for atlas cell-type annotation.
DOI_10.1038_s42255-023-00876-x,A_exclude,immune,Lyz2,exclude,pass,include,appended,M01603,Explicitly listed in Methods re-annotation marker list used for atlas cell-type annotation.
DOI_10.1038_s42255-023-00876-x,A_exclude,immune,Ptprc,exclude,pass,include,appended,M01604,Explicitly listed in Methods re-annotation marker list used for atlas cell-type annotation.
DOI_10.1038_s42255-023-00876-x,A_exclude,stellate-activated,Bicc1,exclude,pass,include,appended,M01605,Explicitly listed in Methods re-annotation marker list used for atlas cell-type annotation.
DOI_10.1038_s42255-023-00876-x,A_exclude,stellate-activated,Col1a2,exclude,pass,include,appended,M01606,Explicitly listed in Methods re-annotation marker list used for atlas cell-type annotation.
DOI_10.1038_s42255-023-00876-x,A_exclude,stellate-activated,Pdgfra,exclude,pass,include,appended,M01607,Explicitly listed in Methods re-annotation marker list used for atlas cell-type annotation.
DOI_10.1038_s42255-023-00876-x,A_exclude,stellate-quiescent,Acta2,exclude,pass,include,appended,M01608,Explicitly listed in Methods re-annotation marker list used for atlas cell-type annotation.
DOI_10.1038_s42255-023-00876-x,A_exclude,stellate-quiescent,Cspg4,exclude,pass,include,appended,M01609,Explicitly listed in Methods re-annotation marker list used for atlas cell-type annotation.
DOI_10.1038_s42255-023-00876-x,A_exclude,stellate-quiescent,Ndufa4l2,exclude,pass,include,appended,M01610,Explicitly listed in Methods re-annotation marker list used for atlas cell-type annotation.
DOI_10.1038_s42255-023-00876-x,A_exclude,stellate-quiescent,Rgs5,exclude,pass,include,appended,M01611,Explicitly listed in Methods re-annotation marker list used for atlas cell-type annotation.
DOI_10.1038_s42255-023-00876-x,A_exclude,α,Gcg,exclude,pass,include,appended,M01612,Explicitly listed in Methods re-annotation marker list used for atlas cell-type annotation.
DOI_10.1038_s42255-023-00876-x,A_exclude,α-cell,Gcg,exclude,pass,include,appended,M01613,Gcg is listed as a shared α-cell marker and is also in the Methods re-annotation marker list.
DOI_10.1038_s42255-023-00876-x,A_exclude,α-cell,Irx2,exclude,pass,include,appended,M01614,Irx2 is listed as a shared human α-cell marker in the endocrine cell-type marker set.
DOI_10.1038_s42255-023-00876-x,A_exclude,α-cell,Nxph1,exclude,pass,include,appended,M01615,Nxph1 is identified as a new α-cell-specific marker in the endocrine marker set.
DOI_10.1038_s42255-023-00876-x,A_exclude,α-cell,Slc7a2,exclude,pass,include,appended,M01616,Slc7a2 is listed as a shared human α-cell marker in the endocrine cell-type marker set.
DOI_10.1038_s42255-023-00876-x,A_exclude,α-cell,Ttr,exclude,pass,include,appended,M01617,Ttr is listed as a shared α-cell marker in the endocrine marker set and is validated as an α-cell transcriptome-based marker.
DOI_10.1038_s42255-023-00876-x,A_exclude,α-cell,Wnk3,exclude,pass,include,appended,M01618,Wnk3 is identified as a new α-cell-specific marker in the endocrine marker set.
DOI_10.1038_s42255-023-00876-x,A_exclude,β,Ins1,exclude,pass,include,appended,M01619,Explicitly listed in Methods re-annotation marker list used for atlas cell-type annotation.
DOI_10.1038_s42255-023-00876-x,A_exclude,β,Ins2,exclude,pass,include,appended,M01620,Explicitly listed in Methods re-annotation marker list used for atlas cell-type annotation.
DOI_10.1038_s42255-023-00876-x,A_exclude,β-cell,Aldh1a3,exclude,pass,include,appended,M01621,Aldh1a3 is an established β-cell dedifferentiation marker and appears in the Fig.5b known β-cell state marker panel used for annotation.
DOI_10.1038_s42255-023-00876-x,A_exclude,β-cell,Flattop,exclude,pass,include,appended,M01622,Flattop is presented as a β-cell maturation marker and the Fltp reporter is used to sort β-cell populations in the study.
DOI_10.1038_s42255-023-00876-x,new_finding,β-cell,Chgb,never_reported,pass,include,appended,M01623,Chgb appears in Fig.5b known β-cell state marker panel explicitly used to support annotation of coarse β-cell states.
DOI_10.1038_s42255-023-00876-x,A_exclude,β-cell,Cytip,exclude,pass,include,appended,M01624,Cytip is identified as a new β-cell-specific marker in the endocrine marker set.
DOI_10.1038_s42255-023-00876-x,A_exclude,β-cell,G6pc2,exclude,pass,include,appended,M01625,G6pc2 is listed as a shared human β-cell marker in the endocrine cell-type marker set.
DOI_10.1038_s42255-023-00876-x,new_finding,β-cell,Gc,never_reported,pass,include,appended,M01626,Gc appears in Fig.5b known β-cell state marker panel explicitly used to support annotation of coarse β-cell states.
DOI_10.1038_s42255-023-00876-x,A_exclude,β-cell,Iapp,exclude,pass,include,appended,M01627,Iapp is listed as a shared human β-cell marker in the endocrine cell-type marker set.
DOI_10.1038_s42255-023-00876-x,A_exclude,β-cell,Ins1,exclude,pass,include,appended,M01628,Ins1 is presented as a β-cell marker in the endocrine cell-type marker set and is also in the Methods re-annotation marker list.
DOI_10.1038_s42255-023-00876-x,A_exclude,β-cell,Ins2,exclude,pass,include,appended,M01629,Ins2 is presented as a β-cell marker in the endocrine marker set and is also in the Methods re-annotation marker list.
DOI_10.1038_s42255-023-00876-x,A_exclude,β-cell,MafA,exclude,pass,include,appended,M01630,MafA is a formal β-cell maturation marker and appears in the Fig.5b known β-cell state marker panel used for annotation.
DOI_10.1038_s42255-023-00876-x,new_finding,β-cell,Mafb,never_reported,pass,include,appended,M01631,Mafb appears in Fig.5b known β-cell state marker panel explicitly used to support annotation of coarse β-cell states.
DOI_10.1038_s42255-023-00876-x,new_finding,β-cell,Pdx1,never_reported,pass,include,appended,M01632,Pdx1 appears in Fig.5b known β-cell state marker panel explicitly used to support annotation of coarse β-cell states.
DOI_10.1038_s42255-023-00876-x,A_exclude,β-cell,Slc2a2,exclude,pass,include,appended,M01633,Slc2a2 is declared a β-cell maturation marker and appears in the Fig.5b known β-cell state marker panel.
DOI_10.1038_s42255-023-00876-x,A_exclude,β-cell,Spock2,exclude,pass,include,appended,M01634,Spock2 is identified as a new β-cell-specific marker in the endocrine marker set.
DOI_10.1038_s42255-023-00876-x,A_exclude,β-cell,Urocortin-3,exclude,pass,include,appended,M01635,Author declares Urocortin-3 a β-cell maturation marker; Ucn3 is also used as a known β-cell state marker in the Fig.5b annotation-support panel.
DOI_10.1038_s42255-023-00876-x,A_exclude,β-cell,Cdkn2a,exclude,pass,include,appended,M01636,Cdkn2a is used as a known aging/senescence β-cell marker in Fig.5b to support annotation of coarse β-cell states.
DOI_10.1038_s42255-023-00876-x,A_exclude,β-cell,Cd81,exclude,pass,include,appended,M01637,Cd81 is presented as a known immature β-cell marker in the Fig.5b annotation-support panel.
DOI_10.1038_s42255-023-00876-x,A_exclude,β-cell,Rbp4,exclude,pass,include,appended,M01638,Rbp4 is used as a known immature β-cell marker in Fig.5b to support annotation of coarse β-cell states.
DOI_10.1038_s42255-023-00876-x,A_exclude,β-cell,B2m,exclude,pass,include,appended,M01639,B2m is used as a known inflammatory β-cell marker in Fig.5b to support annotation of coarse β-cell states.
DOI_10.1038_s42255-023-00876-x,A_exclude,β-cell,Gast,exclude,pass,include,appended,M01640,Gast is used as a known stressed β-cell marker in Fig.5b to support annotation of coarse β-cell states.
DOI_10.1038_s42255-023-00876-x,A_exclude,γ,Ppy,exclude,pass,include,appended,M01641,Explicitly listed in Methods re-annotation marker list used for atlas cell-type annotation.
DOI_10.1038_s42255-023-00876-x,A_exclude,γ-cell,Ppy,exclude,pass,include,appended,M01642,Ppy is listed as a γ-cell marker and is also in the Methods re-annotation marker list.
DOI_10.1038_s42255-023-00876-x,A_exclude,γ-cell,Vsig1,exclude,pass,include,appended,M01643,Vsig1 is identified as a new γ-cell-specific marker in the endocrine marker set.
DOI_10.1038_s42255-023-00876-x,A_exclude,δ,Sst,exclude,pass,include,appended,M01644,Explicitly listed in Methods re-annotation marker list used for atlas cell-type annotation.
DOI_10.1038_s42255-023-00876-x,A_exclude,δ-cell,Cer1,exclude,pass,include,appended,M01645,Cer1 is explicitly presented as a postnatal δ-cell marker in the endocrine marker analysis.
DOI_10.1038_s42255-023-00876-x,A_exclude,δ-cell,Nrsn1,exclude,pass,include,appended,M01646,Nrsn1 is identified as a new δ-cell-specific marker in the endocrine marker set.
DOI_10.1038_s42255-023-00876-x,A_exclude,δ-cell,Rbp4,exclude,pass,include,appended,M01647,Rbp4 is listed as a shared δ-cell marker in the endocrine marker set and is validated as a transcriptome-based marker.
DOI_10.1038_s42255-023-00876-x,A_exclude,δ-cell,Slc2a3,exclude,pass,include,appended,M01648,Slc2a3 is identified as a new δ-cell-specific marker in the endocrine marker set.
DOI_10.1038_s42255-023-00876-x,A_exclude,δ-cell,Spock3,exclude,pass,include,appended,M01649,Spock3 is identified as a new δ-cell-specific marker in the endocrine marker set.
DOI_10.1038_s42255-023-00876-x,A_exclude,δ-cell,Sst,exclude,pass,include,appended,M01650,"The text explicitly states Sst has been used for δ-cell annotation, and Sst is also in the Methods re-annotation marker list."
DOI_10.1038_s42255-023-00876-x,A_exclude,ε,Ghrl,exclude,pass,include,appended,M01651,Explicitly listed in Methods re-annotation marker list used for atlas cell-type annotation.
DOI_10.1038_s41586-024-07069-w,new_finding,adipocyte cells,Cyp2e1,never_reported,pass,include,appended,M01652,Cyp2e1 is used in the cell-type label for adipocyte cells.
DOI_10.1038_s41586-024-07069-w,new_finding,airway smooth muscle cells,Tbx5,never_reported,pass,include,appended,M01653,Tbx5 is explicitly listed as a marker of airway smooth muscle cells.
DOI_10.1038_s41586-024-07069-w,new_finding,airway smooth muscle cells,Trpc6,never_reported,pass,include,appended,M01654,Trpc6 is explicitly listed as a marker of airway smooth muscle cells.
DOI_10.1038_s41586-024-07069-w,new_finding,amniotic mesoderm,Postn,never_reported,pass,include,appended,M01655,Postn is explicitly listed as a marker of amniotic mesoderm.
DOI_10.1038_s41586-024-07069-w,new_finding,anterior intermediate mesoderm,Lhx1,never_reported,pass,include,appended,M01656,Lhx1 is explicitly listed as a marker of anterior intermediate mesoderm.
DOI_10.1038_s41586-024-07069-w,new_finding,anterior intermediate mesoderm,Pax2,never_reported,pass,include,appended,M01657,Pax2 is explicitly listed as a marker of anterior intermediate mesoderm.
DOI_10.1038_s41586-024-07069-w,new_finding,anterior intermediate mesoderm,Pax8,never_reported,pass,include,appended,M01658,Pax8 is explicitly listed as a marker of anterior intermediate mesoderm.
DOI_10.1038_s41586-024-07069-w,new_finding,anterior intermediate mesoderm,Ret,never_reported,pass,include,appended,M01659,Ret is explicitly listed as a marker of anterior intermediate mesoderm.
DOI_10.1038_s41586-024-07069-w,new_finding,anterior intermediate mesoderm,Sim1,never_reported,pass,include,appended,M01660,Sim1 is explicitly listed as a marker of anterior intermediate mesoderm.
DOI_10.1038_s41586-024-07069-w,new_finding,ascending loop of Henle,Slc12a1,never_reported,pass,include,appended,M01661,Slc12a1 is explicitly listed as a marker of ascending loop of Henle.
DOI_10.1038_s41586-024-07069-w,new_finding,ascending loop of Henle,Umod,never_reported,pass,include,appended,M01662,Umod is explicitly listed as a marker of ascending loop of Henle.
DOI_10.1038_s41586-024-07069-w,B_unaudited,astrocytes,Otx2,never_audited,pass,include,appended,M01663,Otx2 is explicitly listed as a marker of anterior astrocytes.
DOI_10.1038_s41586-024-07069-w,B_unaudited,astrocytes,Hoxb4,never_audited,pass,include,appended,M01664,Hoxb4 is explicitly listed as a marker of posterior astrocytes.
DOI_10.1038_s41586-024-07069-w,B_unaudited,astrocytes,Hoxc6,never_audited,pass,include,appended,M01665,Hoxc6 is explicitly listed as a marker of posterior astrocytes.
DOI_10.1038_s41586-024-07069-w,B_unaudited,astrocytes,Hoxd4,never_audited,pass,include,appended,M01666,Hoxd4 is explicitly listed as a marker of posterior astrocytes.
DOI_10.1038_s41586-024-07069-w,new_finding,border-associated macrophages,Ms4a8a,never_reported,pass,include,appended,M01667,Ms4a8a is used in the cell-type label for border-associated macrophages.
DOI_10.1038_s41586-024-07069-w,new_finding,chondrocytes,Atp1a2,never_reported,pass,include,appended,M01668,Atp1a2 is used in the cell-type label for chondrocytes.
DOI_10.1038_s41586-024-07069-w,new_finding,chondrocytes,Otor,never_reported,pass,include,appended,M01669,Otor is used in the cell-type label for chondrocytes.
DOI_10.1038_s41586-024-07069-w,B_unaudited,Ciliated nodal cells,Foxj1,never_audited,pass,include,appended,M01670,Foxj1 expression is used to identify and name ciliated nodal cells.
DOI_10.1038_s41586-024-07069-w,new_finding,collecting duct cells,Aqp2,never_reported,pass,include,appended,M01671,Aqp2 is explicitly listed as a marker of collecting duct cells.
DOI_10.1038_s41586-024-07069-w,new_finding,collecting duct cells,Aqp3,never_reported,pass,include,appended,M01672,Aqp3 is explicitly listed as a marker of collecting duct cells.
DOI_10.1038_s41586-024-07069-w,new_finding,collecting duct cells,Aqp4,never_reported,pass,include,appended,M01673,Aqp4 is explicitly listed as a marker of collecting duct cells.
DOI_10.1038_s41586-024-07069-w,new_finding,collecting duct cells,Aqp5,never_reported,pass,include,appended,M01674,Aqp5 is explicitly listed as a marker of collecting duct cells.
DOI_10.1038_s41586-024-07069-w,new_finding,collecting duct intercalated cells,Atp6v0d2,never_reported,pass,include,appended,M01675,Atp6v0d2 is explicitly listed as a marker of collecting duct intercalated cells.
DOI_10.1038_s41586-024-07069-w,B_unaudited,collecting duct intercalated cells,Atp6v1b1,never_audited,pass,include,appended,M01676,Atp6v1b1 is presented as a marker gene specific to collecting duct intercalated cells.
DOI_10.1038_s41586-024-07069-w,new_finding,collecting duct intercalated cells,Atp6v1g3,never_reported,pass,include,appended,M01677,Atp6v1g3 is explicitly listed as a marker of collecting duct intercalated cells.
DOI_10.1038_s41586-024-07069-w,new_finding,collecting duct intercalated cells,Kit,never_reported,pass,include,appended,M01678,Kit is explicitly listed as a marker of type A intercalated cells of the collecting duct.
DOI_10.1038_s41586-024-07069-w,new_finding,collecting duct intercalated cells,Slc4a1,never_reported,pass,include,appended,M01679,Slc4a1 is explicitly listed as a marker of type A intercalated cells.
DOI_10.1038_s41586-024-07069-w,new_finding,collecting duct intercalated cells,Slc26a4,never_reported,pass,include,appended,M01680,Slc26a4 is explicitly listed as a marker of type B intercalated cells.
DOI_10.1038_s41586-024-07069-w,new_finding,collecting duct principal cells,Aqp2,never_reported,pass,include,appended,M01681,Aqp2 is explicitly listed as a marker of collecting duct principal cells.
DOI_10.1038_s41586-024-07069-w,new_finding,collecting duct principal cells,Aqp4,never_reported,pass,include,appended,M01682,Aqp4 is explicitly listed as a marker of collecting duct principal cells.
DOI_10.1038_s41586-024-07069-w,new_finding,collecting duct principal cells,Hsd11b2,never_reported,pass,include,appended,M01683,Hsd11b2 is explicitly listed as a marker of collecting duct principal cells.
DOI_10.1038_s41586-024-07069-w,new_finding,connecting tubule,Aqp2,never_reported,pass,include,appended,M01684,Aqp2 is explicitly listed as a marker of connecting tubule cells.
DOI_10.1038_s41586-024-07069-w,new_finding,connecting tubule,Aqp3,never_reported,pass,include,appended,M01685,Aqp3 is explicitly listed as a marker of connecting tubule cells.
DOI_10.1038_s41586-024-07069-w,new_finding,connecting tubule,Aqp4,never_reported,pass,include,appended,M01686,Aqp4 is explicitly used as a negative marker for connecting tubule cells.
DOI_10.1038_s41586-024-07069-w,new_finding,cortical interneurons,Prox1,never_reported,pass,include,appended,M01687,Prox1 is used in the cell-type label for cortical interneurons.
DOI_10.1038_s41586-024-07069-w,new_finding,cortical renal stromal cells,Ntn1,never_reported,pass,include,appended,M01688,Ntn1 is explicitly listed as a marker of cortical renal stromal cells.
DOI_10.1038_s41586-024-07069-w,new_finding,cortical renal stromal cells,Sema3d,never_reported,pass,include,appended,M01689,Sema3d is explicitly listed as a marker of cortical renal stromal cells.
DOI_10.1038_s41586-024-07069-w,new_finding,cortical renal stromal cells,Zbtb7c,never_reported,pass,include,appended,M01690,Zbtb7c is explicitly listed as a marker of cortical renal stromal cells.
DOI_10.1038_s41586-024-07069-w,B_unaudited,deep-layer neurons,Bcl11b,never_audited,fail_species,include,appended,M01691,Bcl11b is explicitly listed as a marker of deep-layer neurons.
DOI_10.1038_s41586-024-07069-w,B_unaudited,deep-layer neurons,Fezf2,never_audited,fail_species,include,appended,M01692,Fezf2 is explicitly listed as a marker of deep-layer neurons.
DOI_10.1038_s41586-024-07069-w,B_unaudited,deep-layer neurons,Tbr1,never_audited,fail_species,include,appended,M01693,Tbr1 is explicitly listed as a marker of deep-layer neurons.
DOI_10.1038_s41586-024-07069-w,new_finding,definitive early erythroblasts,Cd36,never_reported,pass,include,appended,M01694,Cd36 absence is used in the cell-type label for definitive early erythroblasts.
DOI_10.1038_s41586-024-07069-w,new_finding,definitive erythroblasts,Cd36,never_reported,pass,include,appended,M01695,Cd36 is used in the cell-type label for definitive erythroblasts.
DOI_10.1038_s41586-024-07069-w,new_finding,distal convoluted tubule,Pvalb,never_reported,pass,include,appended,M01696,Pvalb is explicitly listed as a marker of distal convoluted tubule.
DOI_10.1038_s41586-024-07069-w,new_finding,distal convoluted tubule,Slc12a3,never_reported,pass,include,appended,M01697,Slc12a3 is explicitly listed as a marker of distal convoluted tubule.
DOI_10.1038_s41586-024-07069-w,new_finding,foregut mesenchyme,Barx1,never_reported,pass,include,appended,M01698,Barx1 is explicitly listed as a marker of foregut mesenchyme.
DOI_10.1038_s41586-024-07069-w,new_finding,gastrointestinal smooth muscle cells,Nkx2-3,never_reported,pass,include,appended,M01699,Nkx2-3 is explicitly listed as a marker of gastrointestinal smooth muscle cells.
DOI_10.1038_s41586-024-07069-w,new_finding,gut mesenchyme,Nkx2-3,never_reported,pass,include,appended,M01700,Nkx2-3 is explicitly listed as a marker of gut mesenchyme.
DOI_10.1038_s41586-024-07069-w,new_finding,haematopoietic stem cells,Cd34,never_reported,pass,include,appended,M01701,Cd34 is used in the cell-type label for haematopoietic stem cells.
DOI_10.1038_s41586-024-07069-w,new_finding,haematopoietic stem cells,Mpo,never_reported,pass,include,appended,M01702,Mpo is used in the cell-type label for haematopoietic stem cells.
DOI_10.1038_s41586-024-07069-w,new_finding,hepatic mesenchyme,Gata4,never_reported,pass,include,appended,M01703,Gata4 is used in the text to distinguish hepatic mesenchyme.
DOI_10.1038_s41586-024-07069-w,new_finding,hepatic mesenchyme,Reln,never_reported,pass,include,appended,M01704,Reln is explicitly listed as a marker of hepatic mesenchyme.
DOI_10.1038_s41586-024-07069-w,new_finding,hypothalamic Sim1 neurons,Sim1,never_reported,pass,include,appended,M01705,Sim1 is part of the cell-type label for hypothalamic Sim1 neurons.
DOI_10.1038_s41586-024-07069-w,new_finding,hypothalamus (Sim1+),Sim1,never_reported,pass,include,appended,M01706,Sim1 is used in the cell-type label for a hypothalamus subpopulation.
DOI_10.1038_s41586-024-07069-w,B_unaudited,intermediate neuronal progenitors,Eomes,never_audited,fail_species,include,appended,M01707,Eomes is explicitly listed as a marker of intermediate neuronal progenitors.
DOI_10.1038_s41586-024-07069-w,B_unaudited,intermediate neuronal progenitors,Pax6,never_audited,fail_species,include,appended,M01708,Pax6 is explicitly listed as a marker of intermediate neuronal progenitors.
DOI_10.1038_s41586-024-07069-w,new_finding,IPE or pigment epithelium,Oca2,never_reported,pass,include,appended,M01709,Oca2 is explicitly listed as a marker of IPE or pigment epithelium.
DOI_10.1038_s41586-024-07069-w,new_finding,lung cells,Eln,never_reported,pass,include,appended,M01710,Eln is used in the cell-type label for lung cells.
DOI_10.1038_s41586-024-07069-w,B_unaudited,lung mesenchyme,Tbx4,never_audited,pass,include,appended,M01711,Tbx4 is explicitly listed as a marker of lung mesenchyme.
DOI_10.1038_s41586-024-07069-w,B_unaudited,lung mesenchyme,Tbx5,never_audited,pass,include,appended,M01712,Tbx5 is explicitly listed as a marker of lung mesenchyme.
DOI_10.1038_s41586-024-07069-w,new_finding,medullary renal stromal cells,Plcb1,never_reported,pass,include,appended,M01713,Plcb1 is explicitly listed as a marker of medullary renal stromal cells.
DOI_10.1038_s41586-024-07069-w,new_finding,medullary renal stromal cells,Zeb2,never_reported,pass,include,appended,M01714,Zeb2 is explicitly listed as a marker of medullary renal stromal cells.
DOI_10.1038_s41586-024-07069-w,new_finding,meninges,Vtn,never_reported,pass,include,appended,M01715,Vtn is explicitly listed as a marker of meninges.
DOI_10.1038_s41586-024-07069-w,B_unaudited,mesodermal progenitors,Tbx6,never_audited,pass,include,appended,M01716,Tbx6 is explicitly used in the cell-type label 'mesodermal progenitors (Tbx6+)' and in the initial annotation description.
DOI_10.1038_s41586-024-07069-w,new_finding,metanephric mesenchyme,Eya1,never_reported,pass,include,appended,M01717,Eya1 is explicitly listed as a marker of metanephric mesenchyme.
DOI_10.1038_s41586-024-07069-w,new_finding,metanephric mesenchyme,Six2,never_reported,pass,include,appended,M01718,Six2 is explicitly listed as a marker of metanephric mesenchyme.
DOI_10.1038_s41586-024-07069-w,new_finding,metanephric mesenchyme,Wt1,never_reported,pass,include,appended,M01719,Wt1 is explicitly listed as a marker of metanephric mesenchyme.
DOI_10.1038_s41586-024-07069-w,new_finding,muscle progenitor cells,Prdm1,never_reported,pass,include,appended,M01720,Prdm1 is used in the cell-type label for muscle progenitor cells.
DOI_10.1038_s41586-024-07069-w,new_finding,neural progenitor cells,Neurod1,never_reported,pass,include,appended,M01721,Neurod1 is used in the cell-type label for neural progenitor cells.
DOI_10.1038_s41586-024-07069-w,new_finding,neural progenitor cells,Ror1,never_reported,pass,include,appended,M01722,Ror1 is used in the cell-type label for neural progenitor cells.
DOI_10.1038_s41586-024-07069-w,new_finding,neurons,Slc17a8,never_reported,pass,include,appended,M01723,Slc17a8 is used in the cell-type label for a neuron population.
DOI_10.1038_s41586-024-07069-w,new_finding,NMPs,Meis1,never_reported,pass,include,appended,M01724,Meis1 absence is explicitly used as a marker of bipotential NMPs.
DOI_10.1038_s41586-024-07069-w,new_finding,NMPs,T,never_reported,pass,include,appended,M01725,T is explicitly listed as a positive marker of bipotential NMPs.
DOI_10.1038_s41586-024-07069-w,new_finding,NMPs,Cdx1,never_reported,pass,include,appended,M01726,Cdx1 is explicitly listed as a marker of earlier NMPs.
DOI_10.1038_s41586-024-07069-w,new_finding,NMPs,Hoxa10,never_reported,pass,include,appended,M01727,Hoxa10 is explicitly listed as a marker of later NMPs.
DOI_10.1038_s41586-024-07069-w,new_finding,NMPs,Tbx6,never_reported,pass,include,appended,M01728,Tbx6 is explicitly listed as a marker of mesodermal-fated NMPs.
DOI_10.1038_s41586-024-07069-w,new_finding,NMPs,Sox2,never_reported,pass,include,appended,M01729,Sox2 is explicitly listed as a marker of neuroectodermal-fated NMPs.
DOI_10.1038_s41586-024-07069-w,new_finding,notochord,Noto,never_reported,pass,include,appended,M01730,Noto is used to identify a distinct notochord subset.
DOI_10.1038_s41586-024-07069-w,new_finding,notochord,Hes7,never_reported,pass,include,appended,M01731,Hes7 is explicitly listed as a marker of the Noto+ notochord subpopulation.
DOI_10.1038_s41586-024-07069-w,new_finding,notochord,Hoxa10,never_reported,pass,include,appended,M01732,Hoxa10 is explicitly listed as a marker of the Noto+ notochord subpopulation.
DOI_10.1038_s41586-024-07069-w,new_finding,notochord,Hoxc6,never_reported,pass,include,appended,M01733,Hoxc6 is explicitly listed as a marker of the Noto+ notochord subpopulation.
DOI_10.1038_s41586-024-07069-w,new_finding,notochord,Hoxc8,never_reported,pass,include,appended,M01734,Hoxc8 is explicitly listed as a marker of the Noto+ notochord subpopulation.
DOI_10.1038_s41586-024-07069-w,new_finding,notochord,Tbx6,never_reported,pass,include,appended,M01735,Tbx6 is explicitly listed as a marker of the Noto+ notochord subpopulation.
DOI_10.1038_s41586-024-07069-w,new_finding,notochord,Wnt3,never_reported,pass,include,appended,M01736,Wnt3 is explicitly listed as a marker of the Noto+ notochord subpopulation.
DOI_10.1038_s41586-024-07069-w,new_finding,notochord,Shh,never_reported,pass,include,appended,M01737,Shh is used to identify a distinct notochord subset.
DOI_10.1038_s41586-024-07069-w,new_finding,notochord,Bmp3,never_reported,pass,include,appended,M01738,Bmp3 is explicitly listed as a marker of the Shh+ notochord subpopulation.
DOI_10.1038_s41586-024-07069-w,new_finding,notochord,Erbb4,never_reported,pass,include,appended,M01739,Erbb4 is explicitly listed as a marker of the Shh+ notochord subpopulation.
DOI_10.1038_s41586-024-07069-w,new_finding,notochord,Nrg1,never_reported,pass,include,appended,M01740,Nrg1 is explicitly listed as a marker of the Shh+ notochord subpopulation.
DOI_10.1038_s41586-024-07069-w,new_finding,notochord,Sox10,never_reported,pass,include,appended,M01741,Sox10 is explicitly listed as a marker of the Shh+ notochord subpopulation.
DOI_10.1038_s41586-024-07069-w,new_finding,optic stalk,Pax2,never_reported,pass,include,appended,M01742,Pax2 is explicitly listed as a marker of optic stalk.
DOI_10.1038_s41586-024-07069-w,new_finding,optic stalk,Rax,never_reported,pass,include,appended,M01743,Rax absence is explicitly used as a marker of optic stalk.
DOI_10.1038_s41586-024-07069-w,new_finding,optic stalk,Vax1,never_reported,pass,include,appended,M01744,Vax1 is explicitly listed as a marker of optic stalk.
DOI_10.1038_s41586-024-07069-w,new_finding,paraxial mesoderm,Tbx6,never_reported,pass,include,appended,M01745,Tbx6 is used in the cell-type label for paraxial mesoderm.
DOI_10.1038_s41586-024-07069-w,B_unaudited,podocytes,Nphs1,never_audited,pass,include,appended,M01746,Nphs1 is explicitly listed as a podocyte-specific marker gene in the figure legend.
DOI_10.1038_s41586-024-07069-w,B_unaudited,podocytes,Nphs2,never_audited,pass,include,appended,M01747,Nphs2 is explicitly listed as a podocyte-specific marker gene in the figure legend.
DOI_10.1038_s41586-024-07069-w,new_finding,posterior gut endoderm,Hoxa7,never_reported,pass,include,appended,M01748,Hoxa7 is explicitly listed as a marker of posterior gut endoderm.
DOI_10.1038_s41586-024-07069-w,new_finding,posterior gut endoderm,Hoxb8,never_reported,pass,include,appended,M01749,Hoxb8 is explicitly listed as a marker of posterior gut endoderm.
DOI_10.1038_s41586-024-07069-w,new_finding,posterior gut endoderm,Hoxc9,never_reported,pass,include,appended,M01750,Hoxc9 is explicitly listed as a marker of posterior gut endoderm.
DOI_10.1038_s41586-024-07069-w,new_finding,posterior gut endoderm,Hoxd13,never_reported,pass,include,appended,M01751,Hoxd13 is explicitly listed as a marker of posterior gut endoderm.
DOI_10.1038_s41586-024-07069-w,new_finding,posterior gut endoderm,T,never_reported,pass,include,appended,M01752,T is explicitly listed as a marker of posterior gut endoderm.
DOI_10.1038_s41586-024-07069-w,new_finding,posterior intermediate mesoderm,Gdnf1,never_reported,pass,include,appended,M01753,Gdnf1 in the legend is a variant of Gdnf; explicitly listed as a marker of posterior intermediate mesoderm.
DOI_10.1038_s41586-024-07069-w,new_finding,posterior intermediate mesoderm,Hoxc6,never_reported,pass,include,appended,M01754,Hoxc6 is explicitly listed as a marker of posterior intermediate mesoderm.
DOI_10.1038_s41586-024-07069-w,new_finding,posterior intermediate mesoderm,Osr1,never_reported,pass,include,appended,M01755,Osr1 is explicitly listed as a marker of posterior intermediate mesoderm.
DOI_10.1038_s41586-024-07069-w,new_finding,posterior intermediate mesoderm,Pax2,never_reported,pass,include,appended,M01756,Pax2 is explicitly listed as a marker of posterior intermediate mesoderm.
DOI_10.1038_s41586-024-07069-w,new_finding,posterior intermediate mesoderm,Pax8,never_reported,pass,include,appended,M01757,Pax8 is explicitly listed as a marker of posterior intermediate mesoderm.
DOI_10.1038_s41586-024-07069-w,new_finding,posterior intermediate mesoderm,Wt1,never_reported,pass,include,appended,M01758,Wt1 is explicitly listed as a marker of posterior intermediate mesoderm.
DOI_10.1038_s41586-024-07069-w,new_finding,pre-osteoblasts,Sp7,never_reported,pass,include,appended,M01759,Sp7 is used in the cell-type label for pre-osteoblasts.
DOI_10.1038_s41586-024-07069-w,new_finding,proepicardium or mesothelium,Msln,never_reported,pass,include,appended,M01760,Msln is explicitly listed as a marker of proepicardium or mesothelium.
DOI_10.1038_s41586-024-07069-w,new_finding,proximal tubule cells,Lrp2,never_reported,pass,include,appended,M01761,Lrp2 is explicitly listed as a marker of proximal tubule cells.
DOI_10.1038_s41586-024-07069-w,new_finding,proximal tubule cells,Slc27a2,never_reported,pass,include,appended,M01762,Slc27a2 is explicitly listed as a marker of proximal tubule cells.
DOI_10.1038_s41586-024-07069-w,new_finding,renal cortical & medullary stromal cells,Foxd1,never_reported,pass,include,appended,M01763,Foxd1 is explicitly listed as a marker of renal cortical and medullary stromal cells.
DOI_10.1038_s41586-024-07069-w,new_finding,renal cortical & medullary stromal cells,Pdgfra,never_reported,pass,include,appended,M01764,Pdgfra is explicitly listed as a marker of renal cortical and medullary stromal cells.
DOI_10.1038_s41586-024-07069-w,new_finding,renal cortical & medullary stromal cells,Pdgfrb,never_reported,pass,include,appended,M01765,Pdgfrb is explicitly listed as a marker of renal cortical and medullary stromal cells.
DOI_10.1038_s41586-024-07069-w,new_finding,renal cortical & medullary stromal cells,Prrx1,never_reported,pass,include,appended,M01766,Prrx1 is explicitly listed as a marker of renal cortical and medullary stromal cells.
DOI_10.1038_s41586-024-07069-w,new_finding,renal cortical stromal cells,Eya1,never_reported,pass,include,appended,M01767,Eya1 is explicitly listed as a marker of renal cortical stromal cells.
DOI_10.1038_s41586-024-07069-w,new_finding,renal cortical stromal cells,Pax2,never_reported,pass,include,appended,M01768,Pax2 is explicitly listed as a marker of renal cortical stromal cells.
DOI_10.1038_s41586-024-07069-w,new_finding,renal cortical stromal cells,Pax8,never_reported,pass,include,appended,M01769,Pax8 is explicitly listed as a marker of renal cortical stromal cells.
DOI_10.1038_s41586-024-07069-w,new_finding,renal cortical stromal cells,Six2,never_reported,pass,include,appended,M01770,Six2 is used to distinguish renal cortical stromal cells from medullary stromal cells.
DOI_10.1038_s41586-024-07069-w,new_finding,renal medullary stromal cells,Acta2,never_reported,pass,include,appended,M01771,Acta2 is explicitly listed as a marker of renal medullary stromal cells.
DOI_10.1038_s41586-024-07069-w,new_finding,renal medullary stromal cells,Foxd1,never_reported,pass,include,appended,M01772,Foxd1 is explicitly listed as a marker of renal medullary stromal cells.
DOI_10.1038_s41586-024-07069-w,new_finding,renal medullary stromal cells,Lrriq1,never_reported,pass,include,appended,M01773,Lrriq1 is explicitly listed as a marker of renal medullary stromal cells.
DOI_10.1038_s41586-024-07069-w,new_finding,renal medullary stromal cells,Myh11,never_reported,pass,include,appended,M01774,Myh11 is explicitly listed as a marker of renal medullary stromal cells.
DOI_10.1038_s41586-024-07069-w,new_finding,renal medullary stromal cells,Pparg,never_reported,pass,include,appended,M01775,Pparg is explicitly listed as a marker of renal medullary stromal cells.
DOI_10.1038_s41586-024-07069-w,new_finding,renal medullary stromal cells,Tcf21,never_reported,pass,include,appended,M01776,Tcf21 is explicitly listed as a marker of renal medullary stromal cells.
DOI_10.1038_s41586-024-07069-w,new_finding,retinal pigment epithelium (RPE),Tyr,never_reported,pass,include,appended,M01777,Tyr is explicitly listed as a marker of retinal pigment epithelium.
DOI_10.1038_s41586-024-07069-w,B_unaudited,retinal progenitor cells RPCs,Fgf15,never_audited,pass,include,appended,M01778,Fgf15 is explicitly listed as a marker of retinal progenitor cells.
DOI_10.1038_s41586-024-07069-w,B_unaudited,retinal progenitor cells RPCs,Pax2,never_audited,pass,include,appended,M01779,Pax2 is explicitly listed as a marker of retinal progenitor cells.
DOI_10.1038_s41586-024-07069-w,B_unaudited,retinal progenitor cells RPCs,Pax6,never_audited,pass,include,appended,M01780,Pax6 is explicitly listed as a marker of retinal progenitor cells.
DOI_10.1038_s41586-024-07069-w,B_unaudited,retinal progenitor cells RPCs,Rax,never_audited,pass,include,appended,M01781,Rax is explicitly listed as a marker of retinal progenitor cells.
DOI_10.1038_s41586-024-07069-w,B_unaudited,subplate neurons,Chrna5,never_audited,fail_species,include,appended,M01782,Chrna5 is explicitly listed as a marker of subplate neurons.
DOI_10.1038_s41586-024-07069-w,B_unaudited,subplate neurons,Foxp2,never_audited,fail_species,include,appended,M01783,Foxp2 is explicitly listed as a marker of subplate neurons.
DOI_10.1038_s41586-024-07069-w,B_unaudited,subplate neurons,Kcnab1,never_audited,fail_species,include,appended,M01784,Kcnab1 is explicitly listed as a marker of subplate neurons.
DOI_10.1038_s41586-024-07069-w,B_unaudited,subplate neurons,Syt6,never_audited,fail_species,include,appended,M01785,Syt6 is explicitly listed as a marker of subplate neurons.
DOI_10.1038_s41586-024-07069-w,B_unaudited,upper-layer neurons,Pou3f2,never_audited,fail_species,include,appended,M01786,Pou3f2 is explicitly listed as a marker of upper-layer neurons.
DOI_10.1038_s41586-024-07069-w,B_unaudited,upper-layer neurons,Pou3f3,never_audited,fail_species,include,appended,M01787,Pou3f3 is explicitly listed as a marker of upper-layer neurons.
DOI_10.1038_s41586-024-07069-w,B_unaudited,upper-layer neurons,Satb2,never_audited,fail_species,include,appended,M01788,Satb2 is explicitly listed as a marker of upper-layer neurons.
DOI_10.1038_s41586-024-07069-w,new_finding,ureteric bud stalk,Tacstd2,never_reported,pass,include,appended,M01789,Tacstd2 is explicitly listed as a marker of ureteric bud stalk.
DOI_10.1038_s41586-024-07069-w,new_finding,ureteric bud stalk,Wnt7b,never_reported,pass,include,appended,M01790,Wnt7b is explicitly listed as a marker of ureteric bud stalk.
DOI_10.1038_s41586-024-07069-w,B_unaudited,ureteric bud tip,Etv5,never_audited,pass,include,appended,M01791,Etv5 is explicitly listed as a marker of ureteric bud tip cells.
DOI_10.1038_s41586-024-07069-w,B_unaudited,ureteric bud tip,Ret,never_audited,pass,include,appended,M01792,Ret is explicitly listed as a marker of ureteric bud tip cells.
DOI_10.1038_s41586-024-07069-w,B_unaudited,ureteric bud tip,Wnt11,never_audited,pass,include,appended,M01793,Wnt11 is explicitly listed as a marker of ureteric bud tip cells.
DOI_10.1038_s41586-024-07069-w,B_unaudited,VA1-astrocytes,Pax6,never_audited,pass,include,appended,M01794,Pax6 is explicitly listed as a marker of VA1-astrocytes.
DOI_10.1038_s41586-024-07069-w,B_unaudited,VA1-astrocytes,Reln,never_audited,pass,include,appended,M01795,Reln is explicitly listed as a marker of VA1-astrocytes.
DOI_10.1038_s41586-024-07069-w,B_unaudited,VA2-astrocytes,Nkx6-1,never_audited,pass,include,appended,M01796,Nkx6-1 is explicitly listed as a marker of VA2-astrocytes.
DOI_10.1038_s41586-024-07069-w,B_unaudited,VA2-astrocytes,Pax6,never_audited,pass,include,appended,M01797,Pax6 is explicitly listed as a marker of VA2-astrocytes.
DOI_10.1038_s41586-024-07069-w,B_unaudited,VA2-astrocytes,Reln,never_audited,pass,include,appended,M01798,Reln is explicitly listed as a marker of VA2-astrocytes.
DOI_10.1038_s41586-024-07069-w,B_unaudited,VA2-astrocytes,Slit1,never_audited,pass,include,appended,M01799,Slit1 is explicitly listed as a marker of VA2-astrocytes.
DOI_10.1038_s41586-024-07069-w,B_unaudited,VA3-astrocytes,Nkx6-1,never_audited,pass,include,appended,M01800,Nkx6-1 is explicitly listed as a marker of VA3-astrocytes.
DOI_10.1038_s41586-024-07069-w,B_unaudited,VA3-astrocytes,Slit1,never_audited,pass,include,appended,M01801,Slit1 is explicitly listed as a marker of VA3-astrocytes.
DOI_10.1038_s41586-024-07069-w,new_finding,vascular smooth muscle cells,Pparg,never_reported,pass,include,appended,M01802,Pparg is used in the cell-type label for vascular smooth muscle cells.
DOI_10.1038_s42003-024-07315-x,A_exclude,acinar cells,ela2,exclude,pass,include,appended,M01803,ela2 is used as an acinar cell marker.
DOI_10.1038_s42003-024-07315-x,A_exclude,acinar cells,prss1,exclude,pass,include,appended,M01804,prss1 is used as an acinar cell marker.
DOI_10.1038_s42003-024-07315-x,A_exclude,B cells,cd37,exclude,pass,include,appended,M01805,cd37 is used as a B cell marker for cell type identification.
DOI_10.1038_s42003-024-07315-x,A_exclude,cardiac macrophages,F4/80,exclude,fail_symbol,include,appended,M01806,F4/80 is a cell surface marker used to identify cardiac macrophages; normalized to Adgre1.
DOI_10.1038_s42003-024-07315-x,A_exclude,cardiac macrophages,CD11b,exclude,fail_symbol,include,appended,M01807,CD11b is a cell surface marker used to identify cardiac macrophages by flow cytometry; normalized to Itgam.
DOI_10.1038_s42003-024-07315-x,A_exclude,cardiac macrophages,CD206,exclude,fail_symbol,include,appended,M01808,CD206 is a cell surface marker used to identify cardiac macrophage subsets; normalized to Mrc1.
DOI_10.1038_s42003-024-07315-x,A_exclude,cardiomyocytes,myl7,exclude,pass,include,appended,M01809,Author explicitly uses myl7 as a cardiomyocyte marker for cell type identification/quantification; species and tissue do not exclude.
DOI_10.1038_s42003-024-07315-x,A_exclude,cardiomyocytes,tnnt2a,exclude,pass,include,appended,M01810,Author explicitly uses tnnt2a as a cardiomyocyte marker for cell type identification/quantification.
DOI_10.1038_s42003-024-07315-x,A_exclude,cluster 1,moxd1,exclude,pass,include,appended,M01811,moxd1 is explicitly called a shared marker gene for cluster 7/cluster 1.
DOI_10.1038_s42003-024-07315-x,A_exclude,cluster 1,rpl15,exclude,pass,include,appended,M01812,rpl15 is explicitly called a shared marker gene for cluster 7/cluster 1 and used for cluster characterization.
DOI_10.1038_s42003-024-07315-x,A_exclude,Cluster 1 mono/Mphi,eef1g,exclude,pass,include,appended,M01813,eef1g is presented as a cluster 1 marker gene in the marker characterization of zebrafish mono/Mphi subsets.
DOI_10.1038_s42003-024-07315-x,A_exclude,Cluster 1 mono/Mphi,eif2s3,exclude,pass,include,appended,M01814,eif2s3 is presented as a cluster 1 marker gene.
DOI_10.1038_s42003-024-07315-x,A_exclude,Cluster 1 mono/Mphi,icn,exclude,pass,include,appended,M01815,icn is presented as a preferentially expressed gene of cluster 1.
DOI_10.1038_s42003-024-07315-x,A_exclude,Cluster 1 mono/Mphi,moxd1,exclude,pass,include,appended,M01816,moxd1 is presented as a preferentially expressed gene of cluster 1 in the cluster marker characterization.
DOI_10.1038_s42003-024-07315-x,A_exclude,Cluster 1 mono/Mphi,mrc1b,exclude,pass,include,appended,M01817,mrc1b is a formally declared M2 marker and cluster 1 is characterized by its expression.
DOI_10.1038_s42003-024-07315-x,A_exclude,Cluster 1 mono/Mphi,rpl15,exclude,pass,include,appended,M01818,rpl15 is presented as a cluster 1 marker gene.
DOI_10.1038_s42003-024-07315-x,A_exclude,Cluster 1 mono/Mphi,s100a10b,exclude,pass,include,appended,M01819,s100a10b is presented as a preferentially expressed gene of cluster 1.
DOI_10.1038_s42003-024-07315-x,new_finding,Cluster 1 mono/Mphi,Arg1,never_reported,pass,include,appended,M01820,Arg1 is one of the top marker genes used to characterize mouse cluster 1 as pro-inflammatory.
DOI_10.1038_s42003-024-07315-x,new_finding,Cluster 1 mono/Mphi,Ccl2,never_reported,pass,include,appended,M01821,Ccl2 is one of the top marker genes used to characterize mouse cluster 1 as pro-inflammatory.
DOI_10.1038_s42003-024-07315-x,new_finding,Cluster 1 mono/Mphi,Spp1,never_reported,pass,include,appended,M01822,Spp1 is one of the top marker genes used to characterize mouse cluster 1 as pro-inflammatory.
DOI_10.1038_s42003-024-07315-x,A_exclude,Cluster 2 mono/Mphi,dut,exclude,pass,include,appended,M01823,dut is presented as a cluster 2 marker gene.
DOI_10.1038_s42003-024-07315-x,A_exclude,Cluster 2 mono/Mphi,h2az2b,exclude,pass,include,appended,M01824,h2az2b is presented as a cluster 2 marker gene.
DOI_10.1038_s42003-024-07315-x,A_exclude,Cluster 2 mono/Mphi,hmgn2,exclude,pass,include,appended,M01825,hmgn2 is presented as a cluster 2 marker gene.
DOI_10.1038_s42003-024-07315-x,A_exclude,Cluster 2 mono/Mphi,mki67,exclude,pass,include,appended,M01826,mki67 is presented as a cluster 2 marker gene.
DOI_10.1038_s42003-024-07315-x,A_exclude,Cluster 3 mono/Mphi,asah1b,exclude,pass,include,appended,M01827,asah1b is presented as a cluster 3 marker gene.
DOI_10.1038_s42003-024-07315-x,A_exclude,Cluster 3 mono/Mphi,cd7al,exclude,pass,include,appended,M01828,cd7al is presented as a cluster 3 marker gene.
DOI_10.1038_s42003-024-07315-x,A_exclude,Cluster 3 mono/Mphi,ctsd,exclude,pass,include,appended,M01829,ctsd is presented as a cluster 3 marker gene.
DOI_10.1038_s42003-024-07315-x,A_exclude,Cluster 3 mono/Mphi,gpnmb,exclude,pass,include,appended,M01830,gpnmb is presented as a cluster 3 marker gene.
DOI_10.1038_s42003-024-07315-x,A_exclude,Cluster 3 mono/Mphi,lgmn,exclude,pass,include,appended,M01831,lgmn is presented as a cluster 3 marker gene.
DOI_10.1038_s42003-024-07315-x,A_exclude,cluster 4,cd9b,exclude,pass,include,appended,M01832,cd9b is presented as a cluster 4 marker gene.
DOI_10.1038_s42003-024-07315-x,A_exclude,cluster 4,fn1a,exclude,pass,include,appended,M01833,fn1a is presented as a cluster 4 marker gene.
DOI_10.1038_s42003-024-07315-x,A_exclude,cluster 4,gda,exclude,pass,include,appended,M01834,gda is presented as a cluster 4 marker gene and later validated by HCR.
DOI_10.1038_s42003-024-07315-x,A_exclude,cluster 4,gpc1b,exclude,pass,include,appended,M01835,gpc1b is presented as a cluster 4 marker gene.
DOI_10.1038_s42003-024-07315-x,A_exclude,cluster 4,hsp70.1,exclude,pass,include,appended,M01836,hsp70.1 is presented as a cluster 4 marker gene.
DOI_10.1038_s42003-024-07315-x,new_finding,cluster 4 mono/Mphi,ccr2,never_reported,pass,include,appended,M01837,ccr2 is explicitly called an M2 gene and used to assign M2/anti-inflammatory features to cluster 4.
DOI_10.1038_s42003-024-07315-x,new_finding,cluster 4 mono/Mphi,tgfb1a,never_reported,pass,include,appended,M01838,tgfb1a is explicitly called an M2 gene and used to assign M2/anti-inflammatory features to cluster 4.
DOI_10.1038_s42003-024-07315-x,new_finding,cluster 4 mono/Mphi,lipf,never_reported,pass,include,appended,M01839,lipf is presented as a cluster 4 marker gene in the marker characterization.
DOI_10.1038_s42003-024-07315-x,A_exclude,cluster 5,hbaa1,exclude,pass,include,appended,M01840,hbaa1 is presented as a cluster 5 marker gene.
DOI_10.1038_s42003-024-07315-x,A_exclude,cluster 5,lgals2a,exclude,pass,include,appended,M01841,lgals2a is presented as a cluster 5 marker gene.
DOI_10.1038_s42003-024-07315-x,A_exclude,cluster 5,rpl17,exclude,pass,include,appended,M01842,rpl17 is presented as a cluster 5 marker gene.
DOI_10.1038_s42003-024-07315-x,new_finding,cluster 7 mono/Mphi,cybb,never_reported,pass,include,appended,M01843,cybb is presented as a cluster 7 marker gene.
DOI_10.1038_s42003-024-07315-x,new_finding,cluster 7 mono/Mphi,lygl1,never_reported,pass,include,appended,M01844,lygl1 is presented as a cluster 7 marker gene.
DOI_10.1038_s42003-024-07315-x,A_exclude,endocardial and endothelial cells,kdrl,exclude,pass,include,appended,M01845,kdrl is used as a marker for endocardial/endothelial cells.
DOI_10.1038_s42003-024-07315-x,A_exclude,epicardial cells and fibroblasts,tcf21,exclude,pass,include,appended,M01846,tcf21 is used as a marker for epicardial cells/fibroblasts.
DOI_10.1038_s42003-024-07315-x,A_exclude,hematopoietic stem or progenitor cells (HPC),csf1rb,exclude,pass,include,appended,M01847,csf1rb is used as an HPC marker.
DOI_10.1038_s42003-024-07315-x,A_exclude,hematopoietic stem or progenitor cells (HPC),meis1b,exclude,pass,include,appended,M01848,meis1b is used as an HPC marker.
DOI_10.1038_s42003-024-07315-x,A_exclude,hematopoietic stem or progenitor cells (HPC),runx1t1,exclude,pass,include,appended,M01849,runx1t1 is used as an HPC marker.
DOI_10.1038_s42003-024-07315-x,A_exclude,hepatocytes,cp,exclude,pass,include,appended,M01850,cp is used together with fabp10 as a hepatocyte marker.
DOI_10.1038_s42003-024-07315-x,A_exclude,hepatocytes,fabp10,exclude,pass,include,appended,M01851,fabp10 is used as a hepatocyte marker for cell type classification.
DOI_10.1038_s42003-024-07315-x,A_exclude,Kupffer cell,Clec4f,exclude,pass,include,appended,M01852,Clec4f is explicitly declared a Kupffer cell marker and used to identify cluster 4 macrophages.
DOI_10.1038_s42003-024-07315-x,A_exclude,lcp1+ macrophage,lcp1,exclude,pass,include,appended,M01853,lcp1 is explicitly called a pan-leukocyte marker and is used to identify macrophages in imaging.
DOI_10.1038_s42003-024-07315-x,new_finding,liver macrophages,Mac2,never_reported,pass,include,appended,M01854,Mac2 is used as a macrophage marker in liver immunohistochemistry to identify and quantify macrophages; normalized to Lgals3.
DOI_10.1038_s42003-024-07315-x,A_exclude,M2 macrophage,mrc1b,exclude,pass,include,appended,M01855,mrc1b is explicitly declared an M2 macrophage marker and used to characterize the cluster.
DOI_10.1038_s42003-024-07315-x,A_exclude,macrophage,cd74a,exclude,pass,include,appended,M01856,cd74a is explicitly listed as a standard macrophage marker.
DOI_10.1038_s42003-024-07315-x,A_exclude,macrophage,havcr1,exclude,pass,include,appended,M01857,havcr1 is explicitly listed as a standard macrophage marker.
DOI_10.1038_s42003-024-07315-x,A_exclude,macrophage,marco,exclude,pass,include,appended,M01858,marco is explicitly listed as a standard macrophage marker.
DOI_10.1038_s42003-024-07315-x,A_exclude,macrophage,mfap4,exclude,pass,include,appended,M01859,mfap4 is explicitly listed as a standard macrophage marker.
DOI_10.1038_s42003-024-07315-x,A_exclude,macrophage,mhc2a,exclude,pass,include,appended,M01860,mhc2a is explicitly listed as a standard macrophage marker.
DOI_10.1038_s42003-024-07315-x,A_exclude,macrophage,mpeg1.1,exclude,pass,include,appended,M01861,mpeg1.1 is explicitly listed as a standard macrophage marker for cluster 6.
DOI_10.1038_s42003-024-07315-x,A_exclude,mm4 macrophages,Folr2,exclude,pass,include,appended,M01862,Folr2 is explicitly used to define TLF+ tissue-resident mm4 macrophages.
DOI_10.1038_s42003-024-07315-x,A_exclude,mm4 macrophages,Lyve1,exclude,pass,include,appended,M01863,Lyve1 is explicitly used to define TLF+ tissue-resident mm4 macrophages.
DOI_10.1038_s42003-024-07315-x,A_exclude,mm4 macrophages,Timd4,exclude,pass,include,appended,M01864,Timd4 is explicitly used to define TLF+ tissue-resident mm4 macrophages.
DOI_10.1038_s42003-024-07315-x,A_exclude,mouse mm2 macrophages,H2-Aa,exclude,pass,include,appended,M01865,H2-Aa is plotted as a subtype marker for mouse mm2 macrophages and used to distinguish clusters.
DOI_10.1038_s42003-024-07315-x,A_exclude,mouse mm3 macrophages,Ly6c2,exclude,pass,include,appended,M01866,Ly6c2 is plotted as a subtype marker for mouse mm3 macrophages.
DOI_10.1038_s42003-024-07315-x,A_exclude,mouse mm4 macrophages,Mrc1,exclude,pass,include,appended,M01867,Mrc1 is plotted as a subtype marker for mouse mm4 macrophages.
DOI_10.1038_s42003-024-07315-x,A_exclude,mural cells,pdgfrb,exclude,pass,include,appended,M01868,pdgfrb is used as a mural cell marker.
DOI_10.1038_s42003-024-07315-x,A_exclude,neutrophils,mpx,exclude,pass,include,appended,M01869,mpx is used as a neutrophil marker for cell type identification.
DOI_10.1038_s42003-024-07315-x,A_exclude,NK or T cells,il2rb,exclude,pass,include,appended,M01870,il2rb is used as a marker for NK/T cell identification.
DOI_10.1038_s42003-024-07315-x,A_exclude,NK or T cells,lck,exclude,pass,include,appended,M01871,lck is used as a marker for NK/T cell identification.
DOI_10.1038_s42003-024-07315-x,A_exclude,NK or T cells,zap70,exclude,pass,include,appended,M01872,zap70 is used as a marker for NK/T cell identification.
DOI_10.1038_s42003-024-07315-x,A_exclude,NK or T cells,zbtb32,exclude,pass,include,appended,M01873,zbtb32 is used as a marker for NK/T cell identification.
DOI_10.1038_s42003-024-07315-x,A_exclude,thrombocytes,itga2b,exclude,pass,include,appended,M01874,itga2b is used as a thrombocyte marker for cell type identification.
DOI_10.1038_s42003-024-07315-x,A_exclude,zebrafish cluster 4 macrophages,gda,exclude,pass,include,appended,M01875,gda is explicitly named a cluster 4 marker and validated by HCR.
DOI_10.1038_s42003-024-07315-x,A_exclude,zebrafish M1-like macrophages,cxcl11.1,exclude,pass,include,appended,M01876,cxcl11.1 is explicitly listed as a zebrafish M1 marker.
DOI_10.1038_s42003-024-07315-x,A_exclude,zebrafish M1-like macrophages,il1b,exclude,pass,include,appended,M01877,il1b is explicitly listed as a zebrafish M1 marker.
DOI_10.1038_s42003-024-07315-x,A_exclude,zebrafish M1-like macrophages,il6,exclude,pass,include,appended,M01878,il6 is explicitly listed as a zebrafish M1 marker.
DOI_10.1038_s42003-024-07315-x,A_exclude,zebrafish M1-like macrophages,tnfa,exclude,pass,include,appended,M01879,tnfa is explicitly listed as a zebrafish M1 marker and used to assign M1 identity to clusters.
DOI_10.1038_s42003-024-07315-x,A_exclude,zebrafish M1-like macrophages,tnfb,exclude,pass,include,appended,M01880,tnfb is explicitly listed as a zebrafish M1 marker.
DOI_10.1038_s42003-024-07315-x,A_exclude,zebrafish M2-like macrophages,cxcr4b,exclude,pass,include,appended,M01881,cxcr4b is explicitly declared a zebrafish M2 marker.
DOI_10.1038_s42003-024-07315-x,A_exclude,zebrafish M2-like macrophages,mrc1b,exclude,pass,include,appended,M01882,mrc1b is explicitly declared a zebrafish M2 marker.
DOI_10.1038_s42003-024-07315-x,A_exclude,zebrafish mono/Mphi,mpeg1.1,exclude,pass,include,appended,M01883,mpeg1.1 is explicitly declared a pan-macrophage marker and used to evaluate macrophage identity.
