paper_id,cell_type,subtype,species,is_pns_cell,gene,evidence_level,source_section,source_context
A_molecular_cell_atlas_of_the_human_lung_from_single-cell_RN,Alveolar type 2 cell,,human,false,SFTPA1,explicit,"Results: New lung cell types, subtypes and states","One cluster (WIF1+HHIP+CA2+) expressed higher levels of some canonical AT2 markers (SFTPA1, SFTPC and ETV5)"
A_molecular_cell_atlas_of_the_human_lung_from_single-cell_RN,Alveolar type 2 cell,,human,false,SFTPC,explicit,"Results: New lung cell types, subtypes and states","One cluster (WIF1+HHIP+CA2+) expressed higher levels of some canonical AT2 markers (SFTPA1, SFTPC and ETV5)"
A_molecular_cell_atlas_of_the_human_lung_from_single-cell_RN,Alveolar type 2 cell,,human,false,ETV5,explicit,"Results: New lung cell types, subtypes and states","One cluster (WIF1+HHIP+CA2+) expressed higher levels of some canonical AT2 markers (SFTPA1, SFTPC and ETV5)"
A_molecular_cell_atlas_of_the_human_lung_from_single-cell_RN,Alveolar type 2 cell,,human,false,WIF1,explicit,"Results: New lung cell types, subtypes and states","One cluster (WIF1+HHIP+CA2+) expressed higher levels of some canonical AT2 markers (SFTPA1, SFTPC and ETV5) and selectively expressed inhibitors of Wnt (WIF1) and Hedgehog (HHIP) signalling"
A_molecular_cell_atlas_of_the_human_lung_from_single-cell_RN,Alveolar type 2 cell,,human,false,HHIP,explicit,"Results: New lung cell types, subtypes and states","One cluster (WIF1+HHIP+CA2+) expressed higher levels of some canonical AT2 markers (SFTPA1, SFTPC and ETV5) and selectively expressed inhibitors of Wnt (WIF1) and Hedgehog (HHIP) signalling"
A_molecular_cell_atlas_of_the_human_lung_from_single-cell_RN,Alveolar type 2 cell,,human,false,CA2,explicit,Fig.1c,Dot plot of AT2 marker expression; CA2 is shown as a marker in the dot plot
A_molecular_cell_atlas_of_the_human_lung_from_single-cell_RN,AT2-signalling cell,,human,false,WNT5A,implied,"Results: New lung cell types, subtypes and states","The other, tenfold less-abundant cluster (AT2-signalling cells) selectively expressed genes involved in Wnt signalling (WNT5A, LRP5, CTNNBIP and TCF7L2) and detoxification (CP, GSTA1 and CYP4B1)"
A_molecular_cell_atlas_of_the_human_lung_from_single-cell_RN,AT2-signalling cell,,human,false,LRP5,implied,"Results: New lung cell types, subtypes and states","The other, tenfold less-abundant cluster (AT2-signalling cells) selectively expressed genes involved in Wnt signalling (WNT5A, LRP5, CTNNBIP and TCF7L2) and detoxification (CP, GSTA1 and CYP4B1)"
A_molecular_cell_atlas_of_the_human_lung_from_single-cell_RN,AT2-signalling cell,,human,false,CTNNBIP,implied,"Results: New lung cell types, subtypes and states","The other, tenfold less-abundant cluster (AT2-signalling cells) selectively expressed genes involved in Wnt signalling (WNT5A, LRP5, CTNNBIP and TCF7L2) and detoxification (CP, GSTA1 and CYP4B1)"
A_molecular_cell_atlas_of_the_human_lung_from_single-cell_RN,AT2-signalling cell,,human,false,TCF7L2,implied,"Results: New lung cell types, subtypes and states","The other, tenfold less-abundant cluster (AT2-signalling cells) selectively expressed genes involved in Wnt signalling (WNT5A, LRP5, CTNNBIP and TCF7L2) and detoxification (CP, GSTA1 and CYP4B1)"
A_molecular_cell_atlas_of_the_human_lung_from_single-cell_RN,AT2-signalling cell,,human,false,CP,implied,"Results: New lung cell types, subtypes and states","The other, tenfold less-abundant cluster (AT2-signalling cells) selectively expressed genes involved in Wnt signalling (WNT5A, LRP5, CTNNBIP and TCF7L2) and detoxification (CP, GSTA1 and CYP4B1)"
A_molecular_cell_atlas_of_the_human_lung_from_single-cell_RN,AT2-signalling cell,,human,false,GSTA1,implied,"Results: New lung cell types, subtypes and states","The other, tenfold less-abundant cluster (AT2-signalling cells) selectively expressed genes involved in Wnt signalling (WNT5A, LRP5, CTNNBIP and TCF7L2) and detoxification (CP, GSTA1 and CYP4B1)"
A_molecular_cell_atlas_of_the_human_lung_from_single-cell_RN,AT2-signalling cell,,human,false,CYP4B1,implied,"Results: New lung cell types, subtypes and states","The other, tenfold less-abundant cluster (AT2-signalling cells) selectively expressed genes involved in Wnt signalling (WNT5A, LRP5, CTNNBIP and TCF7L2) and detoxification (CP, GSTA1 and CYP4B1)"
A_molecular_cell_atlas_of_the_human_lung_from_single-cell_RN,Alveolar fibroblast,,human,false,BSG,explicit,"Results: New lung cell types, subtypes and states",Two clusters expressed classical fibroblast markers (BSG and COL1A2) (Fig. 1e) but one (SPINT2+FGFR4+GPC3+) localized to alveoli (‘alveolar fibroblasts’)
A_molecular_cell_atlas_of_the_human_lung_from_single-cell_RN,Alveolar fibroblast,,human,false,COL1A2,explicit,"Results: New lung cell types, subtypes and states",Two clusters expressed classical fibroblast markers (BSG and COL1A2) (Fig. 1e) but one (SPINT2+FGFR4+GPC3+) localized to alveoli (‘alveolar fibroblasts’)
A_molecular_cell_atlas_of_the_human_lung_from_single-cell_RN,Alveolar fibroblast,,human,false,SPINT2,explicit,"Results: New lung cell types, subtypes and states",one (SPINT2+FGFR4+GPC3+) localized to alveoli (‘alveolar fibroblasts’)
A_molecular_cell_atlas_of_the_human_lung_from_single-cell_RN,Alveolar fibroblast,,human,false,FGFR4,explicit,"Results: New lung cell types, subtypes and states",one (SPINT2+FGFR4+GPC3+) localized to alveoli (‘alveolar fibroblasts’)
A_molecular_cell_atlas_of_the_human_lung_from_single-cell_RN,Alveolar fibroblast,,human,false,GPC3,explicit,"Results: New lung cell types, subtypes and states",one (SPINT2+FGFR4+GPC3+) localized to alveoli (‘alveolar fibroblasts’)
A_molecular_cell_atlas_of_the_human_lung_from_single-cell_RN,Adventitial fibroblast,,human,false,BSG,explicit,"Results: New lung cell types, subtypes and states",Two clusters expressed classical fibroblast markers (BSG and COL1A2) (Fig. 1e) but one (SPINT2+FGFR4+GPC3+) localized to alveoli (‘alveolar fibroblasts’) and the other (SFRP2+PI16+SERPINF1+) to vascular adventitia (‘adventitial fibroblasts’)
A_molecular_cell_atlas_of_the_human_lung_from_single-cell_RN,Adventitial fibroblast,,human,false,COL1A2,explicit,"Results: New lung cell types, subtypes and states",Two clusters expressed classical fibroblast markers (BSG and COL1A2) (Fig. 1e) but one (SPINT2+FGFR4+GPC3+) localized to alveoli (‘alveolar fibroblasts’) and the other (SFRP2+PI16+SERPINF1+) to vascular adventitia (‘adventitial fibroblasts’)
A_molecular_cell_atlas_of_the_human_lung_from_single-cell_RN,Adventitial fibroblast,,human,false,SFRP2,explicit,"Results: New lung cell types, subtypes and states",the other (SFRP2+PI16+SERPINF1+) to vascular adventitia (‘adventitial fibroblasts’)
A_molecular_cell_atlas_of_the_human_lung_from_single-cell_RN,Adventitial fibroblast,,human,false,PI16,explicit,"Results: New lung cell types, subtypes and states",the other (SFRP2+PI16+SERPINF1+) to vascular adventitia (‘adventitial fibroblasts’)
A_molecular_cell_atlas_of_the_human_lung_from_single-cell_RN,Adventitial fibroblast,,human,false,SERPINF1,explicit,"Results: New lung cell types, subtypes and states",the other (SFRP2+PI16+SERPINF1+) to vascular adventitia (‘adventitial fibroblasts’)
A_molecular_cell_atlas_of_the_human_lung_from_single-cell_RN,Myofibroblast,,human,false,ACTA2,explicit,"Results: New lung cell types, subtypes and states","Two stromal clusters were enriched for ACTA2, a canonical marker of myofibroblasts (Fig. 1e)"
A_molecular_cell_atlas_of_the_human_lung_from_single-cell_RN,Myofibroblast,,human,false,WIF1,explicit,"Results: New lung cell types, subtypes and states",One cluster (WIF1+FGF18+ASPN+) is classical myofibroblasts
A_molecular_cell_atlas_of_the_human_lung_from_single-cell_RN,Myofibroblast,,human,false,FGF18,explicit,"Results: New lung cell types, subtypes and states",One cluster (WIF1+FGF18+ASPN+) is classical myofibroblasts
A_molecular_cell_atlas_of_the_human_lung_from_single-cell_RN,Myofibroblast,,human,false,ASPN,explicit,"Results: New lung cell types, subtypes and states",One cluster (WIF1+FGF18+ASPN+) is classical myofibroblasts
A_molecular_cell_atlas_of_the_human_lung_from_single-cell_RN,Fibromyocyte,,human,false,MYH11,implied,"Results: New lung cell types, subtypes and states","The other (‘fibromyocytes’) showed higher expression of contractile genes (MYH11, CNN1 and TAGLN)"
A_molecular_cell_atlas_of_the_human_lung_from_single-cell_RN,Fibromyocyte,,human,false,CNN1,implied,"Results: New lung cell types, subtypes and states","The other (‘fibromyocytes’) showed higher expression of contractile genes (MYH11, CNN1 and TAGLN)"
A_molecular_cell_atlas_of_the_human_lung_from_single-cell_RN,Fibromyocyte,,human,false,TAGLN,implied,"Results: New lung cell types, subtypes and states","The other (‘fibromyocytes’) showed higher expression of contractile genes (MYH11, CNN1 and TAGLN)"
A_molecular_cell_atlas_of_the_human_lung_from_single-cell_RN,Bronchial vessel endothelial cell,,human,false,VWA1,implied,"Results: New lung cell types, subtypes and states","Thus, bronchial endothelial cells are distinct from their counterparts in the pulmonary circulation, distinguished by matrix (VWA1 and HSPG2), fenestrated morphology (PLVAP) and cell cycle-associated (MYC and HBEGF) genes"
A_molecular_cell_atlas_of_the_human_lung_from_single-cell_RN,Bronchial vessel endothelial cell,,human,false,HSPG2,implied,"Results: New lung cell types, subtypes and states","Thus, bronchial endothelial cells are distinct from their counterparts in the pulmonary circulation, distinguished by matrix (VWA1 and HSPG2), fenestrated morphology (PLVAP) and cell cycle-associated (MYC and HBEGF) genes"
A_molecular_cell_atlas_of_the_human_lung_from_single-cell_RN,Bronchial vessel endothelial cell,,human,false,PLVAP,implied,"Results: New lung cell types, subtypes and states","Thus, bronchial endothelial cells are distinct from their counterparts in the pulmonary circulation, distinguished by matrix (VWA1 and HSPG2), fenestrated morphology (PLVAP) and cell cycle-associated (MYC and HBEGF) genes"
A_molecular_cell_atlas_of_the_human_lung_from_single-cell_RN,Bronchial vessel endothelial cell,,human,false,MYC,implied,"Results: New lung cell types, subtypes and states","Thus, bronchial endothelial cells are distinct from their counterparts in the pulmonary circulation, distinguished by matrix (VWA1 and HSPG2), fenestrated morphology (PLVAP) and cell cycle-associated (MYC and HBEGF) genes"
A_molecular_cell_atlas_of_the_human_lung_from_single-cell_RN,Bronchial vessel endothelial cell,,human,false,HBEGF,implied,"Results: New lung cell types, subtypes and states","Thus, bronchial endothelial cells are distinct from their counterparts in the pulmonary circulation, distinguished by matrix (VWA1 and HSPG2), fenestrated morphology (PLVAP) and cell cycle-associated (MYC and HBEGF) genes"
A_molecular_cell_atlas_of_the_human_lung_from_single-cell_RN,IGSF21+ dendritic cell,,human,false,IGSF21,explicit,Results: Lung immune cell residency signatures,"This included three novel lung dendritic populations: IGSF21+ and rare EREG+ dendritic cells express asthma genes (CCL2, CCL13 and IGSF21) and developmental signals (EREG, VEGFA, AREG), respectively"
A_molecular_cell_atlas_of_the_human_lung_from_single-cell_RN,IGSF21+ dendritic cell,,human,false,CCL2,implied,Results: Lung immune cell residency signatures,"IGSF21+ and rare EREG+ dendritic cells express asthma genes (CCL2, CCL13 and IGSF21)"
A_molecular_cell_atlas_of_the_human_lung_from_single-cell_RN,IGSF21+ dendritic cell,,human,false,CCL13,implied,Results: Lung immune cell residency signatures,"IGSF21+ and rare EREG+ dendritic cells express asthma genes (CCL2, CCL13 and IGSF21)"
A_molecular_cell_atlas_of_the_human_lung_from_single-cell_RN,EREG+ dendritic cell,,human,false,EREG,explicit,Results: Lung immune cell residency signatures,"IGSF21+ and rare EREG+ dendritic cells express asthma genes (CCL2, CCL13 and IGSF21) and developmental signals (EREG, VEGFA, AREG), respectively"
A_molecular_cell_atlas_of_the_human_lung_from_single-cell_RN,EREG+ dendritic cell,,human,false,VEGFA,implied,Results: Lung immune cell residency signatures,"developmental signals (EREG, VEGFA, AREG)"
A_molecular_cell_atlas_of_the_human_lung_from_single-cell_RN,EREG+ dendritic cell,,human,false,AREG,implied,Results: Lung immune cell residency signatures,"developmental signals (EREG, VEGFA, AREG)"
A_molecular_cell_atlas_of_the_human_lung_from_single-cell_RN,TREM2+ dendritic cell,,human,false,TREM2,explicit,Results: Lung immune cell residency signatures,"TREM2+ dendritic cells localize to vessels and alveoli and express lipid machinery (APOC1, APOE and CYP27A1)"
A_molecular_cell_atlas_of_the_human_lung_from_single-cell_RN,TREM2+ dendritic cell,,human,false,APOC1,implied,Results: Lung immune cell residency signatures,"TREM2+ dendritic cells localize to vessels and alveoli and express lipid machinery (APOC1, APOE and CYP27A1)"
A_molecular_cell_atlas_of_the_human_lung_from_single-cell_RN,TREM2+ dendritic cell,,human,false,APOE,implied,Results: Lung immune cell residency signatures,"TREM2+ dendritic cells localize to vessels and alveoli and express lipid machinery (APOC1, APOE and CYP27A1)"
A_molecular_cell_atlas_of_the_human_lung_from_single-cell_RN,TREM2+ dendritic cell,,human,false,CYP27A1,implied,Results: Lung immune cell residency signatures,"TREM2+ dendritic cells localize to vessels and alveoli and express lipid machinery (APOC1, APOE and CYP27A1)"
A_molecular_cell_atlas_of_the_human_lung_from_single-cell_RN,Basal cell,,human,false,KRT5,explicit,"Results: New lung cell types, subtypes and states","Another cluster (differentiating basal cells) had reduced expression of KRT5 and increased expression of HES1, KRT7 and SCGB3A2"
A_molecular_cell_atlas_of_the_human_lung_from_single-cell_RN,Basal cell,,human,false,ALOX15,implied,"Results: New lung cell types, subtypes and states","The other basal cell clusters are distinguished by hundreds of genes, which suggests that they are molecularly distinct cell types that differ in hormone production (ALOX15, ADH7, SNCA) and adhesion (POSTN, ISLR, PCDH7)"
A_molecular_cell_atlas_of_the_human_lung_from_single-cell_RN,Basal cell,,human,false,ADH7,implied,"Results: New lung cell types, subtypes and states","The other basal cell clusters are distinguished by hundreds of genes, which suggests that they are molecularly distinct cell types that differ in hormone production (ALOX15, ADH7, SNCA) and adhesion (POSTN, ISLR, PCDH7)"
A_molecular_cell_atlas_of_the_human_lung_from_single-cell_RN,Basal cell,,human,false,SNCA,implied,"Results: New lung cell types, subtypes and states","The other basal cell clusters are distinguished by hundreds of genes, which suggests that they are molecularly distinct cell types that differ in hormone production (ALOX15, ADH7, SNCA) and adhesion (POSTN, ISLR, PCDH7)"
A_molecular_cell_atlas_of_the_human_lung_from_single-cell_RN,Basal cell,,human,false,POSTN,implied,"Results: New lung cell types, subtypes and states","The other basal cell clusters are distinguished by hundreds of genes, which suggests that they are molecularly distinct cell types that differ in hormone production (ALOX15, ADH7, SNCA) and adhesion (POSTN, ISLR, PCDH7)"
A_molecular_cell_atlas_of_the_human_lung_from_single-cell_RN,Basal cell,,human,false,ISLR,implied,"Results: New lung cell types, subtypes and states","The other basal cell clusters are distinguished by hundreds of genes, which suggests that they are molecularly distinct cell types that differ in hormone production (ALOX15, ADH7, SNCA) and adhesion (POSTN, ISLR, PCDH7)"
A_molecular_cell_atlas_of_the_human_lung_from_single-cell_RN,Basal cell,,human,false,PCDH7,implied,"Results: New lung cell types, subtypes and states","The other basal cell clusters are distinguished by hundreds of genes, which suggests that they are molecularly distinct cell types that differ in hormone production (ALOX15, ADH7, SNCA) and adhesion (POSTN, ISLR, PCDH7)"
A_molecular_cell_atlas_of_the_human_lung_from_single-cell_RN,Differentiating basal cell,,human,false,HES1,explicit,"Results: New lung cell types, subtypes and states","Another cluster (differentiating basal cells) had reduced expression of KRT5 and increased expression of HES1, KRT7 and SCGB3A2"
A_molecular_cell_atlas_of_the_human_lung_from_single-cell_RN,Differentiating basal cell,,human,false,KRT7,explicit,"Results: New lung cell types, subtypes and states","Another cluster (differentiating basal cells) had reduced expression of KRT5 and increased expression of HES1, KRT7 and SCGB3A2"
A_molecular_cell_atlas_of_the_human_lung_from_single-cell_RN,Differentiating basal cell,,human,false,SCGB3A2,explicit,"Results: New lung cell types, subtypes and states","Another cluster (differentiating basal cells) had reduced expression of KRT5 and increased expression of HES1, KRT7 and SCGB3A2"
A_molecular_cell_atlas_of_the_human_lung_from_single-cell_RN,AT1 cell,,human,false,MYRF,implied,"Results: Cell markers, regulators and interactions","These include what may be long-sought master regulators of AT1 cells (for example, MYRF), and of pericytes (TBX5)"
A_molecular_cell_atlas_of_the_human_lung_from_single-cell_RN,Pericyte,,human,false,TBX5,implied,"Results: Cell markers, regulators and interactions","These include what may be long-sought master regulators of AT1 cells (for example, MYRF), and of pericytes (TBX5)"
A_molecular_cell_atlas_of_the_human_lung_from_single-cell_RN,Goblet cell,,human,false,SPDEF,explicit,Results: Evolution of cell types and expression,despite conserved expression of canonical markers and master regulator SPDEF
A_molecular_cell_atlas_of_the_human_lung_from_single-cell_RN,goblet cells,,human,false,MUC5B,explicit,Extended Data Fig.11c,Dot plot of expression of canonical goblet cell markers MUC5B and MUC5AC and transcription factor SPDEF in mouse (left) and human (right) goblet cells.
A_molecular_cell_atlas_of_the_human_lung_from_single-cell_RN,goblet cells,,human,false,MUC5AC,explicit,Extended Data Fig.11c,Dot plot of expression of canonical goblet cell markers MUC5B and MUC5AC and transcription factor SPDEF in mouse (left) and human (right) goblet cells.
A_molecular_cell_atlas_of_the_human_lung_from_single-cell_RN,goblet cells,,human,false,SPDEF,explicit,Extended Data Fig.11c,Dot plot of expression of canonical goblet cell markers MUC5B and MUC5AC and transcription factor SPDEF in mouse (left) and human (right) goblet cells.
A_molecular_cell_atlas_of_the_human_lung_from_single-cell_RN,AT1,,human,false,AGER,explicit,Extended Data Fig.5c,Alveolar section of human lung probed by smFISH for AT1 marker AGER and transcription factor MYRF.
A_molecular_cell_atlas_of_the_human_lung_from_single-cell_RN,AT1,,human,false,MYRF,implied,Extended Data Fig.5c,"MYRF is selectively expressed in AT1 cells (arrowheads; 97% of MYRF+ cells were AGER+, n = 250 scored cells)."
A_molecular_cell_atlas_of_the_human_lung_from_single-cell_RN,AT2,,human,false,SFTPC,explicit,Extended Data Fig.8e,"smFISH of alveolar section of adult human lung probed for COPD or emphysema gene SERPINA1 and AT2 marker SFTPC, and DAPI."
A_molecular_cell_atlas_of_the_human_lung_from_single-cell_RN,AT2,,human,false,HHIP,explicit,Extended Data Fig.3i,"AT2 selective markers include negative regulators of Hedgehog and Wnt signalling pathways (for example, HHIP and WIF1, highlighted red)."
A_molecular_cell_atlas_of_the_human_lung_from_single-cell_RN,AT2,,human,false,WIF1,explicit,Extended Data Fig.3i,"AT2 selective markers include negative regulators of Hedgehog and Wnt signalling pathways (for example, HHIP and WIF1, highlighted red)."
A_molecular_cell_atlas_of_the_human_lung_from_single-cell_RN,AT2-signalling,,human,false,WNT5A,explicit,Extended Data Fig.3i,"AT2-signalling selective markers include Wnt ligands, receptors and transcription factors (for example, WNT5A, LRP5 and TFC7L2 highlighted green)."
A_molecular_cell_atlas_of_the_human_lung_from_single-cell_RN,AT2-signalling,,human,false,LRP5,explicit,Extended Data Fig.3i,"AT2-signalling selective markers include Wnt ligands, receptors and transcription factors (for example, WNT5A, LRP5 and TFC7L2 highlighted green)."
A_molecular_cell_atlas_of_the_human_lung_from_single-cell_RN,AT2-signalling,,human,false,TFC7L2,explicit,Extended Data Fig.3i,"AT2-signalling selective markers include Wnt ligands, receptors and transcription factors (for example, WNT5A, LRP5 and TFC7L2 highlighted green)."
A_molecular_cell_atlas_of_the_human_lung_from_single-cell_RN,ciliated cells,,human,false,C20orf85,explicit,Extended Data Fig.3h,smFISH and quantification of human pseudostratified epithelial (left) and simple epithelial (right) airways for general ciliated marker C20orf85 (white) and proximal ciliated marker DHRS9 (red).
A_molecular_cell_atlas_of_the_human_lung_from_single-cell_RN,proximal ciliated cells,,human,false,DHRS9,explicit,Extended Data Fig.3h,smFISH and quantification of human pseudostratified epithelial (left) and simple epithelial (right) airways for general ciliated marker C20orf85 (white) and proximal ciliated marker DHRS9 (red).
A_molecular_cell_atlas_of_the_human_lung_from_single-cell_RN,basal cells,,human,false,KRT5,explicit,Extended Data Fig.3c,"Immunostaining of adult human pseudostratified airway for differentiation marker HES1 (green) in basal cells (marked by KRT5, red) with DAPI counter stain (blue)."
A_molecular_cell_atlas_of_the_human_lung_from_single-cell_RN,proximal basal cells,,human,false,SERPINB3,explicit,Extended Data Fig.3f,RNAscope smFISH and quantification for general basal marker KRT5 (red) and proximal basal cell marker SERPINB3 (white) with DAPI counter stain (blue).
A_molecular_cell_atlas_of_the_human_lung_from_single-cell_RN,myofibroblasts,,human,false,ASPN,explicit,Extended Data Fig.4f,smFISH and quantification of cell abundance in human alveolar (f) and pseudostratified epithelial airway (g) sections probed for myofibroblast and fibromyocyte marker ASPN (red).
A_molecular_cell_atlas_of_the_human_lung_from_single-cell_RN,fibromyocytes,,human,false,ASPN,explicit,Extended Data Fig.4f,smFISH and quantification of cell abundance in human alveolar (f) and pseudostratified epithelial airway (g) sections probed for myofibroblast and fibromyocyte marker ASPN (red).
A_molecular_cell_atlas_of_the_human_lung_from_single-cell_RN,fibromyocytes,,human,false,COX4I2,explicit,Extended Data Fig.4g,probed for fibromyocyte and airway smooth muscle markers COX4I2 (white; f) and ACTG2 (white; g).
A_molecular_cell_atlas_of_the_human_lung_from_single-cell_RN,fibromyocytes,,human,false,ACTG2,explicit,Extended Data Fig.4g,probed for fibromyocyte and airway smooth muscle markers COX4I2 (white; f) and ACTG2 (white; g).
A_molecular_cell_atlas_of_the_human_lung_from_single-cell_RN,airway smooth muscle,,human,false,COX4I2,explicit,Extended Data Fig.4g,probed for fibromyocyte and airway smooth muscle markers COX4I2 (white; f) and ACTG2 (white; g).
A_molecular_cell_atlas_of_the_human_lung_from_single-cell_RN,airway smooth muscle,,human,false,ACTG2,explicit,Extended Data Fig.4g,probed for fibromyocyte and airway smooth muscle markers COX4I2 (white; f) and ACTG2 (white; g).
A_molecular_cell_atlas_of_the_human_lung_from_single-cell_RN,alveolar fibroblasts,,human,false,COL1A2,explicit,Extended Data Fig.4a,smFISH probes: general fibroblast marker COL1A2 (white) and alveolar fibroblast-selective marker GPC3 (red).
A_molecular_cell_atlas_of_the_human_lung_from_single-cell_RN,alveolar fibroblasts,,human,false,GPC3,explicit,Extended Data Fig.4a,smFISH probes: general fibroblast marker COL1A2 (white) and alveolar fibroblast-selective marker GPC3 (red).
A_molecular_cell_atlas_of_the_human_lung_from_single-cell_RN,alveolar fibroblasts,,human,false,FGFR4,explicit,Extended Data Fig.4e,"Heat map of expression of representative general, adventitial-selective, and alveolar-selective fibroblast markers in 50 randomly selected cells from adventitial (left) and alveolar (right) fibroblast clusters (SS2 dataset). Note specialization (highlighted red) in growth factors (AdvF: PDGFRL, IGFBP4; AlvF: FGFR4, VEGFD)."
A_molecular_cell_atlas_of_the_human_lung_from_single-cell_RN,alveolar fibroblasts,,human,false,VEGFD,explicit,Extended Data Fig.4e,"Heat map of expression of representative general, adventitial-selective, and alveolar-selective fibroblast markers in 50 randomly selected cells from adventitial (left) and alveolar (right) fibroblast clusters (SS2 dataset). Note specialization (highlighted red) in growth factors (AdvF: PDGFRL, IGFBP4; AlvF: FGFR4, VEGFD)."
A_molecular_cell_atlas_of_the_human_lung_from_single-cell_RN,alveolar fibroblasts,,human,false,Slc7a10,explicit,Extended Data Fig.4b,smFISH probes: alveolar fibroblast-selective markers Slc7a10 (white) and Frfr4 (red).
A_molecular_cell_atlas_of_the_human_lung_from_single-cell_RN,alveolar fibroblasts,,human,false,Frfr4,explicit,Extended Data Fig.4b,smFISH probes: alveolar fibroblast-selective markers Slc7a10 (white) and Frfr4 (red).
A_molecular_cell_atlas_of_the_human_lung_from_single-cell_RN,adventitial fibroblasts,,human,false,COL1A2,explicit,Extended Data Fig.4c,smFISH probes: general fibroblast marker COL1A2 (white) and adventitial fibroblast-selective marker SERPINF1 (red).
A_molecular_cell_atlas_of_the_human_lung_from_single-cell_RN,adventitial fibroblasts,,human,false,SERPINF1,explicit,Extended Data Fig.4c,smFISH probes: general fibroblast marker COL1A2 (white) and adventitial fibroblast-selective marker SERPINF1 (red).
A_molecular_cell_atlas_of_the_human_lung_from_single-cell_RN,adventitial fibroblasts,,human,false,PDGFRL,explicit,Extended Data Fig.4e,"Heat map of expression of representative general, adventitial-selective, and alveolar-selective fibroblast markers in 50 randomly selected cells from adventitial (left) and alveolar (right) fibroblast clusters (SS2 dataset). Note specialization (highlighted red) in growth factors (AdvF: PDGFRL, IGFBP4; AlvF: FGFR4, VEGFD)."
A_molecular_cell_atlas_of_the_human_lung_from_single-cell_RN,adventitial fibroblasts,,human,false,IGFBP4,explicit,Extended Data Fig.4e,"Heat map of expression of representative general, adventitial-selective, and alveolar-selective fibroblast markers in 50 randomly selected cells from adventitial (left) and alveolar (right) fibroblast clusters (SS2 dataset). Note specialization (highlighted red) in growth factors (AdvF: PDGFRL, IGFBP4; AlvF: FGFR4, VEGFD)."
A_molecular_cell_atlas_of_the_human_lung_from_single-cell_RN,adventitial fibroblasts,,human,false,SFRP2,explicit,Extended Data Fig.4e,"Heat map of expression of representative general, adventitial-selective, and alveolar-selective fibroblast markers in 50 randomly selected cells from adventitial (left) and alveolar (right) fibroblast clusters (SS2 dataset). Note specialization (highlighted red) in growth factors (AdvF: PDGFRL, IGFBP4; AlvF: FGFR4, VEGFD) and morphogen (AdvF: SFRP2; AlvF: NKD1, DKK3) signalling or regulation."
A_molecular_cell_atlas_of_the_human_lung_from_single-cell_RN,adventitial fibroblasts,,human,false,Pi16,explicit,Extended Data Fig.4d,smFISH probes: adventitial fibroblast-selective markers Pi16 (white) and Serpinf1 (red).
A_molecular_cell_atlas_of_the_human_lung_from_single-cell_RN,adventitial fibroblasts,,human,false,Serpinf1,explicit,Extended Data Fig.4d,smFISH probes: adventitial fibroblast-selective markers Pi16 (white) and Serpinf1 (red).
A_molecular_cell_atlas_of_the_human_lung_from_single-cell_RN,pericytes,,human,false,COX4I2,explicit,Extended Data Fig.4h,"smFISH of human alveolar sections probed for general stromal marker COL1A2 (white), pericyte marker COX4I2 (red; h)."
A_molecular_cell_atlas_of_the_human_lung_from_single-cell_RN,pericytes,,human,false,TBX5,implied,Extended Data Fig.5d,"TBX5 is enriched in pericytes (arrowheads, 92% of TBX5+ cells were COX4I2+, n = 250)."
A_molecular_cell_atlas_of_the_human_lung_from_single-cell_RN,pericytes,,human,false,KCNK3,implied,Extended Data Fig.8c,"Note pericyte-specific expression (arrowheads, 91% of COX4I2+ pericytes were KCNK3+, n = 77)."
A_molecular_cell_atlas_of_the_human_lung_from_single-cell_RN,lipofibroblasts,,human,false,APOE,explicit,Extended Data Fig.4i,"smFISH of human alveolar sections probed for general stromal marker COL1A2 (white), pericyte marker COX4I2 (red; h), lipofibroblast marker APOE (red; i)."
A_molecular_cell_atlas_of_the_human_lung_from_single-cell_RN,endothelial cells,general,human,false,CLDN5,explicit,Extended Data Fig.3k,"smFISH for general endothelial marker CLDN5 (red, centre)."
A_molecular_cell_atlas_of_the_human_lung_from_single-cell_RN,endothelial cells,bronchial vessel,human,false,MYC,explicit,Extended Data Fig.3k,"bronchial vessel-specific markers MYC (green) and Bro1-specific marker ACKR1 (red, right)."
A_molecular_cell_atlas_of_the_human_lung_from_single-cell_RN,endothelial cells,Bro1,human,false,ACKR1,explicit,Extended Data Fig.3k,"bronchial vessel-specific markers MYC (green) and Bro1-specific marker ACKR1 (red, right)."
A_molecular_cell_atlas_of_the_human_lung_from_single-cell_RN,endothelial cells,vein,human,false,ACKR1,explicit,Extended Data Fig.3l,smFISH and quantification of vessel types indicated (dotted outlines) showing vein marker ACKR1 (red; l).
A_molecular_cell_atlas_of_the_human_lung_from_single-cell_RN,endothelial cells,artery,human,false,GJA5,explicit,Extended Data Fig.3m,smFISH and quantification of vessel types indicated (dotted outlines) showing artery marker GJA5 (red; m).
A_molecular_cell_atlas_of_the_human_lung_from_single-cell_RN,endothelial cells,lymphatic,human,false,CCL21,explicit,Extended Data Fig.3n,smFISH and quantification of vessel types indicated (dotted outlines) showing lymphatic marker CCL21 (red; n).
A_molecular_cell_atlas_of_the_human_lung_from_single-cell_RN,dendritic cells,general,human,false,GPR183,explicit,Extended Data Fig.4m,EREG+ dendritic cell marker EREG (red) and general dendritic cell marker GPR183 (white).
A_molecular_cell_atlas_of_the_human_lung_from_single-cell_RN,dendritic cells,IGSF21+,human,false,IGSF21,explicit,Extended Data Fig.4l,IGSF21+ dendritic cell markers IGSF21 (red) and GPR34 (white).
A_molecular_cell_atlas_of_the_human_lung_from_single-cell_RN,dendritic cells,IGSF21+,human,false,GPR34,explicit,Extended Data Fig.4l,IGSF21+ dendritic cell markers IGSF21 (red) and GPR34 (white).
A_molecular_cell_atlas_of_the_human_lung_from_single-cell_RN,dendritic cells,EREG+,human,false,EREG,explicit,Extended Data Fig.4m,EREG+ dendritic cell marker EREG (red) and general dendritic cell marker GPR183 (white).
A_molecular_cell_atlas_of_the_human_lung_from_single-cell_RN,dendritic cells,TREM2+,human,false,TREM2,explicit,Extended Data Fig.4n,TREM2+ dendritic cell markers TREM2 (red) and CHI3L1 (white).
A_molecular_cell_atlas_of_the_human_lung_from_single-cell_RN,dendritic cells,TREM2+,human,false,CHI3L1,explicit,Extended Data Fig.4n,TREM2+ dendritic cell markers TREM2 (red) and CHI3L1 (white).
CELL-STEM-CELL.30.20.2023,tip epithelial cells,,human,false,SOX9,explicit,Results p.21 (Immunostaining),"10–12 pcw distal tips were columnar and marked by SOX9, SOX2, and TPPP3."
CELL-STEM-CELL.30.20.2023,tip epithelial cells,,human,false,SOX2,explicit,Results p.21,"10–12 pcw distal tips were columnar and marked by SOX9, SOX2, and TPPP3."
CELL-STEM-CELL.30.20.2023,tip epithelial cells,,human,false,TPPP3,explicit,Results p.21,"10–12 pcw distal tips were columnar and marked by SOX9, SOX2, and TPPP3."
CELL-STEM-CELL.30.20.2023,tip epithelial cells,,human,false,CD44,explicit,Results p.21,CD44 marks tip epithelial cells across all stages of lung development tested.
CELL-STEM-CELL.30.20.2023,tip epithelial cells,late stage,human,false,CD36,explicit,Results p.21,"CD36 is specific to the ≥15–22 pcw stage tips where it is co-expressed with CD44, SFTPC and SOX9."
CELL-STEM-CELL.30.20.2023,stalk cells,,human,false,PDPN,implied,Results p.21,SOX9+/PDPN+ tip-adjacent (stalk) cells
CELL-STEM-CELL.30.20.2023,airway progenitors,,human,false,TP63,explicit,Results p.21-22,"CD44-CD36- cells had higher levels of TP63 and SOX2, indicating that they are derived from more proximal airway-lineage cells."
CELL-STEM-CELL.30.20.2023,airway progenitors,,human,false,SOX2,explicit,Results p.21-22,"CD44-CD36- cells had higher levels of TP63 and SOX2, indicating that they are derived from more proximal airway-lineage cells."
CELL-STEM-CELL.30.20.2023,AT2 cells,,human,false,SFTPC,explicit,Figure S1C–S1E,"co-expressed AT2 cell markers, SFTPC, and HTII-280."
CELL-STEM-CELL.30.20.2023,AT2 cells,,human,false,LAMP3,explicit,Results p.21 (qRT-PCR),"AT2-specific LAMP3, HOPX, and ACE2"
CELL-STEM-CELL.30.20.2023,AT2 cells,,human,false,SLC34A2,explicit,Results p.21,"alveolar lineage markers, such as SFTPC, LAMP3, and SLC34A2"
CELL-STEM-CELL.30.20.2023,AT2 cells,,human,false,ACE2,explicit,Figure 3A,ACE2 were upregulated in AT2 differentiation
CELL-STEM-CELL.30.20.2023,AT2 cells,,human,false,HOPX,explicit,Figure 3C,"AT2-specific LAMP3, HOPX, and ACE2"
CELL-STEM-CELL.30.20.2023,AT1 cells,,human,false,SPOCK2,explicit,Results p.28 (Figure 4Q),"NKX2.1+, SPOCK2+ differentiating AT1 cells emerged at the SFTPC- stalk regions"
CELL-STEM-CELL.30.20.2023,myofibroblasts,,human,false,ACTA2,explicit,Results p.26 (Figure 4E),"Isolated PDGFRA+CD141+ myofibroblasts express high levels of ACTA2, NOTUM, and LEF1."
CELL-STEM-CELL.30.20.2023,myofibroblasts,,human,false,NOTUM,explicit,Results p.26,"Isolated PDGFRA+CD141+ myofibroblasts express high levels of ACTA2, NOTUM, and LEF1."
CELL-STEM-CELL.30.20.2023,myofibroblasts,,human,false,LEF1,explicit,Results p.26,"Isolated PDGFRA+CD141+ myofibroblasts express high levels of ACTA2, NOTUM, and LEF1."
CELL-STEM-CELL.30.20.2023,alveolar fibroblasts,,human,false,WNT2,explicit,Results p.26 (Figure 4E),PDGFRA-CD141- fibroblasts express high levels of WNT2 and FGFR4.
CELL-STEM-CELL.30.20.2023,alveolar fibroblasts,,human,false,FGFR4,explicit,Results p.26,PDGFRA-CD141- fibroblasts express high levels of WNT2 and FGFR4.
CELL-STEM-CELL.30.20.2023,late-tip cell,,human,false,CD44,explicit,Results (Figure 2),"Our LinPOS organoids are derived from the CD44+,CD36+ 17–21 pcw tips."
CELL-STEM-CELL.30.20.2023,late-tip cell,,human,false,CD36,explicit,Results (Figure 2),"Our LinPOS organoids are derived from the CD44+,CD36+ 17–21 pcw tips."
CELL-STEM-CELL.30.20.2023,basal cell,,human,false,TP63,implied,Results (Figure 5),Our independent single-cell ATAC-seq data ... showed that in vivo alveolar-fated cells ... while the basal cells have TP63 motifs.
COMMUN-BIOL.5.1105.2022,Schwann cells,,rat,true,S100b,explicit,Results p.2 (Schwann cell subclustering),"We first subclustered the Schwann cell group (16,259 cells) and identified 15 clusters all of which expressed pan-Schwann cell markers (S100b and Sox10), except for cluster 9 (746 cells) which comprised putative doublets (Fig. 2a and Supplementary Fig. 5)."
COMMUN-BIOL.5.1105.2022,Schwann cells,,rat,true,Sox10,explicit,Results p.2 (Schwann cell subclustering),"We first subclustered the Schwann cell group (16,259 cells) and identified 15 clusters all of which expressed pan-Schwann cell markers (S100b and Sox10), except for cluster 9 (746 cells) which comprised putative doublets (Fig. 2a and Supplementary Fig. 5)."
COMMUN-BIOL.5.1105.2022,myelinating Schwann cells,,rat,true,Prx,explicit,Results p.2 (Schwann cell subtypes) and Results p.3 (myelinating markers),"Based on known markers, we were able to further classify each cluster into one of the following subtypes: myelinating Schwann cells (Prx), non-myelinating Remak Schwann cells (Gfap), dividing Schwann cells (Mki67), repair cells (Ngfr, also known as p75NTR), as well as a cluster of cells we termed transition cells (Fig. 2b, c and Supplementary Fig. 5)."
COMMUN-BIOL.5.1105.2022,myelinating Schwann cells,,rat,true,Cldn19,explicit,Results p.3 (myelinating markers) and Fig. 2f,"In myelinating Schwann cells, we identified 14 markers which included Prx and several other markers harboring a more selective profile including Cldn19, Cntf, Drp2, Mrap, Dusp15, and Slc36a2 (Fig. 2f and Supplementary Fig. 6)."
COMMUN-BIOL.5.1105.2022,myelinating Schwann cells,,rat,true,Cntf,explicit,Results p.3 (myelinating markers) and Fig. 2f,"In myelinating Schwann cells, we identified 14 markers which included Prx and several other markers harboring a more selective profile including Cldn19, Cntf, Drp2, Mrap, Dusp15, and Slc36a2 (Fig. 2f and Supplementary Fig. 6)."
COMMUN-BIOL.5.1105.2022,myelinating Schwann cells,,rat,true,Drp2,explicit,Results p.3 (myelinating markers) and Fig. 2f,"In myelinating Schwann cells, we identified 14 markers which included Prx and several other markers harboring a more selective profile including Cldn19, Cntf, Drp2, Mrap, Dusp15, and Slc36a2 (Fig. 2f and Supplementary Fig. 6)."
COMMUN-BIOL.5.1105.2022,myelinating Schwann cells,,rat,true,Mrap,explicit,Results p.3 (myelinating markers) and Fig. 2f,"In myelinating Schwann cells, we identified 14 markers which included Prx and several other markers harboring a more selective profile including Cldn19, Cntf, Drp2, Mrap, Dusp15, and Slc36a2 (Fig. 2f and Supplementary Fig. 6)."
COMMUN-BIOL.5.1105.2022,myelinating Schwann cells,,rat,true,Dusp15,explicit,Results p.3 (myelinating markers) and Fig. 2f,"In myelinating Schwann cells, we identified 14 markers which included Prx and several other markers harboring a more selective profile including Cldn19, Cntf, Drp2, Mrap, Dusp15, and Slc36a2 (Fig. 2f and Supplementary Fig. 6)."
COMMUN-BIOL.5.1105.2022,myelinating Schwann cells,,rat,true,Slc36a2,explicit,Results p.3 (myelinating markers) and Fig. 2f,"In myelinating Schwann cells, we identified 14 markers which included Prx and several other markers harboring a more selective profile including Cldn19, Cntf, Drp2, Mrap, Dusp15, and Slc36a2 (Fig. 2f and Supplementary Fig. 6)."
COMMUN-BIOL.5.1105.2022,non-myelinating Remak Schwann cells,,rat,true,Gfap,explicit,Results p.2 (Schwann cell subtypes) and Results p.3 (Remak markers),"Based on known markers, we were able to further classify each cluster into one of the following subtypes: myelinating Schwann cells (Prx), non-myelinating Remak Schwann cells (Gfap), dividing Schwann cells (Mki67), repair cells (Ngfr, also known as p75NTR), as well as a cluster of cells we termed transition cells (Fig. 2b, c and Supplementary Fig. 5)."
COMMUN-BIOL.5.1105.2022,non-myelinating Remak Schwann cells,,rat,true,Rxrg,explicit,Results p.3 (Remak markers) and Fig. 2f,"However, markers that were similar to Gfap included Rxrg, Grin2b, Fxyd7, Ninj2, and Scn7a (Fig. 2f and Supplementary Fig. 6)."
COMMUN-BIOL.5.1105.2022,non-myelinating Remak Schwann cells,,rat,true,Grin2b,explicit,Results p.3 (Remak markers) and Fig. 2f,"However, markers that were similar to Gfap included Rxrg, Grin2b, Fxyd7, Ninj2, and Scn7a (Fig. 2f and Supplementary Fig. 6)."
COMMUN-BIOL.5.1105.2022,non-myelinating Remak Schwann cells,,rat,true,Fxyd7,explicit,Results p.3 (Remak markers) and Fig. 2f,"However, markers that were similar to Gfap included Rxrg, Grin2b, Fxyd7, Ninj2, and Scn7a (Fig. 2f and Supplementary Fig. 6)."
COMMUN-BIOL.5.1105.2022,non-myelinating Remak Schwann cells,,rat,true,Ninj2,explicit,Results p.3 (Remak markers) and Fig. 2f,"However, markers that were similar to Gfap included Rxrg, Grin2b, Fxyd7, Ninj2, and Scn7a (Fig. 2f and Supplementary Fig. 6)."
COMMUN-BIOL.5.1105.2022,non-myelinating Remak Schwann cells,,rat,true,Scn7a,explicit,Results p.3 (Remak markers) and Fig. 2f,"However, markers that were similar to Gfap included Rxrg, Grin2b, Fxyd7, Ninj2, and Scn7a (Fig. 2f and Supplementary Fig. 6)."
COMMUN-BIOL.5.1105.2022,dividing Schwann cells,,rat,true,Mki67,explicit,Results p.2 (Schwann cell subtypes),"Based on known markers, we were able to further classify each cluster into one of the following subtypes: myelinating Schwann cells (Prx), non-myelinating Remak Schwann cells (Gfap), dividing Schwann cells (Mki67), repair cells (Ngfr, also known as p75NTR), as well as a cluster of cells we termed transition cells (Fig. 2b, c and Supplementary Fig. 5)."
COMMUN-BIOL.5.1105.2022,repair cells,,rat,true,Ngfr,explicit,Results p.2 (Schwann cell subtypes) and Results p.4 (repair markers),"Based on known markers, we were able to further classify each cluster into one of the following subtypes: myelinating Schwann cells (Prx), non-myelinating Remak Schwann cells (Gfap), dividing Schwann cells (Mki67), repair cells (Ngfr, also known as p75NTR), as well as a cluster of cells we termed transition cells (Fig. 2b, c and Supplementary Fig. 5)."
COMMUN-BIOL.5.1105.2022,repair cells,,rat,true,Cyp2u1,explicit,Results p.4 (repair markers) and Fig. 2g,"Among the 15 most selective genes, we identified several with a known role in neuropathic pain (Cyp2u1 and Lpar3), or in injured and differentiating Schwann cells (Zfp536, Btc, and Pcsk1), while other selective genes had a more subtle profile associated with nociception (Gpr83, Dusp10, and Tmem196) (Fig. 2g and Supplementary Fig. 7)."
COMMUN-BIOL.5.1105.2022,repair cells,,rat,true,Lpar3,explicit,Results p.4 (repair markers) and Fig. 2g,"Among the 15 most selective genes, we identified several with a known role in neuropathic pain (Cyp2u1 and Lpar3), or in injured and differentiating Schwann cells (Zfp536, Btc, and Pcsk1), while other selective genes had a more subtle profile associated with nociception (Gpr83, Dusp10, and Tmem196) (Fig. 2g and Supplementary Fig. 7)."
COMMUN-BIOL.5.1105.2022,repair cells,,rat,true,Zfp536,explicit,Results p.4 (repair markers) and Fig. 2g,"Among the 15 most selective genes, we identified several with a known role in neuropathic pain (Cyp2u1 and Lpar3), or in injured and differentiating Schwann cells (Zfp536, Btc, and Pcsk1), while other selective genes had a more subtle profile associated with nociception (Gpr83, Dusp10, and Tmem196) (Fig. 2g and Supplementary Fig. 7)."
COMMUN-BIOL.5.1105.2022,repair cells,,rat,true,Btc,explicit,Results p.4 (repair markers) and Fig. 2g,"Among the 15 most selective genes, we identified several with a known role in neuropathic pain (Cyp2u1 and Lpar3), or in injured and differentiating Schwann cells (Zfp536, Btc, and Pcsk1), while other selective genes had a more subtle profile associated with nociception (Gpr83, Dusp10, and Tmem196) (Fig. 2g and Supplementary Fig. 7)."
COMMUN-BIOL.5.1105.2022,repair cells,,rat,true,Pcsk1,explicit,Results p.4 (repair markers) and Fig. 2g,"Among the 15 most selective genes, we identified several with a known role in neuropathic pain (Cyp2u1 and Lpar3), or in injured and differentiating Schwann cells (Zfp536, Btc, and Pcsk1), while other selective genes had a more subtle profile associated with nociception (Gpr83, Dusp10, and Tmem196) (Fig. 2g and Supplementary Fig. 7)."
COMMUN-BIOL.5.1105.2022,repair cells,,rat,true,Gpr83,explicit,Results p.4 (repair markers) and Fig. 2g,"Among the 15 most selective genes, we identified several with a known role in neuropathic pain (Cyp2u1 and Lpar3), or in injured and differentiating Schwann cells (Zfp536, Btc, and Pcsk1), while other selective genes had a more subtle profile associated with nociception (Gpr83, Dusp10, and Tmem196) (Fig. 2g and Supplementary Fig. 7)."
COMMUN-BIOL.5.1105.2022,repair cells,,rat,true,Dusp10,explicit,Results p.4 (repair markers) and Fig. 2g,"Among the 15 most selective genes, we identified several with a known role in neuropathic pain (Cyp2u1 and Lpar3), or in injured and differentiating Schwann cells (Zfp536, Btc, and Pcsk1), while other selective genes had a more subtle profile associated with nociception (Gpr83, Dusp10, and Tmem196) (Fig. 2g and Supplementary Fig. 7)."
COMMUN-BIOL.5.1105.2022,repair cells,,rat,true,Tmem196,explicit,Results p.4 (repair markers) and Fig. 2g,"Among the 15 most selective genes, we identified several with a known role in neuropathic pain (Cyp2u1 and Lpar3), or in injured and differentiating Schwann cells (Zfp536, Btc, and Pcsk1), while other selective genes had a more subtle profile associated with nociception (Gpr83, Dusp10, and Tmem196) (Fig. 2g and Supplementary Fig. 7)."
COMMUN-BIOL.5.1105.2022,Schwann cell,repair cell,rat,True,Ngfr,explicit,Results section (Supplementary text),"genes previously described17,26 in repair cells including Ngfr, Bdnf, Erbb3, and Sox2 (p < 6.4 × 10−214, Fig. 2e) further establishing that these cells are repair cells."
COMMUN-BIOL.5.1105.2022,Schwann cell,repair cell,rat,True,Bdnf,explicit,Results section (Supplementary text),"genes previously described17,26 in repair cells including Ngfr, Bdnf, Erbb3, and Sox2 (p < 6.4 × 10−214, Fig. 2e) further establishing that these cells are repair cells."
COMMUN-BIOL.5.1105.2022,Schwann cell,repair cell,rat,True,Erbb3,explicit,Results section (Supplementary text),"genes previously described17,26 in repair cells including Ngfr, Bdnf, Erbb3, and Sox2 (p < 6.4 × 10−214, Fig. 2e) further establishing that these cells are repair cells."
COMMUN-BIOL.5.1105.2022,Schwann cell,repair cell,rat,True,Sox2,explicit,Results section (Supplementary text),"genes previously described17,26 in repair cells including Ngfr, Bdnf, Erbb3, and Sox2 (p < 6.4 × 10−214, Fig. 2e) further establishing that these cells are repair cells."
COMMUN-BIOL.5.1105.2022,Red blood cells,,rat,false,Hbb,explicit,Methods: scRNA-seq data analysis,"Clusters of red blood cells (high Hbb) and doublets/debris (multiple cell type markers, low gene counts) were removed"
COMMUN-BIOL.5.1105.2022,B cells,,rat,false,Cd19,explicit,Methods: scRNA-seq data analysis,Expression of Cd19 and Siglech confirmed two distinct populations which were subsequently reclustered at resolution 0.1 to yield distinct populations.
COMMUN-BIOL.5.1105.2022,Dendritic cells,,rat,false,Siglech,explicit,Methods: scRNA-seq data analysis,Expression of Cd19 and Siglech confirmed two distinct populations which were subsequently reclustered at resolution 0.1 to yield distinct populations.
DOI_10.1016_j.ccell.2025.12.003,T cells,CD4,human,false,CD4,explicit,Results p.148 / Fig. 1E,"These include T cells - CD4 (CD4), CD8 (CD8A), T regulatory cells (FOXP3), and NK cells (NKG7, TYROBP)."
DOI_10.1016_j.ccell.2025.12.003,T cells,CD8,human,false,CD8A,explicit,Results p.148 / Fig. 1E,"These include T cells - CD4 (CD4), CD8 (CD8A), T regulatory cells (FOXP3), and NK cells (NKG7, TYROBP)."
DOI_10.1016_j.ccell.2025.12.003,T regulatory cells,,human,false,FOXP3,explicit,Results p.148 / Fig. 1E,"These include T cells - CD4 (CD4), CD8 (CD8A), T regulatory cells (FOXP3), and NK cells (NKG7, TYROBP)."
DOI_10.1016_j.ccell.2025.12.003,NK cells,,human,false,NKG7,explicit,Results p.148 / Fig. 1E,"These include T cells - CD4 (CD4), CD8 (CD8A), T regulatory cells (FOXP3), and NK cells (NKG7, TYROBP)."
DOI_10.1016_j.ccell.2025.12.003,NK cells,,human,false,TYROBP,explicit,Results p.148 / Fig. 1E,"These include T cells - CD4 (CD4), CD8 (CD8A), T regulatory cells (FOXP3), and NK cells (NKG7, TYROBP)."
DOI_10.1016_j.ccell.2025.12.003,B cells,naive,human,false,IGHD,explicit,Results p.148 / Fig. 1E,"B cells are represented as naive (IGHD, TCL1A), memory (CD27, CD44), and activated (CD69, CD83) subsets, while plasma cells (JCHAIN) express immunoglobulins such as IgA (IGHA1), IgG (IGHG1), and IgM (IGHM)."
DOI_10.1016_j.ccell.2025.12.003,B cells,naive,human,false,TCL1A,explicit,Results p.148 / Fig. 1E,"B cells are represented as naive (IGHD, TCL1A), memory (CD27, CD44), and activated (CD69, CD83) subsets, while plasma cells (JCHAIN) express immunoglobulins such as IgA (IGHA1), IgG (IGHG1), and IgM (IGHM)."
DOI_10.1016_j.ccell.2025.12.003,B cells,memory,human,false,CD27,explicit,Results p.148 / Fig. 1E,"B cells are represented as naive (IGHD, TCL1A), memory (CD27, CD44), and activated (CD69, CD83) subsets, while plasma cells (JCHAIN) express immunoglobulins such as IgA (IGHA1), IgG (IGHG1), and IgM (IGHM)."
DOI_10.1016_j.ccell.2025.12.003,B cells,memory,human,false,CD44,explicit,Results p.148 / Fig. 1E,"B cells are represented as naive (IGHD, TCL1A), memory (CD27, CD44), and activated (CD69, CD83) subsets, while plasma cells (JCHAIN) express immunoglobulins such as IgA (IGHA1), IgG (IGHG1), and IgM (IGHM)."
DOI_10.1016_j.ccell.2025.12.003,B cells,activated,human,false,CD69,explicit,Results p.148 / Fig. 1E,"B cells are represented as naive (IGHD, TCL1A), memory (CD27, CD44), and activated (CD69, CD83) subsets, while plasma cells (JCHAIN) express immunoglobulins such as IgA (IGHA1), IgG (IGHG1), and IgM (IGHM)."
DOI_10.1016_j.ccell.2025.12.003,B cells,activated,human,false,CD83,explicit,Results p.148 / Fig. 1E,"B cells are represented as naive (IGHD, TCL1A), memory (CD27, CD44), and activated (CD69, CD83) subsets, while plasma cells (JCHAIN) express immunoglobulins such as IgA (IGHA1), IgG (IGHG1), and IgM (IGHM)."
DOI_10.1016_j.ccell.2025.12.003,Plasma cells,,human,false,JCHAIN,explicit,Results p.148 / Fig. 1E,"B cells are represented as naive (IGHD, TCL1A), memory (CD27, CD44), and activated (CD69, CD83) subsets, while plasma cells (JCHAIN) express immunoglobulins such as IgA (IGHA1), IgG (IGHG1), and IgM (IGHM)."
DOI_10.1016_j.ccell.2025.12.003,Plasma cells,,human,false,IGHA1,explicit,Results p.148 / Fig. 1E,"B cells are represented as naive (IGHD, TCL1A), memory (CD27, CD44), and activated (CD69, CD83) subsets, while plasma cells (JCHAIN) express immunoglobulins such as IgA (IGHA1), IgG (IGHG1), and IgM (IGHM)."
DOI_10.1016_j.ccell.2025.12.003,Plasma cells,,human,false,IGHG1,explicit,Results p.148 / Fig. 1E,"B cells are represented as naive (IGHD, TCL1A), memory (CD27, CD44), and activated (CD69, CD83) subsets, while plasma cells (JCHAIN) express immunoglobulins such as IgA (IGHA1), IgG (IGHG1), and IgM (IGHM)."
DOI_10.1016_j.ccell.2025.12.003,Plasma cells,,human,false,IGHM,explicit,Results p.148 / Fig. 1E,"B cells are represented as naive (IGHD, TCL1A), memory (CD27, CD44), and activated (CD69, CD83) subsets, while plasma cells (JCHAIN) express immunoglobulins such as IgA (IGHA1), IgG (IGHG1), and IgM (IGHM)."
DOI_10.1016_j.ccell.2025.12.003,Monocytes,,human,false,VCAN,explicit,Results p.148 / Fig. 1E,"The myeloid lineage encompasses monocytes (VCAN, CD14), macrophages (C1QA, C1QB), mast cells (TPSB2, CPA3), dendritic cells, including conventional DC type 1 (cDC1, CLEC9A, XCR1) and cDC2 (CD1C, CLEC10A), and plasmacytoid DC (pDC, IL3RA, GZMB), as well as eosinophils (CLC, CCR3) and neutrophils (CXCR2, FCGR3B)."
DOI_10.1016_j.ccell.2025.12.003,Monocytes,,human,false,CD14,explicit,Results p.148 / Fig. 1E,"The myeloid lineage encompasses monocytes (VCAN, CD14), macrophages (C1QA, C1QB), mast cells (TPSB2, CPA3), dendritic cells, including conventional DC type 1 (cDC1, CLEC9A, XCR1) and cDC2 (CD1C, CLEC10A), and plasmacytoid DC (pDC, IL3RA, GZMB), as well as eosinophils (CLC, CCR3) and neutrophils (CXCR2, FCGR3B)."
DOI_10.1016_j.ccell.2025.12.003,Macrophages,,human,false,C1QA,explicit,Results p.148 / Fig. 1E,"The myeloid lineage encompasses monocytes (VCAN, CD14), macrophages (C1QA, C1QB), mast cells (TPSB2, CPA3), dendritic cells, including conventional DC type 1 (cDC1, CLEC9A, XCR1) and cDC2 (CD1C, CLEC10A), and plasmacytoid DC (pDC, IL3RA, GZMB), as well as eosinophils (CLC, CCR3) and neutrophils (CXCR2, FCGR3B)."
DOI_10.1016_j.ccell.2025.12.003,Macrophages,,human,false,C1QB,explicit,Results p.148 / Fig. 1E,"The myeloid lineage encompasses monocytes (VCAN, CD14), macrophages (C1QA, C1QB), mast cells (TPSB2, CPA3), dendritic cells, including conventional DC type 1 (cDC1, CLEC9A, XCR1) and cDC2 (CD1C, CLEC10A), and plasmacytoid DC (pDC, IL3RA, GZMB), as well as eosinophils (CLC, CCR3) and neutrophils (CXCR2, FCGR3B)."
DOI_10.1016_j.ccell.2025.12.003,Mast cells,,human,false,TPSB2,explicit,Results p.148 / Fig. 1E,"The myeloid lineage encompasses monocytes (VCAN, CD14), macrophages (C1QA, C1QB), mast cells (TPSB2, CPA3), dendritic cells, including conventional DC type 1 (cDC1, CLEC9A, XCR1) and cDC2 (CD1C, CLEC10A), and plasmacytoid DC (pDC, IL3RA, GZMB), as well as eosinophils (CLC, CCR3) and neutrophils (CXCR2, FCGR3B)."
DOI_10.1016_j.ccell.2025.12.003,Mast cells,,human,false,CPA3,explicit,Results p.148 / Fig. 1E,"The myeloid lineage encompasses monocytes (VCAN, CD14), macrophages (C1QA, C1QB), mast cells (TPSB2, CPA3), dendritic cells, including conventional DC type 1 (cDC1, CLEC9A, XCR1) and cDC2 (CD1C, CLEC10A), and plasmacytoid DC (pDC, IL3RA, GZMB), as well as eosinophils (CLC, CCR3) and neutrophils (CXCR2, FCGR3B)."
DOI_10.1016_j.ccell.2025.12.003,Dendritic cells,cDC1,human,false,CLEC9A,explicit,Results p.148 / Fig. 1E,"The myeloid lineage encompasses monocytes (VCAN, CD14), macrophages (C1QA, C1QB), mast cells (TPSB2, CPA3), dendritic cells, including conventional DC type 1 (cDC1, CLEC9A, XCR1) and cDC2 (CD1C, CLEC10A), and plasmacytoid DC (pDC, IL3RA, GZMB), as well as eosinophils (CLC, CCR3) and neutrophils (CXCR2, FCGR3B)."
DOI_10.1016_j.ccell.2025.12.003,Dendritic cells,cDC1,human,false,XCR1,explicit,Results p.148 / Fig. 1E,"The myeloid lineage encompasses monocytes (VCAN, CD14), macrophages (C1QA, C1QB), mast cells (TPSB2, CPA3), dendritic cells, including conventional DC type 1 (cDC1, CLEC9A, XCR1) and cDC2 (CD1C, CLEC10A), and plasmacytoid DC (pDC, IL3RA, GZMB), as well as eosinophils (CLC, CCR3) and neutrophils (CXCR2, FCGR3B)."
DOI_10.1016_j.ccell.2025.12.003,Dendritic cells,cDC2,human,false,CD1C,explicit,Results p.148 / Fig. 1E,"The myeloid lineage encompasses monocytes (VCAN, CD14), macrophages (C1QA, C1QB), mast cells (TPSB2, CPA3), dendritic cells, including conventional DC type 1 (cDC1, CLEC9A, XCR1) and cDC2 (CD1C, CLEC10A), and plasmacytoid DC (pDC, IL3RA, GZMB), as well as eosinophils (CLC, CCR3) and neutrophils (CXCR2, FCGR3B)."
DOI_10.1016_j.ccell.2025.12.003,Dendritic cells,cDC2,human,false,CLEC10A,explicit,Results p.148 / Fig. 1E,"The myeloid lineage encompasses monocytes (VCAN, CD14), macrophages (C1QA, C1QB), mast cells (TPSB2, CPA3), dendritic cells, including conventional DC type 1 (cDC1, CLEC9A, XCR1) and cDC2 (CD1C, CLEC10A), and plasmacytoid DC (pDC, IL3RA, GZMB), as well as eosinophils (CLC, CCR3) and neutrophils (CXCR2, FCGR3B)."
DOI_10.1016_j.ccell.2025.12.003,Plasmacytoid DC,,human,false,IL3RA,explicit,Results p.148 / Fig. 1E,"The myeloid lineage encompasses monocytes (VCAN, CD14), macrophages (C1QA, C1QB), mast cells (TPSB2, CPA3), dendritic cells, including conventional DC type 1 (cDC1, CLEC9A, XCR1) and cDC2 (CD1C, CLEC10A), and plasmacytoid DC (pDC, IL3RA, GZMB), as well as eosinophils (CLC, CCR3) and neutrophils (CXCR2, FCGR3B)."
DOI_10.1016_j.ccell.2025.12.003,Plasmacytoid DC,,human,false,GZMB,explicit,Results p.148 / Fig. 1E,"The myeloid lineage encompasses monocytes (VCAN, CD14), macrophages (C1QA, C1QB), mast cells (TPSB2, CPA3), dendritic cells, including conventional DC type 1 (cDC1, CLEC9A, XCR1) and cDC2 (CD1C, CLEC10A), and plasmacytoid DC (pDC, IL3RA, GZMB), as well as eosinophils (CLC, CCR3) and neutrophils (CXCR2, FCGR3B)."
DOI_10.1016_j.ccell.2025.12.003,Eosinophils,,human,false,CLC,explicit,Results p.148 / Fig. 1E,"The myeloid lineage encompasses monocytes (VCAN, CD14), macrophages (C1QA, C1QB), mast cells (TPSB2, CPA3), dendritic cells, including conventional DC type 1 (cDC1, CLEC9A, XCR1) and cDC2 (CD1C, CLEC10A), and plasmacytoid DC (pDC, IL3RA, GZMB), as well as eosinophils (CLC, CCR3) and neutrophils (CXCR2, FCGR3B)."
DOI_10.1016_j.ccell.2025.12.003,Eosinophils,,human,false,CCR3,explicit,Results p.148 / Fig. 1E,"The myeloid lineage encompasses monocytes (VCAN, CD14), macrophages (C1QA, C1QB), mast cells (TPSB2, CPA3), dendritic cells, including conventional DC type 1 (cDC1, CLEC9A, XCR1) and cDC2 (CD1C, CLEC10A), and plasmacytoid DC (pDC, IL3RA, GZMB), as well as eosinophils (CLC, CCR3) and neutrophils (CXCR2, FCGR3B)."
DOI_10.1016_j.ccell.2025.12.003,Neutrophils,,human,false,CXCR2,explicit,Results p.148 / Fig. 1E,"The myeloid lineage encompasses monocytes (VCAN, CD14), macrophages (C1QA, C1QB), mast cells (TPSB2, CPA3), dendritic cells, including conventional DC type 1 (cDC1, CLEC9A, XCR1) and cDC2 (CD1C, CLEC10A), and plasmacytoid DC (pDC, IL3RA, GZMB), as well as eosinophils (CLC, CCR3) and neutrophils (CXCR2, FCGR3B)."
DOI_10.1016_j.ccell.2025.12.003,Neutrophils,,human,false,FCGR3B,explicit,Results p.148 / Fig. 1E,"The myeloid lineage encompasses monocytes (VCAN, CD14), macrophages (C1QA, C1QB), mast cells (TPSB2, CPA3), dendritic cells, including conventional DC type 1 (cDC1, CLEC9A, XCR1) and cDC2 (CD1C, CLEC10A), and plasmacytoid DC (pDC, IL3RA, GZMB), as well as eosinophils (CLC, CCR3) and neutrophils (CXCR2, FCGR3B)."
DOI_10.1016_j.ccell.2025.12.003,Gamma-delta T cells,,human,false,TRDV1,explicit,Results p.148 / Fig. 1E,"Specialized populations such as gamma-delta T cells (TRDV1, TRGC1) and innate lymphoid cells (ILCs; IL4I1, KIT) are also depicted, along with immune cell developmental stages, such as progenitors (CD24, AXL) and stem-like cells (LEF1), and cycling states (MKI67, CDK1)."
DOI_10.1016_j.ccell.2025.12.003,Gamma-delta T cells,,human,false,TRGC1,explicit,Results p.148 / Fig. 1E,"Specialized populations such as gamma-delta T cells (TRDV1, TRGC1) and innate lymphoid cells (ILCs; IL4I1, KIT) are also depicted, along with immune cell developmental stages, such as progenitors (CD24, AXL) and stem-like cells (LEF1), and cycling states (MKI67, CDK1)."
DOI_10.1016_j.ccell.2025.12.003,Innate lymphoid cells,ILCs,human,false,IL4I1,explicit,Results p.148 / Fig. 1E,"Specialized populations such as gamma-delta T cells (TRDV1, TRGC1) and innate lymphoid cells (ILCs; IL4I1, KIT) are also depicted, along with immune cell developmental stages, such as progenitors (CD24, AXL) and stem-like cells (LEF1), and cycling states (MKI67, CDK1)."
DOI_10.1016_j.ccell.2025.12.003,Innate lymphoid cells,ILCs,human,false,KIT,explicit,Results p.148 / Fig. 1E,"Specialized populations such as gamma-delta T cells (TRDV1, TRGC1) and innate lymphoid cells (ILCs; IL4I1, KIT) are also depicted, along with immune cell developmental stages, such as progenitors (CD24, AXL) and stem-like cells (LEF1), and cycling states (MKI67, CDK1)."
DOI_10.1016_j.ccell.2025.12.003,Progenitors,,human,false,CD24,explicit,Results p.148 / Fig. 1E,"Specialized populations such as gamma-delta T cells (TRDV1, TRGC1) and innate lymphoid cells (ILCs; IL4I1, KIT) are also depicted, along with immune cell developmental stages, such as progenitors (CD24, AXL) and stem-like cells (LEF1), and cycling states (MKI67, CDK1)."
DOI_10.1016_j.ccell.2025.12.003,Progenitors,,human,false,AXL,explicit,Results p.148 / Fig. 1E,"Specialized populations such as gamma-delta T cells (TRDV1, TRGC1) and innate lymphoid cells (ILCs; IL4I1, KIT) are also depicted, along with immune cell developmental stages, such as progenitors (CD24, AXL) and stem-like cells (LEF1), and cycling states (MKI67, CDK1)."
DOI_10.1016_j.ccell.2025.12.003,Stem-like cells,,human,false,LEF1,explicit,Results p.148 / Fig. 1E,"Specialized populations such as gamma-delta T cells (TRDV1, TRGC1) and innate lymphoid cells (ILCs; IL4I1, KIT) are also depicted, along with immune cell developmental stages, such as progenitors (CD24, AXL) and stem-like cells (LEF1), and cycling states (MKI67, CDK1)."
DOI_10.1016_j.ccell.2025.12.003,Cycling cells,,human,false,MKI67,explicit,Results p.148 / Fig. 1E,"Specialized populations such as gamma-delta T cells (TRDV1, TRGC1) and innate lymphoid cells (ILCs; IL4I1, KIT) are also depicted, along with immune cell developmental stages, such as progenitors (CD24, AXL) and stem-like cells (LEF1), and cycling states (MKI67, CDK1)."
DOI_10.1016_j.ccell.2025.12.003,Cycling cells,,human,false,CDK1,explicit,Results p.148 / Fig. 1E,"Specialized populations such as gamma-delta T cells (TRDV1, TRGC1) and innate lymphoid cells (ILCs; IL4I1, KIT) are also depicted, along with immune cell developmental stages, such as progenitors (CD24, AXL) and stem-like cells (LEF1), and cycling states (MKI67, CDK1)."
DOI_10.1016_j.ccell.2025.12.003,Cancer cells,colonocyte-like,human,false,FABP1,explicit,Results p.147 / Fig. 1D,"Due to the large patient cohort, we were able to apply high-resolution cancer cell classification based on their specific marker gene expression signatures. We divided the following main clusters: 1) colonocyte-like (FABP1, CEACAM7, ANPEP, SI), 2) BEST4 (BEST4, OTOP2, SPIB), 3) Goblet-like (MUC2, FCGBP, ZG16, and ATOH1), 4) Crypt-like (LGR5, SMOC2), and 5) transit-amplifying-like (TOP2A, UBE2C, PCLAF, HELLS, TK1)."
DOI_10.1016_j.ccell.2025.12.003,Cancer cells,colonocyte-like,human,false,CEACAM7,explicit,Results p.147 / Fig. 1D,"Due to the large patient cohort, we were able to apply high-resolution cancer cell classification based on their specific marker gene expression signatures. We divided the following main clusters: 1) colonocyte-like (FABP1, CEACAM7, ANPEP, SI), 2) BEST4 (BEST4, OTOP2, SPIB), 3) Goblet-like (MUC2, FCGBP, ZG16, and ATOH1), 4) Crypt-like (LGR5, SMOC2), and 5) transit-amplifying-like (TOP2A, UBE2C, PCLAF, HELLS, TK1)."
DOI_10.1016_j.ccell.2025.12.003,Cancer cells,colonocyte-like,human,false,ANPEP,explicit,Results p.147 / Fig. 1D,"Due to the large patient cohort, we were able to apply high-resolution cancer cell classification based on their specific marker gene expression signatures. We divided the following main clusters: 1) colonocyte-like (FABP1, CEACAM7, ANPEP, SI), 2) BEST4 (BEST4, OTOP2, SPIB), 3) Goblet-like (MUC2, FCGBP, ZG16, and ATOH1), 4) Crypt-like (LGR5, SMOC2), and 5) transit-amplifying-like (TOP2A, UBE2C, PCLAF, HELLS, TK1)."
DOI_10.1016_j.ccell.2025.12.003,Cancer cells,colonocyte-like,human,false,SI,explicit,Results p.147 / Fig. 1D,"Due to the large patient cohort, we were able to apply high-resolution cancer cell classification based on their specific marker gene expression signatures. We divided the following main clusters: 1) colonocyte-like (FABP1, CEACAM7, ANPEP, SI), 2) BEST4 (BEST4, OTOP2, SPIB), 3) Goblet-like (MUC2, FCGBP, ZG16, and ATOH1), 4) Crypt-like (LGR5, SMOC2), and 5) transit-amplifying-like (TOP2A, UBE2C, PCLAF, HELLS, TK1)."
DOI_10.1016_j.ccell.2025.12.003,Cancer cells,BEST4,human,false,BEST4,explicit,Results p.147 / Fig. 1D,"Due to the large patient cohort, we were able to apply high-resolution cancer cell classification based on their specific marker gene expression signatures. We divided the following main clusters: 1) colonocyte-like (FABP1, CEACAM7, ANPEP, SI), 2) BEST4 (BEST4, OTOP2, SPIB), 3) Goblet-like (MUC2, FCGBP, ZG16, and ATOH1), 4) Crypt-like (LGR5, SMOC2), and 5) transit-amplifying-like (TOP2A, UBE2C, PCLAF, HELLS, TK1)."
DOI_10.1016_j.ccell.2025.12.003,Cancer cells,BEST4,human,false,OTOP2,explicit,Results p.147 / Fig. 1D,"Due to the large patient cohort, we were able to apply high-resolution cancer cell classification based on their specific marker gene expression signatures. We divided the following main clusters: 1) colonocyte-like (FABP1, CEACAM7, ANPEP, SI), 2) BEST4 (BEST4, OTOP2, SPIB), 3) Goblet-like (MUC2, FCGBP, ZG16, and ATOH1), 4) Crypt-like (LGR5, SMOC2), and 5) transit-amplifying-like (TOP2A, UBE2C, PCLAF, HELLS, TK1)."
DOI_10.1016_j.ccell.2025.12.003,Cancer cells,BEST4,human,false,SPIB,explicit,Results p.147 / Fig. 1D,"Due to the large patient cohort, we were able to apply high-resolution cancer cell classification based on their specific marker gene expression signatures. We divided the following main clusters: 1) colonocyte-like (FABP1, CEACAM7, ANPEP, SI), 2) BEST4 (BEST4, OTOP2, SPIB), 3) Goblet-like (MUC2, FCGBP, ZG16, and ATOH1), 4) Crypt-like (LGR5, SMOC2), and 5) transit-amplifying-like (TOP2A, UBE2C, PCLAF, HELLS, TK1)."
DOI_10.1016_j.ccell.2025.12.003,Cancer cells,Goblet-like,human,false,MUC2,explicit,Results p.147 / Fig. 1D,"Due to the large patient cohort, we were able to apply high-resolution cancer cell classification based on their specific marker gene expression signatures. We divided the following main clusters: 1) colonocyte-like (FABP1, CEACAM7, ANPEP, SI), 2) BEST4 (BEST4, OTOP2, SPIB), 3) Goblet-like (MUC2, FCGBP, ZG16, and ATOH1), 4) Crypt-like (LGR5, SMOC2), and 5) transit-amplifying-like (TOP2A, UBE2C, PCLAF, HELLS, TK1)."
DOI_10.1016_j.ccell.2025.12.003,Cancer cells,Goblet-like,human,false,FCGBP,explicit,Results p.147 / Fig. 1D,"Due to the large patient cohort, we were able to apply high-resolution cancer cell classification based on their specific marker gene expression signatures. We divided the following main clusters: 1) colonocyte-like (FABP1, CEACAM7, ANPEP, SI), 2) BEST4 (BEST4, OTOP2, SPIB), 3) Goblet-like (MUC2, FCGBP, ZG16, and ATOH1), 4) Crypt-like (LGR5, SMOC2), and 5) transit-amplifying-like (TOP2A, UBE2C, PCLAF, HELLS, TK1)."
DOI_10.1016_j.ccell.2025.12.003,Cancer cells,Goblet-like,human,false,ZG16,explicit,Results p.147 / Fig. 1D,"Due to the large patient cohort, we were able to apply high-resolution cancer cell classification based on their specific marker gene expression signatures. We divided the following main clusters: 1) colonocyte-like (FABP1, CEACAM7, ANPEP, SI), 2) BEST4 (BEST4, OTOP2, SPIB), 3) Goblet-like (MUC2, FCGBP, ZG16, and ATOH1), 4) Crypt-like (LGR5, SMOC2), and 5) transit-amplifying-like (TOP2A, UBE2C, PCLAF, HELLS, TK1)."
DOI_10.1016_j.ccell.2025.12.003,Cancer cells,Goblet-like,human,false,ATOH1,explicit,Results p.147 / Fig. 1D,"Due to the large patient cohort, we were able to apply high-resolution cancer cell classification based on their specific marker gene expression signatures. We divided the following main clusters: 1) colonocyte-like (FABP1, CEACAM7, ANPEP, SI), 2) BEST4 (BEST4, OTOP2, SPIB), 3) Goblet-like (MUC2, FCGBP, ZG16, and ATOH1), 4) Crypt-like (LGR5, SMOC2), and 5) transit-amplifying-like (TOP2A, UBE2C, PCLAF, HELLS, TK1)."
DOI_10.1016_j.ccell.2025.12.003,Cancer cells,Crypt-like,human,false,LGR5,explicit,Results p.147 / Fig. 1D,"Due to the large patient cohort, we were able to apply high-resolution cancer cell classification based on their specific marker gene expression signatures. We divided the following main clusters: 1) colonocyte-like (FABP1, CEACAM7, ANPEP, SI), 2) BEST4 (BEST4, OTOP2, SPIB), 3) Goblet-like (MUC2, FCGBP, ZG16, and ATOH1), 4) Crypt-like (LGR5, SMOC2), and 5) transit-amplifying-like (TOP2A, UBE2C, PCLAF, HELLS, TK1)."
DOI_10.1016_j.ccell.2025.12.003,Cancer cells,Crypt-like,human,false,SMOC2,explicit,Results p.147 / Fig. 1D,"Due to the large patient cohort, we were able to apply high-resolution cancer cell classification based on their specific marker gene expression signatures. We divided the following main clusters: 1) colonocyte-like (FABP1, CEACAM7, ANPEP, SI), 2) BEST4 (BEST4, OTOP2, SPIB), 3) Goblet-like (MUC2, FCGBP, ZG16, and ATOH1), 4) Crypt-like (LGR5, SMOC2), and 5) transit-amplifying-like (TOP2A, UBE2C, PCLAF, HELLS, TK1)."
DOI_10.1016_j.ccell.2025.12.003,Cancer cells,Transit-amplifying-like,human,false,TOP2A,explicit,Results p.147 / Fig. 1D,"Due to the large patient cohort, we were able to apply high-resolution cancer cell classification based on their specific marker gene expression signatures. We divided the following main clusters: 1) colonocyte-like (FABP1, CEACAM7, ANPEP, SI), 2) BEST4 (BEST4, OTOP2, SPIB), 3) Goblet-like (MUC2, FCGBP, ZG16, and ATOH1), 4) Crypt-like (LGR5, SMOC2), and 5) transit-amplifying-like (TOP2A, UBE2C, PCLAF, HELLS, TK1)."
DOI_10.1016_j.ccell.2025.12.003,Cancer cells,Transit-amplifying-like,human,false,UBE2C,explicit,Results p.147 / Fig. 1D,"Due to the large patient cohort, we were able to apply high-resolution cancer cell classification based on their specific marker gene expression signatures. We divided the following main clusters: 1) colonocyte-like (FABP1, CEACAM7, ANPEP, SI), 2) BEST4 (BEST4, OTOP2, SPIB), 3) Goblet-like (MUC2, FCGBP, ZG16, and ATOH1), 4) Crypt-like (LGR5, SMOC2), and 5) transit-amplifying-like (TOP2A, UBE2C, PCLAF, HELLS, TK1)."
DOI_10.1016_j.ccell.2025.12.003,Cancer cells,Transit-amplifying-like,human,false,PCLAF,explicit,Results p.147 / Fig. 1D,"Due to the large patient cohort, we were able to apply high-resolution cancer cell classification based on their specific marker gene expression signatures. We divided the following main clusters: 1) colonocyte-like (FABP1, CEACAM7, ANPEP, SI), 2) BEST4 (BEST4, OTOP2, SPIB), 3) Goblet-like (MUC2, FCGBP, ZG16, and ATOH1), 4) Crypt-like (LGR5, SMOC2), and 5) transit-amplifying-like (TOP2A, UBE2C, PCLAF, HELLS, TK1)."
DOI_10.1016_j.ccell.2025.12.003,Cancer cells,Transit-amplifying-like,human,false,HELLS,explicit,Results p.147 / Fig. 1D,"Due to the large patient cohort, we were able to apply high-resolution cancer cell classification based on their specific marker gene expression signatures. We divided the following main clusters: 1) colonocyte-like (FABP1, CEACAM7, ANPEP, SI), 2) BEST4 (BEST4, OTOP2, SPIB), 3) Goblet-like (MUC2, FCGBP, ZG16, and ATOH1), 4) Crypt-like (LGR5, SMOC2), and 5) transit-amplifying-like (TOP2A, UBE2C, PCLAF, HELLS, TK1)."
DOI_10.1016_j.ccell.2025.12.003,Cancer cells,Transit-amplifying-like,human,false,TK1,explicit,Results p.147 / Fig. 1D,"Due to the large patient cohort, we were able to apply high-resolution cancer cell classification based on their specific marker gene expression signatures. We divided the following main clusters: 1) colonocyte-like (FABP1, CEACAM7, ANPEP, SI), 2) BEST4 (BEST4, OTOP2, SPIB), 3) Goblet-like (MUC2, FCGBP, ZG16, and ATOH1), 4) Crypt-like (LGR5, SMOC2), and 5) transit-amplifying-like (TOP2A, UBE2C, PCLAF, HELLS, TK1)."
DOI_10.1016_j.ccell.2025.12.003,Cancer cells,Proliferative,human,false,LGR5,explicit,Results p.147 / Fig. 1D,"There are highly mitotic/proliferative clusters (LGR5, TOP2A, and MKI67) of both COAD and READ that resemble highly aggressive and invasive cancer cells."
DOI_10.1016_j.ccell.2025.12.003,Cancer cells,Proliferative,human,false,TOP2A,explicit,Results p.147 / Fig. 1D,"There are highly mitotic/proliferative clusters (LGR5, TOP2A, and MKI67) of both COAD and READ that resemble highly aggressive and invasive cancer cells."
DOI_10.1016_j.ccell.2025.12.003,Cancer cells,Proliferative,human,false,MKI67,explicit,Results p.147 / Fig. 1D,"There are highly mitotic/proliferative clusters (LGR5, TOP2A, and MKI67) of both COAD and READ that resemble highly aggressive and invasive cancer cells."
DOI_10.1016_j.ccell.2025.12.003,Circulating cancer cells,,human,false,EPCAM,explicit,Results p.147 / Fig. 1D,"In addition, EPCAM expressing cells in the blood of patients with CRC were annotated as circulating cancer cells."
DOI_10.1016_j.ccell.2025.12.003,Neutrophils,TAN,human,false,OLR1,explicit,Results p.152 / Fig. 4F,"TAN markers (OLR1, PLAU, and VEGFA) were highly upregulated in TAN of patients with CRC, whereas CXCR2, a marker of mature neutrophils, was highly expressed in blood neutrophils but downregulated in TAN."
DOI_10.1016_j.ccell.2025.12.003,Neutrophils,TAN,human,false,PLAU,explicit,Results p.152 / Fig. 4F,"TAN markers (OLR1, PLAU, and VEGFA) were highly upregulated in TAN of patients with CRC, whereas CXCR2, a marker of mature neutrophils, was highly expressed in blood neutrophils but downregulated in TAN."
DOI_10.1016_j.ccell.2025.12.003,Neutrophils,TAN,human,false,VEGFA,explicit,Results p.152 / Fig. 4F,"TAN markers (OLR1, PLAU, and VEGFA) were highly upregulated in TAN of patients with CRC, whereas CXCR2, a marker of mature neutrophils, was highly expressed in blood neutrophils but downregulated in TAN."
DOI_10.1016_j.ccell.2025.12.003,Neutrophils,TAN4,human,false,IL1A,explicit,Results p.152 / Fig. 4J,"From TAN1, neutrophils diverged into two trajectories: one leading to a putative pro-tumor TAN phenotype (TAN4) characterized by the high expression of IL1A and IL1B."
DOI_10.1016_j.ccell.2025.12.003,Neutrophils,TAN4,human,false,IL1B,explicit,Results p.152 / Fig. 4J,"From TAN1, neutrophils diverged into two trajectories: one leading to a putative pro-tumor TAN phenotype (TAN4) characterized by the high expression of IL1A and IL1B."
DOI_10.1016_j.ccell.2025.12.003,Neutrophils,TAN2/TAN3,human,false,HLA-DRA,explicit,Results p.152 / Fig. 4J,"The other trajectory was leading toward a phenotype defined by the high expression of antigen-presentation-associated markers, such as HLA-DRA (TAN2/TAN3)."
DOI_10.1016_j.ccell.2025.12.003,Neutrophils,BN,human,false,CXCR2,explicit,Results p.152 / Fig. 4F,"TAN markers (OLR1, PLAU, and VEGFA) were highly upregulated in TAN of patients with CRC, whereas CXCR2, a marker of mature neutrophils, was highly expressed in blood neutrophils but downregulated in TAN."
DOI_10.1016_j.ccell.2025.12.003,Neutrophils,mature,mouse,false,S100a8,explicit,Results p.156 / Fig. S7F,"For example, GMPs expressed higher levels of the mature neutrophil markers S100a8 and S100a9 (Figure S7F), and ProNeutro expressed lower levels of the progenitor specific genes Elane and Prtn3 (Figure S7G)."
DOI_10.1016_j.ccell.2025.12.003,Neutrophils,mature,mouse,false,S100a9,explicit,Results p.156 / Fig. S7F,"For example, GMPs expressed higher levels of the mature neutrophil markers S100a8 and S100a9 (Figure S7F), and ProNeutro expressed lower levels of the progenitor specific genes Elane and Prtn3 (Figure S7G)."
DOI_10.1016_j.ccell.2025.12.003,Neutrophil progenitors,ProNeutro,mouse,false,Elane,implied,Results p.156 / Fig. S7G,"For example, GMPs expressed higher levels of the mature neutrophil markers S100a8 and S100a9 (Figure S7F), and ProNeutro expressed lower levels of the progenitor specific genes Elane and Prtn3 (Figure S7G)."
DOI_10.1016_j.ccell.2025.12.003,Neutrophil progenitors,ProNeutro,mouse,false,Prtn3,implied,Results p.156 / Fig. S7G,"For example, GMPs expressed higher levels of the mature neutrophil markers S100a8 and S100a9 (Figure S7F), and ProNeutro expressed lower levels of the progenitor specific genes Elane and Prtn3 (Figure S7G)."
DOI_10.1016_j.ccell.2025.12.003,Neutrophil,,mouse,false,S100a8,explicit,"Methods: Annotation, extraction and integration of neutrophils and progenitors","Neutrophil clusters were identified using on the one hand neutrophil specific marker genes (S100a8, S100a9)"
DOI_10.1016_j.ccell.2025.12.003,Neutrophil,,mouse,false,S100a9,explicit,"Methods: Annotation, extraction and integration of neutrophils and progenitors","Neutrophil clusters were identified using on the one hand neutrophil specific marker genes (S100a8, S100a9)"
DOI_10.1016_j.cell.2017.09.004,a-cells,,human,false,GCG,explicit,Fig.2A,"Expression of cell-typical ( INS for b-cells, GCG for a-cells) and non-typical hormone in cells, ranked by transcriptional noise."
DOI_10.1016_j.cell.2017.09.004,b-cells,,human,false,INS,explicit,Fig.2A,"Expression of cell-typical ( INS for b-cells, GCG for a-cells) and non-typical hormone in cells, ranked by transcriptional noise."
DOI_10.1016_j.cell.2019.06.029,BEST4+ enterocytes,,human,false,BEST4,explicit,Abstract,"revealing 51 epithelial, stromal, and immune cell subsets, including BEST4+ enterocytes, microfold-like cells, and IL13RA2+IL11+ inflammatory fibroblasts"
DOI_10.1016_j.cell.2019.06.029,BEST4+ enterocytes,,human,false,OTOP2,explicit,"Figure 1G-1H, Results p.716","These include the otopetrins 2 and 3 (OTOP2/3), proton channels that detect pH and underlie sour taste perception"
DOI_10.1016_j.cell.2019.06.029,BEST4+ enterocytes,,human,false,OTOP3,explicit,"Figure 1G-1H, Results p.716","These include the otopetrins 2 and 3 (OTOP2/3), proton channels that detect pH and underlie sour taste perception"
DOI_10.1016_j.cell.2019.06.029,BEST4+ enterocytes,,human,false,CA7,explicit,"Figure 1G-1H, Results p.716","carbonic anhydrase VII (CA7), which catalyzes bicarbonate formation"
DOI_10.1016_j.cell.2019.06.029,IL13RA2+IL11+ inflammatory fibroblasts,,human,false,IL13RA2,explicit,Abstract,"revealing 51 epithelial, stromal, and immune cell subsets, including BEST4+ enterocytes, microfold-like cells, and IL13RA2+IL11+ inflammatory fibroblasts"
DOI_10.1016_j.cell.2019.06.029,IL13RA2+IL11+ inflammatory fibroblasts,,human,false,IL11,explicit,Abstract,"revealing 51 epithelial, stromal, and immune cell subsets, including BEST4+ enterocytes, microfold-like cells, and IL13RA2+IL11+ inflammatory fibroblasts"
DOI_10.1016_j.cell.2019.06.029,T cells that co-express CD8 and IL-17,,human,false,CD8,explicit,Abstract,"Inflammatory fibroblasts, inflammatory monocytes, microfold-like cells, and T cells that co-express CD8 and IL-17 expand with disease"
DOI_10.1016_j.cell.2019.06.029,T cells that co-express CD8 and IL-17,,human,false,IL-17,explicit,Abstract,"Inflammatory fibroblasts, inflammatory monocytes, microfold-like cells, and T cells that co-express CD8 and IL-17 expand with disease"
DOI_10.1016_j.cell.2019.06.029,RSPO3+ fibroblasts,,human,false,RSPO3,explicit,"Figure 1G-1I, Results p.717","One subset of WNT2B+ fibroblasts may support the ISC niche by expression of R-spondin-3 (validated in situ, Figures 1G–1I)"
DOI_10.1016_j.cell.2019.06.029,IAFs,,human,false,IL11,explicit,"Figure 1G, Results p.718","IAFs are enriched for expression of many genes associated with colitis, fibrosis, and cancer, including IL11, IL24, and IL13RA2"
DOI_10.1016_j.cell.2019.06.029,IAFs,,human,false,IL24,explicit,"Figure 1G, Results p.718","IAFs are enriched for expression of many genes associated with colitis, fibrosis, and cancer, including IL11, IL24, and IL13RA2"
DOI_10.1016_j.cell.2019.06.029,IAFs,,human,false,IL13RA2,explicit,"Figure 1G, Results p.718","IAFs are enriched for expression of many genes associated with colitis, fibrosis, and cancer, including IL11, IL24, and IL13RA2"
DOI_10.1016_j.cell.2019.06.029,IAFs,,human,false,FAP,explicit,"Figure 1G, Results p.718","IAFs express markers of cancer-associated fibroblasts (CAFs), including FAP, TWIST1, and WNT2"
DOI_10.1016_j.cell.2019.06.029,IAFs,,human,false,TWIST1,explicit,"Figure 1G, Results p.718","IAFs express markers of cancer-associated fibroblasts (CAFs), including FAP, TWIST1, and WNT2"
DOI_10.1016_j.cell.2019.06.029,IAFs,,human,false,WNT2,explicit,"Figure 1G, Results p.718","IAFs express markers of cancer-associated fibroblasts (CAFs), including FAP, TWIST1, and WNT2"
DOI_10.1016_j.cell.2019.06.029,IAFs,,human,false,OSMR,implied,Results p.721,"One of the most enriched genes in IAFs is OSMR, a putative risk gene"
DOI_10.1016_j.cell.2019.06.029,M-like cells,,human,false,CCL20,implied,"Figure 1G, Results p.718","They highly express several chemokines (e.g., CCL20 and CCL23)"
DOI_10.1016_j.cell.2019.06.029,M-like cells,,human,false,CCL23,implied,"Figure 1G, Results p.718","They highly express several chemokines (e.g., CCL20 and CCL23)"
DOI_10.1016_j.cell.2019.08.008,Glial cells,,human,true,S100B,explicit,Results p.8 (Stromal cells section),The last cluster of non-hematopoietic cells (cluster 16) corresponded to S100B expressing glial cells.
DOI_10.1016_j.cell.2020.12.016,Enteric neuron,,human,true,RET,implied,"Figure 2B, Figure 7Cii",Expression of RET at myenteric plexuses in ST (Fig2B); RET expressed in ENS (Fig7Cii) associated with Hirschsprung disease.
DOI_10.1016_j.cell.2020.12.016,Inhibitory motor neuron,,human,true,NXN,implied,"Figure 7Eii, p.821",Pathogenic variants of early inhibitory motor neuron-specific NXN can lead to omphalocele; NXN expression shown in neurons over time.
DOI_10.1016_j.cell.2020.12.016,Enteric glia,,human,true,SOX10,implied,"Figure 7Cii, p.821",SOX10 and RET are associated with Hirschsprung disease and expressed in ENS; SOX10 shown in ENS clusters.
DOI_10.1016_j.cell.2020.12.016,Lymphoid associated glial,LA Glial,human,true,GFRA3,explicit,"Figure 6D, p.819",We identified a unique colonic rather than SI-specific glial population serving as the sole GFRA3 source during development; GFRA3 expression shown in LA Glial cells (Fig6D).
DOI_10.1016_j.cell.2020.12.016,Pericyte,,human,false,PRRX1,explicit,"Figure 4B, p.815","Pericyte sub-type defined by angiogenesis drivers PRRX1, THBS4, and ANGPT2 in dot plot heatmap (Fig4B)."
DOI_10.1016_j.cell.2020.12.016,Pericyte,,human,false,THBS4,explicit,"Figure 4B, p.815","Pericyte sub-type defined by angiogenesis drivers PRRX1, THBS4, and ANGPT2 in dot plot heatmap (Fig4B)."
DOI_10.1016_j.cell.2020.12.016,Pericyte,,human,false,ANGPT2,explicit,"Figure 4B, p.815","Pericyte sub-type defined by angiogenesis drivers PRRX1, THBS4, and ANGPT2 in dot plot heatmap (Fig4B)."
DOI_10.1016_j.cell.2020.12.016,Fibroblast S2,S2,human,false,F3,explicit,p.817,"S2 cells marked by F3, NPY, and FOXL1."
DOI_10.1016_j.cell.2020.12.016,Fibroblast S2,S2,human,false,NPY,explicit,p.817,"S2 cells marked by F3, NPY, and FOXL1."
DOI_10.1016_j.cell.2020.12.016,Fibroblast S2,S2,human,false,FOXL1,explicit,p.817,"S2 cells marked by F3, NPY, and FOXL1."
DOI_10.1016_j.cell.2020.12.016,Fibroblast S3,S3,human,false,C7,explicit,p.817,S3 cells express adult hallmark S3 genes C7 and CCDC80.
DOI_10.1016_j.cell.2020.12.016,Fibroblast S3,S3,human,false,CCDC80,explicit,p.817,S3 cells express adult hallmark S3 genes C7 and CCDC80.
DOI_10.1016_j.cell.2020.12.016,Fibroblast S4,S4,human,false,CCL19,explicit,"p.819, Figure 6E","S4 fibroblasts express CCL19, CCL21, and CXCL13; expression increases with development (Fig6E)."
DOI_10.1016_j.cell.2020.12.016,Fibroblast S4,S4,human,false,CCL21,explicit,"p.819, Figure 6E","S4 fibroblasts express CCL19, CCL21, and CXCL13; expression increases with development (Fig6E)."
DOI_10.1016_j.cell.2020.12.016,Fibroblast S4,S4,human,false,CXCL13,explicit,"p.819, Figure 6E","S4 fibroblasts express CCL19, CCL21, and CXCL13; expression increases with development (Fig6E)."
DOI_10.1016_j.cell.2020.12.016,Smooth muscle cell,,human,false,PLPP2,explicit,"Figure 4F, p.817",Progenitor and differentiated iSMCs marked by PLPP2 and ACTA2 (Fig4F).
DOI_10.1016_j.cell.2020.12.016,Smooth muscle cell,,human,false,ACTA2,explicit,"Figure 4F, p.817",Progenitor and differentiated iSMCs marked by PLPP2 and ACTA2 (Fig4F).
DOI_10.1016_j.cell.2020.12.016,Intestinal stem cell (ISC),,human,false,LGR5,explicit,p.815,"LGR5, a well-characterized ISC gene, expressed in ISCs; diffuse in early development, later localized to crypt base."
DOI_10.1016_j.cell.2020.12.016,BEST4/OTOP2 cell,,human,false,BEST4,explicit,"p.814, Figure 3B",BEST4/OTOP2 cells appeared early; BEST4 expression shown in epithelial dot plot (Fig3B) and IHC (Fig3I).
DOI_10.1016_j.cell.2020.12.016,BEST4/OTOP2 cell,,human,false,OTOP2,explicit,"p.814, Figure 3B",BEST4/OTOP2 cells have distinct gene signatures; OTOP2 is a marker for this cell type (Fig3B).
DOI_10.1016_j.cell.2020.12.016,Lymphoid tissue inducer (LTi) cell,ILC3,human,false,IL7RA,explicit,"p.819, Table S1","Fetal ILC3s expressed IL7RA and ID2, vital for Peyer's patch formation; distinguishing LTi type 3 ILCs."
DOI_10.1016_j.cell.2020.12.016,Lymphoid tissue inducer (LTi) cell,ILC3,human,false,ID2,explicit,"p.819, Table S1","Fetal ILC3s expressed IL7RA and ID2, vital for Peyer's patch formation; distinguishing LTi type 3 ILCs."
DOI_10.1016_j.cell.2020.12.016,neural/glial,,human,True,PHOX2B,explicit,"STAR Methods, Characterization of intestinal scRNA-seq clusters","Compartments included differential expression of ... neural/glial (PHOX2B, HAND2, TUBB2B) genes (Figure 1D)."
DOI_10.1016_j.cell.2020.12.016,neural/glial,,human,True,HAND2,explicit,"STAR Methods, Characterization of intestinal scRNA-seq clusters","Compartments included differential expression of ... neural/glial (PHOX2B, HAND2, TUBB2B) genes (Figure 1D)."
DOI_10.1016_j.cell.2020.12.016,neural/glial,,human,True,TUBB2B,explicit,"STAR Methods, Characterization of intestinal scRNA-seq clusters","Compartments included differential expression of ... neural/glial (PHOX2B, HAND2, TUBB2B) genes (Figure 1D)."
DOI_10.1016_j.cell.2020.12.016,glial cells,,human,True,SOX10,explicit,"STAR Methods, Neural characterization","5 clusters of cells that expressed genes matching glial (SOX10, S100B)"
DOI_10.1016_j.cell.2020.12.016,glial cells,,human,True,S100B,explicit,"STAR Methods, Neural characterization","5 clusters of cells that expressed genes matching glial (SOX10, S100B)"
DOI_10.1016_j.cell.2020.12.016,glial progenitors,,human,True,PHOX2B,explicit,"STAR Methods, Neural characterization","a cluster with relatively lower expression of mature glial markers, represented by predominantly early time point cells and also expressed PHOX2B which is seen in enteric nervous system (ENS) progenitors and was thus termed 'glial progenitors'."
DOI_10.1016_j.cell.2020.12.016,intraganglionic glia,,human,True,ENTPD2,explicit,"STAR Methods, Neural characterization",ENTPD2 expression has previously been reported in intra-ganglionic glia and so cells expressing this were annotated as such.
DOI_10.1016_j.cell.2020.12.016,submucosal glia,,human,True,TGFB1,explicit,"STAR Methods, Neural characterization","A separate cluster had relatively high expression of TGFB1, which is expressed by subsets of glial that are closely adherent to the epithelial surface. ... This cluster was thus termed 'submucosal glia'."
DOI_10.1016_j.cell.2020.12.016,submucosal precursors,,human,True,HAND2,explicit,"STAR Methods, Neural characterization","a separate cluster with lower expression of similar genes, an increase in early-time point cells and glial-specific expression of HAND2 (reported to be important in glial precursors in mural intestinal ENS development) led to these cells being annotated as 'submucosal precursors'."
DOI_10.1016_j.cell.2020.12.016,lymphoid associated glial,,human,True,FGL2,explicit,"STAR Methods, Neural characterization","exhibited high expression of genes involved in immune infiltrate formation (FGL2), T cell transduction (MAL) and expressed TGF-beta receptors (TGFBR3) ... Furthermore this cluster expressed GFRA3, ARTN and retinoic acid receptor (RXRG) which matched the description of a glial subset in mice ... led to this cluster being termed 'lymphoid associated glial'."
DOI_10.1016_j.cell.2020.12.016,lymphoid associated glial,,human,True,MAL,explicit,"STAR Methods, Neural characterization","exhibited high expression of genes involved in immune infiltrate formation (FGL2), T cell transduction (MAL) and expressed TGF-beta receptors (TGFBR3) ... Furthermore this cluster expressed GFRA3, ARTN and retinoic acid receptor (RXRG) which matched the description of a glial subset in mice ... led to this cluster being termed 'lymphoid associated glial'."
DOI_10.1016_j.cell.2020.12.016,lymphoid associated glial,,human,True,TGFBR3,explicit,"STAR Methods, Neural characterization","exhibited high expression of genes involved in immune infiltrate formation (FGL2), T cell transduction (MAL) and expressed TGF-beta receptors (TGFBR3) ... Furthermore this cluster expressed GFRA3, ARTN and retinoic acid receptor (RXRG) which matched the description of a glial subset in mice ... led to this cluster being termed 'lymphoid associated glial'."
DOI_10.1016_j.cell.2020.12.016,lymphoid associated glial,,human,True,GFRA3,explicit,"STAR Methods, Neural characterization","exhibited high expression of genes involved in immune infiltrate formation (FGL2), T cell transduction (MAL) and expressed TGF-beta receptors (TGFBR3) ... Furthermore this cluster expressed GFRA3, ARTN and retinoic acid receptor (RXRG) which matched the description of a glial subset in mice ... led to this cluster being termed 'lymphoid associated glial'."
DOI_10.1016_j.cell.2020.12.016,lymphoid associated glial,,human,True,ARTN,explicit,"STAR Methods, Neural characterization","exhibited high expression of genes involved in immune infiltrate formation (FGL2), T cell transduction (MAL) and expressed TGF-beta receptors (TGFBR3) ... Furthermore this cluster expressed GFRA3, ARTN and retinoic acid receptor (RXRG) which matched the description of a glial subset in mice ... led to this cluster being termed 'lymphoid associated glial'."
DOI_10.1016_j.cell.2020.12.016,lymphoid associated glial,,human,True,RXRG,explicit,"STAR Methods, Neural characterization","exhibited high expression of genes involved in immune infiltrate formation (FGL2), T cell transduction (MAL) and expressed TGF-beta receptors (TGFBR3) ... Furthermore this cluster expressed GFRA3, ARTN and retinoic acid receptor (RXRG) which matched the description of a glial subset in mice ... led to this cluster being termed 'lymphoid associated glial'."
DOI_10.1016_j.cell.2020.12.016,interneurons,,human,True,TAC1,explicit,"STAR Methods, Neural characterization",interneurons were identified by expression of tachkinin (TAC1) and enkephalin (PENK)
DOI_10.1016_j.cell.2020.12.016,interneurons,,human,True,PENK,explicit,"STAR Methods, Neural characterization",interneurons were identified by expression of tachkinin (TAC1) and enkephalin (PENK)
DOI_10.1016_j.cell.2020.12.016,inhibitory motor neuron,,human,True,NOS1,explicit,"STAR Methods, Neural characterization",inhibitory motor neuron by expression of nitric oxide (NOS1) and VIP
DOI_10.1016_j.cell.2020.12.016,inhibitory motor neuron,,human,True,VIP,explicit,"STAR Methods, Neural characterization",inhibitory motor neuron by expression of nitric oxide (NOS1) and VIP
DOI_10.1016_j.cell.2020.12.016,excitatory motor neuron,,human,True,CASZ1,explicit,"STAR Methods, Neural characterization","excitory motor neurons by expression of CASZ1, SLC5A7 and GFRA2"
DOI_10.1016_j.cell.2020.12.016,excitatory motor neuron,,human,True,SLC5A7,explicit,"STAR Methods, Neural characterization","excitory motor neurons by expression of CASZ1, SLC5A7 and GFRA2"
DOI_10.1016_j.cell.2020.12.016,excitatory motor neuron,,human,True,GFRA2,explicit,"STAR Methods, Neural characterization","excitory motor neurons by expression of CASZ1, SLC5A7 and GFRA2"
DOI_10.1016_j.cell.2020.12.016,inhibitory motor neuron precursor,,human,True,SCGN,explicit,"STAR Methods, Neural characterization","A cluster adjacent to the inhibitory motor cells expressed similar genes such as SCGN and NOS1, but at a lower level and was thus annotated as 'inhibitory motor neuron precursor'."
DOI_10.1016_j.cell.2020.12.016,inhibitory motor neuron precursor,,human,True,NOS1,explicit,"STAR Methods, Neural characterization","A cluster adjacent to the inhibitory motor cells expressed similar genes such as SCGN and NOS1, but at a lower level and was thus annotated as 'inhibitory motor neuron precursor'."
DOI_10.1016_j.cell.2020.12.016,neuroendocrine 1,,human,True,SST,explicit,"STAR Methods, Neural characterization","Two cluster showed mature neuronal markers and specifically expressed a number of markers that matched enteroendocrine circuits including neuropeptides (SST, NPY) and their receptors (SSTR2, NPY2R) so were termed neuroendocrine 1 and neuroendocrine 2."
DOI_10.1016_j.cell.2020.12.016,neuroendocrine 1,,human,True,NPY,explicit,"STAR Methods, Neural characterization","Two cluster showed mature neuronal markers and specifically expressed a number of markers that matched enteroendocrine circuits including neuropeptides (SST, NPY) and their receptors (SSTR2, NPY2R) so were termed neuroendocrine 1 and neuroendocrine 2."
DOI_10.1016_j.cell.2020.12.016,neuroendocrine 1,,human,True,SSTR2,explicit,"STAR Methods, Neural characterization","Two cluster showed mature neuronal markers and specifically expressed a number of markers that matched enteroendocrine circuits including neuropeptides (SST, NPY) and their receptors (SSTR2, NPY2R) so were termed neuroendocrine 1 and neuroendocrine 2."
DOI_10.1016_j.cell.2020.12.016,neuroendocrine 1,,human,True,NPY2R,explicit,"STAR Methods, Neural characterization","Two cluster showed mature neuronal markers and specifically expressed a number of markers that matched enteroendocrine circuits including neuropeptides (SST, NPY) and their receptors (SSTR2, NPY2R) so were termed neuroendocrine 1 and neuroendocrine 2."
DOI_10.1016_j.cell.2020.12.016,neuroendocrine 2,,human,True,SST,explicit,"STAR Methods, Neural characterization","Two cluster showed mature neuronal markers and specifically expressed a number of markers that matched enteroendocrine circuits including neuropeptides (SST, NPY) and their receptors (SSTR2, NPY2R) so were termed neuroendocrine 1 and neuroendocrine 2."
DOI_10.1016_j.cell.2020.12.016,neuroendocrine 2,,human,True,NPY,explicit,"STAR Methods, Neural characterization","Two cluster showed mature neuronal markers and specifically expressed a number of markers that matched enteroendocrine circuits including neuropeptides (SST, NPY) and their receptors (SSTR2, NPY2R) so were termed neuroendocrine 1 and neuroendocrine 2."
DOI_10.1016_j.cell.2020.12.016,neuroendocrine 2,,human,True,SSTR2,explicit,"STAR Methods, Neural characterization","Two cluster showed mature neuronal markers and specifically expressed a number of markers that matched enteroendocrine circuits including neuropeptides (SST, NPY) and their receptors (SSTR2, NPY2R) so were termed neuroendocrine 1 and neuroendocrine 2."
DOI_10.1016_j.cell.2020.12.016,neuroendocrine 2,,human,True,NPY2R,explicit,"STAR Methods, Neural characterization","Two cluster showed mature neuronal markers and specifically expressed a number of markers that matched enteroendocrine circuits including neuropeptides (SST, NPY) and their receptors (SSTR2, NPY2R) so were termed neuroendocrine 1 and neuroendocrine 2."
DOI_10.1016_j.cell.2020.12.016,ENS progenitors,,human,True,DLL3,explicit,"STAR Methods, Neural characterization",The final neural cluster had a relatively lower expression of neuronal markers such as ELAVL4 and expressed genes seen in primitive neuronal progenitors such as DLL3 and DLL4 so was annotated as 'ENS progenitors'.
DOI_10.1016_j.cell.2020.12.016,ENS progenitors,,human,True,DLL4,explicit,"STAR Methods, Neural characterization",The final neural cluster had a relatively lower expression of neuronal markers such as ELAVL4 and expressed genes seen in primitive neuronal progenitors such as DLL3 and DLL4 so was annotated as 'ENS progenitors'.
DOI_10.1016_j.cell.2021.04.028,epithelial stem cell,stomach and intestine,human,false,LGR5,explicit,"Results, Fig.2E","Organ specificity was highlighted by stem cell markers of the stomach and intestine, LGR5 and OLFM4 (Barker et al., 2007; van der Flier et al., 2009)."
DOI_10.1016_j.cell.2021.04.028,epithelial stem cell,stomach and intestine,human,false,OLFM4,explicit,"Results, Fig.2E","Organ specificity was highlighted by stem cell markers of the stomach and intestine, LGR5 and OLFM4."
DOI_10.1016_j.cell.2021.04.028,intestinal stem cell (ISC),,human,false,LGR5,explicit,"Results, Fig.4E-4G",proliferative (MKI67+) intestinal stem cells (ISC; LGR5+/OLFM4+) localized to crypt domains
DOI_10.1016_j.cell.2021.04.028,intestinal stem cell (ISC),,human,false,OLFM4,explicit,"Results, Fig.4E-4G",proliferative (MKI67+) intestinal stem cells (ISC; LGR5+/OLFM4+) localized to crypt domains
DOI_10.1016_j.cell.2021.04.028,intestinal stem cell (ISC),,human,false,ASCL2,explicit,"Results, Fig.5G","LGR5 and ASCL2 expression was robustly detected starting at 8 PCWs (phase 4), whereas OLFM4 expression was prominent from 12 PCWs on (phase 5)."
DOI_10.1016_j.cell.2021.04.028,enterocyte precursor,,human,false,FABP2,explicit,"Results, Fig.4G","enterocyte precursors (c7, FABP2+/APOA4 low)"
DOI_10.1016_j.cell.2021.04.028,enterocyte precursor,,human,false,APOA4,explicit,"Results, Fig.4G","enterocyte precursors (c7, FABP2+/APOA4 low)"
DOI_10.1016_j.cell.2021.04.028,enterocyte,,human,false,FABP2,explicit,"Results, Fig.4G","enterocytes (c8, FABP2+/APOA4+)"
DOI_10.1016_j.cell.2021.04.028,enterocyte,,human,false,APOA4,explicit,"Results, Fig.4G","enterocytes (c8, FABP2+/APOA4+)"
DOI_10.1016_j.cell.2021.04.028,enteroendocrine cell,,human,false,CHGA,explicit,"Results, Fig.4D-4G","differentiated secretory lineages (CHGA+ enteroendocrine, MUC2+ goblet cells) and FABP2+ absorptive enterocytes"
DOI_10.1016_j.cell.2021.04.028,enteroendocrine cell,,human,false,ISL1,explicit,"Results, Fig.4G","enteroendocrine cells (c9, CHGA+/ISL1+)"
DOI_10.1016_j.cell.2021.04.028,M cell,,human,false,SPIB,explicit,"Results, Fig.4G","M cells (c10, SPIB+/CA7+)"
DOI_10.1016_j.cell.2021.04.028,M cell,,human,false,CA7,explicit,"Results, Fig.4G","M cells (c10, SPIB+/CA7+)"
DOI_10.1016_j.cell.2021.04.028,goblet cell,,human,false,MUC2,explicit,"Results, Fig.4D-4G","MUC2+ goblet cells and goblet cells (c11, MUC2+/SPINK4+)"
DOI_10.1016_j.cell.2021.04.028,goblet cell,,human,false,SPINK4,explicit,"Results, Fig.4G","goblet cells (c11, MUC2+/SPINK4+)"
DOI_10.1016_j.cell.2021.04.028,foregut-like epithelial cell,,human,false,MUC5AC,explicit,"Results, Fig.4G","clusters (c12–c15) that lacked the expression of intestinal marker genes such as CDX2 and instead expressed foregut markers such as MUC5AC, SOX2, and FOXJ1"
DOI_10.1016_j.cell.2021.04.028,foregut-like epithelial cell,,human,false,SOX2,explicit,"Results, Fig.4G","instead expressed foregut markers such as MUC5AC, SOX2, and FOXJ1"
DOI_10.1016_j.cell.2021.04.028,foregut-like epithelial cell,,human,false,FOXJ1,explicit,"Results, Fig.4G","instead expressed foregut markers such as MUC5AC, SOX2, and FOXJ1"
DOI_10.1016_j.cell.2021.04.028,lung/esophagus-like epithelial cell,,human,false,SOX2,explicit,"Results, Fig.6E","Non-proliferative epithelial cell types of organoids grown without EGF/NRG1 ... were mostly lung/esophagus-like (92%), expressing SOX2 and basal cell markers (e.g., KRT4 and TP63) or the ciliated cell marker FOXJ1."
DOI_10.1016_j.cell.2021.04.028,lung/esophagus-like epithelial cell,,human,false,KRT4,explicit,"Results, Fig.6E","expressing SOX2 and basal cell markers (e.g., KRT4 and TP63)"
DOI_10.1016_j.cell.2021.04.028,lung/esophagus-like epithelial cell,,human,false,TP63,explicit,"Results, Fig.6E","expressing SOX2 and basal cell markers (e.g., KRT4 and TP63)"
DOI_10.1016_j.cell.2021.04.028,lung/esophagus-like epithelial cell,,human,false,FOXJ1,explicit,"Results, Fig.6E",or the ciliated cell marker FOXJ1
DOI_10.1016_j.cell.2021.04.028,vascular smooth muscle cells (VSMCs),,human,false,DES,explicit,"Results, Fig.3A","vascular smooth muscle cells (VSMCs; cluster 2 [c2], DES+/RGS5+)"
DOI_10.1016_j.cell.2021.04.028,vascular smooth muscle cells (VSMCs),,human,false,RGS5,explicit,"Results, Fig.3A","vascular smooth muscle cells (VSMCs; cluster 2 [c2], DES+/RGS5+)"
DOI_10.1016_j.cell.2021.04.028,interstitial cells of Cajal (ICCs),,human,false,ANO1,explicit,"Results, Fig.3A","interstitial cells of Cajal (ICCs; c4, ANO1+/KIT+)"
DOI_10.1016_j.cell.2021.04.028,interstitial cells of Cajal (ICCs),,human,false,KIT,explicit,"Results, Fig.3A","interstitial cells of Cajal (ICCs; c4, ANO1+/KIT+)"
DOI_10.1016_j.cell.2021.04.028,chondrocyte-like cells,,human,false,SOX9,explicit,"Results, Fig.3A","chondrocyte-like cells (c21, SOX9+/COL9A3+)"
DOI_10.1016_j.cell.2021.04.028,chondrocyte-like cells,,human,false,COL9A3,explicit,"Results, Fig.3A","chondrocyte-like cells (c21, SOX9+/COL9A3+)"
DOI_10.1016_j.cell.2021.04.028,chondrocyte-like cells,,human,false,PRRX1,explicit,"Results, Fig.3B/3C",the TF PRRX1 marks chondrocyte-like SERPINF1-high cells and pericytes in the lung
DOI_10.1016_j.cell.2021.04.028,GDF10+ cells,,human,false,GDF10,explicit,"Results, Fig.3A","novel subpopulations, such as GDF10+ (c8, GDF10+/WNT2B+)"
DOI_10.1016_j.cell.2021.04.028,GDF10+ cells,,human,false,WNT2B,explicit,"Results, Fig.3A","novel subpopulations, such as GDF10+ (c8, GDF10+/WNT2B+)"
DOI_10.1016_j.cell.2021.04.028,SERPINF1-high cells,,human,false,SERPINF1,explicit,"Results, Fig.3A","SERPINF1-high (c20, SERPINF1+/ABCA8+) cells"
DOI_10.1016_j.cell.2021.04.028,SERPINF1-high cells,,human,false,ABCA8,explicit,"Results, Fig.3A","SERPINF1-high (c20, SERPINF1+/ABCA8+) cells"
DOI_10.1016_j.cell.2021.04.028,SERPINF1-high cells,,human,false,PRRX1,explicit,"Results, Fig.3B/3C",the TF PRRX1 marks chondrocyte-like SERPINF1-high cells and pericytes in the lung
DOI_10.1016_j.cell.2021.04.028,F3+ subepithelial mesenchyme,,human,false,NRG1,explicit,"Results, Fig.3B/3C","SALL1 specifically marks F3+ subepithelial mesenchyme (c15, subepithelial, NRG1+/F3+) in the stomach and intestine"
DOI_10.1016_j.cell.2021.04.028,F3+ subepithelial mesenchyme,,human,false,F3,explicit,"Results, Fig.3B/3C","F3+ subepithelial mesenchyme (c15, subepithelial, NRG1+/F3+)"
DOI_10.1016_j.cell.2021.04.028,F3+ subepithelial mesenchyme,,human,false,SALL1,explicit,"Results, Fig.3B/3C","the TF SALL1 specifically marks F3+ subepithelial mesenchyme (c15, subepithelial, NRG1+/F3+)"
DOI_10.1016_j.cell.2021.04.028,F3+ subepithelial mesenchyme,,human,false,DLL1,explicit,"Results, Fig.S4E",Fluorescence in situ hybridization validated subepithelial localization of the F3+/DLL1+ mesenchymal subtype (c15) in tHIO and the developing duodenum
DOI_10.1016_j.cell.2021.04.028,intestine mesenchyme,,human,false,NKX2-3,explicit,"Results, Fig.3C","We validated the TF NKX2-3 and secreted factor WNT2 as general markers that distinguish intestine and lung mesenchyme, respectively"
DOI_10.1016_j.cell.2021.04.028,lung mesenchyme,,human,false,WNT2,explicit,"Results, Fig.3C","We validated the TF NKX2-3 and secreted factor WNT2 as general markers that distinguish intestine and lung mesenchyme, respectively"
DOI_10.1016_j.cell.2021.04.028,pericyte,lung,human,false,PRRX1,explicit,"Results, Fig.3B/3C",the TF PRRX1 marks chondrocyte-like SERPINF1-high cells and pericytes in the lung
DOI_10.1016_j.cell.2021.04.028,CXCL14+ mesenchyme,,human,false,CXCL14,explicit,"Results, Fig.4F/4G","CXCL14+ mesenchyme (c4, CXCL14+/NSG1+)"
DOI_10.1016_j.cell.2021.04.028,CXCL14+ mesenchyme,,human,false,NSG1,explicit,"Results, Fig.4F/4G","CXCL14+ mesenchyme (c4, CXCL14+/NSG1+)"
DOI_10.1016_j.cell.2021.04.028,SFRP2+ mesenchyme,,human,false,SFRP2,explicit,"Results, Fig.4F/4G","SFRP2+ mesenchyme (c2, SFRP2+/PRRX1+) lacked expression of the intestine marker NKX2-3"
DOI_10.1016_j.cell.2021.04.028,SFRP2+ mesenchyme,,human,false,PRRX1,explicit,"Results, Fig.4F/4G","SFRP2+ mesenchyme (c2, SFRP2+/PRRX1+)"
DOI_10.1016_j.cell.2021.04.028,esophagus mesenchyme,,human,false,MOXD1,explicit,"Results, Fig.6G","a NKX2-3-depleted cluster marked by MOXD1 (c8), an esophagus mesenchymal marker"
DOI_10.1016_j.cell.2021.04.028,PITX1+ smooth muscle cell,,human,false,PITX1,explicit,"Results, Fig.S4H","PITX1+ smooth muscle cell (SMC, c7)"
DOI_10.1016_j.cell.2021.04.028,definitive endoderm,,human,false,EOMES,explicit,"Results, Fig.S3A","cell clusters from the HIO early time point (day 0-spheroid, c4 and c13) expressed definitive endoderm (EOMES, SOX17, and FOXA2)"
DOI_10.1016_j.cell.2021.04.028,definitive endoderm,,human,false,SOX17,explicit,"Results, Fig.S3A","expressed definitive endoderm (EOMES, SOX17, and FOXA2)"
DOI_10.1016_j.cell.2021.04.028,definitive endoderm,,human,false,FOXA2,explicit,"Results, Fig.S3A","expressed definitive endoderm (EOMES, SOX17, and FOXA2)"
DOI_10.1016_j.cell.2021.04.028,primitive streak,,human,false,MIXL1,explicit,"Results, Fig.S3A","primitive streak markers (MIXL1, GSC, and LHX1)"
DOI_10.1016_j.cell.2021.04.028,primitive streak,,human,false,GSC,explicit,"Results, Fig.S3A","primitive streak markers (MIXL1, GSC, and LHX1)"
DOI_10.1016_j.cell.2021.04.028,primitive streak,,human,false,LHX1,explicit,"Results, Fig.S3A","primitive streak markers (MIXL1, GSC, and LHX1)"
DOI_10.1016_j.cell.2021.04.028,mesoderm progenitor,,human,false,CDX2,explicit,"Results, Fig.S4F","a trajectory from mesoderm progenitors marked by CDX2, HAND1, and MKI67"
DOI_10.1016_j.cell.2021.04.028,mesoderm progenitor,,human,false,HAND1,explicit,"Results, Fig.S4F","mesoderm progenitors marked by CDX2, HAND1, and MKI67"
DOI_10.1016_j.cell.2021.04.028,mesoderm progenitor,,human,false,MKI67,explicit,"Results, Fig.S4F","mesoderm progenitors marked by CDX2, HAND1, and MKI67"
DOI_10.1016_j.cell.2021.04.028,MUC5AC+ cell,CDX2 KO organoid epithelium,human,false,MUC5AC,explicit,"Results, Fig.7D","multiple epithelial cell populations abundant in CDX2 KO organoids, such as MUC5AC+ (c7), MUC16+ (c11), and SPP1+ (c10) cells"
DOI_10.1016_j.cell.2021.04.028,MUC16+ cell,CDX2 KO organoid epithelium,human,false,MUC16,explicit,"Results, Fig.7D","multiple epithelial cell populations abundant in CDX2 KO organoids, such as MUC5AC+ (c7), MUC16+ (c11), and SPP1+ (c10) cells"
DOI_10.1016_j.cell.2021.04.028,SPP1+ cell,CDX2 KO organoid epithelium,human,false,SPP1,explicit,"Results, Fig.7D","multiple epithelial cell populations abundant in CDX2 KO organoids, such as MUC5AC+ (c7), MUC16+ (c11), and SPP1+ (c10) cells"
DOI_10.1016_j.cell.2021.04.028,gastrointestinal epithelium,,human,false,CDH1,explicit,Figure S3C,"Feature plots of definitive endoderm (FOXA2 and SOX17), primitive streak (MIXL1), the gastrointestinal epithelium (CDH1 and GPX2), and mesoderm or mesenchyme (BMP4, FOXF1 and PDGFRA) markers in HIO time course and MG data."
DOI_10.1016_j.cell.2021.04.028,gastrointestinal epithelium,,human,false,GPX2,explicit,Figure S3C,"Feature plots of definitive endoderm (FOXA2 and SOX17), primitive streak (MIXL1), the gastrointestinal epithelium (CDH1 and GPX2), and mesoderm or mesenchyme (BMP4, FOXF1 and PDGFRA) markers in HIO time course and MG data."
DOI_10.1016_j.cell.2021.04.028,mesoderm or mesenchyme,,human,false,BMP4,explicit,Figure S3C,"Feature plots of definitive endoderm (FOXA2 and SOX17), primitive streak (MIXL1), the gastrointestinal epithelium (CDH1 and GPX2), and mesoderm or mesenchyme (BMP4, FOXF1 and PDGFRA) markers in HIO time course and MG data."
DOI_10.1016_j.cell.2021.04.028,mesoderm or mesenchyme,,human,false,FOXF1,explicit,Figure S3C,"Feature plots of definitive endoderm (FOXA2 and SOX17), primitive streak (MIXL1), the gastrointestinal epithelium (CDH1 and GPX2), and mesoderm or mesenchyme (BMP4, FOXF1 and PDGFRA) markers in HIO time course and MG data."
DOI_10.1016_j.cell.2021.04.028,mesoderm or mesenchyme,,human,false,PDGFRA,explicit,Figure S3C,"Feature plots of definitive endoderm (FOXA2 and SOX17), primitive streak (MIXL1), the gastrointestinal epithelium (CDH1 and GPX2), and mesoderm or mesenchyme (BMP4, FOXF1 and PDGFRA) markers in HIO time course and MG data."
DOI_10.1016_j.cell.2021.04.028,intestinal epithelial stem cell,,human,false,LGR5,implied,Figure S3H,"Cells are ordered according to ISC maturity. Every 100 cells were grouped into a bin, and the top sidebars show the most frequent time point, average LGR5, and OLFM4 expression within each cell bin."
DOI_10.1016_j.cell.2021.04.028,intestinal epithelial stem cell,,human,false,OLFM4,implied,Figure S3H,"Cells are ordered according to ISC maturity. Every 100 cells were grouped into a bin, and the top sidebars show the most frequent time point, average LGR5, and OLFM4 expression within each cell bin."
DOI_10.1016_j.cell.2021.04.028,intestinal differentiated mesenchymal cell cluster,,human,false,NKX2-3,explicit,"STAR Methods, Transcriptome similarity-based mapping between datasets",We defined two NKX2-3+/MKI67- clusters that are enriched for 4-week cells as intestinal differentiated mesenchymal cell clusters.
DOI_10.1016_j.cell.2021.04.028,mesoderm progenitor cluster,,human,false,CDX2,explicit,"STAR Methods, Reconstruction of regulons in duodenum intestinal stem cells, HIO mesenchymal cells and epithelial cells",We defined intestine mesenchyme development associated regulations as the TF-target pairs where both the genes are enriched in the mesoderm progenitor cluster (CDX2+/HAND1+/MKI67+) or NKX2-3+ clusters.
DOI_10.1016_j.cell.2021.04.028,mesoderm progenitor cluster,,human,false,HAND1,explicit,"STAR Methods, Reconstruction of regulons in duodenum intestinal stem cells, HIO mesenchymal cells and epithelial cells",We defined intestine mesenchyme development associated regulations as the TF-target pairs where both the genes are enriched in the mesoderm progenitor cluster (CDX2+/HAND1+/MKI67+) or NKX2-3+ clusters.
DOI_10.1016_j.cell.2021.04.028,mesoderm progenitor cluster,,human,false,MKI67,explicit,"STAR Methods, Reconstruction of regulons in duodenum intestinal stem cells, HIO mesenchymal cells and epithelial cells",We defined intestine mesenchyme development associated regulations as the TF-target pairs where both the genes are enriched in the mesoderm progenitor cluster (CDX2+/HAND1+/MKI67+) or NKX2-3+ clusters.
DOI_10.1016_j.cell.2021.04.028,CD81-high like,SMC,human,false,CD81,explicit,"STAR Methods, Transcriptome similarity-based mapping between datasets","We combined CD81-high, GDF10+ and PITX1+ SMC into one cell type (CD81-high like) in PCW 7 considering these three cell types co-clustered in the individual analysis of this sample."
DOI_10.1016_j.cell.2021.04.028,CD81-high like,SMC,human,false,GDF10,explicit,"STAR Methods, Transcriptome similarity-based mapping between datasets","We combined CD81-high, GDF10+ and PITX1+ SMC into one cell type (CD81-high like) in PCW 7 considering these three cell types co-clustered in the individual analysis of this sample."
DOI_10.1016_j.cell.2021.04.028,CD81-high like,SMC,human,false,PITX1,explicit,"STAR Methods, Transcriptome similarity-based mapping between datasets","We combined CD81-high, GDF10+ and PITX1+ SMC into one cell type (CD81-high like) in PCW 7 considering these three cell types co-clustered in the individual analysis of this sample."
DOI_10.1016_j.cell.2021.04.028,GDF10+ mesenchyme,,human,false,GDF10,implied,Figure S4I,"Schematic suggests developmental relationships between duodenum mesenchymal subtypes based on transcriptome similarity and coordinated changes in intestinal epithelial stem cell states. Dashed arrows indicate lower probability. Top, schematic shows selected HIO mesenchymal cells as precursors to subepithelial mesenchyme, villus core, GDF10+ mesenchyme and smooth muscle cells."
DOI_10.1016_j.cell.2021.04.028,CTHRC1+ cells,,human,false,CTHRC1,implied,Figure S7E,Volcano plot shows differentially expressed genes between CTHRC1+ cells of CDX2-KO organoids and SLC2A3+ cells of control organoids.
DOI_10.1016_j.cell.2021.04.028,SLC2A3+ cells,,human,false,SLC2A3,implied,Figure S7E,Volcano plot shows differentially expressed genes between CTHRC1+ cells of CDX2-KO organoids and SLC2A3+ cells of control organoids.
DOI_10.1016_j.cell.2021.07.023,basal cells,,human,false,TP63,explicit,Results p.4,"Among epithelial cell types, we identified basal cells by their expression of TP63, KRT15, and KRT5"
DOI_10.1016_j.cell.2021.07.023,basal cells,,human,false,KRT15,explicit,Results p.4,"Among epithelial cell types, we identified basal cells by their expression of TP63, KRT15, and KRT5"
DOI_10.1016_j.cell.2021.07.023,basal cells,,human,false,KRT5,explicit,Results p.4,"Among epithelial cell types, we identified basal cells by their expression of TP63, KRT15, and KRT5"
DOI_10.1016_j.cell.2021.07.023,basal cells,,human,false,LGR5,inferred,Results p.6,"When considering only basal, goblet, and secretory cell subtypes, we found LGR5, TP63, EGFR, and KRT5 expression gradually decline across basal and developing secretory and goblet cells"
DOI_10.1016_j.cell.2021.07.023,basal cells,,human,false,EGFR,inferred,Results p.6,"When considering only basal, goblet, and secretory cell subtypes, we found LGR5, TP63, EGFR, and KRT5 expression gradually decline across basal and developing secretory and goblet cells"
DOI_10.1016_j.cell.2021.07.023,mitotic basal cells,,human,false,MKI67,explicit,Results p.4,"mitotic basal cells using genes involved in the cell cycle (MKI67, TOP2A)"
DOI_10.1016_j.cell.2021.07.023,mitotic basal cells,,human,false,TOP2A,explicit,Results p.4,"mitotic basal cells using genes involved in the cell cycle (MKI67, TOP2A)"
DOI_10.1016_j.cell.2021.07.023,secretory cells,,human,false,KRT7,explicit,Results p.4,"large populations of secretory cells and goblet cells (KRT7, CXCL17, F3, AQP5, CP)"
DOI_10.1016_j.cell.2021.07.023,secretory cells,,human,false,CXCL17,explicit,Results p.4,"large populations of secretory cells and goblet cells (KRT7, CXCL17, F3, AQP5, CP)"
DOI_10.1016_j.cell.2021.07.023,secretory cells,,human,false,F3,explicit,Results p.4,"large populations of secretory cells and goblet cells (KRT7, CXCL17, F3, AQP5, CP)"
DOI_10.1016_j.cell.2021.07.023,secretory cells,,human,false,AQP5,explicit,Results p.4,"large populations of secretory cells and goblet cells (KRT7, CXCL17, F3, AQP5, CP)"
DOI_10.1016_j.cell.2021.07.023,secretory cells,,human,false,CP,explicit,Results p.4,"large populations of secretory cells and goblet cells (KRT7, CXCL17, F3, AQP5, CP)"
DOI_10.1016_j.cell.2021.07.023,secretory cells,,human,false,BPIFA1,explicit,Results p.4,"distinguished between goblet and secretory cells based on expression of MUC5AC-expressing goblet, and BPIFA1-expressing secretory cells"
DOI_10.1016_j.cell.2021.07.023,goblet cells,,human,false,MUC5AC,explicit,Results p.4,"distinguished between goblet and secretory cells based on expression of MUC5AC-expressing goblet, and BPIFA1-expressing secretory cells"
DOI_10.1016_j.cell.2021.07.023,goblet cells,,human,false,KRT7,explicit,Results p.6,"expression of secretory and goblet cell-specific markers (KRT7, AQP5) progressively increase"
DOI_10.1016_j.cell.2021.07.023,goblet cells,,human,false,AQP5,explicit,Results p.6,"expression of secretory and goblet cell-specific markers (KRT7, AQP5) progressively increase"
DOI_10.1016_j.cell.2021.07.023,ionocytes,,human,false,FOXI1,explicit,Results p.4,"resolved a population of ionocytes (FOXI1, FOXI2, CFTR)"
DOI_10.1016_j.cell.2021.07.023,ionocytes,,human,false,FOXI2,explicit,Results p.4,"resolved a population of ionocytes (FOXI1, FOXI2, CFTR)"
DOI_10.1016_j.cell.2021.07.023,ionocytes,,human,false,CFTR,explicit,Results p.4,"resolved a population of ionocytes (FOXI1, FOXI2, CFTR)"
DOI_10.1016_j.cell.2021.07.023,squamous cells,,human,false,SCEL,explicit,Results p.4,"Squamous cells were identified by expression of SCEL, as well as multiple SPRR genes"
DOI_10.1016_j.cell.2021.07.023,ciliated cells,,human,false,FOXJ1,explicit,Results p.4,"Ciliated cells (FOXJ1 and a ciliogenesis gene program, e.g., DLEC1, DNAH11, CFAP43)"
DOI_10.1016_j.cell.2021.07.023,ciliated cells,,human,false,DLEC1,explicit,Results p.4,"Ciliated cells (FOXJ1 and a ciliogenesis gene program, e.g., DLEC1, DNAH11, CFAP43)"
DOI_10.1016_j.cell.2021.07.023,ciliated cells,,human,false,DNAH11,explicit,Results p.4,"Ciliated cells (FOXJ1 and a ciliogenesis gene program, e.g., DLEC1, DNAH11, CFAP43)"
DOI_10.1016_j.cell.2021.07.023,ciliated cells,,human,false,CFAP43,explicit,Results p.4,"Ciliated cells (FOXJ1 and a ciliogenesis gene program, e.g., DLEC1, DNAH11, CFAP43)"
DOI_10.1016_j.cell.2021.07.023,developing ciliated cells,,human,false,FOXJ1,explicit,Results p.4,"'developing ciliated cells,' expressed canonical ciliated cell genes such as FOXJ1, CAPSL, and PIFO"
DOI_10.1016_j.cell.2021.07.023,developing ciliated cells,,human,false,CAPSL,explicit,Results p.4,"'developing ciliated cells,' expressed canonical ciliated cell genes such as FOXJ1, CAPSL, and PIFO"
DOI_10.1016_j.cell.2021.07.023,developing ciliated cells,,human,false,PIFO,explicit,Results p.4,"'developing ciliated cells,' expressed canonical ciliated cell genes such as FOXJ1, CAPSL, and PIFO"
DOI_10.1016_j.cell.2021.07.023,deuterosomal cells,,human,false,DEUP1,explicit,Results p.4,"deuterosomal cells (DEUP1, CCNO, CDC20B, FOXN4, HES6)"
DOI_10.1016_j.cell.2021.07.023,deuterosomal cells,,human,false,CCNO,explicit,Results p.4,"deuterosomal cells (DEUP1, CCNO, CDC20B, FOXN4, HES6)"
DOI_10.1016_j.cell.2021.07.023,deuterosomal cells,,human,false,CDC20B,explicit,Results p.4,"deuterosomal cells (DEUP1, CCNO, CDC20B, FOXN4, HES6)"
DOI_10.1016_j.cell.2021.07.023,deuterosomal cells,,human,false,FOXN4,explicit,Results p.4,"deuterosomal cells (DEUP1, CCNO, CDC20B, FOXN4, HES6)"
DOI_10.1016_j.cell.2021.07.023,deuterosomal cells,,human,false,HES6,explicit,Results p.4,"deuterosomal cells (DEUP1, CCNO, CDC20B, FOXN4, HES6)"
DOI_10.1016_j.cell.2021.07.023,T cells,,human,false,CD3E,explicit,Results p.4,"Among lymphoid cells, we recovered T cells (CD3E, CD2, TRBC2)"
DOI_10.1016_j.cell.2021.07.023,T cells,,human,false,CD2,explicit,Results p.4,"Among lymphoid cells, we recovered T cells (CD3E, CD2, TRBC2)"
DOI_10.1016_j.cell.2021.07.023,T cells,,human,false,TRBC2,explicit,Results p.4,"Among lymphoid cells, we recovered T cells (CD3E, CD2, TRBC2)"
DOI_10.1016_j.cell.2021.07.023,T cells,,human,false,CD69,implied,Methods p.29,"T cells are largely CD69 and CD8A positive, with significantly-enriched expression of ITGAE, ITGB7 and CD44"
DOI_10.1016_j.cell.2021.07.023,T cells,,human,false,CD8A,implied,Methods p.29,"T cells are largely CD69 and CD8A positive, with significantly-enriched expression of ITGAE, ITGB7 and CD44"
DOI_10.1016_j.cell.2021.07.023,B cells,,human,false,MS4A1,explicit,Results p.4,"B cells (MS4A1, CD79A, CD79B)"
DOI_10.1016_j.cell.2021.07.023,B cells,,human,false,CD79A,explicit,Results p.4,"B cells (MS4A1, CD79A, CD79B)"
DOI_10.1016_j.cell.2021.07.023,B cells,,human,false,CD79B,explicit,Results p.4,"B cells (MS4A1, CD79A, CD79B)"
DOI_10.1016_j.cell.2021.07.023,macrophages,,human,false,CD14,explicit,Results p.4,"a large population of macrophages (CD14, FCGR3A, VCAN)"
DOI_10.1016_j.cell.2021.07.023,macrophages,,human,false,FCGR3A,explicit,Results p.4,"a large population of macrophages (CD14, FCGR3A, VCAN)"
DOI_10.1016_j.cell.2021.07.023,macrophages,,human,false,VCAN,explicit,Results p.4,"a large population of macrophages (CD14, FCGR3A, VCAN)"
DOI_10.1016_j.cell.2021.07.023,dendritic cells,,human,false,CCR7,explicit,Results p.4,"dendritic cells (CCR7, CD86)"
DOI_10.1016_j.cell.2021.07.023,dendritic cells,,human,false,CD86,explicit,Results p.4,"dendritic cells (CCR7, CD86)"
DOI_10.1016_j.cell.2021.07.023,plasmacytoid DCs,,human,false,IRF7,explicit,Results p.4,"plasmacytoid DCs (IRF7, IL3RA)"
DOI_10.1016_j.cell.2021.07.023,plasmacytoid DCs,,human,false,IL3RA,explicit,Results p.4,"plasmacytoid DCs (IRF7, IL3RA)"
DOI_10.1016_j.cell.2021.07.023,mast cells,,human,false,GATA2,explicit,Results p.4,"mast cells (GATA2, TPSB2, PTGS2)"
DOI_10.1016_j.cell.2021.07.023,mast cells,,human,false,TPSB2,explicit,Results p.4,"mast cells (GATA2, TPSB2, PTGS2)"
DOI_10.1016_j.cell.2021.07.023,mast cells,,human,false,PTGS2,explicit,Results p.4,"mast cells (GATA2, TPSB2, PTGS2)"
DOI_10.1016_j.cell.2021.07.023,SERPINB11high secretory cells,,human,false,SERPINB11,implied,Results p.6,significant expansion of SERPINB11high secretory cells
DOI_10.1016_j.cell.2021.07.023,BPIFA1high secretory cells,,human,false,BPIFA1,implied,Results p.6,significant expansion of ... BPIFA1high secretory cells
DOI_10.1016_j.cell.2021.07.023,KRT24highKRT13high secretory cells,,human,false,KRT24,implied,Results p.6,significant expansion of ... KRT24highKRT13high secretory cells
DOI_10.1016_j.cell.2021.07.023,KRT24highKRT13high secretory cells,,human,false,KRT13,implied,Results p.6,significant expansion of ... KRT24highKRT13high secretory cells
DOI_10.1016_j.cell.2021.07.023,FOXJ1high ciliated cells,,human,false,FOXJ1,implied,Results p.8,"The velocity pseudotime predicts progression from developing ciliated cells to FOXJ1high ciliated cells, to BEST4high ciliahigh ciliated cells"
DOI_10.1016_j.cell.2021.07.023,BEST4high ciliahigh ciliated cells,,human,false,BEST4,implied,Results p.8,"The velocity pseudotime predicts progression from developing ciliated cells to FOXJ1high ciliated cells, to BEST4high ciliahigh ciliated cells"
DOI_10.1016_j.cell.2021.07.023,early-response FOXJ1high ciliated cells,,human,false,FOXJ1,implied,Results p.8,IFN-responsive ciliated cells and early response FOXJ1high ciliated cells represent phenotypic deviations
DOI_10.1016_j.cell.2021.07.023,MUC5AChigh goblet cells,,human,false,MUC5AC,implied,Results p.10,"MUC5AChigh goblet cells, early-response FOXJ1high ciliated cells, FOXJ1high ciliated cells, MUC5AChigh goblet cells"
DOI_10.1016_j.cell.2021.07.023,AZGP1high goblet cells,,human,false,AZGP1,implied,Results p.10,AZGP1high goblet cells
DOI_10.1016_j.cell.2021.07.023,ITGAXhigh macrophages,,human,false,ITGAX,implied,Results p.8,"ITGAXhigh macrophages, FFAR4high macrophages, inflammatory macrophages, and IFN-responsive macrophages"
DOI_10.1016_j.cell.2021.07.023,FFAR4high macrophages,,human,false,FFAR4,implied,Results p.8,"ITGAXhigh macrophages, FFAR4high macrophages, inflammatory macrophages, and IFN-responsive macrophages"
DOI_10.1016_j.cell.2021.07.023,CCL5high squamous cells,,human,false,CCL5,implied,Fig.5,"MUC5AChigh goblet cells, AZGP1high goblet cells, BPIFA1high secretory cells, KRT24highKRT13high secretory cells, CCL5high squamous cells"
DOI_10.1016_j.cell.2021.07.023,Basal cells,,human,False,TP63,explicit,Methods p.28,"Basal cells represent the main stem/progenitor cells of the nasal epithelium, and are classically defined by TP63, KRT5, and KRT15 expression"
DOI_10.1016_j.cell.2021.07.023,Basal cells,,human,False,KRT5,explicit,Methods p.28,"Basal cells represent the main stem/progenitor cells of the nasal epithelium, and are classically defined by TP63, KRT5, and KRT15 expression"
DOI_10.1016_j.cell.2021.07.023,Basal cells,,human,False,KRT15,explicit,Methods p.28,"Basal cells represent the main stem/progenitor cells of the nasal epithelium, and are classically defined by TP63, KRT5, and KRT15 expression"
DOI_10.1016_j.cell.2021.07.023,Goblet cells,,human,False,MUC5AC,explicit,Methods p.28,"Goblet cells generate the contents of mucus via secretion of mucin proteins (e.g., MUC5AC, MUC5B)"
DOI_10.1016_j.cell.2021.07.023,Goblet cells,,human,False,MUC5B,explicit,Methods p.28,"Goblet cells generate the contents of mucus via secretion of mucin proteins (e.g., MUC5AC, MUC5B)"
DOI_10.1016_j.cell.2021.07.023,Secretory cells,,human,False,BPIFA1,explicit,Methods p.28,"Secretory cells are a distinct exocrine cell of the nasal epithelium, and are distinguished from goblet cells by the absence of mucin production and preferential expression of antimicrobial molecules (e.g., BPIFA1)"
DOI_10.1016_j.cell.2021.07.023,Deuterosomal cells,,human,False,DEUP1,explicit,Methods p.28,"Deuterosomes are cellular structures that produce the numerous centrioles required to nucleate multi-ciliated structures on ciliated cells; the genes to produce deuterosomes are upregulated within deuterosomal cells, such as DEUP1 and CCNO"
DOI_10.1016_j.cell.2021.07.023,Deuterosomal cells,,human,False,CCNO,explicit,Methods p.28,"Deuterosomes are cellular structures that produce the numerous centrioles required to nucleate multi-ciliated structures on ciliated cells; the genes to produce deuterosomes are upregulated within deuterosomal cells, such as DEUP1 and CCNO"
DOI_10.1016_j.cell.2021.07.023,Developing secretory and goblet cells,,human,False,COL7A1,explicit,Methods p.28,"We designated a small population of cells 'developing secretory and goblet cells' based on their lower expression of classic secretory/goblet cell genes, as well as persistent expression of some basal cell markers (e.g., persistent COL7A1 and DST expression, but diminishing KRT5, KRT15 expression)"
DOI_10.1016_j.cell.2021.07.023,Developing secretory and goblet cells,,human,False,DST,explicit,Methods p.28,"We designated a small population of cells 'developing secretory and goblet cells' based on their lower expression of classic secretory/goblet cell genes, as well as persistent expression of some basal cell markers (e.g., persistent COL7A1 and DST expression, but diminishing KRT5, KRT15 expression)"
DOI_10.1016_j.cell.2021.07.023,Ionocytes,,human,False,CFTR,explicit,Methods p.28,"A specialized subtype of secretory/club cell, ionocytes, were recently discovered in lung tissue, and regulate mucus viscosity and are the major expressors of CFTR"
DOI_10.1016_j.cell.2021.07.023,Goblet cells,SCGB1A1high,human,False,SCGB1A1,explicit,Methods p.28,SCGB1A1high goblet cells
DOI_10.1016_j.cell.2021.07.023,Goblet cells,AZGP1high,human,False,AZGP1,explicit,Methods p.28,AZGP1high goblet cells
DOI_10.1016_j.cell.2021.07.023,Goblet cells,AZGP1highSCGB3A1highLTFhigh,human,False,AZGP1,explicit,Methods p.28,AZGP1highSCGB3A1highLTFhigh goblet cells
DOI_10.1016_j.cell.2021.07.023,Goblet cells,AZGP1highSCGB3A1highLTFhigh,human,False,SCGB3A1,explicit,Methods p.28,AZGP1highSCGB3A1highLTFhigh goblet cells
DOI_10.1016_j.cell.2021.07.023,Goblet cells,AZGP1highSCGB3A1highLTFhigh,human,False,LTF,explicit,Methods p.28,AZGP1highSCGB3A1highLTFhigh goblet cells
DOI_10.1016_j.cell.2021.07.023,Secretory cells,SERPINB11high,human,False,SERPINB11,explicit,Methods p.28-29,Secretory cells were divided into 6 distinct detailed subtypes: SERPINB11high secretory cells
DOI_10.1016_j.cell.2021.07.023,Secretory cells,BPIFA1high,human,False,BPIFA1,explicit,Methods p.28-29,BPIFA1high secretory cells
DOI_10.1016_j.cell.2021.07.023,Secretory cells,early response,human,False,JUN,explicit,Methods p.28-29,"early response secretory cells (which expressed genes such as JUN, EGR1, FOS, NR4A1)"
DOI_10.1016_j.cell.2021.07.023,Secretory cells,early response,human,False,EGR1,explicit,Methods p.28-29,"early response secretory cells (which expressed genes such as JUN, EGR1, FOS, NR4A1)"
DOI_10.1016_j.cell.2021.07.023,Secretory cells,early response,human,False,FOS,explicit,Methods p.28-29,"early response secretory cells (which expressed genes such as JUN, EGR1, FOS, NR4A1)"
DOI_10.1016_j.cell.2021.07.023,Secretory cells,early response,human,False,NR4A1,explicit,Methods p.28-29,"early response secretory cells (which expressed genes such as JUN, EGR1, FOS, NR4A1)"
DOI_10.1016_j.cell.2021.07.023,Secretory cells,KRT24highKRT13high,human,False,KRT24,explicit,Methods p.28-29,KRT24highKRT13high secretory cells
DOI_10.1016_j.cell.2021.07.023,Secretory cells,KRT24highKRT13high,human,False,KRT13,explicit,Methods p.28-29,KRT24highKRT13high secretory cells
DOI_10.1016_j.cell.2021.07.023,Secretory cells,BPIFA1highchemokinehigh,human,False,BPIFA1,explicit,Methods p.28-29,"BPIFA1high chemokinehigh secretory cells (chemokines include CXCL8, CXCL2, CXCL1, and CXCL3)"
DOI_10.1016_j.cell.2021.07.023,Secretory cells,BPIFA1highchemokinehigh,human,False,CXCL8,explicit,Methods p.28-29,"BPIFA1high chemokinehigh secretory cells (chemokines include CXCL8, CXCL2, CXCL1, and CXCL3)"
DOI_10.1016_j.cell.2021.07.023,Secretory cells,BPIFA1highchemokinehigh,human,False,CXCL2,explicit,Methods p.28-29,"BPIFA1high chemokinehigh secretory cells (chemokines include CXCL8, CXCL2, CXCL1, and CXCL3)"
DOI_10.1016_j.cell.2021.07.023,Secretory cells,BPIFA1highchemokinehigh,human,False,CXCL1,explicit,Methods p.28-29,"BPIFA1high chemokinehigh secretory cells (chemokines include CXCL8, CXCL2, CXCL1, and CXCL3)"
DOI_10.1016_j.cell.2021.07.023,Secretory cells,BPIFA1highchemokinehigh,human,False,CXCL3,explicit,Methods p.28-29,"BPIFA1high chemokinehigh secretory cells (chemokines include CXCL8, CXCL2, CXCL1, and CXCL3)"
DOI_10.1016_j.cell.2021.07.023,Secretory cells,interferon responsive,human,False,IFITM3,explicit,Methods p.28-29,"interferon responsive secretory cells (defined by higher expression of broad anti-viral genes including IFITM3, IFI6, and MX1)"
DOI_10.1016_j.cell.2021.07.023,Secretory cells,interferon responsive,human,False,IFI6,explicit,Methods p.28-29,"interferon responsive secretory cells (defined by higher expression of broad anti-viral genes including IFITM3, IFI6, and MX1)"
DOI_10.1016_j.cell.2021.07.023,Secretory cells,interferon responsive,human,False,MX1,explicit,Methods p.28-29,"interferon responsive secretory cells (defined by higher expression of broad anti-viral genes including IFITM3, IFI6, and MX1)"
DOI_10.1016_j.cell.2021.07.023,Ciliated cells,interferon responsive,human,False,IFIT1,explicit,Methods p.29,"interferon responsive ciliated cells (expressing anti-viral genes similar to other 'interferon responsive' subsets, such as IFIT1, IFIT3, IFI6)"
DOI_10.1016_j.cell.2021.07.023,Ciliated cells,interferon responsive,human,False,IFIT3,explicit,Methods p.29,"interferon responsive ciliated cells (expressing anti-viral genes similar to other 'interferon responsive' subsets, such as IFIT1, IFIT3, IFI6)"
DOI_10.1016_j.cell.2021.07.023,Ciliated cells,interferon responsive,human,False,IFI6,explicit,Methods p.29,"interferon responsive ciliated cells (expressing anti-viral genes similar to other 'interferon responsive' subsets, such as IFIT1, IFIT3, IFI6)"
DOI_10.1016_j.cell.2021.07.023,Ciliated cells,FOXJ1high,human,False,FOXJ1,explicit,Methods p.29,FOXJ1high ciliated cells
DOI_10.1016_j.cell.2021.07.023,Ciliated cells,early response FOXJ1high,human,False,FOXJ1,explicit,Methods p.29,"early response FOXJ1high ciliated cells (which, in addition to high FOXJ1, also express higher abundances of genes such as JUN, EGR1, FOS)"
DOI_10.1016_j.cell.2021.07.023,Ciliated cells,early response FOXJ1high,human,False,JUN,explicit,Methods p.29,"early response FOXJ1high ciliated cells (which, in addition to high FOXJ1, also express higher abundances of genes such as JUN, EGR1, FOS)"
DOI_10.1016_j.cell.2021.07.023,Ciliated cells,early response FOXJ1high,human,False,EGR1,explicit,Methods p.29,"early response FOXJ1high ciliated cells (which, in addition to high FOXJ1, also express higher abundances of genes such as JUN, EGR1, FOS)"
DOI_10.1016_j.cell.2021.07.023,Ciliated cells,early response FOXJ1high,human,False,FOS,explicit,Methods p.29,"early response FOXJ1high ciliated cells (which, in addition to high FOXJ1, also express higher abundances of genes such as JUN, EGR1, FOS)"
DOI_10.1016_j.cell.2021.07.023,Ciliated cells,ciliahigh,human,False,DLEC1,explicit,Methods p.29,"ciliahigh ciliated cells (which broadly express the highest abundances of structural cilia genes, such as DLEC1 and CFAP100)"
DOI_10.1016_j.cell.2021.07.023,Ciliated cells,ciliahigh,human,False,CFAP100,explicit,Methods p.29,"ciliahigh ciliated cells (which broadly express the highest abundances of structural cilia genes, such as DLEC1 and CFAP100)"
DOI_10.1016_j.cell.2021.07.023,Ciliated cells,BEST4highciliahigh,human,False,BEST4,explicit,Methods p.29,"BEST4high ciliahigh ciliated cells (in addition to cilia components, also express the ion channel BEST4)"
DOI_10.1016_j.cell.2021.07.023,Squamous cells,CCL5high,human,False,CCL5,explicit,Methods p.29,Subsets of squamous cells were also found – detailed squamous cell subtypes include CCL5high squamous cells
DOI_10.1016_j.cell.2021.07.023,Squamous cells,VEGFAhigh,human,False,VEGFA,explicit,Methods p.29,VEGFAhigh squamous cells (which express multiple vascular endothelial genes including VEGFA and VWF)
DOI_10.1016_j.cell.2021.07.023,Squamous cells,VEGFAhigh,human,False,VWF,explicit,Methods p.29,VEGFAhigh squamous cells (which express multiple vascular endothelial genes including VEGFA and VWF)
DOI_10.1016_j.cell.2021.07.023,Squamous cells,SPRR2Dhigh,human,False,SPRR2D,explicit,Methods p.29,"SPRR2Dhigh squamous cells (which, in addition to SPRR2D, express the highest abundances of multiple SPRR- genes including SPRR2A, SPRR1B, SPRR2E, and SPRR3)"
DOI_10.1016_j.cell.2021.07.023,Squamous cells,SPRR2Dhigh,human,False,SPRR2A,explicit,Methods p.29,"SPRR2Dhigh squamous cells (which, in addition to SPRR2D, express the highest abundances of multiple SPRR- genes including SPRR2A, SPRR1B, SPRR2E, and SPRR3)"
DOI_10.1016_j.cell.2021.07.023,Squamous cells,SPRR2Dhigh,human,False,SPRR1B,explicit,Methods p.29,"SPRR2Dhigh squamous cells (which, in addition to SPRR2D, express the highest abundances of multiple SPRR- genes including SPRR2A, SPRR1B, SPRR2E, and SPRR3)"
DOI_10.1016_j.cell.2021.07.023,Squamous cells,SPRR2Dhigh,human,False,SPRR2E,explicit,Methods p.29,"SPRR2Dhigh squamous cells (which, in addition to SPRR2D, express the highest abundances of multiple SPRR- genes including SPRR2A, SPRR1B, SPRR2E, and SPRR3)"
DOI_10.1016_j.cell.2021.07.023,Squamous cells,SPRR2Dhigh,human,False,SPRR3,explicit,Methods p.29,"SPRR2Dhigh squamous cells (which, in addition to SPRR2D, express the highest abundances of multiple SPRR- genes including SPRR2A, SPRR1B, SPRR2E, and SPRR3)"
DOI_10.1016_j.cell.2021.07.023,Squamous cells,HOPXhigh,human,False,HOPX,explicit,Methods p.29,HOPXhigh squamous cells
DOI_10.1016_j.cell.2021.07.023,Enteroendocrine cells,,human,False,GIP,explicit,Methods p.29,"We also recovered a very small population of cells we term 'enteroendocrine cells,' based on unique expression of gastric inhibitory polypeptide (GIP)"
DOI_10.1016_j.cell.2021.07.023,Enteroendocrine cells,,human,False,LGR5,explicit,Methods p.29,"and LGR5, which classically marks stem cell populations"
DOI_10.1016_j.cell.2021.07.023,Macrophages,FFAR4high,human,False,FFAR4,explicit,Methods p.29,"FFAR4high macrophages are defined by expression of FFAR4, MRC1, CHIT1, and SIGLEC11"
DOI_10.1016_j.cell.2021.07.023,Macrophages,FFAR4high,human,False,MRC1,explicit,Methods p.29,"FFAR4high macrophages are defined by expression of FFAR4, MRC1, CHIT1, and SIGLEC11"
DOI_10.1016_j.cell.2021.07.023,Macrophages,FFAR4high,human,False,CHIT1,explicit,Methods p.29,"FFAR4high macrophages are defined by expression of FFAR4, MRC1, CHIT1, and SIGLEC11"
DOI_10.1016_j.cell.2021.07.023,Macrophages,FFAR4high,human,False,SIGLEC11,explicit,Methods p.29,"FFAR4high macrophages are defined by expression of FFAR4, MRC1, CHIT1, and SIGLEC11"
DOI_10.1016_j.cell.2021.07.023,Macrophages,interferon responsive,human,False,IFIT3,explicit,Methods p.29,"Interferon responsive macrophages are distinguished by elevated expression of anti-viral genes such as IFIT3, IFIT2, ISG15, and MX1, along with CXCL9, CXCL10, CXCL11"
DOI_10.1016_j.cell.2021.07.023,Macrophages,interferon responsive,human,False,IFIT2,explicit,Methods p.29,"Interferon responsive macrophages are distinguished by elevated expression of anti-viral genes such as IFIT3, IFIT2, ISG15, and MX1, along with CXCL9, CXCL10, CXCL11"
DOI_10.1016_j.cell.2021.07.023,Macrophages,interferon responsive,human,False,ISG15,explicit,Methods p.29,"Interferon responsive macrophages are distinguished by elevated expression of anti-viral genes such as IFIT3, IFIT2, ISG15, and MX1, along with CXCL9, CXCL10, CXCL11"
DOI_10.1016_j.cell.2021.07.023,Macrophages,interferon responsive,human,False,MX1,explicit,Methods p.29,"Interferon responsive macrophages are distinguished by elevated expression of anti-viral genes such as IFIT3, IFIT2, ISG15, and MX1, along with CXCL9, CXCL10, CXCL11"
DOI_10.1016_j.cell.2021.07.023,Macrophages,interferon responsive,human,False,CXCL9,explicit,Methods p.29,"Interferon responsive macrophages are distinguished by elevated expression of anti-viral genes such as IFIT3, IFIT2, ISG15, and MX1, along with CXCL9, CXCL10, CXCL11"
DOI_10.1016_j.cell.2021.07.023,Macrophages,interferon responsive,human,False,CXCL10,explicit,Methods p.29,"Interferon responsive macrophages are distinguished by elevated expression of anti-viral genes such as IFIT3, IFIT2, ISG15, and MX1, along with CXCL9, CXCL10, CXCL11"
DOI_10.1016_j.cell.2021.07.023,Macrophages,interferon responsive,human,False,CXCL11,explicit,Methods p.29,"Interferon responsive macrophages are distinguished by elevated expression of anti-viral genes such as IFIT3, IFIT2, ISG15, and MX1, along with CXCL9, CXCL10, CXCL11"
DOI_10.1016_j.cell.2021.07.023,Macrophages,MSR1highC1QBhigh,human,False,MSR1,explicit,Methods p.29,"MSR1highC1QBhigh macrophages are defined by cathepsin expression (CTSD, CTSL, CTSB) and elevated expression of complement (C1QB, C1QA, C1QC), and lipid binding proteins (APOE, APOC, and NPC2)"
DOI_10.1016_j.cell.2021.07.023,Macrophages,MSR1highC1QBhigh,human,False,C1QB,explicit,Methods p.29,"MSR1highC1QBhigh macrophages are defined by cathepsin expression (CTSD, CTSL, CTSB) and elevated expression of complement (C1QB, C1QA, C1QC), and lipid binding proteins (APOE, APOC, and NPC2)"
DOI_10.1016_j.cell.2021.07.023,Macrophages,MSR1highC1QBhigh,human,False,CTSD,explicit,Methods p.29,"MSR1highC1QBhigh macrophages are defined by cathepsin expression (CTSD, CTSL, CTSB) and elevated expression of complement (C1QB, C1QA, C1QC), and lipid binding proteins (APOE, APOC, and NPC2)"
DOI_10.1016_j.cell.2021.07.023,Macrophages,MSR1highC1QBhigh,human,False,CTSL,explicit,Methods p.29,"MSR1highC1QBhigh macrophages are defined by cathepsin expression (CTSD, CTSL, CTSB) and elevated expression of complement (C1QB, C1QA, C1QC), and lipid binding proteins (APOE, APOC, and NPC2)"
DOI_10.1016_j.cell.2021.07.023,Macrophages,MSR1highC1QBhigh,human,False,CTSB,explicit,Methods p.29,"MSR1highC1QBhigh macrophages are defined by cathepsin expression (CTSD, CTSL, CTSB) and elevated expression of complement (C1QB, C1QA, C1QC), and lipid binding proteins (APOE, APOC, and NPC2)"
DOI_10.1016_j.cell.2021.07.023,Macrophages,MSR1highC1QBhigh,human,False,C1QA,explicit,Methods p.29,"MSR1highC1QBhigh macrophages are defined by cathepsin expression (CTSD, CTSL, CTSB) and elevated expression of complement (C1QB, C1QA, C1QC), and lipid binding proteins (APOE, APOC, and NPC2)"
DOI_10.1016_j.cell.2021.07.023,Macrophages,MSR1highC1QBhigh,human,False,C1QC,explicit,Methods p.29,"MSR1highC1QBhigh macrophages are defined by cathepsin expression (CTSD, CTSL, CTSB) and elevated expression of complement (C1QB, C1QA, C1QC), and lipid binding proteins (APOE, APOC, and NPC2)"
DOI_10.1016_j.cell.2021.07.023,Macrophages,MSR1highC1QBhigh,human,False,APOE,explicit,Methods p.29,"MSR1highC1QBhigh macrophages are defined by cathepsin expression (CTSD, CTSL, CTSB) and elevated expression of complement (C1QB, C1QA, C1QC), and lipid binding proteins (APOE, APOC, and NPC2)"
DOI_10.1016_j.cell.2021.07.023,Macrophages,MSR1highC1QBhigh,human,False,APOC,explicit,Methods p.29,"MSR1highC1QBhigh macrophages are defined by cathepsin expression (CTSD, CTSL, CTSB) and elevated expression of complement (C1QB, C1QA, C1QC), and lipid binding proteins (APOE, APOC, and NPC2)"
DOI_10.1016_j.cell.2021.07.023,Macrophages,MSR1highC1QBhigh,human,False,NPC2,explicit,Methods p.29,"MSR1highC1QBhigh macrophages are defined by cathepsin expression (CTSD, CTSL, CTSB) and elevated expression of complement (C1QB, C1QA, C1QC), and lipid binding proteins (APOE, APOC, and NPC2)"
DOI_10.1016_j.cell.2021.07.023,Macrophages,inflammatory,human,False,CCL3,explicit,Methods p.29,"inflammatory macrophages, which uniquely express inflammatory cytokines such as CCL3, CCL3L1, IL1B, CXCL2, and CXCL3"
DOI_10.1016_j.cell.2021.07.023,Macrophages,inflammatory,human,False,CCL3L1,explicit,Methods p.29,"inflammatory macrophages, which uniquely express inflammatory cytokines such as CCL3, CCL3L1, IL1B, CXCL2, and CXCL3"
DOI_10.1016_j.cell.2021.07.023,Macrophages,inflammatory,human,False,IL1B,explicit,Methods p.29,"inflammatory macrophages, which uniquely express inflammatory cytokines such as CCL3, CCL3L1, IL1B, CXCL2, and CXCL3"
DOI_10.1016_j.cell.2021.07.023,Macrophages,inflammatory,human,False,CXCL2,explicit,Methods p.29,"inflammatory macrophages, which uniquely express inflammatory cytokines such as CCL3, CCL3L1, IL1B, CXCL2, and CXCL3"
DOI_10.1016_j.cell.2021.07.023,Macrophages,inflammatory,human,False,CXCL3,explicit,Methods p.29,"inflammatory macrophages, which uniquely express inflammatory cytokines such as CCL3, CCL3L1, IL1B, CXCL2, and CXCL3"
DOI_10.1016_j.cell.2021.07.023,Macrophages,ITGAXhigh,human,False,ITGAX,explicit,Methods p.29,"The remaining 'ITGAXhigh' macrophages are distinguished from other immune cell types by ITGAX, VCAN, PSAP, FTL, FTH1 and CD163"
DOI_10.1016_j.cell.2021.07.023,Macrophages,ITGAXhigh,human,False,VCAN,explicit,Methods p.29,"The remaining 'ITGAXhigh' macrophages are distinguished from other immune cell types by ITGAX, VCAN, PSAP, FTL, FTH1 and CD163"
DOI_10.1016_j.cell.2021.07.023,Macrophages,ITGAXhigh,human,False,PSAP,explicit,Methods p.29,"The remaining 'ITGAXhigh' macrophages are distinguished from other immune cell types by ITGAX, VCAN, PSAP, FTL, FTH1 and CD163"
DOI_10.1016_j.cell.2021.07.023,Macrophages,ITGAXhigh,human,False,FTL,explicit,Methods p.29,"The remaining 'ITGAXhigh' macrophages are distinguished from other immune cell types by ITGAX, VCAN, PSAP, FTL, FTH1 and CD163"
DOI_10.1016_j.cell.2021.07.023,Macrophages,ITGAXhigh,human,False,FTH1,explicit,Methods p.29,"The remaining 'ITGAXhigh' macrophages are distinguished from other immune cell types by ITGAX, VCAN, PSAP, FTL, FTH1 and CD163"
DOI_10.1016_j.cell.2021.07.023,Macrophages,ITGAXhigh,human,False,CD163,explicit,Methods p.29,"The remaining 'ITGAXhigh' macrophages are distinguished from other immune cell types by ITGAX, VCAN, PSAP, FTL, FTH1 and CD163"
DOI_10.1016_j.cell.2021.07.023,CD8 T cells,early response,human,False,FOSB,explicit,Methods p.29,"Two specialized subtypes of CD8 T cells are annotated from this dataset: one defined by exceptionally high expression of early response genes (FOSB, NR4A2, and CCL5)"
DOI_10.1016_j.cell.2021.07.023,CD8 T cells,early response,human,False,NR4A2,explicit,Methods p.29,"Two specialized subtypes of CD8 T cells are annotated from this dataset: one defined by exceptionally high expression of early response genes (FOSB, NR4A2, and CCL5)"
DOI_10.1016_j.cell.2021.07.023,CD8 T cells,early response,human,False,CCL5,explicit,Methods p.29,"Two specialized subtypes of CD8 T cells are annotated from this dataset: one defined by exceptionally high expression of early response genes (FOSB, NR4A2, and CCL5)"
DOI_10.1016_j.cell.2021.07.023,CD8 T cells,interferon responsive cytotoxic,human,False,GZMB,explicit,Methods p.29,"and the other termed 'interferon responsive cytotoxic CD8 T cells,' defined by granzyme and perforin expression (GZMB, GZMA, GNLY, PRF1, GZMH), anti-viral genes (ISG20, IFIT3, APOBEC3C, GBP5) and genes associated with effector CD8 T cell function (LAG3, IL2RB, IKZF3, TBX21)"
DOI_10.1016_j.cell.2021.07.023,CD8 T cells,interferon responsive cytotoxic,human,False,GZMA,explicit,Methods p.29,"and the other termed 'interferon responsive cytotoxic CD8 T cells,' defined by granzyme and perforin expression (GZMB, GZMA, GNLY, PRF1, GZMH), anti-viral genes (ISG20, IFIT3, APOBEC3C, GBP5) and genes associated with effector CD8 T cell function (LAG3, IL2RB, IKZF3, TBX21)"
DOI_10.1016_j.cell.2021.07.023,CD8 T cells,interferon responsive cytotoxic,human,False,GNLY,explicit,Methods p.29,"and the other termed 'interferon responsive cytotoxic CD8 T cells,' defined by granzyme and perforin expression (GZMB, GZMA, GNLY, PRF1, GZMH), anti-viral genes (ISG20, IFIT3, APOBEC3C, GBP5) and genes associated with effector CD8 T cell function (LAG3, IL2RB, IKZF3, TBX21)"
DOI_10.1016_j.cell.2021.07.023,CD8 T cells,interferon responsive cytotoxic,human,False,PRF1,explicit,Methods p.29,"and the other termed 'interferon responsive cytotoxic CD8 T cells,' defined by granzyme and perforin expression (GZMB, GZMA, GNLY, PRF1, GZMH), anti-viral genes (ISG20, IFIT3, APOBEC3C, GBP5) and genes associated with effector CD8 T cell function (LAG3, IL2RB, IKZF3, TBX21)"
DOI_10.1016_j.cell.2021.07.023,CD8 T cells,interferon responsive cytotoxic,human,False,GZMH,explicit,Methods p.29,"and the other termed 'interferon responsive cytotoxic CD8 T cells,' defined by granzyme and perforin expression (GZMB, GZMA, GNLY, PRF1, GZMH), anti-viral genes (ISG20, IFIT3, APOBEC3C, GBP5) and genes associated with effector CD8 T cell function (LAG3, IL2RB, IKZF3, TBX21)"
DOI_10.1016_j.cell.2021.07.023,CD8 T cells,interferon responsive cytotoxic,human,False,ISG20,explicit,Methods p.29,"and the other termed 'interferon responsive cytotoxic CD8 T cells,' defined by granzyme and perforin expression (GZMB, GZMA, GNLY, PRF1, GZMH), anti-viral genes (ISG20, IFIT3, APOBEC3C, GBP5) and genes associated with effector CD8 T cell function (LAG3, IL2RB, IKZF3, TBX21)"
DOI_10.1016_j.cell.2021.07.023,CD8 T cells,interferon responsive cytotoxic,human,False,IFIT3,explicit,Methods p.29,"and the other termed 'interferon responsive cytotoxic CD8 T cells,' defined by granzyme and perforin expression (GZMB, GZMA, GNLY, PRF1, GZMH), anti-viral genes (ISG20, IFIT3, APOBEC3C, GBP5) and genes associated with effector CD8 T cell function (LAG3, IL2RB, IKZF3, TBX21)"
DOI_10.1016_j.cell.2021.07.023,CD8 T cells,interferon responsive cytotoxic,human,False,APOBEC3C,explicit,Methods p.29,"and the other termed 'interferon responsive cytotoxic CD8 T cells,' defined by granzyme and perforin expression (GZMB, GZMA, GNLY, PRF1, GZMH), anti-viral genes (ISG20, IFIT3, APOBEC3C, GBP5) and genes associated with effector CD8 T cell function (LAG3, IL2RB, IKZF3, TBX21)"
DOI_10.1016_j.cell.2021.07.023,CD8 T cells,interferon responsive cytotoxic,human,False,GBP5,explicit,Methods p.29,"and the other termed 'interferon responsive cytotoxic CD8 T cells,' defined by granzyme and perforin expression (GZMB, GZMA, GNLY, PRF1, GZMH), anti-viral genes (ISG20, IFIT3, APOBEC3C, GBP5) and genes associated with effector CD8 T cell function (LAG3, IL2RB, IKZF3, TBX21)"
DOI_10.1016_j.cell.2021.07.023,CD8 T cells,interferon responsive cytotoxic,human,False,LAG3,explicit,Methods p.29,"and the other termed 'interferon responsive cytotoxic CD8 T cells,' defined by granzyme and perforin expression (GZMB, GZMA, GNLY, PRF1, GZMH), anti-viral genes (ISG20, IFIT3, APOBEC3C, GBP5) and genes associated with effector CD8 T cell function (LAG3, IL2RB, IKZF3, TBX21)"
DOI_10.1016_j.cell.2021.07.023,CD8 T cells,interferon responsive cytotoxic,human,False,IL2RB,explicit,Methods p.29,"and the other termed 'interferon responsive cytotoxic CD8 T cells,' defined by granzyme and perforin expression (GZMB, GZMA, GNLY, PRF1, GZMH), anti-viral genes (ISG20, IFIT3, APOBEC3C, GBP5) and genes associated with effector CD8 T cell function (LAG3, IL2RB, IKZF3, TBX21)"
DOI_10.1016_j.cell.2021.07.023,CD8 T cells,interferon responsive cytotoxic,human,False,IKZF3,explicit,Methods p.29,"and the other termed 'interferon responsive cytotoxic CD8 T cells,' defined by granzyme and perforin expression (GZMB, GZMA, GNLY, PRF1, GZMH), anti-viral genes (ISG20, IFIT3, APOBEC3C, GBP5) and genes associated with effector CD8 T cell function (LAG3, IL2RB, IKZF3, TBX21)"
DOI_10.1016_j.cell.2021.07.023,CD8 T cells,interferon responsive cytotoxic,human,False,TBX21,explicit,Methods p.29,"and the other termed 'interferon responsive cytotoxic CD8 T cells,' defined by granzyme and perforin expression (GZMB, GZMA, GNLY, PRF1, GZMH), anti-viral genes (ISG20, IFIT3, APOBEC3C, GBP5) and genes associated with effector CD8 T cell function (LAG3, IL2RB, IKZF3, TBX21)"
DOI_10.1016_j.cell.2021.07.023,Erythroblast-like cells,,human,False,HBB,explicit,Methods p.28,"Among two samples, we recovered erythroblast-like cells, defined by expression of hemoglobin subunits including HBB and HBA2"
DOI_10.1016_j.cell.2021.07.023,Erythroblast-like cells,,human,False,HBA2,explicit,Methods p.28,"Among two samples, we recovered erythroblast-like cells, defined by expression of hemoglobin subunits including HBB and HBA2"
DOI_10.1016_j.cell.2021.11.031,ASCs (AD-specific cells),,human,false,LGR5,implied,Fig.2A; Results p.6265,"ASCs resembled colonic stem and progenitor cells, expressed genes indicative of WNT pathway activation (LGR5, OLFM4, ASCL2, AXIN2, RNF43, and EPHB2) (Figure 2A)"
DOI_10.1016_j.cell.2021.11.031,ASCs (AD-specific cells),,human,false,OLFM4,implied,Fig.2A; Results p.6265,"ASCs resembled colonic stem and progenitor cells, expressed genes indicative of WNT pathway activation (LGR5, OLFM4, ASCL2, AXIN2, RNF43, and EPHB2) (Figure 2A)"
DOI_10.1016_j.cell.2021.11.031,ASCs (AD-specific cells),,human,false,ASCL2,implied,Fig.2A; Results p.6265,"ASCs resembled colonic stem and progenitor cells, expressed genes indicative of WNT pathway activation (LGR5, OLFM4, ASCL2, AXIN2, RNF43, and EPHB2) (Figure 2A)"
DOI_10.1016_j.cell.2021.11.031,ASCs (AD-specific cells),,human,false,AXIN2,implied,Fig.2A; Results p.6265,"ASCs resembled colonic stem and progenitor cells, expressed genes indicative of WNT pathway activation (LGR5, OLFM4, ASCL2, AXIN2, RNF43, and EPHB2) (Figure 2A)"
DOI_10.1016_j.cell.2021.11.031,ASCs (AD-specific cells),,human,false,RNF43,implied,Fig.2A; Results p.6265,"ASCs resembled colonic stem and progenitor cells, expressed genes indicative of WNT pathway activation (LGR5, OLFM4, ASCL2, AXIN2, RNF43, and EPHB2) (Figure 2A)"
DOI_10.1016_j.cell.2021.11.031,ASCs (AD-specific cells),,human,false,EPHB2,implied,Fig.2A; Results p.6265,"ASCs resembled colonic stem and progenitor cells, expressed genes indicative of WNT pathway activation (LGR5, OLFM4, ASCL2, AXIN2, RNF43, and EPHB2) (Figure 2A)"
DOI_10.1016_j.cell.2021.11.031,SSCs (serrated-specific cells),,human,false,MUC5AC,explicit,Fig.3D; Results p.6266,"MUC5AC, a marker of SSCs, was highly expressed in HPs and SSLs but not in normal biopsies and ADs (Figure 3D)"
DOI_10.1016_j.cell.2021.11.031,SSCs (serrated-specific cells),,human,false,TFF3,implied,Fig.2A; Results p.6266,"The transcriptomic profiles of SSCs resembled absorptive-lineage cells, but SSCs also expressed functional goblet cell genes, including TFF3 and MUC2, but surprisingly without the master secretory cell TF ATOH1 (Figure 2A; Figure S2G)"
DOI_10.1016_j.cell.2021.11.031,SSCs (serrated-specific cells),,human,false,MUC2,implied,Fig.2A; Results p.6266,"The transcriptomic profiles of SSCs resembled absorptive-lineage cells, but SSCs also expressed functional goblet cell genes, including TFF3 and MUC2, but surprisingly without the master secretory cell TF ATOH1 (Figure 2A; Figure S2G)"
DOI_10.1016_j.cell.2021.11.031,SSCs (serrated-specific cells),,human,false,AQP5,implied,Fig.2A; Results p.6266,"SSCs highly expressed genes not normally observed in the colon (MUC5AC, AQP5, TACSTD2 [TROP2], TFF2, MUC17, and MSLN) but rather found in other endodermal organs, most notably, the gastric epithelium (Figures 2A and 2D)"
DOI_10.1016_j.cell.2021.11.031,SSCs (serrated-specific cells),,human,false,TACSTD2,implied,Fig.2A; Results p.6266,"SSCs highly expressed genes not normally observed in the colon (MUC5AC, AQP5, TACSTD2 [TROP2], TFF2, MUC17, and MSLN) but rather found in other endodermal organs, most notably, the gastric epithelium (Figures 2A and 2D)"
DOI_10.1016_j.cell.2021.11.031,SSCs (serrated-specific cells),,human,false,TFF2,implied,Fig.2A; Results p.6266,"SSCs highly expressed genes not normally observed in the colon (MUC5AC, AQP5, TACSTD2 [TROP2], TFF2, MUC17, and MSLN) but rather found in other endodermal organs, most notably, the gastric epithelium (Figures 2A and 2D)"
DOI_10.1016_j.cell.2021.11.031,SSCs (serrated-specific cells),,human,false,MUC17,implied,Fig.2A; Results p.6266,"SSCs highly expressed genes not normally observed in the colon (MUC5AC, AQP5, TACSTD2 [TROP2], TFF2, MUC17, and MSLN) but rather found in other endodermal organs, most notably, the gastric epithelium (Figures 2A and 2D)"
DOI_10.1016_j.cell.2021.11.031,SSCs (serrated-specific cells),,human,false,MSLN,implied,Fig.2A; Results p.6266,"SSCs highly expressed genes not normally observed in the colon (MUC5AC, AQP5, TACSTD2 [TROP2], TFF2, MUC17, and MSLN) but rather found in other endodermal organs, most notably, the gastric epithelium (Figures 2A and 2D)"
DOI_10.1016_j.cell.2021.11.031,SSCs (serrated-specific cells),,human,false,CDX2,implied,Fig.2A; Results p.6266,"CDX2 was expressed in most colonic cell types, including ASCs; however, it was downregulated in SSCs, supporting a loss of regional identity in these cells (Figure 2A)"
DOI_10.1016_j.cell.2021.11.031,SSCs (serrated-specific cells),,human,false,MDK,implied,Fig.2A; Results p.6266,"This loss of caudal identity in SSCs was accompanied by a reversion to an embryonic stage, supported by a fetal gene-expression signature, including the MDK gene (Figures 2A and 2D)"
DOI_10.1016_j.cell.2021.11.031,colonic stem cells,,human,false,OLFM4,explicit,Fig.3A-3B; Results p.6266,"Stem cell markers, OLFM4 and SOX9, were abundant in ADs but were significantly reduced in HPs and SSLs (Figures 3A and 3B)"
DOI_10.1016_j.cell.2021.11.031,colonic stem cells,,human,false,SOX9,explicit,Fig.3A-3B; Results p.6266,"Stem cell markers, OLFM4 and SOX9, were abundant in ADs but were significantly reduced in HPs and SSLs (Figures 3A and 3B)"
DOI_10.1016_j.cell.2021.11.031,colonic stem cells,,human,false,LGR5,implied,Fig.5I; Results p.6268,"Positive MUC5AC and MSLN expression, coupled to loss of CDX2 expression, distinguished metaplastic cells from LGR5/b-catenin-expressing proliferative stem cells within the same tumor (Figures 5I, 4C, and 4E)"
DOI_10.1016_j.cell.2021.11.031,goblet cells,,human,false,TFF3,implied,Fig.2A; Results p.6266,"SSCs also expressed functional goblet cell genes, including TFF3 and MUC2, but surprisingly without the master secretory cell TF ATOH1 (Figure 2A; Figure S2G)"
DOI_10.1016_j.cell.2021.11.031,goblet cells,,human,false,MUC2,explicit,Figure S7G,"Reporter co-expression with cell-type-specific markers, DCLK1 for tuft cells, MUC2 for goblet cells, and CHGA for enteroendocrine cells, after 24 hours of lineage tracing in Mist1CreERT2/+;R26RLSL-EYFP/+ mouse colons."
DOI_10.1016_j.cell.2021.11.031,CD4+ T cells,,human,false,CD4,explicit,Fig.6C; Results p.6269,"Most immune cell types were increased in polyps compared to normal tissues, including CD4+ T cells, although many were not different between polyp subtypes (Figure 6C)"
DOI_10.1016_j.cell.2021.11.031,CD4+ T cells,,human,false,CD3,explicit,"STAR Methods MxIF, single-cell segmentation and image analysis","Cell types were defined by combinations of marker masks; for example, CD4+ T cells were defined by intersecting CD4 and CD3 pixel masks."
DOI_10.1016_j.cell.2021.11.031,CD8+ T cells,cytotoxic cells,human,false,CD8,explicit,Fig.6C; Results p.6269,"Strikingly, CD8+ T cells, natural killer (NK) cells, and gdT cells (labeled cytotoxic cells) were significantly increased in SERs compared to ADs (Figure 6C)"
DOI_10.1016_j.cell.2021.11.031,macrophages,,human,false,CD68,explicit,Fig.6H; Results p.6272,"CD68+ macrophages were distributed throughout the AD stroma, while they were concentrated at the luminal surfaces of SERs, coinciding with the surface location of MUC5AC+ metaplastic cells (Figure 6H)"
DOI_10.1016_j.cell.2021.11.031,TSCs (tumor-specific cells),,mouse,false,Lgr5,implied,Fig.7G-7I; Results p.6273,tumor-specific cells (TSCs) from both tumor types formed an Lgr5-overexpressing cell population without a metaplastic gene signature (Figures 7G–7I)
DOI_10.1016_j.cell.2021.11.031,CD4+ T cells,dysfunctional,mouse,false,Pdcd1,implied,Fig.7N; Results p.6274,"These cells expressed immunosuppressive markers, such as Pdcd1 (PD1), Ctla4, Prdm1, and Havcr2 (TIM3), as well as genes of the Foxp3 regulon, implicating dysfunctional T cells exhibiting regulatory characteristics (Figure 7N)"
DOI_10.1016_j.cell.2021.11.031,CD4+ T cells,dysfunctional,mouse,false,Ctla4,implied,Fig.7N; Results p.6274,"These cells expressed immunosuppressive markers, such as Pdcd1 (PD1), Ctla4, Prdm1, and Havcr2 (TIM3), as well as genes of the Foxp3 regulon, implicating dysfunctional T cells exhibiting regulatory characteristics (Figure 7N)"
DOI_10.1016_j.cell.2021.11.031,CD4+ T cells,dysfunctional,mouse,false,Prdm1,implied,Fig.7N; Results p.6274,"These cells expressed immunosuppressive markers, such as Pdcd1 (PD1), Ctla4, Prdm1, and Havcr2 (TIM3), as well as genes of the Foxp3 regulon, implicating dysfunctional T cells exhibiting regulatory characteristics (Figure 7N)"
DOI_10.1016_j.cell.2021.11.031,CD4+ T cells,dysfunctional,mouse,false,Havcr2,implied,Fig.7N; Results p.6274,"These cells expressed immunosuppressive markers, such as Pdcd1 (PD1), Ctla4, Prdm1, and Havcr2 (TIM3), as well as genes of the Foxp3 regulon, implicating dysfunctional T cells exhibiting regulatory characteristics (Figure 7N)"
DOI_10.1016_j.cell.2021.11.031,neutrophils,Cd274+ (PDL1+),mouse,false,Cd274,implied,Fig.7J-7N; Results p.6274,"Lrig1 tumors... had a large infiltration of myeloid cells that include tumor-associated macrophages and myeloid derived suppressive-like cells, and distinct neutrophils expressing Cd274 (PDL1) (Figures 7J–7N)"
DOI_10.1016_j.cell.2021.11.031,CD8+ T cells,,human,false,CD8,explicit,"STAR Methods MxIF, single-cell segmentation and image analysis","On the other hand, CD8+ T cells were defined using the CD8 marker."
DOI_10.1016_j.cell.2021.11.031,CD68+ cells,,human,false,CD68,explicit,Figure S6I,Additional representative MxIF images of CD68+ cells and MUC5AC+ in multiple ADs and SERs.
DOI_10.1016_j.cell.2021.11.031,stem cells,,human,false,OLFM4,explicit,"STAR Methods MxIF and MxIHC, pixel-based image quantification","An overlay of OLFM4, MUC5AC, and PANCK was used as a guide for identifying stem (OLFM4+) and metaplastic (MUC5AC+) epithelial (PANCK+) regions."
DOI_10.1016_j.cell.2021.11.031,stem cells,,human,false,Lrig1,explicit,Figure S7E,Quantiﬁcation of lineage-traced glands at 28 days at homeostasis or with DSS-damage from stem (Lrig1) and non-stem (Mist1) cells using different reporters.
DOI_10.1016_j.cell.2021.11.031,metaplastic cells,,human,false,MUC5AC,explicit,"STAR Methods MxIF and MxIHC, pixel-based image quantification","An overlay of OLFM4, MUC5AC, and PANCK was used as a guide for identifying stem (OLFM4+) and metaplastic (MUC5AC+) epithelial (PANCK+) regions."
DOI_10.1016_j.cell.2021.11.031,tuft cells,,mouse,false,DCLK1,explicit,Figure S7G,"Reporter co-expression with cell-type-specific markers, DCLK1 for tuft cells, MUC2 for goblet cells, and CHGA for enteroendocrine cells, after 24 hours of lineage tracing in Mist1CreERT2/+;R26RLSL-EYFP/+ mouse colons."
DOI_10.1016_j.cell.2021.11.031,enteroendocrine cells,,mouse,false,CHGA,explicit,Figure S7G,"Reporter co-expression with cell-type-specific markers, DCLK1 for tuft cells, MUC2 for goblet cells, and CHGA for enteroendocrine cells, after 24 hours of lineage tracing in Mist1CreERT2/+;R26RLSL-EYFP/+ mouse colons."
DOI_10.1016_j.cell.2021.11.031,non-stem cells,,mouse,false,Mist1,explicit,Figure S7E,Quantiﬁcation of lineage-traced glands at 28 days at homeostasis or with DSS-damage from stem (Lrig1) and non-stem (Mist1) cells using different reporters.
DOI_10.1016_j.cell.2023.11.026,Aberrant_Basaloid,,human,false,KRT5,explicit,"Results p.6, Fig.3A","the aberrant basaloid cells (""Aberrant_Basaloid"") ... were aligned with the distal alveolar epithelial population (""KRT5-/KRT17+"") ... verified their presence by combinatorial expression of multiple marker genes (Figure 3A)."
DOI_10.1016_j.cell.2023.11.026,Aberrant_Basaloid,,human,false,KRT17,explicit,"Results p.6, Fig.3A","the aberrant basaloid cells (""Aberrant_Basaloid"") ... were aligned with the distal alveolar epithelial population (""KRT5-/KRT17+"") ... verified their presence by combinatorial expression of multiple marker genes (Figure 3A)."
DOI_10.1016_j.cell.2023.11.026,KRT5-/KRT17+,,human,false,KRT5,explicit,"Results p.6, Fig.3A","the distal alveolar epithelial population (""KRT5-/KRT17+"") enriched in pulmonary fibrosis ... verified their presence by combinatorial expression of multiple marker genes (Figure 3A)."
DOI_10.1016_j.cell.2023.11.026,KRT5-/KRT17+,,human,false,KRT17,explicit,"Results p.6, Fig.3A","the distal alveolar epithelial population (""KRT5-/KRT17+"") enriched in pulmonary fibrosis ... verified their presence by combinatorial expression of multiple marker genes (Figure 3A)."
DOI_10.1016_j.cell.2023.11.026,goblet cells,MUC5B+,human,false,MUC5B,explicit,"Results p.6, Fig.3B","goblet cells in the diseased state ... were demonstrated to be heterogeneous, divisible into MUC5B+ and SCGB3A2+SCGB1A1+ populations (Figure 3B)."
DOI_10.1016_j.cell.2023.11.026,goblet cells,SCGB3A2+SCGB1A1+,human,false,SCGB3A2,explicit,"Results p.6, Fig.3B","goblet cells in the diseased state ... were demonstrated to be heterogeneous, divisible into MUC5B+ and SCGB3A2+SCGB1A1+ populations (Figure 3B)."
DOI_10.1016_j.cell.2023.11.026,goblet cells,SCGB3A2+SCGB1A1+,human,false,SCGB1A1,explicit,"Results p.6, Fig.3B","goblet cells in the diseased state ... were demonstrated to be heterogeneous, divisible into MUC5B+ and SCGB3A2+SCGB1A1+ populations (Figure 3B)."
DOI_10.1016_j.cell.2023.11.026,Fibroblast,lipofibroblast-like,human,false,HAS1,implied,"Results p.6, Fig.S4D","the IPF ""Fibroblast"" in Adams et al. was shown to align with the lipofibroblast-like subpopulation, as supported by its overexpression of HAS1 and PLIN2 (Figure S4D)."
DOI_10.1016_j.cell.2023.11.026,Fibroblast,lipofibroblast-like,human,false,PLIN2,implied,"Results p.6, Fig.S4D","the IPF ""Fibroblast"" in Adams et al. was shown to align with the lipofibroblast-like subpopulation, as supported by its overexpression of HAS1 and PLIN2 (Figure S4D)."
DOI_10.1016_j.cell.2023.11.026,Fibroblast,activated myofibroblast,human,false,ACTA2,explicit,"Results p.6, Fig.3C","The IPF ""Fibroblast"" in Morse et al., on the other hand, was ACTA2+ and corresponded to the activated myofibroblasts during pulmonary fibrosis (Figure 3C)."
DOI_10.1016_j.cell.2023.11.026,endothelial cells,peribronchial/IPF endothelial cells,human,false,COL15A1,explicit,"Results p.8, Fig.S5B","In the lung endothelium, we located a match between the peribronchial endothelial cells from Adams et al. and all IPF endothelial cells in the other three datasets that were COL15A1+, a marker suggestive of a widespread bronchiolization occurring in endothelial cells of the distal lung in IPF (Figure S5B)."
DOI_10.1016_j.cell.2023.11.026,macrophage,SPP1+ macrophage,human,false,SPP1,explicit,"Results p.8, Fig.S5C","we assessed the distribution of the proﬁbrotic gene signature across harmonized immune cells and found its enrichment in the SPP1+ macrophages and, to a lesser extent, the F13A1+ macrophages in comparison with the FCN1+ macrophages (Figure S5C)."
DOI_10.1016_j.cell.2023.11.026,macrophage,F13A1+ macrophage,human,false,F13A1,explicit,"Results p.8, Fig.S5C","we assessed the distribution of the proﬁbrotic gene signature across harmonized immune cells and found its enrichment in the SPP1+ macrophages and, to a lesser extent, the F13A1+ macrophages in comparison with the FCN1+ macrophages (Figure S5C)."
DOI_10.1016_j.cell.2023.11.026,macrophage,FCN1+ macrophage,human,false,FCN1,explicit,"Results p.8, Fig.S5C","we assessed the distribution of the proﬁbrotic gene signature across harmonized immune cells and found its enrichment in the SPP1+ macrophages and, to a lesser extent, the F13A1+ macrophages in comparison with the FCN1+ macrophages (Figure S5C)."
DOI_10.1016_j.cell.2023.11.026,AT1 cells,,human,false,AGER,explicit,"Results p.9, Fig.4E","We also observed a partial loss of the AT1 cell identity speciﬁcally in PM, illustrated by the deﬁciency in expression of AT1 markers AGER and RTKN2, as well as a gain of expression in known pulmonary ﬁbrosis marker MMP7."
DOI_10.1016_j.cell.2023.11.026,AT1 cells,,human,false,RTKN2,explicit,"Results p.9, Fig.4E","We also observed a partial loss of the AT1 cell identity speciﬁcally in PM, illustrated by the deﬁciency in expression of AT1 markers AGER and RTKN2, as well as a gain of expression in known pulmonary ﬁbrosis marker MMP7."
DOI_10.1016_j.cell.2023.11.026,NK cells,CD16+ NK (NK_FCGR3Apos),human,false,FCGR3A,implied,"Results p.4, Fig.S2A","CellHint harmonized seven NK annotations into two subtypes as supported by their respective gene signatures, that is, the CD16+ (""NK_FCGR3Apos,"" ""NK_CD16+,"" and ""mature NK"") and CD16- (""NK_CD160pos,"" ""NK_CD56bright_CD16-,"" ""NK,"" and ""CD56 bright NK"") NK cells (Figure S2A)."
DOI_10.1016_j.cell.2023.11.026,NK cells,CD16- NK (NK_CD160pos),human,false,CD160,implied,"Results p.4, Fig.S2A","CellHint harmonized seven NK annotations into two subtypes as supported by their respective gene signatures, that is, the CD16+ (""NK_FCGR3Apos,"" ""NK_CD16+,"" and ""mature NK"") and CD16- (""NK_CD160pos,"" ""NK_CD56bright_CD16-,"" ""NK,"" and ""CD56 bright NK"") NK cells (Figure S2A)."
DOI_10.1016_j.cell.2023.11.026,neuroblast-like population,,human,false,SLC17A7,explicit,"Results p.12, Fig.6B","These cells were excitatory (SLC17A7+GAD2-), precluding the possible contamination of early inhibitory neurons from the adjacent neurogenic olfactory epithelium (Figure S8D)."
DOI_10.1016_j.cell.2023.11.026,neuroblast-like population,,human,false,GAD2,explicit,"Results p.12, Fig.6B","These cells were excitatory (SLC17A7+GAD2-), precluding the possible contamination of early inhibitory neurons from the adjacent neurogenic olfactory epithelium (Figure S8D)."
DOI_10.1016_j.cell.2023.11.026,neuroblast-like population,,human,false,DCX,explicit,"Results p.12, Fig.6B","Multiple neuroblast-related biomarkers were overrepresented in these cells, including DCX, SOX11, SOX4, and BHLHE22 (Figure 6B), as well as other markers characteristic of neuroblasts or immature neurons (e.g., NNAT, STMN1/2/4, DPYSL3, and TUBB3) (Figure S8D)."
DOI_10.1016_j.cell.2023.11.026,neuroblast-like population,,human,false,SOX11,explicit,"Results p.12, Fig.6B","Multiple neuroblast-related biomarkers were overrepresented in these cells, including DCX, SOX11, SOX4, and BHLHE22 (Figure 6B), as well as other markers characteristic of neuroblasts or immature neurons (e.g., NNAT, STMN1/2/4, DPYSL3, and TUBB3) (Figure S8D)."
DOI_10.1016_j.cell.2023.11.026,neuroblast-like population,,human,false,SOX4,explicit,"Results p.12, Fig.6B","Multiple neuroblast-related biomarkers were overrepresented in these cells, including DCX, SOX11, SOX4, and BHLHE22 (Figure 6B), as well as other markers characteristic of neuroblasts or immature neurons (e.g., NNAT, STMN1/2/4, DPYSL3, and TUBB3) (Figure S8D)."
DOI_10.1016_j.cell.2023.11.026,neuroblast-like population,,human,false,BHLHE22,explicit,"Results p.12, Fig.6B","Multiple neuroblast-related biomarkers were overrepresented in these cells, including DCX, SOX11, SOX4, and BHLHE22 (Figure 6B), as well as other markers characteristic of neuroblasts or immature neurons (e.g., NNAT, STMN1/2/4, DPYSL3, and TUBB3) (Figure S8D)."
DOI_10.1016_j.cell.2023.11.026,neuroblast-like population,,human,false,NNAT,explicit,"Results p.12, Fig.S8D","Multiple neuroblast-related biomarkers were overrepresented in these cells, including DCX, SOX11, SOX4, and BHLHE22 (Figure 6B), as well as other markers characteristic of neuroblasts or immature neurons (e.g., NNAT, STMN1/2/4, DPYSL3, and TUBB3) (Figure S8D)."
DOI_10.1016_j.cell.2023.11.026,neuroblast-like population,,human,false,STMN1,explicit,"Results p.12, Fig.S8D","Multiple neuroblast-related biomarkers were overrepresented in these cells, including DCX, SOX11, SOX4, and BHLHE22 (Figure 6B), as well as other markers characteristic of neuroblasts or immature neurons (e.g., NNAT, STMN1/2/4, DPYSL3, and TUBB3) (Figure S8D)."
DOI_10.1016_j.cell.2023.11.026,neuroblast-like population,,human,false,STMN2,explicit,"Results p.12, Fig.S8D","Multiple neuroblast-related biomarkers were overrepresented in these cells, including DCX, SOX11, SOX4, and BHLHE22 (Figure 6B), as well as other markers characteristic of neuroblasts or immature neurons (e.g., NNAT, STMN1/2/4, DPYSL3, and TUBB3) (Figure S8D)."
DOI_10.1016_j.cell.2023.11.026,neuroblast-like population,,human,false,STMN4,explicit,"Results p.12, Fig.S8D","Multiple neuroblast-related biomarkers were overrepresented in these cells, including DCX, SOX11, SOX4, and BHLHE22 (Figure 6B), as well as other markers characteristic of neuroblasts or immature neurons (e.g., NNAT, STMN1/2/4, DPYSL3, and TUBB3) (Figure S8D)."
DOI_10.1016_j.cell.2023.11.026,neuroblast-like population,,human,false,DPYSL3,explicit,"Results p.12, Fig.S8D","Multiple neuroblast-related biomarkers were overrepresented in these cells, including DCX, SOX11, SOX4, and BHLHE22 (Figure 6B), as well as other markers characteristic of neuroblasts or immature neurons (e.g., NNAT, STMN1/2/4, DPYSL3, and TUBB3) (Figure S8D)."
DOI_10.1016_j.cell.2023.11.026,neuroblast-like population,,human,false,TUBB3,explicit,"Results p.12, Fig.S8D","Multiple neuroblast-related biomarkers were overrepresented in these cells, including DCX, SOX11, SOX4, and BHLHE22 (Figure 6B), as well as other markers characteristic of neuroblasts or immature neurons (e.g., NNAT, STMN1/2/4, DPYSL3, and TUBB3) (Figure S8D)."
DOI_10.1016_j.cell.2023.11.026,T cells,cytotoxic,human,false,CD8A,explicit,Figure S4E,"UMAP representations overlaid by expression of marker genes of cytotoxic (CD8A+, GZMB+) and regulatory (FOXP3+, CTLA4+) T cell populations"
DOI_10.1016_j.cell.2023.11.026,T cells,cytotoxic,human,false,GZMB,explicit,Figure S4E,"UMAP representations overlaid by expression of marker genes of cytotoxic (CD8A+, GZMB+) and regulatory (FOXP3+, CTLA4+) T cell populations"
DOI_10.1016_j.cell.2023.11.026,T cells,regulatory,human,false,FOXP3,explicit,Figure S4E,"UMAP representations overlaid by expression of marker genes of cytotoxic (CD8A+, GZMB+) and regulatory (FOXP3+, CTLA4+) T cell populations"
DOI_10.1016_j.cell.2023.11.026,T cells,regulatory,human,false,CTLA4,explicit,Figure S4E,"UMAP representations overlaid by expression of marker genes of cytotoxic (CD8A+, GZMB+) and regulatory (FOXP3+, CTLA4+) T cell populations"
DOI_10.1016_j.cell.2023.11.026,excitatory neuron,,human,false,SLC17A7,explicit,Figure S8D,"markers related to the excitatory neuron (SLC17A7), inhibitory neuron (GAD2)"
DOI_10.1016_j.cell.2023.11.026,inhibitory neuron,,human,false,GAD2,explicit,Figure S8D,"markers related to the excitatory neuron (SLC17A7), inhibitory neuron (GAD2)"
DOI_10.1016_j.cell.2023.11.026,PLIN2+ Fibroblasts,,human,false,PLIN2,implied,Figure S4D,"highlighting a correspondence between ""PLIN2+ Fibroblasts"" and ""Fibroblast."""
DOI_10.1016_j.celrep.2018.11.086,basal epithelia,,human,false,KRT5,implied,Results p.3531,"Familiar DEGs genes such as KRT5, KRT14, and TP63, as well as lesser known genes such as NOTCH4, LTBP2, and DKK1, characterize CD271+ basal epithelia."
DOI_10.1016_j.celrep.2018.11.086,basal epithelia,,human,false,KRT14,explicit,Results p.3537,"DEGs of each cluster confirm four epithelial cell types (luminal KLK3+, basal KRT14+, OE1 SCGB1A1+, and OE2 KRT13+)"
DOI_10.1016_j.celrep.2018.11.086,basal epithelia,,human,false,TP63,implied,Results p.3531,"Familiar DEGs genes such as KRT5, KRT14, and TP63, as well as lesser known genes such as NOTCH4, LTBP2, and DKK1, characterize CD271+ basal epithelia."
DOI_10.1016_j.celrep.2018.11.086,basal epithelia,,human,false,NOTCH4,implied,Results p.3531,"Familiar DEGs genes such as KRT5, KRT14, and TP63, as well as lesser known genes such as NOTCH4, LTBP2, and DKK1, characterize CD271+ basal epithelia."
DOI_10.1016_j.celrep.2018.11.086,basal epithelia,,human,false,LTBP2,implied,Results p.3531,"Familiar DEGs genes such as KRT5, KRT14, and TP63, as well as lesser known genes such as NOTCH4, LTBP2, and DKK1, characterize CD271+ basal epithelia."
DOI_10.1016_j.celrep.2018.11.086,basal epithelia,,human,false,DKK1,implied,Results p.3531,"Familiar DEGs genes such as KRT5, KRT14, and TP63, as well as lesser known genes such as NOTCH4, LTBP2, and DKK1, characterize CD271+ basal epithelia."
DOI_10.1016_j.celrep.2018.11.086,basal epithelia,,human,false,PDPN,explicit,Results p.3534,PDPN was used to mark BE
DOI_10.1016_j.celrep.2018.11.086,luminal epithelia,,human,false,KLK3,explicit,Results p.3531,"The CD26+ luminal epithelia are marked by familiar DEGs such as KLK3, ACPP, and MSMB, as well as lesser-known genes, including GP2, NEFH, and NPY."
DOI_10.1016_j.celrep.2018.11.086,luminal epithelia,,human,false,ACPP,explicit,Results p.3531,"The CD26+ luminal epithelia are marked by familiar DEGs such as KLK3, ACPP, and MSMB, as well as lesser-known genes, including GP2, NEFH, and NPY."
DOI_10.1016_j.celrep.2018.11.086,luminal epithelia,,human,false,MSMB,explicit,Results p.3531,"The CD26+ luminal epithelia are marked by familiar DEGs such as KLK3, ACPP, and MSMB, as well as lesser-known genes, including GP2, NEFH, and NPY."
DOI_10.1016_j.celrep.2018.11.086,luminal epithelia,,human,false,GP2,explicit,Results p.3531,"The CD26+ luminal epithelia are marked by familiar DEGs such as KLK3, ACPP, and MSMB, as well as lesser-known genes, including GP2, NEFH, and NPY."
DOI_10.1016_j.celrep.2018.11.086,luminal epithelia,,human,false,NEFH,explicit,Results p.3531,"The CD26+ luminal epithelia are marked by familiar DEGs such as KLK3, ACPP, and MSMB, as well as lesser-known genes, including GP2, NEFH, and NPY."
DOI_10.1016_j.celrep.2018.11.086,luminal epithelia,,human,false,NPY,explicit,Results p.3531,"The CD26+ luminal epithelia are marked by familiar DEGs such as KLK3, ACPP, and MSMB, as well as lesser-known genes, including GP2, NEFH, and NPY."
DOI_10.1016_j.celrep.2018.11.086,luminal epithelia,,human,false,DHRS7,implied,Results p.3537,DHRS7 was an undiscovered gene detected in KLK3+ LE and marks a portion of KRT18+ LE.
DOI_10.1016_j.celrep.2018.11.086,other epithelia,OE1,human,false,SCGB1A1,explicit,Results p.3537,"DEGs of each cluster confirm four epithelial cell types (luminal KLK3+, basal KRT14+, OE1 SCGB1A1+, and OE2 KRT13+)"
DOI_10.1016_j.celrep.2018.11.086,other epithelia,OE1,human,false,PSCA,explicit,Results p.3534,PSCA was identified in the cluster-specific DEGs as a potential cell surface marker of both OE cell types
DOI_10.1016_j.celrep.2018.11.086,other epithelia,OE2,human,false,KRT13,explicit,Results p.3537,"DEGs of each cluster confirm four epithelial cell types (luminal KLK3+, basal KRT14+, OE1 SCGB1A1+, and OE2 KRT13+)"
DOI_10.1016_j.celrep.2018.11.086,other epithelia,OE2,human,false,PSCA,explicit,Results p.3534,PSCA was identified in the cluster-specific DEGs as a potential cell surface marker of both OE cell types
DOI_10.1016_j.celrep.2018.11.086,neuroendocrine cells,,human,false,CHGA,explicit,Results p.3534,A marker gene for NE cells that was discovered in our dataset (SCG2) was tested in combination with a known NE cell marker (CHGA)
DOI_10.1016_j.celrep.2018.11.086,neuroendocrine cells,,human,false,SCG2,explicit,Results p.3534,A marker gene for NE cells that was discovered in our dataset (SCG2) was tested in combination with a known NE cell marker (CHGA)
DOI_10.1016_j.celrep.2018.11.086,endothelia,,human,false,PECAM1,explicit,Results p.3534,"To find a suitable replacement, we searched the endothelial cell cluster DEGs for a cell surface marker more inclusive than CD31 (PECAM1)."
DOI_10.1016_j.celrep.2018.11.086,endothelia,,human,false,CD200,explicit,Results p.3534,CD200 is expressed in most clustered endothelial cells
DOI_10.1016_j.celrep.2018.11.086,fibroblasts,,human,false,PDPN,explicit,Results p.3534,Podoplanin (PDPN) was found to robustly label fibroblasts.
DOI_10.1016_j.celrep.2018.11.086,fibroblasts,,human,false,DCN,implied,Results p.3536,"Myosin 11 (MYH11) and Decorin (DCN) are enriched in smooth muscle and fibroblast cell types, respectively, in human prostate tissue."
DOI_10.1016_j.celrep.2018.11.086,smooth muscle,,human,false,MYH11,implied,Results p.3536,"Myosin 11 (MYH11) and Decorin (DCN) are enriched in smooth muscle and fibroblast cell types, respectively, in human prostate tissue."
DOI_10.1016_j.celrep.2018.11.086,smooth muscle,,human,false,ACTA2,implied,Results p.3535,"The putative smooth muscle cluster expressed high levels of actin (ACTA2) and myosin (MYH11, MYL9, and TPM2) genes"
DOI_10.1016_j.celrep.2018.11.086,smooth muscle,,human,false,MYL9,implied,Results p.3535,"The putative smooth muscle cluster expressed high levels of actin (ACTA2) and myosin (MYH11, MYL9, and TPM2) genes"
DOI_10.1016_j.celrep.2018.11.086,smooth muscle,,human,false,TPM2,implied,Results p.3535,"The putative smooth muscle cluster expressed high levels of actin (ACTA2) and myosin (MYH11, MYL9, and TPM2) genes"
DOI_10.1016_j.celrep.2018.11.086,leukocytes,,human,false,PTPRC,explicit,Results p.3532,"The stromal gate includes all cells negative for CD326 (pan-epithelia), CD45 (pan-leukocyte), and CD31 (endothelia)."
DOI_10.1016_j.devcel.2020.11.010,LGR5+ stem cells,,human,false,LGR5,explicit,Results (Fig.3B),"a cluster with high expression of canonical adult-stem-cell genes, including leucine-rich repeat-containing G-protein coupled receptor 5 (LGR5), achaete-scute complex homolog 2 (ASCL2), ephrin type-B receptor 2 (EPHB2), and repulsive guidance molecule BMP co-receptor B (RGMB)"
DOI_10.1016_j.devcel.2020.11.010,LGR5+ stem cells,,human,false,ASCL2,explicit,Results (Fig.3B),"a cluster with high expression of canonical adult-stem-cell genes, including leucine-rich repeat-containing G-protein coupled receptor 5 (LGR5), achaete-scute complex homolog 2 (ASCL2), ephrin type-B receptor 2 (EPHB2), and repulsive guidance molecule BMP co-receptor B (RGMB)"
DOI_10.1016_j.devcel.2020.11.010,LGR5+ stem cells,,human,false,EPHB2,explicit,Results (Fig.3B),"a cluster with high expression of canonical adult-stem-cell genes, including leucine-rich repeat-containing G-protein coupled receptor 5 (LGR5), achaete-scute complex homolog 2 (ASCL2), ephrin type-B receptor 2 (EPHB2), and repulsive guidance molecule BMP co-receptor B (RGMB)"
DOI_10.1016_j.devcel.2020.11.010,LGR5+ stem cells,,human,false,RGMB,explicit,Results (Fig.3B),"a cluster with high expression of canonical adult-stem-cell genes, including leucine-rich repeat-containing G-protein coupled receptor 5 (LGR5), achaete-scute complex homolog 2 (ASCL2), ephrin type-B receptor 2 (EPHB2), and repulsive guidance molecule BMP co-receptor B (RGMB)"
DOI_10.1016_j.devcel.2020.11.010,Uniform progenitor,,human,false,SHH,explicit,Results (Fig.3B),"a cluster that was defined by high expression of sonic hedgehog (SHH), phospholipase A2 group IIA (PLA2G2A), brain expressed X-linked 5 (BEX5), and cadherin-2 (CDH2)"
DOI_10.1016_j.devcel.2020.11.010,Uniform progenitor,,human,false,PLA2G2A,explicit,Results (Fig.3B),"a cluster that was defined by high expression of sonic hedgehog (SHH), phospholipase A2 group IIA (PLA2G2A), brain expressed X-linked 5 (BEX5), and cadherin-2 (CDH2)"
DOI_10.1016_j.devcel.2020.11.010,Uniform progenitor,,human,false,BEX5,explicit,Results (Fig.3B),"a cluster that was defined by high expression of sonic hedgehog (SHH), phospholipase A2 group IIA (PLA2G2A), brain expressed X-linked 5 (BEX5), and cadherin-2 (CDH2)"
DOI_10.1016_j.devcel.2020.11.010,Uniform progenitor,,human,false,CDH2,explicit,Results (Fig.3B),"a cluster that was defined by high expression of sonic hedgehog (SHH), phospholipase A2 group IIA (PLA2G2A), brain expressed X-linked 5 (BEX5), and cadherin-2 (CDH2)"
DOI_10.1016_j.devcel.2020.11.010,FOXL1 FLC,,human,false,BMP3,explicit,Results (Fig.4A/E),"FOXL1+ fibroblasts were marked by expression of multiple BMP ligands (BMP3/5/7) as well as the adult colonic mucosal S2 fibroblast marker, F3"
DOI_10.1016_j.devcel.2020.11.010,FOXL1 FLC,,human,false,BMP5,explicit,Results (Fig.4A/E),"FOXL1+ fibroblasts were marked by expression of multiple BMP ligands (BMP3/5/7) as well as the adult colonic mucosal S2 fibroblast marker, F3"
DOI_10.1016_j.devcel.2020.11.010,FOXL1 FLC,,human,false,BMP7,explicit,Results (Fig.4A/E),"FOXL1+ fibroblasts were marked by expression of multiple BMP ligands (BMP3/5/7) as well as the adult colonic mucosal S2 fibroblast marker, F3"
DOI_10.1016_j.devcel.2020.11.010,FOXL1 FLC,,human,false,F3,explicit,Results (Fig.4A/E),"FOXL1+ fibroblasts were marked by expression of multiple BMP ligands (BMP3/5/7) as well as the adult colonic mucosal S2 fibroblast marker, F3"
DOI_10.1016_j.devcel.2020.11.010,FOXL1+ fibroblasts,,human,false,FOXL1,implied,Results p.7,While FOXL1 + ﬁbroblasts highly expressed PDGF receptor and BMP ligand genes
DOI_10.1016_j.devcel.2020.11.010,smooth muscle cells,,human,false,PLA2G2A,explicit,Results p.7,SMCs that were marked by PLA2G2A expression in scRNA-seq data
DOI_10.1016_j.devcel.2020.11.010,smooth muscle cells,,human,false,NOG,explicit,Results p.7,"developing SMCs and myoﬁbroblasts were marked by expression of BMP antagonists (NOG, GREM1/2)"
DOI_10.1016_j.devcel.2020.11.010,smooth muscle cells,,human,false,GREM1/2,explicit,Results p.7,"developing SMCs and myoﬁbroblasts were marked by expression of BMP antagonists (NOG, GREM1/2)"
DOI_10.1016_j.devcel.2020.11.010,myofibroblasts,,human,false,NOG,explicit,Results p.7,"developing SMCs and myoﬁbroblasts were marked by expression of BMP antagonists (NOG, GREM1/2)"
DOI_10.1016_j.devcel.2020.11.010,myofibroblasts,,human,false,GREM1/2,explicit,Results p.7,"developing SMCs and myoﬁbroblasts were marked by expression of BMP antagonists (NOG, GREM1/2)"
DOI_10.1016_j.devcel.2020.11.010,mesothelial serosa cells,,human,false,UPK3B,explicit,Fig.4E-F legend,"PLA2G2A expression marks developing smooth muscle, UPK3B+ serosal cells, and uniform progenitor cells."
DOI_10.1016_j.devcel.2020.11.010,uniform progenitor cells,,human,false,PLA2G2A,explicit,Fig.4E-F legend,"PLA2G2A expression marks developing smooth muscle, UPK3B+ serosal cells, and uniform progenitor cells."
DOI_10.1016_j.isci.2024.111628,Schwann cell,,human,true,CDH19,explicit,Results,"Lastly, we identified a single Schwann cell cluster (CDH19+/NRXN+/XKR4+)."
DOI_10.1016_j.isci.2024.111628,Schwann cell,,human,true,NRXN,explicit,Results,"Lastly, we identified a single Schwann cell cluster (CDH19+/NRXN+/XKR4+)."
DOI_10.1016_j.isci.2024.111628,Schwann cell,,human,true,XKR4,explicit,Results,"Lastly, we identified a single Schwann cell cluster (CDH19+/NRXN+/XKR4+)."
DOI_10.1016_j.jcf.2025.01.016,Enteroendocrine cells,,human,false,CHGA,explicit,Results p.10,"detected 670 high-quality EECs, exhibiting high expression in markers CHGA and CHGB"
DOI_10.1016_j.jcf.2025.01.016,Enteroendocrine cells,,human,false,CHGB,explicit,Results p.10,"detected 670 high-quality EECs, exhibiting high expression in markers CHGA and CHGB"
DOI_10.1016_j.jcf.2025.01.016,Enteroendocrine cells,,human,false,NEUROD1,explicit,Methods: Cell type identification and signatures,"Enteroendocrine cells ( CHGA, CHGB, NEUROD1 )"
DOI_10.1016_j.jcf.2025.01.016,Enteroendocrine cells,enterochromaffin (EC) cells,human,false,TPH1,explicit,Results p.10,"The two most common EEC subsets were both enterochromaffin (EC) cells, expressing TPH1 and REG4."
DOI_10.1016_j.jcf.2025.01.016,Enteroendocrine cells,enterochromaffin (EC) cells,human,false,REG4,explicit,Results p.10,"The two most common EEC subsets were both enterochromaffin (EC) cells, expressing TPH1 and REG4."
DOI_10.1016_j.jcf.2025.01.016,Enteroendocrine cells,EC REG4+NPW+,human,false,NPW,explicit,Results p.10,EC REG4+NPW+ cells
DOI_10.1016_j.jcf.2025.01.016,Enteroendocrine cells,LEFTY1+,human,false,LEFTY1,explicit,Results p.12,We also detected a unique subset among CO EECs (Figure S6D) which was annotated as LEFTY1+.
DOI_10.1016_j.jcf.2025.01.016,myofibroblasts HHIP+NPNT+,,human,false,HHIP,explicit,Results p.12,denoted myofibroblasts HHIP+NPNT+ (Figure 1E)
DOI_10.1016_j.jcf.2025.01.016,myofibroblasts HHIP+NPNT+,,human,false,NPNT,explicit,Results p.12,denoted myofibroblasts HHIP+NPNT+ (Figure 1E)
DOI_10.1016_j.jcf.2025.01.016,myofibroblasts HHIP+NPNT+,,human,false,COL18A1,implied,Results p.12,"This myofibroblast population was enriched in genes involved in extracellular matrix deposition, such as COL18A1 and COL23A1 (Figure 5A)"
DOI_10.1016_j.jcf.2025.01.016,myofibroblasts HHIP+NPNT+,,human,false,COL23A1,implied,Results p.12,"This myofibroblast population was enriched in genes involved in extracellular matrix deposition, such as COL18A1 and COL23A1 (Figure 5A)"
DOI_10.1016_j.jcf.2025.01.016,myofibroblasts GREM1+GREM2+,,human,false,GREM1,explicit,Results p.12,the myofibroblast population denoted GREM1+GREM2+ (Figure 5B)
DOI_10.1016_j.jcf.2025.01.016,myofibroblasts GREM1+GREM2+,,human,false,GREM2,explicit,Results p.12,the myofibroblast population denoted GREM1+GREM2+ (Figure 5B)
DOI_10.1016_j.jcf.2025.01.016,fibroblast cluster SMOC2+PTGIS+,,human,false,SMOC2,explicit,Results p.5,including the SMOC2+PTGIS+ and ADAMDEC+ fibroblast clusters (Figure 1F)
DOI_10.1016_j.jcf.2025.01.016,fibroblast cluster SMOC2+PTGIS+,,human,false,PTGIS,explicit,Results p.5,including the SMOC2+PTGIS+ and ADAMDEC+ fibroblast clusters (Figure 1F)
DOI_10.1016_j.jcf.2025.01.016,fibroblast cluster ADAMDEC+,,human,false,ADAMDEC,explicit,Results p.5,including the SMOC2+PTGIS+ and ADAMDEC+ fibroblast clusters (Figure 1F)
DOI_10.1016_j.jcf.2025.01.016,IL-11-producing inflammation-associated fibroblast,,human,false,IL11,explicit,Results p.5,A previously identified interleukin (IL)-11-producing inflammation-associated fibroblast was expanded in the inflamed CO
DOI_10.1016_j.jcf.2025.01.016,pericytes HIGD1B+STEAP4+,,human,false,HIGD1B,explicit,Table 1,Highest mean expression cell type: pericytes HIGD1B+STEAP4+
DOI_10.1016_j.jcf.2025.01.016,pericytes HIGD1B+STEAP4+,,human,false,STEAP4,explicit,Table 1,Highest mean expression cell type: pericytes HIGD1B+STEAP4+
DOI_10.1016_j.jcf.2025.01.016,endothelial cells CA4+CD36+,,human,false,CA4,explicit,Table 1,Highest mean expression cell type: endothelial cells CA4+CD36+
DOI_10.1016_j.jcf.2025.01.016,endothelial cells CA4+CD36+,,human,false,CD36,explicit,Table 1,Highest mean expression cell type: endothelial cells CA4+CD36+
DOI_10.1016_j.jcf.2025.01.016,monocytes S100A8+S100A9+,,human,false,S100A8,explicit,Results p.5,the expansion of some subsets such as S100A8 S100A9 monocytes was strongly associated with active inflammation
DOI_10.1016_j.jcf.2025.01.016,monocytes S100A8+S100A9+,,human,false,S100A9,explicit,Results p.5,the expansion of some subsets such as S100A8 S100A9 monocytes was strongly associated with active inflammation
DOI_10.1016_j.jcf.2025.01.016,neutrophils S100A8+S100A9+,,human,false,S100A8,explicit,Table 1,Highest mean expression cell type: neutrophils S100A8+S100A9+
DOI_10.1016_j.jcf.2025.01.016,neutrophils S100A8+S100A9+,,human,false,S100A9,explicit,Table 1,Highest mean expression cell type: neutrophils S100A8+S100A9+
DOI_10.1016_j.jcf.2025.01.016,macrophages PLA2G2D+,,human,false,PLA2G2D,explicit,Table 1,Highest mean expression cell type: macrophages PLA2G2D+
DOI_10.1016_j.jcf.2025.01.016,macrophages LYVE1+,,human,false,LYVE1,explicit,Table 1,Highest mean expression cell type: macrophages LYVE1+
DOI_10.1016_j.jcf.2025.01.016,T cells OGT+,,human,false,OGT,explicit,Table 1,Highest mean expression cell type: T cells OGT+
DOI_10.1016_j.jcf.2025.01.016,enterocytes TMIGD1+MEP1A+,,human,false,TMIGD1,explicit,Table 1,Highest mean expression cell type: enterocytes TMIGD1+MEP1A+
DOI_10.1016_j.jcf.2025.01.016,enterocytes TMIGD1+MEP1A+,,human,false,MEP1A,explicit,Table 1,Highest mean expression cell type: enterocytes TMIGD1+MEP1A+
DOI_10.1016_j.jcf.2025.01.016,epithelial cells HBB+HBA+,,human,false,HBB,explicit,Table 1,Highest mean expression cell type: epithelial cells HBB+HBA+
DOI_10.1016_j.jcf.2025.01.016,epithelial cells HBB+HBA+,,human,false,HBA,explicit,Table 1,Highest mean expression cell type: epithelial cells HBB+HBA+
DOI_10.1016_j.jcf.2025.01.016,epithelial cells METTL12+MAFB+,,human,false,METTL12,explicit,Table 1,Highest mean expression cell type: epithelial cells METTL12+MAFB+
DOI_10.1016_j.jcf.2025.01.016,epithelial cells METTL12+MAFB+,,human,false,MAFB,explicit,Table 1,Highest mean expression cell type: epithelial cells METTL12+MAFB+
DOI_10.1016_j.jcf.2025.01.016,ID3+ENTPD1(CD39)+ IELs,,human,false,ID3,explicit,Results p.5,we identified a population of ID3+ENTPD1(CD39)+ IELs
DOI_10.1016_j.jcf.2025.01.016,ID3+ENTPD1(CD39)+ IELs,,human,false,ENTPD1,explicit,Results p.5,we identified a population of ID3+ENTPD1(CD39)+ IELs
DOI_10.1016_j.jcf.2025.01.016,ITGAE(CD103)+ENTPD1(CD39)+ IELs,,human,false,ITGAE,explicit,Results p.5,bona fide ITGAE(CD103)+ ENTPD1(CD39)+ IELs
DOI_10.1016_j.jcf.2025.01.016,ITGAE(CD103)+ENTPD1(CD39)+ IELs,,human,false,ENTPD1,explicit,Results p.5,bona fide ITGAE(CD103)+ ENTPD1(CD39)+ IELs
DOI_10.1016_j.jcf.2025.01.016,Enterocytes,,human,false,RBP2,explicit,Methods: Cell type identification and signatures,"Epithelial cells were clustered into Enterocytes ( RBP2 ,ANPEP ,FABP2 )"
DOI_10.1016_j.jcf.2025.01.016,Enterocytes,,human,false,ANPEP,explicit,Methods: Cell type identification and signatures,"Epithelial cells were clustered into Enterocytes ( RBP2 ,ANPEP ,FABP2 )"
DOI_10.1016_j.jcf.2025.01.016,Enterocytes,,human,false,FABP2,explicit,Methods: Cell type identification and signatures,"Epithelial cells were clustered into Enterocytes ( RBP2 ,ANPEP ,FABP2 )"
DOI_10.1016_j.jcf.2025.01.016,Enterocytes,BEST4+,human,false,BEST4,implied,Fig. S1,Cell type label 'Enterocytes BEST4+' in Fig. S1
DOI_10.1016_j.jcf.2025.01.016,Enterocytes,TMIGD1+ MEP1A+,human,false,TMIGD1,implied,Fig. S1,Cell type label 'Enterocytes TMIGD1+ MEP1A+' in Fig. S1
DOI_10.1016_j.jcf.2025.01.016,Enterocytes,TMIGD1+ MEP1A+,human,false,MEP1A,implied,Fig. S1,Cell type label 'Enterocytes TMIGD1+ MEP1A+' in Fig. S1
DOI_10.1016_j.jcf.2025.01.016,Enterocytes,CA1+ CA2+ CA4−,human,false,CA1,implied,Fig. S1,Cell type label 'Enterocytes CA1+ CA2+ CA4−' in Fig. S1
DOI_10.1016_j.jcf.2025.01.016,Enterocytes,CA1+ CA2+ CA4−,human,false,CA2,implied,Fig. S1,Cell type label 'Enterocytes CA1+ CA2+ CA4−' in Fig. S1
DOI_10.1016_j.jcf.2025.01.016,Enterocytes,TMIGD1+ MEP1A+ GSTA1+,human,false,TMIGD1,implied,Fig. S3,Cell type label 'Enterocytes TMIGD1+ MEP1A+ GSTA1+' in Fig. S3
DOI_10.1016_j.jcf.2025.01.016,Enterocytes,TMIGD1+ MEP1A+ GSTA1+,human,false,MEP1A,implied,Fig. S3,Cell type label 'Enterocytes TMIGD1+ MEP1A+ GSTA1+' in Fig. S3
DOI_10.1016_j.jcf.2025.01.016,Enterocytes,TMIGD1+ MEP1A+ GSTA1+,human,false,GSTA1,implied,Fig. S3,Cell type label 'Enterocytes TMIGD1+ MEP1A+ GSTA1+' in Fig. S3
DOI_10.1016_j.jcf.2025.01.016,Stem cells,,human,false,LGR5,explicit,Methods: Cell type identification and signatures,"Stem cells ( LGR5 ,ASCL2 ,SMOC2 ,RGMB ,OLFM4 )"
DOI_10.1016_j.jcf.2025.01.016,Stem cells,,human,false,ASCL2,explicit,Methods: Cell type identification and signatures,"Stem cells ( LGR5 ,ASCL2 ,SMOC2 ,RGMB ,OLFM4 )"
DOI_10.1016_j.jcf.2025.01.016,Stem cells,,human,false,SMOC2,explicit,Methods: Cell type identification and signatures,"Stem cells ( LGR5 ,ASCL2 ,SMOC2 ,RGMB ,OLFM4 )"
DOI_10.1016_j.jcf.2025.01.016,Stem cells,,human,false,RGMB,explicit,Methods: Cell type identification and signatures,"Stem cells ( LGR5 ,ASCL2 ,SMOC2 ,RGMB ,OLFM4 )"
DOI_10.1016_j.jcf.2025.01.016,Stem cells,,human,false,OLFM4,explicit,Methods: Cell type identification and signatures,"Stem cells ( LGR5 ,ASCL2 ,SMOC2 ,RGMB ,OLFM4 )"
DOI_10.1016_j.jcf.2025.01.016,Stem cells,OLFM4+,human,false,OLFM4,implied,Fig. S1,Cell type label 'Stem cells OLFM4+' in Fig. S1
DOI_10.1016_j.jcf.2025.01.016,Stem cells,OLFM4+ LGR5+,human,false,OLFM4,implied,Fig. S1,Cell type label 'Stem cells OLFM4+ LGR5+' in Fig. S1
DOI_10.1016_j.jcf.2025.01.016,Stem cells,OLFM4+ LGR5+,human,false,LGR5,implied,Fig. S1,Cell type label 'Stem cells OLFM4+ LGR5+' in Fig. S1
DOI_10.1016_j.jcf.2025.01.016,Stem cells,OLFM4+ PCNA+,human,false,OLFM4,implied,Fig. S1,Cell type label 'Stem cells OLFM4+ PCNA+' in Fig. S1
DOI_10.1016_j.jcf.2025.01.016,Stem cells,OLFM4+ PCNA+,human,false,PCNA,implied,Fig. S1,Cell type label 'Stem cells OLFM4+ PCNA+' in Fig. S1
DOI_10.1016_j.jcf.2025.01.016,Stem cells,OLFM4+ GSTA1+,human,false,OLFM4,implied,Fig. S3,Cell type label 'Stem cells OLFM4+ GSTA1+' in Fig. S3
DOI_10.1016_j.jcf.2025.01.016,Stem cells,OLFM4+ GSTA1+,human,false,GSTA1,implied,Fig. S3,Cell type label 'Stem cells OLFM4+ GSTA1+' in Fig. S3
DOI_10.1016_j.jcf.2025.01.016,Goblet cells,,human,false,CLCA1,explicit,Methods: Cell type identification and signatures,"Goblets ( CLCA1 ,SPDEF ,FCGBP ,ZG16 ,MUC2 )"
DOI_10.1016_j.jcf.2025.01.016,Goblet cells,,human,false,SPDEF,explicit,Methods: Cell type identification and signatures,"Goblets ( CLCA1 ,SPDEF ,FCGBP ,ZG16 ,MUC2 )"
DOI_10.1016_j.jcf.2025.01.016,Goblet cells,,human,false,FCGBP,explicit,Methods: Cell type identification and signatures,"Goblets ( CLCA1 ,SPDEF ,FCGBP ,ZG16 ,MUC2 )"
DOI_10.1016_j.jcf.2025.01.016,Goblet cells,,human,false,ZG16,explicit,Methods: Cell type identification and signatures,"Goblets ( CLCA1 ,SPDEF ,FCGBP ,ZG16 ,MUC2 )"
DOI_10.1016_j.jcf.2025.01.016,Goblet cells,,human,false,MUC2,explicit,Methods: Cell type identification and signatures,"Goblets ( CLCA1 ,SPDEF ,FCGBP ,ZG16 ,MUC2 )"
DOI_10.1016_j.jcf.2025.01.016,Goblet cells,MUC2+ TFF1−,human,false,MUC2,implied,Fig. S1,Cell type label 'Goblet cells MUC2+ TFF1−' in Fig. S1
DOI_10.1016_j.jcf.2025.01.016,Goblet cells,MUC2+ TFF1+,human,false,MUC2,implied,Fig. S1,Cell type label 'Goblet cells MUC2+ TFF1+' in Fig. S1
DOI_10.1016_j.jcf.2025.01.016,Goblet cells,MUC2+ TFF1+,human,false,TFF1,implied,Fig. S1,Cell type label 'Goblet cells MUC2+ TFF1+' in Fig. S1
DOI_10.1016_j.jcf.2025.01.016,Goblet cells,SPINK4+,human,false,SPINK4,implied,Fig. S1,Cell type label 'Goblet cells SPINK4+' in Fig. S1
DOI_10.1016_j.jcf.2025.01.016,Paneth cells,,human,false,DEFA5,explicit,Methods: Cell type identification and signatures,"Paneth cells ( DEFA5 ,DEFA6 ,REG3A )"
DOI_10.1016_j.jcf.2025.01.016,Paneth cells,,human,false,DEFA6,explicit,Methods: Cell type identification and signatures,"Paneth cells ( DEFA5 ,DEFA6 ,REG3A )"
DOI_10.1016_j.jcf.2025.01.016,Paneth cells,,human,false,REG3A,explicit,Methods: Cell type identification and signatures,"Paneth cells ( DEFA5 ,DEFA6 ,REG3A )"
DOI_10.1016_j.jcf.2025.01.016,Tuft cells,,human,false,LRMP,explicit,Methods: Cell type identification and signatures,"Tuft cells ( LRMP ,SH2D6 )"
DOI_10.1016_j.jcf.2025.01.016,Tuft cells,,human,false,SH2D6,explicit,Methods: Cell type identification and signatures,"Tuft cells ( LRMP ,SH2D6 )"
DOI_10.1016_j.jcf.2025.01.016,Enteroendocrine cells,EC LEFTY1+,human,false,LEFTY1,implied,Fig. S6,EEC subset label 'EC LEFTY1+' and 'Expression profiles of select top genes expressed in the LEFTY1+ cluster' in Fig. S6
DOI_10.1016_j.jcf.2025.01.016,Enteroendocrine cells,EC LEFTY1+,human,false,C10orf99,implied,Fig. S6,Expression profiles of select top genes expressed in the LEFTY1+ cluster include C10orf99
DOI_10.1016_j.jcf.2025.01.016,Enteroendocrine cells,EC LEFTY1+,human,false,NUPR1,implied,Fig. S6,Expression profiles of select top genes expressed in the LEFTY1+ cluster include NUPR1
DOI_10.1016_j.jcf.2025.01.016,Enteroendocrine cells,EC LEFTY1+,human,false,MGST1,implied,Fig. S6,Expression profiles of select top genes expressed in the LEFTY1+ cluster include MGST1
DOI_10.1016_j.jcf.2025.01.016,Enteroendocrine cells,EC LEFTY1+,human,false,FAM3D,implied,Fig. S6,Expression profiles of select top genes expressed in the LEFTY1+ cluster include FAM3D
DOI_10.1016_j.jcf.2025.01.016,Enteroendocrine cells,EC THP1+,human,false,TPH1,implied,Fig. S6,EEC subset label 'EC THP1+' and marker panel gene TPH1 in Fig. S6
DOI_10.1016_j.jcf.2025.01.016,Enteroendocrine cells,EC THP1+,human,false,CHGA,implied,Fig. S6,Marker panel for EEC subsets includes CHGA
DOI_10.1016_j.jcf.2025.01.016,Enteroendocrine cells,EC THP1+,human,false,CHGB,implied,Fig. S6,Marker panel for EEC subsets includes CHGB
DOI_10.1016_j.jcf.2025.01.016,Enteroendocrine cells,D/L/N cells,human,false,SST,implied,Fig. S6,"Marker panel for major EEC subsets includes SST, likely marking D/L/N cells"
DOI_10.1016_j.jcf.2025.01.016,Enteroendocrine cells,D/L/N cells,human,false,PYY,implied,Fig. S6,"Marker panel for major EEC subsets includes PYY, likely marking D/L/N cells"
DOI_10.1016_j.jcf.2025.01.016,Enteroendocrine cells,D/L/N cells,human,false,GCG,implied,Fig. S6,"Marker panel for major EEC subsets includes GCG, likely marking D/L/N cells"
DOI_10.1016_j.jcf.2025.01.016,Enteroendocrine cells,D/L/N cells,human,false,CHGB,implied,Fig. S6,Marker panel for major EEC subsets includes CHGB
DOI_10.1016_j.jcf.2025.01.016,Enteroendocrine cells,Progenitors NEUROG3+ SOX4+,human,false,NEUROG3,implied,Fig. S6,EEC subset label 'Progenitors NEUROG3+ SOX4+' in Fig. S6
DOI_10.1016_j.jcf.2025.01.016,Enteroendocrine cells,Progenitors NEUROG3+ SOX4+,human,false,SOX4,implied,Fig. S6,EEC subset label 'Progenitors NEUROG3+ SOX4+' in Fig. S6
DOI_10.1016_j.jcf.2025.01.016,Enterochromaffin cells,,human,false,TPH1,implied,Fig. S6,"EEC marker panel includes TPH1, a marker for enterochromaffin cells"
DOI_10.1016_j.jcf.2025.01.016,Enterochromaffin cells,,human,false,CHGA,implied,Fig. S6,"EEC marker panel includes CHGA, a marker for enterochromaffin cells"
DOI_10.1016_j.jcf.2025.01.016,Enterochromaffin cells,,human,false,CHGB,implied,Fig. S6,EEC marker panel includes CHGB
DOI_10.1016_j.jcf.2025.01.016,L cells,,human,false,GCG,implied,Fig. S3,Cell type label 'L cells' in Fig. S3; GCG is a known L cell marker shown in EEC marker panel
DOI_10.1016_j.jcf.2025.01.016,L cells,,human,false,PYY,implied,Fig. S3,Cell type label 'L cells' in Fig. S3; PYY is a known L cell marker shown in EEC marker panel
DOI_10.1016_j.jcf.2025.01.016,Epithelial Cycling cells,,human,false,UBE2C,explicit,Methods: Cell type identification and signatures,"Cycling cells ( UBE2C, TOP2A, MKI67, HMGB2 )"
DOI_10.1016_j.jcf.2025.01.016,Epithelial Cycling cells,,human,false,TOP2A,explicit,Methods: Cell type identification and signatures,"Cycling cells ( UBE2C, TOP2A, MKI67, HMGB2 )"
DOI_10.1016_j.jcf.2025.01.016,Epithelial Cycling cells,,human,false,MKI67,explicit,Methods: Cell type identification and signatures,"Cycling cells ( UBE2C, TOP2A, MKI67, HMGB2 )"
DOI_10.1016_j.jcf.2025.01.016,Epithelial Cycling cells,,human,false,HMGB2,explicit,Methods: Cell type identification and signatures,"Cycling cells ( UBE2C, TOP2A, MKI67, HMGB2 )"
DOI_10.1016_j.jcf.2025.01.016,Epithelial cells,HBB+ HBA+,human,false,HBB,implied,Fig. S3,Cell type label 'Epithelial cells HBB+ HBA+' in Fig. S3
DOI_10.1016_j.jcf.2025.01.016,Epithelial cells,HBB+ HBA+,human,false,HBA,implied,Fig. S3,Cell type label 'Epithelial cells HBB+ HBA+' in Fig. S3
DOI_10.1016_j.jcf.2025.01.016,Epithelial cells,METTL12+ MAFB+,human,false,METTL12,implied,Fig. S3,Cell type label 'Epithelial cells METTL12+ MAFB+' in Fig. S3
DOI_10.1016_j.jcf.2025.01.016,Epithelial cells,METTL12+ MAFB+,human,false,MAFB,implied,Fig. S3,Cell type label 'Epithelial cells METTL12+ MAFB+' in Fig. S3
DOI_10.1016_j.jcf.2025.01.016,Fibroblasts,,human,false,ADAMDEC1,explicit,Methods: Cell type identification and signatures,"Stromal cells were clustered into Fibroblasts ( ADAMDEC1, PDGFRA, BMP4 )"
DOI_10.1016_j.jcf.2025.01.016,Fibroblasts,,human,false,PDGFRA,explicit,Methods: Cell type identification and signatures,"Stromal cells were clustered into Fibroblasts ( ADAMDEC1, PDGFRA, BMP4 )"
DOI_10.1016_j.jcf.2025.01.016,Fibroblasts,,human,false,BMP4,explicit,Methods: Cell type identification and signatures,"Stromal cells were clustered into Fibroblasts ( ADAMDEC1, PDGFRA, BMP4 )"
DOI_10.1016_j.jcf.2025.01.016,Fibroblasts,ADAMDEC1+,human,false,ADAMDEC1,implied,Fig. S1,Cell type label 'Fibroblasts ADAMDEC1+' in Fig. S1
DOI_10.1016_j.jcf.2025.01.016,Fibroblasts,KCNN3+ LY6H+,human,false,KCNN3,implied,Fig. S1,Cell type label 'Fibroblasts KCNN3+ LY6H+' in Fig. S1
DOI_10.1016_j.jcf.2025.01.016,Fibroblasts,KCNN3+ LY6H+,human,false,LY6H,implied,Fig. S1,Cell type label 'Fibroblasts KCNN3+ LY6H+' in Fig. S1
DOI_10.1016_j.jcf.2025.01.016,Fibroblasts,NPY+ SLITRK6+,human,false,NPY,implied,Fig. S1,Cell type label 'Fibroblasts NPY+ SLITRK6+' in Fig. S1
DOI_10.1016_j.jcf.2025.01.016,Fibroblasts,NPY+ SLITRK6+,human,false,SLITRK6,implied,Fig. S1,Cell type label 'Fibroblasts NPY+ SLITRK6+' in Fig. S1
DOI_10.1016_j.jcf.2025.01.016,Fibroblasts,SFRP2+ SLPI+,human,false,SFRP2,implied,Fig. S1,Cell type label 'Fibroblasts SFRP2+ SLPI+' in Fig. S1
DOI_10.1016_j.jcf.2025.01.016,Fibroblasts,SFRP2+ SLPI+,human,false,SLPI,implied,Fig. S1,Cell type label 'Fibroblasts SFRP2+ SLPI+' in Fig. S1
DOI_10.1016_j.jcf.2025.01.016,Fibroblasts,SMOC2+ PTGIS+,human,false,SMOC2,implied,Fig. S1,Cell type label 'Fibroblasts SMOC2+ PTGIS+' in Fig. S1
DOI_10.1016_j.jcf.2025.01.016,Fibroblasts,SMOC2+ PTGIS+,human,false,PTGIS,implied,Fig. S1,Cell type label 'Fibroblasts SMOC2+ PTGIS+' in Fig. S1
DOI_10.1016_j.jcf.2025.01.016,Activated fibroblasts,CCL19+ ADAMDEC1+,human,false,CCL19,implied,Fig. S1,Cell type label 'Activated fibroblasts CCL19+ ADAMDEC1+' in Fig. S1
DOI_10.1016_j.jcf.2025.01.016,Activated fibroblasts,CCL19+ ADAMDEC1+,human,false,ADAMDEC1,implied,Fig. S1,Cell type label 'Activated fibroblasts CCL19+ ADAMDEC1+' in Fig. S1
DOI_10.1016_j.jcf.2025.01.016,Inflammatory fibroblasts,IL11+ CHI3L1+,human,false,IL11,implied,Fig. S1,Cell type label 'Inflammatory fibroblasts IL11+ CHI3L1+' in Fig. S1
DOI_10.1016_j.jcf.2025.01.016,Inflammatory fibroblasts,IL11+ CHI3L1+,human,false,CHI3L1,implied,Fig. S1,Cell type label 'Inflammatory fibroblasts IL11+ CHI3L1+' in Fig. S1
DOI_10.1016_j.jcf.2025.01.016,Myofibroblasts,,human,false,TAGLN,explicit,Methods: Cell type identification and signatures,"Myofibroblasts ( TAGLN, ACTG2 )"
DOI_10.1016_j.jcf.2025.01.016,Myofibroblasts,,human,false,ACTG2,explicit,Methods: Cell type identification and signatures,"Myofibroblasts ( TAGLN, ACTG2 )"
DOI_10.1016_j.jcf.2025.01.016,Myofibroblasts,GREM1+ GREM2+,human,false,GREM1,implied,Fig. S1,Cell type label 'Myofibroblasts GREM1+ GREM2+' in Fig. S1
DOI_10.1016_j.jcf.2025.01.016,Myofibroblasts,GREM1+ GREM2+,human,false,GREM2,implied,Fig. S1,Cell type label 'Myofibroblasts GREM1+ GREM2+' in Fig. S1
DOI_10.1016_j.jcf.2025.01.016,Myofibroblasts,HHIP+ NPNT+,human,false,HHIP,implied,Fig. S1,Cell type label 'Myofibroblasts HHIP+ NPNT+' in Fig. S1
DOI_10.1016_j.jcf.2025.01.016,Myofibroblasts,HHIP+ NPNT+,human,false,NPNT,implied,Fig. S1,Cell type label 'Myofibroblasts HHIP+ NPNT+' in Fig. S1
DOI_10.1016_j.jcf.2025.01.016,Myofibroblasts,DES+ GREM1/2+,human,false,DES,implied,Fig. S6,Cell type label 'Myofibroblast DES+ GREM1/2+' in Fig. S6
DOI_10.1016_j.jcf.2025.01.016,Myofibroblasts,DES+ GREM1/2+,human,false,GREM1,implied,Fig. S6,Cell type label 'Myofibroblast DES+ GREM1/2+' in Fig. S6
DOI_10.1016_j.jcf.2025.01.016,Myofibroblasts,DES+ GREM1/2+,human,false,GREM2,implied,Fig. S6,Cell type label 'Myofibroblast DES+ GREM1/2+' in Fig. S6
DOI_10.1016_j.jcf.2025.01.016,Lymphatics,,human,false,CCL21,explicit,Methods: Cell type identification and signatures,"Lymphatics ( CCL21, TFF3 )"
DOI_10.1016_j.jcf.2025.01.016,Lymphatics,,human,false,TFF3,explicit,Methods: Cell type identification and signatures,"Lymphatics ( CCL21, TFF3 )"
DOI_10.1016_j.jcf.2025.01.016,Endothelial cells,,human,false,CD36,explicit,Methods: Cell type identification and signatures,"Endothelial cells ( CD36, DARC/ACKR1 )"
DOI_10.1016_j.jcf.2025.01.016,Endothelial cells,,human,false,DARC,explicit,Methods: Cell type identification and signatures,"Endothelial cells ( CD36, DARC/ACKR1 )"
DOI_10.1016_j.jcf.2025.01.016,Endothelial cells,,human,false,ACKR1,explicit,Methods: Cell type identification and signatures,"Endothelial cells ( CD36, DARC/ACKR1 )"
DOI_10.1016_j.jcf.2025.01.016,Endothelial cells,CD36+,human,false,CD36,implied,Fig. S1,Cell type label 'Endothelial cells CD36+' in Fig. S1
DOI_10.1016_j.jcf.2025.01.016,Endothelial cells,DARC+,human,false,DARC,implied,Fig. S1,Cell type label 'Endothelial cells DARC+' in Fig. S1
DOI_10.1016_j.jcf.2025.01.016,Endothelial cells,LTC4S+ SEMA3G+,human,false,LTC4S,implied,Fig. S1,Cell type label 'Endothelial cells LTC4S+ SEMA3G+' in Fig. S1
DOI_10.1016_j.jcf.2025.01.016,Endothelial cells,LTC4S+ SEMA3G+,human,false,SEMA3G,implied,Fig. S1,Cell type label 'Endothelial cells LTC4S+ SEMA3G+' in Fig. S1
DOI_10.1016_j.jcf.2025.01.016,Endothelial cells,CA4+ CD36+,human,false,CA4,implied,Fig. S1,Cell type label 'Endothelial cells CA4+ CD36+' in Fig. S1
DOI_10.1016_j.jcf.2025.01.016,Endothelial cells,CA4+ CD36+,human,false,CD36,implied,Fig. S1,Cell type label 'Endothelial cells CA4+ CD36+' in Fig. S1
DOI_10.1016_j.jcf.2025.01.016,Pericytes,,human,false,NOTCH3,explicit,Methods: Cell type identification and signatures,"Pericytes ( NOTCH3, MCAM/CD146, RGS5 )"
DOI_10.1016_j.jcf.2025.01.016,Pericytes,,human,false,MCAM,explicit,Methods: Cell type identification and signatures,"Pericytes ( NOTCH3, MCAM/CD146, RGS5 )"
DOI_10.1016_j.jcf.2025.01.016,Pericytes,,human,false,RGS5,explicit,Methods: Cell type identification and signatures,"Pericytes ( NOTCH3, MCAM/CD146, RGS5 )"
DOI_10.1016_j.jcf.2025.01.016,Pericytes,HIGD1B+ STEAP4+,human,false,HIGD1B,implied,Fig. S1,Cell type label 'Pericytes HIGD1B+ STEAP4+' in Fig. S1
DOI_10.1016_j.jcf.2025.01.016,Pericytes,HIGD1B+ STEAP4+,human,false,STEAP4,implied,Fig. S1,Cell type label 'Pericytes HIGD1B+ STEAP4+' in Fig. S1
DOI_10.1016_j.jcf.2025.01.016,Pericytes,RERGL+ NTRK2+,human,false,RERGL,implied,Fig. S3,Cell type label 'Pericytes RERGL+ NTRK2+' in Fig. S3
DOI_10.1016_j.jcf.2025.01.016,Pericytes,RERGL+ NTRK2+,human,false,NTRK2,implied,Fig. S3,Cell type label 'Pericytes RERGL+ NTRK2+' in Fig. S3
DOI_10.1016_j.jcf.2025.01.016,Glial cells,,human,true,FOXD3,explicit,Methods: Cell type identification and signatures,"Glial cells (FOXD3, MPZ, CDH19, PLP1, SOX10, S100B, ERBB3)"
DOI_10.1016_j.jcf.2025.01.016,Glial cells,,human,true,MPZ,explicit,Methods: Cell type identification and signatures,"Glial cells (FOXD3, MPZ, CDH19, PLP1, SOX10, S100B, ERBB3)"
DOI_10.1016_j.jcf.2025.01.016,Glial cells,,human,true,CDH19,explicit,Methods: Cell type identification and signatures,"Glial cells (FOXD3, MPZ, CDH19, PLP1, SOX10, S100B, ERBB3)"
DOI_10.1016_j.jcf.2025.01.016,Glial cells,,human,true,PLP1,explicit,Methods: Cell type identification and signatures,"Glial cells (FOXD3, MPZ, CDH19, PLP1, SOX10, S100B, ERBB3)"
DOI_10.1016_j.jcf.2025.01.016,Glial cells,,human,true,SOX10,explicit,Methods: Cell type identification and signatures,"Glial cells (FOXD3, MPZ, CDH19, PLP1, SOX10, S100B, ERBB3)"
DOI_10.1016_j.jcf.2025.01.016,Glial cells,,human,true,S100B,explicit,Methods: Cell type identification and signatures,"Glial cells (FOXD3, MPZ, CDH19, PLP1, SOX10, S100B, ERBB3)"
DOI_10.1016_j.jcf.2025.01.016,Glial cells,,human,true,ERBB3,explicit,Methods: Cell type identification and signatures,"Glial cells (FOXD3, MPZ, CDH19, PLP1, SOX10, S100B, ERBB3)"
DOI_10.1016_j.jcf.2025.01.016,Stromal Cycling cells,,human,false,UBE2C,inferred,Methods: Cell type identification and signatures,"Cycling cells markers UBE2C, TOP2A, MKI67, HMGB2 described in Methods; inferred for Stromal Cycling cells"
DOI_10.1016_j.jcf.2025.01.016,Stromal Cycling cells,,human,false,TOP2A,inferred,Methods: Cell type identification and signatures,"Cycling cells markers UBE2C, TOP2A, MKI67, HMGB2 described in Methods; inferred for Stromal Cycling cells"
DOI_10.1016_j.jcf.2025.01.016,Stromal Cycling cells,,human,false,MKI67,inferred,Methods: Cell type identification and signatures,"Cycling cells markers UBE2C, TOP2A, MKI67, HMGB2 described in Methods; inferred for Stromal Cycling cells"
DOI_10.1016_j.jcf.2025.01.016,Stromal Cycling cells,,human,false,HMGB2,inferred,Methods: Cell type identification and signatures,"Cycling cells markers UBE2C, TOP2A, MKI67, HMGB2 described in Methods; inferred for Stromal Cycling cells"
DOI_10.1016_j.jcf.2025.01.016,Myeloid cells,,human,false,CD14,explicit,Methods: Cell type identification and signatures,"Immune cells were first clustered into ... Myeloid cells ( CD14, CD16, HLA-DR )"
DOI_10.1016_j.jcf.2025.01.016,Myeloid cells,,human,false,CD16,explicit,Methods: Cell type identification and signatures,"Immune cells were first clustered into ... Myeloid cells ( CD14, CD16, HLA-DR )"
DOI_10.1016_j.jcf.2025.01.016,Myeloid cells,,human,false,HLA-DR,explicit,Methods: Cell type identification and signatures,"Immune cells were first clustered into ... Myeloid cells ( CD14, CD16, HLA-DR )"
DOI_10.1016_j.jcf.2025.01.016,T cells,,human,false,CD3D,explicit,Methods: Cell type identification and signatures,"Immune cells were first clustered into T cells ( CD3D, CD3G, CD3E )"
DOI_10.1016_j.jcf.2025.01.016,T cells,,human,false,CD3G,explicit,Methods: Cell type identification and signatures,"Immune cells were first clustered into T cells ( CD3D, CD3G, CD3E )"
DOI_10.1016_j.jcf.2025.01.016,T cells,,human,false,CD3E,explicit,Methods: Cell type identification and signatures,"Immune cells were first clustered into T cells ( CD3D, CD3G, CD3E )"
DOI_10.1016_j.jcf.2025.01.016,T cells,CD4+,human,false,CD4,explicit,Methods: Cell type identification and signatures,T cells were further sub-clustered into CD4 T cells ( CD4)
DOI_10.1016_j.jcf.2025.01.016,T cells,CD4+ FOSB+,human,false,CD4,implied,Fig. S1,Cell type label 'T cells CD4+ FOSB+' in Fig. S1
DOI_10.1016_j.jcf.2025.01.016,T cells,CD4+ FOSB+,human,false,FOSB,implied,Fig. S1,Cell type label 'T cells CD4+ FOSB+' in Fig. S1
DOI_10.1016_j.jcf.2025.01.016,T cells,CD4+ IL17A+,human,false,CD4,explicit,Methods: Cell type identification and signatures,Some cell clusters were further subdivided ... identified by one or two genes ... for example T cells CD4+IL17A+
DOI_10.1016_j.jcf.2025.01.016,T cells,CD4+ IL17A+,human,false,IL17A,explicit,Methods: Cell type identification and signatures,Some cell clusters were further subdivided ... identified by one or two genes ... for example T cells CD4+IL17A+
DOI_10.1016_j.jcf.2025.01.016,T cells,CD8+,human,false,CD8A,explicit,Methods: Cell type identification and signatures,"T cells were further sub-clustered into CD8 T cells ( CD8A, CD8B )"
DOI_10.1016_j.jcf.2025.01.016,T cells,CD8+,human,false,CD8B,explicit,Methods: Cell type identification and signatures,"T cells were further sub-clustered into CD8 T cells ( CD8A, CD8B )"
DOI_10.1016_j.jcf.2025.01.016,T cells,CD8+ KLRG1+,human,false,CD8A,implied,Fig. S1,Cell type label 'T cells CD8+ KLRG1+' in Fig. S1
DOI_10.1016_j.jcf.2025.01.016,T cells,CD8+ KLRG1+,human,false,CD8B,implied,Fig. S1,Cell type label 'T cells CD8+ KLRG1+' in Fig. S1
DOI_10.1016_j.jcf.2025.01.016,T cells,CD8+ KLRG1+,human,false,KLRG1,implied,Fig. S1,Cell type label 'T cells CD8+ KLRG1+' in Fig. S1
DOI_10.1016_j.jcf.2025.01.016,T cells,Naive CD4+,human,false,CD4,implied,Fig. S1,Cell type label 'T cells Naive CD4+' in Fig. S1
DOI_10.1016_j.jcf.2025.01.016,T cells,OGT+,human,false,OGT,implied,Fig. S1,Cell type label 'T cells OGT+' in Fig. S1
DOI_10.1016_j.jcf.2025.01.016,IELs,ID3+ ENTPD1+,human,false,ID3,implied,Fig. S2,Cell type label 'IELs ID3+ ENTPD1+' in Fig. S2
DOI_10.1016_j.jcf.2025.01.016,IELs,ID3+ ENTPD1+,human,false,ENTPD1,implied,Fig. S2,Cell type label 'IELs ID3+ ENTPD1+' in Fig. S2
DOI_10.1016_j.jcf.2025.01.016,NK cells,,human,false,EOMES,explicit,Methods: Cell type identification and signatures,"T cells were further sub-clustered into ... NK cells ( EOMES ,PRF1, NKG7 )"
DOI_10.1016_j.jcf.2025.01.016,NK cells,,human,false,PRF1,explicit,Methods: Cell type identification and signatures,"T cells were further sub-clustered into ... NK cells ( EOMES ,PRF1, NKG7 )"
DOI_10.1016_j.jcf.2025.01.016,NK cells,,human,false,NKG7,explicit,Methods: Cell type identification and signatures,"T cells were further sub-clustered into ... NK cells ( EOMES ,PRF1, NKG7 )"
DOI_10.1016_j.jcf.2025.01.016,NK cells,KLRF1+ CD3G−,human,false,KLRF1,implied,Fig. S1,Cell type label 'NK cells KLRF1+ CD3G−' in Fig. S1
DOI_10.1016_j.jcf.2025.01.016,NK-like cells,ID3+ ENTPD1+,human,false,ID3,implied,Fig. S1,Cell type label 'NK-like cells ID3+ ENTPD1+' in Fig. S1
DOI_10.1016_j.jcf.2025.01.016,NK-like cells,ID3+ ENTPD1+,human,false,ENTPD1,implied,Fig. S1,Cell type label 'NK-like cells ID3+ ENTPD1+' in Fig. S1
DOI_10.1016_j.jcf.2025.01.016,ILCs,,human,false,RORC,explicit,Methods: Cell type identification and signatures,"ILCs ( RORC ,IL1R1, IL23R, KIT ,TNFSF4, PCDH9 )"
DOI_10.1016_j.jcf.2025.01.016,ILCs,,human,false,IL1R1,explicit,Methods: Cell type identification and signatures,"ILCs ( RORC ,IL1R1, IL23R, KIT ,TNFSF4, PCDH9 )"
DOI_10.1016_j.jcf.2025.01.016,ILCs,,human,false,IL23R,explicit,Methods: Cell type identification and signatures,"ILCs ( RORC ,IL1R1, IL23R, KIT ,TNFSF4, PCDH9 )"
DOI_10.1016_j.jcf.2025.01.016,ILCs,,human,false,KIT,explicit,Methods: Cell type identification and signatures,"ILCs ( RORC ,IL1R1, IL23R, KIT ,TNFSF4, PCDH9 )"
DOI_10.1016_j.jcf.2025.01.016,ILCs,,human,false,TNFSF4,explicit,Methods: Cell type identification and signatures,"ILCs ( RORC ,IL1R1, IL23R, KIT ,TNFSF4, PCDH9 )"
DOI_10.1016_j.jcf.2025.01.016,ILCs,,human,false,PCDH9,explicit,Methods: Cell type identification and signatures,"ILCs ( RORC ,IL1R1, IL23R, KIT ,TNFSF4, PCDH9 )"
DOI_10.1016_j.jcf.2025.01.016,B cells,,human,false,CD79A,explicit,Methods: Cell type identification and signatures,"B cells ( CD79A, MS4A1/CD20, CD19 )"
DOI_10.1016_j.jcf.2025.01.016,B cells,,human,false,MS4A1,explicit,Methods: Cell type identification and signatures,"B cells ( CD79A, MS4A1/CD20, CD19 ); B cells ( BANK, MS4A1/CD30, ADAM28, VPREB3 )"
DOI_10.1016_j.jcf.2025.01.016,B cells,,human,false,CD19,explicit,Methods: Cell type identification and signatures,"B cells ( CD79A, MS4A1/CD20, CD19 )"
DOI_10.1016_j.jcf.2025.01.016,B cells,,human,false,BANK,explicit,Methods: Cell type identification and signatures,"B cells ( BANK, MS4A1/CD30, ADAM28, VPREB3 )"
DOI_10.1016_j.jcf.2025.01.016,B cells,,human,false,ADAM28,explicit,Methods: Cell type identification and signatures,"B cells ( BANK, MS4A1/CD30, ADAM28, VPREB3 )"
DOI_10.1016_j.jcf.2025.01.016,B cells,,human,false,VPREB3,explicit,Methods: Cell type identification and signatures,"B cells ( BANK, MS4A1/CD30, ADAM28, VPREB3 )"
DOI_10.1016_j.jcf.2025.01.016,B cells,AICDA+ LRMP+,human,false,AICDA,implied,Fig. S1,Cell type label 'B cells AICDA+ LRMP+' in Fig. S1
DOI_10.1016_j.jcf.2025.01.016,B cells,AICDA+ LRMP+,human,false,LRMP,implied,Fig. S1,Cell type label 'B cells AICDA+ LRMP+' in Fig. S1
DOI_10.1016_j.jcf.2025.01.016,Plasma cells,,human,false,SDC1,explicit,Methods: Cell type identification and signatures,"Plasma cells ( SDC1, MZB1, SSR4, XBP1 )"
DOI_10.1016_j.jcf.2025.01.016,Plasma cells,,human,false,MZB1,explicit,Methods: Cell type identification and signatures,"Plasma cells ( SDC1, MZB1, SSR4, XBP1 )"
DOI_10.1016_j.jcf.2025.01.016,Plasma cells,,human,false,SSR4,explicit,Methods: Cell type identification and signatures,"Plasma cells ( SDC1, MZB1, SSR4, XBP1 )"
DOI_10.1016_j.jcf.2025.01.016,Plasma cells,,human,false,XBP1,explicit,Methods: Cell type identification and signatures,"Plasma cells ( SDC1, MZB1, SSR4, XBP1 )"
DOI_10.1016_j.jcf.2025.01.016,GC B cells,,human,false,LRMP,explicit,Methods: Cell type identification and signatures,"Germinal Center (GC) B cells ( LRMP, GPT2, PAG1 )"
DOI_10.1016_j.jcf.2025.01.016,GC B cells,,human,false,GPT2,explicit,Methods: Cell type identification and signatures,"Germinal Center (GC) B cells ( LRMP, GPT2, PAG1 )"
DOI_10.1016_j.jcf.2025.01.016,GC B cells,,human,false,PAG1,explicit,Methods: Cell type identification and signatures,"Germinal Center (GC) B cells ( LRMP, GPT2, PAG1 )"
DOI_10.1016_j.jcf.2025.01.016,Mast cells,,human,false,GATA2,explicit,Methods: Cell type identification and signatures,"Myeloid cells were sub-clustered into Mast cells ( GATA2, CPA3, HPGDS )"
DOI_10.1016_j.jcf.2025.01.016,Mast cells,,human,false,CPA3,explicit,Methods: Cell type identification and signatures,"Myeloid cells were sub-clustered into Mast cells ( GATA2, CPA3, HPGDS )"
DOI_10.1016_j.jcf.2025.01.016,Mast cells,,human,false,HPGDS,explicit,Methods: Cell type identification and signatures,"Myeloid cells were sub-clustered into Mast cells ( GATA2, CPA3, HPGDS )"
DOI_10.1016_j.jcf.2025.01.016,Macrophages,,human,false,CD163,explicit,Methods: Cell type identification and signatures,"Myeloid cells were sub-clustered into ... classical Macrophages (CD163, C1QB, C1QC )"
DOI_10.1016_j.jcf.2025.01.016,Macrophages,,human,false,C1QB,explicit,Methods: Cell type identification and signatures,"Myeloid cells were sub-clustered into ... classical Macrophages (CD163, C1QB, C1QC )"
DOI_10.1016_j.jcf.2025.01.016,Macrophages,,human,false,C1QC,explicit,Methods: Cell type identification and signatures,"Myeloid cells were sub-clustered into ... classical Macrophages (CD163, C1QB, C1QC )"
DOI_10.1016_j.jcf.2025.01.016,Macrophages,CCL3+ CCL4+,human,false,CCL3,implied,Fig. S1,Cell type label 'Macrophages CCL3+ CCL4+' in Fig. S1
DOI_10.1016_j.jcf.2025.01.016,Macrophages,CCL3+ CCL4+,human,false,CCL4,implied,Fig. S1,Cell type label 'Macrophages CCL3+ CCL4+' in Fig. S1
DOI_10.1016_j.jcf.2025.01.016,Macrophages,LYVE1+,human,false,LYVE1,implied,Fig. S1,Cell type label 'Macrophages LYVE1+' in Fig. S1
DOI_10.1016_j.jcf.2025.01.016,Macrophages,CXCL9+ CXCL10+,human,false,CXCL9,implied,Fig. S4,Cell type label 'Macrophages CXCL9+ CXCL10+' in Fig. S4
DOI_10.1016_j.jcf.2025.01.016,Macrophages,CXCL9+ CXCL10+,human,false,CXCL10,implied,Fig. S4,Cell type label 'Macrophages CXCL9+ CXCL10+' in Fig. S4
DOI_10.1016_j.jcf.2025.01.016,Macrophages,PLA2G2D+,human,false,PLA2G2D,implied,Fig. S4,Cell type label 'Macrophages PLA2G2D+' in Fig. S4
DOI_10.1016_j.jcf.2025.01.016,Monocytes,,human,false,FCN1,explicit,Methods: Cell type identification and signatures,"Myeloid cells were sub-clustered into ... classical Monocytes ( FCN1, S100A4, S100A6 )"
DOI_10.1016_j.jcf.2025.01.016,Monocytes,,human,false,S100A4,explicit,Methods: Cell type identification and signatures,"Myeloid cells were sub-clustered into ... classical Monocytes ( FCN1, S100A4, S100A6 )"
DOI_10.1016_j.jcf.2025.01.016,Monocytes,,human,false,S100A6,explicit,Methods: Cell type identification and signatures,"Myeloid cells were sub-clustered into ... classical Monocytes ( FCN1, S100A4, S100A6 )"
DOI_10.1016_j.jcf.2025.01.016,Monocytes,CHI3L1+ CYP27A1+,human,false,CHI3L1,implied,Fig. S1,Cell type label 'Monocytes CHI3L1+ CYP27A1+' in Fig. S1
DOI_10.1016_j.jcf.2025.01.016,Monocytes,CHI3L1+ CYP27A1+,human,false,CYP27A1,implied,Fig. S1,Cell type label 'Monocytes CHI3L1+ CYP27A1+' in Fig. S1
DOI_10.1016_j.jcf.2025.01.016,Monocytes,S100A8+ S100A9+,human,false,S100A8,implied,Fig. S1,Cell type label 'Monocytes S100A8+ S100A9+' in Fig. S1
DOI_10.1016_j.jcf.2025.01.016,Monocytes,S100A8+ S100A9+,human,false,S100A9,implied,Fig. S1,Cell type label 'Monocytes S100A8+ S100A9+' in Fig. S1
DOI_10.1016_j.jcf.2025.01.016,Neutrophils,S100A8+ S100A9+,human,false,S100A8,implied,Fig. S4,Cell type label 'Neutrophils S100A8+ S100A9+' in Fig. S4
DOI_10.1016_j.jcf.2025.01.016,Neutrophils,S100A8+ S100A9+,human,false,S100A9,implied,Fig. S4,Cell type label 'Neutrophils S100A8+ S100A9+' in Fig. S4
DOI_10.1016_j.jcf.2025.01.016,DC1,,human,false,CLEC9A,explicit,Methods: Cell type identification and signatures,"DC1 ( CLEC9A, XCR1 )"
DOI_10.1016_j.jcf.2025.01.016,DC1,,human,false,XCR1,explicit,Methods: Cell type identification and signatures,"DC1 ( CLEC9A, XCR1 )"
DOI_10.1016_j.jcf.2025.01.016,DC2,,human,false,CLEC10A,explicit,Methods: Cell type identification and signatures,"DC2 ( CLEC10A, FCER1A )"
DOI_10.1016_j.jcf.2025.01.016,DC2,,human,false,FCER1A,explicit,Methods: Cell type identification and signatures,"DC2 ( CLEC10A, FCER1A )"
DOI_10.1016_j.jcf.2025.01.016,DC2,CD1D−,human,false,CLEC10A,implied,Fig. S1,Cell type label 'DC2 CD1D−' in Fig. S1; DC2 markers CLEC10A/FCER1A from Methods
DOI_10.1016_j.jcf.2025.01.016,DC2,CD1D−,human,false,FCER1A,implied,Fig. S1,Cell type label 'DC2 CD1D−' in Fig. S1; DC2 markers CLEC10A/FCER1A from Methods
DOI_10.1016_j.jcf.2025.01.016,DC2,CD1D+,human,false,CLEC10A,implied,Fig. S1,Cell type label 'DC2 CD1D+' in Fig. S1; DC2 markers CLEC10A/FCER1A from Methods
DOI_10.1016_j.jcf.2025.01.016,DC2,CD1D+,human,false,FCER1A,implied,Fig. S1,Cell type label 'DC2 CD1D+' in Fig. S1; DC2 markers CLEC10A/FCER1A from Methods
DOI_10.1016_j.jcf.2025.01.016,DC2,CD1D+,human,false,CD1D,implied,Fig. S1,Cell type label 'DC2 CD1D+' in Fig. S1
DOI_10.1016_j.jcf.2025.01.016,Immune Cycling cells,,human,false,UBE2C,inferred,Methods: Cell type identification and signatures,"Cycling cells markers UBE2C, TOP2A, MKI67, HMGB2 described in Methods; inferred for Immune Cycling cells"
DOI_10.1016_j.jcf.2025.01.016,Immune Cycling cells,,human,false,TOP2A,inferred,Methods: Cell type identification and signatures,"Cycling cells markers UBE2C, TOP2A, MKI67, HMGB2 described in Methods; inferred for Immune Cycling cells"
DOI_10.1016_j.jcf.2025.01.016,Immune Cycling cells,,human,false,MKI67,inferred,Methods: Cell type identification and signatures,"Cycling cells markers UBE2C, TOP2A, MKI67, HMGB2 described in Methods; inferred for Immune Cycling cells"
DOI_10.1016_j.jcf.2025.01.016,Immune Cycling cells,,human,false,HMGB2,inferred,Methods: Cell type identification and signatures,"Cycling cells markers UBE2C, TOP2A, MKI67, HMGB2 described in Methods; inferred for Immune Cycling cells"
DOI_10.1016_j.jcmgh.2022.02.007,multipotent progenitors,,human,false,SOX9,explicit,Introduction,"The bud tip epithelium comprises SOX9+, ID2+ multipotent progenitors that self-renew during branching."
DOI_10.1016_j.jcmgh.2022.02.007,multipotent progenitors,,human,false,ID2,explicit,Introduction,"The bud tip epithelium comprises SOX9+, ID2+ multipotent progenitors that self-renew during branching."
DOI_10.1016_j.xcrm.2024.101556,Schwann cells,,human,true,MPZ,explicit,Fig.1G,"Spatial expression (Resolve Biosciences) of the CM (CHRM2), EEC (PCDH7), FB (ABCA6), MESO (PRG4), and Schwann cell (SC) (MPZ) marker genes in the right atrial tissue of IHD sample."
DOI_10.1038_s41467_021_21783_3,Avd,,mouse,false,Csn2,explicit,"Fig.2c, d","The Avd cluster was accompanied by the expression of known markers of alveologenesis such as the milk protein beta-casein (Csn2) and the transcription factor Elf5 (Fig. 2c, d)."
DOI_10.1038_s41467_021_21783_3,Avd,,mouse,false,Elf5,explicit,"Fig.2c, d","The Avd cluster was accompanied by the expression of known markers of alveologenesis such as the milk protein beta-casein (Csn2) and the transcription factor Elf5 (Fig. 2c, d)."
DOI_10.1038_s41467_021_21783_3,Avd,,mouse,false,Wap,explicit,Fig.4c,Gene expression for the paracrine signalling factors Rankl and Igf2 in hormone-sensing cells and the alveolar markers Csn2 and Wap in luminal progenitors and alveolar cells.
DOI_10.1038_s41467_021_21783_3,Avd,,mouse,false,Spp1,implied,Fig.4e,Spp1 is up-regulated specifically in Avd during tumourigenesis and ultimately also highly expressed by the tumour (Fig. 4e and Supplementary Fig. 6e).
DOI_10.1038_s41467_021_21783_3,Tregs,,mouse,false,Klrg1,explicit,Results p.5,"Compared to wild-type animals, Tregs from stage 1 show reduced expression of Klrg1 and Il1rl1, two markers of tissue resident Tregs, suggesting an early influx of Tregs from the circulatory system preceding tumour formation (Fig. 4g)."
DOI_10.1038_s41467_021_21783_3,Tregs,,mouse,false,Il1rl1,explicit,Results p.5,"Compared to wild-type animals, Tregs from stage 1 show reduced expression of Klrg1 and Il1rl1, two markers of tissue resident Tregs, suggesting an early influx of Tregs from the circulatory system preceding tumour formation (Fig. 4g)."
DOI_10.1038_s41467_021_21783_3,Tam 1,,mouse,false,Arg1,explicit,Results p.6,"We further found two types of tumour-associated macrophages Tam 1 (marked by Arg1, Spp1 and Trem2) and Tam 2 (marked by C1qb, C1qc, Lgmn and Apoe) (Supplementary Fig. 7)."
DOI_10.1038_s41467_021_21783_3,Tam 1,,mouse,false,Spp1,explicit,Results p.6,"We further found two types of tumour-associated macrophages Tam 1 (marked by Arg1, Spp1 and Trem2) and Tam 2 (marked by C1qb, C1qc, Lgmn and Apoe) (Supplementary Fig. 7)."
DOI_10.1038_s41467_021_21783_3,Tam 1,,mouse,false,Trem2,explicit,Results p.6,"We further found two types of tumour-associated macrophages Tam 1 (marked by Arg1, Spp1 and Trem2) and Tam 2 (marked by C1qb, C1qc, Lgmn and Apoe) (Supplementary Fig. 7)."
DOI_10.1038_s41467_021_21783_3,Tam 2,,mouse,false,C1qb,explicit,Results p.6,"We further found two types of tumour-associated macrophages Tam 1 (marked by Arg1, Spp1 and Trem2) and Tam 2 (marked by C1qb, C1qc, Lgmn and Apoe) (Supplementary Fig. 7)."
DOI_10.1038_s41467_021_21783_3,Tam 2,,mouse,false,C1qc,explicit,Results p.6,"We further found two types of tumour-associated macrophages Tam 1 (marked by Arg1, Spp1 and Trem2) and Tam 2 (marked by C1qb, C1qc, Lgmn and Apoe) (Supplementary Fig. 7)."
DOI_10.1038_s41467_021_21783_3,Tam 2,,mouse,false,Lgmn,explicit,Results p.6,"We further found two types of tumour-associated macrophages Tam 1 (marked by Arg1, Spp1 and Trem2) and Tam 2 (marked by C1qb, C1qc, Lgmn and Apoe) (Supplementary Fig. 7)."
DOI_10.1038_s41467_021_21783_3,Tam 2,,mouse,false,Apoe,explicit,Results p.6,"We further found two types of tumour-associated macrophages Tam 1 (marked by Arg1, Spp1 and Trem2) and Tam 2 (marked by C1qb, C1qc, Lgmn and Apoe) (Supplementary Fig. 7)."
DOI_10.1038_s41467_023_40173_5,Alveolar type 1 cells (AT1),,human,false,AGER,explicit,Fig.1A,"Cell type Marker genes table: Alveolar type 1 cells (AT1) AGER, RTKN2, SEMA3B"
DOI_10.1038_s41467_023_40173_5,Alveolar type 1 cells (AT1),,human,false,RTKN2,explicit,Fig.1A,"Cell type Marker genes table: Alveolar type 1 cells (AT1) AGER, RTKN2, SEMA3B"
DOI_10.1038_s41467_023_40173_5,Alveolar type 1 cells (AT1),,human,false,SEMA3B,explicit,Fig.1A,"Cell type Marker genes table: Alveolar type 1 cells (AT1) AGER, RTKN2, SEMA3B"
DOI_10.1038_s41467_023_40173_5,Ciliated,,human,false,FOXJ1,implied,Fig.4A-D,FOXJ1 expression shown as example for Ciliated cells in Gene Expression Query; Fig.4D uses Ciliated cells as example.
DOI_10.1038_s41467_023_40173_5,Goblet,,human,false,MUC5AC,explicit,Results p.3,lung goblet cells (MUC5AC +/MUC5B +)
DOI_10.1038_s41467_023_40173_5,Goblet,,human,false,MUC5B,explicit,Results p.3,lung goblet cells (MUC5AC +/MUC5B +)
DOI_10.1038_s41467_023_40173_5,Mucous,,human,false,MUC5B,explicit,Results p.3,SMG mucous (MUC5AC -/MUC5B +)
DOI_10.1038_s41467_023_40173_5,Mucous,,human,false,MUC5AC,explicit,Results p.3,SMG mucous (MUC5AC -/MUC5B +) (negative marker)
DOI_10.1038_s41467_023_40173_5,SMG Basal/Duct cell,,human,false,MIA,explicit,Results p.3,"SMG duct cells (MIA, ALDH1A3, RARRES1) combined with SMG basal into SMG Basal/Duct cell"
DOI_10.1038_s41467_023_40173_5,SMG Basal/Duct cell,,human,false,ALDH1A3,explicit,Results p.3,"SMG duct cells (MIA, ALDH1A3, RARRES1) combined with SMG basal into SMG Basal/Duct cell"
DOI_10.1038_s41467_023_40173_5,SMG Basal/Duct cell,,human,false,RARRES1,explicit,Results p.3,"SMG duct cells (MIA, ALDH1A3, RARRES1) combined with SMG basal into SMG Basal/Duct cell"
DOI_10.1038_s41467_023_40173_5,Deuterosomal cells,,human,false,DEUP1,explicit,Results p.3,"deuterosomal cells (DEUP1, FOXN4, CDC20B)"
DOI_10.1038_s41467_023_40173_5,Deuterosomal cells,,human,false,FOXN4,explicit,Results p.3,"deuterosomal cells (DEUP1, FOXN4, CDC20B)"
DOI_10.1038_s41467_023_40173_5,Deuterosomal cells,,human,false,CDC20B,explicit,Results p.3,"deuterosomal cells (DEUP1, FOXN4, CDC20B)"
DOI_10.1038_s41467_023_40173_5,Suprabasal cells,,human,false,SERPINB4,explicit,Results p.3,"suprabasal cells (SERPINB4, KRT19, NOTCH3)"
DOI_10.1038_s41467_023_40173_5,Suprabasal cells,,human,false,KRT19,explicit,Results p.3,"suprabasal cells (SERPINB4, KRT19, NOTCH3)"
DOI_10.1038_s41467_023_40173_5,Suprabasal cells,,human,false,NOTCH3,explicit,Results p.3,"suprabasal cells (SERPINB4, KRT19, NOTCH3)"
DOI_10.1038_s41467_023_40173_5,Systemic venous endothelial cells (SVEC),,human,false,COL15A1,explicit,Results p.3,"systemic venous endothelial cells (SVEC; marker genes: COL15A1, ABCB1, ACKR1)"
DOI_10.1038_s41467_023_40173_5,Systemic venous endothelial cells (SVEC),,human,false,ABCB1,explicit,Results p.3,"systemic venous endothelial cells (SVEC; marker genes: COL15A1, ABCB1, ACKR1)"
DOI_10.1038_s41467_023_40173_5,Systemic venous endothelial cells (SVEC),,human,false,ACKR1,explicit,Results p.3,"systemic venous endothelial cells (SVEC; marker genes: COL15A1, ABCB1, ACKR1)"
DOI_10.1038_s41467_023_40173_5,Inflammatory monocytes (iMON),,human,false,CD14,explicit,Fig.1A,"Inflammatory monocytes (iMON) CD14, FCN1, VCAN, no FCGR3A"
DOI_10.1038_s41467_023_40173_5,Inflammatory monocytes (iMON),,human,false,FCN1,explicit,Fig.1A,"Inflammatory monocytes (iMON) CD14, FCN1, VCAN, no FCGR3A"
DOI_10.1038_s41467_023_40173_5,Inflammatory monocytes (iMON),,human,false,VCAN,explicit,Fig.1A,"Inflammatory monocytes (iMON) CD14, FCN1, VCAN, no FCGR3A"
DOI_10.1038_s41467_023_40173_5,Inflammatory monocytes (iMON),,human,false,FCGR3A,explicit,Fig.1A,"Inflammatory monocytes (iMON) CD14, FCN1, VCAN, no FCGR3A (negative marker)"
DOI_10.1038_s41467_023_40173_5,Mature dendritic cell subset (maDC),,human,false,CCR7,explicit,Results p.3,"mature dendritic cell subset (maDC; marker genes: CCR7, CCL19, LAD1)"
DOI_10.1038_s41467_023_40173_5,Mature dendritic cell subset (maDC),,human,false,CCL19,explicit,Results p.3,"mature dendritic cell subset (maDC; marker genes: CCR7, CCL19, LAD1)"
DOI_10.1038_s41467_023_40173_5,Mature dendritic cell subset (maDC),,human,false,LAD1,explicit,Results p.3,"mature dendritic cell subset (maDC; marker genes: CCR7, CCL19, LAD1)"
DOI_10.1038_s41467_023_40173_5,Megakaryocyte/Platelets,,human,false,ITGA2B,explicit,Results p.3,"megakaryocyte/platelets (ITGA2B, ITGB3)"
DOI_10.1038_s41467_023_40173_5,Megakaryocyte/Platelets,,human,false,ITGB3,explicit,Results p.3,"megakaryocyte/platelets (ITGA2B, ITGB3)"
DOI_10.1038_s41467_023_40173_5,Respiratory airway secretory cells (RAS),,human,false,SCGB3A2,explicit,Results p.3,"respiratory airway secretory cells (RAS; marker genes: SCGB3A2, KLK11, SOX4)"
DOI_10.1038_s41467_023_40173_5,Respiratory airway secretory cells (RAS),,human,false,KLK11,explicit,Results p.3,"respiratory airway secretory cells (RAS; marker genes: SCGB3A2, KLK11, SOX4)"
DOI_10.1038_s41467_023_40173_5,Respiratory airway secretory cells (RAS),,human,false,SOX4,explicit,Results p.3,"respiratory airway secretory cells (RAS; marker genes: SCGB3A2, KLK11, SOX4)"
DOI_10.1038_s41467_023_40173_5,Sox9+ / Id2+ distal epithelial progenitor cell,,mouse,false,Sox9,explicit,Results p.5 ('The LungMAP Mouse Lung Development CellRef' section),Sox9 +/Id2+ distal epithelial progenitor cell
DOI_10.1038_s41467_023_40173_5,Sox9+ / Id2+ distal epithelial progenitor cell,,mouse,false,Id2,explicit,Results p.5 ('The LungMAP Mouse Lung Development CellRef' section),Sox9 +/Id2+ distal epithelial progenitor cell
DOI_10.1038_s41467_023_40173_5,AT1/AT2 cell population,,mouse,false,Ager,explicit,Results p.5 ('The LungMAP Mouse Lung Development CellRef' section),"an AT1/AT2 cell population expressing both AT1 (Ager, Hopx) and AT2 (Lamp3, Sftpc, Abca3) cell markers"
DOI_10.1038_s41467_023_40173_5,AT1/AT2 cell population,,mouse,false,Hopx,explicit,Results p.5 ('The LungMAP Mouse Lung Development CellRef' section),"an AT1/AT2 cell population expressing both AT1 (Ager, Hopx) and AT2 (Lamp3, Sftpc, Abca3) cell markers"
DOI_10.1038_s41467_023_40173_5,AT1/AT2 cell population,,mouse,false,Lamp3,explicit,Results p.5 ('The LungMAP Mouse Lung Development CellRef' section),"an AT1/AT2 cell population expressing both AT1 (Ager, Hopx) and AT2 (Lamp3, Sftpc, Abca3) cell markers"
DOI_10.1038_s41467_023_40173_5,AT1/AT2 cell population,,mouse,false,Sftpc,explicit,Results p.5 ('The LungMAP Mouse Lung Development CellRef' section),"an AT1/AT2 cell population expressing both AT1 (Ager, Hopx) and AT2 (Lamp3, Sftpc, Abca3) cell markers"
DOI_10.1038_s41467_023_40173_5,AT1/AT2 cell population,,mouse,false,Abca3,explicit,Results p.5 ('The LungMAP Mouse Lung Development CellRef' section),"an AT1/AT2 cell population expressing both AT1 (Ager, Hopx) and AT2 (Lamp3, Sftpc, Abca3) cell markers"
DOI_10.1038_s41467_023_40173_5,AT1/AT2 cell population,,mouse,false,Cldn4,implied,Results p.5 ('The LungMAP Mouse Lung Development CellRef' section),"in conjunction with Cldn4, Krt19, and Krt8 (signature genes of recently reported PATS, DATP, or ADI cells)"
DOI_10.1038_s41467_023_40173_5,AT1/AT2 cell population,,mouse,false,Krt19,implied,Results p.5 ('The LungMAP Mouse Lung Development CellRef' section),"in conjunction with Cldn4, Krt19, and Krt8 (signature genes of recently reported PATS, DATP, or ADI cells)"
DOI_10.1038_s41467_023_40173_5,AT1/AT2 cell population,,mouse,false,Krt8,implied,Results p.5 ('The LungMAP Mouse Lung Development CellRef' section),"in conjunction with Cldn4, Krt19, and Krt8 (signature genes of recently reported PATS, DATP, or ADI cells)"
DOI_10.1038_s41467_023_40173_5,Foxf1+ / Kit+ endothelial progenitor cells (EPC),,mouse,false,Foxf1,explicit,Results p.5 ('The LungMAP Mouse Lung Development CellRef' section),Foxf1 +/Kit+ endothelial progenitor cells (EPC)
DOI_10.1038_s41467_023_40173_5,Foxf1+ / Kit+ endothelial progenitor cells (EPC),,mouse,false,Kit,explicit,Results p.5 ('The LungMAP Mouse Lung Development CellRef' section),Foxf1 +/Kit+ endothelial progenitor cells (EPC)
DOI_10.1038_s41467_023_40173_5,Sox9+/Id2+ distal epithelial cells,,mouse,false,Sox9,explicit,Methods: Construction of the LungMAP Mouse Lung Development CellRef (p.16),"we extended the mouse lung cell type dictionary to include progenitor and transitional cells reported in recent single-cell studies, including Sox9+/Id2+ distal epithelial cells"
DOI_10.1038_s41467_023_40173_5,Sox9+/Id2+ distal epithelial cells,,mouse,false,Id2,explicit,Methods: Construction of the LungMAP Mouse Lung Development CellRef (p.16),"we extended the mouse lung cell type dictionary to include progenitor and transitional cells reported in recent single-cell studies, including Sox9+/Id2+ distal epithelial cells"
DOI_10.1038_s41467_023_40173_5,Foxf1+/Kit+ endothelial progenitor cells,,mouse,false,Foxf1,explicit,Methods: Construction of the LungMAP Mouse Lung Development CellRef (p.16),"we extended the mouse lung cell type dictionary to include progenitor and transitional cells reported in recent single-cell studies, including Foxf1+/Kit+ endothelial progenitor cells"
DOI_10.1038_s41467_023_40173_5,Foxf1+/Kit+ endothelial progenitor cells,,mouse,false,Kit,explicit,Methods: Construction of the LungMAP Mouse Lung Development CellRef (p.16),"we extended the mouse lung cell type dictionary to include progenitor and transitional cells reported in recent single-cell studies, including Foxf1+/Kit+ endothelial progenitor cells"
DOI_10.1038_s41467_023_40505_5,cardiomyocyte,,human,false,TNNT2,explicit,Fig.2b,"Shown are two marker genes, TNNT2: cardiomyocyte marker; DCN: fibroblast marker."
DOI_10.1038_s41467_023_40505_5,fibroblast,,human,false,DCN,explicit,Fig.2b,"Shown are two marker genes, TNNT2: cardiomyocyte marker; DCN: fibroblast marker."
DOI_10.1038_s41467_024_52052_8,nociceptors,SST,mouse,true,SST,implied,Introduction,"Those neurons are of different subtypes that are classified as peptidergic (PEPs), non-peptidergic (NPs), C-Low Threshold mechanoreceptor (C-LTMRs), and a subtype of somatostatin positive neurons (SST)4–6."
DOI_10.1038_s41467_025_57487_1,NMJ myonuclei,subsynaptic myonuclei,mouse,false,Chrne,implied,Article p.1 (Introduction),"They express transcripts whose products are enriched at the postsynapse and are often of functional importance for the NMJ. Examples are the acetylcholine receptor (AChR) subunits Chrne, Chrna1, Chrnd, Chrnb1, which encode the AChRε, AChRα, AChRδ and AChRβ subunits, respectively, and Musk, which encodes the muscle-specific kinase (MuSK) that is essential for NMJ formation and maintenance."
DOI_10.1038_s41467_025_57487_1,NMJ myonuclei,subsynaptic myonuclei,mouse,false,Chrna1,implied,Article p.1 (Introduction),"They express transcripts whose products are enriched at the postsynapse and are often of functional importance for the NMJ. Examples are the acetylcholine receptor (AChR) subunits Chrne, Chrna1, Chrnd, Chrnb1, which encode the AChRε, AChRα, AChRδ and AChRβ subunits, respectively, and Musk, which encodes the muscle-specific kinase (MuSK) that is essential for NMJ formation and maintenance."
DOI_10.1038_s41467_025_57487_1,NMJ myonuclei,subsynaptic myonuclei,mouse,false,Chrnd,implied,Article p.1 (Introduction),"They express transcripts whose products are enriched at the postsynapse and are often of functional importance for the NMJ. Examples are the acetylcholine receptor (AChR) subunits Chrne, Chrna1, Chrnd, Chrnb1, which encode the AChRε, AChRα, AChRδ and AChRβ subunits, respectively, and Musk, which encodes the muscle-specific kinase (MuSK) that is essential for NMJ formation and maintenance."
DOI_10.1038_s41467_025_57487_1,NMJ myonuclei,subsynaptic myonuclei,mouse,false,Chrnb1,implied,Article p.1 (Introduction),"They express transcripts whose products are enriched at the postsynapse and are often of functional importance for the NMJ. Examples are the acetylcholine receptor (AChR) subunits Chrne, Chrna1, Chrnd, Chrnb1, which encode the AChRε, AChRα, AChRδ and AChRβ subunits, respectively, and Musk, which encodes the muscle-specific kinase (MuSK) that is essential for NMJ formation and maintenance."
DOI_10.1038_s41467_025_57487_1,NMJ myonuclei,subsynaptic myonuclei,mouse,false,Musk,implied,Article p.1 (Introduction),"They express transcripts whose products are enriched at the postsynapse and are often of functional importance for the NMJ. Examples are the acetylcholine receptor (AChR) subunits Chrne, Chrna1, Chrnd, Chrnb1, which encode the AChRε, AChRα, AChRδ and AChRβ subunits, respectively, and Musk, which encodes the muscle-specific kinase (MuSK) that is essential for NMJ formation and maintenance."
DOI_10.1038_s41467_025_57487_1,Myonuclei,,mouse,false,Ttn,explicit,"Fig. 1c, Supplementary Fig. S1b",Myonuclei were identified based on the expression of Ttn and Neb
DOI_10.1038_s41467_025_57487_1,Myonuclei,,mouse,false,Neb,explicit,"Fig. 1c, Supplementary Fig. S1b",Myonuclei were identified based on the expression of Ttn and Neb
DOI_10.1038_s41467_025_57487_1,Myonuclei,Type IIB myonuclei,mouse,false,Myh4,explicit,"Fig. 1b, c","Within the myonuclei population type IIB, IIX and IIA myonuclei were distinguishable based on the expression of Myh4, Myh1 and Myh2, respectively"
DOI_10.1038_s41467_025_57487_1,Myonuclei,Type IIX myonuclei,mouse,false,Myh1,explicit,"Fig. 1b, c","Within the myonuclei population type IIB, IIX and IIA myonuclei were distinguishable based on the expression of Myh4, Myh1 and Myh2, respectively"
DOI_10.1038_s41467_025_57487_1,Myonuclei,Type IIA myonuclei,mouse,false,Myh2,explicit,"Fig. 1b, c","Within the myonuclei population type IIB, IIX and IIA myonuclei were distinguishable based on the expression of Myh4, Myh1 and Myh2, respectively"
DOI_10.1038_s41467_025_57487_1,Endothelial subtype,,mouse,false,Mmrn1,explicit,"Supplementary Data 2, Fig. 1b, Supplementary Fig. S1a","By differential expression analysis, we identified Mmrn1 and Tenm2 as transcriptional markers for these two populations; Mmrn1-expressing nuclei localized near larger blood vessels; As Mmrn1+ nuclei also express Pecam1, we concluded that they represent a subtype of endothelial cells."
DOI_10.1038_s41467_025_57487_1,Endothelial subtype,,mouse,false,Pecam1,explicit,Fig. 1b,"As Mmrn1+ nuclei also express Pecam1 (Fig. 1b), we concluded that they represent a subtype of endothelial cells."
DOI_10.1038_s41467_025_57487_1,Peri- and endoneurial cell type,,mouse,NA,Tenm2,explicit,"Supplementary Data 2, Supplementary Fig. S1a","By differential expression analysis, we identified Mmrn1 and Tenm2 as transcriptional markers for these two populations; Tenm2-expressing nuclei were located close to motor neuron axons; Tenm2+ nuclei were also identified in a single-cell sciatic nerve atlas, suggesting that they represent a peri- and endoneurial cell type."
DOI_10.1038_s41467_025_57487_1,Schwann cells,,mouse,true,Mbp,inferred,Fig.1b,Dot-plot of marker genes used for cell/nuclear type identification
DOI_10.1038_s41467_025_57487_1,Peri- and Endoneurial,,mouse,false,Tenm2,inferred,Fig.1b,Dot-plot of marker genes used for cell/nuclear type identification
DOI_10.1038_s41467_025_57487_1,Smooth muscle,,mouse,false,Myh11,inferred,Fig.1b,Dot-plot of marker genes used for cell/nuclear type identification
DOI_10.1038_s41467_025_57487_1,Endothelial Mmrn1+,,mouse,false,Mmrn1,explicit,Fig.1a,Cell type named 'Endothelial Mmrn1+' in UMAP legend
DOI_10.1038_s41467_025_57487_1,Tenocytes,,mouse,false,Mkx,inferred,Fig.1b,Dot-plot of marker genes used for cell/nuclear type identification
DOI_10.1038_s41467_025_57487_1,Tenocytes,,mouse,false,Col22a1,inferred,Fig.1b,Dot-plot of marker genes used for cell/nuclear type identification
DOI_10.1038_s41467_025_57487_1,NMJ,,mouse,false,Chrne,inferred,Fig.1b,Dot-plot of marker genes used for cell/nuclear type identification
DOI_10.1038_s41467_025_57487_1,Adipocytes,,mouse,false,Plin1,inferred,Fig.1b,Dot-plot of marker genes used for cell/nuclear type identification
DOI_10.1038_s41467_025_57487_1,MuSCs,,mouse,false,Pax7,inferred,Fig.1b,Dot-plot of marker genes used for cell/nuclear type identification
DOI_10.1038_s41467_025_57487_1,Pericytes,,mouse,false,Lin7a,inferred,Fig.1b,Dot-plot of marker genes used for cell/nuclear type identification
DOI_10.1038_s41467_025_57487_1,MTJ,,mouse,false,Col22a1,inferred,Fig.1b,Dot-plot of marker genes used for cell/nuclear type identification
DOI_10.1038_s41467_025_57487_1,Type IIA,,mouse,false,Myh2,inferred,Fig.1b,Dot-plot of marker genes used for cell/nuclear type identification
DOI_10.1038_s41467_025_57487_1,Immune cells,,mouse,false,Ptprc,inferred,Fig.1b,Dot-plot of marker genes used for cell/nuclear type identification
DOI_10.1038_s41467_025_57487_1,Endothelial,,mouse,false,Pecam1,inferred,Fig.1b,Dot-plot of marker genes used for cell/nuclear type identification
DOI_10.1038_s41467_025_57487_1,Type IIX,,mouse,false,Myh1,inferred,Fig.1b,Dot-plot of marker genes used for cell/nuclear type identification
DOI_10.1038_s41467_025_57487_1,FAPs,,mouse,false,Pdgfra,inferred,Fig.1b,Dot-plot of marker genes used for cell/nuclear type identification
DOI_10.1038_s41467_025_57487_1,Type IIB,,mouse,false,Mylk4,inferred,Fig.1b,Dot-plot of marker genes used for cell/nuclear type identification
DOI_10.1038_s41467_025_57487_1,NMJ myonuclei,,mouse,false,Musk,explicit,Discussion,"These included the well-characterized NMJ-associated genes Musk, Lrp4, Ache, Colq, Ncam1, Etv5, and the different Chrn subunits, which validated our approach."
DOI_10.1038_s41467_025_57487_1,NMJ myonuclei,,mouse,false,Lrp4,explicit,Discussion,"These included the well-characterized NMJ-associated genes Musk, Lrp4, Ache, Colq, Ncam1, Etv5, and the different Chrn subunits, which validated our approach."
DOI_10.1038_s41467_025_57487_1,NMJ myonuclei,,mouse,false,Ache,explicit,Discussion,"These included the well-characterized NMJ-associated genes Musk, Lrp4, Ache, Colq, Ncam1, Etv5, and the different Chrn subunits, which validated our approach."
DOI_10.1038_s41467_025_57487_1,NMJ myonuclei,,mouse,false,Colq,explicit,Discussion,"These included the well-characterized NMJ-associated genes Musk, Lrp4, Ache, Colq, Ncam1, Etv5, and the different Chrn subunits, which validated our approach."
DOI_10.1038_s41467_025_57487_1,NMJ myonuclei,,mouse,false,Ncam1,explicit,Discussion,"These included the well-characterized NMJ-associated genes Musk, Lrp4, Ache, Colq, Ncam1, Etv5, and the different Chrn subunits, which validated our approach."
DOI_10.1038_s41467_025_57487_1,NMJ myonuclei,,mouse,false,Etv5,explicit,Discussion,"These included the well-characterized NMJ-associated genes Musk, Lrp4, Ache, Colq, Ncam1, Etv5, and the different Chrn subunits, which validated our approach."
DOI_10.1038_s41467_025_57487_1,NMJ myonuclei,,mouse,false,Lama2,implied,Discussion,"For example, transcripts for laminin-α2 (Lama2) and collagen IV (Col4a1 and Col4a2) were enriched in both nuclei populations."
DOI_10.1038_s41467_025_57487_1,NMJ myonuclei,,mouse,false,Col4a1,implied,Discussion,"For example, transcripts for laminin-α2 (Lama2) and collagen IV (Col4a1 and Col4a2) were enriched in both nuclei populations."
DOI_10.1038_s41467_025_57487_1,NMJ myonuclei,,mouse,false,Col4a2,implied,Discussion,"For example, transcripts for laminin-α2 (Lama2) and collagen IV (Col4a1 and Col4a2) were enriched in both nuclei populations."
DOI_10.1038_s41467_025_57487_1,NMJ myonuclei,,mouse,false,Lamb2,implied,Discussion,"In contrast, other members of the laminin and collagen protein family, such as Lamb2, Col13a1, and Colq, were selectively transcribed in NMJ nuclei."
DOI_10.1038_s41467_025_57487_1,NMJ myonuclei,,mouse,false,Col13a1,implied,Discussion,"In contrast, other members of the laminin and collagen protein family, such as Lamb2, Col13a1, and Colq, were selectively transcribed in NMJ nuclei."
DOI_10.1038_s41467_025_57487_1,NMJ myonuclei,,mouse,false,Etv4,implied,Discussion,"To gain further insights into the molecular mechanisms of NMJ maintenance, we addressed the function of Etv4, Lrtm1, and Pdzrn4, three NMJ-specific genes whose function has not been studied."
DOI_10.1038_s41467_025_57487_1,NMJ myonuclei,,mouse,false,Lrtm1,implied,Discussion,"To gain further insights into the molecular mechanisms of NMJ maintenance, we addressed the function of Etv4, Lrtm1, and Pdzrn4, three NMJ-specific genes whose function has not been studied."
DOI_10.1038_s41467_025_57487_1,NMJ myonuclei,,mouse,false,Pdzrn4,implied,Discussion,"To gain further insights into the molecular mechanisms of NMJ maintenance, we addressed the function of Etv4, Lrtm1, and Pdzrn4, three NMJ-specific genes whose function has not been studied."
DOI_10.1038_s41467_025_57487_1,MTJ myonuclei,,mouse,false,Lama2,implied,Discussion,"For example, transcripts for laminin-α2 (Lama2) and collagen IV (Col4a1 and Col4a2) were enriched in both nuclei populations."
DOI_10.1038_s41467_025_57487_1,MTJ myonuclei,,mouse,false,Col4a1,implied,Discussion,"For example, transcripts for laminin-α2 (Lama2) and collagen IV (Col4a1 and Col4a2) were enriched in both nuclei populations."
DOI_10.1038_s41467_025_57487_1,MTJ myonuclei,,mouse,false,Col4a2,implied,Discussion,"For example, transcripts for laminin-α2 (Lama2) and collagen IV (Col4a1 and Col4a2) were enriched in both nuclei populations."
DOI_10.1038_s41467_025_57487_1,MTJ myonuclei,,mouse,false,Col22a1,explicit,Discussion,"Similarly, Col22a1 is selectively expressed in MTJ nuclei, and the protein is well-known to be a specific marker for MTJs."
DOI_10.1038_s41467_026_69587_7,MMP12+ dendritic cells,,human,false,MMP12,implied,Preamble,"comprising MMP12+ and migratory dendritic cells (DCs), cycling innate lymphoid cells (ILC), natural killer cells, inﬂammatory CCL19+ IL4I1+ ﬁbroblasts, and clonally expanded IL13+IL22+IL26+ T cells"
DOI_10.1038_s41467_026_69587_7,CCL19+ IL4I1+ fibroblasts,,human,false,CCL19,implied,Preamble,"comprising MMP12+ and migratory dendritic cells (DCs), cycling innate lymphoid cells (ILC), natural killer cells, inﬂammatory CCL19+ IL4I1+ ﬁbroblasts, and clonally expanded IL13+IL22+IL26+ T cells"
DOI_10.1038_s41467_026_69587_7,CCL19+ IL4I1+ fibroblasts,,human,false,IL4I1,implied,Preamble,"comprising MMP12+ and migratory dendritic cells (DCs), cycling innate lymphoid cells (ILC), natural killer cells, inﬂammatory CCL19+ IL4I1+ ﬁbroblasts, and clonally expanded IL13+IL22+IL26+ T cells"
DOI_10.1038_s41467_026_69587_7,IL13+IL22+IL26+ T cells,,human,false,IL13,implied,Preamble,clonally expanded IL13+IL22+IL26+ T cells connected by intercellular feedback loops predicted to impact community assembly
DOI_10.1038_s41467_026_69587_7,IL13+IL22+IL26+ T cells,,human,false,IL22,implied,Preamble,clonally expanded IL13+IL22+IL26+ T cells connected by intercellular feedback loops predicted to impact community assembly
DOI_10.1038_s41467_026_69587_7,IL13+IL22+IL26+ T cells,,human,false,IL26,implied,Preamble,clonally expanded IL13+IL22+IL26+ T cells connected by intercellular feedback loops predicted to impact community assembly
DOI_10.1038_s41467_026_69587_7,MMP12+ DCs,,human,false,MMP12,explicit,Supplementary Fig. 3a–e,"These included, for example, MMP12+ DCs, CPE+ fibroblasts, NGFR+ and CDH19+ Schwann-like fibroblasts that are CD90/THY1-negative, multiple rare skin appendageal cell subsets (containing hair follicles, sweat gland and sebaceous gland subsets), and cycling innate lymphoid cells (ILCs) (Supplementary Fig. 3a–e)."
DOI_10.1038_s41467_026_69587_7,MMP12+ DCs,,human,false,CD1B,explicit,"Fig.3a,b","recently identified MMP12+ DCs (MMP12, CD1B, RAB7B)"
DOI_10.1038_s41467_026_69587_7,MMP12+ DCs,,human,false,RAB7B,explicit,"Fig.3a,b","recently identified MMP12+ DCs (MMP12, CD1B, RAB7B)"
DOI_10.1038_s41467_026_69587_7,CPE+ fibroblasts,,human,false,CPE,explicit,Supplementary Fig. 3a–e,"These included, for example, MMP12+ DCs, CPE+ fibroblasts, NGFR+ and CDH19+ Schwann-like fibroblasts that are CD90/THY1-negative, multiple rare skin appendageal cell subsets (containing hair follicles, sweat gland and sebaceous gland subsets), and cycling innate lymphoid cells (ILCs) (Supplementary Fig. 3a–e)."
DOI_10.1038_s41467_026_69587_7,NGFR+ and CDH19+ Schwann-like fibroblasts,,human,false,NGFR,explicit,Supplementary Fig. 3a–e,"These included, for example, MMP12+ DCs, CPE+ fibroblasts, NGFR+ and CDH19+ Schwann-like fibroblasts that are CD90/THY1-negative, multiple rare skin appendageal cell subsets (containing hair follicles, sweat gland and sebaceous gland subsets), and cycling innate lymphoid cells (ILCs) (Supplementary Fig. 3a–e)."
DOI_10.1038_s41467_026_69587_7,NGFR+ and CDH19+ Schwann-like fibroblasts,,human,false,CDH19,explicit,Supplementary Fig. 3a–e,"These included, for example, MMP12+ DCs, CPE+ fibroblasts, NGFR+ and CDH19+ Schwann-like fibroblasts that are CD90/THY1-negative, multiple rare skin appendageal cell subsets (containing hair follicles, sweat gland and sebaceous gland subsets), and cycling innate lymphoid cells (ILCs) (Supplementary Fig. 3a–e)."
DOI_10.1038_s41467_026_69587_7,KC 1,,human,false,KRT15,explicit,Results p.2,"basal marker-expressing KC1s (KRT15, COL17A1)"
DOI_10.1038_s41467_026_69587_7,KC 1,,human,false,COL17A1,explicit,Results p.2,"basal marker-expressing KC1s (KRT15, COL17A1)"
DOI_10.1038_s41467_026_69587_7,KC cycling,,human,false,UBE2C,explicit,Results p.2,"cycling KC (UBE2C, TOP2A)"
DOI_10.1038_s41467_026_69587_7,KC cycling,,human,false,TOP2A,explicit,Results p.2,"cycling KC (UBE2C, TOP2A)"
DOI_10.1038_s41467_026_69587_7,KC cycling,,human,false,MKI67,implied,Fig.2c,colored by z-scored expression of keratinocyte subset marker genes
DOI_10.1038_s41467_026_69587_7,KC 2,,human,false,MT1X,explicit,Results p.2,"KC2s (MT1X, MT1G)"
DOI_10.1038_s41467_026_69587_7,KC 2,,human,false,MT1G,explicit,Results p.2,"KC2s (MT1X, MT1G)"
DOI_10.1038_s41467_026_69587_7,KC 2,,human,false,KRT10,implied,Fig.2c,colored by z-scored expression of keratinocyte subset marker genes
DOI_10.1038_s41467_026_69587_7,KC 3,,human,false,KRT1,explicit,Results p.2,"spinous marker-positive KC3s (KRT1, KRT10)"
DOI_10.1038_s41467_026_69587_7,KC 3,,human,false,KRT10,explicit,Results p.2,"spinous marker-positive KC3s (KRT1, KRT10)"
DOI_10.1038_s41467_026_69587_7,KC 4,,human,false,KRT2,explicit,Results p.2,"granular marker-expressing KC4s (KRT2, DSC1)"
DOI_10.1038_s41467_026_69587_7,KC 4,,human,false,DSC1,explicit,Results p.2,"granular marker-expressing KC4s (KRT2, DSC1)"
DOI_10.1038_s41467_026_69587_7,KC 4,,human,false,KRT10,implied,Fig.2c,colored by z-scored expression of keratinocyte subset marker genes
DOI_10.1038_s41467_026_69587_7,KC 5,,human,false,CNFN,explicit,Results p.2,"KC5s (CNFN, KLK7)"
DOI_10.1038_s41467_026_69587_7,KC 5,,human,false,KLK7,explicit,Results p.2,"KC5s (CNFN, KLK7)"
DOI_10.1038_s41467_026_69587_7,KC 5,,human,false,KRT2,implied,Fig.2c,colored by z-scored expression of keratinocyte subset marker genes
DOI_10.1038_s41467_026_69587_7,Cornified KC 1,,human,false,SPRR2A,explicit,Results p.2,"cornified KC1s (SPRR2A, SPRR2B)"
DOI_10.1038_s41467_026_69587_7,Cornified KC 1,,human,false,SPRR2B,explicit,Results p.2,"cornified KC1s (SPRR2A, SPRR2B)"
DOI_10.1038_s41467_026_69587_7,Cornified KC 1,,human,false,CNFN,implied,Fig.2c,colored by z-scored expression of keratinocyte subset marker genes
DOI_10.1038_s41467_026_69587_7,Cornified KC 1,,human,false,LCE1B,implied,Fig.2c,colored by z-scored expression of keratinocyte subset marker genes
DOI_10.1038_s41467_026_69587_7,Cornified KC 2,,human,false,IL37,explicit,Results p.2,"cornified KC2s (IL37, PSORS1C2, LCE1B)"
DOI_10.1038_s41467_026_69587_7,Cornified KC 2,,human,false,PSORS1C2,explicit,Results p.2,"cornified KC2s (IL37, PSORS1C2, LCE1B)"
DOI_10.1038_s41467_026_69587_7,Cornified KC 2,,human,false,LCE1B,explicit,Results p.2,"cornified KC2s (IL37, PSORS1C2, LCE1B)"
DOI_10.1038_s41467_026_69587_7,Cornified KC 2,,human,false,CNFN,implied,Fig.2c,colored by z-scored expression of keratinocyte subset marker genes
DOI_10.1038_s41467_026_69587_7,Schwann,,human,true,MPZ,implied,Fig.1d,"MPZ is listed among marker genes in the heatmap, corresponding to Schwann cells."
DOI_10.1038_s41467_026_69587_7,Schwann,MBP+,human,true,MBP,explicit,Fig.1d,The granular cell state 'Schwann MBP+' indicates that MBP is a marker for this Schwann cell subtype.
DOI_10.1038_s41467_026_69587_7,Schwann,NRXN1hi,human,true,NRXN1,explicit,Fig.1d,The granular cell state 'Schwann NRXN1hi' indicates that NRXN1 is a marker for this Schwann cell subtype.
DOI_10.1038_s41467_026_69587_7,Schwann,LAMP5+,human,true,LAMP5,explicit,Fig.1d,The granular cell state 'Schwann LAMP5+' indicates that LAMP5 is a marker for this Schwann cell subtype.
DOI_10.1038_s41467_026_69587_7,Schwann,DCN+,human,true,DCN,explicit,Fig.1d,The granular cell state 'Schwann DCN+' indicates that DCN is a marker for this Schwann cell subtype.
DOI_10.1038_s41467_026_69587_7,FB CCL19+ IL4I1hi,,human,false,CCL19,explicit,Fig.1d,The granular cell state 'FB CCL19+ IL4I1hi' indicates that CCL19 and IL4I1 are markers for this fibroblast subtype.
DOI_10.1038_s41467_026_69587_7,FB CCL19+ IL4I1hi,,human,false,IL4I1,explicit,Fig.1d,The granular cell state 'FB CCL19+ IL4I1hi' indicates that CCL19 and IL4I1 are markers for this fibroblast subtype.
DOI_10.1038_s41467_026_69587_7,FB CCL19+ APOE+,,human,false,CCL19,explicit,Fig.1d,The granular cell state 'FB CCL19+ APOE+' indicates that CCL19 and APOE are markers for this fibroblast subtype.
DOI_10.1038_s41467_026_69587_7,FB CCL19+ APOE+,,human,false,APOE,explicit,Fig.1d,The granular cell state 'FB CCL19+ APOE+' indicates that CCL19 and APOE are markers for this fibroblast subtype.
DOI_10.1038_s41467_026_69587_7,FB APOC1+,,human,false,APOC1,explicit,Fig.1d,The granular cell state 'FB APOC1+' indicates that APOC1 is a marker for this fibroblast subtype.
DOI_10.1038_s41467_026_69587_7,FB GDF10+,,human,false,GDF10,explicit,Fig.1d,The granular cell state 'FB GDF10+' indicates that GDF10 is a marker for this fibroblast subtype.
DOI_10.1038_s41467_026_69587_7,FB CPE+,,human,false,CPE,explicit,Fig.1d,The granular cell state 'FB CPE+' indicates that CPE is a marker for this fibroblast subtype.
DOI_10.1038_s41467_026_69587_7,FB CDH19+,,human,false,CDH19,explicit,Fig.1d,The granular cell state 'FB CDH19+' indicates that CDH19 is a marker for this fibroblast subtype.
DOI_10.1038_s41467_026_69587_7,FB NGFR+,,human,false,NGFR,explicit,Fig.1d,The granular cell state 'FB NGFR+' indicates that NGFR is a marker for this fibroblast subtype.
DOI_10.1038_s41467_026_69587_7,FB DPEP1+,,human,false,DPEP1,explicit,Fig.1d,The granular cell state 'FB DPEP1+' indicates that DPEP1 is a marker for this fibroblast subtype.
DOI_10.1038_s41467_026_69587_7,PE TGFBI+,,human,false,TGFBI,explicit,Fig.1d,The granular cell state 'PE TGFBI+' indicates that TGFBI is a marker for this pericyte subtype.
DOI_10.1038_s41467_026_69587_7,PE RGS5hi,,human,false,RGS5,explicit,Fig.1d,The granular cell state 'PE RGS5hi' indicates that RGS5 is a marker for this pericyte subtype.
DOI_10.1038_s41467_026_69587_7,PE/SMC GEMhi,,human,false,GEM,explicit,Fig.1d,The granular cell state 'PE/SMC GEMhi' indicates that GEM is a marker for this pericyte/smooth muscle cell subtype.
DOI_10.1038_s41467_026_69587_7,SMC RERGL+,,human,false,RERGL,explicit,Fig.1d,The granular cell state 'SMC RERGL+' indicates that RERGL is a marker for this smooth muscle cell subtype.
DOI_10.1038_s41467_026_69587_7,SMC DES+,,human,false,DES,explicit,Fig.1d,The granular cell state 'SMC DES+' indicates that DES is a marker for this smooth muscle cell subtype.
DOI_10.1038_s41467_026_69587_7,ArtEC ICAM2hi,,human,false,ICAM2,explicit,Fig.1d,The granular cell state 'ArtEC ICAM2hi' indicates that ICAM2 is a marker for this arterial endothelial cell subtype.
DOI_10.1038_s41467_026_69587_7,ArtEC SOS1hi,,human,false,SOS1,explicit,Fig.1d,The granular cell state 'ArtEC SOS1hi' indicates that SOS1 is a marker for this arterial endothelial cell subtype.
DOI_10.1038_s41467_026_69587_7,CapEC FABP4hi,,human,false,FABP4,explicit,Fig.1d,The granular cell state 'CapEC FABP4hi' indicates that FABP4 is a marker for this capillary endothelial cell subtype.
DOI_10.1038_s41467_026_69587_7,CapEC EDNRBhi,,human,false,EDNRB,explicit,Fig.1d,The granular cell state 'CapEC EDNRBhi' indicates that EDNRB is a marker for this capillary endothelial cell subtype.
DOI_10.1038_s41467_026_69587_7,CapEC INSRhi,,human,false,INSR,explicit,Fig.1d,The granular cell state 'CapEC INSRhi' indicates that INSR is a marker for this capillary endothelial cell subtype.
DOI_10.1038_s41467_026_69587_7,VenEC IL6+,,human,false,IL6,explicit,Fig.1d,The granular cell state 'VenEC IL6+' indicates that IL6 is a marker for this venous endothelial cell subtype.
DOI_10.1038_s41467_026_69587_7,VenEC CCL15hi,,human,false,CCL15,explicit,Fig.1d,The granular cell state 'VenEC CCL15hi' indicates that CCL15 is a marker for this venous endothelial cell subtype.
DOI_10.1038_s41467_026_69587_7,VenEC CCL14hi,,human,false,CCL14,explicit,Fig.1d,The granular cell state 'VenEC CCL14hi' indicates that CCL14 is a marker for this venous endothelial cell subtype.
DOI_10.1038_s41467_026_69587_7,ArtEC RGS5+ ICAM2hi,,human,false,RGS5,explicit,Fig.1d,The granular cell state 'ArtEC RGS5+ ICAM2hi' indicates that RGS5 and ICAM2 are markers for this arterial endothelial cell subtype.
DOI_10.1038_s41467_026_69587_7,ArtEC RGS5+ ICAM2hi,,human,false,ICAM2,explicit,Fig.1d,The granular cell state 'ArtEC RGS5+ ICAM2hi' indicates that RGS5 and ICAM2 are markers for this arterial endothelial cell subtype.
DOI_10.1038_s41467_026_69587_7,CapEC RGS5+ FABP4hi,,human,false,RGS5,explicit,Fig.1d,The granular cell state 'CapEC RGS5+ FABP4hi' indicates that RGS5 and FABP4 are markers for this capillary endothelial cell subtype.
DOI_10.1038_s41467_026_69587_7,CapEC RGS5+ FABP4hi,,human,false,FABP4,explicit,Fig.1d,The granular cell state 'CapEC RGS5+ FABP4hi' indicates that RGS5 and FABP4 are markers for this capillary endothelial cell subtype.
DOI_10.1038_s41467_026_69587_7,CapEC RGS5+ EDNRBhi,,human,false,RGS5,explicit,Fig.1d,The granular cell state 'CapEC RGS5+ EDNRBhi' indicates that RGS5 and EDNRB are markers for this capillary endothelial cell subtype.
DOI_10.1038_s41467_026_69587_7,CapEC RGS5+ EDNRBhi,,human,false,EDNRB,explicit,Fig.1d,The granular cell state 'CapEC RGS5+ EDNRBhi' indicates that RGS5 and EDNRB are markers for this capillary endothelial cell subtype.
DOI_10.1038_s41467_026_69587_7,CapEC RGS5+ INSR+,,human,false,RGS5,explicit,Fig.1d,The granular cell state 'CapEC RGS5+ INSR+' indicates that RGS5 and INSR are markers for this capillary endothelial cell subtype.
DOI_10.1038_s41467_026_69587_7,CapEC RGS5+ INSR+,,human,false,INSR,explicit,Fig.1d,The granular cell state 'CapEC RGS5+ INSR+' indicates that RGS5 and INSR are markers for this capillary endothelial cell subtype.
DOI_10.1038_s41467_026_69587_7,VenEC RGS5+ CCL14hi,,human,false,RGS5,explicit,Fig.1d,The granular cell state 'VenEC RGS5+ CCL14hi' indicates that RGS5 and CCL14 are markers for this venous endothelial cell subtype.
DOI_10.1038_s41467_026_69587_7,VenEC RGS5+ CCL14hi,,human,false,CCL14,explicit,Fig.1d,The granular cell state 'VenEC RGS5+ CCL14hi' indicates that RGS5 and CCL14 are markers for this venous endothelial cell subtype.
DOI_10.1038_s41467_026_69587_7,Melano S100A4+,,human,false,S100A4,explicit,Fig.1d,The granular cell state 'Melano S100A4+' indicates that S100A4 is a marker for this melanocyte subtype.
DOI_10.1038_s41467_026_69587_7,Melano IFI27hi,,human,false,IFI27,explicit,Fig.1d,The granular cell state 'Melano IFI27hi' indicates that IFI27 is a marker for this melanocyte subtype.
DOI_10.1038_s41467_026_69587_7,DC2 CD83+,,human,false,CD83,explicit,Fig.1d,The granular cell state 'DC2 CD83+' indicates that CD83 is a marker for this dendritic cell subtype.
DOI_10.1038_s41467_026_69587_7,DC MMP12+,,human,false,MMP12,explicit,Fig.1d,The granular cell state 'DC MMP12+' indicates that MMP12 is a marker for this dendritic cell subtype.
DOI_10.1038_s41467_026_69587_7,DC IL1B+,,human,false,IL1B,explicit,Fig.1d,The granular cell state 'DC IL1B+' indicates that IL1B is a marker for this dendritic cell subtype.
DOI_10.1038_s41467_026_69587_7,MΦ IL1B+,,human,false,IL1B,explicit,Fig.1d,The granular cell state 'MΦ IL1B+' indicates that IL1B is a marker for this macrophage subtype.
DOI_10.1038_s41467_026_69587_7,MΦ FNIP2hi,,human,false,FNIP2,explicit,Fig.1d,The granular cell state 'MΦ FNIP2hi' indicates that FNIP2 is a marker for this macrophage subtype.
DOI_10.1038_s41467_026_69587_7,MΦ EGR1+,,human,false,EGR1,explicit,Fig.1d,The granular cell state 'MΦ EGR1+' indicates that EGR1 is a marker for this macrophage subtype.
DOI_10.1038_s41467_026_69587_7,MΦ C1QAhi,,human,false,C1QA,explicit,Fig.1d,The granular cell state 'MΦ C1QAhi' indicates that C1QA is a marker for this macrophage subtype.
DOI_10.1038_s41467_026_69587_7,MΦ STAB1hi,,human,false,STAB1,explicit,Fig.1d,The granular cell state 'MΦ STAB1hi' indicates that STAB1 is a marker for this macrophage subtype.
DOI_10.1038_s41467_026_69587_7,MΦ SPP1+,,human,false,SPP1,explicit,Fig.1d,The granular cell state 'MΦ SPP1+' indicates that SPP1 is a marker for this macrophage subtype.
DOI_10.1038_s41467_026_69587_7,Mast CDC42EP3hi,,human,false,CDC42EP3,explicit,Fig.1d,The granular cell state 'Mast CDC42EP3hi' indicates that CDC42EP3 is a marker for this mast cell subtype.
DOI_10.1038_s41467_026_69587_7,Mast CD69hi,,human,false,CD69,explicit,Fig.1d,The granular cell state 'Mast CD69hi' indicates that CD69 is a marker for this mast cell subtype.
DOI_10.1038_s41467_026_69587_7,Mast CD63hi,,human,false,CD63,explicit,Fig.1d,The granular cell state 'Mast CD63hi' indicates that CD63 is a marker for this mast cell subtype.
DOI_10.1038_s41467_026_69587_7,CD8+ CTL IFNGhi,,human,false,IFNG,explicit,Fig.1d,The granular cell state 'CD8+ CTL IFNGhi' indicates that IFNG is a marker for this CD8+ T cell subtype.
DOI_10.1038_s41467_026_69587_7,T CREMhi,,human,false,CREM,explicit,Fig.1d,The granular cell state 'T CREMhi' indicates that CREM is a marker for this T cell subtype.
DOI_10.1038_s41467_026_69587_7,T FOShi,,human,false,FOS,explicit,Fig.1d,The granular cell state 'T FOShi' indicates that FOS is a marker for this T cell subtype.
DOI_10.1038_s41467_026_69587_7,T FOShi cycling,,human,false,FOS,explicit,Fig.1d,The granular cell state 'T FOShi cycling' indicates that FOS is a marker for this cycling T cell subtype.
DOI_10.1038_s41467_026_69587_7,C1QA-high macrophage (MΦ),,human,false,C1QA,explicit,"Fig.3a,b","Myeloid cells from healthy and AD skin spanned a continuum of cell states, which we broadly partitioned into multiple C1QA-high macrophage (MΦ) subsets (C1QA, MS4A7, MAF, CCL18, CCL13)"
DOI_10.1038_s41467_026_69587_7,C1QA-high macrophage (MΦ),,human,false,MS4A7,explicit,"Fig.3a,b","Myeloid cells from healthy and AD skin spanned a continuum of cell states, which we broadly partitioned into multiple C1QA-high macrophage (MΦ) subsets (C1QA, MS4A7, MAF, CCL18, CCL13)"
DOI_10.1038_s41467_026_69587_7,C1QA-high macrophage (MΦ),,human,false,MAF,explicit,"Fig.3a,b","Myeloid cells from healthy and AD skin spanned a continuum of cell states, which we broadly partitioned into multiple C1QA-high macrophage (MΦ) subsets (C1QA, MS4A7, MAF, CCL18, CCL13)"
DOI_10.1038_s41467_026_69587_7,C1QA-high macrophage (MΦ),,human,false,CCL18,explicit,"Fig.3a,b","Myeloid cells from healthy and AD skin spanned a continuum of cell states, which we broadly partitioned into multiple C1QA-high macrophage (MΦ) subsets (C1QA, MS4A7, MAF, CCL18, CCL13)"
DOI_10.1038_s41467_026_69587_7,C1QA-high macrophage (MΦ),,human,false,CCL13,explicit,"Fig.3a,b","Myeloid cells from healthy and AD skin spanned a continuum of cell states, which we broadly partitioned into multiple C1QA-high macrophage (MΦ) subsets (C1QA, MS4A7, MAF, CCL18, CCL13)"
DOI_10.1038_s41467_026_69587_7,Inflammatory IL1B+ MΦ,,human,false,IL1B,explicit,"Fig.3a,b","inflammatory IL1B+ MΦ (IL1B, MMP9)"
DOI_10.1038_s41467_026_69587_7,Inflammatory IL1B+ MΦ,,human,false,MMP9,explicit,"Fig.3a,b","inflammatory IL1B+ MΦ (IL1B, MMP9)"
DOI_10.1038_s41467_026_69587_7,Lipid-associated SPP1+ MΦ,,human,false,SPP1,explicit,"Fig.3a,b","lipid-associated SPP1+ MΦ (SPP1, LPL)"
DOI_10.1038_s41467_026_69587_7,Lipid-associated SPP1+ MΦ,,human,false,LPL,explicit,"Fig.3a,b","lipid-associated SPP1+ MΦ (SPP1, LPL)"
DOI_10.1038_s41467_026_69587_7,Tissue-resident Langerhans dendritic cells (LDCs),,human,false,CD207,explicit,"Fig.3a,b","tissue-resident Langerhans dendritic cells (LDCs) (CD207/Langerin, FCGBP)"
DOI_10.1038_s41467_026_69587_7,Tissue-resident Langerhans dendritic cells (LDCs),,human,false,FCGBP,explicit,"Fig.3a,b","tissue-resident Langerhans dendritic cells (LDCs) (CD207/Langerin, FCGBP)"
DOI_10.1038_s41467_026_69587_7,DC1s,,human,false,CLEC9A,explicit,"Fig.3a,b","DC1s (CLEC9A, XCR1)"
DOI_10.1038_s41467_026_69587_7,DC1s,,human,false,XCR1,explicit,"Fig.3a,b","DC1s (CLEC9A, XCR1)"
DOI_10.1038_s41467_026_69587_7,DC2s,,human,false,CD1C,explicit,"Fig.3a,b","DC2s (CD1C, FCER1A)"
DOI_10.1038_s41467_026_69587_7,DC2s,,human,false,FCER1A,explicit,"Fig.3a,b","DC2s (CD1C, FCER1A)"
DOI_10.1038_s41467_026_69587_7,CD83+ DC2s,,human,false,CD83,implied,"Fig.3a,b","In trajectory 2, DC2s transitioned via a CLEC10Ahi FCER1Ahi CD83+ transition state (CD83+ DC2s)"
DOI_10.1038_s41467_026_69587_7,Inflammatory IL1B+ DCs (DC3s),,human,false,IL1B,explicit,"Fig.3a,b","inflammatory IL1B+ DCs (previously coined DC3s; IL1B, IL23A, CXCL8)"
DOI_10.1038_s41467_026_69587_7,Inflammatory IL1B+ DCs (DC3s),,human,false,IL23A,explicit,"Fig.3a,b","inflammatory IL1B+ DCs (previously coined DC3s; IL1B, IL23A, CXCL8)"
DOI_10.1038_s41467_026_69587_7,Inflammatory IL1B+ DCs (DC3s),,human,false,CXCL8,explicit,"Fig.3a,b","inflammatory IL1B+ DCs (previously coined DC3s; IL1B, IL23A, CXCL8)"
DOI_10.1038_s41467_026_69587_7,Mature migratory DCs (mmDCs),,human,false,LAMP3,explicit,"Fig.3a,b","mature migratory DCs (mmDCs) (LAMP3, CCR7)"
DOI_10.1038_s41467_026_69587_7,Mature migratory DCs (mmDCs),,human,false,CCR7,explicit,"Fig.3a,b","mature migratory DCs (mmDCs) (LAMP3, CCR7)"
DOI_10.1038_s41467_026_69587_7,Cycling DC1s and DC2s,,human,false,UBE2C,explicit,"Fig.3a,b","cycling DC1s and DC2s (UBE2C, MKI67)"
DOI_10.1038_s41467_026_69587_7,Cycling DC1s and DC2s,,human,false,MKI67,explicit,"Fig.3a,b","cycling DC1s and DC2s (UBE2C, MKI67)"
DOI_10.1038_s41467_026_69587_7,Neutrophils,,human,false,CXCL8,explicit,"Fig.3a,b","neutrophils (CXCL8, FCGR3B, S100P)"
DOI_10.1038_s41467_026_69587_7,Neutrophils,,human,false,FCGR3B,explicit,"Fig.3a,b","neutrophils (CXCL8, FCGR3B, S100P)"
DOI_10.1038_s41467_026_69587_7,Neutrophils,,human,false,S100P,explicit,"Fig.3a,b","neutrophils (CXCL8, FCGR3B, S100P)"
DOI_10.1038_s41467_026_69587_7,CD3D-negative NK cells,,human,false,KLRD1,explicit,"Fig.4a,b","CD3D-negative NK cells (KLRD1, KLRF1, GNLYhi)"
DOI_10.1038_s41467_026_69587_7,CD3D-negative NK cells,,human,false,KLRF1,explicit,"Fig.4a,b","CD3D-negative NK cells (KLRD1, KLRF1, GNLYhi)"
DOI_10.1038_s41467_026_69587_7,CD3D-negative NK cells,,human,false,GNLY,explicit,"Fig.4a,b","CD3D-negative NK cells (KLRD1, KLRF1, GNLYhi)"
DOI_10.1038_s41467_026_69587_7,ILCs,,human,false,KIT,explicit,"Fig.4a,b","ILCs (KIT, MB, SPINK2)"
DOI_10.1038_s41467_026_69587_7,ILCs,,human,false,MB,explicit,"Fig.4a,b","ILCs (KIT, MB, SPINK2)"
DOI_10.1038_s41467_026_69587_7,ILCs,,human,false,SPINK2,explicit,"Fig.4a,b","ILCs (KIT, MB, SPINK2)"
DOI_10.1038_s41467_026_69587_7,γδT cells,,human,false,TRGC2,explicit,"Fig.4a,b","γδT cells (TRGC2, FXYD2, ZNF683/HOBIT)"
DOI_10.1038_s41467_026_69587_7,γδT cells,,human,false,FXYD2,explicit,"Fig.4a,b","γδT cells (TRGC2, FXYD2, ZNF683/HOBIT)"
DOI_10.1038_s41467_026_69587_7,γδT cells,,human,false,ZNF683,explicit,"Fig.4a,b","γδT cells (TRGC2, FXYD2, ZNF683/HOBIT)"
DOI_10.1038_s41467_026_69587_7,CD8A+ cytotoxic T cells,,human,false,CD8A,explicit,"Fig.4a,b","CD8A+ cytotoxic T cells (CD8A, CCL5, GZMK)"
DOI_10.1038_s41467_026_69587_7,CD8A+ cytotoxic T cells,,human,false,CCL5,explicit,"Fig.4a,b","CD8A+ cytotoxic T cells (CD8A, CCL5, GZMK)"
DOI_10.1038_s41467_026_69587_7,CD8A+ cytotoxic T cells,,human,false,GZMK,explicit,"Fig.4a,b","CD8A+ cytotoxic T cells (CD8A, CCL5, GZMK)"
DOI_10.1038_s41467_026_69587_7,CD4+ regulatory T cells (Tregs),,human,false,CTLA4,explicit,"Fig.4a,b","CD4+ regulatory T cells (Tregs) (CTLA4, TIGIT, FOXP3, CCR8)"
DOI_10.1038_s41467_026_69587_7,CD4+ regulatory T cells (Tregs),,human,false,TIGIT,explicit,"Fig.4a,b","CD4+ regulatory T cells (Tregs) (CTLA4, TIGIT, FOXP3, CCR8)"
DOI_10.1038_s41467_026_69587_7,CD4+ regulatory T cells (Tregs),,human,false,FOXP3,explicit,"Fig.4a,b","CD4+ regulatory T cells (Tregs) (CTLA4, TIGIT, FOXP3, CCR8)"
DOI_10.1038_s41467_026_69587_7,CD4+ regulatory T cells (Tregs),,human,false,CCR8,explicit,"Fig.4a,b","CD4+ regulatory T cells (Tregs) (CTLA4, TIGIT, FOXP3, CCR8)"
DOI_10.1038_s41467_026_69587_7,CD40LG+ T cells,T CREMhi,human,false,CREM,explicit,"Fig.4a,b","T CREMhi (CREM, CXCR4)"
DOI_10.1038_s41467_026_69587_7,CD40LG+ T cells,T CREMhi,human,false,CXCR4,explicit,"Fig.4a,b","T CREMhi (CREM, CXCR4)"
DOI_10.1038_s41467_026_69587_7,CD40LG+ T cells,T FOShi,human,false,FOS,explicit,"Fig.4a,b","T FOShi (FOS, IL32)"
DOI_10.1038_s41467_026_69587_7,CD40LG+ T cells,T FOShi,human,false,IL32,explicit,"Fig.4a,b","T FOShi (FOS, IL32)"
DOI_10.1038_s41467_026_69587_7,Naive/memory B cells,,human,false,MS4A1,explicit,"Fig.4a,b","naive/memory B cells (MS4A1/CD20, CD79A, SELL/CD62L)"
DOI_10.1038_s41467_026_69587_7,Naive/memory B cells,,human,false,CD79A,explicit,"Fig.4a,b","naive/memory B cells (MS4A1/CD20, CD79A, SELL/CD62L)"
DOI_10.1038_s41467_026_69587_7,Naive/memory B cells,,human,false,SELL,explicit,"Fig.4a,b","naive/memory B cells (MS4A1/CD20, CD79A, SELL/CD62L)"
DOI_10.1038_s41467_026_69587_7,Plasmablasts,,human,false,FKBP4,explicit,"Fig.4a,b","plasmablasts (FKBP4, IRF8)"
DOI_10.1038_s41467_026_69587_7,Plasmablasts,,human,false,IRF8,explicit,"Fig.4a,b","plasmablasts (FKBP4, IRF8)"
DOI_10.1038_s41467_026_69587_7,Plasma cells,IgA or IgG-expressing,human,false,JCHAIN,explicit,"Fig.4a,b","IgA or IgG-expressing plasma cells (JCHAIN, MZB1, TNFRSF17)"
DOI_10.1038_s41467_026_69587_7,Plasma cells,IgA or IgG-expressing,human,false,MZB1,explicit,"Fig.4a,b","IgA or IgG-expressing plasma cells (JCHAIN, MZB1, TNFRSF17)"
DOI_10.1038_s41467_026_69587_7,Plasma cells,IgA or IgG-expressing,human,false,TNFRSF17,explicit,"Fig.4a,b","IgA or IgG-expressing plasma cells (JCHAIN, MZB1, TNFRSF17)"
DOI_10.1038_s41467_026_69587_7,mmDC,,human,false,CCL17,implied,Fig. 3h-k,A CCL22hi CCL17hi CCL19lo IDO1lo state enriched in mmDC from AD skin.
DOI_10.1038_s41467_026_69587_7,mmDC,,human,false,CCL22,implied,Fig. 3h-k,A CCL22hi CCL17hi CCL19lo IDO1lo state enriched in mmDC from AD skin.
DOI_10.1038_s41467_026_69587_7,Treg,,human,false,TNFRSF9,implied,Fig. 4i,"Tregs in lesional skin expressed higher levels of TNFRSF9 (4-1BB), TNFRSF4 (OX40), TNFRSF18 (GITR), and T cell activation markers (CD69, HLA-DPA1)."
DOI_10.1038_s41467_026_69587_7,Treg,,human,false,TNFRSF4,implied,Fig. 4i,"Tregs in lesional skin expressed higher levels of TNFRSF9 (4-1BB), TNFRSF4 (OX40), TNFRSF18 (GITR), and T cell activation markers (CD69, HLA-DPA1)."
DOI_10.1038_s41467_026_69587_7,Treg,,human,false,TNFRSF18,implied,Fig. 4i,"Tregs in lesional skin expressed higher levels of TNFRSF9 (4-1BB), TNFRSF4 (OX40), TNFRSF18 (GITR), and T cell activation markers (CD69, HLA-DPA1)."
DOI_10.1038_s41467_026_69587_7,Treg,,human,false,CD69,implied,Fig. 4i,"Tregs in lesional skin expressed higher levels of TNFRSF9 (4-1BB), TNFRSF4 (OX40), TNFRSF18 (GITR), and T cell activation markers (CD69, HLA-DPA1)."
DOI_10.1038_s41467_026_69587_7,Treg,,human,false,HLA-DPA1,implied,Fig. 4i,"Tregs in lesional skin expressed higher levels of TNFRSF9 (4-1BB), TNFRSF4 (OX40), TNFRSF18 (GITR), and T cell activation markers (CD69, HLA-DPA1)."
DOI_10.1038_s41467_026_69587_7,ILC cycling,,human,false,GZMB,implied,Fig. 4h,"Cycling ILCs in lesional skin expressed cytotoxic genes (GZMB, KLRC1, PRF1), CCL1, and key inflammatory mediators CSF2/GM-CSF, the OX40 ligand TNFSF4, and the cytotoxicity and tissue-residency TF ZNF683/HOBIT."
DOI_10.1038_s41467_026_69587_7,ILC cycling,,human,false,KLRC1,implied,Fig. 4h,"Cycling ILCs in lesional skin expressed cytotoxic genes (GZMB, KLRC1, PRF1), CCL1, and key inflammatory mediators CSF2/GM-CSF, the OX40 ligand TNFSF4, and the cytotoxicity and tissue-residency TF ZNF683/HOBIT."
DOI_10.1038_s41467_026_69587_7,ILC cycling,,human,false,PRF1,implied,Fig. 4h,"Cycling ILCs in lesional skin expressed cytotoxic genes (GZMB, KLRC1, PRF1), CCL1, and key inflammatory mediators CSF2/GM-CSF, the OX40 ligand TNFSF4, and the cytotoxicity and tissue-residency TF ZNF683/HOBIT."
DOI_10.1038_s41467_026_69587_7,ILC cycling,,human,false,CCL1,implied,Fig. 4h,"Cycling ILCs in lesional skin expressed cytotoxic genes (GZMB, KLRC1, PRF1), CCL1, and key inflammatory mediators CSF2/GM-CSF, the OX40 ligand TNFSF4, and the cytotoxicity and tissue-residency TF ZNF683/HOBIT."
DOI_10.1038_s41467_026_69587_7,ILC cycling,,human,false,CSF2,implied,Fig. 4h,"Cycling ILCs in lesional skin expressed cytotoxic genes (GZMB, KLRC1, PRF1), CCL1, and key inflammatory mediators CSF2/GM-CSF, the OX40 ligand TNFSF4, and the cytotoxicity and tissue-residency TF ZNF683/HOBIT."
DOI_10.1038_s41467_026_69587_7,ILC cycling,,human,false,TNFSF4,implied,Fig. 4h,"Cycling ILCs in lesional skin expressed cytotoxic genes (GZMB, KLRC1, PRF1), CCL1, and key inflammatory mediators CSF2/GM-CSF, the OX40 ligand TNFSF4, and the cytotoxicity and tissue-residency TF ZNF683/HOBIT."
DOI_10.1038_s41467_026_69587_7,ILC cycling,,human,false,ZNF683,implied,Fig. 4h,"Cycling ILCs in lesional skin expressed cytotoxic genes (GZMB, KLRC1, PRF1), CCL1, and key inflammatory mediators CSF2/GM-CSF, the OX40 ligand TNFSF4, and the cytotoxicity and tissue-residency TF ZNF683/HOBIT."
DOI_10.1038_s41467_026_69587_7,CCL19+IL4I1+ fibroblasts,,human,false,CCL19,explicit,"Fig. 5d,e","CCL19+IL4I1+ fibroblasts (IL32, TNC, VCAM1) expressing high levels of MHC-I and II presentation genes."
DOI_10.1038_s41467_026_69587_7,CCL19+IL4I1+ fibroblasts,,human,false,IL4I1,explicit,"Fig. 5d,e","CCL19+IL4I1+ fibroblasts (IL32, TNC, VCAM1) expressing high levels of MHC-I and II presentation genes."
DOI_10.1038_s41467_026_69587_7,CCL19+IL4I1+ fibroblasts,,human,false,IL32,explicit,"Fig. 5d,e","CCL19+IL4I1+ fibroblasts (IL32, TNC, VCAM1) expressing high levels of MHC-I and II presentation genes."
DOI_10.1038_s41467_026_69587_7,CCL19+IL4I1+ fibroblasts,,human,false,TNC,explicit,"Fig. 5d,e","CCL19+IL4I1+ fibroblasts (IL32, TNC, VCAM1) expressing high levels of MHC-I and II presentation genes."
DOI_10.1038_s41467_026_69587_7,CCL19+IL4I1+ fibroblasts,,human,false,VCAM1,explicit,"Fig. 5d,e","CCL19+IL4I1+ fibroblasts (IL32, TNC, VCAM1) expressing high levels of MHC-I and II presentation genes."
DOI_10.1038_s41467_026_69587_7,CCL19+APOE+ fibroblasts,,human,false,CCL19,explicit,"Fig. 5d,e","CCL19+APOE+ fibroblasts (RBP5, TNFRSF13B, CXCL1)"
DOI_10.1038_s41467_026_69587_7,CCL19+APOE+ fibroblasts,,human,false,APOE,explicit,"Fig. 5d,e","CCL19+APOE+ fibroblasts (RBP5, TNFRSF13B, CXCL1)"
DOI_10.1038_s41467_026_69587_7,CCL19+APOE+ fibroblasts,,human,false,RBP5,explicit,"Fig. 5d,e","CCL19+APOE+ fibroblasts (RBP5, TNFRSF13B, CXCL1)"
DOI_10.1038_s41467_026_69587_7,CCL19+APOE+ fibroblasts,,human,false,TNFRSF13B,explicit,"Fig. 5d,e","CCL19+APOE+ fibroblasts (RBP5, TNFRSF13B, CXCL1)"
DOI_10.1038_s41467_026_69587_7,CCL19+APOE+ fibroblasts,,human,false,CXCL1,explicit,"Fig. 5d,e","CCL19+APOE+ fibroblasts (RBP5, TNFRSF13B, CXCL1)"
DOI_10.1038_s41467_026_69587_7,CDH19+ cells,,human,false,CDH19,explicit,"Fig. 5d,e","CDH19+ cells (SCN7A, ANGPTL7, EBF2) and NGFR+ cells (ITGA6, TNNC1, WNT6)"
DOI_10.1038_s41467_026_69587_7,CDH19+ cells,,human,false,SCN7A,explicit,"Fig. 5d,e","CDH19+ cells (SCN7A, ANGPTL7, EBF2) and NGFR+ cells (ITGA6, TNNC1, WNT6)"
DOI_10.1038_s41467_026_69587_7,CDH19+ cells,,human,false,ANGPTL7,explicit,"Fig. 5d,e","CDH19+ cells (SCN7A, ANGPTL7, EBF2) and NGFR+ cells (ITGA6, TNNC1, WNT6)"
DOI_10.1038_s41467_026_69587_7,CDH19+ cells,,human,false,EBF2,explicit,"Fig. 5d,e","CDH19+ cells (SCN7A, ANGPTL7, EBF2) and NGFR+ cells (ITGA6, TNNC1, WNT6)"
DOI_10.1038_s41467_026_69587_7,NGFR+ cells,,human,false,NGFR,explicit,"Fig. 5d,e","CDH19+ cells (SCN7A, ANGPTL7, EBF2) and NGFR+ cells (ITGA6, TNNC1, WNT6)"
DOI_10.1038_s41467_026_69587_7,NGFR+ cells,,human,false,ITGA6,explicit,"Fig. 5d,e","CDH19+ cells (SCN7A, ANGPTL7, EBF2) and NGFR+ cells (ITGA6, TNNC1, WNT6)"
DOI_10.1038_s41467_026_69587_7,NGFR+ cells,,human,false,TNNC1,explicit,"Fig. 5d,e","CDH19+ cells (SCN7A, ANGPTL7, EBF2) and NGFR+ cells (ITGA6, TNNC1, WNT6)"
DOI_10.1038_s41467_026_69587_7,NGFR+ cells,,human,false,WNT6,explicit,"Fig. 5d,e","CDH19+ cells (SCN7A, ANGPTL7, EBF2) and NGFR+ cells (ITGA6, TNNC1, WNT6)"
DOI_10.1038_s41467_026_69587_7,GDF10+ INSR+ CapEC,,human,false,GDF10,explicit,Fig. 5g,higher fractions of GDF10+ INSR+ CapEC
DOI_10.1038_s41467_026_69587_7,GDF10+ INSR+ CapEC,,human,false,INSR,explicit,Fig. 5g,higher fractions of GDF10+ INSR+ CapEC
DOI_10.1038_s41467_026_69587_7,ICAM2hi ArtEC,,human,false,ICAM2,explicit,Fig. 5g,ICAM2hi ArtEC
DOI_10.1038_s41467_026_69587_7,EDNRBhi CapECs,,human,false,EDNRB,explicit,Fig. 5g,EDNRBhi CapECs
DOI_10.1038_s41467_026_69587_7,RERGL+ and DES+ smooth muscle cells,,human,false,RERGL,explicit,"Fig. 5d,e",including CDH19+ and NGFR+ cells and RERGL+ and DES+ smooth muscle cells.
DOI_10.1038_s41467_026_69587_7,RERGL+ and DES+ smooth muscle cells,,human,false,DES,explicit,"Fig. 5d,e",including CDH19+ and NGFR+ cells and RERGL+ and DES+ smooth muscle cells.
DOI_10.1038_s41467_026_69587_7,THY1+ skin stromal cells,,human,false,THY1,explicit,Results p.8,In addition to recently-reported THY1+ skin stromal cells
DOI_10.1038_s41467_026_69587_7,IL13+/IL22+/IL26+ T cells,,human,false,IL13,explicit,Fig.4m,"Mean expression (min-max scaled log(TP10K + 1), dot color) and percent of cells expressing IFNG, IL13, IL22, IL26 across lymphocyte cell subsets."
DOI_10.1038_s41467_026_69587_7,IL13+/IL22+/IL26+ T cells,,human,false,IL22,explicit,Fig.4m,"Mean expression (min-max scaled log(TP10K + 1), dot color) and percent of cells expressing IFNG, IL13, IL22, IL26 across lymphocyte cell subsets."
DOI_10.1038_s41467_026_69587_7,IL13+/IL22+/IL26+ T cells,,human,false,IL26,explicit,Fig.4m,"Mean expression (min-max scaled log(TP10K + 1), dot color) and percent of cells expressing IFNG, IL13, IL22, IL26 across lymphocyte cell subsets."
DOI_10.1038_s41467_026_69587_7,CREMhi T cells,,human,false,CREM,explicit,Results p.10,with multiple T cell subsets including IL13+/IL22+/IL26+ T cells and CREMhi T and DCs via CCL20-CCR6
DOI_10.1038_s41467_026_69587_7,IL1B+ DCs,,human,false,IL1B,explicit,Results p.10,IL1B+ DCs had multiple putative interactions with neutrophils via CXCL1/2/3/8-CXCR1/2 and with multiple T cell subsets
DOI_10.1038_s41467_026_69587_7,MMP12+ DC,,human,false,MMP12,explicit,Results p.10,"e.g., mmDCs, MMP12+ DC via CCL20-CCR6"
DOI_10.1038_s41467_026_69587_7,SPP1+ macrophages,,human,false,SPP1,explicit,Results p.10,"SPP1+ macrophages, IL13+/IL22+/IL26+ T cells, and NK cells as shared components"
DOI_10.1038_s41467_026_69587_7,Vascular endothelial cells,,human,false,HEY1,implied,Fig.5b,"z-scored expression of vessel marker genes (b, right) colored by blood vessel type"
DOI_10.1038_s41467_026_69587_7,Vascular endothelial cells,,human,false,RGCC,implied,Fig.5b,"z-scored expression of vessel marker genes (b, right) colored by blood vessel type"
DOI_10.1038_s41467_026_69587_7,Vascular endothelial cells,,human,false,ACKR1,implied,Fig.5b,"z-scored expression of vessel marker genes (b, right) colored by blood vessel type"
DOI_10.1038_s41467_026_69587_7,CapEC FABP4+,,human,false,FABP4,explicit,Fig.5c,Vascular endothelial cell subsets labelled CapEC FABP4+ in marker gene dot plot
DOI_10.1038_s41467_026_69587_7,CapEC INSR+,,human,false,INSR,explicit,Fig.5c,Vascular endothelial cell subsets labelled CapEC INSR+ in marker gene dot plot
DOI_10.1038_s41467_026_69587_7,FB CCL19+ IL4I1+,,human,false,CCL19,explicit,Fig.5d-f,CCL19+ IL4I1+ fibroblasts preferential express antigen presentation genes; subset name includes CCL19
DOI_10.1038_s41467_026_69587_7,FB CCL19+ IL4I1+,,human,false,IL4I1,explicit,Fig.5d-f,CCL19+ IL4I1+ fibroblasts preferential express antigen presentation genes; subset name includes IL4I1
DOI_10.1038_s41467_026_69587_7,Schwann NRXN1hi,,human,true,NRXN1,implied,Fig. 6a (figure legend),"In the Fig. 6a legend, cell subsets include 'Schwann NRXN1hi'."
DOI_10.1038_s41467_026_69587_7,Schwann MBP+,,human,true,MBP,implied,Fig. 6a (figure legend),"In the Fig. 6a legend, cell subsets include 'Schwann MBP+'."
DOI_10.1038_s41467_026_69587_7,Schwann DCN+,,human,true,DCN,implied,Fig. 6a (figure legend),"In the Fig. 6a legend, cell subsets include 'Schwann DCN+'."
DOI_10.1038_s41467_026_69587_7,T cell cluster,,human,false,CD3D,explicit,Methods: Preprocessing and analysis of joint single cell (5′RNA + TCR)-seq,"Graph-based Leiden clustering was run with resolution = 1.0 parameter on the k-NN graph built with k = 15 on 50 PCs to annotate the T cell cluster, which showed high CD3D and CD3E expression."
DOI_10.1038_s41467_026_69587_7,T cell cluster,,human,false,CD3E,explicit,Methods: Preprocessing and analysis of joint single cell (5′RNA + TCR)-seq,"Graph-based Leiden clustering was run with resolution = 1.0 parameter on the k-NN graph built with k = 15 on 50 PCs to annotate the T cell cluster, which showed high CD3D and CD3E expression."
DOI_10.1038_s41556_023_01337_z,intestinal stem cell (ISC),region 1,mouse,false,Gkn3,explicit,Extended Data Fig. 8e,"Expression of ISC region 1 genes (Gkn3 and Hmgcs2) and ISC region 3 genes (Bex1 and Hoxb6) across ISCs from 15 segments collected from the small intestines of mice fed chow, high-carbohydrate, or high-fat diets as indicated by colour."
DOI_10.1038_s41556_023_01337_z,intestinal stem cell (ISC),region 1,mouse,false,Hmgcs2,explicit,Extended Data Fig. 8e,"Expression of ISC region 1 genes (Gkn3 and Hmgcs2) and ISC region 3 genes (Bex1 and Hoxb6) across ISCs from 15 segments collected from the small intestines of mice fed chow, high-carbohydrate, or high-fat diets as indicated by colour."
DOI_10.1038_s41556_023_01337_z,intestinal stem cell (ISC),region 3,mouse,false,Bex1,explicit,Extended Data Fig. 8e,"Expression of ISC region 1 genes (Gkn3 and Hmgcs2) and ISC region 3 genes (Bex1 and Hoxb6) across ISCs from 15 segments collected from the small intestines of mice fed chow, high-carbohydrate, or high-fat diets as indicated by colour."
DOI_10.1038_s41556_023_01337_z,intestinal stem cell (ISC),region 3,mouse,false,Hoxb6,explicit,Extended Data Fig. 8e,"Expression of ISC region 1 genes (Gkn3 and Hmgcs2) and ISC region 3 genes (Bex1 and Hoxb6) across ISCs from 15 segments collected from the small intestines of mice fed chow, high-carbohydrate, or high-fat diets as indicated by colour."
DOI_10.1038_s41586_020_2922_4,Urothelial cells,basal,human,false,KRT5,explicit,"Main Text, Single-nucleus transcriptomic atlas of the adult human bladder (Fig. 1C; table S2)","The urothelium resolved into three layers corresponding to basal (KRT5+/KRT13+/ADAMTS9+), umbrella (UPK1A+/UPK3A+), and intermediate (KRT13+/ABCC3+) layers (Fig. 1C; fig. S1A; table S2)."
DOI_10.1038_s41586_020_2922_4,Urothelial cells,basal,human,false,KRT13,explicit,"Main Text, Single-nucleus transcriptomic atlas of the adult human bladder (Fig. 1C; table S2)","The urothelium resolved into three layers corresponding to basal (KRT5+/KRT13+/ADAMTS9+), umbrella (UPK1A+/UPK3A+), and intermediate (KRT13+/ABCC3+) layers (Fig. 1C; fig. S1A; table S2)."
DOI_10.1038_s41586_020_2922_4,Urothelial cells,basal,human,false,ADAMTS9,explicit,"Main Text, Single-nucleus transcriptomic atlas of the adult human bladder (Fig. 1C; table S2)","The urothelium resolved into three layers corresponding to basal (KRT5+/KRT13+/ADAMTS9+), umbrella (UPK1A+/UPK3A+), and intermediate (KRT13+/ABCC3+) layers (Fig. 1C; fig. S1A; table S2)."
DOI_10.1038_s41586_020_2922_4,Urothelial cells,umbrella,human,false,UPK1A,explicit,"Main Text, Single-nucleus transcriptomic atlas of the adult human bladder (Fig. 1C; table S2)","The urothelium resolved into three layers corresponding to basal (KRT5+/KRT13+/ADAMTS9+), umbrella (UPK1A+/UPK3A+), and intermediate (KRT13+/ABCC3+) layers (Fig. 1C; fig. S1A; table S2)."
DOI_10.1038_s41586_020_2922_4,Urothelial cells,umbrella,human,false,UPK3A,explicit,"Main Text, Single-nucleus transcriptomic atlas of the adult human bladder (Fig. 1C; table S2)","The urothelium resolved into three layers corresponding to basal (KRT5+/KRT13+/ADAMTS9+), umbrella (UPK1A+/UPK3A+), and intermediate (KRT13+/ABCC3+) layers (Fig. 1C; fig. S1A; table S2)."
DOI_10.1038_s41586_020_2922_4,Urothelial cells,intermediate,human,false,KRT13,explicit,"Main Text, Single-nucleus transcriptomic atlas of the adult human bladder (Fig. 1C; table S2)","The urothelium resolved into three layers corresponding to basal (KRT5+/KRT13+/ADAMTS9+), umbrella (UPK1A+/UPK3A+), and intermediate (KRT13+/ABCC3+) layers (Fig. 1C; fig. S1A; table S2)."
DOI_10.1038_s41586_020_2922_4,Urothelial cells,intermediate,human,false,ABCC3,explicit,"Main Text, Single-nucleus transcriptomic atlas of the adult human bladder (Fig. 1C; table S2)","The urothelium resolved into three layers corresponding to basal (KRT5+/KRT13+/ADAMTS9+), umbrella (UPK1A+/UPK3A+), and intermediate (KRT13+/ABCC3+) layers (Fig. 1C; fig. S1A; table S2)."
DOI_10.1038_s41586_020_2922_4,Urothelial cells,proliferative,human,false,KI67,explicit,"Main Text, Spatial architecture of bladder cell types and microenvironments","Urothelial cells segregated into basal, intermediate, umbrella, and proliferative (KI67+) subpopulations."
DOI_10.1038_s41586_020_2922_4,Smooth muscle cells,general,human,false,ACTA2,explicit,"Main Text, Single-nucleus transcriptomic atlas of the adult human bladder","Smooth muscle cells segregated into general (ACTA2+/MYLK+), vascular (RGS5+), and pericyte (CSPG4+) subsets."
DOI_10.1038_s41586_020_2922_4,Smooth muscle cells,general,human,false,MYLK,explicit,"Main Text, Single-nucleus transcriptomic atlas of the adult human bladder","Smooth muscle cells segregated into general (ACTA2+/MYLK+), vascular (RGS5+), and pericyte (CSPG4+) subsets."
DOI_10.1038_s41586_020_2922_4,Smooth muscle cells,vascular,human,false,RGS5,explicit,"Main Text, Single-nucleus transcriptomic atlas of the adult human bladder","Smooth muscle cells segregated into general (ACTA2+/MYLK+), vascular (RGS5+), and pericyte (CSPG4+) subsets."
DOI_10.1038_s41586_020_2922_4,Pericytes,,human,false,CSPG4,explicit,"Main Text, Single-nucleus transcriptomic atlas of the adult human bladder","Smooth muscle cells segregated into general (ACTA2+/MYLK+), vascular (RGS5+), and pericyte (CSPG4+) subsets."
DOI_10.1038_s41586_020_2922_4,Pericytes,,human,false,ADGRF5,explicit,"Main Text, Spatial architecture of bladder cell types and microenvironments","Vein-associated regions (Fig. 3E; fig. S3D) included venous endothelial cells and neighboring capillaries (PECAM1+/FLT1+), surrounded by pericytes (ADGRF5+) and fibroblast xFB-9 (CXCL14+) as well as macrophages (MS4A7+)."
DOI_10.1038_s41586_020_2922_4,Endothelial cells,arterial,human,false,PECAM1,explicit,"Main Text, Spatial architecture of bladder cell types and microenvironments","In the lamina propria, the artery-associated regions (Fig. 3D) comprised arterial endothelial cells (PECAM1+/GJA5+), surrounding vascular smooth muscle cells (RGS5+), and fibroblast xFB-8 (CCL11+)."
DOI_10.1038_s41586_020_2922_4,Endothelial cells,arterial,human,false,GJA5,explicit,"Main Text, Spatial architecture of bladder cell types and microenvironments","In the lamina propria, the artery-associated regions (Fig. 3D) comprised arterial endothelial cells (PECAM1+/GJA5+), surrounding vascular smooth muscle cells (RGS5+), and fibroblast xFB-8 (CCL11+)."
DOI_10.1038_s41586_020_2922_4,Endothelial cells,venous,human,false,FLT1,explicit,"Main Text, Single-nucleus transcriptomic atlas of the adult human bladder","Endothelial cells partitioned into arterial (GJA5+), venous (FLT1+), and lymphatic (MMRN1+/TFF3+) types."
DOI_10.1038_s41586_020_2922_4,Endothelial cells,capillary,human,false,PECAM1,explicit,"Main Text, Spatial architecture of bladder cell types and microenvironments","Vein-associated regions (Fig. 3E; fig. S3D) included venous endothelial cells and neighboring capillaries (PECAM1+/FLT1+), surrounded by pericytes (ADGRF5+) and fibroblast xFB-9 (CXCL14+) as well as macrophages (MS4A7+)."
DOI_10.1038_s41586_020_2922_4,Endothelial cells,capillary,human,false,FLT1,explicit,"Main Text, Spatial architecture of bladder cell types and microenvironments","Vein-associated regions (Fig. 3E; fig. S3D) included venous endothelial cells and neighboring capillaries (PECAM1+/FLT1+), surrounded by pericytes (ADGRF5+) and fibroblast xFB-9 (CXCL14+) as well as macrophages (MS4A7+)."
DOI_10.1038_s41586_020_2922_4,Endothelial cells,lymphatic,human,false,MMRN1,explicit,"Main Text, Single-nucleus transcriptomic atlas of the adult human bladder","Endothelial cells partitioned into arterial (GJA5+), venous (FLT1+), and lymphatic (MMRN1+/TFF3+) types."
DOI_10.1038_s41586_020_2922_4,Endothelial cells,lymphatic,human,false,TFF3,explicit,"Main Text, Single-nucleus transcriptomic atlas of the adult human bladder","Endothelial cells partitioned into arterial (GJA5+), venous (FLT1+), and lymphatic (MMRN1+/TFF3+) types."
DOI_10.1038_s41586_020_2922_4,Schwann cells,,human,true,NRXN,explicit,"Main Text, Single-nucleus transcriptomic atlas of the adult human bladder",Additional stromal populations included Schwann cells (NRXN+/XKR4+) and adipocytes (FABP3+/ADIPOQ+).
DOI_10.1038_s41586_020_2922_4,Schwann cells,,human,true,XKR4,explicit,"Main Text, Single-nucleus transcriptomic atlas of the adult human bladder",Additional stromal populations included Schwann cells (NRXN+/XKR4+) and adipocytes (FABP3+/ADIPOQ+).
DOI_10.1038_s41586_020_2922_4,Schwann cells,,human,true,NRXN1,explicit,"Main Text, Spatial architecture of bladder cell types and microenvironments",Regions surrounding innervating structures (fig. S3E) featured Schwann cells (NRXN1+) and a localized fibroblast subset xFB-7 (DCN+/NGFR+).
DOI_10.1038_s41586_020_2922_4,Adipocytes,,human,false,FABP3,explicit,"Main Text, Single-nucleus transcriptomic atlas of the adult human bladder",Additional stromal populations included Schwann cells (NRXN+/XKR4+) and adipocytes (FABP3+/ADIPOQ+).
DOI_10.1038_s41586_020_2922_4,Adipocytes,,human,false,ADIPOQ,explicit,"Main Text, Single-nucleus transcriptomic atlas of the adult human bladder",Additional stromal populations included Schwann cells (NRXN+/XKR4+) and adipocytes (FABP3+/ADIPOQ+).
DOI_10.1038_s41586_020_2922_4,Fibroblast,xFB-0,human,false,HHIP,explicit,"Main Text, Spatial architecture of bladder cell types and microenvironments","At the urothelial-stromal boundary (Fig. 3C), basal urothelial cells expressing sonic hedgehog (SHH) were juxtaposed with two fibroblast subsets: xFB-5 (HHIP-/PTCH1+) and xFB-0 (HHIP+/PTCH1+), consistent with known ligand-receptor distributions in this signaling pathway."
DOI_10.1038_s41586_020_2922_4,Fibroblast,xFB-0,human,false,PTCH1,explicit,"Main Text, Spatial architecture of bladder cell types and microenvironments","At the urothelial-stromal boundary (Fig. 3C), basal urothelial cells expressing sonic hedgehog (SHH) were juxtaposed with two fibroblast subsets: xFB-5 (HHIP-/PTCH1+) and xFB-0 (HHIP+/PTCH1+), consistent with known ligand-receptor distributions in this signaling pathway."
DOI_10.1038_s41586_020_2922_4,Fibroblast,xFB-5,human,false,PTCH1,explicit,"Main Text, Spatial architecture of bladder cell types and microenvironments","At the urothelial-stromal boundary (Fig. 3C), basal urothelial cells expressing sonic hedgehog (SHH) were juxtaposed with two fibroblast subsets: xFB-5 (HHIP-/PTCH1+) and xFB-0 (HHIP+/PTCH1+), consistent with known ligand-receptor distributions in this signaling pathway."
DOI_10.1038_s41586_020_2922_4,Fibroblast,xFB-5,human,false,CXCL12,explicit,"Main Text, Fibroblast architecture across the bladder wall","CXCL12:P1 was enriched in both xFB-5 and xFB-3, marking fibroblasts adjacent to the urothelium and those bordering the detrusor muscle (Fig. 5F; fig. S5B; table S6)."
DOI_10.1038_s41586_020_2922_4,Fibroblast,xFB-3,human,false,CXCL12,explicit,"Main Text, Fibroblast architecture across the bladder wall","CXCL12:P1 was enriched in both xFB-5 and xFB-3, marking fibroblasts adjacent to the urothelium and those bordering the detrusor muscle (Fig. 5F; fig. S5B; table S6)."
DOI_10.1038_s41586_020_2922_4,Fibroblast,xFB-2,human,false,NQO1,implied,"Main Text, Fibroblast architecture across the bladder wall","NQO1:P2 showed selective enrichment in xFB-2, corresponding to the mid-lamina propria (fig. S5C)."
DOI_10.1038_s41586_020_2922_4,Fibroblast,xFB-7,human,false,DCN,explicit,"Main Text, Spatial architecture of bladder cell types and microenvironments",Regions surrounding innervating structures (fig. S3E) featured Schwann cells (NRXN1+) and a localized fibroblast subset xFB-7 (DCN+/NGFR+).
DOI_10.1038_s41586_020_2922_4,Fibroblast,xFB-7,human,false,NGFR,explicit,"Main Text, Spatial architecture of bladder cell types and microenvironments",Regions surrounding innervating structures (fig. S3E) featured Schwann cells (NRXN1+) and a localized fibroblast subset xFB-7 (DCN+/NGFR+).
DOI_10.1038_s41586_020_2922_4,Fibroblast,xFB-8,human,false,CCL11,explicit,"Main Text, Spatial architecture of bladder cell types and microenvironments","In the lamina propria, the artery-associated regions (Fig. 3D) comprised arterial endothelial cells (PECAM1+/GJA5+), surrounding vascular smooth muscle cells (RGS5+), and fibroblast xFB-8 (CCL11+)."
DOI_10.1038_s41586_020_2922_4,Fibroblast,xFB-9,human,false,CXCL14,explicit,"Main Text, Spatial architecture of bladder cell types and microenvironments","Vein-associated regions (Fig. 3E; fig. S3D) included venous endothelial cells and neighboring capillaries (PECAM1+/FLT1+), surrounded by pericytes (ADGRF5+) and fibroblast xFB-9 (CXCL14+) as well as macrophages (MS4A7+)."
DOI_10.1038_s41586_020_2922_4,Macrophages,MS4A7+,human,false,MS4A7,explicit,"Main Text, Spatial architecture of bladder cell types and microenvironments","Immune cells encompassed B cells, plasma cells, KI67+ plasma cells, T cells, natural killer (NK) cells, dendritic cells (DC), monocytes, mast cells, and two macrophage subpopulations (MS4A7+ and LYVE1+)."
DOI_10.1038_s41586_020_2922_4,Macrophages,LYVE1+,human,false,LYVE1,explicit,"Main Text, Spatial architecture of bladder cell types and microenvironments","Immune cells encompassed B cells, plasma cells, KI67+ plasma cells, T cells, natural killer (NK) cells, dendritic cells (DC), monocytes, mast cells, and two macrophage subpopulations (MS4A7+ and LYVE1+)."
DOI_10.1038_s41586_020_2922_4,Plasma cells,KI67+,human,false,KI67,explicit,"Main Text, Spatial architecture of bladder cell types and microenvironments","Immune cells encompassed B cells, plasma cells, KI67+ plasma cells, T cells, natural killer (NK) cells, dendritic cells (DC), monocytes, mast cells, and two macrophage subpopulations (MS4A7+ and LYVE1+)."
DOI_10.1038_s41586_020_2922_4,basal urothelial cells,,human,false,SHH,explicit,Fig. 3C,"ROI at the urothelial-stromal interface showing basal urothelial cells (SHH), umbrella cells (UPK3A), and peri-urothelial fibroblasts xFB-0 (PTCH1) and xFB-5 (HHIP)."
DOI_10.1038_s41586_020_2922_4,umbrella cells,,human,false,UPK3A,explicit,Fig. 3C,"ROI at the urothelial-stromal interface showing basal urothelial cells (SHH), umbrella cells (UPK3A), and peri-urothelial fibroblasts xFB-0 (PTCH1) and xFB-5 (HHIP)."
DOI_10.1038_s41586_020_2922_4,peri-urothelial fibroblasts xFB-0,,human,false,PTCH1,explicit,Fig. 3C,"ROI at the urothelial-stromal interface showing basal urothelial cells (SHH), umbrella cells (UPK3A), and peri-urothelial fibroblasts xFB-0 (PTCH1) and xFB-5 (HHIP)."
DOI_10.1038_s41586_020_2922_4,peri-urothelial fibroblasts xFB-5,,human,false,HHIP,explicit,Fig. 3C,"ROI at the urothelial-stromal interface showing basal urothelial cells (SHH), umbrella cells (UPK3A), and peri-urothelial fibroblasts xFB-0 (PTCH1) and xFB-5 (HHIP)."
DOI_10.1038_s41586_020_2922_4,arterial endothelial cells,,human,false,PECAM1,explicit,Fig. 3D,"ROI featuring an artery with endothelial cells (PECAM1), arterial marker GJA5, vascular smooth muscle cells (RGS5), and xFB-8 (CCL11)."
DOI_10.1038_s41586_020_2922_4,arterial endothelial cells,,human,false,GJA5,explicit,Fig. 3D,"ROI featuring an artery with endothelial cells (PECAM1), arterial marker GJA5, vascular smooth muscle cells (RGS5), and xFB-8 (CCL11)."
DOI_10.1038_s41586_020_2922_4,venous endothelial cells,,human,false,PECAM1,explicit,Fig. 3E,"ROI featuring veins with endothelial cells (PECAM1), venous marker FLT1, pericytes (ADGRF5), and macrophages (MS4A7)."
DOI_10.1038_s41586_020_2922_4,venous endothelial cells,,human,false,FLT1,explicit,Fig. 3E,"ROI featuring veins with endothelial cells (PECAM1), venous marker FLT1, pericytes (ADGRF5), and macrophages (MS4A7)."
DOI_10.1038_s41586_020_2922_4,vascular smooth muscle cells,,human,false,RGS5,explicit,Fig. 3D,"ROI featuring an artery with endothelial cells (PECAM1), arterial marker GJA5, vascular smooth muscle cells (RGS5), and xFB-8 (CCL11)."
DOI_10.1038_s41586_020_2922_4,xFB-8,,human,false,CCL11,explicit,Fig. 3D,"ROI featuring an artery with endothelial cells (PECAM1), arterial marker GJA5, vascular smooth muscle cells (RGS5), and xFB-8 (CCL11)."
DOI_10.1038_s41586_020_2922_4,pericytes,,human,false,ADGRF5,explicit,Fig. 3E,"ROI featuring veins with endothelial cells (PECAM1), venous marker FLT1, pericytes (ADGRF5), and macrophages (MS4A7)."
DOI_10.1038_s41586_020_2922_4,macrophages,,human,false,MS4A7,explicit,Fig. 3E,"ROI featuring veins with endothelial cells (PECAM1), venous marker FLT1, pericytes (ADGRF5), and macrophages (MS4A7)."
DOI_10.1038_s41586_020_2922_4,muscle/myofibroblast,,human,false,ACTA2,explicit,Fig. 6C,"Additional feature plots display canonical markers (KRT19, urothelium; ACTA2, muscle/myofibroblast; DCN, fibroblast) alongside the Visium H&E image."
DOI_10.1038_s41586_020_2922_4,urothelium,,human,false,KRT19,explicit,Fig. 6C,"Additional feature plots display canonical markers (KRT19, urothelium; ACTA2, muscle/myofibroblast; DCN, fibroblast) alongside the Visium H&E image."
DOI_10.1038_s41586_020_2922_4,fibroblast,,human,false,DCN,explicit,Fig. 6C,"Additional feature plots display canonical markers (KRT19, urothelium; ACTA2, muscle/myofibroblast; DCN, fibroblast) alongside the Visium H&E image."
DOI_10.1038_s41586_020_2922_4,urothelial cells,,human,false,KRT5,explicit,Methods: Cell clustering and identification (Xenium),"Marker genes included KRT5 and UPK3A for urothelial cells, ACTA2, MYLK, PECAM1, XKR4, and RGS5 for stromal cells, PDGFRA and DCN for fibroblasts, and PTPRC for immune cells."
DOI_10.1038_s41586_020_2922_4,urothelial cells,,human,false,UPK3A,explicit,Methods: Cell clustering and identification (Xenium),"Marker genes included KRT5 and UPK3A for urothelial cells, ACTA2, MYLK, PECAM1, XKR4, and RGS5 for stromal cells, PDGFRA and DCN for fibroblasts, and PTPRC for immune cells."
DOI_10.1038_s41586_020_2922_4,stromal cells,,human,false,ACTA2,explicit,Methods: Cell clustering and identification (Xenium),"Marker genes included KRT5 and UPK3A for urothelial cells, ACTA2, MYLK, PECAM1, XKR4, and RGS5 for stromal cells, PDGFRA and DCN for fibroblasts, and PTPRC for immune cells."
DOI_10.1038_s41586_020_2922_4,stromal cells,,human,false,MYLK,explicit,Methods: Cell clustering and identification (Xenium),"Marker genes included KRT5 and UPK3A for urothelial cells, ACTA2, MYLK, PECAM1, XKR4, and RGS5 for stromal cells, PDGFRA and DCN for fibroblasts, and PTPRC for immune cells."
DOI_10.1038_s41586_020_2922_4,stromal cells,,human,false,PECAM1,explicit,Methods: Cell clustering and identification (Xenium),"Marker genes included KRT5 and UPK3A for urothelial cells, ACTA2, MYLK, PECAM1, XKR4, and RGS5 for stromal cells, PDGFRA and DCN for fibroblasts, and PTPRC for immune cells."
DOI_10.1038_s41586_020_2922_4,stromal cells,,human,false,XKR4,explicit,Methods: Cell clustering and identification (Xenium),"Marker genes included KRT5 and UPK3A for urothelial cells, ACTA2, MYLK, PECAM1, XKR4, and RGS5 for stromal cells, PDGFRA and DCN for fibroblasts, and PTPRC for immune cells."
DOI_10.1038_s41586_020_2922_4,stromal cells,,human,false,RGS5,explicit,Methods: Cell clustering and identification (Xenium),"Marker genes included KRT5 and UPK3A for urothelial cells, ACTA2, MYLK, PECAM1, XKR4, and RGS5 for stromal cells, PDGFRA and DCN for fibroblasts, and PTPRC for immune cells."
DOI_10.1038_s41586_020_2922_4,fibroblasts,,human,false,PDGFRA,explicit,Methods: Cell clustering and identification (Xenium),"Marker genes included KRT5 and UPK3A for urothelial cells, ACTA2, MYLK, PECAM1, XKR4, and RGS5 for stromal cells, PDGFRA and DCN for fibroblasts, and PTPRC for immune cells."
DOI_10.1038_s41586_020_2922_4,fibroblasts,,human,false,DCN,explicit,Methods: Cell clustering and identification (Xenium),"Marker genes included KRT5 and UPK3A for urothelial cells, ACTA2, MYLK, PECAM1, XKR4, and RGS5 for stromal cells, PDGFRA and DCN for fibroblasts, and PTPRC for immune cells."
DOI_10.1038_s41586_020_2922_4,immune cells,,human,false,PTPRC,explicit,Methods: Cell clustering and identification (Xenium),"Marker genes included KRT5 and UPK3A for urothelial cells, ACTA2, MYLK, PECAM1, XKR4, and RGS5 for stromal cells, PDGFRA and DCN for fibroblasts, and PTPRC for immune cells."
DOI_10.1038_s41586_020_2922_4,xFB-9,,human,false,CXCL14,explicit,Fig. S3D,"Region of interest (ROI) featuring a vein, with spatial expression of venous marker (FLT1), generic fibroblast marker (DCN) and xFB-9 specific marker (CXCL14)."
DOI_10.1038_s41586_020_2922_4,xFB-7,,human,false,NGFR,explicit,Fig. S3E,"ROI featuring a nerve bundle, with expression of nerve marker gene (NRXN1), generic fibroblast marker (DCN), and xFB-7 specific marker (NGFR)."
DOI_10.1038_s41586_021_03569_1,AT2 cells,,human,false,SFTPC,explicit,"Results p.116-117, Fig.3c",including expression of the lineage markers SFTPC and SFTPB in AT2 cells
DOI_10.1038_s41586_021_03569_1,AT2 cells,,human,false,SFTPB,explicit,"Results p.116-117, Fig.3c",including expression of the lineage markers SFTPC and SFTPB in AT2 cells
DOI_10.1038_s41586_021_03569_1,AT1 cells,,human,false,CLIC5,explicit,"Results p.116-117, Fig.3c",and CLIC5 and AGER in AT1 cells
DOI_10.1038_s41586_021_03569_1,AT1 cells,,human,false,AGER,explicit,"Results p.116-117, Fig.3c",and CLIC5 and AGER in AT1 cells
DOI_10.1038_s41586_021_03569_1,DATPs,,human,false,KRT8,explicit,Results p.117,"We used expression of the DATP marker genes (KRT8, CLDN4 and CDKN1A)25 to develop a DATP signature"
DOI_10.1038_s41586_021_03569_1,DATPs,,human,false,CLDN4,explicit,Results p.117,"We used expression of the DATP marker genes (KRT8, CLDN4 and CDKN1A)25 to develop a DATP signature"
DOI_10.1038_s41586_021_03569_1,DATPs,,human,false,CDKN1A,explicit,Results p.117,"We used expression of the DATP marker genes (KRT8, CLDN4 and CDKN1A)25 to develop a DATP signature"
DOI_10.1038_s41586_021_03569_1,tuft-like cells,,human,false,CHAT,explicit,Results p.118,The numbers of tuft cells (CHAT+ or POU2F3+) were increased threefold in the upper airways of individuals with COVID-19
DOI_10.1038_s41586_021_03569_1,tuft-like cells,,human,false,POU2F3,explicit,Results p.118,The numbers of tuft cells (CHAT+ or POU2F3+) were increased threefold in the upper airways of individuals with COVID-19
DOI_10.1038_s41586_021_03569_1,Pathological fibroblasts,,human,false,CTHRC1,explicit,"Results p.118, Extended Data Fig.12e, Supplementary Table 9","pFBs strongly expressed CTHRC1, a recently described hallmark gene that defines these cells, and genes of pathological ECM3, including COL1A1 and COL3A1"
DOI_10.1038_s41586_021_03569_1,Pathological fibroblasts,,human,false,COL1A1,implied,"Results p.118, Extended Data Fig.12e, Supplementary Table 9","pFBs strongly expressed CTHRC1, a recently described hallmark gene that defines these cells, and genes of pathological ECM3, including COL1A1 and COL3A1"
DOI_10.1038_s41586_021_03569_1,Pathological fibroblasts,,human,false,COL3A1,implied,"Results p.118, Extended Data Fig.12e, Supplementary Table 9","pFBs strongly expressed CTHRC1, a recently described hallmark gene that defines these cells, and genes of pathological ECM3, including COL1A1 and COL3A1"
DOI_10.1038_s41586_021_03569_1,Airway basal,,human,false,KRT5,explicit,"Results p.118, Extended Data Fig.10a-e",we recovered four distinct trajectories: KRT5+TP63+ basal
DOI_10.1038_s41586_021_03569_1,Airway basal,,human,false,TP63,explicit,"Results p.118, Extended Data Fig.10a-e",we recovered four distinct trajectories: KRT5+TP63+ basal
DOI_10.1038_s41586_021_03569_1,fibroblast,pathological fibroblasts,human,false,COL1A1,explicit,Methods - Cell-type identification,Cell clusters with high expression of COL1A1 and CTHRC1 were annotated as ‘pathological fibroblasts’ because they have been reported to contribute to the leading edge of fibrosis.
DOI_10.1038_s41586_021_03569_1,fibroblast,pathological fibroblasts,human,false,CTHRC1,explicit,Methods - Cell-type identification,Cell clusters with high expression of COL1A1 and CTHRC1 were annotated as ‘pathological fibroblasts’ because they have been reported to contribute to the leading edge of fibrosis.
DOI_10.1038_s41586_021_03569_1,DATP,,human,false,CLDN4,explicit,Methods - Module scores for feature expression,"Three genes (CLDN4, KRT8, CDKN1A) comprised the initial DATP signature thus derived."
DOI_10.1038_s41586_021_03569_1,DATP,,human,false,KRT8,explicit,Methods - Module scores for feature expression,"Three genes (CLDN4, KRT8, CDKN1A) comprised the initial DATP signature thus derived."
DOI_10.1038_s41586_021_03569_1,DATP,,human,false,CDKN1A,explicit,Methods - Module scores for feature expression,"Three genes (CLDN4, KRT8, CDKN1A) comprised the initial DATP signature thus derived."
DOI_10.1038_s41586_021_03710_0,Microglia,Homeostatic,human,false,P2RY12,explicit,Fig.3a,"Cells are coloured by cell-type subcluster (red cluster defined by homeostatic markers; light blue cluster defined by activation markers). Homeostatic markers include P2RY12, IRAK3, CX3CR1, MEF2C."
DOI_10.1038_s41586_021_03710_0,Microglia,Homeostatic,human,false,IRAK3,explicit,Fig.3a,"Cells are coloured by cell-type subcluster (red cluster defined by homeostatic markers; light blue cluster defined by activation markers). Homeostatic markers include P2RY12, IRAK3, CX3CR1, MEF2C."
DOI_10.1038_s41586_021_03710_0,Microglia,Homeostatic,human,false,CX3CR1,explicit,Fig.3a,"Cells are coloured by cell-type subcluster (red cluster defined by homeostatic markers; light blue cluster defined by activation markers). Homeostatic markers include P2RY12, IRAK3, CX3CR1, MEF2C."
DOI_10.1038_s41586_021_03710_0,Microglia,Homeostatic,human,false,MEF2C,explicit,Fig.3a,"Cells are coloured by cell-type subcluster (red cluster defined by homeostatic markers; light blue cluster defined by activation markers). Homeostatic markers include P2RY12, IRAK3, CX3CR1, MEF2C."
DOI_10.1038_s41586_021_03710_0,Microglia,COVID-19-associated,human,false,C1QC,explicit,Fig.3a,"COVID-19-enriched markers include C1QC, FTL, CD14, FTH1, RIPK1 in the light blue cluster."
DOI_10.1038_s41586_021_03710_0,Microglia,COVID-19-associated,human,false,FTL,explicit,Fig.3a,"COVID-19-enriched markers include C1QC, FTL, CD14, FTH1, RIPK1 in the light blue cluster."
DOI_10.1038_s41586_021_03710_0,Microglia,COVID-19-associated,human,false,CD14,explicit,Fig.3a,"COVID-19-enriched markers include C1QC, FTL, CD14, FTH1, RIPK1 in the light blue cluster."
DOI_10.1038_s41586_021_03710_0,Microglia,COVID-19-associated,human,false,FTH1,explicit,Fig.3a,"COVID-19-enriched markers include C1QC, FTL, CD14, FTH1, RIPK1 in the light blue cluster."
DOI_10.1038_s41586_021_03710_0,Microglia,COVID-19-associated,human,false,RIPK1,explicit,Fig.3a,"COVID-19-enriched markers include C1QC, FTL, CD14, FTH1, RIPK1 in the light blue cluster."
DOI_10.1038_s41586_021_03710_0,Microglia,COVID-19-associated,human,false,CD68,explicit,Fig.3g,Immunohistochemical staining for the microglial activation marker CD68 (brown) in the frontal medial cortex of a patient with COVID-19.
DOI_10.1038_s41586_021_03710_0,Macrophage,Perivascular,human,false,MRC1,explicit,Results p.569,"perivascular macrophages (MRC1+, which encodes macrophage-specific mannose receptor CD20634)"
DOI_10.1038_s41586_021_03710_0,T cell,,human,false,CD247,explicit,Results p.569,"T cells (CD247+, which encodes the T cell receptor CD3ζ protein)"
DOI_10.1038_s41586_021_03710_0,Excitatory neuron,NRGN neuron,human,false,NRGN,inferred,Fig.4a,"Cell type label 'NRGN neuron' shown in the dot plot, indicating NRGN as a distinguishing marker."
DOI_10.1038_s41586_021_03710_0,Interneuron,IN-VIP,human,false,VIP,inferred,Fig.4a,"Cell type label 'IN-VIP' shown in the dot plot, indicating VIP as a distinguishing marker."
DOI_10.1038_s41586_021_03710_0,Interneuron,IN-SST,human,false,SST,inferred,Fig.4a,"Cell type label 'IN-SST' shown in the dot plot, indicating SST as a distinguishing marker."
DOI_10.1038_s41586_021_03710_0,Interneuron,IN-PV,human,false,PV,inferred,Fig.4a,"Cell type label 'IN-PV' shown in the dot plot, indicating PV as a distinguishing marker."
DOI_10.1038_s41586_021_03710_0,Interneuron,IN-SV2C,human,false,SV2C,inferred,Fig.4a,"Cell type label 'IN-SV2C' shown in the dot plot, indicating SV2C as a distinguishing marker."
DOI_10.1038_s41586_021_03710_0,perivascular macrophages,,human,false,MRC1,explicit,Methods: Cell annotations,"To distinguish between confounding (perivascular) macrophages and T cells and pure microglia in the larger cortex immune population, we subset the cluster and repeated the standard steps of Seurat for dimension reduction and unsupervised clustering. Then, to yield pure microglia by requiring the normalized expression of the specific cell-type markers MRC1 and CD247 to be strictly less than 1."
DOI_10.1038_s41586_021_03710_0,T cells,,human,false,CD247,explicit,Methods: Cell annotations,"To distinguish between confounding (perivascular) macrophages and T cells and pure microglia in the larger cortex immune population, we subset the cluster and repeated the standard steps of Seurat for dimension reduction and unsupervised clustering. Then, to yield pure microglia by requiring the normalized expression of the specific cell-type markers MRC1 and CD247 to be strictly less than 1."
DOI_10.1038_s41586_021_03852_1,ENCC/glia progenitor,,human,true,CRYAB,explicit,Fig.3a,Marker genes for populations are listed: ENCC/glia progenitor with low CRYAB/PHOX2A/ERBB3/SOX10/FOXD3.
DOI_10.1038_s41586_021_03852_1,ENCC/glia progenitor,,human,true,PHOX2A,explicit,Fig.3a,Marker genes for populations are listed: ENCC/glia progenitor with low CRYAB/PHOX2A/ERBB3/SOX10/FOXD3.
DOI_10.1038_s41586_021_03852_1,ENCC/glia progenitor,,human,true,ERBB3,explicit,Fig.3a,Marker genes for populations are listed: ENCC/glia progenitor with low CRYAB/PHOX2A/ERBB3/SOX10/FOXD3.
DOI_10.1038_s41586_021_03852_1,ENCC/glia progenitor,,human,true,SOX10,explicit,Fig.3a,Marker genes for populations are listed: ENCC/glia progenitor with low CRYAB/PHOX2A/ERBB3/SOX10/FOXD3.
DOI_10.1038_s41586_021_03852_1,ENCC/glia progenitor,,human,true,FOXD3,explicit,Fig.3a,Marker genes for populations are listed: ENCC/glia progenitor with low CRYAB/PHOX2A/ERBB3/SOX10/FOXD3.
DOI_10.1038_s41586_021_03852_1,Neuroblast,,human,true,DLL3,explicit,Fig.3a,Marker genes for populations are listed: Neuroblast with DLL3/DLL1/MFNG.
DOI_10.1038_s41586_021_03852_1,Neuroblast,,human,true,DLL1,explicit,Fig.3a,Marker genes for populations are listed: Neuroblast with DLL3/DLL1/MFNG.
DOI_10.1038_s41586_021_03852_1,Neuroblast,,human,true,MFNG,explicit,Fig.3a,Marker genes for populations are listed: Neuroblast with DLL3/DLL1/MFNG.
DOI_10.1038_s41586_021_03852_1,Branch A1 (iMN),,human,true,ETV1,explicit,"Fig.3a, Fig.3b",Marker genes for populations are listed: Branch A1 (iMN) with ETV1/GAL/SCGN/NOS1/SPOCK1 in both 6-11 PCW and 12-17 PCW.
DOI_10.1038_s41586_021_03852_1,Branch A1 (iMN),,human,true,GAL,explicit,"Fig.3a, Fig.3b",Marker genes for populations are listed: Branch A1 (iMN) with ETV1/GAL/SCGN/NOS1/SPOCK1 in both 6-11 PCW and 12-17 PCW.
DOI_10.1038_s41586_021_03852_1,Branch A1 (iMN),,human,true,SCGN,explicit,"Fig.3a, Fig.3b",Marker genes for populations are listed: Branch A1 (iMN) with ETV1/GAL/SCGN/NOS1/SPOCK1 in both 6-11 PCW and 12-17 PCW.
DOI_10.1038_s41586_021_03852_1,Branch A1 (iMN),,human,true,NOS1,explicit,"Fig.3a, Fig.3b",Marker genes for populations are listed: Branch A1 (iMN) with ETV1/GAL/SCGN/NOS1/SPOCK1 in both 6-11 PCW and 12-17 PCW.
DOI_10.1038_s41586_021_03852_1,Branch A1 (iMN),,human,true,SPOCK1,explicit,"Fig.3a, Fig.3b",Marker genes for populations are listed: Branch A1 (iMN) with ETV1/GAL/SCGN/NOS1/SPOCK1 in both 6-11 PCW and 12-17 PCW.
DOI_10.1038_s41586_021_03852_1,Branch A2 (IPAN/IN),,human,true,ETV1,explicit,Fig.3a,Marker genes for populations are listed: Branch A2 (IPAN/IN) with ETV1/NTNG1/GRP/CHRM3/NXPH2 in 6-11 PCW.
DOI_10.1038_s41586_021_03852_1,Branch A2 (IPAN/IN),,human,true,NTNG1,explicit,Fig.3a,Marker genes for populations are listed: Branch A2 (IPAN/IN) with ETV1/NTNG1/GRP/CHRM3/NXPH2 in 6-11 PCW.
DOI_10.1038_s41586_021_03852_1,Branch A2 (IPAN/IN),,human,true,GRP,explicit,Fig.3a,Marker genes for populations are listed: Branch A2 (IPAN/IN) with ETV1/NTNG1/GRP/CHRM3/NXPH2 in 6-11 PCW.
DOI_10.1038_s41586_021_03852_1,Branch A2 (IPAN/IN),,human,true,CHRM3,explicit,Fig.3a,Marker genes for populations are listed: Branch A2 (IPAN/IN) with ETV1/NTNG1/GRP/CHRM3/NXPH2 in 6-11 PCW.
DOI_10.1038_s41586_021_03852_1,Branch A2 (IPAN/IN),,human,true,NXPH2,explicit,Fig.3a,Marker genes for populations are listed: Branch A2 (IPAN/IN) with ETV1/NTNG1/GRP/CHRM3/NXPH2 in 6-11 PCW.
DOI_10.1038_s41586_021_03852_1,Branch A3 (IPAN/IN),,human,true,ETV1,explicit,Fig.3a,Marker genes for populations are listed: Branch A3 (IPAN/IN) with ETV1/NTNG1/GRP/TAC1/RUNX1/ONECUT2/3 in 6-11 PCW.
DOI_10.1038_s41586_021_03852_1,Branch A3 (IPAN/IN),,human,true,NTNG1,explicit,Fig.3a,Marker genes for populations are listed: Branch A3 (IPAN/IN) with ETV1/NTNG1/GRP/TAC1/RUNX1/ONECUT2/3 in 6-11 PCW.
DOI_10.1038_s41586_021_03852_1,Branch A3 (IPAN/IN),,human,true,GRP,explicit,Fig.3a,Marker genes for populations are listed: Branch A3 (IPAN/IN) with ETV1/NTNG1/GRP/TAC1/RUNX1/ONECUT2/3 in 6-11 PCW.
DOI_10.1038_s41586_021_03852_1,Branch A3 (IPAN/IN),,human,true,TAC1,explicit,Fig.3a,Marker genes for populations are listed: Branch A3 (IPAN/IN) with ETV1/NTNG1/GRP/TAC1/RUNX1/ONECUT2/3 in 6-11 PCW.
DOI_10.1038_s41586_021_03852_1,Branch A3 (IPAN/IN),,human,true,RUNX1,explicit,Fig.3a,Marker genes for populations are listed: Branch A3 (IPAN/IN) with ETV1/NTNG1/GRP/TAC1/RUNX1/ONECUT2/3 in 6-11 PCW.
DOI_10.1038_s41586_021_03852_1,Branch A3 (IPAN/IN),,human,true,ONECUT2/3,explicit,Fig.3a,Marker genes for populations are listed: Branch A3 (IPAN/IN) with ETV1/NTNG1/GRP/TAC1/RUNX1/ONECUT2/3 in 6-11 PCW.
DOI_10.1038_s41586_021_03852_1,Branch B1 (eMN),,human,true,BNC2,explicit,"Fig.3a, Fig.3b",Marker genes for populations are listed: Branch B1 (eMN) with BNC2/RAMP1/NXPH4/NDUFA4L2 in both 6-11 PCW and 12-17 PCW.
DOI_10.1038_s41586_021_03852_1,Branch B1 (eMN),,human,true,RAMP1,explicit,"Fig.3a, Fig.3b",Marker genes for populations are listed: Branch B1 (eMN) with BNC2/RAMP1/NXPH4/NDUFA4L2 in both 6-11 PCW and 12-17 PCW.
DOI_10.1038_s41586_021_03852_1,Branch B1 (eMN),,human,true,NXPH4,explicit,"Fig.3a, Fig.3b",Marker genes for populations are listed: Branch B1 (eMN) with BNC2/RAMP1/NXPH4/NDUFA4L2 in both 6-11 PCW and 12-17 PCW.
DOI_10.1038_s41586_021_03852_1,Branch B1 (eMN),,human,true,NDUFA4L2,explicit,"Fig.3a, Fig.3b",Marker genes for populations are listed: Branch B1 (eMN) with BNC2/RAMP1/NXPH4/NDUFA4L2 in both 6-11 PCW and 12-17 PCW.
DOI_10.1038_s41586_021_03852_1,Branch B2 (eMN),,human,true,BNC2,explicit,"Fig.3a, Fig.3b",Marker genes for populations are listed: Branch B2 (eMN) with BNC2/PENK/HTR7 in both 6-11 PCW and 12-17 PCW.
DOI_10.1038_s41586_021_03852_1,Branch B2 (eMN),,human,true,PENK,explicit,"Fig.3a, Fig.3b",Marker genes for populations are listed: Branch B2 (eMN) with BNC2/PENK/HTR7 in both 6-11 PCW and 12-17 PCW.
DOI_10.1038_s41586_021_03852_1,Branch B2 (eMN),,human,true,HTR7,explicit,"Fig.3a, Fig.3b",Marker genes for populations are listed: Branch B2 (eMN) with BNC2/PENK/HTR7 in both 6-11 PCW and 12-17 PCW.
DOI_10.1038_s41586_021_03852_1,Branch A4 (IN),,human,true,ETV1,explicit,Fig.3b,Marker genes for populations are listed: Branch A4 (IN) with ETV1/GAL/SCGN/GCGR/NEUROD6 in 12-17 PCW.
DOI_10.1038_s41586_021_03852_1,Branch A4 (IN),,human,true,GAL,explicit,Fig.3b,Marker genes for populations are listed: Branch A4 (IN) with ETV1/GAL/SCGN/GCGR/NEUROD6 in 12-17 PCW.
DOI_10.1038_s41586_021_03852_1,Branch A4 (IN),,human,true,SCGN,explicit,Fig.3b,Marker genes for populations are listed: Branch A4 (IN) with ETV1/GAL/SCGN/GCGR/NEUROD6 in 12-17 PCW.
DOI_10.1038_s41586_021_03852_1,Branch A4 (IN),,human,true,GCGR,explicit,Fig.3b,Marker genes for populations are listed: Branch A4 (IN) with ETV1/GAL/SCGN/GCGR/NEUROD6 in 12-17 PCW.
DOI_10.1038_s41586_021_03852_1,Branch A4 (IN),,human,true,NEUROD6,explicit,Fig.3b,Marker genes for populations are listed: Branch A4 (IN) with ETV1/GAL/SCGN/GCGR/NEUROD6 in 12-17 PCW.
DOI_10.1038_s41586_021_03852_1,Branch B3 (IPAN),,human,true,BNC2,explicit,Fig.3b,Marker genes for populations are listed: Branch B3 (IPAN) with BNC2/DLX3/DGKG in 12-17 PCW.
DOI_10.1038_s41586_021_03852_1,Branch B3 (IPAN),,human,true,DLX3,explicit,Fig.3b,Marker genes for populations are listed: Branch B3 (IPAN) with BNC2/DLX3/DGKG in 12-17 PCW.
DOI_10.1038_s41586_021_03852_1,Branch B3 (IPAN),,human,true,DGKG,explicit,Fig.3b,Marker genes for populations are listed: Branch B3 (IPAN) with BNC2/DLX3/DGKG in 12-17 PCW.
DOI_10.1038_s41586_021_03852_1,Glia 1,,human,true,DHH,explicit,Fig.3b,Marker genes for populations are listed: Glia 1 with DHH/RXRG/GFRA3/MAL/FGL2 in 12-17 PCW.
DOI_10.1038_s41586_021_03852_1,Glia 1,,human,true,RXRG,explicit,Fig.3b,Marker genes for populations are listed: Glia 1 with DHH/RXRG/GFRA3/MAL/FGL2 in 12-17 PCW.
DOI_10.1038_s41586_021_03852_1,Glia 1,,human,true,GFRA3,explicit,Fig.3b,Marker genes for populations are listed: Glia 1 with DHH/RXRG/GFRA3/MAL/FGL2 in 12-17 PCW.
DOI_10.1038_s41586_021_03852_1,Glia 1,,human,true,MAL,explicit,Fig.3b,Marker genes for populations are listed: Glia 1 with DHH/RXRG/GFRA3/MAL/FGL2 in 12-17 PCW.
DOI_10.1038_s41586_021_03852_1,Glia 1,,human,true,FGL2,explicit,Fig.3b,Marker genes for populations are listed: Glia 1 with DHH/RXRG/GFRA3/MAL/FGL2 in 12-17 PCW.
DOI_10.1038_s41586_021_03852_1,Glia 2,,human,true,ELN,explicit,Fig.3b,Marker genes for populations are listed: Glia 2 with ELN/EVA1A/BMP8B in 12-17 PCW.
DOI_10.1038_s41586_021_03852_1,Glia 2,,human,true,EVA1A,explicit,Fig.3b,Marker genes for populations are listed: Glia 2 with ELN/EVA1A/BMP8B in 12-17 PCW.
DOI_10.1038_s41586_021_03852_1,Glia 2,,human,true,BMP8B,explicit,Fig.3b,Marker genes for populations are listed: Glia 2 with ELN/EVA1A/BMP8B in 12-17 PCW.
DOI_10.1038_s41586_021_03852_1,Glia 3,,human,true,APOE,explicit,Fig.3b,Marker genes for populations are listed: Glia 3 with APOE/BCAN/PAQR6 in 12-17 PCW.
DOI_10.1038_s41586_021_03852_1,Glia 3,,human,true,BCAN,explicit,Fig.3b,Marker genes for populations are listed: Glia 3 with APOE/BCAN/PAQR6 in 12-17 PCW.
DOI_10.1038_s41586_021_03852_1,Glia 3,,human,true,PAQR6,explicit,Fig.3b,Marker genes for populations are listed: Glia 3 with APOE/BCAN/PAQR6 in 12-17 PCW.
DOI_10.1038_s41586_021_03852_1,Differentiating glia,,human,true,MPZ,explicit,Fig.3b,Marker genes for populations are listed: Differentiating glia with MPZ/CRYAB/COL20A1 in 12-17 PCW.
DOI_10.1038_s41586_021_03852_1,Differentiating glia,,human,true,CRYAB,explicit,Fig.3b,Marker genes for populations are listed: Differentiating glia with MPZ/CRYAB/COL20A1 in 12-17 PCW.
DOI_10.1038_s41586_021_03852_1,Differentiating glia,,human,true,COL20A1,explicit,Fig.3b,Marker genes for populations are listed: Differentiating glia with MPZ/CRYAB/COL20A1 in 12-17 PCW.
DOI_10.1038_s41586_021_03852_1,BEST4 epithelial cells,,human,false,CFTR,explicit,Results p.2,small-intestinal BEST4 cells were marked by high expression of the gene CFTR.
DOI_10.1038_s41586_021_03852_1,EC cells (NPW),NPW-expressing enterochromaffin cells,human,false,NPW,explicit,Results p.3,We found a subpopulation of NPW-expressing enterochromaffin cells that are also specific for PRAC1 and RXFP4.
DOI_10.1038_s41586_021_03852_1,EC cells (NPW),NPW-expressing enterochromaffin cells,human,false,PRAC1,explicit,Results p.3,We found a subpopulation of NPW-expressing enterochromaffin cells that are also specific for PRAC1 and RXFP4.
DOI_10.1038_s41586_021_03852_1,EC cells (NPW),NPW-expressing enterochromaffin cells,human,false,RXFP4,explicit,Results p.3,We found a subpopulation of NPW-expressing enterochromaffin cells that are also specific for PRAC1 and RXFP4.
DOI_10.1038_s41586_021_03852_1,mLTo,mesenchymal lymphoid tissue organizer,human,false,CCL19,explicit,Extended Data Fig.13b-f,"stromal population—marked by the expression of CCL19, CCL21 and CXCL13—that resembled the mLTo described in mouse lymph nodes."
DOI_10.1038_s41586_021_03852_1,mLTo,mesenchymal lymphoid tissue organizer,human,false,CCL21,explicit,Extended Data Fig.13b-f,"stromal population—marked by the expression of CCL19, CCL21 and CXCL13—that resembled the mLTo described in mouse lymph nodes."
DOI_10.1038_s41586_021_03852_1,mLTo,mesenchymal lymphoid tissue organizer,human,false,CXCL13,explicit,Extended Data Fig.13b-f,"stromal population—marked by the expression of CCL19, CCL21 and CXCL13—that resembled the mLTo described in mouse lymph nodes."
DOI_10.1038_s41586_021_03852_1,inhibitory motor neurons (iMN),,human,true,GAL,explicit,Methods - Cell-type annotation,"Branch A1 was functionally named inhibitory motor neurons (iMN) based on expression of GAL, NOS1 and VIP"
DOI_10.1038_s41586_021_03852_1,inhibitory motor neurons (iMN),,human,true,NOS1,explicit,Methods - Cell-type annotation,"Branch A1 was functionally named inhibitory motor neurons (iMN) based on expression of GAL, NOS1 and VIP"
DOI_10.1038_s41586_021_03852_1,inhibitory motor neurons (iMN),,human,true,VIP,explicit,Methods - Cell-type annotation,"Branch A1 was functionally named inhibitory motor neurons (iMN) based on expression of GAL, NOS1 and VIP"
DOI_10.1038_s41586_021_03852_1,mixed IPAN/IN population,,human,true,NTNG1,explicit,Methods - Cell-type annotation,branch A2 was a mixed IPAN/IN population based on NTNG1 and NXPH2
DOI_10.1038_s41586_021_03852_1,mixed IPAN/IN population,,human,true,NXPH2,explicit,Methods - Cell-type annotation,branch A2 was a mixed IPAN/IN population based on NTNG1 and NXPH2
DOI_10.1038_s41586_021_03852_1,interneurons (IN),,human,true,NEUROD6,explicit,Methods - Cell-type annotation,Branch A4 were annotated as interneurons (IN) based on NEUROD6 expression
DOI_10.1038_s41586_021_03852_1,immature excitatory motor neurons (eMN),,human,true,NXPH4,explicit,Methods - Cell-type annotation,Branch B1 were annotated as immature excitatory motor neurons (eMN) based on NXPH4 and NDUFA4L2
DOI_10.1038_s41586_021_03852_1,immature excitatory motor neurons (eMN),,human,true,NDUFA4L2,explicit,Methods - Cell-type annotation,Branch B1 were annotated as immature excitatory motor neurons (eMN) based on NXPH4 and NDUFA4L2
DOI_10.1038_s41586_021_03852_1,second cluster of eMN,,human,true,BNC2,explicit,Methods - Cell-type annotation,branch B2 was a second cluster of eMN based on expression of BNC2 and PENK
DOI_10.1038_s41586_021_03852_1,second cluster of eMN,,human,true,PENK,explicit,Methods - Cell-type annotation,branch B2 was a second cluster of eMN based on expression of BNC2 and PENK
DOI_10.1038_s41586_021_03852_1,IPAN,,human,true,DLX3,explicit,Methods - Cell-type annotation,"branch B3 (IPAN) was assigned the IPAN label based on DLX3, ANO2, NOG and NTRK3"
DOI_10.1038_s41586_021_03852_1,IPAN,,human,true,ANO2,explicit,Methods - Cell-type annotation,"branch B3 (IPAN) was assigned the IPAN label based on DLX3, ANO2, NOG and NTRK3"
DOI_10.1038_s41586_021_03852_1,IPAN,,human,true,NOG,explicit,Methods - Cell-type annotation,"branch B3 (IPAN) was assigned the IPAN label based on DLX3, ANO2, NOG and NTRK3"
DOI_10.1038_s41586_021_03852_1,IPAN,,human,true,NTRK3,explicit,Methods - Cell-type annotation,"branch B3 (IPAN) was assigned the IPAN label based on DLX3, ANO2, NOG and NTRK3"
DOI_10.1038_s41586_021_03852_1,IPAN,,human,true,CALB2,implied,Methods - Cell-type annotation,Branch B3 also showed the expression of CALB2 and SST described in the human IPAN A population
DOI_10.1038_s41586_021_03852_1,IPAN,,human,true,SST,implied,Methods - Cell-type annotation,Branch B3 also showed the expression of CALB2 and SST described in the human IPAN A population
DOI_10.1038_s41586_021_03852_1,glia 1,,human,true,DHH,explicit,Methods - Cell-type annotation,"Three types of enteric glia (S100B, CRYAB, MPZ) were observed: glia 1 (DHH, RXRG, NTRK2, MBP)"
DOI_10.1038_s41586_021_03852_1,glia 1,,human,true,RXRG,explicit,Methods - Cell-type annotation,"Three types of enteric glia (S100B, CRYAB, MPZ) were observed: glia 1 (DHH, RXRG, NTRK2, MBP)"
DOI_10.1038_s41586_021_03852_1,glia 1,,human,true,NTRK2,explicit,Methods - Cell-type annotation,"Three types of enteric glia (S100B, CRYAB, MPZ) were observed: glia 1 (DHH, RXRG, NTRK2, MBP)"
DOI_10.1038_s41586_021_03852_1,glia 1,,human,true,MBP,explicit,Methods - Cell-type annotation,"Three types of enteric glia (S100B, CRYAB, MPZ) were observed: glia 1 (DHH, RXRG, NTRK2, MBP)"
DOI_10.1038_s41586_021_03852_1,glia 1,,human,true,S100B,explicit,Methods - Cell-type annotation,"Three types of enteric glia (S100B, CRYAB, MPZ) were observed"
DOI_10.1038_s41586_021_03852_1,glia 1,,human,true,CRYAB,explicit,Methods - Cell-type annotation,"Three types of enteric glia (S100B, CRYAB, MPZ) were observed"
DOI_10.1038_s41586_021_03852_1,glia 1,,human,true,MPZ,explicit,Methods - Cell-type annotation,"Three types of enteric glia (S100B, CRYAB, MPZ) were observed"
DOI_10.1038_s41586_021_03852_1,glia 2,,human,true,ELN,explicit,Methods - Cell-type annotation,"Three types of enteric glia (S100B, CRYAB, MPZ) were observed: ... glia 2 (ELN, TFAP2A, SOX8, BMP8B)"
DOI_10.1038_s41586_021_03852_1,glia 2,,human,true,TFAP2A,explicit,Methods - Cell-type annotation,"Three types of enteric glia (S100B, CRYAB, MPZ) were observed: ... glia 2 (ELN, TFAP2A, SOX8, BMP8B)"
DOI_10.1038_s41586_021_03852_1,glia 2,,human,true,SOX8,explicit,Methods - Cell-type annotation,"Three types of enteric glia (S100B, CRYAB, MPZ) were observed: ... glia 2 (ELN, TFAP2A, SOX8, BMP8B)"
DOI_10.1038_s41586_021_03852_1,glia 2,,human,true,BMP8B,explicit,Methods - Cell-type annotation,"Three types of enteric glia (S100B, CRYAB, MPZ) were observed: ... glia 2 (ELN, TFAP2A, SOX8, BMP8B)"
DOI_10.1038_s41586_021_03852_1,glia 2,,human,true,S100B,explicit,Methods - Cell-type annotation,"Three types of enteric glia (S100B, CRYAB, MPZ) were observed"
DOI_10.1038_s41586_021_03852_1,glia 2,,human,true,CRYAB,explicit,Methods - Cell-type annotation,"Three types of enteric glia (S100B, CRYAB, MPZ) were observed"
DOI_10.1038_s41586_021_03852_1,glia 2,,human,true,MPZ,explicit,Methods - Cell-type annotation,"Three types of enteric glia (S100B, CRYAB, MPZ) were observed"
DOI_10.1038_s41586_021_03852_1,glia 3,,human,true,BCAN,explicit,Methods - Cell-type annotation,"Three types of enteric glia (S100B, CRYAB, MPZ) were observed: ... glia 3 (BCAN, APOE, CALCA, HES5, FRZB)"
DOI_10.1038_s41586_021_03852_1,glia 3,,human,true,APOE,explicit,Methods - Cell-type annotation,"Three types of enteric glia (S100B, CRYAB, MPZ) were observed: ... glia 3 (BCAN, APOE, CALCA, HES5, FRZB)"
DOI_10.1038_s41586_021_03852_1,glia 3,,human,true,CALCA,explicit,Methods - Cell-type annotation,"Three types of enteric glia (S100B, CRYAB, MPZ) were observed: ... glia 3 (BCAN, APOE, CALCA, HES5, FRZB)"
DOI_10.1038_s41586_021_03852_1,glia 3,,human,true,HES5,explicit,Methods - Cell-type annotation,"Three types of enteric glia (S100B, CRYAB, MPZ) were observed: ... glia 3 (BCAN, APOE, CALCA, HES5, FRZB)"
DOI_10.1038_s41586_021_03852_1,glia 3,,human,true,FRZB,explicit,Methods - Cell-type annotation,"Three types of enteric glia (S100B, CRYAB, MPZ) were observed: ... glia 3 (BCAN, APOE, CALCA, HES5, FRZB)"
DOI_10.1038_s41586_021_03852_1,glia 3,,human,true,S100B,explicit,Methods - Cell-type annotation,"Three types of enteric glia (S100B, CRYAB, MPZ) were observed"
DOI_10.1038_s41586_021_03852_1,glia 3,,human,true,CRYAB,explicit,Methods - Cell-type annotation,"Three types of enteric glia (S100B, CRYAB, MPZ) were observed"
DOI_10.1038_s41586_021_03852_1,glia 3,,human,true,MPZ,explicit,Methods - Cell-type annotation,"Three types of enteric glia (S100B, CRYAB, MPZ) were observed"
DOI_10.1038_s41586_021_03852_1,differentiating glia,,human,true,COL20A1,explicit,Methods - Cell-type annotation,Differentiating glia (COL20A1) cluster annotation was based on expression of glial markers
DOI_10.1038_s41586_021_03852_1,arterial endothelial,,human,false,GJA4,explicit,Methods - Cell-type annotation,"Endothelial lineage cells (PECAM1, CDH5) were subdivided into arterial (GJA4, HEY1, HEY2, EFNB2)"
DOI_10.1038_s41586_021_03852_1,arterial endothelial,,human,false,HEY1,explicit,Methods - Cell-type annotation,"Endothelial lineage cells (PECAM1, CDH5) were subdivided into arterial (GJA4, HEY1, HEY2, EFNB2)"
DOI_10.1038_s41586_021_03852_1,arterial endothelial,,human,false,HEY2,explicit,Methods - Cell-type annotation,"Endothelial lineage cells (PECAM1, CDH5) were subdivided into arterial (GJA4, HEY1, HEY2, EFNB2)"
DOI_10.1038_s41586_021_03852_1,arterial endothelial,,human,false,EFNB2,explicit,Methods - Cell-type annotation,"Endothelial lineage cells (PECAM1, CDH5) were subdivided into arterial (GJA4, HEY1, HEY2, EFNB2)"
DOI_10.1038_s41586_021_03852_1,venous endothelial,,human,false,ACKR1,explicit,Methods - Cell-type annotation,"Endothelial lineage cells (PECAM1, CDH5) were subdivided into ... venous (ACKR1, VWF)"
DOI_10.1038_s41586_021_03852_1,venous endothelial,,human,false,VWF,explicit,Methods - Cell-type annotation,"Endothelial lineage cells (PECAM1, CDH5) were subdivided into ... venous (ACKR1, VWF)"
DOI_10.1038_s41586_021_03852_1,lymphatic endothelial,,human,false,PROX1,explicit,Methods - Cell-type annotation,"Endothelial lineage cells (PECAM1, CDH5) were subdivided into ... lymphatic endothelium (PROX1, LYVE1, CCL21)"
DOI_10.1038_s41586_021_03852_1,lymphatic endothelial,,human,false,LYVE1,explicit,Methods - Cell-type annotation,"Endothelial lineage cells (PECAM1, CDH5) were subdivided into ... lymphatic endothelium (PROX1, LYVE1, CCL21)"
DOI_10.1038_s41586_021_03852_1,lymphatic endothelial,,human,false,CCL21,explicit,Methods - Cell-type annotation,"Endothelial lineage cells (PECAM1, CDH5) were subdivided into ... lymphatic endothelium (PROX1, LYVE1, CCL21)"
DOI_10.1038_s41586_021_03852_1,stromal 1,,human,false,ADAMDEC1,explicit,Methods - Cell-type annotation,Mesenchymal lineage cells included ... stromal 1 (ADAMDEC1) subset
DOI_10.1038_s41586_021_03852_1,stromal 2,,human,false,PDGFRA,explicit,Methods - Cell-type annotation,"Mesenchymal lineage cells included ... stromal 2 (PDGFRA, BMP4)"
DOI_10.1038_s41586_021_03852_1,stromal 2,,human,false,BMP4,explicit,Methods - Cell-type annotation,"Mesenchymal lineage cells included ... stromal 2 (PDGFRA, BMP4)"
DOI_10.1038_s41586_021_03852_1,myofibroblast,,human,false,ACTA2,explicit,Methods - Cell-type annotation,"Myofibroblasts were identified on the basis of expression of actin (ACTA2) and transgelin (TAGLN), fibroblast characteristic decorin (DCN)"
DOI_10.1038_s41586_021_03852_1,myofibroblast,,human,false,TAGLN,explicit,Methods - Cell-type annotation,"Myofibroblasts were identified on the basis of expression of actin (ACTA2) and transgelin (TAGLN), fibroblast characteristic decorin (DCN)"
DOI_10.1038_s41586_021_03852_1,myofibroblast,,human,false,DCN,explicit,Methods - Cell-type annotation,"Myofibroblasts were identified on the basis of expression of actin (ACTA2) and transgelin (TAGLN), fibroblast characteristic decorin (DCN)"
DOI_10.1038_s41586_021_03852_1,smooth muscle cell,,human,false,DES,explicit,Methods - Cell-type annotation,"Smooth muscle cells were annotated on the basis of high expression of DES, calponin (CNN1) and actin/myosin chain expression (ACTA2, MYH11)"
DOI_10.1038_s41586_021_03852_1,smooth muscle cell,,human,false,CNN1,explicit,Methods - Cell-type annotation,"Smooth muscle cells were annotated on the basis of high expression of DES, calponin (CNN1) and actin/myosin chain expression (ACTA2, MYH11)"
DOI_10.1038_s41586_021_03852_1,smooth muscle cell,,human,false,ACTA2,explicit,Methods - Cell-type annotation,"Smooth muscle cells were annotated on the basis of high expression of DES, calponin (CNN1) and actin/myosin chain expression (ACTA2, MYH11)"
DOI_10.1038_s41586_021_03852_1,smooth muscle cell,,human,false,MYH11,explicit,Methods - Cell-type annotation,"Smooth muscle cells were annotated on the basis of high expression of DES, calponin (CNN1) and actin/myosin chain expression (ACTA2, MYH11)"
DOI_10.1038_s41586_021_03852_1,pericyte,,human,false,NOTCH3,explicit,Methods - Cell-type annotation,"Pericytes were identified on the basis of expression of NOTCH3, MCAM (CD146) and RGS5"
DOI_10.1038_s41586_021_03852_1,pericyte,,human,false,MCAM,explicit,Methods - Cell-type annotation,"Pericytes were identified on the basis of expression of NOTCH3, MCAM (CD146) and RGS5"
DOI_10.1038_s41586_021_03852_1,pericyte,,human,false,RGS5,explicit,Methods - Cell-type annotation,"Pericytes were identified on the basis of expression of NOTCH3, MCAM (CD146) and RGS5"
DOI_10.1038_s41586_021_03852_1,mesothelial cell,,human,false,KRT19,explicit,Methods - Cell-type annotation,"Mesothelial cells were defined on the basis of KRT19, LRRN4 and UPK3B expression"
DOI_10.1038_s41586_021_03852_1,mesothelial cell,,human,false,LRRN4,explicit,Methods - Cell-type annotation,"Mesothelial cells were defined on the basis of KRT19, LRRN4 and UPK3B expression"
DOI_10.1038_s41586_021_03852_1,mesothelial cell,,human,false,UPK3B,explicit,Methods - Cell-type annotation,"Mesothelial cells were defined on the basis of KRT19, LRRN4 and UPK3B expression"
DOI_10.1038_s41586_021_03852_1,B cell,,human,false,MS4A1,explicit,Methods - Cell-type annotation,B lineage cells were defined as the cluster having positive expression of MS4A1 (encodes CD20) and CD19
DOI_10.1038_s41586_021_03852_1,B cell,,human,false,CD19,explicit,Methods - Cell-type annotation,B lineage cells were defined as the cluster having positive expression of MS4A1 (encodes CD20) and CD19
DOI_10.1038_s41586_021_03852_1,T cell,,human,false,CD3D,explicit,Methods - Cell-type annotation,"T lineage cells were determined as the cluster of fetal, paediatric and adult cells with expression of T cell receptor component CD3D"
DOI_10.1038_s41586_021_03929_x,Enterochromaffin (EC) cells,,human,false,TPH1,explicit,Abstract; Fig.1a-c,Enterochromaffin (EC) cells expressing the serotonin catalyzing enzyme Tryptophan hydroxylase 1 (TPH1)
DOI_10.1038_s41586_021_03929_x,Delta cells,,human,false,SST,explicit,Abstract; Fig.1a-c,Delta cells expressing somatostatin (SST)
DOI_10.1038_s41586_021_03929_x,N/I cells,,human,false,NTS,explicit,Abstract; Fig.1a-c,N/I cells expressing Neurotensin (NTS) and Cholecystokinin (CCK)
DOI_10.1038_s41586_021_03929_x,N/I cells,,human,false,CCK,explicit,Abstract; Fig.1a-c,N/I cells expressing Neurotensin (NTS) and Cholecystokinin (CCK)
DOI_10.1038_s41586_021_03929_x,X cells,,human,false,GHRL,explicit,Abstract; Fig.1a-c,X cells expressing Ghrelin (GHRL)
DOI_10.1038_s41586_021_03929_x,K/L cells,,human,false,GIP,explicit,Abstract; Fig.1a-c,K/L cells expressing gastric inhibitory polypeptide (GIP) and the gene encoding glucagon/glucagon-like-peptides (GCG)
DOI_10.1038_s41586_021_03929_x,K/L cells,,human,false,GCG,explicit,Abstract; Fig.1a-c,K/L cells expressing gastric inhibitory polypeptide (GIP) and the gene encoding glucagon/glucagon-like-peptides (GCG)
DOI_10.1038_s41586_021_03929_x,Fetal INS+ K/L (FIKL) cells,Fetal INS+ K/L,human,false,INS,explicit,Abstract; Fig.1d,"We identified high expression levels of INS, encoding the insulin protein, in a subset of the fetal K/L cells ... We denoted these cells as Fetal INS+ K/L (FIKL) cells."
DOI_10.1038_s41586_021_03929_x,FIKL cells,,human,false,INS,explicit,Methods: Single cell RNA sequencing analysis,FIKL cells were defined as fetal K/L cells with insulin expression above zero.
DOI_10.1038_s41586_021_04345_x,airway epithelial cells,,human,false,EPCAM,explicit,Fig. 2g,"IHC confocal microscopy image illustrating expression of S100A9 (green) by epithelial cells (EPCAM, magenta) in the nasal epithelium."
DOI_10.1038_s41586_021_04345_x,IL-6+ monocytes,,human,false,IL6,implied,Fig. 2f,"Representative 5 enriched GO terms in genes up-regulated in COVID-19 samples in transit epithelial 1 cells, goblet 2 inflammatory cells, and IL-6+ monocytes."
DOI_10.1038_s41586_021_04345_x,Novel epithelial cells with an inflammatory gene expression,,human,false,S100A8,explicit,Fig. 4,Novel epithelial cells with an inflammatory gene expression (S100A8/A9) are found enriched in COVID-19 patients.
DOI_10.1038_s41586_021_04345_x,Novel epithelial cells with an inflammatory gene expression,,human,false,S100A9,explicit,Fig. 4,Novel epithelial cells with an inflammatory gene expression (S100A8/A9) are found enriched in COVID-19 patients.
DOI_10.1038_s41586_021_04345_x,Basal,1 KHDRBS2+,human,false,KHDRBS2,explicit,Supplementary Note: Detailed Cell Type Annotation,"In addition, KHDRBS2 marked a distinct basal 1 population"
DOI_10.1038_s41586_021_04345_x,Basal,2,human,false,DAPL1,implied,Supplementary Note: Detailed Cell Type Annotation,basal 2 cells are high in DAPL1 and NOTCH1
DOI_10.1038_s41586_021_04345_x,Basal,2,human,false,NOTCH1,implied,Supplementary Note: Detailed Cell Type Annotation,basal 2 cells are high in DAPL1 and NOTCH1
DOI_10.1038_s41586_021_04345_x,Club,,human,false,SCGB1A1,explicit,Supplementary Note: Detailed Cell Type Annotation,"giving rise to more differentiated club cells (SCGB1A1, SCGB3A1)"
DOI_10.1038_s41586_021_04345_x,Club,,human,false,SCGB3A1,explicit,Supplementary Note: Detailed Cell Type Annotation,"giving rise to more differentiated club cells (SCGB1A1, SCGB3A1)"
DOI_10.1038_s41586_021_04345_x,Secretory,GALNT4+,human,false,GALNT4,explicit,Supplementary Note: Detailed Cell Type Annotation,GALNT4 marks a distinct secretory subtype
DOI_10.1038_s41586_021_04345_x,Goblet,,human,false,MUC5AC,implied,Supplementary Note: Detailed Cell Type Annotation,Goblet cells have high MUC5AC expression and were subdivided into TFF1-hi goblet 1 and three distinct goblet 2 populations
DOI_10.1038_s41586_021_04345_x,Goblet,TFF1-hi goblet 1,human,false,TFF1,implied,Supplementary Note: Detailed Cell Type Annotation,TFF1-hi goblet 1
DOI_10.1038_s41586_021_04345_x,Goblet,Goblet 2 BPIFA2+,human,false,BPIFA2,explicit,Supplementary Note: Detailed Cell Type Annotation,"three distinct goblet 2 populations (BPIFA2, PLAU, and goblet 2 inflammatory cells)"
DOI_10.1038_s41586_021_04345_x,Goblet,Goblet 2 PLAU+,human,false,PLAU,explicit,Supplementary Note: Detailed Cell Type Annotation,"three distinct goblet 2 populations (BPIFA2, PLAU, and goblet 2 inflammatory cells)"
DOI_10.1038_s41586_021_04345_x,Squamous,,human,false,SPRR3,explicit,Supplementary Note: Detailed Cell Type Annotation,"we detect squamous cells (SPRR3, KRT78)"
DOI_10.1038_s41586_021_04345_x,Squamous,,human,false,KRT78,explicit,Supplementary Note: Detailed Cell Type Annotation,"we detect squamous cells (SPRR3, KRT78)"
DOI_10.1038_s41586_021_04345_x,Hillock,,human,false,KRT14,explicit,Supplementary Note: Detailed Cell Type Annotation,"all marked by KRT14, KRT6A and KRT13 expression and referred to as Hillock, cycling Hillock and Hillock precursor cells"
DOI_10.1038_s41586_021_04345_x,Hillock,,human,false,KRT6A,explicit,Supplementary Note: Detailed Cell Type Annotation,"all marked by KRT14, KRT6A and KRT13 expression and referred to as Hillock, cycling Hillock and Hillock precursor cells"
DOI_10.1038_s41586_021_04345_x,Hillock,,human,false,KRT13,explicit,Supplementary Note: Detailed Cell Type Annotation,"all marked by KRT14, KRT6A and KRT13 expression and referred to as Hillock, cycling Hillock and Hillock precursor cells"
DOI_10.1038_s41586_021_04345_x,Cycling Hillock,,human,false,KRT14,explicit,Supplementary Note: Detailed Cell Type Annotation,"all marked by KRT14, KRT6A and KRT13 expression and referred to as Hillock, cycling Hillock and Hillock precursor cells"
DOI_10.1038_s41586_021_04345_x,Cycling Hillock,,human,false,KRT6A,explicit,Supplementary Note: Detailed Cell Type Annotation,"all marked by KRT14, KRT6A and KRT13 expression and referred to as Hillock, cycling Hillock and Hillock precursor cells"
DOI_10.1038_s41586_021_04345_x,Cycling Hillock,,human,false,KRT13,explicit,Supplementary Note: Detailed Cell Type Annotation,"all marked by KRT14, KRT6A and KRT13 expression and referred to as Hillock, cycling Hillock and Hillock precursor cells"
DOI_10.1038_s41586_021_04345_x,Hillock precursor,,human,false,KRT14,explicit,Supplementary Note: Detailed Cell Type Annotation,"all marked by KRT14, KRT6A and KRT13 expression and referred to as Hillock, cycling Hillock and Hillock precursor cells"
DOI_10.1038_s41586_021_04345_x,Hillock precursor,,human,false,KRT6A,explicit,Supplementary Note: Detailed Cell Type Annotation,"all marked by KRT14, KRT6A and KRT13 expression and referred to as Hillock, cycling Hillock and Hillock precursor cells"
DOI_10.1038_s41586_021_04345_x,Hillock precursor,,human,false,KRT13,explicit,Supplementary Note: Detailed Cell Type Annotation,"all marked by KRT14, KRT6A and KRT13 expression and referred to as Hillock, cycling Hillock and Hillock precursor cells"
DOI_10.1038_s41586_021_04345_x,Ciliated,Ciliated 1,human,false,PIFO,explicit,Supplementary Note: Detailed Cell Type Annotation,"the differentiation trajectory points from ciliated 1 (PIFO, OMG) to ciliated 2 (CFAP54, DZIP1L) cells"
DOI_10.1038_s41586_021_04345_x,Ciliated,Ciliated 1,human,false,OMG,explicit,Supplementary Note: Detailed Cell Type Annotation,"the differentiation trajectory points from ciliated 1 (PIFO, OMG) to ciliated 2 (CFAP54, DZIP1L) cells"
DOI_10.1038_s41586_021_04345_x,Ciliated,Ciliated 2,human,false,CFAP54,explicit,Supplementary Note: Detailed Cell Type Annotation,"the differentiation trajectory points from ciliated 1 (PIFO, OMG) to ciliated 2 (CFAP54, DZIP1L) cells"
DOI_10.1038_s41586_021_04345_x,Ciliated,Ciliated 2,human,false,DZIP1L,explicit,Supplementary Note: Detailed Cell Type Annotation,"the differentiation trajectory points from ciliated 1 (PIFO, OMG) to ciliated 2 (CFAP54, DZIP1L) cells"
DOI_10.1038_s41586_021_04345_x,Deuterosomal,,human,false,CDC20,explicit,Supplementary Note: Detailed Cell Type Annotation,"Between secretory and ciliated clusters, we observe deuterosomal cells as intermediates marked by CDC20 and FOXN4"
DOI_10.1038_s41586_021_04345_x,Deuterosomal,,human,false,FOXN4,explicit,Supplementary Note: Detailed Cell Type Annotation,"Between secretory and ciliated clusters, we observe deuterosomal cells as intermediates marked by CDC20 and FOXN4"
DOI_10.1038_s41586_021_04345_x,Transit epi 1,,human,false,PIFO,implied,Supplementary Note: Detailed Cell Type Annotation,"They co-express ciliated cell markers (PIFO) and secretory genes (MUC2), but are FOXJ1 low"
DOI_10.1038_s41586_021_04345_x,Transit epi 1,,human,false,MUC2,implied,Supplementary Note: Detailed Cell Type Annotation,"They co-express ciliated cell markers (PIFO) and secretory genes (MUC2), but are FOXJ1 low"
DOI_10.1038_s41586_021_04345_x,Transit epi 1,,human,false,FP671120.4,explicit,Supplementary Note: Detailed Cell Type Annotation,"Distinguishing markers for these two clusters are two long non-coding RNAs, FP671120.4 and FP236383.2 for both"
DOI_10.1038_s41586_021_04345_x,Transit epi 1,,human,false,FP236383.2,explicit,Supplementary Note: Detailed Cell Type Annotation,"Distinguishing markers for these two clusters are two long non-coding RNAs, FP671120.4 and FP236383.2 for both"
DOI_10.1038_s41586_021_04345_x,Transit epi 2,,human,false,PIFO,implied,Supplementary Note: Detailed Cell Type Annotation,"They co-express ciliated cell markers (PIFO) and secretory genes (MUC2), but are FOXJ1 low"
DOI_10.1038_s41586_021_04345_x,Transit epi 2,,human,false,MUC2,implied,Supplementary Note: Detailed Cell Type Annotation,"They co-express ciliated cell markers (PIFO) and secretory genes (MUC2), but are FOXJ1 low"
DOI_10.1038_s41586_021_04345_x,Transit epi 2,,human,false,FP671120.4,explicit,Supplementary Note: Detailed Cell Type Annotation,"Distinguishing markers for these two clusters are two long non-coding RNAs, FP671120.4 and FP236383.2 for both"
DOI_10.1038_s41586_021_04345_x,Transit epi 2,,human,false,FP236383.2,explicit,Supplementary Note: Detailed Cell Type Annotation,"Distinguishing markers for these two clusters are two long non-coding RNAs, FP671120.4 and FP236383.2 for both"
DOI_10.1038_s41586_021_04345_x,Transit epi 2,,human,false,HIST1H1E,explicit,Supplementary Note: Detailed Cell Type Annotation,and HIST1H1E for Transit epi 2
DOI_10.1038_s41586_022_05060_x,activated phagocytic macrophages,,human,false,SPP1,explicit,Discussion,identified a distinct cellular dependency between myofibroblasts and activated phagocytic macrophages (SPP1+CD36+)
DOI_10.1038_s41586_022_05060_x,activated phagocytic macrophages,,human,false,CD36,explicit,Discussion,identified a distinct cellular dependency between myofibroblasts and activated phagocytic macrophages (SPP1+CD36+)
DOI_10.1038_s41586_022_05060_x,cardiomyocytes,,human,false,TNNT2,explicit,smFISH spot quantification and nuclear segmentation,Threshold settings in RS-FISH were manually determined for each channel and were set to the following values for cardiomyocyte state analysis: channel 1 (TNNT2) = 0.0107
DOI_10.1038_s41586_022_05060_x,cardiomyocytes,stressed vCM3,human,false,ANKRD1,implied,smFISH spot quantification and nuclear segmentation,channel 2 (ANKRD1) = 0.005 ... for cardiomyocyte state analysis
DOI_10.1038_s41586_022_05060_x,cardiomyocytes,stressed vCM3,human,false,NPPB,implied,smFISH spot quantification and nuclear segmentation,channel 3 (NPPB) = 0.0066 ... for cardiomyocyte state analysis
DOI_10.1038_s41586_022_05060_x,endothelial cells,,human,false,PECAM1,implied,RNA in situ hybridization and image quantification,The following probes were used for the RNAscope assay: ... Hs-PECAM1-O2 cat. no. 487381-C2 ...
DOI_10.1038_s41586_022_05060_x,fibroblasts,,human,false,POSTN,explicit,smFISH spot quantification and nuclear segmentation,"classified cells as positive or negative for the different markers (POSTN, CD163 and SPP1)"
DOI_10.1038_s41586_022_05060_x,fibroblasts,,human,false,Col1a1,implied,RNA in situ hybridization and image quantification,The following probes were used for the RNAscope assay: ... Hs-Col1a1 cat. no. 401891-C2 ...
DOI_10.1038_s41586_022_05060_x,fibroblasts,,human,false,Col15a1,implied,RNA in situ hybridization and image quantification,The following probes were used for the RNAscope assay: ... Hs-Col15a1 cat. no. 484001-C2 ...
DOI_10.1038_s41586_022_05060_x,fibroblasts,,human,false,PDGFRB,explicit,Generation of a human PDGFRB+ cardiac cell line,"PDGFRB+ cells were isolated from a 69-year-old male patient... cells were stained in two steps using a specific PDGFRB antibody (R&D cat. no. MAB1263 antibody, dilution 1:100) followed by Anti-Mouse IgG1-MicroBeads solution."
DOI_10.1038_s41586_022_05060_x,fibroblasts,,human,false,NPR3,implied,RNA in situ hybridization and image quantification,The following probes were used for the RNAscope assay: ... Hs-NPR3 cat. no. 431241-C3 ...
DOI_10.1038_s41586_022_05060_x,fibroblasts,SCARA5+ fibroblasts,human,false,SCARA5,explicit,Gene-regulatory network inference for cardiomyocytes and fibroblasts,"For fibroblasts, we built a trajectory with SCARA5+ fibroblasts as root and myofibroblasts as terminal state."
DOI_10.1038_s41586_022_05060_x,myeloid cells,,human,false,CCR2,implied,RNA in situ hybridization and image quantification,The following probes were used for the RNAscope assay: ... Hs-CCR2 cat. no. 438221-C1 ...
DOI_10.1038_s41586_022_05060_x,myeloid cells,,human,false,TREM2,implied,RNA in situ hybridization and image quantification,The following probes were used for the RNAscope assay: ... Hs-TREM2 cat. no. 420491-C2 ...
DOI_10.1038_s41586_022_05060_x,macrophages,CD163+SPP1+,human,false,CD163,explicit,smFISH spot quantification and nuclear segmentation,"For the quantification of CD163+SPP1+ macrophages... cells as positive or negative for the different markers (POSTN, CD163 and SPP1)"
DOI_10.1038_s41586_022_05060_x,macrophages,CD163+SPP1+,human,false,SPP1,explicit,smFISH spot quantification and nuclear segmentation,"For the quantification of CD163+SPP1+ macrophages... cells as positive or negative for the different markers (POSTN, CD163 and SPP1)"
DOI_10.1038_s41586_024_07069_w,Posterior intermediate mesoderm,,mouse,False,Gdnf,explicit,Fig. 3b,posterior (Gdnf+) and anterior (Ret+) intermediate mesoderm
DOI_10.1038_s41586_024_07069_w,Anterior intermediate mesoderm,,mouse,False,Ret,explicit,Fig. 3b,posterior (Gdnf+) and anterior (Ret+) intermediate mesoderm
DOI_10.1038_s41586_024_07069_w,Renal cortical stromal cells,,mouse,False,Foxd1,implied,Article text (paragraph: 'Two subtypes spatially mapped to the kidney...'),"Although both express Foxd1+, focused analyses suggest distinct origins"
DOI_10.1038_s41586_024_07069_w,Renal medullary stromal cells,,mouse,False,Foxd1,implied,Article text (paragraph: 'Two subtypes spatially mapped to the kidney...'),"Although both express Foxd1+, focused analyses suggest distinct origins"
DOI_10.1038_s41586_024_07069_w,Hepatic mesenchyme,,mouse,False,Gata4,explicit,Article text (Results: 'hepatic and foregut mesenchyme are distinguished...'),"hepatic and foregut mesenchyme are distinguished both from one another as well as from their inferred progenitors by Gata4 and Barx1 expression, respectively"
DOI_10.1038_s41586_024_07069_w,Foregut mesenchyme,,mouse,False,Barx1,explicit,Article text (Results: 'hepatic and foregut mesenchyme are distinguished...'),"hepatic and foregut mesenchyme are distinguished both from one another as well as from their inferred progenitors by Gata4 and Barx1 expression, respectively"
DOI_10.1038_s41586_024_07069_w,Vascular SMCs,Pparg+,mouse,False,Pparg,explicit,Fig. 3d,Vascular SMCs (Pparg+)
DOI_10.1038_s41586_024_07069_w,Neural prog. cells,Neurod1+,mouse,False,Neurod1,explicit,Fig. 4a legend,Neural prog. cells (Neurod1+)
DOI_10.1038_s41586_024_07069_w,Hypothalamic Sim1 neurons,,mouse,False,Sim1,explicit,Fig. 4a legend,Hypothalamic Sim1 neurons
DOI_10.1038_s41586_024_07069_w,Myelinating Schwann cells,Tgfb2+,mouse,true,Tgfb2,inferred,Fig.5g,Cell type name listed as 'Myelinating Schwann cells (Tgfb2+)' in the tree node labels.
DOI_10.1038_s41586_024_07069_w,HSCs,Cd34+,mouse,false,Cd34,inferred,Fig.5g,Cell type name listed as 'HSCs (Cd34+)' in the tree node labels.
DOI_10.1038_s41586_024_07069_w,HSCs,Mpo+,mouse,false,Mpo,inferred,Fig.5g,Cell type name listed as 'HSCs (Mpo+)' in the tree node labels.
DOI_10.1038_s41586_024_07069_w,NMPs,,mouse,False,T,explicit,Methods,cells are labelled as NMPs if they are both strongly T+ (raw count ≥5) and Meis1− (raw count = 0)
DOI_10.1038_s41586_024_07069_w,NMPs,,mouse,False,Meis1,explicit,Methods,cells are labelled as NMPs if they are both strongly T+ (raw count ≥5) and Meis1− (raw count = 0)
DOI_10.1038_s41586_024_07069_w,mesodermal progenitors,,mouse,False,Tbx6,explicit,Methods,mesodermal progenitors (Tbx6+)
DOI_10.1038_s41586_024_07069_w,intermediate neuronal progenitors,,human,false,Eomes,explicit,Extended Data Fig. 10b,"UMAP colored by gene expression of marker genes: intermediate neuronal progenitors (Eomes+, Pax6+)"
DOI_10.1038_s41586_024_07069_w,intermediate neuronal progenitors,,human,false,Pax6,explicit,Extended Data Fig. 10b,"UMAP colored by gene expression of marker genes: intermediate neuronal progenitors (Eomes+, Pax6+)"
DOI_10.1038_s41586_024_07069_w,upper-layer neurons,,human,false,Satb2,explicit,Extended Data Fig. 10b,"UMAP colored by gene expression of marker genes: upper-layer neurons (Satb2+, Pou3f2+, Pou3f3+)"
DOI_10.1038_s41586_024_07069_w,upper-layer neurons,,human,false,Pou3f2,explicit,Extended Data Fig. 10b,"UMAP colored by gene expression of marker genes: upper-layer neurons (Satb2+, Pou3f2+, Pou3f3+)"
DOI_10.1038_s41586_024_07069_w,upper-layer neurons,,human,false,Pou3f3,explicit,Extended Data Fig. 10b,"UMAP colored by gene expression of marker genes: upper-layer neurons (Satb2+, Pou3f2+, Pou3f3+)"
DOI_10.1038_s41586_024_07069_w,deep-layer neurons,,human,false,Tbr1,explicit,Extended Data Fig. 10b,"UMAP colored by gene expression of marker genes: deep-layer neurons (Tbr1+, Bcl11b+, Fezf2+)"
DOI_10.1038_s41586_024_07069_w,deep-layer neurons,,human,false,Bcl11b,explicit,Extended Data Fig. 10b,"UMAP colored by gene expression of marker genes: deep-layer neurons (Tbr1+, Bcl11b+, Fezf2+)"
DOI_10.1038_s41586_024_07069_w,deep-layer neurons,,human,false,Fezf2,explicit,Extended Data Fig. 10b,"UMAP colored by gene expression of marker genes: deep-layer neurons (Tbr1+, Bcl11b+, Fezf2+)"
DOI_10.1038_s41586_024_07069_w,subplate neurons,,human,false,Kcnab1,explicit,Extended Data Fig. 10b,"UMAP colored by gene expression of marker genes: subplate neurons (Kcnab1+, Chrna5+, Syt6+, Foxp2+)"
DOI_10.1038_s41586_024_07069_w,subplate neurons,,human,false,Chrna5,explicit,Extended Data Fig. 10b,"UMAP colored by gene expression of marker genes: subplate neurons (Kcnab1+, Chrna5+, Syt6+, Foxp2+)"
DOI_10.1038_s41586_024_07069_w,subplate neurons,,human,false,Syt6,explicit,Extended Data Fig. 10b,"UMAP colored by gene expression of marker genes: subplate neurons (Kcnab1+, Chrna5+, Syt6+, Foxp2+)"
DOI_10.1038_s41586_024_07069_w,subplate neurons,,human,false,Foxp2,explicit,Extended Data Fig. 10b,"UMAP colored by gene expression of marker genes: subplate neurons (Kcnab1+, Chrna5+, Syt6+, Foxp2+)"
DOI_10.1038_s41586_024_07571_1,INFLARE,,human,false,MUC6,explicit,"Fig.3f-h and Extended Data Fig.7g,h",We located INFLAREs (MUC6+AQP5+BPIFB1+) at the crypt base...
DOI_10.1038_s41586_024_07571_1,INFLARE,,human,false,AQP5,explicit,"Fig.3f-h and Extended Data Fig.7g,h",We located INFLAREs (MUC6+AQP5+BPIFB1+) at the crypt base...
DOI_10.1038_s41586_024_07571_1,INFLARE,,human,false,BPIFB1,explicit,"Fig.3f-h and Extended Data Fig.7g,h",We located INFLAREs (MUC6+AQP5+BPIFB1+) at the crypt base...
DOI_10.1038_s41586_024_07571_1,INFLARE,,human,false,PGC,implied,Fig.4f,"cNMF_42 MGN/INFLARE factor genes: PGC, TFF2, AQP5, MUC6, CXCL17, GP2, BPIFB1, TCN1"
DOI_10.1038_s41586_024_07571_1,INFLARE,,human,false,TFF2,implied,Fig.4f,"cNMF_42 MGN/INFLARE factor genes: PGC, TFF2, AQP5, MUC6, CXCL17, GP2, BPIFB1, TCN1"
DOI_10.1038_s41586_024_07571_1,INFLARE,,human,false,CXCL17,implied,Fig.4f,"cNMF_42 MGN/INFLARE factor genes: PGC, TFF2, AQP5, MUC6, CXCL17, GP2, BPIFB1, TCN1"
DOI_10.1038_s41586_024_07571_1,INFLARE,,human,false,GP2,implied,Fig.4f,"cNMF_42 MGN/INFLARE factor genes: PGC, TFF2, AQP5, MUC6, CXCL17, GP2, BPIFB1, TCN1"
DOI_10.1038_s41586_024_07571_1,INFLARE,,human,false,TCN1,implied,Fig.4f,"cNMF_42 MGN/INFLARE factor genes: PGC, TFF2, AQP5, MUC6, CXCL17, GP2, BPIFB1, TCN1"
DOI_10.1038_s41586_024_07571_1,Surface foveolar-like,,human,false,MUC5AC,explicit,"Fig.3f-h and Extended Data Fig.7g,h",surface foveolar cells (MUC5AC+) at the crypt top of metaplastic glands
DOI_10.1038_s41586_024_07571_1,Epithelial stem,,human,false,LGR5,explicit,Fig.4b,"Stem markers: LGR5, OLFM4, SOX9"
DOI_10.1038_s41586_024_07571_1,Epithelial stem,,human,false,OLFM4,explicit,Fig.4b,"Stem markers: LGR5, OLFM4, SOX9"
DOI_10.1038_s41586_024_07571_1,Epithelial stem,,human,false,SOX9,explicit,Fig.4b,"Stem markers: LGR5, OLFM4, SOX9"
DOI_10.1038_s41586_024_08560_0,Cancer cells,colonocyte-like,human,false,FABP1,explicit,Results (Fig.1D),"colonocyte-like (FABP1, CEACAM7, ANPEP, SI)"
DOI_10.1038_s41586_024_08560_0,Cancer cells,colonocyte-like,human,false,CEACAM7,explicit,Results (Fig.1D),"colonocyte-like (FABP1, CEACAM7, ANPEP, SI)"
DOI_10.1038_s41586_024_08560_0,Cancer cells,colonocyte-like,human,false,ANPEP,explicit,Results (Fig.1D),"colonocyte-like (FABP1, CEACAM7, ANPEP, SI)"
DOI_10.1038_s41586_024_08560_0,Cancer cells,colonocyte-like,human,false,SI,explicit,Results (Fig.1D),"colonocyte-like (FABP1, CEACAM7, ANPEP, SI)"
DOI_10.1038_s41586_024_08560_0,Cancer cells,BEST4,human,false,BEST4,explicit,Results (Fig.1D),"BEST4 (BEST4, OTOP2, SPIB)"
DOI_10.1038_s41586_024_08560_0,Cancer cells,BEST4,human,false,OTOP2,explicit,Results (Fig.1D),"BEST4 (BEST4, OTOP2, SPIB)"
DOI_10.1038_s41586_024_08560_0,Cancer cells,BEST4,human,false,SPIB,explicit,Results (Fig.1D),"BEST4 (BEST4, OTOP2, SPIB)"
DOI_10.1038_s41586_024_08560_0,Cancer cells,Goblet-like,human,false,MUC2,explicit,Results (Fig.1D),"Goblet-like (MUC2, FCGBP, ZG16, and ATOH1)"
DOI_10.1038_s41586_024_08560_0,Cancer cells,Goblet-like,human,false,FCGBP,explicit,Results (Fig.1D),"Goblet-like (MUC2, FCGBP, ZG16, and ATOH1)"
DOI_10.1038_s41586_024_08560_0,Cancer cells,Goblet-like,human,false,ZG16,explicit,Results (Fig.1D),"Goblet-like (MUC2, FCGBP, ZG16, and ATOH1)"
DOI_10.1038_s41586_024_08560_0,Cancer cells,Goblet-like,human,false,ATOH1,explicit,Results (Fig.1D),"Goblet-like (MUC2, FCGBP, ZG16, and ATOH1)"
DOI_10.1038_s41586_024_08560_0,Cancer cells,Crypt-like,human,false,LGR5,explicit,Results (Fig.1D),"Crypt-like (LGR5, SMOC2)"
DOI_10.1038_s41586_024_08560_0,Cancer cells,Crypt-like,human,false,SMOC2,explicit,Results (Fig.1D),"Crypt-like (LGR5, SMOC2)"
DOI_10.1038_s41586_024_08560_0,Cancer cells,transit-amplifying-like,human,false,TOP2A,explicit,Results (Fig.1D),"transit-amplifying-like (TOP2A, UBE2C, PCLAF, HELLS, TK1)"
DOI_10.1038_s41586_024_08560_0,Cancer cells,transit-amplifying-like,human,false,UBE2C,explicit,Results (Fig.1D),"transit-amplifying-like (TOP2A, UBE2C, PCLAF, HELLS, TK1)"
DOI_10.1038_s41586_024_08560_0,Cancer cells,transit-amplifying-like,human,false,PCLAF,explicit,Results (Fig.1D),"transit-amplifying-like (TOP2A, UBE2C, PCLAF, HELLS, TK1)"
DOI_10.1038_s41586_024_08560_0,Cancer cells,transit-amplifying-like,human,false,HELLS,explicit,Results (Fig.1D),"transit-amplifying-like (TOP2A, UBE2C, PCLAF, HELLS, TK1)"
DOI_10.1038_s41586_024_08560_0,Cancer cells,transit-amplifying-like,human,false,TK1,explicit,Results (Fig.1D),"transit-amplifying-like (TOP2A, UBE2C, PCLAF, HELLS, TK1)"
DOI_10.1038_s41586_024_08560_0,Circulating cancer cells,,human,false,EPCAM,explicit,Results (Fig.1D),EPCAM expressing cells in the blood of patients with CRC were annotated as circulating cancer cells.
DOI_10.1038_s41586_024_08560_0,T cells,CD4,human,false,CD4,explicit,Results (Fig.1E),T cells - CD4 (CD4)
DOI_10.1038_s41586_024_08560_0,T cells,CD8,human,false,CD8A,explicit,Results (Fig.1E),CD8 (CD8A)
DOI_10.1038_s41586_024_08560_0,T cells,T regulatory,human,false,FOXP3,explicit,Results (Fig.1E),T regulatory cells (FOXP3)
DOI_10.1038_s41586_024_08560_0,NK cells,,human,false,NKG7,explicit,Results (Fig.1E),"NK cells (NKG7, TYROBP)"
DOI_10.1038_s41586_024_08560_0,NK cells,,human,false,TYROBP,explicit,Results (Fig.1E),"NK cells (NKG7, TYROBP)"
DOI_10.1038_s41586_024_08560_0,B cells,naive,human,false,IGHD,explicit,Results (Fig.1E),"naive (IGHD, TCL1A)"
DOI_10.1038_s41586_024_08560_0,B cells,naive,human,false,TCL1A,explicit,Results (Fig.1E),"naive (IGHD, TCL1A)"
DOI_10.1038_s41586_024_08560_0,B cells,memory,human,false,CD27,explicit,Results (Fig.1E),"memory (CD27, CD44)"
DOI_10.1038_s41586_024_08560_0,B cells,memory,human,false,CD44,explicit,Results (Fig.1E),"memory (CD27, CD44)"
DOI_10.1038_s41586_024_08560_0,B cells,activated,human,false,CD69,explicit,Results (Fig.1E),"activated (CD69, CD83)"
DOI_10.1038_s41586_024_08560_0,B cells,activated,human,false,CD83,explicit,Results (Fig.1E),"activated (CD69, CD83)"
DOI_10.1038_s41586_024_08560_0,Plasma cells,,human,false,JCHAIN,explicit,Results (Fig.1E),"plasma cells (JCHAIN) express immunoglobulins such as IgA (IGHA1), IgG (IGHG1), and IgM (IGHM)"
DOI_10.1038_s41586_024_08560_0,Plasma cells,,human,false,IGHA1,explicit,Results (Fig.1E),"plasma cells (JCHAIN) express immunoglobulins such as IgA (IGHA1), IgG (IGHG1), and IgM (IGHM)"
DOI_10.1038_s41586_024_08560_0,Plasma cells,,human,false,IGHG1,explicit,Results (Fig.1E),"plasma cells (JCHAIN) express immunoglobulins such as IgA (IGHA1), IgG (IGHG1), and IgM (IGHM)"
DOI_10.1038_s41586_024_08560_0,Plasma cells,,human,false,IGHM,explicit,Results (Fig.1E),"plasma cells (JCHAIN) express immunoglobulins such as IgA (IGHA1), IgG (IGHG1), and IgM (IGHM)"
DOI_10.1038_s41586_024_08560_0,Monocytes,,human,false,VCAN,explicit,Results (Fig.1E),"monocytes (VCAN, CD14)"
DOI_10.1038_s41586_024_08560_0,Monocytes,,human,false,CD14,explicit,Results (Fig.1E),"monocytes (VCAN, CD14)"
DOI_10.1038_s41586_024_08560_0,Macrophages,,human,false,C1QA,explicit,Results (Fig.1E),"macrophages (C1QA, C1QB)"
DOI_10.1038_s41586_024_08560_0,Macrophages,,human,false,C1QB,explicit,Results (Fig.1E),"macrophages (C1QA, C1QB)"
DOI_10.1038_s41586_024_08560_0,Mast cells,,human,false,TPSB2,explicit,Results (Fig.1E),"mast cells (TPSB2, CPA3)"
DOI_10.1038_s41586_024_08560_0,Mast cells,,human,false,CPA3,explicit,Results (Fig.1E),"mast cells (TPSB2, CPA3)"
DOI_10.1038_s41586_024_08560_0,cDC1,,human,false,CLEC9A,explicit,Results (Fig.1E),"conventional DC type 1 (cDC1, CLEC9A, XCR1)"
DOI_10.1038_s41586_024_08560_0,cDC1,,human,false,XCR1,explicit,Results (Fig.1E),"conventional DC type 1 (cDC1, CLEC9A, XCR1)"
DOI_10.1038_s41586_024_08560_0,cDC2,,human,false,CD1C,explicit,Results (Fig.1E),"cDC2 (CD1C, CLEC10A)"
DOI_10.1038_s41586_024_08560_0,cDC2,,human,false,CLEC10A,explicit,Results (Fig.1E),"cDC2 (CD1C, CLEC10A)"
DOI_10.1038_s41586_024_08560_0,pDC,,human,false,IL3RA,explicit,Results (Fig.1E),"plasmacytoid DC (pDC, IL3RA, GZMB)"
DOI_10.1038_s41586_024_08560_0,pDC,,human,false,GZMB,explicit,Results (Fig.1E),"plasmacytoid DC (pDC, IL3RA, GZMB)"
DOI_10.1038_s41586_024_08560_0,Eosinophils,,human,false,CLC,explicit,Results (Fig.1E),"eosinophils (CLC, CCR3)"
DOI_10.1038_s41586_024_08560_0,Eosinophils,,human,false,CCR3,explicit,Results (Fig.1E),"eosinophils (CLC, CCR3)"
DOI_10.1038_s41586_024_08560_0,Neutrophils,,human,false,CXCR2,explicit,Results (Fig.1E),"neutrophils (CXCR2, FCGR3B)"
DOI_10.1038_s41586_024_08560_0,Neutrophils,,human,false,FCGR3B,explicit,Results (Fig.1E),"neutrophils (CXCR2, FCGR3B)"
DOI_10.1038_s41586_024_08560_0,Neutrophils,tumor-associated neutrophil,human,false,OLR1,explicit,Results (Table S2),"tumor-associated neutrophil (TAN) markers like OLR1, VEGFA, and PLAU (Table S2)"
DOI_10.1038_s41586_024_08560_0,Neutrophils,tumor-associated neutrophil,human,false,VEGFA,explicit,Results (Table S2),"tumor-associated neutrophil (TAN) markers like OLR1, VEGFA, and PLAU (Table S2)"
DOI_10.1038_s41586_024_08560_0,Neutrophils,tumor-associated neutrophil,human,false,PLAU,explicit,Results (Table S2),"tumor-associated neutrophil (TAN) markers like OLR1, VEGFA, and PLAU (Table S2)"
DOI_10.1038_s41586_024_08560_0,Neutrophils,tumor-associated neutrophil,human,false,IL1A,implied,Results (Fig.2D),"The consensus program neutrophils were characterized by inflammatory genes such as IL1A and IL1B, together with tumor-associated neutrophil (TAN) markers like OLR1, VEGFA, and PLAU"
DOI_10.1038_s41586_024_08560_0,Neutrophils,tumor-associated neutrophil,human,false,IL1B,implied,Results (Fig.2D),"The consensus program neutrophils were characterized by inflammatory genes such as IL1A and IL1B, together with tumor-associated neutrophil (TAN) markers like OLR1, VEGFA, and PLAU"
DOI_10.1038_s41586_024_08560_0,Gamma-delta T cells,,human,false,TRDV1,explicit,Results (Fig.1E),"gamma-delta T cells (TRDV1, TRGC1)"
DOI_10.1038_s41586_024_08560_0,Gamma-delta T cells,,human,false,TRGC1,explicit,Results (Fig.1E),"gamma-delta T cells (TRDV1, TRGC1)"
DOI_10.1038_s41586_024_08560_0,ILCs,,human,false,IL4I1,explicit,Results (Fig.1E),"innate lymphoid cells (ILCs; IL4I1, KIT)"
DOI_10.1038_s41586_024_08560_0,ILCs,,human,false,KIT,explicit,Results (Fig.1E),"innate lymphoid cells (ILCs; IL4I1, KIT)"
DOI_10.1038_s41586_024_08560_0,Progenitors,,human,false,CD24,explicit,Results (Fig.1E),"progenitors (CD24, AXL)"
DOI_10.1038_s41586_024_08560_0,Progenitors,,human,false,AXL,explicit,Results (Fig.1E),"progenitors (CD24, AXL)"
DOI_10.1038_s41586_024_08560_0,Stem-like cells,,human,false,LEF1,explicit,Results (Fig.1E),stem-like cells (LEF1)
DOI_10.1038_s41586_024_08560_0,Cycling cells,,human,false,MKI67,explicit,Results (Fig.1E),"cycling states (MKI67, CDK1)"
DOI_10.1038_s41586_024_08560_0,Cycling cells,,human,false,CDK1,explicit,Results (Fig.1E),"cycling states (MKI67, CDK1)"
DOI_10.1038_s41586_024_08560_0,tumor-associated neutrophils (TAN),,human,false,OLR1,explicit,"Results p.152, Fig.4F","TAN markers (OLR1, PLAU, and VEGFA) were highly upregulated in TAN of patients with CRC, whereas CXCR2, a marker of mature neutrophils, was highly expressed in blood neutrophils but downregulated in TAN."
DOI_10.1038_s41586_024_08560_0,tumor-associated neutrophils (TAN),,human,false,PLAU,explicit,"Results p.152, Fig.4F","TAN markers (OLR1, PLAU, and VEGFA) were highly upregulated in TAN of patients with CRC, whereas CXCR2, a marker of mature neutrophils, was highly expressed in blood neutrophils but downregulated in TAN."
DOI_10.1038_s41586_024_08560_0,tumor-associated neutrophils (TAN),,human,false,VEGFA,explicit,"Results p.152, Fig.4F","TAN markers (OLR1, PLAU, and VEGFA) were highly upregulated in TAN of patients with CRC, whereas CXCR2, a marker of mature neutrophils, was highly expressed in blood neutrophils but downregulated in TAN."
DOI_10.1038_s41586_024_08560_0,blood neutrophils,,human,false,CXCR2,explicit,"Results p.152, Fig.4F","TAN markers (OLR1, PLAU, and VEGFA) were highly upregulated in TAN of patients with CRC, whereas CXCR2, a marker of mature neutrophils, was highly expressed in blood neutrophils but downregulated in TAN."
DOI_10.1038_s41586_024_08560_0,TAN4,pro-tumor TAN phenotype,human,false,IL1A,explicit,Results p.152,"From TAN1, neutrophils diverged into two trajectories: one leading to a putative pro-tumor TAN phenotype (TAN4) characterized by the high expression of IL1A and IL1B."
DOI_10.1038_s41586_024_08560_0,TAN4,pro-tumor TAN phenotype,human,false,IL1B,explicit,Results p.152,"From TAN1, neutrophils diverged into two trajectories: one leading to a putative pro-tumor TAN phenotype (TAN4) characterized by the high expression of IL1A and IL1B."
DOI_10.1038_s41586_024_08560_0,TAN2/TAN3,antigen-presenting neutrophils,human,false,HLA-DRA,explicit,Results p.152,"The other trajectory was leading toward a phenotype defined by the high expression of antigen-presentation-associated markers, such as HLA-DRA (TAN2/TAN3)."
DOI_10.1038_s41586_024_08560_0,neutrophils,activated,mouse,false,SiglecF,explicit,"Results p.156, Fig.6D-6G","Analysis of neutrophil activation markers such as SiglecF, CD11b, CD80, and PD-L1, further showed a progressive activation of neutrophils from the blood to the tumor (Figures 6D–6G)."
DOI_10.1038_s41586_024_08560_0,neutrophils,activated,mouse,false,CD11b,explicit,"Results p.156, Fig.6D-6G","Analysis of neutrophil activation markers such as SiglecF, CD11b, CD80, and PD-L1, further showed a progressive activation of neutrophils from the blood to the tumor (Figures 6D–6G)."
DOI_10.1038_s41586_024_08560_0,neutrophils,activated,mouse,false,CD80,explicit,"Results p.156, Fig.6D-6G","Analysis of neutrophil activation markers such as SiglecF, CD11b, CD80, and PD-L1, further showed a progressive activation of neutrophils from the blood to the tumor (Figures 6D–6G)."
DOI_10.1038_s41586_024_08560_0,neutrophils,activated,mouse,false,PD-L1,explicit,"Results p.156, Fig.6D-6G","Analysis of neutrophil activation markers such as SiglecF, CD11b, CD80, and PD-L1, further showed a progressive activation of neutrophils from the blood to the tumor (Figures 6D–6G)."
DOI_10.1038_s41586_024_08560_0,Siglec-F+ neutrophils,mature long-lived tumor-promoting cells,mouse,false,SiglecF,explicit,Results p.156,"Siglec-F+ neutrophils are mature, long-lived tumor-promoting cells, and the selective depletion of Siglec-F+ neutrophils could be of importance for the development of immunotherapies targeting myeloid cells."
DOI_10.1038_s41586_024_08560_0,mature neutrophils,,mouse,false,S100a8,explicit,"Results p.156, Fig.S7F","For example, GMPs expressed higher levels of the mature neutrophil markers S100a8 and S100a9 (Figure S7F), and ProNeutro expressed lower levels of the progenitor specific genes Elane and Prtn3 (Figure S7G)."
DOI_10.1038_s41586_024_08560_0,mature neutrophils,,mouse,false,S100a9,explicit,"Results p.156, Fig.S7F","For example, GMPs expressed higher levels of the mature neutrophil markers S100a8 and S100a9 (Figure S7F), and ProNeutro expressed lower levels of the progenitor specific genes Elane and Prtn3 (Figure S7G)."
DOI_10.1038_s41586_024_08560_0,neutrophil progenitors (ProNeutro),,mouse,false,Elane,explicit,"Results p.156, Fig.S7G","For example, GMPs expressed higher levels of the mature neutrophil markers S100a8 and S100a9 (Figure S7F), and ProNeutro expressed lower levels of the progenitor specific genes Elane and Prtn3 (Figure S7G)."
DOI_10.1038_s41586_024_08560_0,neutrophil progenitors (ProNeutro),,mouse,false,Prtn3,explicit,"Results p.156, Fig.S7G","For example, GMPs expressed higher levels of the mature neutrophil markers S100a8 and S100a9 (Figure S7F), and ProNeutro expressed lower levels of the progenitor specific genes Elane and Prtn3 (Figure S7G)."
DOI_10.1038_s41586_024_08560_0,fibroblasts,,human,false,IL1R1,implied,"Results p.154, Fig.5F","Further analysis of the main cell types within the neutrophil niche revealed that the receptor for IL1B, IL1R1, was specifically expressed in fibroblasts (Figure 5F)."
DOI_10.1038_s41586_024_08560_0,Neutrophil,,mouse,false,S100a8,explicit,Methods: Single-cell RNA sequencing of mouse neutrophils - data analysis,"Neutrophil clusters were identified using on the one hand neutrophil specific marker genes (S100a8, S100a9) and an automatic annotation approach called SingleR with the murine ImmGen as reference."
DOI_10.1038_s41586_024_08560_0,Neutrophil,,mouse,false,S100a9,explicit,Methods: Single-cell RNA sequencing of mouse neutrophils - data analysis,"Neutrophil clusters were identified using on the one hand neutrophil specific marker genes (S100a8, S100a9) and an automatic annotation approach called SingleR with the murine ImmGen as reference."
DOI_10.1038_s41586_026_10627_z,Epithelial cells,,human,false,EPCAM,explicit,Annotation of cell clusters,"Epithelial cells were defined by high expression of EPCAM, CDH1 and KRT19"
DOI_10.1038_s41586_026_10627_z,Epithelial cells,,human,false,CDH1,explicit,Annotation of cell clusters,"Epithelial cells were defined by high expression of EPCAM, CDH1 and KRT19"
DOI_10.1038_s41586_026_10627_z,Epithelial cells,,human,false,KRT19,explicit,Annotation of cell clusters,"Epithelial cells were defined by high expression of EPCAM, CDH1 and KRT19"
DOI_10.1038_s41586_026_10627_z,Mesenchymal cells,,human,false,COL1A1,explicit,Annotation of cell clusters,"mesenchymal by expression of COL1A1, COL1A2, COL6A2 and VWF"
DOI_10.1038_s41586_026_10627_z,Mesenchymal cells,,human,false,COL1A2,explicit,Annotation of cell clusters,"mesenchymal by expression of COL1A1, COL1A2, COL6A2 and VWF"
DOI_10.1038_s41586_026_10627_z,Mesenchymal cells,,human,false,COL6A2,explicit,Annotation of cell clusters,"mesenchymal by expression of COL1A1, COL1A2, COL6A2 and VWF"
DOI_10.1038_s41586_026_10627_z,Mesenchymal cells,,human,false,VWF,explicit,Annotation of cell clusters,"mesenchymal by expression of COL1A1, COL1A2, COL6A2 and VWF"
DOI_10.1038_s41586_026_10627_z,B cells,,human,false,CD79A,explicit,Annotation of cell clusters,"B cells by expression of CD79A, MS4A1 and CD79B"
DOI_10.1038_s41586_026_10627_z,B cells,,human,false,MS4A1,explicit,Annotation of cell clusters,"B cells by expression of CD79A, MS4A1 and CD79B"
DOI_10.1038_s41586_026_10627_z,B cells,,human,false,CD79B,explicit,Annotation of cell clusters,"B cells by expression of CD79A, MS4A1 and CD79B"
DOI_10.1038_s41586_026_10627_z,Plasma B cells,,human,false,MZB1,explicit,Annotation of cell clusters,plasma B cells by expression of MZB1 and JCHAIN
DOI_10.1038_s41586_026_10627_z,Plasma B cells,,human,false,JCHAIN,explicit,Annotation of cell clusters,plasma B cells by expression of MZB1 and JCHAIN
DOI_10.1038_s41586_026_10627_z,Plasma B cells,,human,false,CD38,implied,Results: B cell lineages,"however these clusters show a gradient of CD38 expression, which is therefore outlined in the label"
DOI_10.1038_s41586_026_10627_z,T and T/ILC cells,,human,false,CD3D,explicit,Annotation of cell clusters,"T and T/ILC cells by expression of CD3D, CD3E, CD3G, CCR7, IL7R, TRAC and NCAM1"
DOI_10.1038_s41586_026_10627_z,T and T/ILC cells,,human,false,CD3E,explicit,Annotation of cell clusters,"T and T/ILC cells by expression of CD3D, CD3E, CD3G, CCR7, IL7R, TRAC and NCAM1"
DOI_10.1038_s41586_026_10627_z,T and T/ILC cells,,human,false,CD3G,explicit,Annotation of cell clusters,"T and T/ILC cells by expression of CD3D, CD3E, CD3G, CCR7, IL7R, TRAC and NCAM1"
DOI_10.1038_s41586_026_10627_z,T and T/ILC cells,,human,false,CCR7,explicit,Annotation of cell clusters,"T and T/ILC cells by expression of CD3D, CD3E, CD3G, CCR7, IL7R, TRAC and NCAM1"
DOI_10.1038_s41586_026_10627_z,T and T/ILC cells,,human,false,IL7R,explicit,Annotation of cell clusters,"T and T/ILC cells by expression of CD3D, CD3E, CD3G, CCR7, IL7R, TRAC and NCAM1"
DOI_10.1038_s41586_026_10627_z,T and T/ILC cells,,human,false,TRAC,explicit,Annotation of cell clusters,"T and T/ILC cells by expression of CD3D, CD3E, CD3G, CCR7, IL7R, TRAC and NCAM1"
DOI_10.1038_s41586_026_10627_z,T and T/ILC cells,,human,false,NCAM1,explicit,Annotation of cell clusters,"T and T/ILC cells by expression of CD3D, CD3E, CD3G, CCR7, IL7R, TRAC and NCAM1"
DOI_10.1038_s41586_026_10627_z,Myeloid cells,,human,false,ITGAM,explicit,Annotation of cell clusters,"myeloid cells by expression of ITGAM, CD14, CSF1R and TYROBP"
DOI_10.1038_s41586_026_10627_z,Myeloid cells,,human,false,CD14,explicit,Annotation of cell clusters,"myeloid cells by expression of ITGAM, CD14, CSF1R and TYROBP"
DOI_10.1038_s41586_026_10627_z,Myeloid cells,,human,false,CSF1R,explicit,Annotation of cell clusters,"myeloid cells by expression of ITGAM, CD14, CSF1R and TYROBP"
DOI_10.1038_s41586_026_10627_z,Myeloid cells,,human,false,TYROBP,explicit,Annotation of cell clusters,"myeloid cells by expression of ITGAM, CD14, CSF1R and TYROBP"
DOI_10.1038_s41586_026_10627_z,Mast cells,,human,false,TPSAB1,explicit,Annotation of cell clusters,"mast cells by expression of TPSAB1, TPSB2 and CPA3"
DOI_10.1038_s41586_026_10627_z,Mast cells,,human,false,TPSB2,explicit,Annotation of cell clusters,"mast cells by expression of TPSAB1, TPSB2 and CPA3"
DOI_10.1038_s41586_026_10627_z,Mast cells,,human,false,CPA3,explicit,Annotation of cell clusters,"mast cells by expression of TPSAB1, TPSB2 and CPA3"
DOI_10.1038_s41586_026_10627_z,Platelets,,human,false,RUNX1,explicit,Annotation of cell clusters,"platelets by expression of RUNX1, GATA2, HDC and SLC24A3 (but low expressors of mast cell genes)"
DOI_10.1038_s41586_026_10627_z,Platelets,,human,false,GATA2,explicit,Annotation of cell clusters,"platelets by expression of RUNX1, GATA2, HDC and SLC24A3 (but low expressors of mast cell genes)"
DOI_10.1038_s41586_026_10627_z,Platelets,,human,false,HDC,explicit,Annotation of cell clusters,"platelets by expression of RUNX1, GATA2, HDC and SLC24A3 (but low expressors of mast cell genes)"
DOI_10.1038_s41586_026_10627_z,Platelets,,human,false,SLC24A3,explicit,Annotation of cell clusters,"platelets by expression of RUNX1, GATA2, HDC and SLC24A3 (but low expressors of mast cell genes)"
DOI_10.1038_s41586_026_10627_z,Stem cell major population,,human,false,LGR5,explicit,Results: Epithelial cell lineages,"The stem cell major population was defined by expression of LGR5, OLFM4, ASCL2, SMOC2 and RGMB."
DOI_10.1038_s41586_026_10627_z,Stem cell major population,,human,false,OLFM4,explicit,Results: Epithelial cell lineages,"The stem cell major population was defined by expression of LGR5, OLFM4, ASCL2, SMOC2 and RGMB."
DOI_10.1038_s41586_026_10627_z,Stem cell major population,,human,false,ASCL2,explicit,Results: Epithelial cell lineages,"The stem cell major population was defined by expression of LGR5, OLFM4, ASCL2, SMOC2 and RGMB."
DOI_10.1038_s41586_026_10627_z,Stem cell major population,,human,false,SMOC2,explicit,Results: Epithelial cell lineages,"The stem cell major population was defined by expression of LGR5, OLFM4, ASCL2, SMOC2 and RGMB."
DOI_10.1038_s41586_026_10627_z,Stem cell major population,,human,false,RGMB,explicit,Results: Epithelial cell lineages,"The stem cell major population was defined by expression of LGR5, OLFM4, ASCL2, SMOC2 and RGMB."
DOI_10.1038_s41586_026_10627_z,Enterocyte,,human,false,RBP2,explicit,Results: Epithelial cell lineages,"grouped into the enterocyte (high expression of RBP2, ANPEP and FABP2) and colonocyte (high expression of CA2, SLC26A2 and FABP1) categories, respectively."
DOI_10.1038_s41586_026_10627_z,Enterocyte,,human,false,ANPEP,explicit,Results: Epithelial cell lineages,"grouped into the enterocyte (high expression of RBP2, ANPEP and FABP2) and colonocyte (high expression of CA2, SLC26A2 and FABP1) categories, respectively."
DOI_10.1038_s41586_026_10627_z,Enterocyte,,human,false,FABP2,explicit,Results: Epithelial cell lineages,"grouped into the enterocyte (high expression of RBP2, ANPEP and FABP2) and colonocyte (high expression of CA2, SLC26A2 and FABP1) categories, respectively."
DOI_10.1038_s41586_026_10627_z,Colonocyte,,human,false,CA2,explicit,Results: Epithelial cell lineages,"grouped into the enterocyte (high expression of RBP2, ANPEP and FABP2) and colonocyte (high expression of CA2, SLC26A2 and FABP1) categories, respectively."
DOI_10.1038_s41586_026_10627_z,Colonocyte,,human,false,SLC26A2,explicit,Results: Epithelial cell lineages,"grouped into the enterocyte (high expression of RBP2, ANPEP and FABP2) and colonocyte (high expression of CA2, SLC26A2 and FABP1) categories, respectively."
DOI_10.1038_s41586_026_10627_z,Colonocyte,,human,false,FABP1,explicit,Results: Epithelial cell lineages,"grouped into the enterocyte (high expression of RBP2, ANPEP and FABP2) and colonocyte (high expression of CA2, SLC26A2 and FABP1) categories, respectively."
DOI_10.1038_s41586_026_10627_z,Epithelial progenitor OLFM4hi,,human,false,OLFM4,explicit,Results: Epithelial cell lineages,"with high expression of OLFM4, thus referred to as 'epithelial progenitor OLFM4hi'."
DOI_10.1038_s41586_026_10627_z,Goblet cells,,human,false,MUC2,explicit,Results: Epithelial cell lineages,"goblet cells were identified by expression of MUC2, CLCA1 and FCGBP;"
DOI_10.1038_s41586_026_10627_z,Goblet cells,,human,false,CLCA1,explicit,Results: Epithelial cell lineages,"goblet cells were identified by expression of MUC2, CLCA1 and FCGBP;"
DOI_10.1038_s41586_026_10627_z,Goblet cells,,human,false,FCGBP,explicit,Results: Epithelial cell lineages,"goblet cells were identified by expression of MUC2, CLCA1 and FCGBP;"
DOI_10.1038_s41586_026_10627_z,Tuft cells,,human,false,POU2F3,explicit,Results: Epithelial cell lineages,"tuft cells by expression of POU2F3, SH2D6, LRMP and TRPM5;"
DOI_10.1038_s41586_026_10627_z,Tuft cells,,human,false,SH2D6,explicit,Results: Epithelial cell lineages,"tuft cells by expression of POU2F3, SH2D6, LRMP and TRPM5;"
DOI_10.1038_s41586_026_10627_z,Tuft cells,,human,false,LRMP,explicit,Results: Epithelial cell lineages,"tuft cells by expression of POU2F3, SH2D6, LRMP and TRPM5;"
DOI_10.1038_s41586_026_10627_z,Tuft cells,,human,false,TRPM5,explicit,Results: Epithelial cell lineages,"tuft cells by expression of POU2F3, SH2D6, LRMP and TRPM5;"
DOI_10.1038_s41586_026_10627_z,Paneth cells,,human,false,DEFA5,explicit,Results: Epithelial cell lineages,Paneth cells by expression of DEFA5 and DEFA6;
DOI_10.1038_s41586_026_10627_z,Paneth cells,,human,false,DEFA6,explicit,Results: Epithelial cell lineages,Paneth cells by expression of DEFA5 and DEFA6;
DOI_10.1038_s41586_026_10627_z,Enteroendocrine cells,,human,false,NTS,explicit,Results: Epithelial cell lineages,"enteroendocrine cells by expression of NTS, PYY, GCG, ISL1;"
DOI_10.1038_s41586_026_10627_z,Enteroendocrine cells,,human,false,PYY,explicit,Results: Epithelial cell lineages,"enteroendocrine cells by expression of NTS, PYY, GCG, ISL1;"
DOI_10.1038_s41586_026_10627_z,Enteroendocrine cells,,human,false,GCG,explicit,Results: Epithelial cell lineages,"enteroendocrine cells by expression of NTS, PYY, GCG, ISL1;"
DOI_10.1038_s41586_026_10627_z,Enteroendocrine cells,,human,false,ISL1,explicit,Results: Epithelial cell lineages,"enteroendocrine cells by expression of NTS, PYY, GCG, ISL1;"
DOI_10.1038_s41586_026_10627_z,Enterochromaffin cells,,human,false,TPS1,explicit,Results: Epithelial cell lineages,and enterochromaffin cells by expression of TPS1 and CES1.
DOI_10.1038_s41586_026_10627_z,Enterochromaffin cells,,human,false,CES1,explicit,Results: Epithelial cell lineages,and enterochromaffin cells by expression of TPS1 and CES1.
DOI_10.1038_s41586_026_10627_z,Fibroblast,,human,false,ADAMDEC1,explicit,Results: Mesenchymal cell lineages,"Fibroblast clusters were identified by their expression of ADAMDEC1, PDGFRA, BMP4, LUM, COL1A2, COL3A1 and COL1A1, subsets of which were then delineated by their expression of PI16, C3, CPM, NPY, GRIN2A and ADAMDEC1 (lamina propria fibroblast), and tissue specificity."
DOI_10.1038_s41586_026_10627_z,Fibroblast,,human,false,PDGFRA,explicit,Results: Mesenchymal cell lineages,"Fibroblast clusters were identified by their expression of ADAMDEC1, PDGFRA, BMP4, LUM, COL1A2, COL3A1 and COL1A1, subsets of which were then delineated by their expression of PI16, C3, CPM, NPY, GRIN2A and ADAMDEC1 (lamina propria fibroblast), and tissue specificity."
DOI_10.1038_s41586_026_10627_z,Fibroblast,,human,false,BMP4,explicit,Results: Mesenchymal cell lineages,"Fibroblast clusters were identified by their expression of ADAMDEC1, PDGFRA, BMP4, LUM, COL1A2, COL3A1 and COL1A1, subsets of which were then delineated by their expression of PI16, C3, CPM, NPY, GRIN2A and ADAMDEC1 (lamina propria fibroblast), and tissue specificity."
DOI_10.1038_s41586_026_10627_z,Fibroblast,,human,false,LUM,explicit,Results: Mesenchymal cell lineages,"Fibroblast clusters were identified by their expression of ADAMDEC1, PDGFRA, BMP4, LUM, COL1A2, COL3A1 and COL1A1, subsets of which were then delineated by their expression of PI16, C3, CPM, NPY, GRIN2A and ADAMDEC1 (lamina propria fibroblast), and tissue specificity."
DOI_10.1038_s41586_026_10627_z,Fibroblast,,human,false,COL1A2,explicit,Results: Mesenchymal cell lineages,"Fibroblast clusters were identified by their expression of ADAMDEC1, PDGFRA, BMP4, LUM, COL1A2, COL3A1 and COL1A1, subsets of which were then delineated by their expression of PI16, C3, CPM, NPY, GRIN2A and ADAMDEC1 (lamina propria fibroblast), and tissue specificity."
DOI_10.1038_s41586_026_10627_z,Fibroblast,,human,false,COL3A1,explicit,Results: Mesenchymal cell lineages,"Fibroblast clusters were identified by their expression of ADAMDEC1, PDGFRA, BMP4, LUM, COL1A2, COL3A1 and COL1A1, subsets of which were then delineated by their expression of PI16, C3, CPM, NPY, GRIN2A and ADAMDEC1 (lamina propria fibroblast), and tissue specificity."
DOI_10.1038_s41586_026_10627_z,Fibroblast,,human,false,COL1A1,explicit,Results: Mesenchymal cell lineages,"Fibroblast clusters were identified by their expression of ADAMDEC1, PDGFRA, BMP4, LUM, COL1A2, COL3A1 and COL1A1, subsets of which were then delineated by their expression of PI16, C3, CPM, NPY, GRIN2A and ADAMDEC1 (lamina propria fibroblast), and tissue specificity."
DOI_10.1038_s41586_026_10627_z,Fibroblast,Lamina propria fibroblast,human,false,PI16,explicit,Results: Mesenchymal cell lineages,"subsets of which were then delineated by their expression of PI16, C3, CPM, NPY, GRIN2A and ADAMDEC1 (lamina propria fibroblast)"
DOI_10.1038_s41586_026_10627_z,Fibroblast,Lamina propria fibroblast,human,false,C3,explicit,Results: Mesenchymal cell lineages,"subsets of which were then delineated by their expression of PI16, C3, CPM, NPY, GRIN2A and ADAMDEC1 (lamina propria fibroblast)"
DOI_10.1038_s41586_026_10627_z,Fibroblast,Lamina propria fibroblast,human,false,CPM,explicit,Results: Mesenchymal cell lineages,"subsets of which were then delineated by their expression of PI16, C3, CPM, NPY, GRIN2A and ADAMDEC1 (lamina propria fibroblast)"
DOI_10.1038_s41586_026_10627_z,Fibroblast,Lamina propria fibroblast,human,false,NPY,explicit,Results: Mesenchymal cell lineages,"subsets of which were then delineated by their expression of PI16, C3, CPM, NPY, GRIN2A and ADAMDEC1 (lamina propria fibroblast)"
DOI_10.1038_s41586_026_10627_z,Fibroblast,Lamina propria fibroblast,human,false,GRIN2A,explicit,Results: Mesenchymal cell lineages,"subsets of which were then delineated by their expression of PI16, C3, CPM, NPY, GRIN2A and ADAMDEC1 (lamina propria fibroblast)"
DOI_10.1038_s41586_026_10627_z,Fibroblast,Lamina propria fibroblast,human,false,ADAMDEC1,explicit,Results: Mesenchymal cell lineages,"subsets of which were then delineated by their expression of PI16, C3, CPM, NPY, GRIN2A and ADAMDEC1 (lamina propria fibroblast)"
DOI_10.1038_s41586_026_10627_z,Glial cells,,human,true,NRXN1,explicit,Results: Mesenchymal cell lineages,Glial cells were identified by expression of NRXN1;
DOI_10.1038_s41586_026_10627_z,Smooth muscle cells,,human,false,ACTA2,explicit,Results: Mesenchymal cell lineages,smooth muscle cells by expression of ACTA2;
DOI_10.1038_s41586_026_10627_z,Pericytes,,human,false,PDGFRB,explicit,Results: Mesenchymal cell lineages,"pericytes by expression of PDGFRB, RGS5 and NDUFA4L2;"
DOI_10.1038_s41586_026_10627_z,Pericytes,,human,false,RGS5,explicit,Results: Mesenchymal cell lineages,"pericytes by expression of PDGFRB, RGS5 and NDUFA4L2;"
DOI_10.1038_s41586_026_10627_z,Pericytes,,human,false,NDUFA4L2,explicit,Results: Mesenchymal cell lineages,"pericytes by expression of PDGFRB, RGS5 and NDUFA4L2;"
DOI_10.1038_s41586_026_10627_z,Endothelial cells,,human,false,PECAM1,explicit,Results: Mesenchymal cell lineages,"endothelial cells by expression of PECAM1, VWF, PLVAP, ACKR1 and CD36."
DOI_10.1038_s41586_026_10627_z,Endothelial cells,,human,false,VWF,explicit,Results: Mesenchymal cell lineages,"endothelial cells by expression of PECAM1, VWF, PLVAP, ACKR1 and CD36."
DOI_10.1038_s41586_026_10627_z,Endothelial cells,,human,false,PLVAP,explicit,Results: Mesenchymal cell lineages,"endothelial cells by expression of PECAM1, VWF, PLVAP, ACKR1 and CD36."
DOI_10.1038_s41586_026_10627_z,Endothelial cells,,human,false,ACKR1,explicit,Results: Mesenchymal cell lineages,"endothelial cells by expression of PECAM1, VWF, PLVAP, ACKR1 and CD36."
DOI_10.1038_s41586_026_10627_z,Endothelial cells,,human,false,CD36,explicit,Results: Mesenchymal cell lineages,"endothelial cells by expression of PECAM1, VWF, PLVAP, ACKR1 and CD36."
DOI_10.1038_s41586_026_10627_z,Myofibroblasts,,human,false,ACTA2,explicit,Results: Mesenchymal cell lineages,"Myofibroblasts were identified by expression of ACTA2 and MYH11, which were then delineated by relative expression of GREM2 and ADGRL3."
DOI_10.1038_s41586_026_10627_z,Myofibroblasts,,human,false,MYH11,explicit,Results: Mesenchymal cell lineages,"Myofibroblasts were identified by expression of ACTA2 and MYH11, which were then delineated by relative expression of GREM2 and ADGRL3."
DOI_10.1038_s41586_026_10627_z,Atypical B cells,,human,false,FCRL2,explicit,Results: B cell lineages,"atypical B cells were identified by their expression of FCRL2, ITGAX and TBX21;"
DOI_10.1038_s41586_026_10627_z,Atypical B cells,,human,false,ITGAX,explicit,Results: B cell lineages,"atypical B cells were identified by their expression of FCRL2, ITGAX and TBX21;"
DOI_10.1038_s41586_026_10627_z,Atypical B cells,,human,false,TBX21,explicit,Results: B cell lineages,"atypical B cells were identified by their expression of FCRL2, ITGAX and TBX21;"
DOI_10.1038_s41586_026_10627_z,Naive B cells,,human,false,IGHD,explicit,Results: B cell lineages,naive B cells by expression of IGHD and FCER2;
DOI_10.1038_s41586_026_10627_z,Naive B cells,,human,false,FCER2,explicit,Results: B cell lineages,naive B cells by expression of IGHD and FCER2;
DOI_10.1038_s41586_026_10627_z,Germinal centre/plasmablast B cells,,human,false,CD19,explicit,Results: B cell lineages,germinal centre/plasmablast B cells by expression of CD19 and TCL1A
DOI_10.1038_s41586_026_10627_z,Germinal centre/plasmablast B cells,,human,false,TCL1A,explicit,Results: B cell lineages,germinal centre/plasmablast B cells by expression of CD19 and TCL1A
DOI_10.1038_s41586_026_10627_z,Memory B cells,,human,false,BANK1,explicit,Results: B cell lineages,memory B cells by expression of BANK1 and FCRL2.
DOI_10.1038_s41586_026_10627_z,Memory B cells,,human,false,FCRL2,explicit,Results: B cell lineages,memory B cells by expression of BANK1 and FCRL2.
DOI_10.1038_s41586_026_10627_z,Memory B cells,,human,false,CD27,explicit,Results: B cell lineages,"The several clusters of memory B cells were also distinguished by the relative expression of marker genes; CD27, HIVEP3, PTPRJ, PDE4D and TEX9."
DOI_10.1038_s41586_026_10627_z,Memory B cells,,human,false,HIVEP3,explicit,Results: B cell lineages,"The several clusters of memory B cells were also distinguished by the relative expression of marker genes; CD27, HIVEP3, PTPRJ, PDE4D and TEX9."
DOI_10.1038_s41586_026_10627_z,Memory B cells,,human,false,PTPRJ,explicit,Results: B cell lineages,"The several clusters of memory B cells were also distinguished by the relative expression of marker genes; CD27, HIVEP3, PTPRJ, PDE4D and TEX9."
DOI_10.1038_s41586_026_10627_z,Memory B cells,,human,false,PDE4D,explicit,Results: B cell lineages,"The several clusters of memory B cells were also distinguished by the relative expression of marker genes; CD27, HIVEP3, PTPRJ, PDE4D and TEX9."
DOI_10.1038_s41586_026_10627_z,Memory B cells,,human,false,TEX9,explicit,Results: B cell lineages,"The several clusters of memory B cells were also distinguished by the relative expression of marker genes; CD27, HIVEP3, PTPRJ, PDE4D and TEX9."
DOI_10.1038_s41586_026_10627_z,Monocytes,,human,false,S100A8,explicit,Results: Myeloid cell lineages,Monocytes were defined by high expression of S100A8 and S100A9
DOI_10.1038_s41586_026_10627_z,Monocytes,,human,false,S100A9,explicit,Results: Myeloid cell lineages,Monocytes were defined by high expression of S100A8 and S100A9
DOI_10.1038_s41586_026_10627_z,Monocytes,Blood monocytes,human,false,CD14,explicit,Results: Myeloid cell lineages,Blood monocytes were distinguished by expression of CD14 and FCGR3A
DOI_10.1038_s41586_026_10627_z,Monocytes,Blood monocytes,human,false,FCGR3A,explicit,Results: Myeloid cell lineages,Blood monocytes were distinguished by expression of CD14 and FCGR3A
DOI_10.1038_s41586_026_10627_z,Monocytes,Tissue monocytes,human,false,SOD2,explicit,Results: Myeloid cell lineages,"tissue monocytes by expression of SOD2, CXCL9 and CXCL10."
DOI_10.1038_s41586_026_10627_z,Monocytes,Tissue monocytes,human,false,CXCL9,explicit,Results: Myeloid cell lineages,"tissue monocytes by expression of SOD2, CXCL9 and CXCL10."
DOI_10.1038_s41586_026_10627_z,Monocytes,Tissue monocytes,human,false,CXCL10,explicit,Results: Myeloid cell lineages,"tissue monocytes by expression of SOD2, CXCL9 and CXCL10."
DOI_10.1038_s41586_026_10627_z,Macrophages,,human,false,ITGA4,explicit,Results: Myeloid cell lineages,"Macrophages were predominantly identified in the terminal ileum and rectum and were identified by high expression of ITGA4, CSF1R and MAF."
DOI_10.1038_s41586_026_10627_z,Macrophages,,human,false,CSF1R,explicit,Results: Myeloid cell lineages,"Macrophages were predominantly identified in the terminal ileum and rectum and were identified by high expression of ITGA4, CSF1R and MAF."
DOI_10.1038_s41586_026_10627_z,Macrophages,,human,false,MAF,explicit,Results: Myeloid cell lineages,"Macrophages were predominantly identified in the terminal ileum and rectum and were identified by high expression of ITGA4, CSF1R and MAF."
DOI_10.1038_s41586_026_10627_z,Macrophages,,human,false,C1QA,explicit,Results: Myeloid cell lineages,"Macrophage subpopulations could thereafter be distinguished by relative expression of C1QA/B/C, CD163, MRC1, SELENOP and HLA-DRA."
DOI_10.1038_s41586_026_10627_z,Macrophages,,human,false,C1QB,explicit,Results: Myeloid cell lineages,"Macrophage subpopulations could thereafter be distinguished by relative expression of C1QA/B/C, CD163, MRC1, SELENOP and HLA-DRA."
DOI_10.1038_s41586_026_10627_z,Macrophages,,human,false,C1QC,explicit,Results: Myeloid cell lineages,"Macrophage subpopulations could thereafter be distinguished by relative expression of C1QA/B/C, CD163, MRC1, SELENOP and HLA-DRA."
DOI_10.1038_s41586_026_10627_z,Macrophages,,human,false,CD163,explicit,Results: Myeloid cell lineages,"Macrophage subpopulations could thereafter be distinguished by relative expression of C1QA/B/C, CD163, MRC1, SELENOP and HLA-DRA."
DOI_10.1038_s41586_026_10627_z,Macrophages,,human,false,MRC1,explicit,Results: Myeloid cell lineages,"Macrophage subpopulations could thereafter be distinguished by relative expression of C1QA/B/C, CD163, MRC1, SELENOP and HLA-DRA."
DOI_10.1038_s41586_026_10627_z,Macrophages,,human,false,SELENOP,explicit,Results: Myeloid cell lineages,"Macrophage subpopulations could thereafter be distinguished by relative expression of C1QA/B/C, CD163, MRC1, SELENOP and HLA-DRA."
DOI_10.1038_s41586_026_10627_z,Macrophages,,human,false,HLA-DRA,explicit,Results: Myeloid cell lineages,"Macrophage subpopulations could thereafter be distinguished by relative expression of C1QA/B/C, CD163, MRC1, SELENOP and HLA-DRA."
DOI_10.1038_s41586_026_10627_z,cDC1,,human,false,CLEC9A,explicit,Results: Myeloid cell lineages,"cDC1s were identifiable from expression of CLEC9A and XCR1,"
DOI_10.1038_s41586_026_10627_z,cDC1,,human,false,XCR1,explicit,Results: Myeloid cell lineages,"cDC1s were identifiable from expression of CLEC9A and XCR1,"
DOI_10.1038_s41586_026_10627_z,cDC2,,human,false,CLEC10A,explicit,Results: Myeloid cell lineages,"cDC2s were identified by expression of CLEC10A,"
DOI_10.1038_s41586_026_10627_z,pDC,,human,false,IL3RA,explicit,Results: Myeloid cell lineages,pDCs identified by IL3RA.
DOI_10.1038_s41586_026_10627_z,T cells,,human,false,CD3D,explicit,Results: T cell and ILC lineages,"T cells were defined by expression of CD3D, CD3E, CD3G, TRAC, TRBC1 and CD96"
DOI_10.1038_s41586_026_10627_z,T cells,,human,false,CD3E,explicit,Results: T cell and ILC lineages,"T cells were defined by expression of CD3D, CD3E, CD3G, TRAC, TRBC1 and CD96"
DOI_10.1038_s41586_026_10627_z,T cells,,human,false,CD3G,explicit,Results: T cell and ILC lineages,"T cells were defined by expression of CD3D, CD3E, CD3G, TRAC, TRBC1 and CD96"
DOI_10.1038_s41586_026_10627_z,T cells,,human,false,TRAC,explicit,Results: T cell and ILC lineages,"T cells were defined by expression of CD3D, CD3E, CD3G, TRAC, TRBC1 and CD96"
DOI_10.1038_s41586_026_10627_z,T cells,,human,false,TRBC1,explicit,Results: T cell and ILC lineages,"T cells were defined by expression of CD3D, CD3E, CD3G, TRAC, TRBC1 and CD96"
DOI_10.1038_s41586_026_10627_z,T cells,,human,false,CD96,explicit,Results: T cell and ILC lineages,"T cells were defined by expression of CD3D, CD3E, CD3G, TRAC, TRBC1 and CD96"
DOI_10.1038_s41586_026_10627_z,T cells,Naive,human,false,SELL,explicit,Results: T cell and ILC lineages,Naive subsets were identified by high expression of SELL;
DOI_10.1038_s41586_026_10627_z,γδ T cells,,human,false,TRGC2,explicit,Results: T cell and ILC lineages,γδ (GD) by expression of TRGC2 and TRDC
DOI_10.1038_s41586_026_10627_z,γδ T cells,,human,false,TRDC,explicit,Results: T cell and ILC lineages,γδ (GD) by expression of TRGC2 and TRDC
DOI_10.1038_s41586_026_10627_z,Treg cells,,human,false,FOXP3,explicit,Results: T cell and ILC lineages,Treg cells by expression of FOXP3 and CTLA4;
DOI_10.1038_s41586_026_10627_z,Treg cells,,human,false,CTLA4,explicit,Results: T cell and ILC lineages,Treg cells by expression of FOXP3 and CTLA4;
DOI_10.1038_s41586_026_10627_z,Effector memory T cells,,human,false,TIGIT,explicit,Results: T cell and ILC lineages,Effector memory subsets divided by expression of TIGIT and THEMIS;
DOI_10.1038_s41586_026_10627_z,Effector memory T cells,,human,false,THEMIS,explicit,Results: T cell and ILC lineages,Effector memory subsets divided by expression of TIGIT and THEMIS;
DOI_10.1038_s41586_026_10627_z,Tissue resident memory T cells,,human,false,TRGC2,explicit,Results: T cell and ILC lineages,tissue resident memory with high expression of TRGC2.
DOI_10.1038_s41586_026_10627_z,NK1 cells,,human,false,CX3CR1,explicit,Results: T cell and ILC lineages,"NK1 cells were identified by expression of CX3CR1 and FCGR3A,"
DOI_10.1038_s41586_026_10627_z,NK1 cells,,human,false,FCGR3A,explicit,Results: T cell and ILC lineages,"NK1 cells were identified by expression of CX3CR1 and FCGR3A,"
DOI_10.1038_s41586_026_10627_z,NK2 cells,,human,false,XCL1,explicit,Results: T cell and ILC lineages,"NK2 cells by XCL1, XCL2 and CD44."
DOI_10.1038_s41586_026_10627_z,NK2 cells,,human,false,XCL2,explicit,Results: T cell and ILC lineages,"NK2 cells by XCL1, XCL2 and CD44."
DOI_10.1038_s41586_026_10627_z,NK2 cells,,human,false,CD44,explicit,Results: T cell and ILC lineages,"NK2 cells by XCL1, XCL2 and CD44."
DOI_10.1038_s41586_026_10627_z,ILCs,,human,false,IL1R1,explicit,Results: T cell and ILC lineages,"ILCs were identified by expression of IL1R1, ALDOC, LST1 and RORC."
DOI_10.1038_s41586_026_10627_z,ILCs,,human,false,ALDOC,explicit,Results: T cell and ILC lineages,"ILCs were identified by expression of IL1R1, ALDOC, LST1 and RORC."
DOI_10.1038_s41586_026_10627_z,ILCs,,human,false,LST1,explicit,Results: T cell and ILC lineages,"ILCs were identified by expression of IL1R1, ALDOC, LST1 and RORC."
DOI_10.1038_s41586_026_10627_z,ILCs,,human,false,RORC,explicit,Results: T cell and ILC lineages,"ILCs were identified by expression of IL1R1, ALDOC, LST1 and RORC."
DOI_10.1038_s41588_022_01243_4,chondrocytes,,human,false,ACAN,explicit,Results,"transcriptionally defined chondrocytes in human lungs (ACAN, CHAD, COL9A3, HAPLN1 and CYTL1; Extended Data Fig. 1d,e)"
DOI_10.1038_s41588_022_01243_4,chondrocytes,,human,false,CHAD,explicit,Results,"transcriptionally defined chondrocytes in human lungs (ACAN, CHAD, COL9A3, HAPLN1 and CYTL1; Extended Data Fig. 1d,e)"
DOI_10.1038_s41588_022_01243_4,chondrocytes,,human,false,COL9A3,explicit,Results,"transcriptionally defined chondrocytes in human lungs (ACAN, CHAD, COL9A3, HAPLN1 and CYTL1; Extended Data Fig. 1d,e)"
DOI_10.1038_s41588_022_01243_4,chondrocytes,,human,false,HAPLN1,explicit,Results,"transcriptionally defined chondrocytes in human lungs (ACAN, CHAD, COL9A3, HAPLN1 and CYTL1; Extended Data Fig. 1d,e)"
DOI_10.1038_s41588_022_01243_4,chondrocytes,,human,false,CYTL1,explicit,Results,"transcriptionally defined chondrocytes in human lungs (ACAN, CHAD, COL9A3, HAPLN1 and CYTL1; Extended Data Fig. 1d,e)"
DOI_10.1038_s41588_022_01243_4,myelinating Schwann cells,,human,true,NFASC,explicit,Results (Airway peripheral nerves),"myelinating Schwann cells (mSchwann) (NFASC, NCMAP, MBP and PRX)"
DOI_10.1038_s41588_022_01243_4,myelinating Schwann cells,,human,true,NCMAP,explicit,Results (Airway peripheral nerves),"myelinating Schwann cells (mSchwann) (NFASC, NCMAP, MBP and PRX)"
DOI_10.1038_s41588_022_01243_4,myelinating Schwann cells,,human,true,MBP,explicit,Results (Airway peripheral nerves),"myelinating Schwann cells (mSchwann) (NFASC, NCMAP, MBP and PRX)"
DOI_10.1038_s41588_022_01243_4,myelinating Schwann cells,,human,true,PRX,explicit,Results (Airway peripheral nerves),"myelinating Schwann cells (mSchwann) (NFASC, NCMAP, MBP and PRX)"
DOI_10.1038_s41588_022_01243_4,nonmyelinating Schwann cells,,human,true,NGFR,explicit,Results (Airway peripheral nerves),"nonmyelinating Schwann cells (nmSchwann) (NGFR, SCN7A, CHD2, L1CAM and NCAM1)"
DOI_10.1038_s41588_022_01243_4,nonmyelinating Schwann cells,,human,true,SCN7A,explicit,Results (Airway peripheral nerves),"nonmyelinating Schwann cells (nmSchwann) (NGFR, SCN7A, CHD2, L1CAM and NCAM1)"
DOI_10.1038_s41588_022_01243_4,nonmyelinating Schwann cells,,human,true,CHD2,explicit,Results (Airway peripheral nerves),"nonmyelinating Schwann cells (nmSchwann) (NGFR, SCN7A, CHD2, L1CAM and NCAM1)"
DOI_10.1038_s41588_022_01243_4,nonmyelinating Schwann cells,,human,true,L1CAM,explicit,Results (Airway peripheral nerves),"nonmyelinating Schwann cells (nmSchwann) (NGFR, SCN7A, CHD2, L1CAM and NCAM1)"
DOI_10.1038_s41588_022_01243_4,nonmyelinating Schwann cells,,human,true,NCAM1,explicit,Results (Airway peripheral nerves),"nonmyelinating Schwann cells (nmSchwann) (NGFR, SCN7A, CHD2, L1CAM and NCAM1)"
DOI_10.1038_s41588_022_01243_4,endoneurial nerve-associated fibroblasts,,human,false,SOX9,explicit,Results (Airway peripheral nerves),endoneurial nerve-associated fibroblasts (NAF) (SOX9 and OSR2)
DOI_10.1038_s41588_022_01243_4,endoneurial nerve-associated fibroblasts,,human,false,OSR2,explicit,Results (Airway peripheral nerves),endoneurial nerve-associated fibroblasts (NAF) (SOX9 and OSR2)
DOI_10.1038_s41588_022_01243_4,perineurial nerve-associated fibroblasts,,human,false,SLC2A1,explicit,Results (Airway peripheral nerves),perineurial NAF (SLC2A1 and ITGA6)
DOI_10.1038_s41588_022_01243_4,perineurial nerve-associated fibroblasts,,human,false,ITGA6,explicit,Results (Airway peripheral nerves),perineurial NAF (SLC2A1 and ITGA6)
DOI_10.1038_s41588_022_01243_4,immune recruiting fibroblasts,,human,false,CCL19,explicit,Results (Fibroblasts),IR-fibro cells expressed the chemokines CCL19 and CCL21 and other marker genes of fibroblast reticular cells and follicular dendritic cells (fDC)
DOI_10.1038_s41588_022_01243_4,immune recruiting fibroblasts,,human,false,CCL21,explicit,Results (Fibroblasts),IR-fibro cells expressed the chemokines CCL19 and CCL21 and other marker genes of fibroblast reticular cells and follicular dendritic cells (fDC)
DOI_10.1038_s41588_022_01243_4,immune recruiting fibroblasts,,human,false,CXCL12,explicit,Fig. 2c,Dot plot of IR-fibro marker genes that overlap with Fibroblast reticular cell and fDC markers.
DOI_10.1038_s41588_022_01243_4,immune recruiting fibroblasts,,human,false,CXCL13,explicit,Fig. 2c,Dot plot of IR-fibro marker genes that overlap with Fibroblast reticular cell and fDC markers.
DOI_10.1038_s41588_022_01243_4,immune recruiting fibroblasts,,human,false,GREM1,explicit,Fig. 2c,Dot plot of IR-fibro marker genes that overlap with Fibroblast reticular cell and fDC markers.
DOI_10.1038_s41588_022_01243_4,immune recruiting fibroblasts,,human,false,FDCSP,explicit,Fig. 2c,Dot plot of IR-fibro marker genes that overlap with Fibroblast reticular cell and fDC markers.
DOI_10.1038_s41588_022_01243_4,peribronchial fibroblasts,,human,false,COL15A1,explicit,Results (Fibroblasts),"We uncover the transcriptome for human PB-fibro, consistent with the key protein markers COL15A1 and ENTPD1"
DOI_10.1038_s41588_022_01243_4,peribronchial fibroblasts,,human,false,ENTPD1,explicit,Results (Fibroblasts),"We uncover the transcriptome for human PB-fibro, consistent with the key protein markers COL15A1 and ENTPD1"
DOI_10.1038_s41588_022_01243_4,perichondrial fibroblasts,,human,false,COL12A1,explicit,Results (Fibroblasts),"We found analogous marker expression of COL12A1 around the cartilage in the Human Protein Atlas (HPA) (Extended Data Fig. 4f), supporting cell2location mapping of PC-fibro"
DOI_10.1038_s41588_022_01243_4,immune recruiting perivascular cells,,human,false,ABCC9,implied,Results (Vascular cell types),"The IR-Ven-Peri expressed ABCC9 and ICAM1 but not CSPG4, similar to postcapillary venous perivascular cells important for immune cell homing to peripheral lymph nodes"
DOI_10.1038_s41588_022_01243_4,immune recruiting perivascular cells,,human,false,ICAM1,implied,Results (Vascular cell types),"The IR-Ven-Peri expressed ABCC9 and ICAM1 but not CSPG4, similar to postcapillary venous perivascular cells important for immune cell homing to peripheral lymph nodes"
DOI_10.1038_s41588_022_01243_4,venous endothelial cells,,human,false,ACKR1,implied,Results (Vascular cell types),colocalized with a venous endothelial vessel (ACKR1+)
DOI_10.1038_s41588_022_01243_4,myoepithelial cells,,human,false,TP63,explicit,"Results, Identification of duct cells in airway SMG","expressing basal epithelium (TP63 and KRT14) and muscle (ACTA2, TAGLN and CNN1 positive, but DES negative) markers"
DOI_10.1038_s41588_022_01243_4,myoepithelial cells,,human,false,KRT14,explicit,"Results, Identification of duct cells in airway SMG","expressing basal epithelium (TP63 and KRT14) and muscle (ACTA2, TAGLN and CNN1 positive, but DES negative) markers"
DOI_10.1038_s41588_022_01243_4,myoepithelial cells,,human,false,ACTA2,explicit,"Results, Identification of duct cells in airway SMG","expressing basal epithelium (TP63 and KRT14) and muscle (ACTA2, TAGLN and CNN1 positive, but DES negative) markers"
DOI_10.1038_s41588_022_01243_4,myoepithelial cells,,human,false,TAGLN,explicit,"Results, Identification of duct cells in airway SMG","expressing basal epithelium (TP63 and KRT14) and muscle (ACTA2, TAGLN and CNN1 positive, but DES negative) markers"
DOI_10.1038_s41588_022_01243_4,myoepithelial cells,,human,false,CNN1,explicit,"Results, Identification of duct cells in airway SMG","expressing basal epithelium (TP63 and KRT14) and muscle (ACTA2, TAGLN and CNN1 positive, but DES negative) markers"
DOI_10.1038_s41588_022_01243_4,myoepithelial cells,,human,false,FHOD3,explicit,"Results, Identification of duct cells in airway SMG",We identified markers for cell–cell adhesion (FHOD3 and LAMA1) and nerve synapse signaling (NTRK2 and PLD5) and validated marker genes by smFISH
DOI_10.1038_s41588_022_01243_4,myoepithelial cells,,human,false,LAMA1,explicit,"Results, Identification of duct cells in airway SMG",We identified markers for cell–cell adhesion (FHOD3 and LAMA1) and nerve synapse signaling (NTRK2 and PLD5) and validated marker genes by smFISH
DOI_10.1038_s41588_022_01243_4,myoepithelial cells,,human,false,NTRK2,explicit,"Results, Identification of duct cells in airway SMG",We identified markers for cell–cell adhesion (FHOD3 and LAMA1) and nerve synapse signaling (NTRK2 and PLD5) and validated marker genes by smFISH
DOI_10.1038_s41588_022_01243_4,myoepithelial cells,,human,false,PLD5,explicit,"Results, Identification of duct cells in airway SMG",We identified markers for cell–cell adhesion (FHOD3 and LAMA1) and nerve synapse signaling (NTRK2 and PLD5) and validated marker genes by smFISH
DOI_10.1038_s41588_022_01243_4,SMG duct cells,,human,false,ALDH1A3,explicit,"Results, Identification of duct cells in airway SMG","smFISH staining for ALDH1A3, MIA and RARRES1 validated localization at the SMG and distinguished these cells from other epithelial cells"
DOI_10.1038_s41588_022_01243_4,SMG duct cells,,human,false,MIA,explicit,"Results, Identification of duct cells in airway SMG","smFISH staining for ALDH1A3, MIA and RARRES1 validated localization at the SMG and distinguished these cells from other epithelial cells"
DOI_10.1038_s41588_022_01243_4,SMG duct cells,,human,false,RARRES1,explicit,"Results, Identification of duct cells in airway SMG","smFISH staining for ALDH1A3, MIA and RARRES1 validated localization at the SMG and distinguished these cells from other epithelial cells"
DOI_10.1038_s41588_022_01243_4,SMG mucous cells,,human,false,MUC5B,explicit,Fig.4b legend,"smFISH staining of mucous (MUC5B), serous (LPO) and duct (ALDH1A3/RARRES1) cells in human bronchus."
DOI_10.1038_s41588_022_01243_4,SMG serous cells,,human,false,LPO,explicit,Fig.4b legend,"smFISH staining of mucous (MUC5B), serous (LPO) and duct (ALDH1A3/RARRES1) cells in human bronchus."
DOI_10.1038_s41588_022_01243_4,IR-Ven-Peri,,human,false,CCL21,explicit,Fig.3g legend,IR-Ven-Peri markers CCL21 and CCL19 localize adjacent to the venous vessel marker ACKR1 in the airway.
DOI_10.1038_s41588_022_01243_4,IR-Ven-Peri,,human,false,CCL19,explicit,Fig.3g legend,IR-Ven-Peri markers CCL21 and CCL19 localize adjacent to the venous vessel marker ACKR1 in the airway.
DOI_10.1038_s41588_022_01243_4,Macro-intravascular,,human,false,LYVE1,explicit,"Results, Immune cells in the lung and airways",including intravascular (expressing LYVE1 and MAF)
DOI_10.1038_s41588_022_01243_4,Macro-intravascular,,human,false,MAF,explicit,"Results, Immune cells in the lung and airways",including intravascular (expressing LYVE1 and MAF)
DOI_10.1038_s41588_022_01243_4,Macro-CHIT1,,human,false,CHIT1,explicit,"Results, Immune cells in the lung and airways",CHIT1+
DOI_10.1038_s41588_022_01243_4,Macro-intermediate,,human,false,CD14,explicit,"Results, Immune cells in the lung and airways",expressing monocyte (CD14) and macrophage markers
DOI_10.1038_s41588_022_01243_4,Macro-alv-MT,,human,false,MT1G,explicit,"Results, Immune cells in the lung and airways","a cluster expressing metallothioneins (Macro-alv-MT), including MT1G, MT1X and MT1F"
DOI_10.1038_s41588_022_01243_4,Macro-alv-MT,,human,false,MT1X,explicit,"Results, Immune cells in the lung and airways","a cluster expressing metallothioneins (Macro-alv-MT), including MT1G, MT1X and MT1F"
DOI_10.1038_s41588_022_01243_4,Macro-alv-MT,,human,false,MT1F,explicit,"Results, Immune cells in the lung and airways","a cluster expressing metallothioneins (Macro-alv-MT), including MT1G, MT1X and MT1F"
DOI_10.1038_s41588_022_01243_4,Macro-CCL,,human,false,CXCL8,explicit,"Results, Immune cells in the lung and airways","a rare undescribed population of macrophages expressing chemokines, including CXCL8, CCL4 and CCL20, which we named Macro-CCL"
DOI_10.1038_s41588_022_01243_4,Macro-CCL,,human,false,CCL4,explicit,"Results, Immune cells in the lung and airways","a rare undescribed population of macrophages expressing chemokines, including CXCL8, CCL4 and CCL20, which we named Macro-CCL"
DOI_10.1038_s41588_022_01243_4,Macro-CCL,,human,false,CCL20,explicit,"Results, Immune cells in the lung and airways","a rare undescribed population of macrophages expressing chemokines, including CXCL8, CCL4 and CCL20, which we named Macro-CCL"
DOI_10.1038_s41588_022_01243_4,MAIT,,human,false,TRAJ33,explicit,"Results, Immune cells in the lung and airways",TCR VDJ-seq data confirmed MAIT cell type annotation (with preferential use of TRAJ33 and TRAV1-2)
DOI_10.1038_s41588_022_01243_4,MAIT,,human,false,TRAV1-2,explicit,"Results, Immune cells in the lung and airways",TCR VDJ-seq data confirmed MAIT cell type annotation (with preferential use of TRAJ33 and TRAV1-2)
DOI_10.1038_s41588_022_01243_4,IgA plasma cells,,human,false,CCR10,explicit,"Results, Immune cells in the lung and airways",Distinguishing markers for IgA plasma cells included CCR10 and B cell maturation antigen BCMA (TNFRSF17)
DOI_10.1038_s41588_022_01243_4,IgA plasma cells,,human,false,TNFRSF17,explicit,"Results, Immune cells in the lung and airways",Distinguishing markers for IgA plasma cells included CCR10 and B cell maturation antigen BCMA (TNFRSF17)
DOI_10.1038_s41588_022_01243_4,myelinating Schwann cell,,human,true,MLIP,explicit,Extended Data Fig. 5j,"RNAscope staining for myelinating (MLIP) and non-myelinating (SCN7A, SOX10) Schwann cell and perineurial (SLC2A1) NAF specific genes in bronchial nerves."
DOI_10.1038_s41588_022_01243_4,non-myelinating Schwann cell,,human,true,SCN7A,explicit,Extended Data Fig. 5j,"RNAscope staining for myelinating (MLIP) and non-myelinating (SCN7A, SOX10) Schwann cell and perineurial (SLC2A1) NAF specific genes in bronchial nerves."
DOI_10.1038_s41588_022_01243_4,non-myelinating Schwann cell,,human,true,SOX10,explicit,Extended Data Fig. 5j,"RNAscope staining for myelinating (MLIP) and non-myelinating (SCN7A, SOX10) Schwann cell and perineurial (SLC2A1) NAF specific genes in bronchial nerves."
DOI_10.1038_s41588_022_01243_4,non-myelinating Schwann cell,,human,true,CADM,explicit,Extended Data Fig. 5g,"HPA antibody staining of (g) non-myelinating Schwann cell markers (CADM, GRIK2, NCAM1, ITGB4 and L1CAM)"
DOI_10.1038_s41588_022_01243_4,non-myelinating Schwann cell,,human,true,GRIK2,explicit,Extended Data Fig. 5g,"HPA antibody staining of (g) non-myelinating Schwann cell markers (CADM, GRIK2, NCAM1, ITGB4 and L1CAM)"
DOI_10.1038_s41588_022_01243_4,non-myelinating Schwann cell,,human,true,NCAM1,explicit,Extended Data Fig. 5g,"HPA antibody staining of (g) non-myelinating Schwann cell markers (CADM, GRIK2, NCAM1, ITGB4 and L1CAM)"
DOI_10.1038_s41588_022_01243_4,non-myelinating Schwann cell,,human,true,ITGB4,explicit,Extended Data Fig. 5g,"HPA antibody staining of (g) non-myelinating Schwann cell markers (CADM, GRIK2, NCAM1, ITGB4 and L1CAM)"
DOI_10.1038_s41588_022_01243_4,non-myelinating Schwann cell,,human,true,L1CAM,explicit,Extended Data Fig. 5g,"HPA antibody staining of (g) non-myelinating Schwann cell markers (CADM, GRIK2, NCAM1, ITGB4 and L1CAM)"
DOI_10.1038_s41588_022_01243_4,NAF,endoneurial,human,false,USP54,explicit,Extended Data Fig. 5h,HPA antibody staining of (h) endoneurial NAF marker (USP54)
DOI_10.1038_s41588_022_01243_4,NAF,perineurial,human,false,SLC2A1,explicit,Extended Data Fig. 5j,"RNAscope staining for myelinating (MLIP) and non-myelinating (SCN7A, SOX10) Schwann cell and perineurial (SLC2A1) NAF specific genes in bronchial nerves."
DOI_10.1038_s41588_022_01243_4,NAF,perineurial,human,false,SLC22A3,explicit,Extended Data Fig. 5i,HPA antibody staining of (i) perineurial NAF markers (SLC22A3 and SORBS1) within the nerve bundles in human bronchus.
DOI_10.1038_s41588_022_01243_4,NAF,perineurial,human,false,SORBS1,explicit,Extended Data Fig. 5i,HPA antibody staining of (i) perineurial NAF markers (SLC22A3 and SORBS1) within the nerve bundles in human bronchus.
DOI_10.1038_s41588_022_01243_4,secretory goblet/club,,human,false,SCGB1A1,explicit,Extended Data Fig. 7 legend (panel e),"smFISH staining of secretory goblet/club (SCGB1A1), ciliated (FOXJ1) and duct (ALDH1A3/RARRES1) in human bronchus section."
DOI_10.1038_s41588_022_01243_4,ciliated,,human,false,FOXJ1,explicit,Extended Data Fig. 7 legend (panel e),"smFISH staining of secretory goblet/club (SCGB1A1), ciliated (FOXJ1) and duct (ALDH1A3/RARRES1) in human bronchus section."
DOI_10.1038_s41588_022_01243_4,duct,,human,false,ALDH1A3,explicit,"Extended Data Fig. 7 legend (panel e, i)",smFISH staining of ... duct (ALDH1A3/RARRES1) in human bronchus section; smFISH staining for ... duct (ALDH1A3) ...
DOI_10.1038_s41588_022_01243_4,duct,,human,false,RARRES1,explicit,Extended Data Fig. 7 legend (panel e),smFISH staining of ... duct (ALDH1A3/RARRES1) in human bronchus section.
DOI_10.1038_s41588_022_01243_4,muscle,,human,false,TAGLN,explicit,Extended Data Fig. 7 legend (panel i),"smFISH staining for muscle (TAGLN), basal epithelia (KRT14), duct (ALDH1A3) and myoepithelium (FHOD3) in human bronchi sections."
DOI_10.1038_s41588_022_01243_4,basal epithelia,,human,false,KRT14,explicit,Extended Data Fig. 7 legend (panel i),"smFISH staining for muscle (TAGLN), basal epithelia (KRT14), duct (ALDH1A3) and myoepithelium (FHOD3) in human bronchi sections."
DOI_10.1038_s41588_022_01243_4,myoepithelium,,human,false,FHOD3,explicit,Extended Data Fig. 7 legend (panel i),"smFISH staining for muscle (TAGLN), basal epithelia (KRT14), duct (ALDH1A3) and myoepithelium (FHOD3) in human bronchi sections."
DOI_10.1038_s41588_024_01702_0,Secretory—SCGB1A1+/SCGB3A2+,,human,false,SCGB1A1,implied,Fig. 3,Cell type name in Fig. 3: Secretory—SCGB1A1+/SCGB3A2+
DOI_10.1038_s41588_024_01702_0,Secretory—SCGB1A1+/SCGB3A2+,,human,false,SCGB3A2,implied,Fig. 3,Cell type name in Fig. 3: Secretory—SCGB1A1+/SCGB3A2+
DOI_10.1038_s41588_024_01702_0,Secretory—SCGB1A1+/MUC5B+,,human,false,SCGB1A1,implied,Fig. 3,Cell type name in Fig. 3: Secretory—SCGB1A1+/MUC5B+
DOI_10.1038_s41588_024_01702_0,Secretory—SCGB1A1+/MUC5B+,,human,false,MUC5B,implied,Fig. 3,Cell type name in Fig. 3: Secretory—SCGB1A1+/MUC5B+
DOI_10.1038_s41588_024_01702_0,Secretory—SCGB3A2+,,human,false,SCGB3A2,implied,Fig. 3,Cell type name in Fig. 3: Secretory—SCGB3A2+
DOI_10.1038_s41588_024_01702_0,KRT5−/KRT17+,,human,false,KRT17,implied,Fig. 3,Cell type name in Fig. 3: KRT5−/KRT17+
DOI_10.1038_s41588_024_01702_0,CD4,,human,false,CD4,implied,Fig. 3,Cell type name in Fig. 3: CD4
DOI_10.1038_s41588_024_01702_0,CD8/NKT,,human,false,CD8,implied,Fig. 3,Cell type name in Fig. 3: CD8/NKT
DOI_10.1038_s41588_024_01702_0,Macrophage − SPP1+,,human,false,SPP1,implied,Fig. 2c,Cell type name in Fig. 2c: Macrophage − SPP1+
DOI_10.1038_s41588_024_01702_0,CA4+ capillary,,human,false,CA4,implied,Fig. 2d,Cell type name in Fig. 2d: CA4+ capillary
DOI_10.1038_s41588_024_01702_0,WNT2+ FB,,human,false,WNT2,implied,Fig. 2c,Cell type name in Fig. 2c: WNT2+ FB
DOI_10.1038_s41588_025_02158_6,Schwann cells,,human,true,PLP1,explicit,Fig. 1d,Dotplot showing marker genes for each annotated cell type; PLP1 is a marker for Schwann cells.
DOI_10.1038_s41588_025_02158_6,Schwann cells,,human,true,CDH19,explicit,Fig. 1d,Dotplot showing marker genes for each annotated cell type; CDH19 is a marker for Schwann cells.
DOI_10.1038_s41588_025_02158_6,macrophages,,human,false,CD68,explicit,Fig. 7 legend,"UMAP plots showing cells from monoculture and co-culture with THP-1 macrophages, colored by the normalized expression levels of PHOX2B and CD68 for the CHLA15 cell line."
DOI_10.1038_s41588_025_02158_6,T cells,,human,false,CD247,explicit,Fig. 1d,Dotplot showing marker genes for each annotated cell type; CD247 is a marker for T cells.
DOI_10.1038_s41588_025_02158_6,T cells,,human,false,CD96,explicit,Fig. 1d,Dotplot showing marker genes for each annotated cell type; CD96 is a marker for T cells.
DOI_10.1038_s41588_025_02158_6,B cells,,human,false,PAX5,explicit,Fig. 1d,Dotplot showing marker genes for each annotated cell type; PAX5 is a marker for B cells.
DOI_10.1038_s41588_025_02158_6,B cells,,human,false,MS4A1,explicit,Fig. 1d,Dotplot showing marker genes for each annotated cell type; MS4A1 is a marker for B cells.
DOI_10.1038_s41588_025_02158_6,Neuroblasts,,human,NA,PHOX2B,explicit,Fig. 1d,Dotplot showing marker genes for each annotated cell type; PHOX2B is a marker for Neuroblasts.
DOI_10.1038_s41588_025_02158_6,Neuroblasts,,human,NA,ISL1,explicit,Fig. 1d,Dotplot showing marker genes for each annotated cell type; ISL1 is a marker for Neuroblasts.
DOI_10.1038_s41588_025_02158_6,Adrenal cortex cells,,human,false,CYP11A1,explicit,Fig. 1d,Dotplot showing marker genes for each annotated cell type; CYP11A1 is a marker for Adrenal cortex cells.
DOI_10.1038_s41588_025_02158_6,Adrenal cortex cells,,human,false,CYP11B1,explicit,Fig. 1d,Dotplot showing marker genes for each annotated cell type; CYP11B1 is a marker for Adrenal cortex cells.
DOI_10.1038_s41588_025_02158_6,Kidney cells,,human,false,DCDC2,explicit,Fig. 1d,Dotplot showing marker genes for each annotated cell type; DCDC2 is a marker for Kidney cells.
DOI_10.1038_s41588_025_02158_6,Kidney cells,,human,false,PKHD1,explicit,Fig. 1d,Dotplot showing marker genes for each annotated cell type; PKHD1 is a marker for Kidney cells.
DOI_10.1038_s41588_025_02158_6,Dendritic cells,,human,false,IRF8,explicit,Fig. 1d,Dotplot showing marker genes for each annotated cell type; IRF8 is a marker for Dendritic cells.
DOI_10.1038_s41588_025_02158_6,Dendritic cells,,human,false,FLT3,explicit,Fig. 1d,Dotplot showing marker genes for each annotated cell type; FLT3 is a marker for Dendritic cells.
DOI_10.1038_s41588_025_02158_6,Endothelial cells,,human,false,PECAM1,explicit,Fig. 1d,Dotplot showing marker genes for each annotated cell type; PECAM1 is a marker for Endothelial cells.
DOI_10.1038_s41588_025_02158_6,Endothelial cells,,human,false,PTPRB,explicit,Fig. 1d,Dotplot showing marker genes for each annotated cell type; PTPRB is a marker for Endothelial cells.
DOI_10.1038_s41588_025_02158_6,Fibroblasts,,human,false,PDGFRB,explicit,Fig. 1d,Dotplot showing marker genes for each annotated cell type; PDGFRB is a marker for Fibroblasts.
DOI_10.1038_s41588_025_02158_6,Fibroblasts,,human,false,DCN,explicit,Fig. 1d,Dotplot showing marker genes for each annotated cell type; DCN is a marker for Fibroblasts.
DOI_10.1038_s41588_025_02158_6,Hepatocytes,,human,false,ALB,explicit,Fig. 1d,Dotplot showing marker genes for each annotated cell type; ALB is a marker for Hepatocytes.
DOI_10.1038_s41588_025_02158_6,Macrophages,,human,false,CD163,explicit,Fig. 1d,Dotplot showing marker genes for each annotated cell type; CD163 is a marker for Macrophages.
DOI_10.1038_s41588_025_02158_6,Macrophages,,human,false,CD86,explicit,Fig. 1d,Dotplot showing marker genes for each annotated cell type; CD86 is a marker for Macrophages.
DOI_10.1038_s41588_025_02158_6,neoplastic cell,ADRN-baseline,human,NA,PHOX2B,explicit,Results p.5 (Extended Data Fig. 6c-g),"confirmed that canonical MES and ADRN marker genes, including YAP1 and PHOX2B, were more accessible in their respective states"
DOI_10.1038_s41588_025_02158_6,neoplastic cell,ADRN-baseline,human,NA,PHOX2A,implied,Results p.5 (Extended Data Fig. 7b),"Canonical adrenergic transcription factor motifs (PHOX2A, PHOX2B and GATA3) were differentially accessible specifically in the ADRN-proliferating and ADRN-baseline states."
DOI_10.1038_s41588_025_02158_6,neoplastic cell,ADRN-baseline,human,NA,GATA3,implied,Results p.5 (Extended Data Fig. 7b),"Canonical adrenergic transcription factor motifs (PHOX2A, PHOX2B and GATA3) were differentially accessible specifically in the ADRN-proliferating and ADRN-baseline states."
DOI_10.1038_s41588_025_02158_6,neoplastic cell,ADRN-proliferating,human,NA,PHOX2B,explicit,Results p.5 (Extended Data Fig. 6c-g),"confirmed that canonical MES and ADRN marker genes, including YAP1 and PHOX2B, were more accessible in their respective states"
DOI_10.1038_s41588_025_02158_6,neoplastic cell,ADRN-proliferating,human,NA,PHOX2A,implied,Results p.5 (Extended Data Fig. 7b),"Canonical adrenergic transcription factor motifs (PHOX2A, PHOX2B and GATA3) were differentially accessible specifically in the ADRN-proliferating and ADRN-baseline states."
DOI_10.1038_s41588_025_02158_6,neoplastic cell,ADRN-proliferating,human,NA,GATA3,implied,Results p.5 (Extended Data Fig. 7b),"Canonical adrenergic transcription factor motifs (PHOX2A, PHOX2B and GATA3) were differentially accessible specifically in the ADRN-proliferating and ADRN-baseline states."
DOI_10.1038_s41588_025_02158_6,neoplastic cell,ADRN-proliferating,human,NA,EZH2,implied,"Results p.5 (Fig. 3c, Extended Data Fig. 7d)","expression of many state-specific genes (for example, EZH2, TOP2A and MKI67) was unchanged or increased"
DOI_10.1038_s41588_025_02158_6,neoplastic cell,ADRN-proliferating,human,NA,TOP2A,implied,"Results p.5 (Fig. 3c, Extended Data Fig. 7d)","expression of many state-specific genes (for example, EZH2, TOP2A and MKI67) was unchanged or increased"
DOI_10.1038_s41588_025_02158_6,neoplastic cell,ADRN-proliferating,human,NA,MKI67,implied,"Results p.5 (Fig. 3c, Extended Data Fig. 7d)","expression of many state-specific genes (for example, EZH2, TOP2A and MKI67) was unchanged or increased"
DOI_10.1038_s41588_025_02158_6,neoplastic cell,ADRN-proliferating,human,NA,SMC4,implied,Results p.5 (Extended Data Fig. 6g),identified ADRN-proliferating-specific SMC4 enhancers with MAZ and CTCF motifs
DOI_10.1038_s41588_025_02158_6,neoplastic cell,ADRN-calcium,human,NA,PHOX2B,explicit,Results p.5 (Extended Data Fig. 6c-g),"confirmed that canonical MES and ADRN marker genes, including YAP1 and PHOX2B, were more accessible in their respective states"
DOI_10.1038_s41588_025_02158_6,neoplastic cell,ADRN-dopaminergic,human,NA,PHOX2B,explicit,Results p.5 (Extended Data Fig. 6c-g),"confirmed that canonical MES and ADRN marker genes, including YAP1 and PHOX2B, were more accessible in their respective states"
DOI_10.1038_s41588_025_02158_6,neoplastic cell,MES,human,NA,YAP1,explicit,Results p.5 (Extended Data Fig. 6c-g),"confirmed that canonical MES and ADRN marker genes, including YAP1 and PHOX2B, were more accessible in their respective states"
DOI_10.1038_s41588_025_02158_6,neoplastic cell,MES,human,NA,ETS2,implied,Results p.5 (Extended Data Fig. 7b),"known MES state transcription factor motifs (ETS2, ETV6, ELF1, KLF7 and RUNX1) were most accessible in the MES state"
DOI_10.1038_s41588_025_02158_6,neoplastic cell,MES,human,NA,ETV6,implied,Results p.5 (Extended Data Fig. 7b),"known MES state transcription factor motifs (ETS2, ETV6, ELF1, KLF7 and RUNX1) were most accessible in the MES state"
DOI_10.1038_s41588_025_02158_6,neoplastic cell,MES,human,NA,ELF1,implied,Results p.5 (Extended Data Fig. 7b),"known MES state transcription factor motifs (ETS2, ETV6, ELF1, KLF7 and RUNX1) were most accessible in the MES state"
DOI_10.1038_s41588_025_02158_6,neoplastic cell,MES,human,NA,KLF7,implied,Results p.5 (Extended Data Fig. 7b),"known MES state transcription factor motifs (ETS2, ETV6, ELF1, KLF7 and RUNX1) were most accessible in the MES state"
DOI_10.1038_s41588_025_02158_6,neoplastic cell,MES,human,NA,RUNX1,implied,Results p.5 (Extended Data Fig. 7b),"known MES state transcription factor motifs (ETS2, ETV6, ELF1, KLF7 and RUNX1) were most accessible in the MES state"
DOI_10.1038_s41588_025_02158_6,neoplastic cell,MES,human,NA,NECTIN2,implied,Results p.5 (Extended Data Fig. 7e),NECTIN2 was upregulated in the MES state and associated with multiple enhancers
DOI_10.1038_s41588_025_02158_6,neoplastic cell,MES,human,NA,APOE,implied,Extended Data Fig.6g,"Coverage plots for differentially expressed genes and associated chromatin peaks in each neoplastic cell state: SMC4 (ADRN-Proliferating), APOE (MES), ZIC2 (ADRN-Baseline), KCNQ3 (ADRN-Calcium), DBH (ADRN-Dopaminergic), RPL32 (Interm-OxPhos) loci."
DOI_10.1038_s41588_025_02158_6,Macrophage,Proliferating,human,false,MKI67,explicit,Results p.7 (Fig. 4b),identified a proliferating state (MKI67 and TOP2A)
DOI_10.1038_s41588_025_02158_6,Macrophage,Proliferating,human,false,TOP2A,explicit,Results p.7 (Fig. 4b),identified a proliferating state (MKI67 and TOP2A)
DOI_10.1038_s41588_025_02158_6,Macrophage,IL18+,human,false,IL18,explicit,Results p.7 (Fig. 4b),a pro-inflammatory state (IL18)
DOI_10.1038_s41588_025_02158_6,Macrophage,CCL4+,human,false,CCL4,explicit,Results p.7 (Fig. 4b),two pro-angiogenic states (CCL4 and VCAN)
DOI_10.1038_s41588_025_02158_6,Macrophage,VCAN+,human,false,VCAN,explicit,Results p.7 (Fig. 4b),two pro-angiogenic states (CCL4 and VCAN)
DOI_10.1038_s41588_025_02158_6,Macrophage,C1QC+SPP1+,human,false,C1QC,explicit,Results p.7 (Fig. 4b),an immunosuppressive state (C1QC and SPP1)
DOI_10.1038_s41588_025_02158_6,Macrophage,C1QC+SPP1+,human,false,SPP1,explicit,Results p.7 (Fig. 4b),an immunosuppressive state (C1QC and SPP1)
DOI_10.1038_s41588_025_02158_6,Macrophage,F13A1+,human,false,F13A1,explicit,Results p.7 (Fig. 4b),a tissue-resident state with the highest expression of a phagocytosis gene (F13A1)
DOI_10.1038_s41588_025_02158_6,Macrophage,HS3ST2+,human,false,HS3ST2,explicit,Results p.7 (Fig. 4b),a lipid-associated state (HS3ST2)
DOI_10.1038_s41588_025_02158_6,Macrophage,THY1+,human,false,THY1,explicit,Results p.7 (Fig. 4b),an undefined state expressing THY1
DOI_10.1038_s41588_025_02158_6,Neuroblast,,mouse,NA,Phox2b,inferred,Fig. 5c,"Dotplot showing normalized expression levels of marker genes and the percentages of cells expressing them for each annotated cell type; gene list includes Phox2b, Isl1, Hand2, Peg10, Tubb3, Th, Slc18a2, Agtr2, Atp2a2, Mki67"
DOI_10.1038_s41588_025_02158_6,Neuroblast,,mouse,NA,Isl1,inferred,Fig. 5c,"Dotplot showing normalized expression levels of marker genes and the percentages of cells expressing them for each annotated cell type; gene list includes Phox2b, Isl1, Hand2, Peg10, Tubb3, Th, Slc18a2, Agtr2, Atp2a2, Mki67"
DOI_10.1038_s41588_025_02158_6,Neuroblast,,mouse,NA,Hand2,inferred,Fig. 5c,"Dotplot showing normalized expression levels of marker genes and the percentages of cells expressing them for each annotated cell type; gene list includes Phox2b, Isl1, Hand2, Peg10, Tubb3, Th, Slc18a2, Agtr2, Atp2a2, Mki67"
DOI_10.1038_s41588_025_02158_6,Neuroblast,,mouse,NA,Peg10,inferred,Fig. 5c,"Dotplot showing normalized expression levels of marker genes and the percentages of cells expressing them for each annotated cell type; gene list includes Phox2b, Isl1, Hand2, Peg10, Tubb3, Th, Slc18a2, Agtr2, Atp2a2, Mki67"
DOI_10.1038_s41588_025_02158_6,Neuroblast,,mouse,NA,Tubb3,inferred,Fig. 5c,"Dotplot showing normalized expression levels of marker genes and the percentages of cells expressing them for each annotated cell type; gene list includes Phox2b, Isl1, Hand2, Peg10, Tubb3, Th, Slc18a2, Agtr2, Atp2a2, Mki67"
DOI_10.1038_s41588_025_02158_6,Neuroblast,,mouse,NA,Th,inferred,Fig. 5c,"Dotplot showing normalized expression levels of marker genes and the percentages of cells expressing them for each annotated cell type; gene list includes Phox2b, Isl1, Hand2, Peg10, Tubb3, Th, Slc18a2, Agtr2, Atp2a2, Mki67"
DOI_10.1038_s41588_025_02158_6,Neuroblast,,mouse,NA,Slc18a2,inferred,Fig. 5c,"Dotplot showing normalized expression levels of marker genes and the percentages of cells expressing them for each annotated cell type; gene list includes Phox2b, Isl1, Hand2, Peg10, Tubb3, Th, Slc18a2, Agtr2, Atp2a2, Mki67"
DOI_10.1038_s41588_025_02158_6,Neuroblast,,mouse,NA,Agtr2,inferred,Fig. 5c,"Dotplot showing normalized expression levels of marker genes and the percentages of cells expressing them for each annotated cell type; gene list includes Phox2b, Isl1, Hand2, Peg10, Tubb3, Th, Slc18a2, Agtr2, Atp2a2, Mki67"
DOI_10.1038_s41588_025_02158_6,Neuroblast,,mouse,NA,Atp2a2,inferred,Fig. 5c,"Dotplot showing normalized expression levels of marker genes and the percentages of cells expressing them for each annotated cell type; gene list includes Phox2b, Isl1, Hand2, Peg10, Tubb3, Th, Slc18a2, Agtr2, Atp2a2, Mki67"
DOI_10.1038_s41588_025_02158_6,Neuroblast,,mouse,NA,Mki67,inferred,Fig. 5c,"Dotplot showing normalized expression levels of marker genes and the percentages of cells expressing them for each annotated cell type; gene list includes Phox2b, Isl1, Hand2, Peg10, Tubb3, Th, Slc18a2, Agtr2, Atp2a2, Mki67"
DOI_10.1038_s41588_025_02158_6,Macrophage,,mouse,false,Cd68,inferred,Fig. 5c,"Dotplot showing normalized expression levels of marker genes and the percentages of cells expressing them for each annotated cell type; gene list includes Cd68, Grn, Csf1r"
DOI_10.1038_s41588_025_02158_6,Macrophage,,mouse,false,Grn,inferred,Fig. 5c,"Dotplot showing normalized expression levels of marker genes and the percentages of cells expressing them for each annotated cell type; gene list includes Cd68, Grn, Csf1r"
DOI_10.1038_s41588_025_02158_6,Macrophage,,mouse,false,Csf1r,inferred,Fig. 5c,"Dotplot showing normalized expression levels of marker genes and the percentages of cells expressing them for each annotated cell type; gene list includes Cd68, Grn, Csf1r"
DOI_10.1038_s41588_025_02158_6,Endothelial,,mouse,false,Pecam1,inferred,Fig. 5c,"Dotplot showing normalized expression levels of marker genes and the percentages of cells expressing them for each annotated cell type; gene list includes Pecam1, Cdh5"
DOI_10.1038_s41588_025_02158_6,Endothelial,,mouse,false,Cdh5,inferred,Fig. 5c,"Dotplot showing normalized expression levels of marker genes and the percentages of cells expressing them for each annotated cell type; gene list includes Pecam1, Cdh5"
DOI_10.1038_s41588_025_02158_6,Fibroblast,,mouse,false,Fn1,inferred,Fig. 5c,"Dotplot showing normalized expression levels of marker genes and the percentages of cells expressing them for each annotated cell type; gene list includes Fn1, Pdgfrb, Col1a2"
DOI_10.1038_s41588_025_02158_6,Fibroblast,,mouse,false,Pdgfrb,inferred,Fig. 5c,"Dotplot showing normalized expression levels of marker genes and the percentages of cells expressing them for each annotated cell type; gene list includes Fn1, Pdgfrb, Col1a2"
DOI_10.1038_s41588_025_02158_6,Fibroblast,,mouse,false,Col1a2,inferred,Fig. 5c,"Dotplot showing normalized expression levels of marker genes and the percentages of cells expressing them for each annotated cell type; gene list includes Fn1, Pdgfrb, Col1a2"
DOI_10.1038_s41588_025_02158_6,neoplastic cells,,human,true,PHOX2B,explicit,Fig. 7 legend,"UMAP plots showing cells from monoculture and co-culture with THP-1 macrophages, colored by the normalized expression levels of PHOX2B and CD68 for the CHLA15 cell line."
DOI_10.1038_s41588_025_02158_6,macrophage,immunosuppressive,human,false,A2M,explicit,Extended Data Fig.8c,"Representative signature genes for immunosuppressive (A2M, CD84, HLA-E, SPP1), angiogenic (VCAN, VEGFA, VAV2, CXCR4), phagocytic (MERTK, MRC1) and proinflammatory (IL18, CD80) macrophages."
DOI_10.1038_s41588_025_02158_6,macrophage,immunosuppressive,human,false,CD84,explicit,Extended Data Fig.8c,"Representative signature genes for immunosuppressive (A2M, CD84, HLA-E, SPP1), angiogenic (VCAN, VEGFA, VAV2, CXCR4), phagocytic (MERTK, MRC1) and proinflammatory (IL18, CD80) macrophages."
DOI_10.1038_s41588_025_02158_6,macrophage,immunosuppressive,human,false,HLA-E,explicit,Extended Data Fig.8c,"Representative signature genes for immunosuppressive (A2M, CD84, HLA-E, SPP1), angiogenic (VCAN, VEGFA, VAV2, CXCR4), phagocytic (MERTK, MRC1) and proinflammatory (IL18, CD80) macrophages."
DOI_10.1038_s41588_025_02158_6,macrophage,immunosuppressive,human,false,SPP1,explicit,Extended Data Fig.8c,"Representative signature genes for immunosuppressive (A2M, CD84, HLA-E, SPP1), angiogenic (VCAN, VEGFA, VAV2, CXCR4), phagocytic (MERTK, MRC1) and proinflammatory (IL18, CD80) macrophages."
DOI_10.1038_s41588_025_02158_6,macrophage,angiogenic,human,false,VCAN,explicit,Extended Data Fig.8c,"Representative signature genes for immunosuppressive (A2M, CD84, HLA-E, SPP1), angiogenic (VCAN, VEGFA, VAV2, CXCR4), phagocytic (MERTK, MRC1) and proinflammatory (IL18, CD80) macrophages."
DOI_10.1038_s41588_025_02158_6,macrophage,angiogenic,human,false,VEGFA,explicit,Extended Data Fig.8c,"Representative signature genes for immunosuppressive (A2M, CD84, HLA-E, SPP1), angiogenic (VCAN, VEGFA, VAV2, CXCR4), phagocytic (MERTK, MRC1) and proinflammatory (IL18, CD80) macrophages."
DOI_10.1038_s41588_025_02158_6,macrophage,angiogenic,human,false,VAV2,explicit,Extended Data Fig.8c,"Representative signature genes for immunosuppressive (A2M, CD84, HLA-E, SPP1), angiogenic (VCAN, VEGFA, VAV2, CXCR4), phagocytic (MERTK, MRC1) and proinflammatory (IL18, CD80) macrophages."
DOI_10.1038_s41588_025_02158_6,macrophage,angiogenic,human,false,CXCR4,explicit,Extended Data Fig.8c,"Representative signature genes for immunosuppressive (A2M, CD84, HLA-E, SPP1), angiogenic (VCAN, VEGFA, VAV2, CXCR4), phagocytic (MERTK, MRC1) and proinflammatory (IL18, CD80) macrophages."
DOI_10.1038_s41588_025_02158_6,macrophage,phagocytic,human,false,MERTK,explicit,Extended Data Fig.8c,"Representative signature genes for immunosuppressive (A2M, CD84, HLA-E, SPP1), angiogenic (VCAN, VEGFA, VAV2, CXCR4), phagocytic (MERTK, MRC1) and proinflammatory (IL18, CD80) macrophages."
DOI_10.1038_s41588_025_02158_6,macrophage,phagocytic,human,false,MRC1,explicit,Extended Data Fig.8c,"Representative signature genes for immunosuppressive (A2M, CD84, HLA-E, SPP1), angiogenic (VCAN, VEGFA, VAV2, CXCR4), phagocytic (MERTK, MRC1) and proinflammatory (IL18, CD80) macrophages."
DOI_10.1038_s41588_025_02158_6,macrophage,proinflammatory,human,false,IL18,explicit,Extended Data Fig.8c,"Representative signature genes for immunosuppressive (A2M, CD84, HLA-E, SPP1), angiogenic (VCAN, VEGFA, VAV2, CXCR4), phagocytic (MERTK, MRC1) and proinflammatory (IL18, CD80) macrophages."
DOI_10.1038_s41588_025_02158_6,macrophage,proinflammatory,human,false,CD80,explicit,Extended Data Fig.8c,"Representative signature genes for immunosuppressive (A2M, CD84, HLA-E, SPP1), angiogenic (VCAN, VEGFA, VAV2, CXCR4), phagocytic (MERTK, MRC1) and proinflammatory (IL18, CD80) macrophages."
DOI_10.1038_s41588_025_02158_6,macrophage,THY1+,human,false,THY1,explicit,Extended Data Fig.8d,Proportions of THY1+ and proliferating macrophages in diagnosis and post-therapy samples. Significance was assessed using a one-sided Wilcoxon signed-rank test (n = 22 pairs).
DOI_10.1038_s41588_025_02158_6,macrophage,CD163+CD206hi,human,false,CD163,explicit,Extended Data Fig.10h,"Distance from each neuroblast cell to the nearest CD163+CD206hi macrophage across samples, stratified by neuroblast population."
DOI_10.1038_s41588_025_02158_6,macrophage,CD163+CD206hi,human,false,CD206,explicit,Extended Data Fig.10h,"Distance from each neuroblast cell to the nearest CD163+CD206hi macrophage across samples, stratified by neuroblast population."
DOI_10.1038_s41588_025_02158_6,neoplastic cell,ADRN-Proliferating,human,NA,SMC4,implied,Extended Data Fig.6g,"Coverage plots for differentially expressed genes and associated chromatin peaks in each neoplastic cell state: SMC4 (ADRN-Proliferating), APOE (MES), ZIC2 (ADRN-Baseline), KCNQ3 (ADRN-Calcium), DBH (ADRN-Dopaminergic), RPL32 (Interm-OxPhos) loci."
DOI_10.1038_s41588_025_02158_6,neoplastic cell,ADRN-Baseline,human,NA,ZIC2,implied,Extended Data Fig.6g,"Coverage plots for differentially expressed genes and associated chromatin peaks in each neoplastic cell state: SMC4 (ADRN-Proliferating), APOE (MES), ZIC2 (ADRN-Baseline), KCNQ3 (ADRN-Calcium), DBH (ADRN-Dopaminergic), RPL32 (Interm-OxPhos) loci."
DOI_10.1038_s41588_025_02158_6,neoplastic cell,ADRN-Calcium,human,NA,KCNQ3,implied,Extended Data Fig.6g,"Coverage plots for differentially expressed genes and associated chromatin peaks in each neoplastic cell state: SMC4 (ADRN-Proliferating), APOE (MES), ZIC2 (ADRN-Baseline), KCNQ3 (ADRN-Calcium), DBH (ADRN-Dopaminergic), RPL32 (Interm-OxPhos) loci."
DOI_10.1038_s41588_025_02158_6,neoplastic cell,ADRN-Dopaminergic,human,NA,DBH,implied,Extended Data Fig.6g,"Coverage plots for differentially expressed genes and associated chromatin peaks in each neoplastic cell state: SMC4 (ADRN-Proliferating), APOE (MES), ZIC2 (ADRN-Baseline), KCNQ3 (ADRN-Calcium), DBH (ADRN-Dopaminergic), RPL32 (Interm-OxPhos) loci."
DOI_10.1038_s41588_025_02158_6,neoplastic cell,Interm-OxPhos,human,NA,RPL32,implied,Extended Data Fig.6g,"Coverage plots for differentially expressed genes and associated chromatin peaks in each neoplastic cell state: SMC4 (ADRN-Proliferating), APOE (MES), ZIC2 (ADRN-Baseline), KCNQ3 (ADRN-Calcium), DBH (ADRN-Dopaminergic), RPL32 (Interm-OxPhos) loci."
DOI_10.1038_s41588_025_02158_6,neuroblast,ADRN-like-2,human,NA,ERBB4,explicit,Extended Data Fig.10g,"Comparison of the density of TGFA protein quantified by CODEX between neighbors of ADRN-like-2 (ERBB4hi) neuroblasts and the neighbors of other neuroblasts (top), and between diagnosis and post-therapy samples (bottom)."
DOI_10.1038_s41591_023_02327_2,SPP1+ profibrotic monocyte-derived macrophages,,human,false,SPP1,explicit,Abstract (p.1),"shared cell states across multiple lung diseases, including SPP1+ profibrotic monocyte-derived macrophages in COVID-19, pulmonary fibrosis and lung carcinoma."
DOI_10.1038_s41591_023_02327_2,migratory dendritic cells,,human,false,CCR7,explicit,Results p.1565,"These cell types include migratory dendritic cells31,32 (n=312 cells, expressing CCR7, LAD1 and COL19)"
DOI_10.1038_s41591_023_02327_2,migratory dendritic cells,,human,false,LAD1,explicit,Results p.1565,"These cell types include migratory dendritic cells31,32 (n=312 cells, expressing CCR7, LAD1 and COL19)"
DOI_10.1038_s41591_023_02327_2,migratory dendritic cells,,human,false,COL19,explicit,Results p.1565,"These cell types include migratory dendritic cells31,32 (n=312 cells, expressing CCR7, LAD1 and COL19)"
DOI_10.1038_s41591_023_02327_2,hematopoietic stem cells,,human,false,SPINK2,explicit,Results p.1565,"hematopoietic stem cells (n=60, expressing SPINK2, STMN, PRSS57 and CD34)"
DOI_10.1038_s41591_023_02327_2,hematopoietic stem cells,,human,false,STMN,explicit,Results p.1565,"hematopoietic stem cells (n=60, expressing SPINK2, STMN, PRSS57 and CD34)"
DOI_10.1038_s41591_023_02327_2,hematopoietic stem cells,,human,false,PRSS57,explicit,Results p.1565,"hematopoietic stem cells (n=60, expressing SPINK2, STMN, PRSS57 and CD34)"
DOI_10.1038_s41591_023_02327_2,hematopoietic stem cells,,human,false,CD34,explicit,Results p.1565,"hematopoietic stem cells (n=60, expressing SPINK2, STMN, PRSS57 and CD34)"
DOI_10.1038_s41591_023_02327_2,hillock-like epithelial cells,,human,false,KRT6A,explicit,Results p.1565,"highly proliferative hillock-like epithelial cells not previously reported in adult human lung (n=4,600, expressing KRT6A, KRT13 and KRT14)"
DOI_10.1038_s41591_023_02327_2,hillock-like epithelial cells,,human,false,KRT13,explicit,Results p.1565,"highly proliferative hillock-like epithelial cells not previously reported in adult human lung (n=4,600, expressing KRT6A, KRT13 and KRT14)"
DOI_10.1038_s41591_023_02327_2,hillock-like epithelial cells,,human,false,KRT14,explicit,Results p.1565,"highly proliferative hillock-like epithelial cells not previously reported in adult human lung (n=4,600, expressing KRT6A, KRT13 and KRT14)"
DOI_10.1038_s41591_023_02327_2,alveolar type 0 cells,,human,false,STFPB,explicit,Results p.1565,"alveolar type 0 cells (n=1,440, expressing STFPB+, SCGB3A2+, SFTPChigh and SCGB3A1low)"
DOI_10.1038_s41591_023_02327_2,alveolar type 0 cells,,human,false,SCGB3A2,explicit,Results p.1565,"alveolar type 0 cells (n=1,440, expressing STFPB+, SCGB3A2+, SFTPChigh and SCGB3A1low)"
DOI_10.1038_s41591_023_02327_2,alveolar type 0 cells,,human,false,SFTPC,explicit,Results p.1565,"alveolar type 0 cells (n=1,440, expressing STFPB+, SCGB3A2+, SFTPChigh and SCGB3A1low)"
DOI_10.1038_s41591_023_02327_2,alveolar type 0 cells,,human,false,SCGB3A1,explicit,Results p.1565,"alveolar type 0 cells (n=1,440, expressing STFPB+, SCGB3A2+, SFTPChigh and SCGB3A1low)"
DOI_10.1038_s41591_023_02327_2,preterminal bronchiole secretory cells,,human,false,SFTPB,explicit,Results p.1565,"preterminal bronchiole secretory cells (n=4,393, expressing SFTPB+, SCGB3A2+, SFTPClow and SCGB3A1high)"
DOI_10.1038_s41591_023_02327_2,preterminal bronchiole secretory cells,,human,false,SCGB3A2,explicit,Results p.1565,"preterminal bronchiole secretory cells (n=4,393, expressing SFTPB+, SCGB3A2+, SFTPClow and SCGB3A1high)"
DOI_10.1038_s41591_023_02327_2,preterminal bronchiole secretory cells,,human,false,SFTPC,explicit,Results p.1565,"preterminal bronchiole secretory cells (n=4,393, expressing SFTPB+, SCGB3A2+, SFTPClow and SCGB3A1high)"
DOI_10.1038_s41591_023_02327_2,preterminal bronchiole secretory cells,,human,false,SCGB3A1,explicit,Results p.1565,"preterminal bronchiole secretory cells (n=4,393, expressing SFTPB+, SCGB3A2+, SFTPClow and SCGB3A1high)"
DOI_10.1038_s41591_023_02327_2,smooth muscle cells,,human,false,CNN1,explicit,Results p.1565,"These smooth muscle cells, predominantly found in the airways, express canonical smooth muscle markers (CNN1 and MYH11) and also uniquely and consistently express FAM83D across datasets (Extended Data Fig. 4e,f)."
DOI_10.1038_s41591_023_02327_2,smooth muscle cells,,human,false,MYH11,explicit,Results p.1565,"These smooth muscle cells, predominantly found in the airways, express canonical smooth muscle markers (CNN1 and MYH11) and also uniquely and consistently express FAM83D across datasets (Extended Data Fig. 4e,f)."
DOI_10.1038_s41591_023_02327_2,smooth muscle cells,,human,false,FAM83D,explicit,Results p.1565,"These smooth muscle cells, predominantly found in the airways, express canonical smooth muscle markers (CNN1 and MYH11) and also uniquely and consistently express FAM83D across datasets (Extended Data Fig. 4e,f)."
DOI_10.1038_s41591_023_02327_2,Ionocyte,,human,false,FOXI1,explicit,Fig. 3f,"expression of ionocyte marker FOXI1, tuft cell marker LRMP and neuroendocrine marker CALCA"
DOI_10.1038_s41591_023_02327_2,Tuft,,human,false,LRMP,explicit,Fig. 3f,expression of tuft cell marker LRMP
DOI_10.1038_s41591_023_02327_2,Neuroendocrine,,human,false,CALCA,explicit,Fig. 3f,expression of neuroendocrine marker CALCA
DOI_10.1038_s41591_023_02327_2,Migratory dendritic cells,,human,false,CCR7,explicit,Fig. 3g,"Log-normalized expression of the migratory dendritic cell marker CCR7 in cells identified during re-annotation as migratory dendritic cells, versus other dendritic cells."
DOI_10.1038_s41591_023_02327_2,Alveolar fibroblasts,IPF-specific,human,false,CCL2,explicit,Fig. 6h,"high expression of genes previously associated with IPF (CCL2, COL1A1, CTHRC1 and MMP19), as well as further fibrosis-associated markers (SERPINE1, an inhibitor of extracellular matrix breakdown, and HIF1A, a chronic hypoxia response gene; Fig. 6h and Supplementary Table 14)"
DOI_10.1038_s41591_023_02327_2,Alveolar fibroblasts,IPF-specific,human,false,COL1A1,explicit,Fig. 6h,"high expression of genes previously associated with IPF (CCL2, COL1A1, CTHRC1 and MMP19)"
DOI_10.1038_s41591_023_02327_2,Alveolar fibroblasts,IPF-specific,human,false,CTHRC1,explicit,Fig. 6h,"high expression of genes previously associated with IPF (CCL2, COL1A1, CTHRC1 and MMP19)"
DOI_10.1038_s41591_023_02327_2,Alveolar fibroblasts,IPF-specific,human,false,MMP19,explicit,Fig. 6h,"high expression of genes previously associated with IPF (CCL2, COL1A1, CTHRC1 and MMP19)"
DOI_10.1038_s41591_023_02327_2,Alveolar fibroblasts,IPF-specific,human,false,SERPINE1,explicit,Fig. 6h,"further fibrosis-associated markers (SERPINE1, an inhibitor of extracellular matrix breakdown, and HIF1A, a chronic hypoxia response gene)"
DOI_10.1038_s41591_023_02327_2,Alveolar fibroblasts,IPF-specific,human,false,HIF1A,explicit,Fig. 6h,"further fibrosis-associated markers (SERPINE1, an inhibitor of extracellular matrix breakdown, and HIF1A, a chronic hypoxia response gene)"
DOI_10.1038_s41591_023_02327_2,Monocyte-derived macrophages,Inflammatory CCL2 high,human,false,CCL2,explicit,Fig. 6i–k,"an early and inflammatory MDM state was observed that was high in the expression of CCL2, a gene involved in the recruitment of immune cells. This cluster predominantly contained cells ... (cluster 2; IL1RNhigh and S100A12high)"
DOI_10.1038_s41591_023_02327_2,Monocyte-derived macrophages,Inflammatory CCL2 high,human,false,IL1RN,explicit,Fig. 6i–k,cluster 2; IL1RNhigh and S100A12high
DOI_10.1038_s41591_023_02327_2,Monocyte-derived macrophages,Inflammatory CCL2 high,human,false,S100A12,explicit,Fig. 6i–k,cluster 2; IL1RNhigh and S100A12high
DOI_10.1038_s41591_023_02327_2,Monocyte-derived macrophages,Inflammatory C1QA high,human,false,CCL18,explicit,Fig. 6i–k,"MDM subset expressing inflammation and phagocytosis-associated genes (cluster 4; CCL18, IL18, C1QA and TREM2)"
DOI_10.1038_s41591_023_02327_2,Monocyte-derived macrophages,Inflammatory C1QA high,human,false,IL18,explicit,Fig. 6i–k,"MDM subset expressing inflammation and phagocytosis-associated genes (cluster 4; CCL18, IL18, C1QA and TREM2)"
DOI_10.1038_s41591_023_02327_2,Monocyte-derived macrophages,Inflammatory C1QA high,human,false,C1QA,explicit,Fig. 6i–k,"MDM subset expressing inflammation and phagocytosis-associated genes (cluster 4; CCL18, IL18, C1QA and TREM2)"
DOI_10.1038_s41591_023_02327_2,Monocyte-derived macrophages,Inflammatory C1QA high,human,false,TREM2,explicit,Fig. 6i–k,"MDM subset expressing inflammation and phagocytosis-associated genes (cluster 4; CCL18, IL18, C1QA and TREM2)"
DOI_10.1038_s41591_023_02327_2,Monocyte-derived macrophages,MARCO high,human,false,MARCO,explicit,Fig. 6i–k,"A third MDM subset represented a more differentiated MDM phenotype, as indicated by the expression of MARCO and MCEMP1"
DOI_10.1038_s41591_023_02327_2,Monocyte-derived macrophages,MARCO high,human,false,MCEMP1,explicit,Fig. 6i–k,"A third MDM subset represented a more differentiated MDM phenotype, as indicated by the expression of MARCO and MCEMP1"
DOI_10.1038_s41591_023_02327_2,Monocyte-derived macrophages,Profibrotic SPP1 high,human,false,SPP1,explicit,Fig. 6k,"This multidisease cluster is marked by high expression of SPP1, LPL and CHIT1—markers that have been shown to play a causal role in the development of lung fibrosis"
DOI_10.1038_s41591_023_02327_2,Monocyte-derived macrophages,Profibrotic SPP1 high,human,false,LPL,explicit,Fig. 6k,"This multidisease cluster is marked by high expression of SPP1, LPL and CHIT1—markers that have been shown to play a causal role in the development of lung fibrosis"
DOI_10.1038_s41591_023_02327_2,Monocyte-derived macrophages,Profibrotic SPP1 high,human,false,CHIT1,explicit,Fig. 6k,"This multidisease cluster is marked by high expression of SPP1, LPL and CHIT1—markers that have been shown to play a causal role in the development of lung fibrosis"
DOI_10.1038_s41591_024_03215_z,MBC,,human,false,EPCAM,explicit,Fig.2g,"established epithelial BC marker genes: EPCAM, KRT8, KRT18, KRT19 and TRPS1"
DOI_10.1038_s41591_024_03215_z,MBC,,human,false,KRT8,explicit,Fig.2g,"established epithelial BC marker genes: EPCAM, KRT8, KRT18, KRT19 and TRPS1"
DOI_10.1038_s41591_024_03215_z,MBC,,human,false,KRT18,explicit,Fig.2g,"established epithelial BC marker genes: EPCAM, KRT8, KRT18, KRT19 and TRPS1"
DOI_10.1038_s41591_024_03215_z,MBC,,human,false,KRT19,explicit,Fig.2g,"established epithelial BC marker genes: EPCAM, KRT8, KRT18, KRT19 and TRPS1"
DOI_10.1038_s41591_024_03215_z,MBC,,human,false,TRPS1,explicit,Fig.2g,"established epithelial BC marker genes: EPCAM, KRT8, KRT18, KRT19 and TRPS1"
DOI_10.1038_s41591_024_03215_z,MBC,,human,false,ESR1,explicit,Fig.2g,"disease-relevant BC biomarkers, including ESR1, PGR and ERBB2"
DOI_10.1038_s41591_024_03215_z,MBC,,human,false,PGR,explicit,Fig.2g,"disease-relevant BC biomarkers, including ESR1, PGR and ERBB2"
DOI_10.1038_s41591_024_03215_z,MBC,,human,false,ERBB2,explicit,Fig.2g,"disease-relevant BC biomarkers, including ESR1, PGR and ERBB2"
DOI_10.1038_s41591_024_03215_z,Macrophage,,human,false,HLA-DRA,implied,Fig.5a,UMAPs of macrophages colored by log-normalized expression of HLA-DRA
DOI_10.1038_s41591_024_03215_z,Macrophage,,human,false,CD163,explicit,Results: Spatial profiling of tumor-associated macrophages,"CD163, a key macrophage marker"
DOI_10.1038_s41591_024_03215_z,Macrophage,,human,false,CD68,explicit,Results: Spatial profiling of tumor-associated macrophages,although CD68+ leukocyte density alone was not found to be a prognostic biomarker in primary treatment-naive BC
DOI_10.1038_s41591_024_03215_z,B cell,,human,false,FCRL5,explicit,Methods - De novo cell type annotation of the cell-segmented MERFISH data,the typical B cell marker FCRL5
DOI_10.1038_s41591_024_03215_z,regulatory B cell,,human,false,FOXP3,explicit,Methods - De novo cell type annotation of the cell-segmented MERFISH data,a small population of potentially regulatory B cells expressing FOXP3 in addition to the typical B cell marker FCRL5
DOI_10.1038_s41591_024_03215_z,regulatory B cell,,human,false,FCRL5,explicit,Methods - De novo cell type annotation of the cell-segmented MERFISH data,a small population of potentially regulatory B cells expressing FOXP3 in addition to the typical B cell marker FCRL5
DOI_10.1038_s42003_021_02562_8,hepatocytes,,human,false,CYP3A4,explicit,Fig.3a-c,"canonical markers, such as CYP3A4, ALB, APOC3, and HPGD for hepatocytes"
DOI_10.1038_s42003_021_02562_8,hepatocytes,,human,false,ALB,explicit,Fig.3a-c,"canonical markers, such as CYP3A4, ALB, APOC3, and HPGD for hepatocytes"
DOI_10.1038_s42003_021_02562_8,hepatocytes,,human,false,APOC3,explicit,Fig.3a-c,"canonical markers, such as CYP3A4, ALB, APOC3, and HPGD for hepatocytes"
DOI_10.1038_s42003_021_02562_8,hepatocytes,,human,false,HPGD,explicit,Fig.3a-c,"canonical markers, such as CYP3A4, ALB, APOC3, and HPGD for hepatocytes"
DOI_10.1038_s42003_021_02562_8,endothelial cells,,human,false,FLT1,explicit,Fig.3a-c,"canonical markers, such as FLT1 for endothelial cells"
DOI_10.1038_s42003_021_02562_8,hepatic stellate cells,,human,false,COL3A1,explicit,Fig.3a-c,"canonical markers, such as COL3A1 and COL6A3 for hepatic stellate cells"
DOI_10.1038_s42003_021_02562_8,hepatic stellate cells,,human,false,COL6A3,explicit,Fig.3a-c,"canonical markers, such as COL3A1 and COL6A3 for hepatic stellate cells"
DOI_10.1038_s42003_021_02562_8,Kupffer cells,,human,false,CD68,explicit,Fig.3a-c,"canonical markers, such as CD68 and CD163 for Kupffer cells"
DOI_10.1038_s42003_021_02562_8,Kupffer cells,,human,false,CD163,explicit,Fig.3a-c,"canonical markers, such as CD68 and CD163 for Kupffer cells"
DOI_10.1038_s42003_021_02562_8,immune cells,,human,false,PTPRC,explicit,Fig.3a-c,"canonical markers, such as PTPRC for immune cells"
DOI_10.1038_s42003_021_02562_8,tumor cells,,human,false,GPC3,explicit,Fig.1c,"GPC3 gene expression, a known marker, in HB tumor relative to background liver and nontumor liver"
DOI_10.1038_s42003_021_02562_8,tumor cells,,human,false,DLK1,explicit,Fig.3b,Marker genes for common cell populations in liver and tumor were drawn on UMAP. DLK1 shows tumor
DOI_10.1038_s42003_021_02562_8,tumor cells,,human,false,VIM,explicit,"Fig. S4a,b","known markers in HB, including GPC3, VIM, and HMGA2, are shown in Fig. S4a,b"
DOI_10.1038_s42003_021_02562_8,tumor cells,,human,false,HMGA2,explicit,"Fig. S4a,b","known markers in HB, including GPC3, VIM, and HMGA2, are shown in Fig. S4a,b"
DOI_10.1038_s42003_024_07315_x,mono/Mϕ,cluster 3,mouse,false,Ly6c2,implied,Supplementary results,"The cluster 3 mono/Mϕ expressed the highest levels of Ly6c2 and were enriched in Fcγ receptor-mediated phagocytosis, production of nitric oxide and reactive oxygen species, EIF2, and regulation of EIF4 and p70S6K signaling, and metabolic pathways (oxidative phosphorylation, mitochondrial dysfunction, and mTOR Signaling) with an activation pattern suggesting high metabolic and phagocytic activity (Fig. 2d–f and Supplementary Fig. 4a, b)."
DOI_10.1038_s42003_024_07315_x,macrophage,Cluster 4,mouse,false,Clec4f,explicit,Results (Supplementary Fig. 4c),"cluster 4 macrophages in the liver had high expression of Clec4f, a Kupffer cell marker"
DOI_10.1038_s42003_024_07315_x,macrophage,Cluster 4,mouse,false,Mrc1,explicit,Fig. 2d / Results,"Cluster 4 macrophages expressed the highest levels of Mrc1, Timd4, Lyve1, and Folr2"
DOI_10.1038_s42003_024_07315_x,macrophage,Cluster 4,mouse,false,Timd4,explicit,Fig. 2d / Results,"Cluster 4 macrophages expressed the highest levels of Mrc1, Timd4, Lyve1, and Folr2"
DOI_10.1038_s42003_024_07315_x,macrophage,Cluster 4,mouse,false,Lyve1,explicit,Fig. 2d / Results,"Cluster 4 macrophages expressed the highest levels of Mrc1, Timd4, Lyve1, and Folr2"
DOI_10.1038_s42003_024_07315_x,macrophage,Cluster 4,mouse,false,Folr2,explicit,Fig. 2d / Results,"Cluster 4 macrophages expressed the highest levels of Mrc1, Timd4, Lyve1, and Folr2"
DOI_10.1038_s42003_024_07315_x,macrophage,Cluster 1,zebrafish,false,eef1g,explicit,"Results (Supplementary Fig. 3c, Fig. 3f, g, Supplementary Data 4, 5)","The WKM-dominating cluster 1 was enriched for expression of translation and ribosome biogenesis-associated genes such as eef1g, rpl15, and eif2s3"
DOI_10.1038_s42003_024_07315_x,macrophage,Cluster 1,zebrafish,false,rpl15,explicit,"Results (Supplementary Fig. 3c, Fig. 3f, g, Supplementary Data 4, 5)","The WKM-dominating cluster 1 was enriched for expression of translation and ribosome biogenesis-associated genes such as eef1g, rpl15, and eif2s3"
DOI_10.1038_s42003_024_07315_x,macrophage,Cluster 1,zebrafish,false,eif2s3,explicit,"Results (Supplementary Fig. 3c, Fig. 3f, g, Supplementary Data 4, 5)","The WKM-dominating cluster 1 was enriched for expression of translation and ribosome biogenesis-associated genes such as eef1g, rpl15, and eif2s3"
DOI_10.1038_s42003_024_07315_x,macrophage,Cluster 1,zebrafish,false,mrc1b,explicit,Results (Fig. 3f),This cluster also preferentially expressed the M2 macrophage marker mrc1b (Cd206 in mice)
DOI_10.1038_s42003_024_07315_x,macrophage,Cluster 1,zebrafish,false,moxd1,explicit,Results (Fig. 3f),This cluster also preferentially expressed ... copper ion binding protein gene moxd1
DOI_10.1038_s42003_024_07315_x,macrophage,Cluster 1,zebrafish,false,icn,explicit,Results (Fig. 3f),This cluster also preferentially expressed ... calcium ion binding protein genes icn and s100a10b
DOI_10.1038_s42003_024_07315_x,macrophage,Cluster 1,zebrafish,false,s100a10b,explicit,Results (Fig. 3f),This cluster also preferentially expressed ... calcium ion binding protein genes icn and s100a10b
DOI_10.1038_s42003_024_07315_x,macrophage,Cluster 2,zebrafish,false,hmgn2,explicit,Results (Fig. 3f and Supplementary Fig. 3c),"Cluster 2 shared most of the cluster 1 marker genes at a relatively lower expression level, in addition to the enriched expression of histone modification and chromatin regulatory genes such as hmgn2, h2az2b, and mki67 and nucleotide metabolism gene dut"
DOI_10.1038_s42003_024_07315_x,macrophage,Cluster 2,zebrafish,false,h2az2b,explicit,Results (Fig. 3f and Supplementary Fig. 3c),"Cluster 2 shared most of the cluster 1 marker genes at a relatively lower expression level, in addition to the enriched expression of histone modification and chromatin regulatory genes such as hmgn2, h2az2b, and mki67 and nucleotide metabolism gene dut"
DOI_10.1038_s42003_024_07315_x,macrophage,Cluster 2,zebrafish,false,mki67,explicit,Results (Fig. 3f and Supplementary Fig. 3c),"Cluster 2 shared most of the cluster 1 marker genes at a relatively lower expression level, in addition to the enriched expression of histone modification and chromatin regulatory genes such as hmgn2, h2az2b, and mki67 and nucleotide metabolism gene dut"
DOI_10.1038_s42003_024_07315_x,macrophage,Cluster 2,zebrafish,false,dut,explicit,Results (Fig. 3f and Supplementary Fig. 3c),"Cluster 2 shared most of the cluster 1 marker genes at a relatively lower expression level, in addition to the enriched expression of histone modification and chromatin regulatory genes such as hmgn2, h2az2b, and mki67 and nucleotide metabolism gene dut"
DOI_10.1038_s42003_024_07315_x,macrophage,Cluster 3,zebrafish,false,cd7al,explicit,Results (Fig. 3f),"The pancreatic cluster 3 showed high expression of antigen component cd7al, glycoprotein gene gpnmb, and lysosomal activity-related genes such as asah1b, lgmn, and ctsd"
DOI_10.1038_s42003_024_07315_x,macrophage,Cluster 3,zebrafish,false,gpnmb,explicit,Results (Fig. 3f),"The pancreatic cluster 3 showed high expression of antigen component cd7al, glycoprotein gene gpnmb, and lysosomal activity-related genes such as asah1b, lgmn, and ctsd"
DOI_10.1038_s42003_024_07315_x,macrophage,Cluster 3,zebrafish,false,asah1b,explicit,Results (Fig. 3f),"The pancreatic cluster 3 showed high expression of antigen component cd7al, glycoprotein gene gpnmb, and lysosomal activity-related genes such as asah1b, lgmn, and ctsd"
DOI_10.1038_s42003_024_07315_x,macrophage,Cluster 3,zebrafish,false,lgmn,explicit,Results (Fig. 3f),"The pancreatic cluster 3 showed high expression of antigen component cd7al, glycoprotein gene gpnmb, and lysosomal activity-related genes such as asah1b, lgmn, and ctsd"
DOI_10.1038_s42003_024_07315_x,macrophage,Cluster 3,zebrafish,false,ctsd,explicit,Results (Fig. 3f),"The pancreatic cluster 3 showed high expression of antigen component cd7al, glycoprotein gene gpnmb, and lysosomal activity-related genes such as asah1b, lgmn, and ctsd"
DOI_10.1038_s42003_024_07315_x,macrophage,,zebrafish,false,mpeg1.1,explicit,"Fig.3f,g","macrophage markers such as mpeg1.1, cd74a, mhc2a, marco, mfap4, and havcr1."
DOI_10.1038_s42003_024_07315_x,macrophage,,zebrafish,false,cd74a,explicit,"Fig.3f,g","macrophage markers such as mpeg1.1, cd74a, mhc2a, marco, mfap4, and havcr1."
DOI_10.1038_s42003_024_07315_x,macrophage,,zebrafish,false,mhc2a,explicit,"Fig.3f,g","macrophage markers such as mpeg1.1, cd74a, mhc2a, marco, mfap4, and havcr1."
DOI_10.1038_s42003_024_07315_x,macrophage,,zebrafish,false,marco,explicit,"Fig.3f,g","macrophage markers such as mpeg1.1, cd74a, mhc2a, marco, mfap4, and havcr1."
DOI_10.1038_s42003_024_07315_x,macrophage,,zebrafish,false,mfap4,explicit,"Fig.3f,g","macrophage markers such as mpeg1.1, cd74a, mhc2a, marco, mfap4, and havcr1."
DOI_10.1038_s42003_024_07315_x,macrophage,,zebrafish,false,havcr1,explicit,"Fig.3f,g","macrophage markers such as mpeg1.1, cd74a, mhc2a, marco, mfap4, and havcr1."
DOI_10.1038_s42003_024_07315_x,macrophage,,zebrafish,false,Runx1,explicit,Results,Runx1 and Trem2 are 2 macrophage markers that have been linked to cardiac recovery
DOI_10.1038_s42003_024_07315_x,macrophage,,zebrafish,false,Trem2,explicit,Results,Runx1 and Trem2 are 2 macrophage markers that have been linked to cardiac recovery
DOI_10.1038_s42003_024_07315_x,cluster 1,,mouse,false,rpl15,implied,"Fig. 3f, g; Supplementary Fig. 3c","shared marker genes enriched in translation with cluster 1, such as rpl15"
DOI_10.1038_s42003_024_07315_x,cluster 1,,mouse,false,moxd1,implied,"Fig. 3f, g; Supplementary Fig. 3c","shared marker genes enriched in translation with cluster 1, such as rpl15 and copper ion binding protein gene moxd1"
DOI_10.1038_s42003_024_07315_x,mono/Mϕ,pan-macrophage,zebrafish,false,mpeg1.1,explicit,"Supplementary Fig. 3d,e","mpeg1.1 was widely used as a pan-macrophage marker; however, it does not label the entire mono/Mϕ population."
DOI_10.1038_s42003_024_07315_x,mono/Mϕ,pan-macrophage,zebrafish,false,c1q,implied,Supplementary Figs. 2c and 3e,"By contrast, c1q genes were mostly restricted to the mono/Mϕ population and expressed in all mono/Mϕ 7 clusters broadly, indicating higher specificity than mpeg1.1."
DOI_10.1038_s42003_024_07315_x,mono/Mϕ,M1-like,zebrafish,false,tnfa,explicit,Supplementary Fig. 3d–f,"Notable zebrafish M1 markers include tnfa, tnfb, il1b, il6 and cxcl11.1."
DOI_10.1038_s42003_024_07315_x,mono/Mϕ,M1-like,zebrafish,false,tnfb,explicit,Supplementary Fig. 3d–f,"Notable zebrafish M1 markers include tnfa, tnfb, il1b, il6 and cxcl11.1."
DOI_10.1038_s42003_024_07315_x,mono/Mϕ,M1-like,zebrafish,false,il1b,explicit,Supplementary Fig. 3d–f,"Notable zebrafish M1 markers include tnfa, tnfb, il1b, il6 and cxcl11.1."
DOI_10.1038_s42003_024_07315_x,mono/Mϕ,M1-like,zebrafish,false,il6,explicit,Supplementary Fig. 3d–f,"Notable zebrafish M1 markers include tnfa, tnfb, il1b, il6 and cxcl11.1."
DOI_10.1038_s42003_024_07315_x,mono/Mϕ,M1-like,zebrafish,false,cxcl11.1,explicit,Supplementary Fig. 3d–f,"Notable zebrafish M1 markers include tnfa, tnfb, il1b, il6 and cxcl11.1."
DOI_10.1038_s42003_024_07315_x,mono/Mϕ,M2-like,zebrafish,false,mrc1b,explicit,"Supplementary Fig. 3d,e","However, zebrafish M2 markers mrc1b and cxcr4b were broadly expressed in all clusters except cluster 5, overlapping with the expression of M1 markers"
DOI_10.1038_s42003_024_07315_x,mono/Mϕ,M2-like,zebrafish,false,cxcr4b,explicit,"Supplementary Fig. 3d,e","However, zebrafish M2 markers mrc1b and cxcr4b were broadly expressed in all clusters except cluster 5, overlapping with the expression of M1 markers"
DOI_10.1038_s42003_024_07315_x,mono/Mϕ,M2-like,zebrafish,false,tgfb1a,explicit,"Supplementary Fig. 3d,e",Other M2 genes tgfb1a and ccr2 were enriched in some cluster 4 cells in addition to a lower expression in clusters 3 and 6
DOI_10.1038_s42003_024_07315_x,mono/Mϕ,M2-like,zebrafish,false,ccr2,explicit,"Supplementary Fig. 3d,e",Other M2 genes tgfb1a and ccr2 were enriched in some cluster 4 cells in addition to a lower expression in clusters 3 and 6
DOI_10.1038_s42003_024_07315_x,mono/Mϕ,cluster 4,zebrafish,false,gda,explicit,Fig. 3h,"As shown in Fig. 3h, expression of the cluster 4 marker gda was enriched in macrophages in the boundary zone of the wound at 1 dpci but not detected in the uninjured control."
DOI_10.1038_s42003_024_07315_x,mono/Mϕ,cluster 4,zebrafish,false,fn1a,implied,Fig. 6e,We performed HCR staining of cd9b and fn1a on zebrafish heart sections (Fig. 6e). These two genes were induced in mono/Mϕ around the injury site at 1 dpci but were not detectable in the absence of heart injury.
DOI_10.1038_s42003_024_07315_x,mono/Mϕ,cluster 1/2/7,zebrafish,false,moxd1,implied,Fig. 3h,"By contrast, the cluster 1, 2, and 7 enriched moxd1 was mostly on the ventricular surface of the wound (Fig. 3h)."
DOI_10.1038_s42003_024_07315_x,mono/Mϕ,cluster 3/4/6,zebrafish,false,havcr1,implied,Fig. 3k,"In addition, the cluster 3, 4, and 6 enriched havcr1 was expressed in mono/Mϕ both in the boundary zone and ventricular wall at 1 dpci, with some overlap with moxd1 expression on the ventricular surface (Fig. 3k)."
DOI_10.1038_s42003_024_07315_x,mono/Mϕ,mm2,mouse,false,H2-Aa,explicit,Supplementary Fig. 5c,"H2-Aa was highest in mm2 cells while Ly6c2 and Mrc1 were most abundantly expressed in mm3 and mm4 cells, respectively."
DOI_10.1038_s42003_024_07315_x,mono/Mϕ,mm3,mouse,false,Ly6c2,explicit,Supplementary Fig. 5c,"H2-Aa was highest in mm2 cells while Ly6c2 and Mrc1 were most abundantly expressed in mm3 and mm4 cells, respectively."
DOI_10.1038_s42003_024_07315_x,mono/Mϕ,mm4,mouse,false,Mrc1,explicit,Supplementary Fig. 5c,"H2-Aa was highest in mm2 cells while Ly6c2 and Mrc1 were most abundantly expressed in mm3 and mm4 cells, respectively."
DOI_10.1038_s42003_024_07315_x,macrophage,mm4,mouse,false,Timd4,explicit,Results,"mm4 macrophages are tissue resident macrophages that express Timd4, Lyve1, and Folr2 (TLF+)"
DOI_10.1038_s42003_024_07315_x,macrophage,mm4,mouse,false,Lyve1,explicit,Results,"mm4 macrophages are tissue resident macrophages that express Timd4, Lyve1, and Folr2 (TLF+)"
DOI_10.1038_s42003_024_07315_x,macrophage,mm4,mouse,false,Folr2,explicit,Results,"mm4 macrophages are tissue resident macrophages that express Timd4, Lyve1, and Folr2 (TLF+)"
DOI_10.1038_s42255_023_00876_x,Schwann,,mouse,true,Cryab,explicit,Methods: Dataset-wise cell annotation,"The marker list is acinar: Cpa1, Prss2; α: Gcg ; β: Ins1, Ins2; δ: Sst; ductal: Krt19 , Muc1, Sox9; endothelial: Pecam1, Plvap; ε: Ghrl; γ: Ppy; immune: Cd52, Lyz2 , Ptprc; stellate-activated: Col1a2, Bicc1, Pdgfra; stellate-quiescent: Ndufa4l2, Acta2, Cspg4, Rgs5; and Schwann: Cryab, Plp1, Sox10."
DOI_10.1038_s42255_023_00876_x,Schwann,,mouse,true,Plp1,explicit,Methods: Dataset-wise cell annotation,"The marker list is acinar: Cpa1, Prss2; α: Gcg ; β: Ins1, Ins2; δ: Sst; ductal: Krt19 , Muc1, Sox9; endothelial: Pecam1, Plvap; ε: Ghrl; γ: Ppy; immune: Cd52, Lyz2 , Ptprc; stellate-activated: Col1a2, Bicc1, Pdgfra; stellate-quiescent: Ndufa4l2, Acta2, Cspg4, Rgs5; and Schwann: Cryab, Plp1, Sox10."
DOI_10.1038_s42255_023_00876_x,Schwann,,mouse,true,Sox10,explicit,Methods: Dataset-wise cell annotation,"The marker list is acinar: Cpa1, Prss2; α: Gcg ; β: Ins1, Ins2; δ: Sst; ductal: Krt19 , Muc1, Sox9; endothelial: Pecam1, Plvap; ε: Ghrl; γ: Ppy; immune: Cd52, Lyz2 , Ptprc; stellate-activated: Col1a2, Bicc1, Pdgfra; stellate-quiescent: Ndufa4l2, Acta2, Cspg4, Rgs5; and Schwann: Cryab, Plp1, Sox10."
DOI_10.1038_s42255_023_00876_x,α,,mouse,false,Ttr,explicit,Fig.3a,"Some of the markers were shared with human endocrine markers reported in a recent scRNA-seq meta-analysis (mouse homologs Ttr, Gcg, Irx2 and Slc7a2 for α-cells; Fig. 3a)."
DOI_10.1038_s42255_023_00876_x,α,,mouse,false,Gcg,explicit,Fig.3a,"Some of the markers were shared with human endocrine markers reported in a recent scRNA-seq meta-analysis (mouse homologs Ttr, Gcg, Irx2 and Slc7a2 for α-cells; Fig. 3a)."
DOI_10.1038_s42255_023_00876_x,α,,mouse,false,Irx2,explicit,Fig.3a,"Some of the markers were shared with human endocrine markers reported in a recent scRNA-seq meta-analysis (mouse homologs Ttr, Gcg, Irx2 and Slc7a2 for α-cells; Fig. 3a)."
DOI_10.1038_s42255_023_00876_x,α,,mouse,false,Slc7a2,explicit,Fig.3a,"Some of the markers were shared with human endocrine markers reported in a recent scRNA-seq meta-analysis (mouse homologs Ttr, Gcg, Irx2 and Slc7a2 for α-cells; Fig. 3a)."
DOI_10.1038_s42255_023_00876_x,α,,mouse,false,Wnk3,explicit,Fig.3a,"Furthermore, we detected several new cell-type-specific genes at different developmental stages (for example, Wnk3 and Nxph1 for α-cells; Fig. 3a)."
DOI_10.1038_s42255_023_00876_x,α,,mouse,false,Nxph1,explicit,Fig.3a,"Furthermore, we detected several new cell-type-specific genes at different developmental stages (for example, Wnk3 and Nxph1 for α-cells; Fig. 3a)."
DOI_10.1038_s42255_023_00876_x,β,,mouse,false,Ins1,explicit,Fig.3a,"Some of the markers were shared with human endocrine markers reported in a recent scRNA-seq meta-analysis (mouse homologs Ins1, Ins2, G6pc2 and Iapp for β-cells; Fig. 3a)."
DOI_10.1038_s42255_023_00876_x,β,,mouse,false,Ins2,explicit,Fig.3a,"Some of the markers were shared with human endocrine markers reported in a recent scRNA-seq meta-analysis (mouse homologs Ins1, Ins2, G6pc2 and Iapp for β-cells; Fig. 3a)."
DOI_10.1038_s42255_023_00876_x,β,,mouse,false,G6pc2,explicit,Fig.3a,"Some of the markers were shared with human endocrine markers reported in a recent scRNA-seq meta-analysis (mouse homologs Ins1, Ins2, G6pc2 and Iapp for β-cells; Fig. 3a)."
DOI_10.1038_s42255_023_00876_x,β,,mouse,false,Iapp,explicit,Fig.3a,"Some of the markers were shared with human endocrine markers reported in a recent scRNA-seq meta-analysis (mouse homologs Ins1, Ins2, G6pc2 and Iapp for β-cells; Fig. 3a)."
DOI_10.1038_s42255_023_00876_x,β,,mouse,false,Cytip,explicit,Fig.3a,"Furthermore, we detected several new cell-type-specific genes at different developmental stages (for example, Cytip and Spock2 for β-cells; Fig. 3a)."
DOI_10.1038_s42255_023_00876_x,β,,mouse,false,Spock2,explicit,Fig.3a,"Furthermore, we detected several new cell-type-specific genes at different developmental stages (for example, Cytip and Spock2 for β-cells; Fig. 3a)."
DOI_10.1038_s42255_023_00876_x,δ,,mouse,false,Sst,explicit,Fig.3a,Some of the markers were shared with human endocrine markers reported in a recent scRNA-seq meta-analysis (mouse homologs Sst and Rbp4 for δ-cell; Fig. 3a).
DOI_10.1038_s42255_023_00876_x,δ,,mouse,false,Rbp4,explicit,Fig.3a,Some of the markers were shared with human endocrine markers reported in a recent scRNA-seq meta-analysis (mouse homologs Sst and Rbp4 for δ-cell; Fig. 3a).
DOI_10.1038_s42255_023_00876_x,δ,,mouse,false,Slc2a3,explicit,Fig.3a,"Furthermore, we detected several new cell-type-specific genes at different developmental stages (for example, Slc2a3, Nrsn1 and Spock3 for δ-cells; Fig. 3a)."
DOI_10.1038_s42255_023_00876_x,δ,,mouse,false,Nrsn1,explicit,Fig.3a,"Furthermore, we detected several new cell-type-specific genes at different developmental stages (for example, Slc2a3, Nrsn1 and Spock3 for δ-cells; Fig. 3a)."
DOI_10.1038_s42255_023_00876_x,δ,,mouse,false,Spock3,explicit,Fig.3a,"Furthermore, we detected several new cell-type-specific genes at different developmental stages (for example, Slc2a3, Nrsn1 and Spock3 for δ-cells; Fig. 3a)."
DOI_10.1038_s42255_023_00876_x,γ,,mouse,false,Ppy,explicit,Fig.3a,Some of the markers were shared with human endocrine markers reported in a recent scRNA-seq meta-analysis (mouse homologs Ppy for γ-cells; Fig. 3a).
DOI_10.1038_s42255_023_00876_x,γ,,mouse,false,Vsig1,explicit,Fig.3a,"Furthermore, we detected several new cell-type-specific genes at different developmental stages (for example, Vsig1 for γ-cells; Fig. 3a)."
DOI_10.1038_s42255_023_00876_x,ε,,mouse,false,Ghrl,explicit,Fig.3a,Some of the markers were shared with human endocrine markers reported in a recent scRNA-seq meta-analysis (mouse homologs for ε-cells) and in other publications (Ghrl and Irs4 for ε-cells).
DOI_10.1038_s42255_023_00876_x,ε,,mouse,false,Irs4,explicit,Fig.3a,Some of the markers were shared with human endocrine markers reported in a recent scRNA-seq meta-analysis (mouse homologs for ε-cells) and in other publications (Ghrl and Irs4 for ε-cells).
DOI_10.1038_s42255_023_00876_x,β-cells,,mouse,false,Ucn3,explicit,Page 12 (Results),"we validated that islets contain expected healthy and dysfunctional β-cell states by profiling the protein expression of insulin, an established maturation marker Ucn3 (ref. 9) and a dedifferentiation marker Aldh1a3 (refs. 113,114) (Fig. 6d,e and Supplementary Note 10)."
DOI_10.1038_s42255_023_00876_x,β-cells,,mouse,false,Aldh1a3,explicit,Page 12 (Results),"we validated that islets contain expected healthy and dysfunctional β-cell states by profiling the protein expression of insulin, an established maturation marker Ucn3 (ref. 9) and a dedifferentiation marker Aldh1a3 (refs. 113,114) (Fig. 6d,e and Supplementary Note 10)."
DOI_10.1038_s42255_023_00876_x,β-cells,,mouse,false,Nucb2,explicit,Page 12 (Results),"We next profiled three new markers of the T2D model: Nucb2, which is involved in insulin secretion115,116 and whose mutations were reported to be associated with diabetes risk117, Fkbp11, an ER-located chaperone previously reported to be upregulated in certain mouse T2D models118,119 and Mt3, which was reported to be associated with β-cell death120."
DOI_10.1038_s42255_023_00876_x,β-cells,,mouse,false,Fkbp11,explicit,Page 12 (Results),"We next profiled three new markers of the T2D model: Nucb2, which is involved in insulin secretion115,116 and whose mutations were reported to be associated with diabetes risk117, Fkbp11, an ER-located chaperone previously reported to be upregulated in certain mouse T2D models118,119 and Mt3, which was reported to be associated with β-cell death120."
DOI_10.1038_s42255_023_00876_x,β-cells,,mouse,false,Mt3,explicit,Page 12 (Results),"We next profiled three new markers of the T2D model: Nucb2, which is involved in insulin secretion115,116 and whose mutations were reported to be associated with diabetes risk117, Fkbp11, an ER-located chaperone previously reported to be upregulated in certain mouse T2D models118,119 and Mt3, which was reported to be associated with β-cell death120."
DOI_10.1038_s42255_023_00876_x,β-cells,,mouse,false,Ins1,implied,Fig.5b,"Expression of known markers (marker groups are specified on the top of the plot), quality control metrics and sex ratios across coarse β-cell states displayed in separate dot-plot panels."
DOI_10.1038_s42255_023_00876_x,β-cells,,mouse,false,Ins2,implied,Fig.5b,"Expression of known markers (marker groups are specified on the top of the plot), quality control metrics and sex ratios across coarse β-cell states displayed in separate dot-plot panels."
DOI_10.1038_s42255_023_00876_x,β-cells,,mouse,false,Pdx1,implied,Fig.5b,"Expression of known markers (marker groups are specified on the top of the plot), quality control metrics and sex ratios across coarse β-cell states displayed in separate dot-plot panels."
DOI_10.1038_s42255_023_00876_x,β-cells,,mouse,false,Nkx6-1,implied,Fig.5b,"Expression of known markers (marker groups are specified on the top of the plot), quality control metrics and sex ratios across coarse β-cell states displayed in separate dot-plot panels."
DOI_10.1038_s42255_023_00876_x,β-cells,,mouse,false,Mafa,implied,Fig.5b,"Expression of known markers (marker groups are specified on the top of the plot), quality control metrics and sex ratios across coarse β-cell states displayed in separate dot-plot panels."
DOI_10.1038_s42255_023_00876_x,β-cells,,mouse,false,Slc2a2,implied,Fig.5b,"Expression of known markers (marker groups are specified on the top of the plot), quality control metrics and sex ratios across coarse β-cell states displayed in separate dot-plot panels."
DOI_10.1038_s42255_023_00876_x,β-cells,,mouse,false,Chga,implied,Fig.5b,"Expression of known markers (marker groups are specified on the top of the plot), quality control metrics and sex ratios across coarse β-cell states displayed in separate dot-plot panels."
DOI_10.1038_s42255_023_00876_x,β-cells,,mouse,false,Chgb,implied,Fig.5b,"Expression of known markers (marker groups are specified on the top of the plot), quality control metrics and sex ratios across coarse β-cell states displayed in separate dot-plot panels."
DOI_10.1038_s42255_023_00876_x,β-cells,,mouse,false,Iapp,implied,Fig.5b,"Expression of known markers (marker groups are specified on the top of the plot), quality control metrics and sex ratios across coarse β-cell states displayed in separate dot-plot panels."
DOI_10.1038_s42255_023_00876_x,α-cells,,mouse,false,Gcg,explicit,Page 10 (Results),"Upregulated genes were enriched for ER stress, whereas downregulated genes were enriched for gene sets related to membrane depolarization and ion transport (Supplementary Table 9) and contained hormone genes (Gcg in α-cells, Ppy in γ-cells and Sst in δ-cells) (Supplementary Table 9)."
DOI_10.1038_s42255_023_00876_x,α-cells,,mouse,false,Ttr,explicit,Extended Data Fig. 3c,Arrows indicate Ttr and Gcg double-positive α-cells (left)
DOI_10.1038_s42255_023_00876_x,γ-cells,,mouse,false,Ppy,explicit,Page 10 (Results),"Upregulated genes were enriched for ER stress, whereas downregulated genes were enriched for gene sets related to membrane depolarization and ion transport (Supplementary Table 9) and contained hormone genes (Gcg in α-cells, Ppy in γ-cells and Sst in δ-cells) (Supplementary Table 9)."
DOI_10.1038_s42255_023_00876_x,δ-cells,,mouse,false,Sst,explicit,Page 10 (Results),"Upregulated genes were enriched for ER stress, whereas downregulated genes were enriched for gene sets related to membrane depolarization and ion transport (Supplementary Table 9) and contained hormone genes (Gcg in α-cells, Ppy in γ-cells and Sst in δ-cells) (Supplementary Table 9)."
DOI_10.1038_s42255_023_00876_x,δ-cells,,mouse,false,Rbp4,explicit,Extended Data Fig. 3c,Arrows indicate ... Rbp4 and Sst double-positive δ-cells (right)
DOI_10.1038_s42255_023_00876_x,acinar,,mouse,false,Cpa1,explicit,Methods: Dataset-wise cell annotation,"The marker list is acinar: Cpa1, Prss2; α: Gcg ; β: Ins1, Ins2; δ: Sst; ductal: Krt19 , Muc1, Sox9; endothelial: Pecam1, Plvap; ε: Ghrl; γ: Ppy; immune: Cd52, Lyz2 , Ptprc; stellate-activated: Col1a2, Bicc1, Pdgfra; stellate-quiescent: Ndufa4l2, Acta2, Cspg4, Rgs5; and Schwann: Cryab, Plp1, Sox10."
DOI_10.1038_s42255_023_00876_x,acinar,,mouse,false,Prss2,explicit,Methods: Dataset-wise cell annotation,"The marker list is acinar: Cpa1, Prss2; α: Gcg ; β: Ins1, Ins2; δ: Sst; ductal: Krt19 , Muc1, Sox9; endothelial: Pecam1, Plvap; ε: Ghrl; γ: Ppy; immune: Cd52, Lyz2 , Ptprc; stellate-activated: Col1a2, Bicc1, Pdgfra; stellate-quiescent: Ndufa4l2, Acta2, Cspg4, Rgs5; and Schwann: Cryab, Plp1, Sox10."
DOI_10.1038_s42255_023_00876_x,ductal,,mouse,false,Krt19,explicit,Methods: Dataset-wise cell annotation,"The marker list is acinar: Cpa1, Prss2; α: Gcg ; β: Ins1, Ins2; δ: Sst; ductal: Krt19 , Muc1, Sox9; endothelial: Pecam1, Plvap; ε: Ghrl; γ: Ppy; immune: Cd52, Lyz2 , Ptprc; stellate-activated: Col1a2, Bicc1, Pdgfra; stellate-quiescent: Ndufa4l2, Acta2, Cspg4, Rgs5; and Schwann: Cryab, Plp1, Sox10."
DOI_10.1038_s42255_023_00876_x,ductal,,mouse,false,Muc1,explicit,Methods: Dataset-wise cell annotation,"The marker list is acinar: Cpa1, Prss2; α: Gcg ; β: Ins1, Ins2; δ: Sst; ductal: Krt19 , Muc1, Sox9; endothelial: Pecam1, Plvap; ε: Ghrl; γ: Ppy; immune: Cd52, Lyz2 , Ptprc; stellate-activated: Col1a2, Bicc1, Pdgfra; stellate-quiescent: Ndufa4l2, Acta2, Cspg4, Rgs5; and Schwann: Cryab, Plp1, Sox10."
DOI_10.1038_s42255_023_00876_x,ductal,,mouse,false,Sox9,explicit,Methods: Dataset-wise cell annotation,"The marker list is acinar: Cpa1, Prss2; α: Gcg ; β: Ins1, Ins2; δ: Sst; ductal: Krt19 , Muc1, Sox9; endothelial: Pecam1, Plvap; ε: Ghrl; γ: Ppy; immune: Cd52, Lyz2 , Ptprc; stellate-activated: Col1a2, Bicc1, Pdgfra; stellate-quiescent: Ndufa4l2, Acta2, Cspg4, Rgs5; and Schwann: Cryab, Plp1, Sox10."
DOI_10.1038_s42255_023_00876_x,endothelial,,mouse,false,Pecam1,explicit,Methods: Dataset-wise cell annotation,"The marker list is acinar: Cpa1, Prss2; α: Gcg ; β: Ins1, Ins2; δ: Sst; ductal: Krt19 , Muc1, Sox9; endothelial: Pecam1, Plvap; ε: Ghrl; γ: Ppy; immune: Cd52, Lyz2 , Ptprc; stellate-activated: Col1a2, Bicc1, Pdgfra; stellate-quiescent: Ndufa4l2, Acta2, Cspg4, Rgs5; and Schwann: Cryab, Plp1, Sox10."
DOI_10.1038_s42255_023_00876_x,endothelial,,mouse,false,Plvap,explicit,Methods: Dataset-wise cell annotation,"The marker list is acinar: Cpa1, Prss2; α: Gcg ; β: Ins1, Ins2; δ: Sst; ductal: Krt19 , Muc1, Sox9; endothelial: Pecam1, Plvap; ε: Ghrl; γ: Ppy; immune: Cd52, Lyz2 , Ptprc; stellate-activated: Col1a2, Bicc1, Pdgfra; stellate-quiescent: Ndufa4l2, Acta2, Cspg4, Rgs5; and Schwann: Cryab, Plp1, Sox10."
DOI_10.1038_s42255_023_00876_x,immune,,mouse,false,Cd52,explicit,Methods: Dataset-wise cell annotation,"The marker list is acinar: Cpa1, Prss2; α: Gcg ; β: Ins1, Ins2; δ: Sst; ductal: Krt19 , Muc1, Sox9; endothelial: Pecam1, Plvap; ε: Ghrl; γ: Ppy; immune: Cd52, Lyz2 , Ptprc; stellate-activated: Col1a2, Bicc1, Pdgfra; stellate-quiescent: Ndufa4l2, Acta2, Cspg4, Rgs5; and Schwann: Cryab, Plp1, Sox10."
DOI_10.1038_s42255_023_00876_x,immune,,mouse,false,Lyz2,explicit,Methods: Dataset-wise cell annotation,"The marker list is acinar: Cpa1, Prss2; α: Gcg ; β: Ins1, Ins2; δ: Sst; ductal: Krt19 , Muc1, Sox9; endothelial: Pecam1, Plvap; ε: Ghrl; γ: Ppy; immune: Cd52, Lyz2 , Ptprc; stellate-activated: Col1a2, Bicc1, Pdgfra; stellate-quiescent: Ndufa4l2, Acta2, Cspg4, Rgs5; and Schwann: Cryab, Plp1, Sox10."
DOI_10.1038_s42255_023_00876_x,immune,,mouse,false,Ptprc,explicit,Methods: Dataset-wise cell annotation,"The marker list is acinar: Cpa1, Prss2; α: Gcg ; β: Ins1, Ins2; δ: Sst; ductal: Krt19 , Muc1, Sox9; endothelial: Pecam1, Plvap; ε: Ghrl; γ: Ppy; immune: Cd52, Lyz2 , Ptprc; stellate-activated: Col1a2, Bicc1, Pdgfra; stellate-quiescent: Ndufa4l2, Acta2, Cspg4, Rgs5; and Schwann: Cryab, Plp1, Sox10."
DOI_10.1038_s42255_023_00876_x,stellate-activated,,mouse,false,Col1a2,explicit,Methods: Dataset-wise cell annotation,"The marker list is acinar: Cpa1, Prss2; α: Gcg ; β: Ins1, Ins2; δ: Sst; ductal: Krt19 , Muc1, Sox9; endothelial: Pecam1, Plvap; ε: Ghrl; γ: Ppy; immune: Cd52, Lyz2 , Ptprc; stellate-activated: Col1a2, Bicc1, Pdgfra; stellate-quiescent: Ndufa4l2, Acta2, Cspg4, Rgs5; and Schwann: Cryab, Plp1, Sox10."
DOI_10.1038_s42255_023_00876_x,stellate-activated,,mouse,false,Bicc1,explicit,Methods: Dataset-wise cell annotation,"The marker list is acinar: Cpa1, Prss2; α: Gcg ; β: Ins1, Ins2; δ: Sst; ductal: Krt19 , Muc1, Sox9; endothelial: Pecam1, Plvap; ε: Ghrl; γ: Ppy; immune: Cd52, Lyz2 , Ptprc; stellate-activated: Col1a2, Bicc1, Pdgfra; stellate-quiescent: Ndufa4l2, Acta2, Cspg4, Rgs5; and Schwann: Cryab, Plp1, Sox10."
DOI_10.1038_s42255_023_00876_x,stellate-activated,,mouse,false,Pdgfra,explicit,Methods: Dataset-wise cell annotation,"The marker list is acinar: Cpa1, Prss2; α: Gcg ; β: Ins1, Ins2; δ: Sst; ductal: Krt19 , Muc1, Sox9; endothelial: Pecam1, Plvap; ε: Ghrl; γ: Ppy; immune: Cd52, Lyz2 , Ptprc; stellate-activated: Col1a2, Bicc1, Pdgfra; stellate-quiescent: Ndufa4l2, Acta2, Cspg4, Rgs5; and Schwann: Cryab, Plp1, Sox10."
DOI_10.1038_s42255_023_00876_x,stellate-quiescent,,mouse,false,Ndufa4l2,explicit,Methods: Dataset-wise cell annotation,"The marker list is acinar: Cpa1, Prss2; α: Gcg ; β: Ins1, Ins2; δ: Sst; ductal: Krt19 , Muc1, Sox9; endothelial: Pecam1, Plvap; ε: Ghrl; γ: Ppy; immune: Cd52, Lyz2 , Ptprc; stellate-activated: Col1a2, Bicc1, Pdgfra; stellate-quiescent: Ndufa4l2, Acta2, Cspg4, Rgs5; and Schwann: Cryab, Plp1, Sox10."
DOI_10.1038_s42255_023_00876_x,stellate-quiescent,,mouse,false,Acta2,explicit,Methods: Dataset-wise cell annotation,"The marker list is acinar: Cpa1, Prss2; α: Gcg ; β: Ins1, Ins2; δ: Sst; ductal: Krt19 , Muc1, Sox9; endothelial: Pecam1, Plvap; ε: Ghrl; γ: Ppy; immune: Cd52, Lyz2 , Ptprc; stellate-activated: Col1a2, Bicc1, Pdgfra; stellate-quiescent: Ndufa4l2, Acta2, Cspg4, Rgs5; and Schwann: Cryab, Plp1, Sox10."
DOI_10.1038_s42255_023_00876_x,stellate-quiescent,,mouse,false,Cspg4,explicit,Methods: Dataset-wise cell annotation,"The marker list is acinar: Cpa1, Prss2; α: Gcg ; β: Ins1, Ins2; δ: Sst; ductal: Krt19 , Muc1, Sox9; endothelial: Pecam1, Plvap; ε: Ghrl; γ: Ppy; immune: Cd52, Lyz2 , Ptprc; stellate-activated: Col1a2, Bicc1, Pdgfra; stellate-quiescent: Ndufa4l2, Acta2, Cspg4, Rgs5; and Schwann: Cryab, Plp1, Sox10."
DOI_10.1038_s42255_023_00876_x,stellate-quiescent,,mouse,false,Rgs5,explicit,Methods: Dataset-wise cell annotation,"The marker list is acinar: Cpa1, Prss2; α: Gcg ; β: Ins1, Ins2; δ: Sst; ductal: Krt19 , Muc1, Sox9; endothelial: Pecam1, Plvap; ε: Ghrl; γ: Ppy; immune: Cd52, Lyz2 , Ptprc; stellate-activated: Col1a2, Bicc1, Pdgfra; stellate-quiescent: Ndufa4l2, Acta2, Cspg4, Rgs5; and Schwann: Cryab, Plp1, Sox10."
DOI_10.1038_s42255_023_00876_x,endocrine progenitor/precursor,,mouse,false,Fev,explicit,Extended Data Fig. 3e,Expression of embryonic Fev+ EP markers from Bastidas-Ponce et al. (2019) across endocrine cell groups.
DOI_10.1038_s43587_024_00613_3,Myofiber,MF-I,human,false,MYH7,explicit,"Results, section 'Mechanisms countering fast-twitch MF loss in aging' (Fig.4b)","For the MF, we used immunofluorescence staining of myosin heavy chain proteins (Fig. 4b) followed by automatic image analysis (Extended Data Fig. 6a,b and Methods) to distinguish slow-twitch (type I, MYH7+), fast-twitch (type IIA, MYH2+, and type IIX, MYH1+) and hybrid (type IIA–IIX and MYH2+MYH1+) MFs."
DOI_10.1038_s43587_024_00613_3,Myofiber,MF-IIA,human,false,MYH2,explicit,"Results, section 'Mechanisms countering fast-twitch MF loss in aging' (Fig.4b)","For the MF, we used immunofluorescence staining of myosin heavy chain proteins (Fig. 4b) followed by automatic image analysis (Extended Data Fig. 6a,b and Methods) to distinguish slow-twitch (type I, MYH7+), fast-twitch (type IIA, MYH2+, and type IIX, MYH1+) and hybrid (type IIA–IIX and MYH2+MYH1+) MFs."
DOI_10.1038_s43587_024_00613_3,Myofiber,MF-IIX,human,false,MYH1,explicit,"Results, section 'Mechanisms countering fast-twitch MF loss in aging' (Fig.4b)","For the MF, we used immunofluorescence staining of myosin heavy chain proteins (Fig. 4b) followed by automatic image analysis (Extended Data Fig. 6a,b and Methods) to distinguish slow-twitch (type I, MYH7+), fast-twitch (type IIA, MYH2+, and type IIX, MYH1+) and hybrid (type IIA–IIX and MYH2+MYH1+) MFs."
DOI_10.1038_s43587_024_00613_3,Myocyte,MYH8+,human,false,MYH8,explicit,"Results, section 'Integrated single-cell and single-nucleus MF atlas' (Fig.3c)","Among single-cell populations, we observed two myocyte states marked by MYH8 and RASA4, respectively, and five MF fragment populations (Extended Data Fig. 4c,d)."
DOI_10.1038_s43587_024_00613_3,Myocyte,RASA4+,human,false,RASA4,explicit,"Results, section 'Integrated single-cell and single-nucleus MF atlas' (Fig.3c)","Among single-cell populations, we observed two myocyte states marked by MYH8 and RASA4, respectively, and five MF fragment populations (Extended Data Fig. 4c,d)."
DOI_10.1038_s43587_024_00613_3,Myonucleus,FAM189A2+ (I-FAM/II-FAM),human,false,FAM189A2,explicit,"Results, section 'Integrated single-cell and single-nucleus MF atlas' (Fig.3f)",we identified reference MF-I and MF-II nuclei as well as paired FAM189A2+ (I-FAM and II-FAM) and OTUD1+ (I-OTU and II-OTU) nuclei states
DOI_10.1038_s43587_024_00613_3,Myonucleus,FAM189A2+ (I-FAM/II-FAM),human,false,NAMPT,explicit,"Results, section 'Integrated single-cell and single-nucleus MF atlas' (Fig.3f)","Generally, the paired FAM189A2+ nuclei (I-FAM and II-FAM) showed expression of the same marker genes, including NAMPT, which encodes an enzyme involved in NAD+ metabolism, as well as stress response genes STAT3 and SOCS3, which are activated by cytokine signaling (Fig. 3f)."
DOI_10.1038_s43587_024_00613_3,Myonucleus,FAM189A2+ (I-FAM/II-FAM),human,false,STAT3,explicit,"Results, section 'Integrated single-cell and single-nucleus MF atlas' (Fig.3f)","Generally, the paired FAM189A2+ nuclei (I-FAM and II-FAM) showed expression of the same marker genes, including NAMPT, which encodes an enzyme involved in NAD+ metabolism, as well as stress response genes STAT3 and SOCS3, which are activated by cytokine signaling (Fig. 3f)."
DOI_10.1038_s43587_024_00613_3,Myonucleus,FAM189A2+ (I-FAM/II-FAM),human,false,SOCS3,explicit,"Results, section 'Integrated single-cell and single-nucleus MF atlas' (Fig.3f)","Generally, the paired FAM189A2+ nuclei (I-FAM and II-FAM) showed expression of the same marker genes, including NAMPT, which encodes an enzyme involved in NAD+ metabolism, as well as stress response genes STAT3 and SOCS3, which are activated by cytokine signaling (Fig. 3f)."
DOI_10.1038_s43587_024_00613_3,Myonucleus,OTUD1+ (I-OTU/II-OTU),human,false,OTUD1,explicit,"Results, section 'Integrated single-cell and single-nucleus MF atlas' (Fig.3h)","However, they still showed upregulation of the same set of genes (OTUD1, CREB5, XIRP1, DNAJA4, TNFRSF12A and others), involved in muscle development, differentiation and response to damage, as compared to the baseline MF-I and MF-II states (Fig. 3h and Extended Data Fig. 4g)."
DOI_10.1038_s43587_024_00613_3,Myonucleus,OTUD1+ (I-OTU/II-OTU),human,false,CREB5,explicit,"Results, section 'Integrated single-cell and single-nucleus MF atlas' (Fig.3h)","However, they still showed upregulation of the same set of genes (OTUD1, CREB5, XIRP1, DNAJA4, TNFRSF12A and others), involved in muscle development, differentiation and response to damage, as compared to the baseline MF-I and MF-II states (Fig. 3h and Extended Data Fig. 4g)."
DOI_10.1038_s43587_024_00613_3,Myonucleus,OTUD1+ (I-OTU/II-OTU),human,false,XIRP1,explicit,"Results, section 'Integrated single-cell and single-nucleus MF atlas' (Fig.3h)","However, they still showed upregulation of the same set of genes (OTUD1, CREB5, XIRP1, DNAJA4, TNFRSF12A and others), involved in muscle development, differentiation and response to damage, as compared to the baseline MF-I and MF-II states (Fig. 3h and Extended Data Fig. 4g)."
DOI_10.1038_s43587_024_00613_3,Myonucleus,OTUD1+ (I-OTU/II-OTU),human,false,DNAJA4,explicit,"Results, section 'Integrated single-cell and single-nucleus MF atlas' (Fig.3h)","However, they still showed upregulation of the same set of genes (OTUD1, CREB5, XIRP1, DNAJA4, TNFRSF12A and others), involved in muscle development, differentiation and response to damage, as compared to the baseline MF-I and MF-II states (Fig. 3h and Extended Data Fig. 4g)."
DOI_10.1038_s43587_024_00613_3,Myonucleus,OTUD1+ (I-OTU/II-OTU),human,false,TNFRSF12A,explicit,"Results, section 'Integrated single-cell and single-nucleus MF atlas' (Fig.3h)","However, they still showed upregulation of the same set of genes (OTUD1, CREB5, XIRP1, DNAJA4, TNFRSF12A and others), involved in muscle development, differentiation and response to damage, as compared to the baseline MF-I and MF-II states (Fig. 3h and Extended Data Fig. 4g)."
DOI_10.1038_s43587_024_00613_3,NMJ accessory,,human,false,GRIA2,explicit,"Results, section 'Integrated single-cell and single-nucleus MF atlas' (Fig.3j)","Among NMJ accessory marker genes were GRIA2, encoding the key subunit of ionotropic glutamate receptor; EFNA5, encoding an essential ligand involved in axon guidance to the myotube during limb development; and SORBS2, encoding an adapter protein involved in AChR cluster formation in mouse."
DOI_10.1038_s43587_024_00613_3,NMJ accessory,,human,false,EFNA5,explicit,"Results, section 'Integrated single-cell and single-nucleus MF atlas' (Fig.3j)","Among NMJ accessory marker genes were GRIA2, encoding the key subunit of ionotropic glutamate receptor; EFNA5, encoding an essential ligand involved in axon guidance to the myotube during limb development; and SORBS2, encoding an adapter protein involved in AChR cluster formation in mouse."
DOI_10.1038_s43587_024_00613_3,NMJ accessory,,human,false,SORBS2,explicit,"Results, section 'Integrated single-cell and single-nucleus MF atlas' (Fig.3j)","Among NMJ accessory marker genes were GRIA2, encoding the key subunit of ionotropic glutamate receptor; EFNA5, encoding an essential ligand involved in axon guidance to the myotube during limb development; and SORBS2, encoding an adapter protein involved in AChR cluster formation in mouse."
DOI_10.1038_s43587_024_00613_3,NMJ,,human,false,CHRNE,explicit,"Results, section 'Integrated single-cell and single-nucleus MF atlas' (Fig.3k)","By co-staining CHRNE (NMJ nuclei) and GRIA2 (NMJ accessory) with RNAscope probes, we observed groups of nuclei with co-localization of these transcripts in aged donor tissue sections, which were rare in young ones (Fig. 3k)."
DOI_10.1038_s43587_024_00613_3,Macrophage,M2_LYVE1+,human,false,LYVE1,explicit,"Results, section 'The human skeletal muscle microenvironment in aging' (Fig.5g)","At the same time, anti-inflammatory M2-like LYVE1+ macrophages detected with LYVE1 RNAscope probes decreased with age (Fig. 5g,h), consistent with a recent mouse study showing a decrease in anti-inflammatory signals in the aged muscle."
DOI_10.1038_s43587_024_00613_3,Myonuclei,,human,false,MYH1,explicit,Computational methods - Myonuclei typing,"Myonuclei typing was performed using single-nucleus expression measurements of MYH1, MYH2 and MYH7, which were scaled by library size and log transformed; a minimum threshold of 0.5 was used to classify myonuclei as expressing a particular gene."
DOI_10.1038_s43587_024_00613_3,Myonuclei,,human,false,MYH2,explicit,Computational methods - Myonuclei typing,"Myonuclei typing was performed using single-nucleus expression measurements of MYH1, MYH2 and MYH7, which were scaled by library size and log transformed; a minimum threshold of 0.5 was used to classify myonuclei as expressing a particular gene."
DOI_10.1038_s43587_024_00613_3,Myonuclei,,human,false,MYH7,explicit,Computational methods - Myonuclei typing,"Myonuclei typing was performed using single-nucleus expression measurements of MYH1, MYH2 and MYH7, which were scaled by library size and log transformed; a minimum threshold of 0.5 was used to classify myonuclei as expressing a particular gene."
DOI_10.1038_s44161_022_00183_w,Epicardial_cells,,human,false,WT1,explicit,Page 2 (Introduction),"epicardial cells across many species and humans are identified using WT1, TBX18 and TCF21"
DOI_10.1038_s44161_022_00183_w,Epicardial_cells,,human,false,TBX18,explicit,Page 2 (Introduction),"epicardial cells across many species and humans are identified using WT1, TBX18 and TCF21"
DOI_10.1038_s44161_022_00183_w,Epicardial_cells,,human,false,TCF21,explicit,Page 2 (Introduction),"epicardial cells across many species and humans are identified using WT1, TBX18 and TCF21"
DOI_10.1038_s44161_022_00183_w,Epicardial_cells,adult,human,false,BNC1,explicit,Page 2 (Introduction),adult human epicardium may be identified through its co-expression of BNC1 and MSLN
DOI_10.1038_s44161_022_00183_w,Epicardial_cells,adult,human,false,MSLN,explicit,Page 2 (Introduction),adult human epicardium may be identified through its co-expression of BNC1 and MSLN
DOI_10.1038_s44161_022_00183_w,Neuronal_cells,,human,true,STMN2,explicit,Fig. 2c,"Differential expression analysis between clusters with the top upregulated genes in c shows marker genes used in cluster annotation and identification; STMN2, NRXN1, TUBB3, XKR4 and TUBB2B are listed for the Neuronal_cells cluster."
DOI_10.1038_s44161_022_00183_w,Neuronal_cells,,human,true,NRXN1,explicit,Fig. 2c,"Differential expression analysis between clusters with the top upregulated genes in c shows marker genes used in cluster annotation and identification; STMN2, NRXN1, TUBB3, XKR4 and TUBB2B are listed for the Neuronal_cells cluster."
DOI_10.1038_s44161_022_00183_w,Neuronal_cells,,human,true,TUBB3,explicit,Fig. 2c,"Differential expression analysis between clusters with the top upregulated genes in c shows marker genes used in cluster annotation and identification; STMN2, NRXN1, TUBB3, XKR4 and TUBB2B are listed for the Neuronal_cells cluster."
DOI_10.1038_s44161_022_00183_w,Neuronal_cells,,human,true,XKR4,explicit,Fig. 2c,"Differential expression analysis between clusters with the top upregulated genes in c shows marker genes used in cluster annotation and identification; STMN2, NRXN1, TUBB3, XKR4 and TUBB2B are listed for the Neuronal_cells cluster."
DOI_10.1038_s44161_022_00183_w,Neuronal_cells,,human,true,TUBB2B,explicit,Fig. 2c,"Differential expression analysis between clusters with the top upregulated genes in c shows marker genes used in cluster annotation and identification; STMN2, NRXN1, TUBB3, XKR4 and TUBB2B are listed for the Neuronal_cells cluster."
DOI_10.1038_s44161_022_00183_w,Epicardium_Mesothelial,,human,false,KRT19,explicit,Results p.5,"The three epicardial subclusters expressed well-established epicardial signature genes KRT19, RARRES2, UPK3B, WT1 and BNC1 (Supplementary Tables 3 and 4)."
DOI_10.1038_s44161_022_00183_w,Epicardium_Mesothelial,,human,false,RARRES2,explicit,Results p.5,"The three epicardial subclusters expressed well-established epicardial signature genes KRT19, RARRES2, UPK3B, WT1 and BNC1 (Supplementary Tables 3 and 4)."
DOI_10.1038_s44161_022_00183_w,Epicardium_Mesothelial,,human,false,UPK3B,explicit,Results p.5,"The three epicardial subclusters expressed well-established epicardial signature genes KRT19, RARRES2, UPK3B, WT1 and BNC1 (Supplementary Tables 3 and 4)."
DOI_10.1038_s44161_022_00183_w,Epicardium_Mesothelial,,human,false,WT1,explicit,Results p.5,"The three epicardial subclusters expressed well-established epicardial signature genes KRT19, RARRES2, UPK3B, WT1 and BNC1 (Supplementary Tables 3 and 4)."
DOI_10.1038_s44161_022_00183_w,Epicardium_Mesothelial,,human,false,BNC1,explicit,Results p.5,"The three epicardial subclusters expressed well-established epicardial signature genes KRT19, RARRES2, UPK3B, WT1 and BNC1 (Supplementary Tables 3 and 4)."
DOI_10.1038_s44161_022_00183_w,Epicardium_Mesothelial,,human,false,PRG4,explicit,Fig.4c / Results p.6,"Mesothelial-specific PRG4 and ITLN1 suggest spatial separation of epicardial cell types; other mesothelial genes were AQP1, PLA2G2A, SBSPON and TM4SF1."
DOI_10.1038_s44161_022_00183_w,Epicardium_Mesothelial,,human,false,ITLN1,explicit,Fig.4c / Results p.6,"Mesothelial-specific PRG4 and ITLN1 suggest spatial separation of epicardial cell types; other mesothelial genes were AQP1, PLA2G2A, SBSPON and TM4SF1."
DOI_10.1038_s44161_022_00183_w,Epicardium_Mesothelial,,human,false,AQP1,explicit,Fig.4c / Results p.6,"Mesothelial-specific PRG4 and ITLN1 suggest spatial separation of epicardial cell types; other mesothelial genes were AQP1, PLA2G2A, SBSPON and TM4SF1."
DOI_10.1038_s44161_022_00183_w,Epicardium_Mesothelial,,human,false,PLA2G2A,explicit,Fig.4c / Results p.6,"Mesothelial-specific PRG4 and ITLN1 suggest spatial separation of epicardial cell types; other mesothelial genes were AQP1, PLA2G2A, SBSPON and TM4SF1."
DOI_10.1038_s44161_022_00183_w,Epicardium_Mesothelial,,human,false,SBSPON,explicit,Fig.4c / Results p.6,"Mesothelial-specific PRG4 and ITLN1 suggest spatial separation of epicardial cell types; other mesothelial genes were AQP1, PLA2G2A, SBSPON and TM4SF1."
DOI_10.1038_s44161_022_00183_w,Epicardium_Mesothelial,,human,false,TM4SF1,explicit,Fig.4c / Results p.6,"Mesothelial-specific PRG4 and ITLN1 suggest spatial separation of epicardial cell types; other mesothelial genes were AQP1, PLA2G2A, SBSPON and TM4SF1."
DOI_10.1038_s44161_022_00183_w,Epicardium_FB-like,,human,false,DCN,explicit,Results p.5,"We labeled cluster 8 as Epicardium_FB-like in light of its expression of fibroblast genes, including DCN, COL1A1 and POSTN."
DOI_10.1038_s44161_022_00183_w,Epicardium_FB-like,,human,false,COL1A1,explicit,Results p.5,"We labeled cluster 8 as Epicardium_FB-like in light of its expression of fibroblast genes, including DCN, COL1A1 and POSTN."
DOI_10.1038_s44161_022_00183_w,Epicardium_FB-like,,human,false,POSTN,explicit,Results p.5,"We labeled cluster 8 as Epicardium_FB-like in light of its expression of fibroblast genes, including DCN, COL1A1 and POSTN."
DOI_10.1038_s44161_022_00183_w,Epicardium_FB-like,,human,false,TWIST1,explicit,Results p.5,"The Epicardium_FB-like cluster appeared to have low TBX18 expression, unlike the other epicardial clusters, but expressed genes TWIST1 and SPARC, which are strongly associated with EMT."
DOI_10.1038_s44161_022_00183_w,Epicardium_FB-like,,human,false,SPARC,explicit,Results p.5,"The Epicardium_FB-like cluster appeared to have low TBX18 expression, unlike the other epicardial clusters, but expressed genes TWIST1 and SPARC, which are strongly associated with EMT."
DOI_10.1038_s44161_022_00183_w,Epicardium_FB-like,,human,false,SEMA3D,explicit,Results p.6,"In the EPDCs, we found SEMA3D, involved in concerted endothelial cell migration; CCBE1, important in mouse cardiac development; EGFL6, associated with angiogenesis; and GPC3, reported to modulate WNT signaling."
DOI_10.1038_s44161_022_00183_w,Epicardium_FB-like,,human,false,CCBE1,explicit,Results p.6,"In the EPDCs, we found SEMA3D, involved in concerted endothelial cell migration; CCBE1, important in mouse cardiac development; EGFL6, associated with angiogenesis; and GPC3, reported to modulate WNT signaling."
DOI_10.1038_s44161_022_00183_w,Epicardium_FB-like,,human,false,EGFL6,explicit,Results p.6,"In the EPDCs, we found SEMA3D, involved in concerted endothelial cell migration; CCBE1, important in mouse cardiac development; EGFL6, associated with angiogenesis; and GPC3, reported to modulate WNT signaling."
DOI_10.1038_s44161_022_00183_w,Epicardium_FB-like,,human,false,GPC3,explicit,Results p.6,"In the EPDCs, we found SEMA3D, involved in concerted endothelial cell migration; CCBE1, important in mouse cardiac development; EGFL6, associated with angiogenesis; and GPC3, reported to modulate WNT signaling."
DOI_10.1038_s44161_022_00183_w,Epicardium_FB-like,,human,false,C1QTNF3,explicit,Fig.4c,"Top-scoring predictive markers for epicardial subtypes list EPDC genes C1QTNF3, CPB1, SEMA3D, CCBE1, EGFL6 and GPC3."
DOI_10.1038_s44161_022_00183_w,Epicardium_FB-like,,human,false,CPB1,explicit,Fig.4c,"Top-scoring predictive markers for epicardial subtypes list EPDC genes C1QTNF3, CPB1, SEMA3D, CCBE1, EGFL6 and GPC3."
DOI_10.1038_s44161_022_00183_w,Epicardium_Proliferating,,human,false,CENPF,explicit,Results p.5,Cluster 10 as Epicardium_Proliferating with its expression of cell cycle and mitotic genes CENPF and HMGB2.
DOI_10.1038_s44161_022_00183_w,Epicardium_Proliferating,,human,false,HMGB2,explicit,Results p.5,Cluster 10 as Epicardium_Proliferating with its expression of cell cycle and mitotic genes CENPF and HMGB2.
DOI_10.1038_s44161_022_00183_w,Fibroblasts,,human,false,DCN,explicit,Results p.5 / Fig.2d,"Fig.2d shows expression of established markers of epicardial, fibroblast, smooth muscle cell (SMC) and EMT markers within epicardial subpopulations; fibroblast markers include DCN, COL5A1, COL1A1 and POSTN."
DOI_10.1038_s44161_022_00183_w,Fibroblasts,,human,false,COL5A1,explicit,Fig.2d,"Fig.2d shows expression of established markers of epicardial, fibroblast, smooth muscle cell (SMC) and EMT markers within epicardial subpopulations; fibroblast markers include DCN, COL5A1, COL1A1 and POSTN."
DOI_10.1038_s44161_022_00183_w,Fibroblasts,,human,false,COL1A1,explicit,Results p.5 / Fig.2d,"Fig.2d shows expression of established markers of epicardial, fibroblast, smooth muscle cell (SMC) and EMT markers within epicardial subpopulations; fibroblast markers include DCN, COL5A1, COL1A1 and POSTN."
DOI_10.1038_s44161_022_00183_w,Fibroblasts,,human,false,POSTN,explicit,Results p.5,"Fig.2d shows expression of established markers of epicardial, fibroblast, smooth muscle cell (SMC) and EMT markers within epicardial subpopulations; fibroblast markers include DCN, COL5A1, COL1A1 and POSTN."
DOI_10.1038_s44161_022_00183_w,Smooth_muscle_cells,,human,false,CNN1,explicit,Fig.2d,"Fig.2d shows expression of established markers of epicardial, fibroblast, smooth muscle cell (SMC) and EMT markers within epicardial subpopulations; SMC markers include CNN1, TAGLN, ACTA2 and MYH11."
DOI_10.1038_s44161_022_00183_w,Smooth_muscle_cells,,human,false,TAGLN,explicit,Fig.2d,"Fig.2d shows expression of established markers of epicardial, fibroblast, smooth muscle cell (SMC) and EMT markers within epicardial subpopulations; SMC markers include CNN1, TAGLN, ACTA2 and MYH11."
DOI_10.1038_s44161_022_00183_w,Smooth_muscle_cells,,human,false,ACTA2,explicit,Fig.2d,"Fig.2d shows expression of established markers of epicardial, fibroblast, smooth muscle cell (SMC) and EMT markers within epicardial subpopulations; SMC markers include CNN1, TAGLN, ACTA2 and MYH11."
DOI_10.1038_s44161_022_00183_w,Smooth_muscle_cells,,human,false,MYH11,explicit,Fig.2d,"Fig.2d shows expression of established markers of epicardial, fibroblast, smooth muscle cell (SMC) and EMT markers within epicardial subpopulations; SMC markers include CNN1, TAGLN, ACTA2 and MYH11."
DOI_10.1038_s44161_022_00183_w,EPDC,,human,false,TWIST1,explicit,Discussion,"human EPDC transcriptomes have been described at a single-cell resolution, as determined by their expression of mesenchymal genes TWIST1 and SPARC as well as the combined expression of known epicardial and fibroblast genes."
DOI_10.1038_s44161_022_00183_w,EPDC,,human,false,SPARC,explicit,Discussion,"human EPDC transcriptomes have been described at a single-cell resolution, as determined by their expression of mesenchymal genes TWIST1 and SPARC as well as the combined expression of known epicardial and fibroblast genes."
DOI_10.1038_s44161_022_00183_w,EPDC,,human,false,POSTN,explicit,Discussion,"Additionally, the position of these cells was consistent with migrating EPDCs using immunohistochemistry using antibodies for POSTN, TM4SF1 and established epicardial markers."
DOI_10.1038_s44161_022_00183_w,EPDC,,human,false,TM4SF1,explicit,Discussion,"Additionally, the position of these cells was consistent with migrating EPDCs using immunohistochemistry using antibodies for POSTN, TM4SF1 and established epicardial markers."
DOI_10.1038_s44161_022_00183_w,Epicardial cells,,human,false,UPK3B,explicit,Methods: Epicardial markers and epicardial markers library (p.11),"To further enrich this library distinguishing between epicardial cell types ‘FB-like’ and ‘Mesothelial’, we restricted the dataset to UPK3B+ cells as UPK3B."
DOI_10.1038_s44161_025_00612_6,EC_PKHD1L1+,,human,false,PKHD1L1,explicit,"Results, 'Myocarditis-associated changes in cardiac tissue composition'",PKHD1L1-expressing ECs (EC_PKHD1L1+) comprising mostly endocardial cells and few lymphatic ECs
DOI_10.1038_s44161_025_00612_6,Myeloid cells,VCAN+ monocytes,human,false,VCAN,explicit,"Fig.2a,b",Characterization of myeloid cells identified ... VCAN+ and non-classical CD16+ monocytes ...
DOI_10.1038_s44161_025_00612_6,Myeloid cells,Non-classical CD16+ monocytes,human,false,CD16,explicit,"Fig.2a,b",Characterization of myeloid cells identified ... non-classical CD16+ monocytes ...
DOI_10.1038_s44161_025_00612_6,Myeloid cells,DCN-expressing proliferative macrophage,human,false,DCN,explicit,"Fig.2a,b",Characterization of myeloid cells identified ... one decorin (DCN)-expressing proliferative macrophage state ...
DOI_10.1038_s44161_025_00612_6,Macrophage,LYVE1hi MHC-IIlo,human,false,LYVE1,implied,Fig.2a,UMAP embedding delineated 16 myeloid cell states; LYVE1hi MHC-IIlo is a state named for high LYVE1 and low MHC-II expression.
DOI_10.1038_s44161_025_00612_6,Macrophage,LYVE1hi MHC-IIinterm,human,false,LYVE1,implied,Fig.2b,LYVE1hi MHC-IIinterm is one of the myeloid cell states shown in the proportion change plot.
DOI_10.1038_s44161_025_00612_6,Macrophage,LYVE1lo MHC-IIhi,human,false,HLA-DRA,implied,Fig.2f,"Dot plots showing differential expression of selected MHC-II genes; the state is named LYVE1lo MHC-IIhi, indicating high expression of MHC-II genes."
DOI_10.1038_s44161_025_00612_6,Macrophage,LYVE1lo MHC-IIhi,human,false,HLA-DRB1,implied,Fig.2f,"Dot plots showing differential expression of selected MHC-II genes; the state is named LYVE1lo MHC-IIhi, indicating high expression of MHC-II genes."
DOI_10.1038_s44161_025_00612_6,Macrophage,LYVE1lo MHC-IIhi,human,false,HLA-DPA1,implied,Fig.2f,"Dot plots showing differential expression of selected MHC-II genes; the state is named LYVE1lo MHC-IIhi, indicating high expression of MHC-II genes."
DOI_10.1038_s44161_025_00612_6,Macrophage,LYVE1lo MHC-IIhi,human,false,HLA-DQA1,implied,Fig.2f,"Dot plots showing differential expression of selected MHC-II genes; the state is named LYVE1lo MHC-IIhi, indicating high expression of MHC-II genes."
DOI_10.1038_s44161_025_00612_6,Macrophage,LYVE1lo MHC-IIhi,human,false,HLA-DRB5,implied,Fig.2f,"Dot plots showing differential expression of selected MHC-II genes; the state is named LYVE1lo MHC-IIhi, indicating high expression of MHC-II genes."
DOI_10.1038_s44161_025_00612_6,Macrophage,MP_FOLR2,human,false,FOLR2,implied,Fig.2a,MP_FOLR2 is a myeloid cell state named for FOLR2 expression; the paper states 'MP_FOLR2 were decreased'.
DOI_10.1038_s44161_025_00612_6,Macrophage,MP_OSM,human,false,OSM,implied,Fig.2a,MP_OSM is a myeloid cell state named for OSM expression; the paper mentions 'FB-interacting MP_OSM macrophages'.
DOI_10.1038_s44161_025_00612_6,Macrophage,MP_TREM2+,human,false,TREM2,implied,Fig.2a,MP_TREM2+ is a myeloid cell state named for TREM2 expression.
DOI_10.1038_s44161_025_00612_6,Macrophage,MP_prolif_DCN+,human,false,DCN,implied,Fig.2a,MP_prolif_DCN+ is a myeloid cell state named for DCN expression; the paper states 'DCN-expressing proliferative macrophages were enriched only in patients with MIS-C'.
DOI_10.1038_s44161_025_00612_6,Monocyte,MO_CD16+,human,false,FCGR3A,implied,Fig.2a,MO_CD16+ is a myeloid cell state named for CD16 (FCGR3A) expression.
DOI_10.1038_s44161_025_00612_6,Monocyte,MO_CD16+,human,false,CX3CR1,explicit,Results p.5,CX3CR1 expression (circulating monocyte marker) (Extended Data Fig. 4c)
DOI_10.1038_s44161_025_00612_6,Monocyte,MO_VCAN+,human,false,VCAN,implied,Fig.2a,MO_VCAN+ is a myeloid cell state named for VCAN expression.
DOI_10.1038_s44161_025_00612_6,Monocyte,MO_VCAN+,human,false,CX3CR1,explicit,Results p.5,CX3CR1 expression (circulating monocyte marker) (Extended Data Fig. 4c)
DOI_10.1038_s44161_025_00612_6,T cell,CD4T_RORC+,human,false,CD4,implied,Fig.3c,Heatmap showing z-score standardized expression of select marker genes per T cell cluster; CD4 is a lineage marker.
DOI_10.1038_s44161_025_00612_6,T cell,CD4T_RORC+,human,false,RORC,implied,Fig.3a,Cluster named CD4T_RORC+; text also mentions 'RORC+CD4+ T cells'.
DOI_10.1038_s44161_025_00612_6,T cell,CD4T_em1,human,false,CD4,implied,Fig.3c,Heatmap showing z-score standardized expression of select marker genes per T cell cluster; CD4 is a lineage marker.
DOI_10.1038_s44161_025_00612_6,T cell,CD4T_em2,human,false,CD4,implied,Fig.3c,Heatmap showing z-score standardized expression of select marker genes per T cell cluster; CD4 is a lineage marker.
DOI_10.1038_s44161_025_00612_6,T cell,CD4T_cm,human,false,CD4,implied,Fig.3c,Heatmap showing z-score standardized expression of select marker genes per T cell cluster; CD4 is a lineage marker.
DOI_10.1038_s44161_025_00612_6,T cell,CD4T_reg,human,false,CD4,implied,Fig.3c,Heatmap showing z-score standardized expression of select marker genes per T cell cluster; CD4 is a lineage marker.
DOI_10.1038_s44161_025_00612_6,T cell,CD4T_reg,human,false,FOXP3,implied,Fig.3c,Heatmap showing z-score standardized expression of select marker genes per T cell cluster; FOXP3 is listed as a transcription factor marker.
DOI_10.1038_s44161_025_00612_6,T cell,CD8T_act_effector,human,false,CD8A,implied,Fig.3c,Heatmap showing z-score standardized expression of select marker genes per T cell cluster; CD8A is a lineage marker.
DOI_10.1038_s44161_025_00612_6,T cell,CD8T_act_effector,human,false,FCGR3A,implied,Results p.6,We identified highly activated CD16+CD8+ T cells (CD8T_act_effector)
DOI_10.1038_s44161_025_00612_6,T cell,CD8T_act_effector,human,false,CD38,implied,Results p.6,CD8+ T cells in Post-COVID-19 furthermore showed upregulated expression of activation markers such as CD38 and HLA-DR
DOI_10.1038_s44161_025_00612_6,T cell,CD8T_act_effector,human,false,HLA-DRA,implied,Results p.6,CD8+ T cells in Post-COVID-19 furthermore showed upregulated expression of activation markers such as CD38 and HLA-DR
DOI_10.1038_s44161_025_00612_6,T cell,CD8T_em1,human,false,CD8A,implied,Fig.3c,Heatmap showing z-score standardized expression of select marker genes per T cell cluster; CD8A is a lineage marker.
DOI_10.1038_s44161_025_00612_6,T cell,CD8T_em2,human,false,CD8A,implied,Fig.3c,Heatmap showing z-score standardized expression of select marker genes per T cell cluster; CD8A is a lineage marker.
DOI_10.1038_s44161_025_00612_6,T cell,CD8T_em3,human,false,CD8A,implied,Fig.3c,Heatmap showing z-score standardized expression of select marker genes per T cell cluster; CD8A is a lineage marker.
DOI_10.1038_s44161_025_00612_6,T cell,CD8T_GNLY_effector,human,false,CD8A,implied,Fig.3c,Heatmap showing z-score standardized expression of select marker genes per T cell cluster; CD8A is a lineage marker.
DOI_10.1038_s44161_025_00612_6,T cell,CD8T_GNLY_effector,human,false,GNLY,implied,Results p.6,cytotoxic GNLY-expressing effector cell proportions increased
DOI_10.1038_s44161_025_00612_6,T cell,T_prolif,human,false,MKI67,implied,Fig.3c,Heatmap showing z-score standardized expression of select marker genes per T cell cluster; MKI67 is listed as a proliferation marker.
DOI_10.1038_s44161_025_00612_6,NK cell,NK_CD56hi,human,false,NCAM1,implied,Fig.3a,NK_CD56hi is a NK cell state named for CD56 (NCAM1) expression.
DOI_10.1038_s44161_025_00612_6,NK cell,NK_CD16hi,human,false,FCGR3A,implied,Fig.3a,NK_CD16hi is a NK cell state named for CD16 (FCGR3A) expression.
DOI_10.1038_s44161_025_00612_6,NK cell,NK_CD16hi_IFNGhi,human,false,FCGR3A,implied,Fig.3a,NK_CD16hi_IFNGhi is a NK cell state named for CD16 (FCGR3A) and IFNG expression.
DOI_10.1038_s44161_025_00612_6,NK cell,NK_CD16hi_IFNGhi,human,false,IFNG,implied,Fig.3a,NK_CD16hi_IFNGhi is a NK cell state named for IFNG expression.
DOI_10.1038_s44161_025_00612_6,Cardiomyocyte,vCM6,human,false,CAMK2D,implied,Results p.6,"one additional CM state (vCM6) that showed enrichment of genes related to regulation of heart rate by cardiac conduction (including, for example, CAMK2D, KCND3, CACNA2D1, CTNNA3 and CACNA1C)"
DOI_10.1038_s44161_025_00612_6,Cardiomyocyte,vCM6,human,false,KCND3,implied,Results p.6,"one additional CM state (vCM6) that showed enrichment of genes related to regulation of heart rate by cardiac conduction (including, for example, CAMK2D, KCND3, CACNA2D1, CTNNA3 and CACNA1C)"
DOI_10.1038_s44161_025_00612_6,Cardiomyocyte,vCM6,human,false,CACNA2D1,implied,Results p.6,"one additional CM state (vCM6) that showed enrichment of genes related to regulation of heart rate by cardiac conduction (including, for example, CAMK2D, KCND3, CACNA2D1, CTNNA3 and CACNA1C)"
DOI_10.1038_s44161_025_00612_6,Cardiomyocyte,vCM6,human,false,CTNNA3,implied,Results p.6,"one additional CM state (vCM6) that showed enrichment of genes related to regulation of heart rate by cardiac conduction (including, for example, CAMK2D, KCND3, CACNA2D1, CTNNA3 and CACNA1C)"
DOI_10.1038_s44161_025_00612_6,Cardiomyocyte,vCM6,human,false,CACNA1C,implied,Results p.6,"one additional CM state (vCM6) that showed enrichment of genes related to regulation of heart rate by cardiac conduction (including, for example, CAMK2D, KCND3, CACNA2D1, CTNNA3 and CACNA1C)"
DOI_10.1038_s44161_025_00612_6,Endothelial cell,EC10,human,false,KIT,explicit,Results p.7,"EC10 showed enriched expression of pro-angiogenic stem cell receptor KIT, SMAD1 and tip cell marker genes (including ANGPT2, PGF and PDGFB)"
DOI_10.1038_s44161_025_00612_6,Endothelial cell,EC10,human,false,SMAD1,explicit,Results p.7,"EC10 showed enriched expression of pro-angiogenic stem cell receptor KIT, SMAD1 and tip cell marker genes (including ANGPT2, PGF and PDGFB)"
DOI_10.1038_s44161_025_00612_6,Endothelial cell,EC10,human,false,ANGPT2,explicit,Results p.7,"EC10 showed enriched expression of pro-angiogenic stem cell receptor KIT, SMAD1 and tip cell marker genes (including ANGPT2, PGF and PDGFB)"
DOI_10.1038_s44161_025_00612_6,Endothelial cell,EC10,human,false,PGF,explicit,Results p.7,"EC10 showed enriched expression of pro-angiogenic stem cell receptor KIT, SMAD1 and tip cell marker genes (including ANGPT2, PGF and PDGFB)"
DOI_10.1038_s44161_025_00612_6,Endothelial cell,EC10,human,false,PDGFB,explicit,Results p.7,"EC10 showed enriched expression of pro-angiogenic stem cell receptor KIT, SMAD1 and tip cell marker genes (including ANGPT2, PGF and PDGFB)"
DOI_10.1038_s44161_025_00612_6,Pericyte,PC1.1,human,false,ADAMTS9,implied,Results p.7,"We identified one additional PC state (PC1.1) with enriched expression of genes with anti-angiogenic capacity, including ADAMTS9, ADAMTS1 and HIPK2"
DOI_10.1038_s44161_025_00612_6,Pericyte,PC1.1,human,false,ADAMTS1,implied,Results p.7,"We identified one additional PC state (PC1.1) with enriched expression of genes with anti-angiogenic capacity, including ADAMTS9, ADAMTS1 and HIPK2"
DOI_10.1038_s44161_025_00612_6,Pericyte,PC1.1,human,false,HIPK2,implied,Results p.7,"We identified one additional PC state (PC1.1) with enriched expression of genes with anti-angiogenic capacity, including ADAMTS9, ADAMTS1 and HIPK2"
DOI_10.1038_s44161_025_00612_6,T cells,,human,false,CD3,explicit,Discussion,Non-COVID-19 patients were specifically selected based on prior confirmed lymphocytic infiltrations using immunohistochemical detection of CD3+ T cells.
DOI_10.1038_s44161_025_00612_6,T cells,CD4+,human,false,CD4,explicit,Discussion,The analysis of snRNA-seq-identified lymphocytes showed increased CD4+ to CD8+ T cell ratios
DOI_10.1038_s44161_025_00612_6,T cells,CD8+,human,false,CD8,explicit,Discussion,The analysis of snRNA-seq-identified lymphocytes showed increased CD4+ to CD8+ T cell ratios
DOI_10.1038_s44161_025_00612_6,T cells,CD8T_act_effector (CD16+CD8+),human,false,CD16,explicit,Discussion,we identified significantly enriched highly activated CD16+CD8+ T cells (CD8T_act_effector)
DOI_10.1038_s44161_025_00612_6,T cells,CD8T_act_effector (CD16+CD8+),human,false,CD8,explicit,Discussion,we identified significantly enriched highly activated CD16+CD8+ T cells (CD8T_act_effector)
DOI_10.1038_s44161_025_00612_6,macrophages,,human,false,CD68,explicit,Discussion,Previous studies showed high amounts of CD68+ macrophages in cardiac tissue of patients who died or developed myocarditis after SARS-CoV-2 infection or vaccination
DOI_10.1038_s44161_025_00612_6,tissue repair macrophages,Lyve1hiMHCIIlo,human,false,Lyve1,explicit,Discussion,"we noted a loss of tissue repair macrophages, such as Lyve1hiMHCIIlo macrophages, which are critical for repair processes."
DOI_10.1038_s44161_025_00612_6,tissue repair macrophages,Lyve1hiMHCIIlo,human,false,MHCII,explicit,Discussion,"we noted a loss of tissue repair macrophages, such as Lyve1hiMHCIIlo macrophages, which are critical for repair processes."
DOI_10.1038_s44161_025_00612_6,EC,EC_PKHD1L1+,human,false,PKHD1L1,explicit,Extended Data Fig. 2c,PKHD1L1+ EC frequency in LV for patients and control groups... highlighting endocardial EC (EC7) or lymphatic EC (EC8) cell states within the EC_PKHD1L1+ cell population
DOI_10.1038_s44161_025_00612_6,Myeloid cell,,human,false,CX3CR1,implied,Extended Data Fig. 4c,Condition-split UMAP showing CX3CR1 expression per myeloid nuclei across control and myocarditis groups
DOI_10.1038_s44161_025_00612_6,Myeloid cell,Lyve1loMHCIIhi MP,human,false,Lyve1,explicit,Extended Data Fig. 4e,Dot plots showing differential expression of genes identified to be upregulated in Lyve1loMHCIIhi MP in patient groups relative to control
DOI_10.1038_s44318_024_00328_6,AT2-like cells,,human,false,SFTPB,explicit,"Results, Fig.1G","Moreover, the organoids express proteins required for surfactant production, such as LAMP3, ABCA3, and Napsin-A, as well as typical AT2 markers HTII-280, E-cadherin and HOPX"
DOI_10.1038_s44318_024_00328_6,AT2-like cells,,human,false,SFTPC,explicit,"Results, Fig.1G","Moreover, the organoids express proteins required for surfactant production, such as LAMP3, ABCA3, and Napsin-A, as well as typical AT2 markers HTII-280, E-cadherin and HOPX"
DOI_10.1038_s44318_024_00328_6,AT2-like cells,,human,false,LAMP3,explicit,"Results, Fig.1G","Moreover, the organoids express proteins required for surfactant production, such as LAMP3, ABCA3, and Napsin-A, as well as typical AT2 markers HTII-280, E-cadherin and HOPX"
DOI_10.1038_s44318_024_00328_6,AT2-like cells,,human,false,ABCA3,explicit,"Results, Fig.1G","Moreover, the organoids express proteins required for surfactant production, such as LAMP3, ABCA3, and Napsin-A, as well as typical AT2 markers HTII-280, E-cadherin and HOPX"
DOI_10.1038_s44318_024_00328_6,AT2-like cells,,human,false,HOPX,explicit,"Results, Fig.1G","Moreover, the organoids express proteins required for surfactant production, such as LAMP3, ABCA3, and Napsin-A, as well as typical AT2 markers HTII-280, E-cadherin and HOPX"
DOI_10.1038_s44318_024_00328_6,AT1-like cells,,human,false,AQP5,explicit,"Results, Fig.2C,D,F,G","the fdAT2 organoids showed upregulation of AT1 fate markers, such as AQP5, CAV1, and AGER, and downregulation of SFTPC and SFTPC-GFP"
DOI_10.1038_s44318_024_00328_6,AT1-like cells,,human,false,CAV1,explicit,"Results, Fig.2C,D,F,G","the fdAT2 organoids showed upregulation of AT1 fate markers, such as AQP5, CAV1, and AGER, and downregulation of SFTPC and SFTPC-GFP"
DOI_10.1038_s44318_024_00328_6,AT1-like cells,,human,false,AGER,explicit,"Results, Fig.2C,D,F,G","the fdAT2 organoids showed upregulation of AT1 fate markers, such as AQP5, CAV1, and AGER, and downregulation of SFTPC and SFTPC-GFP"
DOI_10.1073_pnas.2313326120,cancer-associated fibroblasts,POSTN+ subpopulation,human,false,POSTN,implied,Abstract,cancer-associated fibroblasts are an expansion of a POSTN+ subpopulation associated with hair follicles in healthy skin
DOI_10.1073_pnas.2313326120,pericytes,,human,false,RGS5,implied,Abstract,RGS5+ pericytes are also expanded in BCC suggesting a role in vascular remodelling
DOI_10.1073_pnas.2313326120,extra-articular chondrocytes,,human,false,ACAN,explicit,Results: scRNAseq in Healthy Skin and BCC Samples,"Based on marker expression (including high expression of ACAN and COL2A1), we identified these cells as extra-articular chondrocytes (Fig. 1 B–D and SI Appendix, Fig. S2 E and F)."
DOI_10.1073_pnas.2313326120,extra-articular chondrocytes,,human,false,COL2A1,explicit,Results: scRNAseq in Healthy Skin and BCC Samples,"Based on marker expression (including high expression of ACAN and COL2A1), we identified these cells as extra-articular chondrocytes (Fig. 1 B–D and SI Appendix, Fig. S2 E and F)."
DOI_10.1073_pnas.2313326120,APOD+ fibroblasts,,human,false,APOD,explicit,Results: Fibroblast Subpopulations Are Spatially Restricted within the Dermis of Healthy Skin and BCC Stroma,"Unbiased clustering of our integrated scRNAseq dataset identified four main populations of fibroblasts which we designated APOD+, SFRP2+, PTGDS+, and POSTN+ based on specific gene expression (Fig. 3A)."
DOI_10.1073_pnas.2313326120,SFRP2+ fibroblasts,,human,false,SFRP2,explicit,Results: Fibroblast Subpopulations Are Spatially Restricted within the Dermis of Healthy Skin and BCC Stroma,"Unbiased clustering of our integrated scRNAseq dataset identified four main populations of fibroblasts which we designated APOD+, SFRP2+, PTGDS+, and POSTN+ based on specific gene expression (Fig. 3A)."
DOI_10.1073_pnas.2313326120,PTGDS+ fibroblasts,,human,false,PTGDS,explicit,Results: Fibroblast Subpopulations Are Spatially Restricted within the Dermis of Healthy Skin and BCC Stroma,"Unbiased clustering of our integrated scRNAseq dataset identified four main populations of fibroblasts which we designated APOD+, SFRP2+, PTGDS+, and POSTN+ based on specific gene expression (Fig. 3A)."
DOI_10.1073_pnas.2313326120,POSTN+ fibroblasts,,human,false,POSTN,explicit,Results: Fibroblast Subpopulations Are Spatially Restricted within the Dermis of Healthy Skin and BCC Stroma,"Unbiased clustering of our integrated scRNAseq dataset identified four main populations of fibroblasts which we designated APOD+, SFRP2+, PTGDS+, and POSTN+ based on specific gene expression (Fig. 3A)."
DOI_10.1073_pnas.2313326120,RGS5+ pericytes,,human,false,RGS5,explicit,Results: The Architecture of Cutaneous Blood Vessels Reflects Vessel Size and Anatomical Site and Is Altered in BCC,"In keeping with previous studies (20), there were two major pericyte populations, which we denoted RGS5+ and TAGLN+ based on high expression of those genes (SI Appendix, Fig. S2E)."
DOI_10.1073_pnas.2313326120,TAGLN+ pericytes,,human,false,TAGLN,explicit,Results: The Architecture of Cutaneous Blood Vessels Reflects Vessel Size and Anatomical Site and Is Altered in BCC,"In keeping with previous studies (20), there were two major pericyte populations, which we denoted RGS5+ and TAGLN+ based on high expression of those genes (SI Appendix, Fig. S2E)."
DOI_10.1073_pnas.2313326120,smooth muscle cells (SMC),,human,false,DES,explicit,Results: The Architecture of Cutaneous Blood Vessels Reflects Vessel Size and Anatomical Site and Is Altered in BCC,"We additionally identified a population expressing high levels of DES and ACTA2, which is a gene signature of SMC (SI Appendix, Fig. S2E)."
DOI_10.1073_pnas.2313326120,smooth muscle cells (SMC),,human,false,ACTA2,explicit,Results: The Architecture of Cutaneous Blood Vessels Reflects Vessel Size and Anatomical Site and Is Altered in BCC,"We additionally identified a population expressing high levels of DES and ACTA2, which is a gene signature of SMC (SI Appendix, Fig. S2E)."
DOI_10.1073_pnas.2313326120,IFE basal K,,human,false,KRT14,explicit,Fig.4C,"KRT14, POSTN, DLL1 represented the IFE basal K."
DOI_10.1073_pnas.2313326120,IFE basal K,,human,false,POSTN,explicit,Fig.4C,"KRT14, POSTN, DLL1 represented the IFE basal K."
DOI_10.1073_pnas.2313326120,IFE basal K,,human,false,DLL1,explicit,Fig.4C,"KRT14, POSTN, DLL1 represented the IFE basal K."
DOI_10.1073_pnas.2313326120,Dividing K,,human,false,CDK1,explicit,Fig.4C,Dividing K coexpressed CDK1 and PCNA.
DOI_10.1073_pnas.2313326120,Dividing K,,human,false,PCNA,explicit,Fig.4C,Dividing K coexpressed CDK1 and PCNA.
DOI_10.1073_pnas.2313326120,inner bulb cluster,,human,false,KRT17,explicit,Fig.4C,KRT17 was a marker of the inner bulb cluster.
DOI_10.1073_pnas.2313326120,outer HF bulb,,human,false,SFRP1,explicit,Fig.4C,SFRP1; WIF1 marked the outer HF bulb.
DOI_10.1073_pnas.2313326120,outer HF bulb,,human,false,WIF1,explicit,Fig.4C,SFRP1; WIF1 marked the outer HF bulb.
DOI_10.1073_pnas.2313326120,spinous IFE keratinocytes,,human,false,KRT1,explicit,Fig.4C,"KRT1, KRT10, and LY6D marked spinous IFE keratinocytes."
DOI_10.1073_pnas.2313326120,spinous IFE keratinocytes,,human,false,KRT10,explicit,Fig.4C,"KRT1, KRT10, and LY6D marked spinous IFE keratinocytes."
DOI_10.1073_pnas.2313326120,spinous IFE keratinocytes,,human,false,LY6D,explicit,Fig.4C,"KRT1, KRT10, and LY6D marked spinous IFE keratinocytes."
DOI_10.1073_pnas.2313326120,sweat glands,,human,false,KRT19,explicit,Fig.4C,KRT19 and DCD marked sweat glands.
DOI_10.1073_pnas.2313326120,sweat glands,,human,false,DCD,explicit,Fig.4C,KRT19 and DCD marked sweat glands.
DOI_10.1073_pnas.2313326120,sebaceous glands,,human,false,MGST1,explicit,Fig.4C,MGST1 marked sebaceous glands.
DOI_10.1073_pnas.2313326120,transitional K,,human,false,FOS,explicit,Fig.4C,"Markers such as FOS, JUN or KRT6A and KRT6B, highly expressed by transitional K and upper HF K, were not included in our ISS gene panel."
DOI_10.1073_pnas.2313326120,transitional K,,human,false,JUN,explicit,Fig.4C,"Markers such as FOS, JUN or KRT6A and KRT6B, highly expressed by transitional K and upper HF K, were not included in our ISS gene panel."
DOI_10.1073_pnas.2313326120,transitional K,,human,false,KRT6A,explicit,Fig.4C,"Markers such as FOS, JUN or KRT6A and KRT6B, highly expressed by transitional K and upper HF K, were not included in our ISS gene panel."
DOI_10.1073_pnas.2313326120,transitional K,,human,false,KRT6B,explicit,Fig.4C,"Markers such as FOS, JUN or KRT6A and KRT6B, highly expressed by transitional K and upper HF K, were not included in our ISS gene panel."
DOI_10.1073_pnas.2313326120,upper HF K,,human,false,FOS,explicit,Fig.4C,"Markers such as FOS, JUN or KRT6A and KRT6B, highly expressed by transitional K and upper HF K, were not included in our ISS gene panel."
DOI_10.1073_pnas.2313326120,upper HF K,,human,false,JUN,explicit,Fig.4C,"Markers such as FOS, JUN or KRT6A and KRT6B, highly expressed by transitional K and upper HF K, were not included in our ISS gene panel."
DOI_10.1073_pnas.2313326120,upper HF K,,human,false,KRT6A,explicit,Fig.4C,"Markers such as FOS, JUN or KRT6A and KRT6B, highly expressed by transitional K and upper HF K, were not included in our ISS gene panel."
DOI_10.1073_pnas.2313326120,upper HF K,,human,false,KRT6B,explicit,Fig.4C,"Markers such as FOS, JUN or KRT6A and KRT6B, highly expressed by transitional K and upper HF K, were not included in our ISS gene panel."
DOI_10.1084_jem.20191130,adipogenic progenitor cells (APC),,human,false,PDGFRα,explicit,Introduction,"Lineage-tracing and cell-sorting studies have demonstrated that hyperplastic adipose expansion relies on differentiation of APCs in the SVF6,7, broadly marked by expression of PDGFRα8-10."
DOI_10.1084_jem.20191130,mature adipocytes,,human,false,ADIPOQ,explicit,Fig. 1D,cell populations with significant expression of adiponectin (ADIPOQ) are annotated as mature adipocytes
DOI_10.1084_jem.20191130,mature adipocytes,,human,false,PPARG,explicit,"Results, Identification of two subpopulations of mature adipocytes","based on robust expression of multiple adipocyte markers, including ADIPOQ, PPARG, PLIN, and LEP"
DOI_10.1084_jem.20191130,mature adipocytes,,human,false,PLIN,explicit,"Results, Identification of two subpopulations of mature adipocytes","based on robust expression of multiple adipocyte markers, including ADIPOQ, PPARG, PLIN, and LEP"
DOI_10.1084_jem.20191130,mature adipocytes,,human,false,LEP,explicit,"Results, Identification of two subpopulations of mature adipocytes","based on robust expression of multiple adipocyte markers, including ADIPOQ, PPARG, PLIN, and LEP"
DOI_10.1084_jem.20191130,mature adipocytes,,human,false,PLIN1,implied,Supplementary Figure 2Q,"Violin Plots showing expression of DCN, PDGFRA, COL6A3, PRRX1, DCLK1, CAMK1D, ATP11A, ARHGEF3, PLIN1, PLIN4, LEP, and ADIPOQ in the three identified APC populations (P) and in all subpopulations of mature adipocytes (Q)."
DOI_10.1084_jem.20191130,mature adipocytes,,human,false,PLIN4,implied,Supplementary Figure 2Q,"Violin Plots showing expression of DCN, PDGFRA, COL6A3, PRRX1, DCLK1, CAMK1D, ATP11A, ARHGEF3, PLIN1, PLIN4, LEP, and ADIPOQ in the three identified APC populations (P) and in all subpopulations of mature adipocytes (Q)."
DOI_10.1084_jem.20191130,adipogenic progenitor cells,,human,false,PDGFRA,explicit,Fig. 1D,whereas those with robust PDGFRA expression are annotated as adipogenic progenitor cells (APC)
DOI_10.1084_jem.20191130,NeuroCs,,human,NA,CNTNAP,explicit,"Results, Cell type identification","one with neuronal ontology was enriched for multiple members of the contactin-associated protein-like family (CNTNAP), thus termed neuronal-associated cells (NeuroCs, cluster 9)"
DOI_10.1084_jem.20191130,NeuroCs,,human,NA,CNTNAP2,explicit,Supplementary Figure 1H,"UMAP Plot showing expression of CNTNAP2 for all biopsies (upper left panel), expression of CNTNAP2 divided by anatomical location (IAT: left, SAT: right), and pathway enrichment ontology analysis of NeuroCs cell population. Violin Plot showing expression of CNTNAP2 divided by anatomical location and percentage of CNTNAP+ cells within NeuroCs cell population."
DOI_10.1084_jem.20191130,PRM1+ cells,,human,NA,PRM1,explicit,"Results, Cell type identification","one with protamine 1 (PRM1) as its top marker, termed PRM1+ cells (cluster 8)"
DOI_10.1084_jem.20191130,beige adipocytes,subpopulation 5,human,false,EBF2,explicit,"Results, Identification of ADIPOMATlo subpopulations",one subpopulation of EBF2+/PRDM16+ “beige” adipocytes (subpopulation 5)
DOI_10.1084_jem.20191130,beige adipocytes,subpopulation 5,human,false,PRDM16,explicit,"Results, Identification of ADIPOMATlo subpopulations","The EBF2+ population represents thermogenic beige adipocytes, as evidence by enriched expression of PPARGC1A and PRDM16"
DOI_10.1084_jem.20191130,beige adipocytes,subpopulation 5,human,false,PPARGC1A,explicit,"Results, Identification of ADIPOMATlo subpopulations","The EBF2+ population represents thermogenic beige adipocytes, as evidence by enriched expression of PPARGC1A and PRDM16"
DOI_10.1084_jem.20191130,beige thermogenic cell,,human,false,EBF2,explicit,"Discussion, paragraph 5","These cells express established transcriptional regulators of the thermogenic program (e.g. EBF2, PPARGC1A, and PRDM16) as well as newly identified marker transcripts such as DPP6, ZNF804A, GIPR, and KCNJ3."
DOI_10.1084_jem.20191130,beige thermogenic cell,,human,false,PPARGC1A,explicit,"Discussion, paragraph 5","These cells express established transcriptional regulators of the thermogenic program (e.g. EBF2, PPARGC1A, and PRDM16) as well as newly identified marker transcripts such as DPP6, ZNF804A, GIPR, and KCNJ3."
DOI_10.1084_jem.20191130,beige thermogenic cell,,human,false,PRDM16,explicit,"Discussion, paragraph 5","These cells express established transcriptional regulators of the thermogenic program (e.g. EBF2, PPARGC1A, and PRDM16) as well as newly identified marker transcripts such as DPP6, ZNF804A, GIPR, and KCNJ3."
DOI_10.1084_jem.20191130,beige thermogenic cell,,human,false,DPP6,explicit,"Discussion, paragraph 5","These cells express established transcriptional regulators of the thermogenic program (e.g. EBF2, PPARGC1A, and PRDM16) as well as newly identified marker transcripts such as DPP6, ZNF804A, GIPR, and KCNJ3."
DOI_10.1084_jem.20191130,beige thermogenic cell,,human,false,ZNF804A,explicit,"Discussion, paragraph 5","These cells express established transcriptional regulators of the thermogenic program (e.g. EBF2, PPARGC1A, and PRDM16) as well as newly identified marker transcripts such as DPP6, ZNF804A, GIPR, and KCNJ3."
DOI_10.1084_jem.20191130,beige thermogenic cell,,human,false,GIPR,explicit,"Discussion, paragraph 5","These cells express established transcriptional regulators of the thermogenic program (e.g. EBF2, PPARGC1A, and PRDM16) as well as newly identified marker transcripts such as DPP6, ZNF804A, GIPR, and KCNJ3."
DOI_10.1084_jem.20191130,beige thermogenic cell,,human,false,KCNJ3,explicit,"Discussion, paragraph 5","These cells express established transcriptional regulators of the thermogenic program (e.g. EBF2, PPARGC1A, and PRDM16) as well as newly identified marker transcripts such as DPP6, ZNF804A, GIPR, and KCNJ3."
DOI_10.1084_jem.20191130,APC,,human,false,DCN,implied,Supplementary Figure 2P,"Violin Plots showing expression of DCN, PDGFRA, COL6A3, PRRX1, DCLK1, CAMK1D, ATP11A, ARHGEF3, PLIN1, PLIN4, LEP, and ADIPOQ in the three identified APC populations (P) and in all subpopulations of mature adipocytes (Q)."
DOI_10.1084_jem.20191130,APC,,human,false,PDGFRA,implied,Supplementary Figure 2P,"Violin Plots showing expression of DCN, PDGFRA, COL6A3, PRRX1, DCLK1, CAMK1D, ATP11A, ARHGEF3, PLIN1, PLIN4, LEP, and ADIPOQ in the three identified APC populations (P) and in all subpopulations of mature adipocytes (Q)."
DOI_10.1084_jem.20191130,APC,,human,false,COL6A3,implied,Supplementary Figure 2P,"Violin Plots showing expression of DCN, PDGFRA, COL6A3, PRRX1, DCLK1, CAMK1D, ATP11A, ARHGEF3, PLIN1, PLIN4, LEP, and ADIPOQ in the three identified APC populations (P) and in all subpopulations of mature adipocytes (Q)."
DOI_10.1084_jem.20191130,APC,,human,false,PRRX1,implied,Supplementary Figure 2P,"Violin Plots showing expression of DCN, PDGFRA, COL6A3, PRRX1, DCLK1, CAMK1D, ATP11A, ARHGEF3, PLIN1, PLIN4, LEP, and ADIPOQ in the three identified APC populations (P) and in all subpopulations of mature adipocytes (Q)."
DOI_10.1084_jem.20191130,APC,,human,false,DCLK1,implied,Supplementary Figure 2P,"Violin Plots showing expression of DCN, PDGFRA, COL6A3, PRRX1, DCLK1, CAMK1D, ATP11A, ARHGEF3, PLIN1, PLIN4, LEP, and ADIPOQ in the three identified APC populations (P) and in all subpopulations of mature adipocytes (Q)."
DOI_10.1084_jem.20191130,APC,,human,false,CAMK1D,implied,Supplementary Figure 2P,"Violin Plots showing expression of DCN, PDGFRA, COL6A3, PRRX1, DCLK1, CAMK1D, ATP11A, ARHGEF3, PLIN1, PLIN4, LEP, and ADIPOQ in the three identified APC populations (P) and in all subpopulations of mature adipocytes (Q)."
DOI_10.1084_jem.20191130,APC,,human,false,ATP11A,implied,Supplementary Figure 2P,"Violin Plots showing expression of DCN, PDGFRA, COL6A3, PRRX1, DCLK1, CAMK1D, ATP11A, ARHGEF3, PLIN1, PLIN4, LEP, and ADIPOQ in the three identified APC populations (P) and in all subpopulations of mature adipocytes (Q)."
DOI_10.1084_jem.20191130,APC,,human,false,ARHGEF3,implied,Supplementary Figure 2P,"Violin Plots showing expression of DCN, PDGFRA, COL6A3, PRRX1, DCLK1, CAMK1D, ATP11A, ARHGEF3, PLIN1, PLIN4, LEP, and ADIPOQ in the three identified APC populations (P) and in all subpopulations of mature adipocytes (Q)."
DOI_10.1084_jem.20191130,mature adipocyte,,human,false,ADIPOQ,explicit,Fig.1D,"Single-nucleus gene expression (upper: Feature Plot, lower: Violin Plot) of ADIPOQ and PDGFRA in all captured nuclei"
DOI_10.1084_jem.20191130,adipogenic progenitor cell,,human,false,PDGFRA,explicit,Fig.1D,"Single-nucleus gene expression (upper: Feature Plot, lower: Violin Plot) of ADIPOQ and PDGFRA in all captured nuclei"
DOI_10.1084_jem.20191130,PRM1+ cell population,,human,NA,PRM1,explicit,Supplementary Figure 1G,"UMAP plot showing expression of PRM1 for all biopsies (upper left panel), expression of PRM1 divided by anatomical location (IAT: left, SAT: right) and pathway enrichment ontology analysis of PRM1+ cell population (lower)."
DOI_10.1084_jem.20191130,mature adipocytes,beige adipocytes,human,false,PPARGC1A,implied,Supplementary Figure 2N,"Feature Plot of mature adipocytes showing expression of PPARGC1A, EBF2, and PRDM16, followed by percentage of beige adipocytes."
DOI_10.1084_jem.20191130,mature adipocytes,beige adipocytes,human,false,EBF2,implied,Supplementary Figure 2N,"Feature Plot of mature adipocytes showing expression of PPARGC1A, EBF2, and PRDM16, followed by percentage of beige adipocytes."
DOI_10.1084_jem.20191130,mature adipocytes,beige adipocytes,human,false,PRDM16,implied,Supplementary Figure 2N,"Feature Plot of mature adipocytes showing expression of PPARGC1A, EBF2, and PRDM16, followed by percentage of beige adipocytes."
DOI_10.1084_jem.20191130,CNTNAP+,,human,true,CNTNAP,explicit,Fig.1,"Cell cluster labeled CNTNAP+ in Figure 1, indicating CNTNAP is a marker for this cluster."
DOI_10.1084_jem.20191130,PRM1+,,human,NA,PRM1,explicit,Fig.1,"Cell cluster labeled PRM1+ in Figure 1, indicating PRM1 is a marker for this cluster."
DOI_10.1084_jem.20191130,ADIPOMAThi,,human,false,ADIPOQ,explicit,Fig.2D,Figure 2D lists documented adipocyte markers including ADIPOQ.
DOI_10.1084_jem.20191130,ADIPOMAThi,,human,false,PPARG,explicit,Fig.2D,Figure 2D lists documented adipocyte markers including PPARG.
DOI_10.1084_jem.20191130,ADIPOMAThi,,human,false,LEP,explicit,Fig.2D,Figure 2D lists documented adipocyte markers including LEP.
DOI_10.1084_jem.20191130,ADIPOMAThi,,human,false,PLIN1,explicit,Fig.2D,Figure 2D lists documented adipocyte markers including PLIN1.
DOI_10.1084_jem.20191130,ADIPOMAThi,,human,false,PLIN4,explicit,Fig.2D,Figure 2D lists documented adipocyte markers including PLIN4.
DOI_10.1084_jem.20191130,ADIPOMAThi,,human,false,PLIN5,explicit,Fig.2D,Figure 2D lists documented adipocyte markers including PLIN5.
DOI_10.1084_jem.20191130,ADIPOMAThi,,human,false,FABP4,explicit,Fig.2D,Figure 2D lists documented adipocyte markers including FABP4.
DOI_10.1084_jem.20191130,ADIPOMAThi,,human,false,CIDEA,explicit,Fig.2D,Figure 2D lists documented adipocyte markers including CIDEA.
DOI_10.1084_jem.20191130,ADIPOMAThi,,human,false,CIDEC,explicit,Fig.2D,Figure 2D lists documented adipocyte markers including CIDEC.
DOI_10.1084_jem.20191130,ADIPOMAThi,,human,false,DGAT2,explicit,Fig.2D,Figure 2D lists documented adipocyte markers including DGAT2.
DOI_10.1084_jem.20191130,ADIPOMAThi,,human,false,LIPE,explicit,Fig.2D,Figure 2D lists documented adipocyte markers including LIPE.
DOI_10.1084_jem.20191130,ADIPOMAThi,,human,false,LPL,explicit,Fig.2D,Figure 2D lists documented adipocyte markers including LPL.
DOI_10.1084_jem.20191130,ADIPOMAThi,,human,false,PDE3B,explicit,Fig.2D,Figure 2D lists documented adipocyte markers including PDE3B.
DOI_10.1084_jem.20191130,ADIPOMAThi,,human,false,GHR,explicit,Fig.2D,Figure 2D lists documented adipocyte markers including GHR.
DOI_10.1084_jem.20191130,ADIPOMAThi,,human,false,AQP7,explicit,Fig.2D,Figure 2D lists documented adipocyte markers including AQP7.
DOI_10.1084_jem.20191130,ADIPOMATlo,,human,false,ADIPOQ,explicit,Fig.2D,Figure 2D lists documented adipocyte markers including ADIPOQ.
DOI_10.1084_jem.20191130,ADIPOMATlo,,human,false,PPARG,explicit,Fig.2D,Figure 2D lists documented adipocyte markers including PPARG.
DOI_10.1084_jem.20191130,ADIPOMATlo,,human,false,LEP,explicit,Fig.2D,Figure 2D lists documented adipocyte markers including LEP.
DOI_10.1084_jem.20191130,ADIPOMATlo,,human,false,PLIN1,explicit,Fig.2D,Figure 2D lists documented adipocyte markers including PLIN1.
DOI_10.1084_jem.20191130,ADIPOMATlo,,human,false,PLIN4,explicit,Fig.2D,Figure 2D lists documented adipocyte markers including PLIN4.
DOI_10.1084_jem.20191130,ADIPOMATlo,,human,false,PLIN5,explicit,Fig.2D,Figure 2D lists documented adipocyte markers including PLIN5.
DOI_10.1084_jem.20191130,ADIPOMATlo,,human,false,FABP4,explicit,Fig.2D,Figure 2D lists documented adipocyte markers including FABP4.
DOI_10.1084_jem.20191130,ADIPOMATlo,,human,false,CIDEA,explicit,Fig.2D,Figure 2D lists documented adipocyte markers including CIDEA.
DOI_10.1084_jem.20191130,ADIPOMATlo,,human,false,CIDEC,explicit,Fig.2D,Figure 2D lists documented adipocyte markers including CIDEC.
DOI_10.1084_jem.20191130,ADIPOMATlo,,human,false,DGAT2,explicit,Fig.2D,Figure 2D lists documented adipocyte markers including DGAT2.
DOI_10.1084_jem.20191130,ADIPOMATlo,,human,false,LIPE,explicit,Fig.2D,Figure 2D lists documented adipocyte markers including LIPE.
DOI_10.1084_jem.20191130,ADIPOMATlo,,human,false,LPL,explicit,Fig.2D,Figure 2D lists documented adipocyte markers including LPL.
DOI_10.1084_jem.20191130,ADIPOMATlo,,human,false,PDE3B,explicit,Fig.2D,Figure 2D lists documented adipocyte markers including PDE3B.
DOI_10.1084_jem.20191130,ADIPOMATlo,,human,false,GHR,explicit,Fig.2D,Figure 2D lists documented adipocyte markers including GHR.
DOI_10.1084_jem.20191130,ADIPOMATlo,,human,false,AQP7,explicit,Fig.2D,Figure 2D lists documented adipocyte markers including AQP7.
DOI_10.1084_jem.20191130,Adipo1,,human,false,ADIPOQ,explicit,Fig.2D,Adipocyte markers from Figure 2D apply to adipocyte clusters including Adipo1.
DOI_10.1084_jem.20191130,Adipo1,,human,false,PPARG,explicit,Fig.2D,Adipocyte markers from Figure 2D apply to adipocyte clusters including Adipo1.
DOI_10.1084_jem.20191130,Adipo1,,human,false,LEP,explicit,Fig.2D,Adipocyte markers from Figure 2D apply to adipocyte clusters including Adipo1.
DOI_10.1084_jem.20191130,Adipo1,,human,false,PLIN1,explicit,Fig.2D,Adipocyte markers from Figure 2D apply to adipocyte clusters including Adipo1.
DOI_10.1084_jem.20191130,Adipo1,,human,false,PLIN4,explicit,Fig.2D,Adipocyte markers from Figure 2D apply to adipocyte clusters including Adipo1.
DOI_10.1084_jem.20191130,Adipo1,,human,false,PLIN5,explicit,Fig.2D,Adipocyte markers from Figure 2D apply to adipocyte clusters including Adipo1.
DOI_10.1084_jem.20191130,Adipo1,,human,false,FABP4,explicit,Fig.2D,Adipocyte markers from Figure 2D apply to adipocyte clusters including Adipo1.
DOI_10.1084_jem.20191130,Adipo1,,human,false,CIDEA,explicit,Fig.2D,Adipocyte markers from Figure 2D apply to adipocyte clusters including Adipo1.
DOI_10.1084_jem.20191130,Adipo1,,human,false,CIDEC,explicit,Fig.2D,Adipocyte markers from Figure 2D apply to adipocyte clusters including Adipo1.
DOI_10.1084_jem.20191130,Adipo1,,human,false,DGAT2,explicit,Fig.2D,Adipocyte markers from Figure 2D apply to adipocyte clusters including Adipo1.
DOI_10.1084_jem.20191130,Adipo1,,human,false,LIPE,explicit,Fig.2D,Adipocyte markers from Figure 2D apply to adipocyte clusters including Adipo1.
DOI_10.1084_jem.20191130,Adipo1,,human,false,LPL,explicit,Fig.2D,Adipocyte markers from Figure 2D apply to adipocyte clusters including Adipo1.
DOI_10.1084_jem.20191130,Adipo1,,human,false,PDE3B,explicit,Fig.2D,Adipocyte markers from Figure 2D apply to adipocyte clusters including Adipo1.
DOI_10.1084_jem.20191130,Adipo1,,human,false,GHR,explicit,Fig.2D,Adipocyte markers from Figure 2D apply to adipocyte clusters including Adipo1.
DOI_10.1084_jem.20191130,Adipo1,,human,false,AQP7,explicit,Fig.2D,Adipocyte markers from Figure 2D apply to adipocyte clusters including Adipo1.
DOI_10.1084_jem.20191130,Adipo2,,human,false,ADIPOQ,explicit,Fig.2D,Adipocyte markers from Figure 2D apply to adipocyte clusters including Adipo2.
DOI_10.1084_jem.20191130,Adipo2,,human,false,PPARG,explicit,Fig.2D,Adipocyte markers from Figure 2D apply to adipocyte clusters including Adipo2.
DOI_10.1084_jem.20191130,Adipo2,,human,false,LEP,explicit,Fig.2D,Adipocyte markers from Figure 2D apply to adipocyte clusters including Adipo2.
DOI_10.1084_jem.20191130,Adipo2,,human,false,PLIN1,explicit,Fig.2D,Adipocyte markers from Figure 2D apply to adipocyte clusters including Adipo2.
DOI_10.1084_jem.20191130,Adipo2,,human,false,PLIN4,explicit,Fig.2D,Adipocyte markers from Figure 2D apply to adipocyte clusters including Adipo2.
DOI_10.1084_jem.20191130,Adipo2,,human,false,PLIN5,explicit,Fig.2D,Adipocyte markers from Figure 2D apply to adipocyte clusters including Adipo2.
DOI_10.1084_jem.20191130,Adipo2,,human,false,FABP4,explicit,Fig.2D,Adipocyte markers from Figure 2D apply to adipocyte clusters including Adipo2.
DOI_10.1084_jem.20191130,Adipo2,,human,false,CIDEA,explicit,Fig.2D,Adipocyte markers from Figure 2D apply to adipocyte clusters including Adipo2.
DOI_10.1084_jem.20191130,Adipo2,,human,false,CIDEC,explicit,Fig.2D,Adipocyte markers from Figure 2D apply to adipocyte clusters including Adipo2.
DOI_10.1084_jem.20191130,Adipo2,,human,false,DGAT2,explicit,Fig.2D,Adipocyte markers from Figure 2D apply to adipocyte clusters including Adipo2.
DOI_10.1084_jem.20191130,Adipo2,,human,false,LIPE,explicit,Fig.2D,Adipocyte markers from Figure 2D apply to adipocyte clusters including Adipo2.
DOI_10.1084_jem.20191130,Adipo2,,human,false,LPL,explicit,Fig.2D,Adipocyte markers from Figure 2D apply to adipocyte clusters including Adipo2.
DOI_10.1084_jem.20191130,Adipo2,,human,false,PDE3B,explicit,Fig.2D,Adipocyte markers from Figure 2D apply to adipocyte clusters including Adipo2.
DOI_10.1084_jem.20191130,Adipo2,,human,false,GHR,explicit,Fig.2D,Adipocyte markers from Figure 2D apply to adipocyte clusters including Adipo2.
DOI_10.1084_jem.20191130,Adipo2,,human,false,AQP7,explicit,Fig.2D,Adipocyte markers from Figure 2D apply to adipocyte clusters including Adipo2.
DOI_10.1084_jem.20191130,Adipo3,,human,false,ADIPOQ,explicit,Fig.2D,Adipocyte markers from Figure 2D apply to adipocyte clusters including Adipo3.
DOI_10.1084_jem.20191130,Adipo3,,human,false,PPARG,explicit,Fig.2D,Adipocyte markers from Figure 2D apply to adipocyte clusters including Adipo3.
DOI_10.1084_jem.20191130,Adipo3,,human,false,LEP,explicit,Fig.2D,Adipocyte markers from Figure 2D apply to adipocyte clusters including Adipo3.
DOI_10.1084_jem.20191130,Adipo3,,human,false,PLIN1,explicit,Fig.2D,Adipocyte markers from Figure 2D apply to adipocyte clusters including Adipo3.
DOI_10.1084_jem.20191130,Adipo3,,human,false,PLIN4,explicit,Fig.2D,Adipocyte markers from Figure 2D apply to adipocyte clusters including Adipo3.
DOI_10.1084_jem.20191130,Adipo3,,human,false,PLIN5,explicit,Fig.2D,Adipocyte markers from Figure 2D apply to adipocyte clusters including Adipo3.
DOI_10.1084_jem.20191130,Adipo3,,human,false,FABP4,explicit,Fig.2D,Adipocyte markers from Figure 2D apply to adipocyte clusters including Adipo3.
DOI_10.1084_jem.20191130,Adipo3,,human,false,CIDEA,explicit,Fig.2D,Adipocyte markers from Figure 2D apply to adipocyte clusters including Adipo3.
DOI_10.1084_jem.20191130,Adipo3,,human,false,CIDEC,explicit,Fig.2D,Adipocyte markers from Figure 2D apply to adipocyte clusters including Adipo3.
DOI_10.1084_jem.20191130,Adipo3,,human,false,DGAT2,explicit,Fig.2D,Adipocyte markers from Figure 2D apply to adipocyte clusters including Adipo3.
DOI_10.1084_jem.20191130,Adipo3,,human,false,LIPE,explicit,Fig.2D,Adipocyte markers from Figure 2D apply to adipocyte clusters including Adipo3.
DOI_10.1084_jem.20191130,Adipo3,,human,false,LPL,explicit,Fig.2D,Adipocyte markers from Figure 2D apply to adipocyte clusters including Adipo3.
DOI_10.1084_jem.20191130,Adipo3,,human,false,PDE3B,explicit,Fig.2D,Adipocyte markers from Figure 2D apply to adipocyte clusters including Adipo3.
DOI_10.1084_jem.20191130,Adipo3,,human,false,GHR,explicit,Fig.2D,Adipocyte markers from Figure 2D apply to adipocyte clusters including Adipo3.
DOI_10.1084_jem.20191130,Adipo3,,human,false,AQP7,explicit,Fig.2D,Adipocyte markers from Figure 2D apply to adipocyte clusters including Adipo3.
DOI_10.1101_2021.09.17.21263540,stem cells,,human,false,LGR5,explicit,Results (Fig. 2E),"Organ specificity was highlighted by stem cell markers of the stomach and intestine, LGR5 and OLFM4."
DOI_10.1101_2021.09.17.21263540,stem cells,,human,false,OLFM4,explicit,Results (Fig. 2E),"Organ specificity was highlighted by stem cell markers of the stomach and intestine, LGR5 and OLFM4."
DOI_10.1101_2021.09.17.21263540,intestinal stem cells,,human,false,LGR5,explicit,Results (Fig. 6F),"The ISC markers LGR5, ASCL2, and OLFM4 showed increased expression in NRG1-grown ISCs."
DOI_10.1101_2021.09.17.21263540,intestinal stem cells,,human,false,ASCL2,explicit,Results (Fig. 6F),"The ISC markers LGR5, ASCL2, and OLFM4 showed increased expression in NRG1-grown ISCs."
DOI_10.1101_2021.09.17.21263540,intestinal stem cells,,human,false,OLFM4,explicit,Results (Fig. 6F),"The ISC markers LGR5, ASCL2, and OLFM4 showed increased expression in NRG1-grown ISCs."
DOI_10.1101_2021.09.17.21263540,enterocyte precursors,,human,false,FABP2,explicit,Results (Fig. 4G),"enterocyte precursors (c7, FABP2+/APOA4 low)"
DOI_10.1101_2021.09.17.21263540,enterocytes,,human,false,FABP2,explicit,Results (Fig. 4G),"enterocytes (c8, FABP2+/APOA4+)"
DOI_10.1101_2021.09.17.21263540,enterocytes,,human,false,APOA4,explicit,Results (Fig. 4G),"enterocytes (c8, FABP2+/APOA4+)"
DOI_10.1101_2021.09.17.21263540,enterocytes,,human,false,LCT,explicit,Fig. 4D,"epithelial lineage markers (FABP2, CHGA, and LCT)"
DOI_10.1101_2021.09.17.21263540,enterocytes,,human,false,SI,explicit,Fig. 4D,brush border (SI)
DOI_10.1101_2021.09.17.21263540,enteroendocrine cells,,human,false,CHGA,explicit,Results (Fig. 4G),"enteroendocrine cells (c9, CHGA+/ISL1+)"
DOI_10.1101_2021.09.17.21263540,enteroendocrine cells,,human,false,ISL1,explicit,Results (Fig. 4G),"enteroendocrine cells (c9, CHGA+/ISL1+)"
DOI_10.1101_2021.09.17.21263540,M cells,,human,false,SPIB,explicit,Results (Fig. 4G),"M cells (c10, SPIB+/CA7+)"
DOI_10.1101_2021.09.17.21263540,M cells,,human,false,CA7,explicit,Results (Fig. 4G),"M cells (c10, SPIB+/CA7+)"
DOI_10.1101_2021.09.17.21263540,goblet cells,,human,false,MUC2,explicit,Results (Fig. 4G),"goblet cells (c11, MUC2+/SPINK4+)"
DOI_10.1101_2021.09.17.21263540,goblet cells,,human,false,SPINK4,explicit,Results (Fig. 4G),"goblet cells (c11, MUC2+/SPINK4+)"
DOI_10.1101_2021.09.17.21263540,vascular smooth muscle cells,,human,false,DES,explicit,Results (Fig. 3A),"vascular smooth muscle cells (VSMCs; cluster 2 [c2], DES+/RGS5+)"
DOI_10.1101_2021.09.17.21263540,vascular smooth muscle cells,,human,false,RGS5,explicit,Results (Fig. 3A),"vascular smooth muscle cells (VSMCs; cluster 2 [c2], DES+/RGS5+)"
DOI_10.1101_2021.09.17.21263540,interstitial cells of Cajal,,human,false,ANO1,explicit,Results (Fig. 3A),"interstitial cells of Cajal (ICCs; c4, ANO1+/KIT+)"
DOI_10.1101_2021.09.17.21263540,interstitial cells of Cajal,,human,false,KIT,explicit,Results (Fig. 3A),"interstitial cells of Cajal (ICCs; c4, ANO1+/KIT+)"
DOI_10.1101_2021.09.17.21263540,chondrocyte-like cells,,human,false,SOX9,explicit,Results (Fig. 3A),"chondrocyte-like cells (c21, SOX9+/COL9A3+)"
DOI_10.1101_2021.09.17.21263540,chondrocyte-like cells,,human,false,COL9A3,explicit,Results (Fig. 3A),"chondrocyte-like cells (c21, SOX9+/COL9A3+)"
DOI_10.1101_2021.09.17.21263540,SERPINF1-high cells,,human,false,SERPINF1,explicit,Results (Fig. 3A),"SERPINF1-high (c20, SERPINF1+/ABCA8+) cells"
DOI_10.1101_2021.09.17.21263540,SERPINF1-high cells,,human,false,ABCA8,explicit,Results (Fig. 3A),"SERPINF1-high (c20, SERPINF1+/ABCA8+) cells"
DOI_10.1101_2021.09.17.21263540,SERPINF1-high cells,,human,false,PRRX1,explicit,Results (Fig. 3B/C),the TF PRRX1 marks chondrocyte-like SERPINF1-high cells and pericytes in the lung
DOI_10.1101_2021.09.17.21263540,pericytes,,human,false,PRRX1,explicit,Results (Fig. 3B/C),the TF PRRX1 marks chondrocyte-like SERPINF1-high cells and pericytes in the lung
DOI_10.1101_2021.09.17.21263540,intestinal mesenchyme,,human,false,NKX2-3,explicit,Results (Fig. 3C),"We validated the TF NKX2-3 and secreted factor WNT2 as general markers that distinguish intestine and lung mesenchyme, respectively."
DOI_10.1101_2021.09.17.21263540,lung mesenchyme,,human,false,WNT2,explicit,Results (Fig. 3C),"We validated the TF NKX2-3 and secreted factor WNT2 as general markers that distinguish intestine and lung mesenchyme, respectively."
DOI_10.1101_2021.09.17.21263540,subepithelial mesenchyme,,human,false,SALL1,explicit,Results (Fig. 3B/C),"the TF SALL1 specifically marks F3+ subepithelial mesenchyme (c15, subepithelial, NRG1+/F3+) in the stomach and intestine"
DOI_10.1101_2021.09.17.21263540,subepithelial mesenchyme,,human,false,NRG1,explicit,Results (Fig. 3B/C),"the TF SALL1 specifically marks F3+ subepithelial mesenchyme (c15, subepithelial, NRG1+/F3+) in the stomach and intestine"
DOI_10.1101_2021.09.17.21263540,subepithelial mesenchyme,,human,false,F3,explicit,Results (Fig. 3B/C),"the TF SALL1 specifically marks F3+ subepithelial mesenchyme (c15, subepithelial, NRG1+/F3+) in the stomach and intestine; also F3+/DLL1+ mesenchymal subtype (c15)"
DOI_10.1101_2021.09.17.21263540,subepithelial mesenchyme,,human,false,DLL1,explicit,Results (Data S1),Fluorescence in situ hybridization validated subepithelial localization of the F3+/DLL1+ mesenchymal subtype (c15)
DOI_10.1101_2021.09.17.21263540,CXCL14+ mesenchyme,,human,false,CXCL14,explicit,Results (Fig. 4F/G),"CXCL14+ mesenchyme (c4, CXCL14+/NSG1+)"
DOI_10.1101_2021.09.17.21263540,CXCL14+ mesenchyme,,human,false,NSG1,explicit,Results (Fig. 4F/G),"CXCL14+ mesenchyme (c4, CXCL14+/NSG1+)"
DOI_10.1101_2021.09.17.21263540,SFRP2+ mesenchyme,,human,false,SFRP2,explicit,Results (Fig. 4F/G),"SFRP2+ mesenchyme (c2, SFRP2+/PRRX1+)"
DOI_10.1101_2021.09.17.21263540,SFRP2+ mesenchyme,,human,false,PRRX1,explicit,Results (Fig. 4F/G),"SFRP2+ mesenchyme (c2, SFRP2+/PRRX1+)"
DOI_10.1101_2021.09.17.21263540,esophagus mesenchyme,,human,false,MOXD1,explicit,Results (Fig. 6G),"a NKX2-3-depleted cluster marked by MOXD1 (c8), an esophagus mesenchymal marker"
DOI_10.1101_2021.09.17.21263540,SFRP1-high mesenchyme,,human,false,SFRP1,explicit,Results (Fig. S4A),"At 7 PCWs, we observed two groups of precursors that showed different expression levels of SFRP1; SFRP1-high cell types (c3, c4, and c5)"
DOI_10.1101_2021.09.17.21263540,PITX1+ smooth muscle cells,,human,false,PITX1,explicit,Results (Fig. S4C/D),"PITX1+ smooth muscle cell (SMC, c7)"
DOI_10.1101_2021.09.17.21263540,GDF10+ mesenchyme,,human,false,GDF10,explicit,Results (Fig. 3A),"GDF10+ (c8, GDF10+/WNT2B+) cells"
DOI_10.1101_2021.09.17.21263540,GDF10+ mesenchyme,,human,false,WNT2B,explicit,Results (Fig. 3A),"GDF10+ (c8, GDF10+/WNT2B+) cells"
DOI_10.1101_2021.09.17.21263540,definitive endoderm,,human,false,EOMES,explicit,Results (Fig. S3A-D),"expressed definitive endoderm (EOMES, SOX17, and FOXA2)"
DOI_10.1101_2021.09.17.21263540,definitive endoderm,,human,false,SOX17,explicit,Results (Fig. S3A-D),"expressed definitive endoderm (EOMES, SOX17, and FOXA2)"
DOI_10.1101_2021.09.17.21263540,definitive endoderm,,human,false,FOXA2,explicit,Results (Fig. S3A-D),"expressed definitive endoderm (EOMES, SOX17, and FOXA2)"
DOI_10.1101_2021.09.17.21263540,primitive streak cells,,human,false,MIXL1,explicit,Results (Fig. S3A-D),"primitive streak markers (MIXL1, GSC, and LHX1)"
DOI_10.1101_2021.09.17.21263540,primitive streak cells,,human,false,GSC,explicit,Results (Fig. S3A-D),"primitive streak markers (MIXL1, GSC, and LHX1)"
DOI_10.1101_2021.09.17.21263540,primitive streak cells,,human,false,LHX1,explicit,Results (Fig. S3A-D),"primitive streak markers (MIXL1, GSC, and LHX1)"
DOI_10.1101_2021.09.17.21263540,intestinal epithelial cells,,human,false,CDX2,explicit,Results (Fig. S3A-D),"HIO epithelial developmental trajectory (c0, c2, c6, c7, c11, c12, and c14) marked by co-expression of CDX2 and CDH1; also CDX2+/CDX1+ intestinal epithelial cell types"
DOI_10.1101_2021.09.17.21263540,intestinal epithelial cells,,human,false,CDH1,explicit,Results (Fig. S3A-D),"HIO epithelial developmental trajectory (c0, c2, c6, c7, c11, c12, and c14) marked by co-expression of CDX2 and CDH1"
DOI_10.1101_2021.09.17.21263540,intestinal epithelial cells,,human,false,CDX1,explicit,Results (Fig. 6E),HIOs grown with high concentrations of EGF had the highest proportion of intestinal epithelial cell types (CDX2+/CDX1+)
DOI_10.1101_2021.09.17.21263540,mesoderm-like cluster (c9),,human,false,HAND1,explicit,Results (Fig. S3A-D),cluster 9 was CDX2+/CDH1+ and ... exhibited mesoderm features (HAND1+/FOXF1+)
DOI_10.1101_2021.09.17.21263540,mesoderm-like cluster (c9),,human,false,FOXF1,explicit,Results (Fig. S3A-D),cluster 9 was CDX2+/CDH1+ and ... exhibited mesoderm features (HAND1+/FOXF1+)
DOI_10.1101_2021.09.17.21263540,mesoderm progenitors,,human,false,CDX2,explicit,Results (Fig. S4F),"a trajectory from mesoderm progenitors marked by CDX2, HAND1, and MKI67"
DOI_10.1101_2021.09.17.21263540,mesoderm progenitors,,human,false,HAND1,explicit,Results (Fig. S4F),"a trajectory from mesoderm progenitors marked by CDX2, HAND1, and MKI67"
DOI_10.1101_2021.09.17.21263540,mesoderm progenitors,,human,false,MKI67,explicit,Results (Fig. S4F),"a trajectory from mesoderm progenitors marked by CDX2, HAND1, and MKI67"
DOI_10.1101_2021.09.17.21263540,foregut-associated PRRX1+ mesenchyme,,human,false,PRRX1,explicit,Results (Fig. S4F/G),foregut-associated PRRX1+ mesenchyme
DOI_10.1101_2021.09.17.21263540,lung/esophagus-like epithelial cells,,human,false,SOX2,explicit,Results (Fig. 6D/E),"mostly lung/esophagus-like (92%), expressing SOX2 and basal cell markers (e.g., KRT4 and TP63) or the ciliated cell marker FOXJ1"
DOI_10.1101_2021.09.17.21263540,lung/esophagus-like epithelial cells,,human,false,KRT4,explicit,Results (Fig. 6D/E),"basal cell markers (e.g., KRT4 and TP63)"
DOI_10.1101_2021.09.17.21263540,lung/esophagus-like epithelial cells,,human,false,TP63,explicit,Results (Fig. 6D/E),"basal cell markers (e.g., KRT4 and TP63)"
DOI_10.1101_2021.09.17.21263540,lung/esophagus-like epithelial cells,,human,false,FOXJ1,explicit,Results (Fig. 6D/E),ciliated cell marker FOXJ1
DOI_10.1101_2021.09.17.21263540,stomach-like epithelial cells,,human,false,MUC5AC,explicit,Results (Fig. 6E),"22% [0E-100N] and 60% [1E-100N] are stomach like; ... (CDX2+, MUC5AC+, or CLDN18+)"
DOI_10.1101_2021.09.17.21263540,stomach-like epithelial cells,,human,false,CLDN18,explicit,Results (Fig. 6E),"22% [0E-100N] and 60% [1E-100N] are stomach like; ... (CDX2+, MUC5AC+, or CLDN18+)"
DOI_10.1101_2021.09.17.21263540,MUC5AC+ epithelial cells,,human,false,MUC5AC,explicit,Results (Fig. 7D),"multiple epithelial cell populations abundant in CDX2 KO organoids, such as MUC5AC+ (c7), MUC16+ (c11), and SPP1+ (c10) cells"
DOI_10.1101_2021.09.17.21263540,MUC16+ epithelial cells,,human,false,MUC16,explicit,Results (Fig. 7D),"multiple epithelial cell populations abundant in CDX2 KO organoids, such as MUC5AC+ (c7), MUC16+ (c11), and SPP1+ (c10) cells"
DOI_10.1101_2021.09.17.21263540,SPP1+ epithelial cells,,human,false,SPP1,explicit,Results (Fig. 7D),"multiple epithelial cell populations abundant in CDX2 KO organoids, such as MUC5AC+ (c7), MUC16+ (c11), and SPP1+ (c10) cells"
DOI_10.1101_2021.09.17.21263540,primitive streak,,human,false,MIXL1,explicit,Fig. S3C,"Feature plots of definitive endoderm (FOXA2 and SOX17), primitive streak (MIXL1), the gastrointestinal epithelium (CDH1 and GPX2), and mesoderm or mesenchyme (BMP4, FOXF1 and PDGFRA) markers in HIO time course and MG data."
DOI_10.1101_2021.09.17.21263540,gastrointestinal epithelium,,human,false,CDH1,explicit,Fig. S3C,"Feature plots of definitive endoderm (FOXA2 and SOX17), primitive streak (MIXL1), the gastrointestinal epithelium (CDH1 and GPX2), and mesoderm or mesenchyme (BMP4, FOXF1 and PDGFRA) markers in HIO time course and MG data."
DOI_10.1101_2021.09.17.21263540,gastrointestinal epithelium,,human,false,GPX2,explicit,Fig. S3C,"Feature plots of definitive endoderm (FOXA2 and SOX17), primitive streak (MIXL1), the gastrointestinal epithelium (CDH1 and GPX2), and mesoderm or mesenchyme (BMP4, FOXF1 and PDGFRA) markers in HIO time course and MG data."
DOI_10.1101_2021.09.17.21263540,mesoderm or mesenchyme,,human,false,BMP4,explicit,Fig. S3C,"Feature plots of definitive endoderm (FOXA2 and SOX17), primitive streak (MIXL1), the gastrointestinal epithelium (CDH1 and GPX2), and mesoderm or mesenchyme (BMP4, FOXF1 and PDGFRA) markers in HIO time course and MG data."
DOI_10.1101_2021.09.17.21263540,mesoderm or mesenchyme,,human,false,FOXF1,explicit,Fig. S3C,"Feature plots of definitive endoderm (FOXA2 and SOX17), primitive streak (MIXL1), the gastrointestinal epithelium (CDH1 and GPX2), and mesoderm or mesenchyme (BMP4, FOXF1 and PDGFRA) markers in HIO time course and MG data."
DOI_10.1101_2021.09.17.21263540,mesoderm or mesenchyme,,human,false,PDGFRA,explicit,Fig. S3C,"Feature plots of definitive endoderm (FOXA2 and SOX17), primitive streak (MIXL1), the gastrointestinal epithelium (CDH1 and GPX2), and mesoderm or mesenchyme (BMP4, FOXF1 and PDGFRA) markers in HIO time course and MG data."
DOI_10.1101_2021.09.17.21263540,intestinal stem cell,,human,false,LGR5,implied,Fig. S3H,"Top sidebars show the most frequent time point, average LGR5, and OLFM4 expression within each cell bin."
DOI_10.1101_2021.09.17.21263540,intestinal stem cell,,human,false,OLFM4,implied,Fig. S3H,"Top sidebars show the most frequent time point, average LGR5, and OLFM4 expression within each cell bin."
DOI_10.1101_2021.09.17.21263540,enterocyte,,human,false,APOA4,explicit,"STAR Methods, Identification of stem cell clusters, stemness genes shared by multiple organs, and functional enrichment analysis",We excluded an enterocyte cluster which is APOA4+.
DOI_10.1101_2021.09.17.21263540,mesoderm progenitor,,human,false,CDX2,explicit,"STAR Methods, Reconstruction of regulons in duodenum intestinal stem cells, HIO mesenchymal cells and epithelial cells",We defined intestine mesenchyme development associated regulations as the TF-target pairs where both the genes are enriched in the mesoderm progenitor cluster (CDX2+/HAND1+/MKI67+) or NKX2-3+ clusters.
DOI_10.1101_2021.09.17.21263540,mesoderm progenitor,,human,false,HAND1,explicit,"STAR Methods, Reconstruction of regulons in duodenum intestinal stem cells, HIO mesenchymal cells and epithelial cells",We defined intestine mesenchyme development associated regulations as the TF-target pairs where both the genes are enriched in the mesoderm progenitor cluster (CDX2+/HAND1+/MKI67+) or NKX2-3+ clusters.
DOI_10.1101_2021.09.17.21263540,mesoderm progenitor,,human,false,MKI67,explicit,"STAR Methods, Reconstruction of regulons in duodenum intestinal stem cells, HIO mesenchymal cells and epithelial cells",We defined intestine mesenchyme development associated regulations as the TF-target pairs where both the genes are enriched in the mesoderm progenitor cluster (CDX2+/HAND1+/MKI67+) or NKX2-3+ clusters.
DOI_10.1101_2021.09.17.21263540,intestinal differentiated mesenchymal cell,,human,false,NKX2-3,explicit,"STAR Methods, Transcriptome similarity-based mapping between datasets",We defined two NKX2-3+/MKI67- clusters that are enriched for 4-week cells as intestinal differentiated mesenchymal cell clusters.
DOI_10.1101_2021.09.17.21263540,PITX1+ SMC,,human,false,PITX1,explicit,"STAR Methods, Transcriptome similarity-based mapping between datasets","We combined CD81-high, GDF10+ and PITX1+ SMC into one cell type (CD81-high like) in PCW 7 considering these three cell types co-clustered in the individual analysis of this sample."
DOI_10.1101_2021.09.17.21263540,CD81-high like cell,,human,false,CD81,explicit,"STAR Methods, Transcriptome similarity-based mapping between datasets","We combined CD81-high, GDF10+ and PITX1+ SMC into one cell type (CD81-high like) in PCW 7 considering these three cell types co-clustered in the individual analysis of this sample."
DOI_10.1101_2024.03.05.583423,ACM,,mouse,false,Myl7,explicit,"Results (Figure 2, Table S2)","Three major cardiomyocyte subtypes, atrial (ACM: Myl7), ventricular (VCM: Myl2, Myl3, Myh7) and trabecular (TCM: Nppa, Gtsf1) were identified."
DOI_10.1101_2024.03.05.583423,VCM,,mouse,false,Myl2,explicit,"Results (Figure 2, Table S2)","Three major cardiomyocyte subtypes, atrial (ACM: Myl7), ventricular (VCM: Myl2, Myl3, Myh7) and trabecular (TCM: Nppa, Gtsf1) were identified."
DOI_10.1101_2024.03.05.583423,VCM,,mouse,false,Myl3,explicit,"Results (Figure 2, Table S2)","Three major cardiomyocyte subtypes, atrial (ACM: Myl7), ventricular (VCM: Myl2, Myl3, Myh7) and trabecular (TCM: Nppa, Gtsf1) were identified."
DOI_10.1101_2024.03.05.583423,VCM,,mouse,false,Myh7,explicit,"Results (Figure 2, Table S2)","Three major cardiomyocyte subtypes, atrial (ACM: Myl7), ventricular (VCM: Myl2, Myl3, Myh7) and trabecular (TCM: Nppa, Gtsf1) were identified."
DOI_10.1101_2024.03.05.583423,TCM,,mouse,false,Nppa,explicit,"Results (Figure 2, Table S2)","Three major cardiomyocyte subtypes, atrial (ACM: Myl7), ventricular (VCM: Myl2, Myl3, Myh7) and trabecular (TCM: Nppa, Gtsf1) were identified."
DOI_10.1101_2024.03.05.583423,TCM,,mouse,false,Gtsf1,explicit,"Results (Figure 2, Table S2)","Three major cardiomyocyte subtypes, atrial (ACM: Myl7), ventricular (VCM: Myl2, Myl3, Myh7) and trabecular (TCM: Nppa, Gtsf1) were identified."
DOI_10.1101_2024.03.05.583423,ACM,ACM2,mouse,false,Nppa,implied,"Results (Figure 2, Table S2)","Two atrial cardiomyocyte subtypes (ACM1 and ACM2) were noted, primarily distinguished by increased expression of Nppa, Nppb, and Bmp10 in ACM2."
DOI_10.1101_2024.03.05.583423,ACM,ACM2,mouse,false,Nppb,implied,"Results (Figure 2, Table S2)","Two atrial cardiomyocyte subtypes (ACM1 and ACM2) were noted, primarily distinguished by increased expression of Nppa, Nppb, and Bmp10 in ACM2."
DOI_10.1101_2024.03.05.583423,ACM,ACM2,mouse,false,Bmp10,implied,"Results (Figure 2, Table S2)","Two atrial cardiomyocyte subtypes (ACM1 and ACM2) were noted, primarily distinguished by increased expression of Nppa, Nppb, and Bmp10 in ACM2."
DOI_10.1101_2024.03.05.583423,SAN/CC,,mouse,false,Vsnl1,explicit,"Results (Figure 2, Table S2)","High-resolution clustering additionally revealed an ACM1-like, Nppa-negative cluster of cardiomyocytes expressing genes associated with the cardiac conduction system such as Vsnl1, Shox2, and Slc22a1, likely containing cells of the sinoatrial node and the rest of the cardiac conduction system (SAN/CC)."
DOI_10.1101_2024.03.05.583423,SAN/CC,,mouse,false,Shox2,explicit,"Results (Figure 2, Table S2)","High-resolution clustering additionally revealed an ACM1-like, Nppa-negative cluster of cardiomyocytes expressing genes associated with the cardiac conduction system such as Vsnl1, Shox2, and Slc22a1, likely containing cells of the sinoatrial node and the rest of the cardiac conduction system (SAN/CC)."
DOI_10.1101_2024.03.05.583423,SAN/CC,,mouse,false,Slc22a1,explicit,"Results (Figure 2, Table S2)","High-resolution clustering additionally revealed an ACM1-like, Nppa-negative cluster of cardiomyocytes expressing genes associated with the cardiac conduction system such as Vsnl1, Shox2, and Slc22a1, likely containing cells of the sinoatrial node and the rest of the cardiac conduction system (SAN/CC)."
DOI_10.1101_2024.03.05.583423,CFIB,,mouse,false,Dpt,explicit,"Results (Figure 2, Table S2)","These cells were comprised of cardiac fibroblasts (CFIB: Dpt, Tcf21, Lsp1, Spon2), vascular smooth muscle cells (VSM: Tagln, Acta2, Rgs5), pericytes (PERI: Kcnj8, Abcc9, Higd1b) and valvular interstitial cells (VIC: Vcan, Col9a1, Prss35, Adamts19, Cthrc1)."
DOI_10.1101_2024.03.05.583423,CFIB,,mouse,false,Tcf21,explicit,"Results (Figure 2, Table S2)","These cells were comprised of cardiac fibroblasts (CFIB: Dpt, Tcf21, Lsp1, Spon2), vascular smooth muscle cells (VSM: Tagln, Acta2, Rgs5), pericytes (PERI: Kcnj8, Abcc9, Higd1b) and valvular interstitial cells (VIC: Vcan, Col9a1, Prss35, Adamts19, Cthrc1)."
DOI_10.1101_2024.03.05.583423,CFIB,,mouse,false,Lsp1,explicit,"Results (Figure 2, Table S2)","These cells were comprised of cardiac fibroblasts (CFIB: Dpt, Tcf21, Lsp1, Spon2), vascular smooth muscle cells (VSM: Tagln, Acta2, Rgs5), pericytes (PERI: Kcnj8, Abcc9, Higd1b) and valvular interstitial cells (VIC: Vcan, Col9a1, Prss35, Adamts19, Cthrc1)."
DOI_10.1101_2024.03.05.583423,CFIB,,mouse,false,Spon2,explicit,"Results (Figure 2, Table S2)","These cells were comprised of cardiac fibroblasts (CFIB: Dpt, Tcf21, Lsp1, Spon2), vascular smooth muscle cells (VSM: Tagln, Acta2, Rgs5), pericytes (PERI: Kcnj8, Abcc9, Higd1b) and valvular interstitial cells (VIC: Vcan, Col9a1, Prss35, Adamts19, Cthrc1)."
DOI_10.1101_2024.03.05.583423,CFIB,CFIB2,mouse,false,Osr1,implied,"Results (Figure 2, Table S2)","Both CFIB and VSM were subdivided in two clusters, with CFIB2 being notably enriched for Osr1 and VSM2 being enriched for the contractile gene Myh11."
DOI_10.1101_2024.03.05.583423,VSM,,mouse,false,Tagln,explicit,"Results (Figure 2, Table S2)","These cells were comprised of cardiac fibroblasts (CFIB: Dpt, Tcf21, Lsp1, Spon2), vascular smooth muscle cells (VSM: Tagln, Acta2, Rgs5), pericytes (PERI: Kcnj8, Abcc9, Higd1b) and valvular interstitial cells (VIC: Vcan, Col9a1, Prss35, Adamts19, Cthrc1)."
DOI_10.1101_2024.03.05.583423,VSM,,mouse,false,Acta2,explicit,"Results (Figure 2, Table S2)","These cells were comprised of cardiac fibroblasts (CFIB: Dpt, Tcf21, Lsp1, Spon2), vascular smooth muscle cells (VSM: Tagln, Acta2, Rgs5), pericytes (PERI: Kcnj8, Abcc9, Higd1b) and valvular interstitial cells (VIC: Vcan, Col9a1, Prss35, Adamts19, Cthrc1)."
DOI_10.1101_2024.03.05.583423,VSM,,mouse,false,Rgs5,explicit,"Results (Figure 2, Table S2)","These cells were comprised of cardiac fibroblasts (CFIB: Dpt, Tcf21, Lsp1, Spon2), vascular smooth muscle cells (VSM: Tagln, Acta2, Rgs5), pericytes (PERI: Kcnj8, Abcc9, Higd1b) and valvular interstitial cells (VIC: Vcan, Col9a1, Prss35, Adamts19, Cthrc1)."
DOI_10.1101_2024.03.05.583423,VSM,VSM2,mouse,false,Myh11,implied,"Results (Figure 2, Table S2)","Both CFIB and VSM were subdivided in two clusters, with CFIB2 being notably enriched for Osr1 and VSM2 being enriched for the contractile gene Myh11."
DOI_10.1101_2024.03.05.583423,PERI,,mouse,false,Kcnj8,explicit,"Results (Figure 2, Table S2)","These cells were comprised of cardiac fibroblasts (CFIB: Dpt, Tcf21, Lsp1, Spon2), vascular smooth muscle cells (VSM: Tagln, Acta2, Rgs5), pericytes (PERI: Kcnj8, Abcc9, Higd1b) and valvular interstitial cells (VIC: Vcan, Col9a1, Prss35, Adamts19, Cthrc1)."
DOI_10.1101_2024.03.05.583423,PERI,,mouse,false,Abcc9,explicit,"Results (Figure 2, Table S2)","These cells were comprised of cardiac fibroblasts (CFIB: Dpt, Tcf21, Lsp1, Spon2), vascular smooth muscle cells (VSM: Tagln, Acta2, Rgs5), pericytes (PERI: Kcnj8, Abcc9, Higd1b) and valvular interstitial cells (VIC: Vcan, Col9a1, Prss35, Adamts19, Cthrc1)."
DOI_10.1101_2024.03.05.583423,PERI,,mouse,false,Higd1b,explicit,"Results (Figure 2, Table S2)","These cells were comprised of cardiac fibroblasts (CFIB: Dpt, Tcf21, Lsp1, Spon2), vascular smooth muscle cells (VSM: Tagln, Acta2, Rgs5), pericytes (PERI: Kcnj8, Abcc9, Higd1b) and valvular interstitial cells (VIC: Vcan, Col9a1, Prss35, Adamts19, Cthrc1)."
DOI_10.1101_2024.03.05.583423,VIC,,mouse,false,Vcan,explicit,"Results (Figure 2, Table S2)","These cells were comprised of cardiac fibroblasts (CFIB: Dpt, Tcf21, Lsp1, Spon2), vascular smooth muscle cells (VSM: Tagln, Acta2, Rgs5), pericytes (PERI: Kcnj8, Abcc9, Higd1b) and valvular interstitial cells (VIC: Vcan, Col9a1, Prss35, Adamts19, Cthrc1)."
DOI_10.1101_2024.03.05.583423,VIC,,mouse,false,Col9a1,explicit,"Results (Figure 2, Table S2)","These cells were comprised of cardiac fibroblasts (CFIB: Dpt, Tcf21, Lsp1, Spon2), vascular smooth muscle cells (VSM: Tagln, Acta2, Rgs5), pericytes (PERI: Kcnj8, Abcc9, Higd1b) and valvular interstitial cells (VIC: Vcan, Col9a1, Prss35, Adamts19, Cthrc1)."
DOI_10.1101_2024.03.05.583423,VIC,,mouse,false,Prss35,explicit,"Results (Figure 2, Table S2)","These cells were comprised of cardiac fibroblasts (CFIB: Dpt, Tcf21, Lsp1, Spon2), vascular smooth muscle cells (VSM: Tagln, Acta2, Rgs5), pericytes (PERI: Kcnj8, Abcc9, Higd1b) and valvular interstitial cells (VIC: Vcan, Col9a1, Prss35, Adamts19, Cthrc1)."
DOI_10.1101_2024.03.05.583423,VIC,,mouse,false,Adamts19,explicit,"Results (Figure 2, Table S2)","These cells were comprised of cardiac fibroblasts (CFIB: Dpt, Tcf21, Lsp1, Spon2), vascular smooth muscle cells (VSM: Tagln, Acta2, Rgs5), pericytes (PERI: Kcnj8, Abcc9, Higd1b) and valvular interstitial cells (VIC: Vcan, Col9a1, Prss35, Adamts19, Cthrc1)."
DOI_10.1101_2024.03.05.583423,VIC,,mouse,false,Cthrc1,explicit,"Results (Figure 2, Table S2)","These cells were comprised of cardiac fibroblasts (CFIB: Dpt, Tcf21, Lsp1, Spon2), vascular smooth muscle cells (VSM: Tagln, Acta2, Rgs5), pericytes (PERI: Kcnj8, Abcc9, Higd1b) and valvular interstitial cells (VIC: Vcan, Col9a1, Prss35, Adamts19, Cthrc1)."
DOI_10.1101_2024.03.05.583423,EPIC,,mouse,false,Upk3b,explicit,"Results (Figure 2, Table S2)","In contrast to the interstitial and mural cell populations which shared some similarity in their transcriptional profiles, epicardial cells (EPIC) expressed highly specific genes (Upk3b, Upk1b, Wt1, Msln, Krt19)."
DOI_10.1101_2024.03.05.583423,EPIC,,mouse,false,Upk1b,explicit,"Results (Figure 2, Table S2)","In contrast to the interstitial and mural cell populations which shared some similarity in their transcriptional profiles, epicardial cells (EPIC) expressed highly specific genes (Upk3b, Upk1b, Wt1, Msln, Krt19)."
DOI_10.1101_2024.03.05.583423,EPIC,,mouse,false,Wt1,explicit,"Results (Figure 2, Table S2)","In contrast to the interstitial and mural cell populations which shared some similarity in their transcriptional profiles, epicardial cells (EPIC) expressed highly specific genes (Upk3b, Upk1b, Wt1, Msln, Krt19)."
DOI_10.1101_2024.03.05.583423,EPIC,,mouse,false,Msln,explicit,"Results (Figure 2, Table S2)","In contrast to the interstitial and mural cell populations which shared some similarity in their transcriptional profiles, epicardial cells (EPIC) expressed highly specific genes (Upk3b, Upk1b, Wt1, Msln, Krt19)."
DOI_10.1101_2024.03.05.583423,EPIC,,mouse,false,Krt19,explicit,"Results (Figure 2, Table S2)","In contrast to the interstitial and mural cell populations which shared some similarity in their transcriptional profiles, epicardial cells (EPIC) expressed highly specific genes (Upk3b, Upk1b, Wt1, Msln, Krt19)."
DOI_10.1101_2024.03.05.583423,EC,,mouse,false,Cdh5,explicit,"Results (Figure 2, Table S2)","ECs were generally identifiable by canonical markers VE-Cadherin (Cdh5) and CD31 (Pecam1), and further subdivided into vascular (VASCE: Fabp4, Cav1), endocardial (ENDO: Npr3, Mmrn2, Emcn), lymphatic (LYMPHE: Ccl21a, Mmrn1) and valvular endothelial cells (VECs: Hapln1, Cldn11, Lsamp, Cd24a)."
DOI_10.1101_2024.03.05.583423,EC,,mouse,false,Pecam1,explicit,"Results (Figure 2, Table S2)","ECs were generally identifiable by canonical markers VE-Cadherin (Cdh5) and CD31 (Pecam1), and further subdivided into vascular (VASCE: Fabp4, Cav1), endocardial (ENDO: Npr3, Mmrn2, Emcn), lymphatic (LYMPHE: Ccl21a, Mmrn1) and valvular endothelial cells (VECs: Hapln1, Cldn11, Lsamp, Cd24a)."
DOI_10.1101_2024.03.05.583423,EC,VASCE,mouse,false,Fabp4,explicit,"Results (Figure 2, Table S2)","ECs were generally identifiable by canonical markers VE-Cadherin (Cdh5) and CD31 (Pecam1), and further subdivided into vascular (VASCE: Fabp4, Cav1), endocardial (ENDO: Npr3, Mmrn2, Emcn), lymphatic (LYMPHE: Ccl21a, Mmrn1) and valvular endothelial cells (VECs: Hapln1, Cldn11, Lsamp, Cd24a)."
DOI_10.1101_2024.03.05.583423,EC,VASCE,mouse,false,Cav1,explicit,"Results (Figure 2, Table S2)","ECs were generally identifiable by canonical markers VE-Cadherin (Cdh5) and CD31 (Pecam1), and further subdivided into vascular (VASCE: Fabp4, Cav1), endocardial (ENDO: Npr3, Mmrn2, Emcn), lymphatic (LYMPHE: Ccl21a, Mmrn1) and valvular endothelial cells (VECs: Hapln1, Cldn11, Lsamp, Cd24a)."
DOI_10.1101_2024.03.05.583423,EC,ENDO,mouse,false,Npr3,explicit,"Results (Figure 2, Table S2)","ECs were generally identifiable by canonical markers VE-Cadherin (Cdh5) and CD31 (Pecam1), and further subdivided into vascular (VASCE: Fabp4, Cav1), endocardial (ENDO: Npr3, Mmrn2, Emcn), lymphatic (LYMPHE: Ccl21a, Mmrn1) and valvular endothelial cells (VECs: Hapln1, Cldn11, Lsamp, Cd24a)."
DOI_10.1101_2024.03.05.583423,EC,ENDO,mouse,false,Mmrn2,explicit,"Results (Figure 2, Table S2)","ECs were generally identifiable by canonical markers VE-Cadherin (Cdh5) and CD31 (Pecam1), and further subdivided into vascular (VASCE: Fabp4, Cav1), endocardial (ENDO: Npr3, Mmrn2, Emcn), lymphatic (LYMPHE: Ccl21a, Mmrn1) and valvular endothelial cells (VECs: Hapln1, Cldn11, Lsamp, Cd24a)."
DOI_10.1101_2024.03.05.583423,EC,ENDO,mouse,false,Emcn,explicit,"Results (Figure 2, Table S2)","ECs were generally identifiable by canonical markers VE-Cadherin (Cdh5) and CD31 (Pecam1), and further subdivided into vascular (VASCE: Fabp4, Cav1), endocardial (ENDO: Npr3, Mmrn2, Emcn), lymphatic (LYMPHE: Ccl21a, Mmrn1) and valvular endothelial cells (VECs: Hapln1, Cldn11, Lsamp, Cd24a)."
DOI_10.1101_2024.03.05.583423,EC,LYMPHE,mouse,false,Ccl21a,explicit,"Results (Figure 2, Table S2)","ECs were generally identifiable by canonical markers VE-Cadherin (Cdh5) and CD31 (Pecam1), and further subdivided into vascular (VASCE: Fabp4, Cav1), endocardial (ENDO: Npr3, Mmrn2, Emcn), lymphatic (LYMPHE: Ccl21a, Mmrn1) and valvular endothelial cells (VECs: Hapln1, Cldn11, Lsamp, Cd24a)."
DOI_10.1101_2024.03.05.583423,EC,LYMPHE,mouse,false,Mmrn1,explicit,"Results (Figure 2, Table S2)","ECs were generally identifiable by canonical markers VE-Cadherin (Cdh5) and CD31 (Pecam1), and further subdivided into vascular (VASCE: Fabp4, Cav1), endocardial (ENDO: Npr3, Mmrn2, Emcn), lymphatic (LYMPHE: Ccl21a, Mmrn1) and valvular endothelial cells (VECs: Hapln1, Cldn11, Lsamp, Cd24a)."
DOI_10.1101_2024.03.05.583423,EC,VEC,mouse,false,Hapln1,explicit,"Results (Figure 2, Table S2)","ECs were generally identifiable by canonical markers VE-Cadherin (Cdh5) and CD31 (Pecam1), and further subdivided into vascular (VASCE: Fabp4, Cav1), endocardial (ENDO: Npr3, Mmrn2, Emcn), lymphatic (LYMPHE: Ccl21a, Mmrn1) and valvular endothelial cells (VECs: Hapln1, Cldn11, Lsamp, Cd24a)."
DOI_10.1101_2024.03.05.583423,EC,VEC,mouse,false,Cldn11,explicit,"Results (Figure 2, Table S2)","ECs were generally identifiable by canonical markers VE-Cadherin (Cdh5) and CD31 (Pecam1), and further subdivided into vascular (VASCE: Fabp4, Cav1), endocardial (ENDO: Npr3, Mmrn2, Emcn), lymphatic (LYMPHE: Ccl21a, Mmrn1) and valvular endothelial cells (VECs: Hapln1, Cldn11, Lsamp, Cd24a)."
DOI_10.1101_2024.03.05.583423,EC,VEC,mouse,false,Lsamp,explicit,"Results (Figure 2, Table S2)","ECs were generally identifiable by canonical markers VE-Cadherin (Cdh5) and CD31 (Pecam1), and further subdivided into vascular (VASCE: Fabp4, Cav1), endocardial (ENDO: Npr3, Mmrn2, Emcn), lymphatic (LYMPHE: Ccl21a, Mmrn1) and valvular endothelial cells (VECs: Hapln1, Cldn11, Lsamp, Cd24a)."
DOI_10.1101_2024.03.05.583423,EC,VEC,mouse,false,Cd24a,explicit,"Results (Figure 2, Table S2)","ECs were generally identifiable by canonical markers VE-Cadherin (Cdh5) and CD31 (Pecam1), and further subdivided into vascular (VASCE: Fabp4, Cav1), endocardial (ENDO: Npr3, Mmrn2, Emcn), lymphatic (LYMPHE: Ccl21a, Mmrn1) and valvular endothelial cells (VECs: Hapln1, Cldn11, Lsamp, Cd24a)."
DOI_10.1101_2024.03.05.583423,EC,ARTE,mouse,false,Gkn3,explicit,"Results (Figure 2, Table S2)","An additional endothelial cluster was classified as arterial (ARTE) based on strong expression of Gkn3 in addition to Gja4, Fbln5, Bmx, and Eln."
DOI_10.1101_2024.03.05.583423,EC,ARTE,mouse,false,Gja4,explicit,"Results (Figure 2, Table S2)","An additional endothelial cluster was classified as arterial (ARTE) based on strong expression of Gkn3 in addition to Gja4, Fbln5, Bmx, and Eln."
DOI_10.1101_2024.03.05.583423,EC,ARTE,mouse,false,Fbln5,explicit,"Results (Figure 2, Table S2)","An additional endothelial cluster was classified as arterial (ARTE) based on strong expression of Gkn3 in addition to Gja4, Fbln5, Bmx, and Eln."
DOI_10.1101_2024.03.05.583423,EC,ARTE,mouse,false,Bmx,explicit,"Results (Figure 2, Table S2)","An additional endothelial cluster was classified as arterial (ARTE) based on strong expression of Gkn3 in addition to Gja4, Fbln5, Bmx, and Eln."
DOI_10.1101_2024.03.05.583423,EC,ARTE,mouse,false,Eln,explicit,"Results (Figure 2, Table S2)","An additional endothelial cluster was classified as arterial (ARTE) based on strong expression of Gkn3 in addition to Gja4, Fbln5, Bmx, and Eln."
DOI_10.1101_2024.03.05.583423,Macrophages,,mouse,false,Cd14,explicit,"Results (Figure 2, Table S2)","We identified three Cd14+ macrophage subsets: MAC1 (C1qa, Mrc1, Pf4, Ccl2), MAC2 (Plac8, S100a8, Thbs1) and MAC3 (H2-Eb1, H2-Aa, H2-Ab1, Cd74)."
DOI_10.1101_2024.03.05.583423,Macrophages,MAC1,mouse,false,C1qa,explicit,"Results (Figure 2, Table S2)","We identified three Cd14+ macrophage subsets: MAC1 (C1qa, Mrc1, Pf4, Ccl2), MAC2 (Plac8, S100a8, Thbs1) and MAC3 (H2-Eb1, H2-Aa, H2-Ab1, Cd74)."
DOI_10.1101_2024.03.05.583423,Macrophages,MAC1,mouse,false,Mrc1,explicit,"Results (Figure 2, Table S2)","We identified three Cd14+ macrophage subsets: MAC1 (C1qa, Mrc1, Pf4, Ccl2), MAC2 (Plac8, S100a8, Thbs1) and MAC3 (H2-Eb1, H2-Aa, H2-Ab1, Cd74)."
DOI_10.1101_2024.03.05.583423,Macrophages,MAC1,mouse,false,Pf4,explicit,"Results (Figure 2, Table S2)","We identified three Cd14+ macrophage subsets: MAC1 (C1qa, Mrc1, Pf4, Ccl2), MAC2 (Plac8, S100a8, Thbs1) and MAC3 (H2-Eb1, H2-Aa, H2-Ab1, Cd74)."
DOI_10.1101_2024.03.05.583423,Macrophages,MAC1,mouse,false,Ccl2,explicit,"Results (Figure 2, Table S2)","We identified three Cd14+ macrophage subsets: MAC1 (C1qa, Mrc1, Pf4, Ccl2), MAC2 (Plac8, S100a8, Thbs1) and MAC3 (H2-Eb1, H2-Aa, H2-Ab1, Cd74)."
DOI_10.1101_2024.03.05.583423,Macrophages,MAC2,mouse,false,Plac8,explicit,"Results (Figure 2, Table S2)","We identified three Cd14+ macrophage subsets: MAC1 (C1qa, Mrc1, Pf4, Ccl2), MAC2 (Plac8, S100a8, Thbs1) and MAC3 (H2-Eb1, H2-Aa, H2-Ab1, Cd74)."
DOI_10.1101_2024.03.05.583423,Macrophages,MAC2,mouse,false,S100a8,explicit,"Results (Figure 2, Table S2)","We identified three Cd14+ macrophage subsets: MAC1 (C1qa, Mrc1, Pf4, Ccl2), MAC2 (Plac8, S100a8, Thbs1) and MAC3 (H2-Eb1, H2-Aa, H2-Ab1, Cd74)."
DOI_10.1101_2024.03.05.583423,Macrophages,MAC2,mouse,false,Thbs1,explicit,"Results (Figure 2, Table S2)","We identified three Cd14+ macrophage subsets: MAC1 (C1qa, Mrc1, Pf4, Ccl2), MAC2 (Plac8, S100a8, Thbs1) and MAC3 (H2-Eb1, H2-Aa, H2-Ab1, Cd74)."
DOI_10.1101_2024.03.05.583423,Macrophages,MAC3,mouse,false,H2-Eb1,explicit,"Results (Figure 2, Table S2)","We identified three Cd14+ macrophage subsets: MAC1 (C1qa, Mrc1, Pf4, Ccl2), MAC2 (Plac8, S100a8, Thbs1) and MAC3 (H2-Eb1, H2-Aa, H2-Ab1, Cd74)."
DOI_10.1101_2024.03.05.583423,Macrophages,MAC3,mouse,false,H2-Aa,explicit,"Results (Figure 2, Table S2)","We identified three Cd14+ macrophage subsets: MAC1 (C1qa, Mrc1, Pf4, Ccl2), MAC2 (Plac8, S100a8, Thbs1) and MAC3 (H2-Eb1, H2-Aa, H2-Ab1, Cd74)."
DOI_10.1101_2024.03.05.583423,Macrophages,MAC3,mouse,false,H2-Ab1,explicit,"Results (Figure 2, Table S2)","We identified three Cd14+ macrophage subsets: MAC1 (C1qa, Mrc1, Pf4, Ccl2), MAC2 (Plac8, S100a8, Thbs1) and MAC3 (H2-Eb1, H2-Aa, H2-Ab1, Cd74)."
DOI_10.1101_2024.03.05.583423,Macrophages,MAC3,mouse,false,Cd74,explicit,"Results (Figure 2, Table S2)","We identified three Cd14+ macrophage subsets: MAC1 (C1qa, Mrc1, Pf4, Ccl2), MAC2 (Plac8, S100a8, Thbs1) and MAC3 (H2-Eb1, H2-Aa, H2-Ab1, Cd74)."
DOI_10.1101_2024.03.05.583423,B-cells,,mouse,false,Cd79a,explicit,"Results (Figure 2, Table S2)","Other myeloid and lymphoid cell types were seen at later developmental stages representing B-cells (BCELL: Cd79a, Ighm, Ly6d), T-cells (TCELL: Trbc2, Ms4a4b, Cd3d) and Mast cells (MAST: Cpa3, Hdc, Il1rl1)."
DOI_10.1101_2024.03.05.583423,B-cells,,mouse,false,Ighm,explicit,"Results (Figure 2, Table S2)","Other myeloid and lymphoid cell types were seen at later developmental stages representing B-cells (BCELL: Cd79a, Ighm, Ly6d), T-cells (TCELL: Trbc2, Ms4a4b, Cd3d) and Mast cells (MAST: Cpa3, Hdc, Il1rl1)."
DOI_10.1101_2024.03.05.583423,B-cells,,mouse,false,Ly6d,explicit,"Results (Figure 2, Table S2)","Other myeloid and lymphoid cell types were seen at later developmental stages representing B-cells (BCELL: Cd79a, Ighm, Ly6d), T-cells (TCELL: Trbc2, Ms4a4b, Cd3d) and Mast cells (MAST: Cpa3, Hdc, Il1rl1)."
DOI_10.1101_2024.03.05.583423,T-cells,,mouse,false,Trbc2,explicit,"Results (Figure 2, Table S2)","Other myeloid and lymphoid cell types were seen at later developmental stages representing B-cells (BCELL: Cd79a, Ighm, Ly6d), T-cells (TCELL: Trbc2, Ms4a4b, Cd3d) and Mast cells (MAST: Cpa3, Hdc, Il1rl1)."
DOI_10.1101_2024.03.05.583423,T-cells,,mouse,false,Ms4a4b,explicit,"Results (Figure 2, Table S2)","Other myeloid and lymphoid cell types were seen at later developmental stages representing B-cells (BCELL: Cd79a, Ighm, Ly6d), T-cells (TCELL: Trbc2, Ms4a4b, Cd3d) and Mast cells (MAST: Cpa3, Hdc, Il1rl1)."
DOI_10.1101_2024.03.05.583423,T-cells,,mouse,false,Cd3d,explicit,"Results (Figure 2, Table S2)","Other myeloid and lymphoid cell types were seen at later developmental stages representing B-cells (BCELL: Cd79a, Ighm, Ly6d), T-cells (TCELL: Trbc2, Ms4a4b, Cd3d) and Mast cells (MAST: Cpa3, Hdc, Il1rl1)."
DOI_10.1101_2024.03.05.583423,Mast cells,,mouse,false,Cpa3,explicit,"Results (Figure 2, Table S2)","Other myeloid and lymphoid cell types were seen at later developmental stages representing B-cells (BCELL: Cd79a, Ighm, Ly6d), T-cells (TCELL: Trbc2, Ms4a4b, Cd3d) and Mast cells (MAST: Cpa3, Hdc, Il1rl1)."
DOI_10.1101_2024.03.05.583423,Mast cells,,mouse,false,Hdc,explicit,"Results (Figure 2, Table S2)","Other myeloid and lymphoid cell types were seen at later developmental stages representing B-cells (BCELL: Cd79a, Ighm, Ly6d), T-cells (TCELL: Trbc2, Ms4a4b, Cd3d) and Mast cells (MAST: Cpa3, Hdc, Il1rl1)."
DOI_10.1101_2024.03.05.583423,Mast cells,,mouse,false,Il1rl1,explicit,"Results (Figure 2, Table S2)","Other myeloid and lymphoid cell types were seen at later developmental stages representing B-cells (BCELL: Cd79a, Ighm, Ly6d), T-cells (TCELL: Trbc2, Ms4a4b, Cd3d) and Mast cells (MAST: Cpa3, Hdc, Il1rl1)."
DOI_10.1101_2024.03.05.583423,melanocytes,,mouse,false,Pmel,explicit,"Results (Figure 2, Table S2)","Finally, we identified small but clearly distinct clusters of melanocytes (MELA: Pmel, Mlana, Dct, Plp1), Schwann cells (SCH: Erbb3, Mal, S100b, Plp1) and neuronal cells (NEURO: Nefl, Nefm, Elavl2)."
DOI_10.1101_2024.03.05.583423,melanocytes,,mouse,false,Mlana,explicit,"Results (Figure 2, Table S2)","Finally, we identified small but clearly distinct clusters of melanocytes (MELA: Pmel, Mlana, Dct, Plp1), Schwann cells (SCH: Erbb3, Mal, S100b, Plp1) and neuronal cells (NEURO: Nefl, Nefm, Elavl2)."
DOI_10.1101_2024.03.05.583423,melanocytes,,mouse,false,Dct,explicit,"Results (Figure 2, Table S2)","Finally, we identified small but clearly distinct clusters of melanocytes (MELA: Pmel, Mlana, Dct, Plp1), Schwann cells (SCH: Erbb3, Mal, S100b, Plp1) and neuronal cells (NEURO: Nefl, Nefm, Elavl2)."
DOI_10.1101_2024.03.05.583423,melanocytes,,mouse,false,Plp1,explicit,"Results (Figure 2, Table S2)","Finally, we identified small but clearly distinct clusters of melanocytes (MELA: Pmel, Mlana, Dct, Plp1), Schwann cells (SCH: Erbb3, Mal, S100b, Plp1) and neuronal cells (NEURO: Nefl, Nefm, Elavl2)."
DOI_10.1101_2024.03.05.583423,Schwann cells,,mouse,true,Erbb3,explicit,"Results (Figure 2, Table S2)","Finally, we identified small but clearly distinct clusters of melanocytes (MELA: Pmel, Mlana, Dct, Plp1), Schwann cells (SCH: Erbb3, Mal, S100b, Plp1) and neuronal cells (NEURO: Nefl, Nefm, Elavl2)."
DOI_10.1101_2024.03.05.583423,Schwann cells,,mouse,true,Mal,explicit,"Results (Figure 2, Table S2)","Finally, we identified small but clearly distinct clusters of melanocytes (MELA: Pmel, Mlana, Dct, Plp1), Schwann cells (SCH: Erbb3, Mal, S100b, Plp1) and neuronal cells (NEURO: Nefl, Nefm, Elavl2)."
DOI_10.1101_2024.03.05.583423,Schwann cells,,mouse,true,S100b,explicit,"Results (Figure 2, Table S2)","Finally, we identified small but clearly distinct clusters of melanocytes (MELA: Pmel, Mlana, Dct, Plp1), Schwann cells (SCH: Erbb3, Mal, S100b, Plp1) and neuronal cells (NEURO: Nefl, Nefm, Elavl2)."
DOI_10.1101_2024.03.05.583423,Schwann cells,,mouse,true,Plp1,explicit,"Results (Figure 2, Table S2)","Finally, we identified small but clearly distinct clusters of melanocytes (MELA: Pmel, Mlana, Dct, Plp1), Schwann cells (SCH: Erbb3, Mal, S100b, Plp1) and neuronal cells (NEURO: Nefl, Nefm, Elavl2)."
DOI_10.1101_2024.03.05.583423,neuronal cells,,mouse,true,Nefl,explicit,"Results (Figure 2, Table S2)","Finally, we identified small but clearly distinct clusters of melanocytes (MELA: Pmel, Mlana, Dct, Plp1), Schwann cells (SCH: Erbb3, Mal, S100b, Plp1) and neuronal cells (NEURO: Nefl, Nefm, Elavl2)."
DOI_10.1101_2024.03.05.583423,neuronal cells,,mouse,true,Nefm,explicit,"Results (Figure 2, Table S2)","Finally, we identified small but clearly distinct clusters of melanocytes (MELA: Pmel, Mlana, Dct, Plp1), Schwann cells (SCH: Erbb3, Mal, S100b, Plp1) and neuronal cells (NEURO: Nefl, Nefm, Elavl2)."
DOI_10.1101_2024.03.05.583423,neuronal cells,,mouse,true,Elavl2,explicit,"Results (Figure 2, Table S2)","Finally, we identified small but clearly distinct clusters of melanocytes (MELA: Pmel, Mlana, Dct, Plp1), Schwann cells (SCH: Erbb3, Mal, S100b, Plp1) and neuronal cells (NEURO: Nefl, Nefm, Elavl2)."
DOI_10.1101_2024.03.05.583423,chondrocytes,,mouse,false,Col2a1,explicit,"Results (Figure 2, Table S2)","Lastly, a small cluster of E14.5-E16.5 cells enriched for Col2a1, Mia, and Wif1 was identified as probable chondrocytes (CHON), and thus likely of tracheal rather than cardiac origin."
DOI_10.1101_2024.03.05.583423,chondrocytes,,mouse,false,Mia,explicit,"Results (Figure 2, Table S2)","Lastly, a small cluster of E14.5-E16.5 cells enriched for Col2a1, Mia, and Wif1 was identified as probable chondrocytes (CHON), and thus likely of tracheal rather than cardiac origin."
DOI_10.1101_2024.03.05.583423,chondrocytes,,mouse,false,Wif1,explicit,"Results (Figure 2, Table S2)","Lastly, a small cluster of E14.5-E16.5 cells enriched for Col2a1, Mia, and Wif1 was identified as probable chondrocytes (CHON), and thus likely of tracheal rather than cardiac origin."
DOI_10.1101_2024.03.05.583423,non-cardiac tissue,,mouse,false,Wfdc2,explicit,Processing and annotation of single-cell RNA sequencing data,"we noted one cluster of cells that mostly consisted of cells from 1 sample and expressed high levels of genes not generally expressed in the heart, but in the lung (marked by Wfdc2 (L Bingle et al., 2020) and Scgb3a2 (Naizhen et al., 2019))"
DOI_10.1101_2024.03.05.583423,non-cardiac tissue,,mouse,false,Scgb3a2,explicit,Processing and annotation of single-cell RNA sequencing data,"we noted one cluster of cells that mostly consisted of cells from 1 sample and expressed high levels of genes not generally expressed in the heart, but in the lung (marked by Wfdc2 (L Bingle et al., 2020) and Scgb3a2 (Naizhen et al., 2019))"
DOI_10.1101_2024.03.05.583423,red blood cells,foetal,mouse,false,Hbb-y,explicit,Processing and annotation of single-cell RNA sequencing data,"we manually removed two clusters represented foetal and postnatal red blood cells (marked by gamma-globin (Hbb-y) and Haemoglobin subunit epsilon-Y2 (Hbb-bs), respectively)"
DOI_10.1101_2024.03.05.583423,red blood cells,postnatal,mouse,false,Hbb-bs,explicit,Processing and annotation of single-cell RNA sequencing data,"we manually removed two clusters represented foetal and postnatal red blood cells (marked by gamma-globin (Hbb-y) and Haemoglobin subunit epsilon-Y2 (Hbb-bs), respectively)"
DOI_10.1101_2024.03.05.583423,cardiomyocyte,,mouse,false,Myl2,inferred,Subsetting and reclustering of cell types,"For each cell type, subsetted from the final Seurat dataset and converted to raw data using the DropletUtils package, which was then re-clustered to verify cell type purity and manually remove any outlying noncorresponding (ex. Myl2 containing) clusters before continuing analysis."
DOI_10.1101_2024.10.23.619925,Stromal lineages,,human,false,ACTA2,explicit,Introduction p.4,"Stromal phenotyping has historically employed a narrow set of protein markers - such as alpha-smooth muscle actin (ACTA2), vimentin (VIM), and CD90 (THY1) - which are expressed by multiple stromal lineages"
DOI_10.1101_2024.10.23.619925,Stromal lineages,,human,false,VIM,explicit,Introduction p.4,"Stromal phenotyping has historically employed a narrow set of protein markers - such as alpha-smooth muscle actin (ACTA2), vimentin (VIM), and CD90 (THY1) - which are expressed by multiple stromal lineages"
DOI_10.1101_2024.10.23.619925,Stromal lineages,,human,false,THY1,explicit,Introduction p.4,"Stromal phenotyping has historically employed a narrow set of protein markers - such as alpha-smooth muscle actin (ACTA2), vimentin (VIM), and CD90 (THY1) - which are expressed by multiple stromal lineages"
DOI_10.1101_2024.10.23.619925,Luminal,,human,false,KLK3,explicit,Results: Characterisation of the epithelial lineage,"ten Luminal (KLK3, NKX3-1, MSMB)"
DOI_10.1101_2024.10.23.619925,Luminal,,human,false,NKX3-1,explicit,Results: Characterisation of the epithelial lineage,"ten Luminal (KLK3, NKX3-1, MSMB)"
DOI_10.1101_2024.10.23.619925,Luminal,,human,false,MSMB,explicit,Results: Characterisation of the epithelial lineage,"ten Luminal (KLK3, NKX3-1, MSMB)"
DOI_10.1101_2024.10.23.619925,Luminal-like,,human,false,KLK3,explicit,Results: Characterisation of the epithelial lineage,Luminal-like cells expressed both luminal (KLK3) and club (PIGR) cell markers
DOI_10.1101_2024.10.23.619925,Luminal-like,,human,false,PIGR,explicit,Results: Characterisation of the epithelial lineage,Luminal-like cells expressed both luminal (KLK3) and club (PIGR) cell markers
DOI_10.1101_2024.10.23.619925,Club,,human,false,SCGB3A1,explicit,Results: Characterisation of the epithelial lineage,"five Club (SCGB3A1, LCN2, PIGR) clusters"
DOI_10.1101_2024.10.23.619925,Club,,human,false,LCN2,explicit,Results: Characterisation of the epithelial lineage,"five Club (SCGB3A1, LCN2, PIGR) clusters"
DOI_10.1101_2024.10.23.619925,Club,,human,false,PIGR,explicit,Results: Characterisation of the epithelial lineage,"five Club (SCGB3A1, LCN2, PIGR) clusters"
DOI_10.1101_2024.10.23.619925,Basal,,human,false,KRT5,explicit,Results: Characterisation of the epithelial lineage,"five Basal (KRT5, KRT15, DST, TP63) clusters"
DOI_10.1101_2024.10.23.619925,Basal,,human,false,KRT15,explicit,Results: Characterisation of the epithelial lineage,"five Basal (KRT5, KRT15, DST, TP63) clusters"
DOI_10.1101_2024.10.23.619925,Basal,,human,false,DST,explicit,Results: Characterisation of the epithelial lineage,"five Basal (KRT5, KRT15, DST, TP63) clusters"
DOI_10.1101_2024.10.23.619925,Basal,,human,false,TP63,explicit,Results: Characterisation of the epithelial lineage,"five Basal (KRT5, KRT15, DST, TP63) clusters"
DOI_10.1101_2024.10.23.619925,Neuroendocrine,,human,false,CHGA,explicit,Results: Characterisation of the epithelial lineage,The rare NE phenotype (n = 24 cells) was CHGA+CALCA+
DOI_10.1101_2024.10.23.619925,Neuroendocrine,,human,false,CALCA,explicit,Results: Characterisation of the epithelial lineage,The rare NE phenotype (n = 24 cells) was CHGA+CALCA+
DOI_10.1101_2024.10.23.619925,Ciliated,,human,false,CAPS,explicit,Results: Characterisation of the epithelial lineage,Ciliated cells (n = 45 cells) were CAPS+
DOI_10.1101_2024.10.23.619925,SMCs,,human,false,ACTA2,explicit,Results: Characterisation of SMCs and CAFs in the PCa TME,"All were characterised by high expression of ACTA2, with three also expressing the mural cell marker PDGFRB"
DOI_10.1101_2024.10.23.619925,vSMCs,,human,false,RERGL,explicit,Results: Characterisation of SMCs and CAFs in the PCa TME,vascular SMCs (vSMCs; RERGL+/BCAM+/PLN+)
DOI_10.1101_2024.10.23.619925,vSMCs,,human,false,BCAM,explicit,Results: Characterisation of SMCs and CAFs in the PCa TME,vascular SMCs (vSMCs; RERGL+/BCAM+/PLN+)
DOI_10.1101_2024.10.23.619925,vSMCs,,human,false,PLN,explicit,Results: Characterisation of SMCs and CAFs in the PCa TME,vascular SMCs (vSMCs; RERGL+/BCAM+/PLN+)
DOI_10.1101_2024.10.23.619925,Pericytes,,human,false,THY1,explicit,Results: Characterisation of SMCs and CAFs in the PCa TME,Pericytes (THY1+/ COL6A3+/GGT5+)
DOI_10.1101_2024.10.23.619925,Pericytes,,human,false,COL6A3,explicit,Results: Characterisation of SMCs and CAFs in the PCa TME,Pericytes (THY1+/ COL6A3+/GGT5+)
DOI_10.1101_2024.10.23.619925,Pericytes,,human,false,GGT5,explicit,Results: Characterisation of SMCs and CAFs in the PCa TME,Pericytes (THY1+/ COL6A3+/GGT5+)
DOI_10.1101_2024.10.23.619925,pSMCs,,human,false,ACTG2,explicit,Results: Characterisation of SMCs and CAFs in the PCa TME,pSMCs (ACTG2+/CNN1+ and PDGFRBlow)
DOI_10.1101_2024.10.23.619925,pSMCs,,human,false,CNN1,explicit,Results: Characterisation of SMCs and CAFs in the PCa TME,pSMCs (ACTG2+/CNN1+ and PDGFRBlow)
DOI_10.1101_2024.10.23.619925,SMCs_IFN,,human,false,ISG15,explicit,Results: Characterisation of SMCs and CAFs in the PCa TME,SMCs_IFN (ISG15+/IFI6+)
DOI_10.1101_2024.10.23.619925,SMCs_IFN,,human,false,IFI6,explicit,Results: Characterisation of SMCs and CAFs in the PCa TME,SMCs_IFN (ISG15+/IFI6+)
DOI_10.1101_2024.10.23.619925,CAFs,,human,false,DCN,explicit,Results: Characterisation of SMCs and CAFs in the PCa TME,Fibroblasts were identified by the expression of the canonical markers DCN and PDGFRA
DOI_10.1101_2024.10.23.619925,CAFs,,human,false,PDGFRA,explicit,Results: Characterisation of SMCs and CAFs in the PCa TME,Fibroblasts were identified by the expression of the canonical markers DCN and PDGFRA
DOI_10.1101_2024.10.23.619925,uniCAFs,,human,false,DPT,explicit,Results: Characterisation of SMCs and CAFs in the PCa TME,uniCAFs displayed high DPT and PI16 expression
DOI_10.1101_2024.10.23.619925,uniCAFs,,human,false,PI16,explicit,Results: Characterisation of SMCs and CAFs in the PCa TME,uniCAFs displayed high DPT and PI16 expression
DOI_10.1101_2024.10.23.619925,uniCAFs,,human,false,PCOLCE2,implied,Results: Characterisation of SMCs and CAFs in the PCa TME,"They also expressed PCOLCE2, MGP, and CCDC80"
DOI_10.1101_2024.10.23.619925,uniCAFs,,human,false,MGP,implied,Results: Characterisation of SMCs and CAFs in the PCa TME,"They also expressed PCOLCE2, MGP, and CCDC80"
DOI_10.1101_2024.10.23.619925,uniCAFs,,human,false,CCDC80,implied,Results: Characterisation of SMCs and CAFs in the PCa TME,"They also expressed PCOLCE2, MGP, and CCDC80"
DOI_10.1101_2024.10.23.619925,whCAFs,,human,false,FAP,explicit,Results: Characterisation of SMCs and CAFs in the PCa TME,whCAFs exhibited a FAPhigh/ACTA2low phenotype
DOI_10.1101_2024.10.23.619925,whCAFs,,human,false,ACTA2,explicit,Results: Characterisation of SMCs and CAFs in the PCa TME,whCAFs exhibited a FAPhigh/ACTA2low phenotype
DOI_10.1101_2024.10.23.619925,whCAFs,,human,false,COL3A1,implied,Results: Characterisation of SMCs and CAFs in the PCa TME,"expressed collagens (COL3A1, COL1A1)"
DOI_10.1101_2024.10.23.619925,whCAFs,,human,false,COL1A1,implied,Results: Characterisation of SMCs and CAFs in the PCa TME,"expressed collagens (COL3A1, COL1A1)"
DOI_10.1101_2024.10.23.619925,NPF-like,,human,false,IGFBP2,explicit,Results: Characterisation of SMCs and CAFs in the PCa TME,"NPF-like cells expressed growth factors and prostaglandin-metabolism genes (IGFBP2, PTGDS)"
DOI_10.1101_2024.10.23.619925,NPF-like,,human,false,PTGDS,explicit,Results: Characterisation of SMCs and CAFs in the PCa TME,"NPF-like cells expressed growth factors and prostaglandin-metabolism genes (IGFBP2, PTGDS)"
DOI_10.1101_2024.10.23.619925,NPF-like,,human,false,PTGS2,explicit,Discussion,"the NPF-like population, characterised by PTGS2 (COX2), and PTGDS (PGD2) expression, was the only population found interstitially, near epithelial cells."
DOI_10.1101_2024.10.23.619925,pnCAFs,,human,false,PI16,explicit,Results: Characterisation of SMCs and CAFs in the PCa TME,High expression of PI16 (Fig. 4D)
DOI_10.1101_2024.10.23.619925,pnCAFs,,human,false,SLC2A1,implied,Results: Characterisation of SMCs and CAFs in the PCa TME,"glucose uptake and lipoprotein molecules (SLC2A1, APOD, CDH19; Fig. 4E)"
DOI_10.1101_2024.10.23.619925,pnCAFs,,human,false,APOD,implied,Results: Characterisation of SMCs and CAFs in the PCa TME,"glucose uptake and lipoprotein molecules (SLC2A1, APOD, CDH19; Fig. 4E)"
DOI_10.1101_2024.10.23.619925,pnCAFs,,human,false,CDH19,implied,Results: Characterisation of SMCs and CAFs in the PCa TME,"glucose uptake and lipoprotein molecules (SLC2A1, APOD, CDH19; Fig. 4E)"
DOI_10.1101_2024.10.23.619925,Club cells,,human,false,PIGR,implied,Discussion,"an expansion of Club cells (PIGR/LCN2/MMP7/CP+) has been observed by immunohistochemistry in atrophic lesions in the prostatic peripheral zone, including prostatic inflammatory atrophy, a precursor to PCa and prostatic intraepithelial neoplasia (Huang et al. 2023)."
DOI_10.1101_2024.10.23.619925,Club cells,,human,false,LCN2,implied,Discussion,"an expansion of Club cells (PIGR/LCN2/MMP7/CP+) has been observed by immunohistochemistry in atrophic lesions in the prostatic peripheral zone, including prostatic inflammatory atrophy, a precursor to PCa and prostatic intraepithelial neoplasia (Huang et al. 2023)."
DOI_10.1101_2024.10.23.619925,Club cells,,human,false,MMP7,implied,Discussion,"an expansion of Club cells (PIGR/LCN2/MMP7/CP+) has been observed by immunohistochemistry in atrophic lesions in the prostatic peripheral zone, including prostatic inflammatory atrophy, a precursor to PCa and prostatic intraepithelial neoplasia (Huang et al. 2023)."
DOI_10.1101_2024.10.23.619925,Club cells,,human,false,CP,implied,Discussion,"an expansion of Club cells (PIGR/LCN2/MMP7/CP+) has been observed by immunohistochemistry in atrophic lesions in the prostatic peripheral zone, including prostatic inflammatory atrophy, a precursor to PCa and prostatic intraepithelial neoplasia (Huang et al. 2023)."
DOI_10.1101_2024.10.23.619925,pnCAF,,human,false,DPT,explicit,Discussion,"We report a novel, specialised pnCAF phenotype (DPTlow and PI16high), enriched in axonal and neuronal projection guidance processes."
DOI_10.1101_2024.10.23.619925,pnCAF,,human,false,PI16,explicit,Discussion,"We report a novel, specialised pnCAF phenotype (DPTlow and PI16high), enriched in axonal and neuronal projection guidance processes."
DOI_10.1101_2024.10.23.619925,MSMB+ cells,,human,false,MSMB,explicit,Discussion,"altered benign MSMB+ cells, despite the presence of CNVs, functionally resemble their normal counterparts with respect to AR signalling, with both states enriched in a normal AR repertoire."
DOI_10.1101_2024.10.23.619925,MSMBlow malignant cells,,human,false,MSMB,explicit,Discussion,"The MSMB+ states exhibited higher levels of androgen response compared to MSMBlow malignant cells, which were enriched in PCa-specific AR activity."
DOI_10.1101_2025.01.17.633590,α-cell,,human,false,GCG,explicit,"Supplementary text, first paragraph","In addition to classic hormone-encoding marker genes such as INS, GCG, SST, PPY, and GHRL, we identified 270 α-, 272 β-, 173 δ-, 130 γ-, and 194 ε-cell signature genes..."
DOI_10.1101_2025.01.17.633590,β-cell,,human,false,INS,explicit,"Supplementary text, first paragraph","In addition to classic hormone-encoding marker genes such as INS, GCG, SST, PPY, and GHRL, we identified 270 α-, 272 β-, 173 δ-, 130 γ-, and 194 ε-cell signature genes..."
DOI_10.1101_2025.01.17.633590,δ-cell,,human,false,SST,explicit,"Supplementary text, first paragraph","In addition to classic hormone-encoding marker genes such as INS, GCG, SST, PPY, and GHRL, we identified 270 α-, 272 β-, 173 δ-, 130 γ-, and 194 ε-cell signature genes..."
DOI_10.1101_2025.01.17.633590,γ-cell,,human,false,PPY,explicit,"Supplementary text, first paragraph","In addition to classic hormone-encoding marker genes such as INS, GCG, SST, PPY, and GHRL, we identified 270 α-, 272 β-, 173 δ-, 130 γ-, and 194 ε-cell signature genes..."
DOI_10.1101_2025.01.17.633590,ε-cell,,human,false,GHRL,explicit,"Supplementary text, first paragraph","In addition to classic hormone-encoding marker genes such as INS, GCG, SST, PPY, and GHRL, we identified 270 α-, 272 β-, 173 δ-, 130 γ-, and 194 ε-cell signature genes..."
DOI_10.1101_2025.01.17.633590,β,,human,false,INS,explicit,Results p.13,cell subpopulations expressed INS at comparable levels confirming their β-cell identity
DOI_10.1101_2025.01.17.633590,β,cluster 1,human,false,ABCC8,implied,Results p.13,"exhibiting elevated expression of genes enriched in the 'insulin secretion' pathway that harbor a spectrum of diabetes-associated sequence variation – ABCC8, G6PC2, PDX1, SLC30A8, RBP4 (cluster 1)"
DOI_10.1101_2025.01.17.633590,β,cluster 1,human,false,G6PC2,implied,Results p.13,"exhibiting elevated expression of genes enriched in the 'insulin secretion' pathway that harbor a spectrum of diabetes-associated sequence variation – ABCC8, G6PC2, PDX1, SLC30A8, RBP4 (cluster 1)"
DOI_10.1101_2025.01.17.633590,β,cluster 1,human,false,PDX1,implied,Results p.13,"exhibiting elevated expression of genes enriched in the 'insulin secretion' pathway that harbor a spectrum of diabetes-associated sequence variation – ABCC8, G6PC2, PDX1, SLC30A8, RBP4 (cluster 1)"
DOI_10.1101_2025.01.17.633590,β,cluster 1,human,false,SLC30A8,implied,Results p.13,"exhibiting elevated expression of genes enriched in the 'insulin secretion' pathway that harbor a spectrum of diabetes-associated sequence variation – ABCC8, G6PC2, PDX1, SLC30A8, RBP4 (cluster 1)"
DOI_10.1101_2025.01.17.633590,β,cluster 1,human,false,RBP4,implied,Results p.13,"exhibiting elevated expression of genes enriched in the 'insulin secretion' pathway that harbor a spectrum of diabetes-associated sequence variation – ABCC8, G6PC2, PDX1, SLC30A8, RBP4 (cluster 1)"
DOI_10.1101_2025.01.17.633590,β,cluster 4,human,false,CFAP126,implied,Results p.13,"cluster 4, proliferative vs. mature cells with elevated CFAP126 (Fltp in mice) expression"
DOI_10.1101_2025.01.17.633590,β,cluster 5,human,false,CD63,implied,Results p.13,"cluster 5, CD63hi cells with enhanced glucose-stimulated insulin secretion"
DOI_10.1101_2025.01.17.633590,β,cluster 7,human,false,CDKN2A,implied,Results p.13,"cellular senescence (e.g., CDKN2A, CDKN2B, PLK2, B2M expression, cluster 7)"
DOI_10.1101_2025.01.17.633590,β,cluster 7,human,false,CDKN2B,implied,Results p.13,"cellular senescence (e.g., CDKN2A, CDKN2B, PLK2, B2M expression, cluster 7)"
DOI_10.1101_2025.01.17.633590,β,cluster 7,human,false,PLK2,implied,Results p.13,"cellular senescence (e.g., CDKN2A, CDKN2B, PLK2, B2M expression, cluster 7)"
DOI_10.1101_2025.01.17.633590,β,cluster 7,human,false,B2M,implied,Results p.13,"cellular senescence (e.g., CDKN2A, CDKN2B, PLK2, B2M expression, cluster 7)"
DOI_10.1101_2025.01.17.633590,β,ER-stressed,human,false,DDIT3,implied,Results p.13,"ER stressed β-cells with elevated DDIT3, HSPA5, HERPUD1, and TRIB3 expression"
DOI_10.1101_2025.01.17.633590,β,ER-stressed,human,false,HSPA5,implied,Results p.13,"ER stressed β-cells with elevated DDIT3, HSPA5, HERPUD1, and TRIB3 expression"
DOI_10.1101_2025.01.17.633590,β,ER-stressed,human,false,HERPUD1,implied,Results p.13,"ER stressed β-cells with elevated DDIT3, HSPA5, HERPUD1, and TRIB3 expression"
DOI_10.1101_2025.01.17.633590,β,ER-stressed,human,false,TRIB3,implied,Results p.13,"ER stressed β-cells with elevated DDIT3, HSPA5, HERPUD1, and TRIB3 expression"
DOI_10.1101_2025.01.17.633590,beta,,human,false,INS,explicit,Methods: Cell Annotation,"The estimated cell types (and indicative markers) were beta (INS), alpha (GCG), delta (SST), gamma (PPY), epsilon (GHRL), ductal (KRT19), acinar (REG1B), stellate (COL1A1), activated stellate (FABP4), endothelial (PLVAP), Schwann (NGFR), immune (C1QC), mast (TPSB2) and proliferating cells (TOP2A)."
DOI_10.1101_2025.01.17.633590,alpha,,human,false,GCG,explicit,Methods: Cell Annotation,"The estimated cell types (and indicative markers) were beta (INS), alpha (GCG), delta (SST), gamma (PPY), epsilon (GHRL), ductal (KRT19), acinar (REG1B), stellate (COL1A1), activated stellate (FABP4), endothelial (PLVAP), Schwann (NGFR), immune (C1QC), mast (TPSB2) and proliferating cells (TOP2A)."
DOI_10.1101_2025.01.17.633590,delta,,human,false,SST,explicit,Methods: Cell Annotation,"The estimated cell types (and indicative markers) were beta (INS), alpha (GCG), delta (SST), gamma (PPY), epsilon (GHRL), ductal (KRT19), acinar (REG1B), stellate (COL1A1), activated stellate (FABP4), endothelial (PLVAP), Schwann (NGFR), immune (C1QC), mast (TPSB2) and proliferating cells (TOP2A)."
DOI_10.1101_2025.01.17.633590,gamma,,human,false,PPY,explicit,Methods: Cell Annotation,"The estimated cell types (and indicative markers) were beta (INS), alpha (GCG), delta (SST), gamma (PPY), epsilon (GHRL), ductal (KRT19), acinar (REG1B), stellate (COL1A1), activated stellate (FABP4), endothelial (PLVAP), Schwann (NGFR), immune (C1QC), mast (TPSB2) and proliferating cells (TOP2A)."
DOI_10.1101_2025.01.17.633590,epsilon,,human,false,GHRL,explicit,Methods: Cell Annotation,"The estimated cell types (and indicative markers) were beta (INS), alpha (GCG), delta (SST), gamma (PPY), epsilon (GHRL), ductal (KRT19), acinar (REG1B), stellate (COL1A1), activated stellate (FABP4), endothelial (PLVAP), Schwann (NGFR), immune (C1QC), mast (TPSB2) and proliferating cells (TOP2A)."
DOI_10.1101_2025.01.17.633590,ductal,,human,false,KRT19,explicit,Methods: Cell Annotation,"The estimated cell types (and indicative markers) were beta (INS), alpha (GCG), delta (SST), gamma (PPY), epsilon (GHRL), ductal (KRT19), acinar (REG1B), stellate (COL1A1), activated stellate (FABP4), endothelial (PLVAP), Schwann (NGFR), immune (C1QC), mast (TPSB2) and proliferating cells (TOP2A)."
DOI_10.1101_2025.01.17.633590,acinar,,human,false,REG1B,explicit,Methods: Cell Annotation,"The estimated cell types (and indicative markers) were beta (INS), alpha (GCG), delta (SST), gamma (PPY), epsilon (GHRL), ductal (KRT19), acinar (REG1B), stellate (COL1A1), activated stellate (FABP4), endothelial (PLVAP), Schwann (NGFR), immune (C1QC), mast (TPSB2) and proliferating cells (TOP2A)."
DOI_10.1101_2025.01.17.633590,stellate,,human,false,COL1A1,explicit,Methods: Cell Annotation,"The estimated cell types (and indicative markers) were beta (INS), alpha (GCG), delta (SST), gamma (PPY), epsilon (GHRL), ductal (KRT19), acinar (REG1B), stellate (COL1A1), activated stellate (FABP4), endothelial (PLVAP), Schwann (NGFR), immune (C1QC), mast (TPSB2) and proliferating cells (TOP2A)."
DOI_10.1101_2025.01.17.633590,activated stellate,,human,false,FABP4,explicit,Methods: Cell Annotation,"The estimated cell types (and indicative markers) were beta (INS), alpha (GCG), delta (SST), gamma (PPY), epsilon (GHRL), ductal (KRT19), acinar (REG1B), stellate (COL1A1), activated stellate (FABP4), endothelial (PLVAP), Schwann (NGFR), immune (C1QC), mast (TPSB2) and proliferating cells (TOP2A)."
DOI_10.1101_2025.01.17.633590,endothelial,,human,false,PLVAP,explicit,Methods: Cell Annotation,"The estimated cell types (and indicative markers) were beta (INS), alpha (GCG), delta (SST), gamma (PPY), epsilon (GHRL), ductal (KRT19), acinar (REG1B), stellate (COL1A1), activated stellate (FABP4), endothelial (PLVAP), Schwann (NGFR), immune (C1QC), mast (TPSB2) and proliferating cells (TOP2A)."
DOI_10.1101_2025.01.17.633590,Schwann,,human,true,NGFR,explicit,Methods: Cell Annotation,"The estimated cell types (and indicative markers) were beta (INS), alpha (GCG), delta (SST), gamma (PPY), epsilon (GHRL), ductal (KRT19), acinar (REG1B), stellate (COL1A1), activated stellate (FABP4), endothelial (PLVAP), Schwann (NGFR), immune (C1QC), mast (TPSB2) and proliferating cells (TOP2A)."
DOI_10.1101_2025.01.17.633590,immune,,human,false,C1QC,explicit,Methods: Cell Annotation,"The estimated cell types (and indicative markers) were beta (INS), alpha (GCG), delta (SST), gamma (PPY), epsilon (GHRL), ductal (KRT19), acinar (REG1B), stellate (COL1A1), activated stellate (FABP4), endothelial (PLVAP), Schwann (NGFR), immune (C1QC), mast (TPSB2) and proliferating cells (TOP2A)."
DOI_10.1101_2025.01.17.633590,mast,,human,false,TPSB2,explicit,Methods: Cell Annotation,"The estimated cell types (and indicative markers) were beta (INS), alpha (GCG), delta (SST), gamma (PPY), epsilon (GHRL), ductal (KRT19), acinar (REG1B), stellate (COL1A1), activated stellate (FABP4), endothelial (PLVAP), Schwann (NGFR), immune (C1QC), mast (TPSB2) and proliferating cells (TOP2A)."
DOI_10.1101_2025.01.17.633590,proliferating cells,,human,false,TOP2A,explicit,Methods: Cell Annotation,"The estimated cell types (and indicative markers) were beta (INS), alpha (GCG), delta (SST), gamma (PPY), epsilon (GHRL), ductal (KRT19), acinar (REG1B), stellate (COL1A1), activated stellate (FABP4), endothelial (PLVAP), Schwann (NGFR), immune (C1QC), mast (TPSB2) and proliferating cells (TOP2A)."
DOI_10.1101_2025.09.26.678707,Interstitial fibroblasts,C-FIB-OSMRhi,human,false,IL1R1,implied,"Figure 2b, SD Figure 2","expressed genes associated with the ability to respond to and produce inflammatory cytokines, including IL1R1, CCL2, CXCL10, CCL19 and the Oncostatin-M receptor (OSMR)"
DOI_10.1101_2025.09.26.678707,Interstitial fibroblasts,C-FIB-OSMRhi,human,false,CCL2,implied,"Figure 2b, SD Figure 2","expressed genes associated with the ability to respond to and produce inflammatory cytokines, including IL1R1, CCL2, CXCL10, CCL19 and the Oncostatin-M receptor (OSMR)"
DOI_10.1101_2025.09.26.678707,Interstitial fibroblasts,C-FIB-OSMRhi,human,false,CXCL10,implied,"Figure 2b, SD Figure 2","expressed genes associated with the ability to respond to and produce inflammatory cytokines, including IL1R1, CCL2, CXCL10, CCL19 and the Oncostatin-M receptor (OSMR)"
DOI_10.1101_2025.09.26.678707,Interstitial fibroblasts,C-FIB-OSMRhi,human,false,CCL19,implied,"Figure 2b, SD Figure 2","expressed genes associated with the ability to respond to and produce inflammatory cytokines, including IL1R1, CCL2, CXCL10, CCL19 and the Oncostatin-M receptor (OSMR)"
DOI_10.1101_2025.09.26.678707,Interstitial fibroblasts,C-FIB-OSMRhi,human,false,OSMR,explicit,"Figure 2a, ED Figure 5b, Supplementary Table S21",a cross-tissue associated CXCL10+/CCL19+ pro-inflammatory state (C-FIB-OSMRhi)
DOI_10.1101_2025.09.26.678707,Interstitial fibroblasts,C-MYOF,human,false,SPARC,explicit,"Figure 2a, ED Figure 5b, Supplementary Table S21",a SPARC+COL3A1+ myofibroblast state (C-MYOF)
DOI_10.1101_2025.09.26.678707,Interstitial fibroblasts,C-MYOF,human,false,COL3A1,explicit,"Figure 2a, ED Figure 5b, Supplementary Table S21",a SPARC+COL3A1+ myofibroblast state (C-MYOF)
DOI_10.1101_2025.09.26.678707,C-FIB-OSMRhi,,human,false,POSTN,implied,Results p.6,"These cells showed expression signatures consistent with a vascular niche associated myofibroblast subtype seen in injured and inflamed tissues, including the expression of POSTN, FAP and INHBA."
DOI_10.1101_2025.09.26.678707,C-FIB-OSMRhi,,human,false,FAP,implied,Results p.6,"These cells showed expression signatures consistent with a vascular niche associated myofibroblast subtype seen in injured and inflamed tissues, including the expression of POSTN, FAP and INHBA."
DOI_10.1101_2025.09.26.678707,C-FIB-OSMRhi,,human,false,INHBA,implied,Results p.6,"These cells showed expression signatures consistent with a vascular niche associated myofibroblast subtype seen in injured and inflamed tissues, including the expression of POSTN, FAP and INHBA."
DOI_10.1101_2025.09.26.678707,C-FIB-OSMRhi,,human,false,OSMR,explicit,Fig.2d,"C-FIB-OSMRhi, C-MYOF, pvFIB-RSPO3+, pvFIB-PI16+, pvFIB and pvMYOF (top and bottom)."
DOI_10.1101_2025.09.26.678707,C-MYOF,,human,false,SPARC,explicit,Results p.7,while suppressing the SPARC+COL3A1+ (C-MYOF) state
DOI_10.1101_2025.09.26.678707,C-MYOF,,human,false,COL3A1,explicit,Results p.7,while suppressing the SPARC+COL3A1+ (C-MYOF) state
DOI_10.1101_2025.09.26.678707,C-MYOF,,human,false,MYOF,explicit,Fig.2d,"C-FIB-OSMRhi, C-MYOF, pvFIB-RSPO3+, pvFIB-PI16+, pvFIB and pvMYOF (top and bottom)."
DOI_10.1101_2025.09.26.678707,pvFIB-RSPO3+,,human,false,RSPO3,explicit,Results p.7,"For instance, pluripotent universal RSPO3+ and CD34+/PI16+ adventitial fibroblasts which are known to give rise to multiple fibroblast subtypes."
DOI_10.1101_2025.09.26.678707,pvFIB-RSPO3+,,human,false,WNT5B,implied,Results p.7,"The pvFIB-RSPO3+ progenitor population expressed epithelial development signals (WNT5B, IGF1) and showed GLI1 TF activity, known to regulate αSMA+ myofibroblast transition in models of heart, kidney, lung and liver fibrosis."
DOI_10.1101_2025.09.26.678707,pvFIB-RSPO3+,,human,false,IGF1,implied,Results p.7,"The pvFIB-RSPO3+ progenitor population expressed epithelial development signals (WNT5B, IGF1) and showed GLI1 TF activity, known to regulate αSMA+ myofibroblast transition in models of heart, kidney, lung and liver fibrosis."
DOI_10.1101_2025.09.26.678707,pvFIB-PI16+,,human,false,CD34,explicit,Results p.7,"A second progenitor subtype (pvFIB-PI16+) expressed CD34, MFAP5 and PI16, a shear-stress regulated matrix metalloproteinase (MMP) inhibitor which senses fluctuations in kidney blood flow"
DOI_10.1101_2025.09.26.678707,pvFIB-PI16+,,human,false,MFAP5,explicit,Results p.7,"A second progenitor subtype (pvFIB-PI16+) expressed CD34, MFAP5 and PI16, a shear-stress regulated matrix metalloproteinase (MMP) inhibitor which senses fluctuations in kidney blood flow"
DOI_10.1101_2025.09.26.678707,pvFIB-PI16+,,human,false,PI16,explicit,Results p.7,"A second progenitor subtype (pvFIB-PI16+) expressed CD34, MFAP5 and PI16, a shear-stress regulated matrix metalloproteinase (MMP) inhibitor which senses fluctuations in kidney blood flow"
DOI_10.1101_2025.09.26.678707,resMAC-LYVE1+,,human,false,LYVE1,explicit,Results p.8,"Tissue resident macrophages expressing LYVE1 (resMAC-LYVE1+), potentially originating near blood vessels, were expanded in AKI"
DOI_10.1101_2025.09.26.678707,resMAC-LYVE1+,,human,false,MERTK,implied,Results p.8,"resMAC-LYVE1+ cells expressed genes associated with efferocytosis (MERTK), endocytic internalization pathways and growth factors associated with tissue repair (IGF1, PDGFB and PDGFC)"
DOI_10.1101_2025.09.26.678707,resMAC-LYVE1+,,human,false,IGF1,implied,Results p.8,"resMAC-LYVE1+ cells expressed genes associated with efferocytosis (MERTK), endocytic internalization pathways and growth factors associated with tissue repair (IGF1, PDGFB and PDGFC)"
DOI_10.1101_2025.09.26.678707,resMAC-LYVE1+,,human,false,PDGFB,implied,Results p.8,"resMAC-LYVE1+ cells expressed genes associated with efferocytosis (MERTK), endocytic internalization pathways and growth factors associated with tissue repair (IGF1, PDGFB and PDGFC)"
DOI_10.1101_2025.09.26.678707,resMAC-LYVE1+,,human,false,PDGFC,implied,Results p.8,"resMAC-LYVE1+ cells expressed genes associated with efferocytosis (MERTK), endocytic internalization pathways and growth factors associated with tissue repair (IGF1, PDGFB and PDGFC)"
DOI_10.1101_2025.09.26.678707,MON,,human,false,FCN1,explicit,Results p.9,FCN1+ classical monocytes (MON) were more enriched in AKI over CKD and showed an early infiltration into the mouse kidney within 12 hours of ATI
DOI_10.1101_2025.09.26.678707,moMAC-CXCL10+,,human,false,CXCL10,explicit,Results p.9,"These MON cells polarized towards an M1-like pro-inflammatory CXCL10+ CXCL9+ CCL2+ state (moMAC-CXCL10+, Figure 2g, ED Figure 6e-f)"
DOI_10.1101_2025.09.26.678707,moMAC-CXCL10+,,human,false,CXCL9,explicit,Results p.9,"These MON cells polarized towards an M1-like pro-inflammatory CXCL10+ CXCL9+ CCL2+ state (moMAC-CXCL10+, Figure 2g, ED Figure 6e-f)"
DOI_10.1101_2025.09.26.678707,moMAC-CXCL10+,,human,false,CCL2,explicit,Results p.9,"These MON cells polarized towards an M1-like pro-inflammatory CXCL10+ CXCL9+ CCL2+ state (moMAC-CXCL10+, Figure 2g, ED Figure 6e-f)"
DOI_10.1101_2025.09.26.678707,moMAC-HBEGF+,,human,false,HBEGF,explicit,Results p.9,"We also found another inflammatory population marked by expression of growth factors HBEGF and AREG, as well as proinflammatory genes PLAUR, IL1B, OSM and CXCL8"
DOI_10.1101_2025.09.26.678707,moMAC-HBEGF+,,human,false,AREG,explicit,Results p.9,"We also found another inflammatory population marked by expression of growth factors HBEGF and AREG, as well as proinflammatory genes PLAUR, IL1B, OSM and CXCL8"
DOI_10.1101_2025.09.26.678707,moMAC-HBEGF+,,human,false,PLAUR,explicit,Results p.9,"We also found another inflammatory population marked by expression of growth factors HBEGF and AREG, as well as proinflammatory genes PLAUR, IL1B, OSM and CXCL8"
DOI_10.1101_2025.09.26.678707,moMAC-HBEGF+,,human,false,IL1B,explicit,Results p.9,"We also found another inflammatory population marked by expression of growth factors HBEGF and AREG, as well as proinflammatory genes PLAUR, IL1B, OSM and CXCL8"
DOI_10.1101_2025.09.26.678707,moMAC-HBEGF+,,human,false,OSM,explicit,Results p.9,"We also found another inflammatory population marked by expression of growth factors HBEGF and AREG, as well as proinflammatory genes PLAUR, IL1B, OSM and CXCL8"
DOI_10.1101_2025.09.26.678707,moMAC-HBEGF+,,human,false,CXCL8,explicit,Results p.9,"We also found another inflammatory population marked by expression of growth factors HBEGF and AREG, as well as proinflammatory genes PLAUR, IL1B, OSM and CXCL8"
DOI_10.1101_2025.09.26.678707,moFAM,,human,false,GPNMB,explicit,Results p.9,These cells may also represent an intermediate population moving towards a GPNMB+ SPP1+ polarized subtype previously described as deriving from FCN1+ monocytes
DOI_10.1101_2025.09.26.678707,moFAM,,human,false,SPP1,explicit,Results p.9,These cells may also represent an intermediate population moving towards a GPNMB+ SPP1+ polarized subtype previously described as deriving from FCN1+ monocytes
DOI_10.1101_2025.09.26.678707,moFAM,,human,false,TREM2,implied,Results p.9,"However, this subtype also expressed anti-inflammatory TREM2, and showed high lysosomal degradation activities"
DOI_10.1101_2025.09.26.678707,aPT2,,human,false,CDH6,explicit,Results p.10,"aPT2 expressed the injury markers CDH6, VCAM1 and HAVCR1 with REL (NF-kB) and KLF6 binding site activities"
DOI_10.1101_2025.09.26.678707,aPT2,,human,false,VCAM1,explicit,Results p.10,"aPT2 expressed the injury markers CDH6, VCAM1 and HAVCR1 with REL (NF-kB) and KLF6 binding site activities"
DOI_10.1101_2025.09.26.678707,aPT2,,human,false,HAVCR1,explicit,Results p.10,"aPT2 expressed the injury markers CDH6, VCAM1 and HAVCR1 with REL (NF-kB) and KLF6 binding site activities"
DOI_10.1101_2025.09.26.678707,aTAL1,,human,false,CREB5,implied,Results p.10,"EGF was downregulated in aTAL1, while CREB5, ITGA3, and ITGB6 were upregulated with increased activity for activator protein AP-1 and AP-2 signaling pathways (FOS and TFAP2B, respectively)"
DOI_10.1101_2025.09.26.678707,aTAL1,,human,false,ITGA3,implied,Results p.10,"EGF was downregulated in aTAL1, while CREB5, ITGA3, and ITGB6 were upregulated with increased activity for activator protein AP-1 and AP-2 signaling pathways (FOS and TFAP2B, respectively)"
DOI_10.1101_2025.09.26.678707,aTAL1,,human,false,ITGB6,implied,Results p.10,"EGF was downregulated in aTAL1, while CREB5, ITGA3, and ITGB6 were upregulated with increased activity for activator protein AP-1 and AP-2 signaling pathways (FOS and TFAP2B, respectively)"
DOI_10.1101_2025.09.26.678707,frPT,,human,false,PROM1,explicit,Results p.11,"Failed repair (fr) states were further marked by the expression of PROM1 (frPT and frTAL), ROBO2 and MEG3 (frPT), or ITGB8 and TMPRSS4 (frTAL)"
DOI_10.1101_2025.09.26.678707,frPT,,human,false,ROBO2,explicit,Results p.11,"Failed repair (fr) states were further marked by the expression of PROM1 (frPT and frTAL), ROBO2 and MEG3 (frPT), or ITGB8 and TMPRSS4 (frTAL)"
DOI_10.1101_2025.09.26.678707,frPT,,human,false,MEG3,explicit,Results p.11,"Failed repair (fr) states were further marked by the expression of PROM1 (frPT and frTAL), ROBO2 and MEG3 (frPT), or ITGB8 and TMPRSS4 (frTAL)"
DOI_10.1101_2025.09.26.678707,frTAL,,human,false,PROM1,explicit,Results p.11,"Failed repair (fr) states were further marked by the expression of PROM1 (frPT and frTAL), ROBO2 and MEG3 (frPT), or ITGB8 and TMPRSS4 (frTAL)"
DOI_10.1101_2025.09.26.678707,frTAL,,human,false,ITGB8,explicit,Results p.11,"Failed repair (fr) states were further marked by the expression of PROM1 (frPT and frTAL), ROBO2 and MEG3 (frPT), or ITGB8 and TMPRSS4 (frTAL)"
DOI_10.1101_2025.09.26.678707,frTAL,,human,false,TMPRSS4,explicit,Results p.11,"Failed repair (fr) states were further marked by the expression of PROM1 (frPT and frTAL), ROBO2 and MEG3 (frPT), or ITGB8 and TMPRSS4 (frTAL)"
DOI_10.1101_2025.09.26.678707,C-FIB-OSMRlo,,human,false,OSMR,explicit,Fig.2a,"C-FIB-OSMRlo and pvMYOF: ~124, ~46, respectively"
DOI_10.1101_2025.09.26.678707,pvMYOF,,human,false,MYOF,explicit,Fig.2d,"C-FIB-OSMRhi, C-MYOF, pvFIB-RSPO3+, pvFIB-PI16+, pvFIB and pvMYOF (top and bottom)."
DOI_10.1101_2025.09.26.678707,PT,,human,false,PCK1,explicit,ED Figure 7h,10X xenium data showing enrichment of PCK1 in PT compared to aPT and dPT in the same tubule
DOI_10.1101_2025.09.26.678707,PEC,,human,false,CFH,explicit,Methods - Slide-seq2 Spatial Transcriptomics (Cell type deconvolutions) p.41,"Subclasses were assessed for marker gene expression and spatial localization and those showing less accurate predictions were subset based on non-zero expression of distinguishing marker genes (PECs – CFH; MD – BBOX1 ; resMAC-HLAIIhi – CD163, STAB1, C1QA)."
DOI_10.1101_2025.09.26.678707,MD,,human,false,BBOX1,explicit,Methods - Slide-seq2 Spatial Transcriptomics (Cell type deconvolutions) p.41,"Subclasses were assessed for marker gene expression and spatial localization and those showing less accurate predictions were subset based on non-zero expression of distinguishing marker genes (PECs – CFH; MD – BBOX1 ; resMAC-HLAIIhi – CD163, STAB1, C1QA)."
DOI_10.1101_2025.09.26.678707,resMAC-HLAIIhi,,human,false,CD163,explicit,Methods - Slide-seq2 Spatial Transcriptomics (Cell type deconvolutions) p.41,"Subclasses were assessed for marker gene expression and spatial localization and those showing less accurate predictions were subset based on non-zero expression of distinguishing marker genes (PECs – CFH; MD – BBOX1 ; resMAC-HLAIIhi – CD163, STAB1, C1QA)."
DOI_10.1101_2025.09.26.678707,resMAC-HLAIIhi,,human,false,STAB1,explicit,Methods - Slide-seq2 Spatial Transcriptomics (Cell type deconvolutions) p.41,"Subclasses were assessed for marker gene expression and spatial localization and those showing less accurate predictions were subset based on non-zero expression of distinguishing marker genes (PECs – CFH; MD – BBOX1 ; resMAC-HLAIIhi – CD163, STAB1, C1QA)."
DOI_10.1101_2025.09.26.678707,resMAC-HLAIIhi,,human,false,C1QA,explicit,Methods - Slide-seq2 Spatial Transcriptomics (Cell type deconvolutions) p.41,"Subclasses were assessed for marker gene expression and spatial localization and those showing less accurate predictions were subset based on non-zero expression of distinguishing marker genes (PECs – CFH; MD – BBOX1 ; resMAC-HLAIIhi – CD163, STAB1, C1QA)."
DOI_10.1101_2025.09.26.678707,REN+ cells,,human,false,REN,explicit,"Methods - Single Cell / Nucleus Data Clustering, Cell Type Annotation and Analyses p.32","Hard to resolve subpopulations were manually separated using the same process as in the V1 atlas either using gene expression (e.g. REN for REN+ cells) or through sub-clustering (EC-AEA, EC-DVR)."
DOI_10.1101_2025.09.26.678707,Fibroblasts,C-FIB-OSMRlo,human,false,OSMR,implied,Fig.2a,"Pie slices represent predicted fractional overall whole cell functions. Pie slice areas within the same trajectory network are proportional to the sum of the -log10 p-values of all grouped pathways for the indicated function (sum of all -log10(p) for C-FIB-OSMRlo and pvMYOF: ~124, ~46, respectively)."
DOI_10.1101_2025.09.26.678707,Fibroblasts,C-FIB-OSMRhi,human,false,OSMR,implied,Fig.2d,"Slide-seq2 processed CKD tissue area colored by fibroblasts: C-FIB/C-FIB-PATH, blood vessels, renal corpuscles and immune cells (top only), as well as C-FIB-OSMRhi, C-MYOF, pvFIB-RSPO3+, pvFIB-PI16+, pvFIB and pvMYOF (top and bottom)."
DOI_10.1101_2025.09.26.678707,Fibroblasts,C-MYOF,human,false,MYOF,implied,Fig.2d,"Slide-seq2 processed CKD tissue area colored by fibroblasts: C-FIB/C-FIB-PATH, blood vessels, renal corpuscles and immune cells (top only), as well as C-FIB-OSMRhi, C-MYOF, pvFIB-RSPO3+, pvFIB-PI16+, pvFIB and pvMYOF (top and bottom)."
DOI_10.1101_2025.09.26.678707,Fibroblasts,pvMYOF,human,false,MYOF,implied,Fig.2d,"Slide-seq2 processed CKD tissue area colored by fibroblasts: C-FIB/C-FIB-PATH, blood vessels, renal corpuscles and immune cells (top only), as well as C-FIB-OSMRhi, C-MYOF, pvFIB-RSPO3+, pvFIB-PI16+, pvFIB and pvMYOF (top and bottom)."
DOI_10.1101_2025.09.26.678707,Fibroblasts,pvFIB-RSPO3+,human,false,RSPO3,implied,Fig.2d,"Slide-seq2 processed CKD tissue area colored by fibroblasts: C-FIB/C-FIB-PATH, blood vessels, renal corpuscles and immune cells (top only), as well as C-FIB-OSMRhi, C-MYOF, pvFIB-RSPO3+, pvFIB-PI16+, pvFIB and pvMYOF (top and bottom)."
DOI_10.1101_2025.09.26.678707,Fibroblasts,pvFIB-PI16+,human,false,PI16,implied,Fig.2d,"Slide-seq2 processed CKD tissue area colored by fibroblasts: C-FIB/C-FIB-PATH, blood vessels, renal corpuscles and immune cells (top only), as well as C-FIB-OSMRhi, C-MYOF, pvFIB-RSPO3+, pvFIB-PI16+, pvFIB and pvMYOF (top and bottom)."
DOI_10.1101_2025.09.26.678707,Myeloid cells,moMAC-CXCL10+,human,false,CXCL10,implied,Fig.2g,Numbers indicate the specific trajectory used to derive the target gene set (sum of all -log10(p) for moMAC-CXCL10+: ~86).
DOI_10.1101_2025.09.26.678707,Myeloid cells,moMAC-HBEGF+,human,false,HBEGF,implied,ED Fig.4,Cell type labels in ED Fig.4 include moMAC-HBEGF+.
DOI_10.1101_2025.09.26.678707,Myeloid cells,moMAC-C3+,human,false,C3,implied,ED Fig.4,Cell type labels in ED Fig.4 include moMAC-C3+.
DOI_10.1101_2025.09.26.678707,Myeloid cells,resMAC-LYVE1+,human,false,LYVE1,implied,ED Fig.4,Cell type labels in ED Fig.4 include resMAC-LYVE1+.
DOI_10.1101_2025.09.26.678707,Proximal tubule cells,PT-S1,human,false,PCK1,implied,ED Fig.7h,"10X xenium data showing enrichment of PCK1 in PT compared to aPT and dPT in the same tubule, scale = 10µm."
DOI_10.1101_2025.09.26.678707,Proximal tubule cells,PT-S2,human,false,PCK1,implied,ED Fig.7h,"10X xenium data showing enrichment of PCK1 in PT compared to aPT and dPT in the same tubule, scale = 10µm."
DOI_10.1101_2025.09.26.678707,Proximal tubule cells,PT-S3,human,false,PCK1,implied,ED Fig.7h,"10X xenium data showing enrichment of PCK1 in PT compared to aPT and dPT in the same tubule, scale = 10µm."
DOI_10.1126_science.aat5031,macrophage,CD68+ LYZ+ APOE+,human,false,CD68,explicit,Fig.3B,"Macrophages could be further divided based on the expression of canonical markers: a population expressing CD68, LYZ, and APOE, and a second population expressing MRC1 (also known as CD206) and C1QA, C1QB, and C1QC."
DOI_10.1126_science.aat5031,macrophage,CD68+ LYZ+ APOE+,human,false,LYZ,explicit,Fig.3B,"Macrophages could be further divided based on the expression of canonical markers: a population expressing CD68, LYZ, and APOE, and a second population expressing MRC1 (also known as CD206) and C1QA, C1QB, and C1QC."
DOI_10.1126_science.aat5031,macrophage,CD68+ LYZ+ APOE+,human,false,APOE,explicit,Fig.3B,"Macrophages could be further divided based on the expression of canonical markers: a population expressing CD68, LYZ, and APOE, and a second population expressing MRC1 (also known as CD206) and C1QA, C1QB, and C1QC."
DOI_10.1126_science.aat5031,macrophage,MRC1+ C1QA+ C1QB+ C1QC+,human,false,MRC1,explicit,Fig.3B,"Macrophages could be further divided based on the expression of canonical markers: a population expressing CD68, LYZ, and APOE, and a second population expressing MRC1 (also known as CD206) and C1QA, C1QB, and C1QC."
DOI_10.1126_science.aat5031,macrophage,MRC1+ C1QA+ C1QB+ C1QC+,human,false,C1QA,explicit,Fig.3B,"Macrophages could be further divided based on the expression of canonical markers: a population expressing CD68, LYZ, and APOE, and a second population expressing MRC1 (also known as CD206) and C1QA, C1QB, and C1QC."
DOI_10.1126_science.aat5031,macrophage,MRC1+ C1QA+ C1QB+ C1QC+,human,false,C1QB,explicit,Fig.3B,"Macrophages could be further divided based on the expression of canonical markers: a population expressing CD68, LYZ, and APOE, and a second population expressing MRC1 (also known as CD206) and C1QA, C1QB, and C1QC."
DOI_10.1126_science.aat5031,macrophage,MRC1+ C1QA+ C1QB+ C1QC+,human,false,C1QC,explicit,Fig.3B,"Macrophages could be further divided based on the expression of canonical markers: a population expressing CD68, LYZ, and APOE, and a second population expressing MRC1 (also known as CD206) and C1QA, C1QB, and C1QC."
DOI_10.1126_science.aat5031,monocyte,classical,human,false,CD14,explicit,Fig.3B,"Monocytes were subdivided into classical monocytes (CD14, S100A8, S100A9, VCAN) and non-classical monocytes (FCGR3A, LST1, MS4A7)."
DOI_10.1126_science.aat5031,monocyte,classical,human,false,S100A8,explicit,Fig.3B,"Monocytes were subdivided into classical monocytes (CD14, S100A8, S100A9, VCAN) and non-classical monocytes (FCGR3A, LST1, MS4A7)."
DOI_10.1126_science.aat5031,monocyte,classical,human,false,S100A9,explicit,Fig.3B,"Monocytes were subdivided into classical monocytes (CD14, S100A8, S100A9, VCAN) and non-classical monocytes (FCGR3A, LST1, MS4A7)."
DOI_10.1126_science.aat5031,monocyte,classical,human,false,VCAN,explicit,Fig.3B,"Monocytes were subdivided into classical monocytes (CD14, S100A8, S100A9, VCAN) and non-classical monocytes (FCGR3A, LST1, MS4A7)."
DOI_10.1126_science.aat5031,monocyte,non-classical,human,false,FCGR3A,explicit,Fig.3B,"Monocytes were subdivided into classical monocytes (CD14, S100A8, S100A9, VCAN) and non-classical monocytes (FCGR3A, LST1, MS4A7)."
DOI_10.1126_science.aat5031,monocyte,non-classical,human,false,LST1,explicit,Fig.3B,"Monocytes were subdivided into classical monocytes (CD14, S100A8, S100A9, VCAN) and non-classical monocytes (FCGR3A, LST1, MS4A7)."
DOI_10.1126_science.aat5031,monocyte,non-classical,human,false,MS4A7,explicit,Fig.3B,"Monocytes were subdivided into classical monocytes (CD14, S100A8, S100A9, VCAN) and non-classical monocytes (FCGR3A, LST1, MS4A7)."
DOI_10.1126_science.aat5031,dendritic cell,cDC1,human,false,CLEC9A,explicit,Fig.3E,"cDC1 expressed CLEC9A and XCR1, while cDC2 expressed CD1C, CLEC10A, and FCER1A."
DOI_10.1126_science.aat5031,dendritic cell,cDC1,human,false,XCR1,explicit,Fig.3E,"cDC1 expressed CLEC9A and XCR1, while cDC2 expressed CD1C, CLEC10A, and FCER1A."
DOI_10.1126_science.aat5031,dendritic cell,cDC2,human,false,CD1C,explicit,Fig.3E,"cDC1 expressed CLEC9A and XCR1, while cDC2 expressed CD1C, CLEC10A, and FCER1A."
DOI_10.1126_science.aat5031,dendritic cell,cDC2,human,false,CLEC10A,explicit,Fig.3E,"cDC1 expressed CLEC9A and XCR1, while cDC2 expressed CD1C, CLEC10A, and FCER1A."
DOI_10.1126_science.aat5031,dendritic cell,cDC2,human,false,FCER1A,explicit,Fig.3E,"cDC1 expressed CLEC9A and XCR1, while cDC2 expressed CD1C, CLEC10A, and FCER1A."
DOI_10.1126_science.aat5031,plasmacytoid dendritic cell,,human,false,LILRA4,explicit,Fig.3B,"DCs expressed CLEC9A, CLEC10A, CD1C, and FCER1A, whereas pDCs expressed LILRA4 and IL3RA."
DOI_10.1126_science.aat5031,plasmacytoid dendritic cell,,human,false,IL3RA,explicit,Fig.3B,"DCs expressed CLEC9A, CLEC10A, CD1C, and FCER1A, whereas pDCs expressed LILRA4 and IL3RA."
DOI_10.1126_science.aat5031,dendritic cell,migratory,human,false,CCR7,explicit,Fig.3E,"We also identified a population of migratory DCs expressing CCR7, LAMP3, and CCL19"
DOI_10.1126_science.aat5031,dendritic cell,migratory,human,false,LAMP3,explicit,Fig.3E,"We also identified a population of migratory DCs expressing CCR7, LAMP3, and CCL19"
DOI_10.1126_science.aat5031,dendritic cell,migratory,human,false,CCL19,explicit,Fig.3E,"We also identified a population of migratory DCs expressing CCR7, LAMP3, and CCL19"
DOI_10.1126_science.aat5031,T cell,CD4,human,false,CD3D,explicit,Fig.4B,"CD4 T cells expressed CD3D, CD3E, CD4, and IL7R. CD8 T cells expressed CD3D, CD3E, CD8A, and CD8B."
DOI_10.1126_science.aat5031,T cell,CD4,human,false,CD3E,explicit,Fig.4B,"CD4 T cells expressed CD3D, CD3E, CD4, and IL7R. CD8 T cells expressed CD3D, CD3E, CD8A, and CD8B."
DOI_10.1126_science.aat5031,T cell,CD4,human,false,CD4,explicit,Fig.4B,"CD4 T cells expressed CD3D, CD3E, CD4, and IL7R. CD8 T cells expressed CD3D, CD3E, CD8A, and CD8B."
DOI_10.1126_science.aat5031,T cell,CD4,human,false,IL7R,explicit,Fig.4B,"CD4 T cells expressed CD3D, CD3E, CD4, and IL7R. CD8 T cells expressed CD3D, CD3E, CD8A, and CD8B."
DOI_10.1126_science.aat5031,T cell,CD8,human,false,CD3D,explicit,Fig.4B,"CD4 T cells expressed CD3D, CD3E, CD4, and IL7R. CD8 T cells expressed CD3D, CD3E, CD8A, and CD8B."
DOI_10.1126_science.aat5031,T cell,CD8,human,false,CD3E,explicit,Fig.4B,"CD4 T cells expressed CD3D, CD3E, CD4, and IL7R. CD8 T cells expressed CD3D, CD3E, CD8A, and CD8B."
DOI_10.1126_science.aat5031,T cell,CD8,human,false,CD8A,explicit,Fig.4B,"CD4 T cells expressed CD3D, CD3E, CD4, and IL7R. CD8 T cells expressed CD3D, CD3E, CD8A, and CD8B."
DOI_10.1126_science.aat5031,T cell,CD8,human,false,CD8B,explicit,Fig.4B,"CD4 T cells expressed CD3D, CD3E, CD4, and IL7R. CD8 T cells expressed CD3D, CD3E, CD8A, and CD8B."
DOI_10.1126_science.aat5031,NK cell,,human,false,NCAM1,explicit,Fig.4B,"NK cells expressed NCAM1 (CD56), NKG7, GNLY, and KLRD1. NKT cells expressed both T cell markers (CD3D, CD3E) and NK markers (NCAM1, KLRD1)."
DOI_10.1126_science.aat5031,NK cell,,human,false,NKG7,explicit,Fig.4B,"NK cells expressed NCAM1 (CD56), NKG7, GNLY, and KLRD1. NKT cells expressed both T cell markers (CD3D, CD3E) and NK markers (NCAM1, KLRD1)."
DOI_10.1126_science.aat5031,NK cell,,human,false,GNLY,explicit,Fig.4B,"NK cells expressed NCAM1 (CD56), NKG7, GNLY, and KLRD1. NKT cells expressed both T cell markers (CD3D, CD3E) and NK markers (NCAM1, KLRD1)."
DOI_10.1126_science.aat5031,NK cell,,human,false,KLRD1,explicit,Fig.4B,"NK cells expressed NCAM1 (CD56), NKG7, GNLY, and KLRD1. NKT cells expressed both T cell markers (CD3D, CD3E) and NK markers (NCAM1, KLRD1)."
DOI_10.1126_science.aat5031,NKT cell,,human,false,CD3D,explicit,Fig.4B,"NK cells expressed NCAM1 (CD56), NKG7, GNLY, and KLRD1. NKT cells expressed both T cell markers (CD3D, CD3E) and NK markers (NCAM1, KLRD1)."
DOI_10.1126_science.aat5031,NKT cell,,human,false,CD3E,explicit,Fig.4B,"NK cells expressed NCAM1 (CD56), NKG7, GNLY, and KLRD1. NKT cells expressed both T cell markers (CD3D, CD3E) and NK markers (NCAM1, KLRD1)."
DOI_10.1126_science.aat5031,NKT cell,,human,false,NCAM1,explicit,Fig.4B,"NK cells expressed NCAM1 (CD56), NKG7, GNLY, and KLRD1. NKT cells expressed both T cell markers (CD3D, CD3E) and NK markers (NCAM1, KLRD1)."
DOI_10.1126_science.aat5031,NKT cell,,human,false,KLRD1,explicit,Fig.4B,"NK cells expressed NCAM1 (CD56), NKG7, GNLY, and KLRD1. NKT cells expressed both T cell markers (CD3D, CD3E) and NK markers (NCAM1, KLRD1)."
DOI_10.1126_science.aat5031,B cell,,human,false,CD79A,explicit,Fig.4B,"B cells expressed CD79A, CD79B, MS4A1 (CD20), and CD19. Plasma cells expressed MZB1, JCHAIN, and XBP1."
DOI_10.1126_science.aat5031,B cell,,human,false,CD79B,explicit,Fig.4B,"B cells expressed CD79A, CD79B, MS4A1 (CD20), and CD19. Plasma cells expressed MZB1, JCHAIN, and XBP1."
DOI_10.1126_science.aat5031,B cell,,human,false,MS4A1,explicit,Fig.4B,"B cells expressed CD79A, CD79B, MS4A1 (CD20), and CD19. Plasma cells expressed MZB1, JCHAIN, and XBP1."
DOI_10.1126_science.aat5031,B cell,,human,false,CD19,explicit,Fig.4B,"B cells expressed CD79A, CD79B, MS4A1 (CD20), and CD19. Plasma cells expressed MZB1, JCHAIN, and XBP1."
DOI_10.1126_science.aat5031,plasma cell,,human,false,MZB1,explicit,Fig.4B,"B cells expressed CD79A, CD79B, MS4A1 (CD20), and CD19. Plasma cells expressed MZB1, JCHAIN, and XBP1."
DOI_10.1126_science.aat5031,plasma cell,,human,false,JCHAIN,explicit,Fig.4B,"B cells expressed CD79A, CD79B, MS4A1 (CD20), and CD19. Plasma cells expressed MZB1, JCHAIN, and XBP1."
DOI_10.1126_science.aat5031,plasma cell,,human,false,XBP1,explicit,Fig.4B,"B cells expressed CD79A, CD79B, MS4A1 (CD20), and CD19. Plasma cells expressed MZB1, JCHAIN, and XBP1."
DOI_10.1126_science.aat5031,T cell,tissue-resident,human,false,ITGAE,explicit,Fig.4C,"Tissue-resident T cells expressed ITGAE (CD103), CD69, and Hobit (ZNF683)."
DOI_10.1126_science.aat5031,T cell,tissue-resident,human,false,CD69,explicit,Fig.4C,"Tissue-resident T cells expressed ITGAE (CD103), CD69, and Hobit (ZNF683)."
DOI_10.1126_science.aat5031,T cell,tissue-resident,human,false,ZNF683,explicit,Fig.4C,"Tissue-resident T cells expressed ITGAE (CD103), CD69, and Hobit (ZNF683)."
DOI_10.1126_science.aat5031,T cell,CD8 tissue-resident memory,human,false,ITGAE,explicit,Fig.4C,"CD8 tissue-resident memory T cells expressed ITGAE, CD69, ZNF683, and CRTAM."
DOI_10.1126_science.aat5031,T cell,CD8 tissue-resident memory,human,false,CD69,explicit,Fig.4C,"CD8 tissue-resident memory T cells expressed ITGAE, CD69, ZNF683, and CRTAM."
DOI_10.1126_science.aat5031,T cell,CD8 tissue-resident memory,human,false,ZNF683,explicit,Fig.4C,"CD8 tissue-resident memory T cells expressed ITGAE, CD69, ZNF683, and CRTAM."
DOI_10.1126_science.aat5031,T cell,CD8 tissue-resident memory,human,false,CRTAM,explicit,Fig.4C,"CD8 tissue-resident memory T cells expressed ITGAE, CD69, ZNF683, and CRTAM."
DOI_10.1126_science.aba6500,vascular endothelial cells,VE3,human,false,ACKR1,explicit,Results,We demonstrated the reemergence of prenatal cellular programs mediated by Mac2 macrophages via the chemokine CXCL8 interacting with the venular capillary marker ACKR1 on VE3 vascular endothelial cells in diseased skin.
DOI_10.1126_science.abl4290,CD16+ monocytes,,human,false,CD16,explicit,Results: Myeloid populations across tissues (Fig. 3B),"These included CD16+ monocytes, CD14+ monocytes, two transitional Mo/MΦ FCGR3Alow and Mo/MΦ FCGR3Ahigh populations with coexpression of both monocyte and macrophage markers"
DOI_10.1126_science.abl4290,CD14+ monocytes,,human,false,CD14,explicit,Results: Myeloid populations across tissues (Fig. 3B),"These included CD16+ monocytes, CD14+ monocytes, two transitional Mo/MΦ FCGR3Alow and Mo/MΦ FCGR3Ahigh populations with coexpression of both monocyte and macrophage markers"
DOI_10.1126_science.abl4290,Mo/MΦ FCGR3Alow,,human,false,FCGR3A,explicit,Results: Myeloid populations across tissues (Fig. 3B),"These included CD16+ monocytes, CD14+ monocytes, two transitional Mo/MΦ FCGR3Alow and Mo/MΦ FCGR3Ahigh populations with coexpression of both monocyte and macrophage markers"
DOI_10.1126_science.abl4290,Mo/MΦ FCGR3Ahigh,,human,false,FCGR3A,explicit,Results: Myeloid populations across tissues (Fig. 3B),"These included CD16+ monocytes, CD14+ monocytes, two transitional Mo/MΦ FCGR3Alow and Mo/MΦ FCGR3Ahigh populations with coexpression of both monocyte and macrophage markers"
DOI_10.1126_science.abl4290,Langerhans cells,,human,false,CD207,explicit,Results: Myeloid populations across tissues (Fig. 3C),"CD207/Langerin+ Langerhans cells, which were present only (97%) in skin and esophagus mucosa, consistent with their role in antigen sampling within stratified epithelia"
DOI_10.1126_science.abl4290,PPARGhigh lung macrophages,,human,false,PPARG,explicit,Results: Myeloid populations across tissues (Fig. 3C),"notable exceptions included PPARGhigh lung macrophages, which were present only in lung"
DOI_10.1126_science.abl4290,MΦ LYVE1high,,human,false,LYVE1,explicit,Results: Myeloid populations across tissues (Fig. 3C),"Macrophage types and proportions varied by tissue, with breast, esophagus mucosa, esophagus muscularis, heart, and skeletal muscle having significantly higher proportions of MΦ LYVE1high macrophages"
DOI_10.1126_science.abl4290,LAM-like cells,,human,false,CHIT1,implied,"Results: LAM-like macrophages (Fig. 3H, fig. S17F)",both CHIT1 and CTSK were highly expressed in LAMs from leprosy skin samples (but had very low expression in other skin LAMs)
DOI_10.1126_science.abl4290,LAM-like cells,,human,false,CTSK,implied,"Results: LAM-like macrophages (Fig. 3H, fig. S17F)",both CHIT1 and CTSK were highly expressed in LAMs from leprosy skin samples (but had very low expression in other skin LAMs)
DOI_10.1126_science.abl4290,LAM-like cells,,human,false,FABP4,implied,"Results: LAM-like macrophages (Fig. 3H, fig. S17F)","Select lipid pathway genes, including fatty-acid binding protein FABP4, lipoprotein lipase LPL, and phagocytic lipid receptor CD36, were highly expressed in LAMs from tissues with high adipose content, including adipose, atherosclerotic lesions, and intestine creeping fat samples"
DOI_10.1126_science.abl4290,LAM-like cells,,human,false,LPL,implied,"Results: LAM-like macrophages (Fig. 3H, fig. S17F)","Select lipid pathway genes, including fatty-acid binding protein FABP4, lipoprotein lipase LPL, and phagocytic lipid receptor CD36, were highly expressed in LAMs from tissues with high adipose content, including adipose, atherosclerotic lesions, and intestine creeping fat samples"
DOI_10.1126_science.abl4290,LAM-like cells,,human,false,CD36,implied,"Results: LAM-like macrophages (Fig. 3H, fig. S17F)","Select lipid pathway genes, including fatty-acid binding protein FABP4, lipoprotein lipase LPL, and phagocytic lipid receptor CD36, were highly expressed in LAMs from tissues with high adipose content, including adipose, atherosclerotic lesions, and intestine creeping fat samples"
DOI_10.1126_science.abl4290,LAM-like cells,,human,false,IL1B,implied,Results: LAM-like macrophages (fig. S17F),"LAMs in creeping fat from Crohn’s intestine and atherosclerotic lesions were additionally characterized by higher expression of interleukin IL1B and multiple chemokines (CXCL8, CXCL3, CCL4)"
DOI_10.1126_science.abl4290,LAM-like cells,,human,false,CXCL8,implied,Results: LAM-like macrophages (fig. S17F),"LAMs in creeping fat from Crohn’s intestine and atherosclerotic lesions were additionally characterized by higher expression of interleukin IL1B and multiple chemokines (CXCL8, CXCL3, CCL4)"
DOI_10.1126_science.abl4290,LAM-like cells,,human,false,CXCL3,implied,Results: LAM-like macrophages (fig. S17F),"LAMs in creeping fat from Crohn’s intestine and atherosclerotic lesions were additionally characterized by higher expression of interleukin IL1B and multiple chemokines (CXCL8, CXCL3, CCL4)"
DOI_10.1126_science.abl4290,LAM-like cells,,human,false,CCL4,implied,Results: LAM-like macrophages (fig. S17F),"LAMs in creeping fat from Crohn’s intestine and atherosclerotic lesions were additionally characterized by higher expression of interleukin IL1B and multiple chemokines (CXCL8, CXCL3, CCL4)"
DOI_10.1126_science.abl4290,LAM-like cells,,human,false,PPARG,inferred,Discussion p.17-18,"The inferred role for PPARG and NR1H3 in driving the LAM expression program suggests a model in which signaling through lipid-bound receptors on macrophages, such as TREM2 or CD36, up-regulates the expression of more lipid receptors"
DOI_10.1126_science.abl4290,LAM-like cells,,human,false,NR1H3,inferred,Discussion p.17-18,"The inferred role for PPARG and NR1H3 in driving the LAM expression program suggests a model in which signaling through lipid-bound receptors on macrophages, such as TREM2 or CD36, up-regulates the expression of more lipid receptors"
DOI_10.1126_science.abl4290,LAM-like cells,,human,false,TREM2,inferred,Discussion p.17-18,"signaling through lipid-bound receptors on macrophages, such as TREM2 or CD36, up-regulates the expression of more lipid receptors"
DOI_10.1126_science.abl4290,Fibroblasts,,human,false,COL6A2,explicit,Results: Cell-composition and cell-intrinsic secondary effects in muscle disease tissue (fig. S26),"up-regulation of hallmark fibroblast, adipocyte, and immune genes, likely because of changes in cell proportions (e.g., COL6A2, ADIPOQ, and HLA-A, respectively)"
DOI_10.1126_science.abl4290,Esophagus mucosa fibroblasts,,human,false,NTN1,explicit,"Results: Shared and tissue-specific features of fibroblasts (table S8, fig. S18E)","The esophagus mucosa fibroblast signature (table S8) included genes involved in neuron and axon development (e.g., NTN1, PLXNB1, FGF13), suggesting interactions with the enteric nervous system"
DOI_10.1126_science.abl4290,Esophagus mucosa fibroblasts,,human,false,PLXNB1,explicit,"Results: Shared and tissue-specific features of fibroblasts (table S8, fig. S18E)","The esophagus mucosa fibroblast signature (table S8) included genes involved in neuron and axon development (e.g., NTN1, PLXNB1, FGF13), suggesting interactions with the enteric nervous system"
DOI_10.1126_science.abl4290,Esophagus mucosa fibroblasts,,human,false,FGF13,explicit,"Results: Shared and tissue-specific features of fibroblasts (table S8, fig. S18E)","The esophagus mucosa fibroblast signature (table S8) included genes involved in neuron and axon development (e.g., NTN1, PLXNB1, FGF13), suggesting interactions with the enteric nervous system"
DOI_10.1126_science.abl4290,Cardiac fibroblasts,,human,false,GATA4,explicit,Results: Shared and tissue-specific features of fibroblasts (table S8),"The cardiac fibroblast signature genes included TFs involved in cardiac development (e.g., GATA4 and GATA6), revealing that expression of these developmental TFs is retained in the adult cardiac fibroblast compartment"
DOI_10.1126_science.abl4290,Cardiac fibroblasts,,human,false,GATA6,explicit,Results: Shared and tissue-specific features of fibroblasts (table S8),"The cardiac fibroblast signature genes included TFs involved in cardiac development (e.g., GATA4 and GATA6), revealing that expression of these developmental TFs is retained in the adult cardiac fibroblast compartment"
DOI_10.1126_science.abl4290,Skeletal muscle fibroblasts,,human,false,CXCL14,explicit,Results: Shared and tissue-specific features of fibroblasts (table S8),"The skeletal muscle signature showed increased expression of the CXCL14 and CXCL12 chemokines and of components of the renin-angiotensin-aldosterone system (AGTR1 and MME), which regulate skeletal muscle mass"
DOI_10.1126_science.abl4290,Skeletal muscle fibroblasts,,human,false,CXCL12,explicit,Results: Shared and tissue-specific features of fibroblasts (table S8),"The skeletal muscle signature showed increased expression of the CXCL14 and CXCL12 chemokines and of components of the renin-angiotensin-aldosterone system (AGTR1 and MME), which regulate skeletal muscle mass"
DOI_10.1126_science.abl4290,Skeletal muscle fibroblasts,,human,false,AGTR1,explicit,Results: Shared and tissue-specific features of fibroblasts (table S8),"The skeletal muscle signature showed increased expression of the CXCL14 and CXCL12 chemokines and of components of the renin-angiotensin-aldosterone system (AGTR1 and MME), which regulate skeletal muscle mass"
DOI_10.1126_science.abl4290,Skeletal muscle fibroblasts,,human,false,MME,explicit,Results: Shared and tissue-specific features of fibroblasts (table S8),"The skeletal muscle signature showed increased expression of the CXCL14 and CXCL12 chemokines and of components of the renin-angiotensin-aldosterone system (AGTR1 and MME), which regulate skeletal muscle mass"
DOI_10.1126_science.abl4290,Lung fibroblasts,,human,false,NPNT,explicit,"Results: Shared and tissue-specific features of fibroblasts (Fig. 4, F and G)","Lung fibroblast signatures were enriched for ECM, cation transport, and contractile functions ... including multiple components of the basement membrane that are required for epithelial-mesenchymal adhesion [nephronectin (NPNT), FRAS1, hemicentin-1 (HMCN1), and integrin ITGA8]"
DOI_10.1126_science.abl4290,Lung fibroblasts,,human,false,FRAS1,explicit,"Results: Shared and tissue-specific features of fibroblasts (Fig. 4, F and G)","Lung fibroblast signatures were enriched for ECM, cation transport, and contractile functions ... including multiple components of the basement membrane that are required for epithelial-mesenchymal adhesion [nephronectin (NPNT), FRAS1, hemicentin-1 (HMCN1), and integrin ITGA8]"
DOI_10.1126_science.abl4290,Lung fibroblasts,,human,false,HMCN1,explicit,"Results: Shared and tissue-specific features of fibroblasts (Fig. 4, F and G)","Lung fibroblast signatures were enriched for ECM, cation transport, and contractile functions ... including multiple components of the basement membrane that are required for epithelial-mesenchymal adhesion [nephronectin (NPNT), FRAS1, hemicentin-1 (HMCN1), and integrin ITGA8]"
DOI_10.1126_science.abl4290,Lung fibroblasts,,human,false,ITGA8,explicit,"Results: Shared and tissue-specific features of fibroblasts (Fig. 4, F and G)","Lung fibroblast signatures were enriched for ECM, cation transport, and contractile functions ... including multiple components of the basement membrane that are required for epithelial-mesenchymal adhesion [nephronectin (NPNT), FRAS1, hemicentin-1 (HMCN1), and integrin ITGA8]"
DOI_10.1126_science.abl4290,Alveolar fibroblasts,,human,false,FGFR4,implied,Results: Shared and tissue-specific features of fibroblasts (Fig. 4B),"Alveolar fibroblasts also specifically expressed FGFR4, which is essential for alveologenesis in mice"
DOI_10.1126_science.abl4290,Alveolar fibroblasts,,human,false,PIEZO2,implied,Results: Shared and tissue-specific features of fibroblasts (Fig. 4G),lung alveolar fibroblasts distinctively expressed a calcium signaling and actomyosin contractility program ... including the mechanosensitive calcium ion channel PIEZO2
DOI_10.1126_science.abl4290,Alveolar fibroblasts,,human,false,CACNA1D,implied,Results: Shared and tissue-specific features of fibroblasts (Fig. 4G),"multiple calcium channels and adrenergic and purinergic receptors, which have been implicated in stimulating calcium release from intracellular stores (CACNA1D, TRPC6, MCOLN2/TRPML2)"
DOI_10.1126_science.abl4290,Alveolar fibroblasts,,human,false,TRPC6,implied,Results: Shared and tissue-specific features of fibroblasts (Fig. 4G),"multiple calcium channels and adrenergic and purinergic receptors, which have been implicated in stimulating calcium release from intracellular stores (CACNA1D, TRPC6, MCOLN2/TRPML2)"
DOI_10.1126_science.abl4290,Alveolar fibroblasts,,human,false,MCOLN2,implied,Results: Shared and tissue-specific features of fibroblasts (Fig. 4G),"multiple calcium channels and adrenergic and purinergic receptors, which have been implicated in stimulating calcium release from intracellular stores (CACNA1D, TRPC6, MCOLN2/TRPML2)"
DOI_10.1126_science.abl4290,Alveolar fibroblasts,,human,false,MYLK,implied,Results: Shared and tissue-specific features of fibroblasts (Fig. 4G),"and myosin light chain kinase (MYLK), which is involved in mediating calcium-induced actomyosin contraction"
DOI_10.1126_science.abl4290,Alveolar fibroblasts,,human,false,ACTA2,implied,Results: Shared and tissue-specific features of fibroblasts (fig. S18D),"alveolar fibroblasts express myofibroblast markers (e.g., ACTA2; fig. S18D)"
DOI_10.1126_science.abl4290,Adipocytes,,human,false,ADIPOQ,explicit,Results: Cell-composition and cell-intrinsic secondary effects in muscle disease tissue (fig. S26),"up-regulation of hallmark fibroblast, adipocyte, and immune genes, likely because of changes in cell proportions (e.g., COL6A2, ADIPOQ, and HLA-A, respectively)"
DOI_10.1126_science.abl4290,Adipocytes,,human,false,DPT,implied,Results: Cell-composition and cell-intrinsic secondary effects in muscle disease tissue,"dermatopontin (DPT), an adipokine that promotes ECM remodeling and inflammation, is expressed in adipocytes but is not correlated with ADIPOQ expression across adipocytes from different tissues"
DOI_10.1126_science.abl4290,Adipocytes,,human,false,ANGPTL8,implied,"Results: Associating GWAS genes with gene programs across cell types reveals six main trait groups (Fig. 7E, table S20)","a group of HDL cholesterol traits was associated with adipocytes in all three muscle tissues and enriched for fatty acid, triglyceride, and lipid homeostasis and related metabolic processes, including ANGPTL8 and PNPLA3"
DOI_10.1126_science.abl4290,Adipocytes,,human,false,PNPLA3,implied,"Results: Associating GWAS genes with gene programs across cell types reveals six main trait groups (Fig. 7E, table S20)","a group of HDL cholesterol traits was associated with adipocytes in all three muscle tissues and enriched for fatty acid, triglyceride, and lipid homeostasis and related metabolic processes, including ANGPTL8 and PNPLA3"
DOI_10.1126_science.abl4290,Endothelial cells,,human,false,ELK3,implied,Results: Cell-composition and cell-intrinsic secondary effects in muscle disease tissue,"ELK3, which is expressed in endothelial cells, suppresses angiogenesis and may contribute to functional muscle ischemia in muscle disease"
DOI_10.1126_science.abl4290,Slow myocytes,,human,false,MYH7,implied,"Results: Differences between slow and fast myocyte subsets (fig. S9, E and F)","As expected, slow myocytes preferentially expressed type 1 fiber markers (36, 128) and disease genes MYH7 (FDR < 10−15 in cytoplasmic myonuclei) and PPARGC1A (FDR < 10−15 in regular myonuclei)."
DOI_10.1126_science.abl4290,Slow myocytes,,human,false,PPARGC1A,implied,"Results: Differences between slow and fast myocyte subsets (fig. S9, E and F)","As expected, slow myocytes preferentially expressed type 1 fiber markers (36, 128) and disease genes MYH7 (FDR < 10−15 in cytoplasmic myonuclei) and PPARGC1A (FDR < 10−15 in regular myonuclei)."
DOI_10.1126_science.abl4290,Fast myocytes,,human,false,MYH2,explicit,"Results: Differences between slow and fast myocyte subsets (fig. S9, E and F)",Fast myocytes specifically expressed the type 2 fiber marker MYH2
DOI_10.1126_science.abl4290,NMJ-localized myonuclei,,human,false,CHRNE,implied,Results: Cell type–specific enrichment of monogenic disease genes (tables S2 and S12),"genes linked to congenital myasthenic syndrome, a disorder affecting neuromuscular transmission, were specifically expressed in NMJ-localized myonuclei but not in other skeletal myonuclei. These included acetylcholine receptor subunits (CHRNE, CHRNA1, CHRND), the NMJ-organizing receptor tyrosine kinase MUSK, and NMJ-enriched ECM components (COL13A1, LAMA2)."
DOI_10.1126_science.abl4290,NMJ-localized myonuclei,,human,false,CHRNA1,implied,Results: Cell type–specific enrichment of monogenic disease genes (tables S2 and S12),"genes linked to congenital myasthenic syndrome, a disorder affecting neuromuscular transmission, were specifically expressed in NMJ-localized myonuclei but not in other skeletal myonuclei. These included acetylcholine receptor subunits (CHRNE, CHRNA1, CHRND), the NMJ-organizing receptor tyrosine kinase MUSK, and NMJ-enriched ECM components (COL13A1, LAMA2)."
DOI_10.1126_science.abl4290,NMJ-localized myonuclei,,human,false,CHRND,implied,Results: Cell type–specific enrichment of monogenic disease genes (tables S2 and S12),"genes linked to congenital myasthenic syndrome, a disorder affecting neuromuscular transmission, were specifically expressed in NMJ-localized myonuclei but not in other skeletal myonuclei. These included acetylcholine receptor subunits (CHRNE, CHRNA1, CHRND), the NMJ-organizing receptor tyrosine kinase MUSK, and NMJ-enriched ECM components (COL13A1, LAMA2)."
DOI_10.1126_science.abl4290,NMJ-localized myonuclei,,human,false,MUSK,implied,Results: Cell type–specific enrichment of monogenic disease genes (tables S2 and S12),"genes linked to congenital myasthenic syndrome, a disorder affecting neuromuscular transmission, were specifically expressed in NMJ-localized myonuclei but not in other skeletal myonuclei. These included acetylcholine receptor subunits (CHRNE, CHRNA1, CHRND), the NMJ-organizing receptor tyrosine kinase MUSK, and NMJ-enriched ECM components (COL13A1, LAMA2)."
DOI_10.1126_science.abl4290,NMJ-localized myonuclei,,human,false,COL13A1,implied,Results: Cell type–specific enrichment of monogenic disease genes (tables S2 and S12),"genes linked to congenital myasthenic syndrome, a disorder affecting neuromuscular transmission, were specifically expressed in NMJ-localized myonuclei but not in other skeletal myonuclei. These included acetylcholine receptor subunits (CHRNE, CHRNA1, CHRND), the NMJ-organizing receptor tyrosine kinase MUSK, and NMJ-enriched ECM components (COL13A1, LAMA2)."
DOI_10.1126_science.abl4290,NMJ-localized myonuclei,,human,false,LAMA2,implied,Results: Cell type–specific enrichment of monogenic disease genes (tables S2 and S12),"genes linked to congenital myasthenic syndrome, a disorder affecting neuromuscular transmission, were specifically expressed in NMJ-localized myonuclei but not in other skeletal myonuclei. These included acetylcholine receptor subunits (CHRNE, CHRNA1, CHRND), the NMJ-organizing receptor tyrosine kinase MUSK, and NMJ-enriched ECM components (COL13A1, LAMA2)."
DOI_10.1126_science.abl4290,sensory neurons,,mouse,true,Piezo2,implied,Discussion p.18,"mechanosensing of alveolar tension, which so far has been mainly attributed to Piezo2+ sensory neurons in mice"
DOI_10.1126_science.abl4290,macrophages,LYVE1-expressing (tissue support),human,false,LYVE1,explicit,Discussion p.17,"for LYVE1- and HLAII–expressing macrophages, our results reinforce the notion of functional specification of these two macrophage states into tissue support and tissue immunity, respectively"
DOI_10.1126_science.abl4290,macrophages,HLAII-expressing (tissue immunity),human,false,HLAII,explicit,Discussion p.17,"for LYVE1- and HLAII–expressing macrophages, our results reinforce the notion of functional specification of these two macrophage states into tissue support and tissue immunity, respectively"
DOI_10.1126_science.abl4290,macrophages,Lyve1high (perivascular),mouse,false,Lyve1,explicit,Discussion p.17,"In mice, Lyve1high macrophages are localized perivascularly, whereas MHCIIhigh macrophages are found in proximity to neurons"
DOI_10.1126_science.abl4290,macrophages,MHCIIhigh (proximal to neurons),mouse,false,MHCII,explicit,Discussion p.17,"In mice, Lyve1high macrophages are localized perivascularly, whereas MHCIIhigh macrophages are found in proximity to neurons"
DOI_10.1126_science.abl4290,lung alveolar fibroblasts,,human,false,ITGA8,explicit,Discussion p.18,PIEZO2+/ITGA8+ alveolar fibroblasts may contribute to mechanosensing of alveolar tension
DOI_10.1126_science.abl4290,lung alveolar fibroblasts,,human,false,PIEZO2,explicit,Discussion p.18,PIEZO2+/ITGA8+ alveolar fibroblasts may contribute to mechanosensing of alveolar tension
DOI_10.1126_science.abl4290,lung alveolar fibroblasts,,human,false,NPNT,implied,Discussion p.18,"BM adhesion genes, including ITGA8 and its interacting partner NPNT"
DOI_10.1126_science.abl4290,lung alveolar fibroblasts,,human,false,MYLK,implied,Discussion p.18,an actomyosin contractility program that features MYLK and mediates cytosolic calcium-induced cytoskeletal contraction
DOI_10.1126_science.abl4290,myofibroblasts,,human,false,FGF18,inferred,Discussion p.18,possibly through FGFR4 in alveolar fibroblasts and its ligand FGF18 in myofibroblasts
DOI_10.1126_science.abl4290,intraglomerular mesangial cells,,human,false,PIEZO2,implied,Discussion p.18,"PIEZO2 and ITGA8 are also coexpressed in intraglomerular mesangial cells, where PIEZO2 may sense mechanical forces resulting from changes in blood flow"
DOI_10.1126_science.abl4290,intraglomerular mesangial cells,,human,false,ITGA8,implied,Discussion p.18,"PIEZO2 and ITGA8 are also coexpressed in intraglomerular mesangial cells, where ITGA8 confers contractility and adhesion"
DOI_10.1126_science.abl4896,B cells,,mouse,false,Cd79a,explicit,Page 4; Figure 2j; Supplementary Table 6,"This is supported by upregulation of B/plasma cell markers (Cd79a, Igj; Figure 2j; Supplementary Table 6) and downregulation of Cd3d."
DOI_10.1126_science.abl4896,Plasma cells,,mouse,false,Igj,explicit,Page 4; Figure 2j; Supplementary Table 6,"This is supported by upregulation of B/plasma cell markers (Cd79a, Igj; Figure 2j; Supplementary Table 6) and downregulation of Cd3d."
DOI_10.1126_science.abl4896,T cells,,mouse,false,Cd3d,implied,Page 4; Figure 2j; Supplementary Table 6,"This is supported by upregulation of B/plasma cell markers (Cd79a, Igj; Figure 2j; Supplementary Table 6) and downregulation of Cd3d."
DOI_10.1126_science.abl4896,Hepatocytes,,mouse,false,Alb,implied,Page 4; Extended Data Figure 6e; Supplementary Table 6,"The liver also displays changing tissue compositions with age, as the relative number of hepatocytes decreases with age (Extended Data Figure 6a-d), which is supported by the reduction in the expression of albumin (Alb; Extended Data Figure 6e; Supplementary Table 6)."
DOI_10.1126_science.abl4896,Kupffer cells,,mouse,false,Clec4f,explicit,Page 4; Extended Data Figure 6g,We stained liver Kupffer cells (Extended Data Figure 6g) with Clec4f and found the number of Clec4f+ cells does not change with age
DOI_10.1126_science.abl4896,Kupffer cells,,mouse,false,Il1b,implied,Extended Data Figure 6f,Gene expression of Il1b and Clec4f (f) ... in the liver droplet dataset for the six ages. Staining of Kupffer cells across age (g)
DOI_10.1126_science.abl4896,LSEC,,mouse,false,Pecam1,explicit,Page 4; Supplementary Table 7; Extended Data Figure 6l,"By performing in situ RNA staining for Mrc1 alongside classical LSEC marker Pecam1 (Supplementary Table 7; Extended Data Figure 6l), we found that the number of Mrc1 expressing LSECs increased with age."
DOI_10.1126_science.abl4896,LSEC,,mouse,false,Mrc1,implied,Page 4; Supplementary Table 7; Extended Data Figure 6l,"LSECs play a unique role, being the main carriers of the mannose receptor (Mrc1) in the liver ... By performing in situ RNA staining for Mrc1 alongside classical LSEC marker Pecam1"
DOI_10.1126_science.abl4896,loop of Henle thick ascending limb epithelial cells,,mouse,false,Umod,implied,Page 3,"uromodulin (Umod), the most abundant protein in urine, is also reduced in expression across the tissue. Umod is produced by the epithelial cells that line the thick ascending limb"
DOI_10.1126_science.abl4896,Macrophage,M2,mouse,false,Il10,implied,Page 6; Extended Data Figure 11f,"Differential gene expression revealed that cluster 10 is enriched for an M2-macrophage gene signature (e.g. Il10, H2-Eb1, H2-Ab1, H2-Aa, Cd74, C1qa, Cxcl16, Hexb, Cd81, C1qb, Cd72)"
DOI_10.1126_science.abl4896,Macrophage,M2,mouse,false,H2-Eb1,implied,Page 6; Extended Data Figure 11f,"Differential gene expression revealed that cluster 10 is enriched for an M2-macrophage gene signature (e.g. Il10, H2-Eb1, H2-Ab1, H2-Aa, Cd74, C1qa, Cxcl16, Hexb, Cd81, C1qb, Cd72)"
DOI_10.1126_science.abl4896,Macrophage,M2,mouse,false,H2-Ab1,implied,Page 6; Extended Data Figure 11f,"Differential gene expression revealed that cluster 10 is enriched for an M2-macrophage gene signature (e.g. Il10, H2-Eb1, H2-Ab1, H2-Aa, Cd74, C1qa, Cxcl16, Hexb, Cd81, C1qb, Cd72)"
DOI_10.1126_science.abl4896,Macrophage,M2,mouse,false,H2-Aa,implied,Page 6; Extended Data Figure 11f,"Differential gene expression revealed that cluster 10 is enriched for an M2-macrophage gene signature (e.g. Il10, H2-Eb1, H2-Ab1, H2-Aa, Cd74, C1qa, Cxcl16, Hexb, Cd81, C1qb, Cd72)"
DOI_10.1126_science.abl4896,Macrophage,M2,mouse,false,Cd74,implied,Page 6; Extended Data Figure 11f,"Differential gene expression revealed that cluster 10 is enriched for an M2-macrophage gene signature (e.g. Il10, H2-Eb1, H2-Ab1, H2-Aa, Cd74, C1qa, Cxcl16, Hexb, Cd81, C1qb, Cd72)"
DOI_10.1126_science.abl4896,Macrophage,M2,mouse,false,C1qa,implied,Page 6; Extended Data Figure 11f,"Differential gene expression revealed that cluster 10 is enriched for an M2-macrophage gene signature (e.g. Il10, H2-Eb1, H2-Ab1, H2-Aa, Cd74, C1qa, Cxcl16, Hexb, Cd81, C1qb, Cd72)"
DOI_10.1126_science.abl4896,Macrophage,M2,mouse,false,Cxcl16,implied,Page 6; Extended Data Figure 11f,"Differential gene expression revealed that cluster 10 is enriched for an M2-macrophage gene signature (e.g. Il10, H2-Eb1, H2-Ab1, H2-Aa, Cd74, C1qa, Cxcl16, Hexb, Cd81, C1qb, Cd72)"
DOI_10.1126_science.abl4896,Macrophage,M2,mouse,false,Hexb,implied,Page 6; Extended Data Figure 11f,"Differential gene expression revealed that cluster 10 is enriched for an M2-macrophage gene signature (e.g. Il10, H2-Eb1, H2-Ab1, H2-Aa, Cd74, C1qa, Cxcl16, Hexb, Cd81, C1qb, Cd72)"
DOI_10.1126_science.abl4896,Macrophage,M2,mouse,false,Cd81,implied,Page 6; Extended Data Figure 11f,"Differential gene expression revealed that cluster 10 is enriched for an M2-macrophage gene signature (e.g. Il10, H2-Eb1, H2-Ab1, H2-Aa, Cd74, C1qa, Cxcl16, Hexb, Cd81, C1qb, Cd72)"
DOI_10.1126_science.abl4896,Macrophage,M2,mouse,false,C1qb,implied,Page 6; Extended Data Figure 11f,"Differential gene expression revealed that cluster 10 is enriched for an M2-macrophage gene signature (e.g. Il10, H2-Eb1, H2-Ab1, H2-Aa, Cd74, C1qa, Cxcl16, Hexb, Cd81, C1qb, Cd72)"
DOI_10.1126_science.abl4896,Macrophage,M2,mouse,false,Cd72,implied,Page 6; Extended Data Figure 11f,"Differential gene expression revealed that cluster 10 is enriched for an M2-macrophage gene signature (e.g. Il10, H2-Eb1, H2-Ab1, H2-Aa, Cd74, C1qa, Cxcl16, Hexb, Cd81, C1qb, Cd72)"
DOI_10.1126_science.abl4896,Macrophage,M1,mouse,false,Hp,implied,Page 6; Extended Data Figure 11f,"Differential gene expression revealed that cluster 13 resembles a M1-proinflammatory macrophage state (e.g. Hp, Itgal, Spex1, Gngt2)"
DOI_10.1126_science.abl4896,Macrophage,M1,mouse,false,Itgal,implied,Page 6; Extended Data Figure 11f,"Differential gene expression revealed that cluster 13 resembles a M1-proinflammatory macrophage state (e.g. Hp, Itgal, Spex1, Gngt2)"
DOI_10.1126_science.abl4896,Macrophage,M1,mouse,false,Spex1,implied,Page 6; Extended Data Figure 11f,"Differential gene expression revealed that cluster 13 resembles a M1-proinflammatory macrophage state (e.g. Hp, Itgal, Spex1, Gngt2)"
DOI_10.1126_science.abl4896,Macrophage,M1,mouse,false,Gngt2,implied,Page 6; Extended Data Figure 11f,"Differential gene expression revealed that cluster 13 resembles a M1-proinflammatory macrophage state (e.g. Hp, Itgal, Spex1, Gngt2)"
DOI_10.1126_science.abl4896,endothelial cells,liver,mouse,false,Pecam1,implied,Extended Data Figure 6k,Gene expression of Pecam1 and Mrc1 (k) in the liver droplet dataset for the six ages. Staining of liver endothelial cells across ages (l)
DOI_10.1126_science.abo0510,Macrophage,LYVE1 expressing,human,false,FOLR2,explicit,Methods: Data integration and annotation,"“LYVE1” expressing FOLR2, LYVE1, and SPP1"
DOI_10.1126_science.abo0510,Macrophage,LYVE1 expressing,human,false,LYVE1,explicit,Methods: Data integration and annotation,"“LYVE1” expressing FOLR2, LYVE1, and SPP1"
DOI_10.1126_science.abo0510,Macrophage,LYVE1 expressing,human,false,SPP1,explicit,Methods: Data integration and annotation,"“LYVE1” expressing FOLR2, LYVE1, and SPP1"
DOI_10.1126_science.abo0510,Macrophage,Iron-recycling,human,false,CD5L,explicit,Methods: Data integration and annotation,"best characterized by expression of CD5L, VCAM1, and APOE"
DOI_10.1126_science.abo0510,Macrophage,Iron-recycling,human,false,VCAM1,explicit,Methods: Data integration and annotation,"best characterized by expression of CD5L, VCAM1, and APOE"
DOI_10.1126_science.abo0510,Macrophage,Iron-recycling,human,false,APOE,explicit,Methods: Data integration and annotation,"best characterized by expression of CD5L, VCAM1, and APOE"
DOI_10.1126_science.abo0510,Macrophage,MHC class II,human,false,HLA-DRA,explicit,Methods: Data integration and annotation,"expressing the highest levels of HLA-DRA, HLA-DPA1, and CLEC7A among macrophages"
DOI_10.1126_science.abo0510,Macrophage,MHC class II,human,false,HLA-DPA1,explicit,Methods: Data integration and annotation,"expressing the highest levels of HLA-DRA, HLA-DPA1, and CLEC7A among macrophages"
DOI_10.1126_science.abo0510,Macrophage,MHC class II,human,false,CLEC7A,explicit,Methods: Data integration and annotation,"expressing the highest levels of HLA-DRA, HLA-DPA1, and CLEC7A among macrophages"
DOI_10.1126_science.abo0510,Macrophage,Kupffer-like,human,false,ENG,explicit,Methods: Data integration and annotation,"expressing endothelial transcripts ENG, KDR, and CAV"
DOI_10.1126_science.abo0510,Macrophage,Kupffer-like,human,false,KDR,explicit,Methods: Data integration and annotation,"expressing endothelial transcripts ENG, KDR, and CAV"
DOI_10.1126_science.abo0510,Macrophage,Kupffer-like,human,false,CAV,explicit,Methods: Data integration and annotation,"expressing endothelial transcripts ENG, KDR, and CAV"
DOI_10.1126_science.abo0510,Macrophage,TREM2,human,false,TREM2,explicit,Methods: Data integration and annotation,with expression of microglia-associated transcripts TREM2 and P2RY12
DOI_10.1126_science.abo0510,Macrophage,TREM2,human,false,P2RY12,explicit,Methods: Data integration and annotation,with expression of microglia-associated transcripts TREM2 and P2RY12
DOI_10.1126_science.abo0510,Macrophage,Osteoclasts,human,false,MMP9,explicit,Methods: Data integration and annotation,expressing characteristic MMP9 and ACP35
DOI_10.1126_science.abo0510,Macrophage,Osteoclasts,human,false,ACP35,explicit,Methods: Data integration and annotation,expressing characteristic MMP9 and ACP35
DOI_10.1126_science.abo0510,ENDOTHELIUM_I,,human,false,CDH5,explicit,fig.S21,"Multiplex smFISH staining of DAPI, CDH5 for endothelial cells, and VPREB1, RAG1 with/without DNTT for B cell progenitors in the human prenatal spleen at 14 pcw and prenatal thymus at 16 pcw."
DOI_10.1126_science.abo0510,ENDOTHELIUM_II,,human,false,CDH5,explicit,fig.S21,"Multiplex smFISH staining of DAPI, CDH5 for endothelial cells, and VPREB1, RAG1 with/without DNTT for B cell progenitors in the human prenatal spleen at 14 pcw and prenatal thymus at 16 pcw."
DOI_10.1126_science.abo0510,ENDOTHELIUM_III,,human,false,CDH5,explicit,fig.S21,"Multiplex smFISH staining of DAPI, CDH5 for endothelial cells, and VPREB1, RAG1 with/without DNTT for B cell progenitors in the human prenatal spleen at 14 pcw and prenatal thymus at 16 pcw."
DOI_10.1126_science.abo0510,ENDOTHELIUM_IV,,human,false,CDH5,explicit,fig.S21,"Multiplex smFISH staining of DAPI, CDH5 for endothelial cells, and VPREB1, RAG1 with/without DNTT for B cell progenitors in the human prenatal spleen at 14 pcw and prenatal thymus at 16 pcw."
DOI_10.1126_science.abo0510,ENDOTHELIUM_V,,human,false,CDH5,explicit,fig.S21,"Multiplex smFISH staining of DAPI, CDH5 for endothelial cells, and VPREB1, RAG1 with/without DNTT for B cell progenitors in the human prenatal spleen at 14 pcw and prenatal thymus at 16 pcw."
DOI_10.1126_science.abo0510,PRO_B,,human,false,VPREB1,explicit,fig.S21,"Multiplex smFISH staining of DAPI, CDH5 for endothelial cells, and VPREB1, RAG1 with/without DNTT for B cell progenitors in the human prenatal spleen at 14 pcw and prenatal thymus at 16 pcw."
DOI_10.1126_science.abo0510,PRO_B,,human,false,RAG1,explicit,fig.S21,"Multiplex smFISH staining of DAPI, CDH5 for endothelial cells, and VPREB1, RAG1 with/without DNTT for B cell progenitors in the human prenatal spleen at 14 pcw and prenatal thymus at 16 pcw."
DOI_10.1126_science.abo0510,PRO_B,,human,false,DNTT,explicit,fig.S21,"Multiplex smFISH staining of DAPI, CDH5 for endothelial cells, and VPREB1, RAG1 with/without DNTT for B cell progenitors in the human prenatal spleen at 14 pcw and prenatal thymus at 16 pcw."
DOI_10.1126_science.abo0510,PRE_PRO_B,,human,false,VPREB1,explicit,fig.S21,"Multiplex smFISH staining of DAPI, CDH5 for endothelial cells, and VPREB1, RAG1 with/without DNTT for B cell progenitors in the human prenatal spleen at 14 pcw and prenatal thymus at 16 pcw."
DOI_10.1126_science.abo0510,PRE_PRO_B,,human,false,RAG1,explicit,fig.S21,"Multiplex smFISH staining of DAPI, CDH5 for endothelial cells, and VPREB1, RAG1 with/without DNTT for B cell progenitors in the human prenatal spleen at 14 pcw and prenatal thymus at 16 pcw."
DOI_10.1126_science.abo0510,PRE_PRO_B,,human,false,DNTT,explicit,fig.S21,"Multiplex smFISH staining of DAPI, CDH5 for endothelial cells, and VPREB1, RAG1 with/without DNTT for B cell progenitors in the human prenatal spleen at 14 pcw and prenatal thymus at 16 pcw."
DOI_10.1126_science.abo0510,LATE_PRO_B,,human,false,VPREB1,explicit,fig.S21,"Multiplex smFISH staining of DAPI, CDH5 for endothelial cells, and VPREB1, RAG1 with/without DNTT for B cell progenitors in the human prenatal spleen at 14 pcw and prenatal thymus at 16 pcw."
DOI_10.1126_science.abo0510,LATE_PRO_B,,human,false,RAG1,explicit,fig.S21,"Multiplex smFISH staining of DAPI, CDH5 for endothelial cells, and VPREB1, RAG1 with/without DNTT for B cell progenitors in the human prenatal spleen at 14 pcw and prenatal thymus at 16 pcw."
DOI_10.1126_science.abo0510,LATE_PRO_B,,human,false,DNTT,explicit,fig.S21,"Multiplex smFISH staining of DAPI, CDH5 for endothelial cells, and VPREB1, RAG1 with/without DNTT for B cell progenitors in the human prenatal spleen at 14 pcw and prenatal thymus at 16 pcw."
DOI_10.1126_science.abo0510,LARGE_PRE_B,,human,false,VPREB1,explicit,fig.S21,"Multiplex smFISH staining of DAPI, CDH5 for endothelial cells, and VPREB1, RAG1 with/without DNTT for B cell progenitors in the human prenatal spleen at 14 pcw and prenatal thymus at 16 pcw."
DOI_10.1126_science.abo0510,LARGE_PRE_B,,human,false,RAG1,explicit,fig.S21,"Multiplex smFISH staining of DAPI, CDH5 for endothelial cells, and VPREB1, RAG1 with/without DNTT for B cell progenitors in the human prenatal spleen at 14 pcw and prenatal thymus at 16 pcw."
DOI_10.1126_science.abo0510,LARGE_PRE_B,,human,false,DNTT,explicit,fig.S21,"Multiplex smFISH staining of DAPI, CDH5 for endothelial cells, and VPREB1, RAG1 with/without DNTT for B cell progenitors in the human prenatal spleen at 14 pcw and prenatal thymus at 16 pcw."
DOI_10.1126_science.abo0510,SMALL_PRE_B,,human,false,VPREB1,explicit,fig.S21,"Multiplex smFISH staining of DAPI, CDH5 for endothelial cells, and VPREB1, RAG1 with/without DNTT for B cell progenitors in the human prenatal spleen at 14 pcw and prenatal thymus at 16 pcw."
DOI_10.1126_science.abo0510,SMALL_PRE_B,,human,false,RAG1,explicit,fig.S21,"Multiplex smFISH staining of DAPI, CDH5 for endothelial cells, and VPREB1, RAG1 with/without DNTT for B cell progenitors in the human prenatal spleen at 14 pcw and prenatal thymus at 16 pcw."
DOI_10.1126_science.abo0510,SMALL_PRE_B,,human,false,DNTT,explicit,fig.S21,"Multiplex smFISH staining of DAPI, CDH5 for endothelial cells, and VPREB1, RAG1 with/without DNTT for B cell progenitors in the human prenatal spleen at 14 pcw and prenatal thymus at 16 pcw."
DOI_10.1126_science.abo0510,EARLY_MK,,human,false,KLF1,explicit,fig.S22,"Multiplex smFISH staining of DAPI, CDH5 for endothelial cells, and KLF1, TESPA1 for megakaryocyte/erythroid progenitors in the human prenatal spleen at 14 pcw and prenatal thymus at 16 pcw."
DOI_10.1126_science.abo0510,EARLY_MK,,human,false,TESPA1,explicit,fig.S22,"Multiplex smFISH staining of DAPI, CDH5 for endothelial cells, and KLF1, TESPA1 for megakaryocyte/erythroid progenitors in the human prenatal spleen at 14 pcw and prenatal thymus at 16 pcw."
DOI_10.1126_science.abo0510,LATE_MK,,human,false,KLF1,explicit,fig.S22,"Multiplex smFISH staining of DAPI, CDH5 for endothelial cells, and KLF1, TESPA1 for megakaryocyte/erythroid progenitors in the human prenatal spleen at 14 pcw and prenatal thymus at 16 pcw."
DOI_10.1126_science.abo0510,LATE_MK,,human,false,TESPA1,explicit,fig.S22,"Multiplex smFISH staining of DAPI, CDH5 for endothelial cells, and KLF1, TESPA1 for megakaryocyte/erythroid progenitors in the human prenatal spleen at 14 pcw and prenatal thymus at 16 pcw."
DOI_10.1126_science.abo0510,MEP,,human,false,KLF1,explicit,fig.S22,"Multiplex smFISH staining of DAPI, CDH5 for endothelial cells, and KLF1, TESPA1 for megakaryocyte/erythroid progenitors in the human prenatal spleen at 14 pcw and prenatal thymus at 16 pcw."
DOI_10.1126_science.abo0510,MEP,,human,false,TESPA1,explicit,fig.S22,"Multiplex smFISH staining of DAPI, CDH5 for endothelial cells, and KLF1, TESPA1 for megakaryocyte/erythroid progenitors in the human prenatal spleen at 14 pcw and prenatal thymus at 16 pcw."
DOI_10.1126_science.abo0510,EARLY_ERY,,human,false,KLF1,explicit,fig.S22,"Multiplex smFISH staining of DAPI, CDH5 for endothelial cells, and KLF1, TESPA1 for megakaryocyte/erythroid progenitors in the human prenatal spleen at 14 pcw and prenatal thymus at 16 pcw."
DOI_10.1126_science.abo0510,EARLY_ERY,,human,false,TESPA1,explicit,fig.S22,"Multiplex smFISH staining of DAPI, CDH5 for endothelial cells, and KLF1, TESPA1 for megakaryocyte/erythroid progenitors in the human prenatal spleen at 14 pcw and prenatal thymus at 16 pcw."
DOI_10.1126_science.abo0510,LATE_ERY,,human,false,KLF1,explicit,fig.S22,"Multiplex smFISH staining of DAPI, CDH5 for endothelial cells, and KLF1, TESPA1 for megakaryocyte/erythroid progenitors in the human prenatal spleen at 14 pcw and prenatal thymus at 16 pcw."
DOI_10.1126_science.abo0510,LATE_ERY,,human,false,TESPA1,explicit,fig.S22,"Multiplex smFISH staining of DAPI, CDH5 for endothelial cells, and KLF1, TESPA1 for megakaryocyte/erythroid progenitors in the human prenatal spleen at 14 pcw and prenatal thymus at 16 pcw."
DOI_10.1126_science.abo0510,MID_ERY,,human,false,KLF1,explicit,fig.S22,"Multiplex smFISH staining of DAPI, CDH5 for endothelial cells, and KLF1, TESPA1 for megakaryocyte/erythroid progenitors in the human prenatal spleen at 14 pcw and prenatal thymus at 16 pcw."
DOI_10.1126_science.abo0510,MID_ERY,,human,false,TESPA1,explicit,fig.S22,"Multiplex smFISH staining of DAPI, CDH5 for endothelial cells, and KLF1, TESPA1 for megakaryocyte/erythroid progenitors in the human prenatal spleen at 14 pcw and prenatal thymus at 16 pcw."
DOI_10.1126_science.abo0510,CMP,,human,false,MPO,explicit,fig.S23,"Multiplex smFISH staining of DAPI, CDH5 for endothelial cells, and MPO and AZU1 for myeloid progenitors in the human prenatal intestine at 15 pcw and prenatal thymus at 16 pcw."
DOI_10.1126_science.abo0510,CMP,,human,false,AZU1,explicit,fig.S23,"Multiplex smFISH staining of DAPI, CDH5 for endothelial cells, and MPO and AZU1 for myeloid progenitors in the human prenatal intestine at 15 pcw and prenatal thymus at 16 pcw."
DOI_10.1126_science.abo0510,GMP,,human,false,MPO,explicit,fig.S23,"Multiplex smFISH staining of DAPI, CDH5 for endothelial cells, and MPO and AZU1 for myeloid progenitors in the human prenatal intestine at 15 pcw and prenatal thymus at 16 pcw."
DOI_10.1126_science.abo0510,GMP,,human,false,AZU1,explicit,fig.S23,"Multiplex smFISH staining of DAPI, CDH5 for endothelial cells, and MPO and AZU1 for myeloid progenitors in the human prenatal intestine at 15 pcw and prenatal thymus at 16 pcw."
DOI_10.1126_science.abo0510,MOP,,human,false,MPO,explicit,fig.S23,"Multiplex smFISH staining of DAPI, CDH5 for endothelial cells, and MPO and AZU1 for myeloid progenitors in the human prenatal intestine at 15 pcw and prenatal thymus at 16 pcw."
DOI_10.1126_science.abo0510,MOP,,human,false,AZU1,explicit,fig.S23,"Multiplex smFISH staining of DAPI, CDH5 for endothelial cells, and MPO and AZU1 for myeloid progenitors in the human prenatal intestine at 15 pcw and prenatal thymus at 16 pcw."
DOI_10.1126_science.abo0510,PROMYELOCYTE,,human,false,MPO,explicit,fig.S23,"Multiplex smFISH staining of DAPI, CDH5 for endothelial cells, and MPO and AZU1 for myeloid progenitors in the human prenatal intestine at 15 pcw and prenatal thymus at 16 pcw."
DOI_10.1126_science.abo0510,PROMYELOCYTE,,human,false,AZU1,explicit,fig.S23,"Multiplex smFISH staining of DAPI, CDH5 for endothelial cells, and MPO and AZU1 for myeloid progenitors in the human prenatal intestine at 15 pcw and prenatal thymus at 16 pcw."
DOI_10.1126_science.abo0510,PROMONOCYTE,,human,false,MPO,explicit,fig.S23,"Multiplex smFISH staining of DAPI, CDH5 for endothelial cells, and MPO and AZU1 for myeloid progenitors in the human prenatal intestine at 15 pcw and prenatal thymus at 16 pcw."
DOI_10.1126_science.abo0510,PROMONOCYTE,,human,false,AZU1,explicit,fig.S23,"Multiplex smFISH staining of DAPI, CDH5 for endothelial cells, and MPO and AZU1 for myeloid progenitors in the human prenatal intestine at 15 pcw and prenatal thymus at 16 pcw."
DOI_10.1126_science.abo0510,IMMATURE_B,,human,false,CD19,explicit,fig.S25B,"Immature B cells were characterized by higher expression of CD19, CD24, and VPREB3."
DOI_10.1126_science.abo0510,IMMATURE_B,,human,false,CD24,explicit,fig.S25B,"Immature B cells were characterized by higher expression of CD19, CD24, and VPREB3."
DOI_10.1126_science.abo0510,IMMATURE_B,,human,false,VPREB3,explicit,fig.S25B,"Immature B cells were characterized by higher expression of CD19, CD24, and VPREB3."
DOI_10.1126_science.abo0510,MATURE_B,,human,false,MS4A1,explicit,fig.S25B,"Mature B, cycling B, plasma B, and putative B1 cells expressed MS4A1 except plasma B (MS4A1lo and expressing CD38, SDC1, and JCHAIN)."
DOI_10.1126_science.abo0510,PLASMA_B,,human,false,CD38,explicit,fig.S25B,"Mature B, cycling B, plasma B, and putative B1 cells expressed MS4A1 except plasma B (MS4A1lo and expressing CD38, SDC1, and JCHAIN)."
DOI_10.1126_science.abo0510,PLASMA_B,,human,false,SDC1,explicit,fig.S25B,"Mature B, cycling B, plasma B, and putative B1 cells expressed MS4A1 except plasma B (MS4A1lo and expressing CD38, SDC1, and JCHAIN)."
DOI_10.1126_science.abo0510,PLASMA_B,,human,false,JCHAIN,explicit,fig.S25B,"Mature B, cycling B, plasma B, and putative B1 cells expressed MS4A1 except plasma B (MS4A1lo and expressing CD38, SDC1, and JCHAIN)."
DOI_10.1126_science.abo0510,CYCLING_B,,human,false,MKI67,explicit,fig.S25B,Cycling B cells were additionally marked with MKI67.
DOI_10.1126_science.abo0510,B1,,human,false,MS4A1,explicit,fig.S25B,"Mature B, cycling B, plasma B, and putative B1 cells expressed MS4A1 except plasma B (MS4A1lo and expressing CD38, SDC1, and JCHAIN)."
DOI_10.1126_science.abo1984,Neuronal cells,NC1.1,human,true,NFATC2,implied,"Results, Neuronal cells",NC1.1 was distinguished by the highest up-regulation of NFATC2.
DOI_10.1126_science.abo1984,Neuronal cells,NC1.2,human,true,SLC35F1,implied,"Results, Neuronal cells","NC1.2 up-regulated genes associated with electrocardiogram intervals (SLC35F1 and AJAP1; Fig. 5D), IGFBP5, involved in neuronal apoptosis and autophagy, and the ion channel and heart rate regulator KCNK1."
DOI_10.1126_science.abo1984,Neuronal cells,NC1.2,human,true,AJAP1,implied,"Results, Neuronal cells","NC1.2 up-regulated genes associated with electrocardiogram intervals (SLC35F1 and AJAP1; Fig. 5D), IGFBP5, involved in neuronal apoptosis and autophagy, and the ion channel and heart rate regulator KCNK1."
DOI_10.1126_science.abo1984,Neuronal cells,NC1.2,human,true,IGFBP5,implied,"Results, Neuronal cells","NC1.2 up-regulated genes associated with electrocardiogram intervals (SLC35F1 and AJAP1; Fig. 5D), IGFBP5, involved in neuronal apoptosis and autophagy, and the ion channel and heart rate regulator KCNK1."
DOI_10.1126_science.abo1984,Neuronal cells,NC1.2,human,true,KCNK1,implied,"Results, Neuronal cells","NC1.2 up-regulated genes associated with electrocardiogram intervals (SLC35F1 and AJAP1; Fig. 5D), IGFBP5, involved in neuronal apoptosis and autophagy, and the ion channel and heart rate regulator KCNK1."
DOI_10.1126_science.abo1984,Neuronal cells,NC1.3,human,true,GALR1,implied,"Results, Neuronal cells",NC1.3 was enriched for the neuromodulator receptor GALR1 and phosphodiesterases PDE10A and PDE3B
DOI_10.1126_science.abo1984,Neuronal cells,NC1.3,human,true,PDE10A,implied,"Results, Neuronal cells",NC1.3 was enriched for the neuromodulator receptor GALR1 and phosphodiesterases PDE10A and PDE3B
DOI_10.1126_science.abo1984,Neuronal cells,NC1.3,human,true,PDE3B,implied,"Results, Neuronal cells",NC1.3 was enriched for the neuromodulator receptor GALR1 and phosphodiesterases PDE10A and PDE3B
DOI_10.1126_science.abo1984,Smooth muscle cells,SMC1.1,human,false,ACTA2,implied,"Results, Smooth muscle cells and pericytes","SMC1.1, which had higher expression of ACTA2, MYH11, and TAGLN"
DOI_10.1126_science.abo1984,Smooth muscle cells,SMC1.1,human,false,MYH11,implied,"Results, Smooth muscle cells and pericytes","SMC1.1, which had higher expression of ACTA2, MYH11, and TAGLN"
DOI_10.1126_science.abo1984,Smooth muscle cells,SMC1.1,human,false,TAGLN,implied,"Results, Smooth muscle cells and pericytes","SMC1.1, which had higher expression of ACTA2, MYH11, and TAGLN"
DOI_10.1126_science.abo1984,Smooth muscle cells,SMC1.2,human,false,ITGA8,implied,"Results, Smooth muscle cells and pericytes","SMC1.2, which strongly expressed ITGA8, required for maintenance of SMC contractile phenotype, and ATP10A"
DOI_10.1126_science.abo1984,Smooth muscle cells,SMC1.2,human,false,ATP10A,implied,"Results, Smooth muscle cells and pericytes","SMC1.2, which strongly expressed ITGA8, required for maintenance of SMC contractile phenotype, and ATP10A"
DOI_10.1126_science.abo1984,Smooth muscle cells,SMC2,human,false,ELN,implied,"Results, Smooth muscle cells and pericytes",SMC2 expressed high levels of genes involved in collagen and elastic fiber formation (ELN and LAMA2) and MYH10
DOI_10.1126_science.abo1984,Smooth muscle cells,SMC2,human,false,LAMA2,implied,"Results, Smooth muscle cells and pericytes",SMC2 expressed high levels of genes involved in collagen and elastic fiber formation (ELN and LAMA2) and MYH10
DOI_10.1126_science.abo1984,Smooth muscle cells,SMC2,human,false,MYH10,implied,"Results, Smooth muscle cells and pericytes",SMC2 expressed high levels of genes involved in collagen and elastic fiber formation (ELN and LAMA2) and MYH10
DOI_10.1126_science.abo1984,Endothelial cells,EC7,human,false,SMOC1,implied,"Results, Endothelial cells","EC7 expressed endocardial-enriched genes [SMOC1, NPR3, and POSTN]"
DOI_10.1126_science.abo1984,Endothelial cells,EC7,human,false,NPR3,implied,"Results, Endothelial cells","EC7 expressed endocardial-enriched genes [SMOC1, NPR3, and POSTN]"
DOI_10.1126_science.abo1984,Endothelial cells,EC7,human,false,POSTN,implied,"Results, Endothelial cells","EC7 expressed endocardial-enriched genes [SMOC1, NPR3, and POSTN]"
DOI_10.1126_science.abo1984,Macrophages,LYVE1highMHCIIlow,human,false,LYVE1,implied,"Results, Myeloid cells",The tissue-resident MPs LYVE1highMHCIIlow and LYVE1lowMHCIIhigh
DOI_10.1126_science.abo1984,Macrophages,LYVE1lowMHCIIhigh,human,false,LYVE1,implied,"Results, Myeloid cells",The tissue-resident MPs LYVE1highMHCIIlow and LYVE1lowMHCIIhigh
DOI_10.1126_science.abo1984,Adipocytes,AD3,human,false,OSMR,implied,"Results, Adipocytes","immune AD3, expressing OSMR and cytokine-responsive genes"
DOI_10.1126_sciimmunol.adf9988,small pre-B,,human,false,BEST3,explicit,Figure S5,yellow arrowheads (small pre-B): BEST3+RAG1+
DOI_10.1126_sciimmunol.adf9988,small pre-B,,human,false,RAG1,explicit,Figure S5,yellow arrowheads (small pre-B): BEST3+RAG1+
DOI_10.1126_sciimmunol.adf9988,large pre-B,,human,false,BEST3,explicit,Figure S5,green arrows (large pre-B): BEST3+RAG1-
DOI_10.1126_sciimmunol.adf9988,pro-B,,human,false,VPREB1,explicit,Figure S5,white arrows (pro-B): VPREB1+DNTT+
DOI_10.1126_sciimmunol.adf9988,pro-B,,human,false,DNTT,explicit,Figure S5,white arrows (pro-B): VPREB1+DNTT+
DOI_10.1126_sciimmunol.adf9988,late pre-B,,human,false,VPREB1,explicit,Figure S5,yellow arrows (late pre-B): VPREB1+MS4A1+
DOI_10.1126_sciimmunol.adf9988,late pre-B,,human,false,MS4A1,explicit,Figure S5,yellow arrows (late pre-B): VPREB1+MS4A1+
DOI_10.1126_sciimmunol.adf9988,megakaryocyte progenitors,,human,false,TESPA1,explicit,Figure S8A,white arrows: megakaryocyte progenitors TESPA1+ITGA2B+FCER1A+
DOI_10.1126_sciimmunol.adf9988,megakaryocyte progenitors,,human,false,ITGA2B,explicit,Figure S8A,white arrows: megakaryocyte progenitors TESPA1+ITGA2B+FCER1A+
DOI_10.1126_sciimmunol.adf9988,megakaryocyte progenitors,,human,false,FCER1A,explicit,Figure S8A,white arrows: megakaryocyte progenitors TESPA1+ITGA2B+FCER1A+
DOI_10.1126_sciimmunol.adf9988,MEPs,,human,false,TESPA1,explicit,Figure S8A,yellow arrows: MEPs (TESPA1+)
DOI_10.1126_sciimmunol.adf9988,megakaryocytes,,human,false,PF4,explicit,Figure S8A,white arrows: megakaryocytes (PF4+ITGA2B+)
DOI_10.1126_sciimmunol.adf9988,megakaryocytes,,human,false,ITGA2B,explicit,Figure S8A,white arrows: megakaryocytes (PF4+ITGA2B+)
DOI_10.1126_sciimmunol.adf9988,T progenitors,,human,false,RAG1,explicit,Figure S6D,Marker genes in T progenitors (D); dotplot shows RAG1 and RAG2
DOI_10.1126_sciimmunol.adf9988,T progenitors,,human,false,RAG2,explicit,Figure S6D,Marker genes in T progenitors (D); dotplot shows RAG1 and RAG2
DOI_10.1126_sciimmunol.adf9988,ILCPs,,human,false,MKI67,explicit,Figure S6E,Marker genes in ILCPs (E); dotplot shows MKI67 and CCNB1
DOI_10.1126_sciimmunol.adf9988,ILCPs,,human,false,CCNB1,explicit,Figure S6E,Marker genes in ILCPs (E); dotplot shows MKI67 and CCNB1
DOI_10.1126_sciimmunol.adf9988,tip progenitor,,human,false,SOX9,explicit,Figure S9H,"tip gene set expression (SOX9, ETV4, ETV5, TESC, TPPP3, STC1) (H)"
DOI_10.1126_sciimmunol.adf9988,tip progenitor,,human,false,ETV4,explicit,Figure S9H,"tip gene set expression (SOX9, ETV4, ETV5, TESC, TPPP3, STC1) (H)"
DOI_10.1126_sciimmunol.adf9988,tip progenitor,,human,false,ETV5,explicit,Figure S9H,"tip gene set expression (SOX9, ETV4, ETV5, TESC, TPPP3, STC1) (H)"
DOI_10.1126_sciimmunol.adf9988,tip progenitor,,human,false,TESC,explicit,Figure S9H,"tip gene set expression (SOX9, ETV4, ETV5, TESC, TPPP3, STC1) (H)"
DOI_10.1126_sciimmunol.adf9988,tip progenitor,,human,false,TPPP3,explicit,Figure S9H,"tip gene set expression (SOX9, ETV4, ETV5, TESC, TPPP3, STC1) (H)"
DOI_10.1126_sciimmunol.adf9988,tip progenitor,,human,false,STC1,explicit,Figure S9H,"tip gene set expression (SOX9, ETV4, ETV5, TESC, TPPP3, STC1) (H)"
DOI_10.1126_sciimmunol.adf9988,stalk progenitor,,human,false,SOX2,explicit,Figure S9I,"stalk gene set expression (SOX2, ASCL1, MUC5AC, INSM1, SCGB3A2) (I)"
DOI_10.1126_sciimmunol.adf9988,stalk progenitor,,human,false,ASCL1,explicit,Figure S9I,"stalk gene set expression (SOX2, ASCL1, MUC5AC, INSM1, SCGB3A2) (I)"
DOI_10.1126_sciimmunol.adf9988,stalk progenitor,,human,false,MUC5AC,explicit,Figure S9I,"stalk gene set expression (SOX2, ASCL1, MUC5AC, INSM1, SCGB3A2) (I)"
DOI_10.1126_sciimmunol.adf9988,stalk progenitor,,human,false,INSM1,explicit,Figure S9I,"stalk gene set expression (SOX2, ASCL1, MUC5AC, INSM1, SCGB3A2) (I)"
DOI_10.1126_sciimmunol.adf9988,stalk progenitor,,human,false,SCGB3A2,explicit,Figure S9I,"stalk gene set expression (SOX2, ASCL1, MUC5AC, INSM1, SCGB3A2) (I)"
DOI_10.1158_2159_8290.CD_22_0824,S1 early immune fibroblast,,human,false,PDGFRA,explicit,Fig.5B–E; Results,The S1 population (PDGFRAhi PDPNhi CD34hi) was characterized by the expression of genes involved in the regulation of immune cell recruitment.
DOI_10.1158_2159_8290.CD_22_0824,S1 early immune fibroblast,,human,false,PDPN,explicit,Fig.5B–E; Results,The S1 population (PDGFRAhi PDPNhi CD34hi) was characterized by the expression of genes involved in the regulation of immune cell recruitment.
DOI_10.1158_2159_8290.CD_22_0824,S1 early immune fibroblast,,human,false,CD34,explicit,Fig.5B–E; Results,The S1 population (PDGFRAhi PDPNhi CD34hi) was characterized by the expression of genes involved in the regulation of immune cell recruitment.
DOI_10.1158_2159_8290.CD_22_0824,S1 early immune fibroblast,,human,false,CXCL12,explicit,Fig.5B–E; Results,"The S1 population (PDGFRAhi PDPNhi CD34hi) was characterized by the expression of genes involved in the regulation of immune cell recruitment (cytokines: CXCL12; complement factors: CFD, C3, C1S, CFH)."
DOI_10.1158_2159_8290.CD_22_0824,S1 early immune fibroblast,,human,false,CFD,explicit,Fig.5B–E; Results,"The S1 population (PDGFRAhi PDPNhi CD34hi) was characterized by the expression of genes involved in the regulation of immune cell recruitment (cytokines: CXCL12; complement factors: CFD, C3, C1S, CFH)."
DOI_10.1158_2159_8290.CD_22_0824,S1 early immune fibroblast,,human,false,C3,explicit,Fig.5B–E; Results,"The S1 population (PDGFRAhi PDPNhi CD34hi) was characterized by the expression of genes involved in the regulation of immune cell recruitment (cytokines: CXCL12; complement factors: CFD, C3, C1S, CFH)."
DOI_10.1158_2159_8290.CD_22_0824,S1 early immune fibroblast,,human,false,C1S,explicit,Fig.5B–E; Results,"The S1 population (PDGFRAhi PDPNhi CD34hi) was characterized by the expression of genes involved in the regulation of immune cell recruitment (cytokines: CXCL12; complement factors: CFD, C3, C1S, CFH)."
DOI_10.1158_2159_8290.CD_22_0824,S1 early immune fibroblast,,human,false,CFH,explicit,Fig.5B–E; Results,"The S1 population (PDGFRAhi PDPNhi CD34hi) was characterized by the expression of genes involved in the regulation of immune cell recruitment (cytokines: CXCL12; complement factors: CFD, C3, C1S, CFH)."
DOI_10.1158_2159_8290.CD_22_0824,S2 desmoplastic/extracellular matrix–depositing fibroblast,,human,false,PDGFRA,explicit,Fig.5B–E; Results,"The S2 cell population (PDGFRAhi PDPNhi CD34lo) was characterized by the expression of extracellular matrix components (CXCL14, POSTN, COL6A1, and COL6A2)."
DOI_10.1158_2159_8290.CD_22_0824,S2 desmoplastic/extracellular matrix–depositing fibroblast,,human,false,PDPN,explicit,Fig.5B–E; Results,"The S2 cell population (PDGFRAhi PDPNhi CD34lo) was characterized by the expression of extracellular matrix components (CXCL14, POSTN, COL6A1, and COL6A2)."
DOI_10.1158_2159_8290.CD_22_0824,S2 desmoplastic/extracellular matrix–depositing fibroblast,,human,false,CD34,explicit,Fig.5B–E; Results,"The S2 cell population (PDGFRAhi PDPNhi CD34lo) was characterized by the expression of extracellular matrix components (CXCL14, POSTN, COL6A1, and COL6A2)."
DOI_10.1158_2159_8290.CD_22_0824,S2 desmoplastic/extracellular matrix–depositing fibroblast,,human,false,CXCL14,explicit,Fig.5B–E; Results,"The S2 cell population (PDGFRAhi PDPNhi CD34lo) was characterized by the expression of extracellular matrix components (CXCL14, POSTN, COL6A1, and COL6A2)."
DOI_10.1158_2159_8290.CD_22_0824,S2 desmoplastic/extracellular matrix–depositing fibroblast,,human,false,POSTN,explicit,Fig.5B–E; Results,"The S2 cell population (PDGFRAhi PDPNhi CD34lo) was characterized by the expression of extracellular matrix components (CXCL14, POSTN, COL6A1, and COL6A2)."
DOI_10.1158_2159_8290.CD_22_0824,S2 desmoplastic/extracellular matrix–depositing fibroblast,,human,false,COL6A1,explicit,Fig.5B–E; Results,"The S2 cell population (PDGFRAhi PDPNhi CD34lo) was characterized by the expression of extracellular matrix components (CXCL14, POSTN, COL6A1, and COL6A2)."
DOI_10.1158_2159_8290.CD_22_0824,S2 desmoplastic/extracellular matrix–depositing fibroblast,,human,false,COL6A2,explicit,Fig.5B–E; Results,"The S2 cell population (PDGFRAhi PDPNhi CD34lo) was characterized by the expression of extracellular matrix components (CXCL14, POSTN, COL6A1, and COL6A2)."
DOI_10.1158_2159_8290.CD_22_0824,S2 desmoplastic/extracellular matrix–depositing fibroblast,,human,false,FOS,explicit,Fig.5B–E; Results,"Furthermore, one of the subclusters of the S2 population (cluster 4) was characterized by transcription of immediate early genes (FOS, JUN, and FOSB)."
DOI_10.1158_2159_8290.CD_22_0824,S2 desmoplastic/extracellular matrix–depositing fibroblast,,human,false,JUN,explicit,Fig.5B–E; Results,"Furthermore, one of the subclusters of the S2 population (cluster 4) was characterized by transcription of immediate early genes (FOS, JUN, and FOSB)."
DOI_10.1158_2159_8290.CD_22_0824,S2 desmoplastic/extracellular matrix–depositing fibroblast,,human,false,FOSB,explicit,Fig.5B–E; Results,"Furthermore, one of the subclusters of the S2 population (cluster 4) was characterized by transcription of immediate early genes (FOS, JUN, and FOSB)."
DOI_10.1158_2159_8290.CD_22_0824,S3 contractile fibroblast,,human,false,ACTA2,explicit,Fig.5B–E; Results,"The S3 population expressed markers of contractile fibroblasts (ACTA2, MYL9, and ACTG2)."
DOI_10.1158_2159_8290.CD_22_0824,S3 contractile fibroblast,,human,false,MYL9,explicit,Fig.5B–E; Results,"The S3 population expressed markers of contractile fibroblasts (ACTA2, MYL9, and ACTG2)."
DOI_10.1158_2159_8290.CD_22_0824,S3 contractile fibroblast,,human,false,ACTG2,explicit,Fig.5B–E; Results,"The S3 population expressed markers of contractile fibroblasts (ACTA2, MYL9, and ACTG2)."
DOI_10.1158_2159_8290.CD_22_0824,fibroblast-like cells,S1,human,false,CD34,explicit,Fig.5H,"Representative IF staining of E-GM, BE-IM, and GIM of S1 (CD34+CD31-), S2 (POSTN+aSMA−), and S3 (aSMA+) fibroblasts."
DOI_10.1158_2159_8290.CD_22_0824,fibroblast-like cells,S2,human,false,POSTN,explicit,Fig.5H,"Representative IF staining of E-GM, BE-IM, and GIM of S1 (CD34+CD31-), S2 (POSTN+aSMA−), and S3 (aSMA+) fibroblasts."
DOI_10.1158_2159_8290.CD_22_0824,fibroblast-like cells,S3,human,false,αSMA,explicit,Fig.5H,"Representative IF staining of E-GM, BE-IM, and GIM of S1 (CD34+CD31-), S2 (POSTN+aSMA−), and S3 (aSMA+) fibroblasts."
DOI_10.1158_2159_8290.CD_22_0824,neck cells,,human,false,MUC6,explicit,Discussion p.1357,"the stem-like cells of NAG/CAG (MUC6+ neck cells) expressed recently identified marker genes (CD44, AQP5, TFF2, and LYZ) of SPEM"
DOI_10.1158_2159_8290.CD_22_0824,neck cells,,human,false,CD44,explicit,Discussion p.1357,"the stem-like cells of NAG/CAG (MUC6+ neck cells) expressed recently identified marker genes (CD44, AQP5, TFF2, and LYZ) of SPEM"
DOI_10.1158_2159_8290.CD_22_0824,neck cells,,human,false,AQP5,explicit,Discussion p.1357,"the stem-like cells of NAG/CAG (MUC6+ neck cells) expressed recently identified marker genes (CD44, AQP5, TFF2, and LYZ) of SPEM"
DOI_10.1158_2159_8290.CD_22_0824,neck cells,,human,false,TFF2,explicit,Discussion p.1357,"the stem-like cells of NAG/CAG (MUC6+ neck cells) expressed recently identified marker genes (CD44, AQP5, TFF2, and LYZ) of SPEM"
DOI_10.1158_2159_8290.CD_22_0824,neck cells,,human,false,LYZ,explicit,Discussion p.1357,"the stem-like cells of NAG/CAG (MUC6+ neck cells) expressed recently identified marker genes (CD44, AQP5, TFF2, and LYZ) of SPEM"
DOI_10.1161_CIRCULATIONAHA.120.051921,cardiomyocyte,,human,false,PCM1,explicit,"Methods: PCM1 Cardiomyocyte Nuclei Enrichment, RNA-Seq Library Preparation, and Sequencing","PCM1 nuclear enrichment, RNA extraction, library preparation, and sequencing were performed as described previously with minor modifications."
DOI_10.1164_rccm.202207_1384OC,multipotent progenitors,,human,false,SOX9,explicit,Introduction,"The bud tip epithelium comprises SOX9+, ID2+ multipotent progenitors that self-renew during branching."
DOI_10.1164_rccm.202207_1384OC,multipotent progenitors,,human,false,ID2,explicit,Introduction,"The bud tip epithelium comprises SOX9+, ID2+ multipotent progenitors that self-renew during branching."
DOI_10.1164_rccm.202207_1384OC,Tip cells,,human,false,SOX9,explicit,Results: Late epithelial tip cells acquire alveolar identity prior to alveolar differentiation,"Tip cells express a core set of tip-specific markers (SOX9+, ETV5+, TESC+, TPPP3+, and STC1+) at all stages sampled"
DOI_10.1164_rccm.202207_1384OC,Tip cells,,human,false,ETV5,explicit,Results: Late epithelial tip cells acquire alveolar identity prior to alveolar differentiation,"Tip cells express a core set of tip-specific markers (SOX9+, ETV5+, TESC+, TPPP3+, and STC1+) at all stages sampled"
DOI_10.1164_rccm.202207_1384OC,Tip cells,,human,false,TESC,explicit,Results: Late epithelial tip cells acquire alveolar identity prior to alveolar differentiation,"Tip cells express a core set of tip-specific markers (SOX9+, ETV5+, TESC+, TPPP3+, and STC1+) at all stages sampled"
DOI_10.1164_rccm.202207_1384OC,Tip cells,,human,false,TPPP3,explicit,Results: Late epithelial tip cells acquire alveolar identity prior to alveolar differentiation,"Tip cells express a core set of tip-specific markers (SOX9+, ETV5+, TESC+, TPPP3+, and STC1+) at all stages sampled"
DOI_10.1164_rccm.202207_1384OC,Tip cells,,human,false,STC1,explicit,Results: Late epithelial tip cells acquire alveolar identity prior to alveolar differentiation,"Tip cells express a core set of tip-specific markers (SOX9+, ETV5+, TESC+, TPPP3+, and STC1+) at all stages sampled"
DOI_10.1164_rccm.202207_1384OC,Stalk cells,,human,false,PDPN,explicit,Results: Predicted airway epithelial differentiation trajectories,"Stalk cells lose some tip markers, including FOXP2 and SOX9, and gain a small number of genes, including PDPN and AGER."
DOI_10.1164_rccm.202207_1384OC,Stalk cells,,human,false,AGER,explicit,Results: Predicted airway epithelial differentiation trajectories,"Stalk cells lose some tip markers, including FOXP2 and SOX9, and gain a small number of genes, including PDPN and AGER."
DOI_10.1164_rccm.202207_1384OC,Airway progenitors,,human,false,CYTL1,explicit,Results: A differentiation trajectory of airway progenitor states lies along the developing lung distal-to-proximal axis,"airway progenitors ( CYTL1LO/+,PCP4+,SCGB3A2+/LO)"
DOI_10.1164_rccm.202207_1384OC,Airway progenitors,,human,false,PCP4,explicit,Results: A differentiation trajectory of airway progenitor states lies along the developing lung distal-to-proximal axis,"airway progenitors ( CYTL1LO/+,PCP4+,SCGB3A2+/LO)"
DOI_10.1164_rccm.202207_1384OC,Airway progenitors,,human,false,SCGB3A2,explicit,Results: A differentiation trajectory of airway progenitor states lies along the developing lung distal-to-proximal axis,"airway progenitors ( CYTL1LO/+,PCP4+,SCGB3A2+/LO)"
DOI_10.1164_rccm.202207_1384OC,Airway progenitors,,human,false,CLDN4,explicit,Results: Predicted airway epithelial differentiation trajectories,"the newly defined airway progenitors upregulate marker genes associated with airway fates, including CYTL1, CLDN4, and SCGB3A2"
DOI_10.1164_rccm.202207_1384OC,Pulmonary NE cells,,human,false,GRP,explicit,Results: Two subtypes of neuroendocrine cells are present in the developing airways,"classical pulmonary NE cells ( GRP+) and GHRL+NE cells ( TTR+,GHRL+)"
DOI_10.1164_rccm.202207_1384OC,Pulmonary NE cells,,human,false,CHGA,explicit,Results: Transcriptional control of neuroendocrine cell subtype formation,"they were both observed along a maturation trajectory and shared classical NE markers ( CHGA , SYP)"
DOI_10.1164_rccm.202207_1384OC,Pulmonary NE cells,,human,false,SYP,explicit,Results: Transcriptional control of neuroendocrine cell subtype formation,"they were both observed along a maturation trajectory and shared classical NE markers ( CHGA , SYP)"
DOI_10.1164_rccm.202207_1384OC,GHRL+ NE cells,,human,false,GHRL,explicit,Results: Two subtypes of neuroendocrine cells are present in the developing airways,"GHRL+NE cells ( TTR+,GHRL+)"
DOI_10.1164_rccm.202207_1384OC,GHRL+ NE cells,,human,false,TTR,explicit,Results: Two subtypes of neuroendocrine cells are present in the developing airways,"GHRL+NE cells ( TTR+,GHRL+)"
DOI_10.1164_rccm.202207_1384OC,GHRL+ NE cells,,human,false,CHGA,explicit,Results: Transcriptional control of neuroendocrine cell subtype formation,"they were both observed along a maturation trajectory and shared classical NE markers ( CHGA , SYP)"
DOI_10.1164_rccm.202207_1384OC,GHRL+ NE cells,,human,false,SYP,explicit,Results: Transcriptional control of neuroendocrine cell subtype formation,"they were both observed along a maturation trajectory and shared classical NE markers ( CHGA , SYP)"
DOI_10.1164_rccm.202207_1384OC,Intermediate NE cells,,human,false,NEUROG3,explicit,Results: Transcriptional control of neuroendocrine cell subtype formation,"A third NE population (intermediate NE) clustered between pulmonary and GHRL+NE cells with intermediate gene expression, although it did contain a small number of cells expressing the unique marker NEUROG3."
DOI_10.1164_rccm.202207_1384OC,Intermediate NE cells,,human,false,CHGA,explicit,Results: Transcriptional control of neuroendocrine cell subtype formation,"they were both observed along a maturation trajectory and shared classical NE markers ( CHGA , SYP)"
DOI_10.1164_rccm.202207_1384OC,Intermediate NE cells,,human,false,SYP,explicit,Results: Transcriptional control of neuroendocrine cell subtype formation,"they were both observed along a maturation trajectory and shared classical NE markers ( CHGA , SYP)"
DOI_10.1164_rccm.202207_1384OC,Proximal secretory progenitors,,human,false,SCGB3A2,explicit,Results: Multiple secretory cell subtypes in the proximal cartilaginous airways,"proximal secretory progenitors ( SCGB3A2+,SCGB1A1-,SCGB3A1-/LO,CYTL1+)"
DOI_10.1164_rccm.202207_1384OC,Proximal secretory progenitors,,human,false,CYTL1,explicit,Results: Multiple secretory cell subtypes in the proximal cartilaginous airways,"proximal secretory progenitors ( SCGB3A2+,SCGB1A1-,SCGB3A1-/LO,CYTL1+)"
DOI_10.1164_rccm.202207_1384OC,Club cells,,human,false,SCGB3A2,explicit,Results: Multiple secretory cell subtypes in the proximal cartilaginous airways,"Club cells (SCGB3A2+,SCGB1A1+,SCGB3A1-,SPDEF-,MUC16-)"
DOI_10.1164_rccm.202207_1384OC,Club cells,,human,false,SCGB1A1,explicit,Results: Multiple secretory cell subtypes in the proximal cartilaginous airways,"Club cells (SCGB3A2+,SCGB1A1+,SCGB3A1-,SPDEF-,MUC16-)"
DOI_10.1164_rccm.202207_1384OC,Submucosal gland (SMG) secretory cells,,human,false,LTF,explicit,Results: Multiple secretory cell subtypes in the proximal cartilaginous airways,"Submucosal gland (SMG) secretory cells ( LTF+,SCGB3A1+,SPDEF+)"
DOI_10.1164_rccm.202207_1384OC,Submucosal gland (SMG) secretory cells,,human,false,SCGB3A1,explicit,Results: Multiple secretory cell subtypes in the proximal cartilaginous airways,"Submucosal gland (SMG) secretory cells ( LTF+,SCGB3A1+,SPDEF+)"
DOI_10.1164_rccm.202207_1384OC,Submucosal gland (SMG) secretory cells,,human,false,SPDEF,explicit,Results: Multiple secretory cell subtypes in the proximal cartilaginous airways,"Submucosal gland (SMG) secretory cells ( LTF+,SCGB3A1+,SPDEF+)"
DOI_10.1164_rccm.202207_1384OC,Proximal secretory 1,,human,false,SCGB3A2,explicit,Results: Multiple secretory cell subtypes in the proximal cartilaginous airways,"Proximal secretory 1 ( SCGB1A1LO,SCGB3A2+,SCGB3A1+)"
DOI_10.1164_rccm.202207_1384OC,Proximal secretory 1,,human,false,SCGB3A1,explicit,Results: Multiple secretory cell subtypes in the proximal cartilaginous airways,"Proximal secretory 1 ( SCGB1A1LO,SCGB3A2+,SCGB3A1+)"
DOI_10.1164_rccm.202207_1384OC,Proximal secretory 2,,human,false,SCGB1A1,explicit,Results: Multiple secretory cell subtypes in the proximal cartilaginous airways,"Proximal secretory 2 ( SCGB1A1+,SCGB3A2+,SCGB3A1+)"
DOI_10.1164_rccm.202207_1384OC,Proximal secretory 2,,human,false,SCGB3A2,explicit,Results: Multiple secretory cell subtypes in the proximal cartilaginous airways,"Proximal secretory 2 ( SCGB1A1+,SCGB3A2+,SCGB3A1+)"
DOI_10.1164_rccm.202207_1384OC,Proximal secretory 2,,human,false,SCGB3A1,explicit,Results: Multiple secretory cell subtypes in the proximal cartilaginous airways,"Proximal secretory 2 ( SCGB1A1+,SCGB3A2+,SCGB3A1+)"
DOI_10.1164_rccm.202207_1384OC,Proximal secretory 3,,human,false,SCGB1A1,explicit,Results: Multiple secretory cell subtypes in the proximal cartilaginous airways,"proximal secretory 3 ( SCGB1A1+,SCGB3A2LO/-,SCGB3A1+) was detected from 15 pcw and was SPDEF-, but CYP2F1+,MUC4+, and KRT4+"
DOI_10.1164_rccm.202207_1384OC,Proximal secretory 3,,human,false,SCGB3A1,explicit,Results: Multiple secretory cell subtypes in the proximal cartilaginous airways,"proximal secretory 3 ( SCGB1A1+,SCGB3A2LO/-,SCGB3A1+) was detected from 15 pcw and was SPDEF-, but CYP2F1+,MUC4+, and KRT4+"
DOI_10.1164_rccm.202207_1384OC,Proximal secretory 3,,human,false,CYP2F1,explicit,Results: Multiple secretory cell subtypes in the proximal cartilaginous airways,"proximal secretory 3 ( SCGB1A1+,SCGB3A2LO/-,SCGB3A1+) was detected from 15 pcw and was SPDEF-, but CYP2F1+,MUC4+, and KRT4+"
DOI_10.1164_rccm.202207_1384OC,Proximal secretory 3,,human,false,MUC4,explicit,Results: Multiple secretory cell subtypes in the proximal cartilaginous airways,"proximal secretory 3 ( SCGB1A1+,SCGB3A2LO/-,SCGB3A1+) was detected from 15 pcw and was SPDEF-, but CYP2F1+,MUC4+, and KRT4+"
DOI_10.1164_rccm.202207_1384OC,Proximal secretory 3,,human,false,KRT4,explicit,Results: Multiple secretory cell subtypes in the proximal cartilaginous airways,"proximal secretory 3 ( SCGB1A1+,SCGB3A2LO/-,SCGB3A1+) was detected from 15 pcw and was SPDEF-, but CYP2F1+,MUC4+, and KRT4+"
DOI_10.1164_rccm.202207_1384OC,Ciliated cells,,human,false,FOXJ1,explicit,Results: Other airway cells,"ciliated cells ( FOXJ1+,ALOX15+)"
DOI_10.1164_rccm.202207_1384OC,Ciliated cells,,human,false,ALOX15,explicit,Results: Other airway cells,"ciliated cells ( FOXJ1+,ALOX15+)"
DOI_10.1164_rccm.202207_1384OC,Deuterosomal cells,,human,false,FOXJ1,explicit,Results: Other airway cells,"Rarer deuterosomal cells ( FOXJ1+,CDC20B+)"
DOI_10.1164_rccm.202207_1384OC,Deuterosomal cells,,human,false,CDC20B,explicit,Results: Other airway cells,"Rarer deuterosomal cells ( FOXJ1+,CDC20B+)"
DOI_10.1164_rccm.202207_1384OC,MUC16+ ciliated cells,,human,false,FOXJ1,explicit,Results: Other airway cells,"MUC16+ciliated cells ( FOXJ1+,DNAH+,MUC16LO)"
DOI_10.1164_rccm.202207_1384OC,MUC16+ ciliated cells,,human,false,DNAH,explicit,Results: Other airway cells,"MUC16+ciliated cells ( FOXJ1+,DNAH+,MUC16LO)"
DOI_10.1164_rccm.202207_1384OC,MUC16+ ciliated cells,,human,false,MUC16,explicit,Results: Other airway cells,"MUC16+ciliated cells ( FOXJ1+,DNAH+,MUC16LO)"
DOI_10.1164_rccm.202207_1384OC,Basal cells,,human,false,TP63,explicit,Results: Other airway cells,"Basal cells ( TP63+,F3+)"
DOI_10.1164_rccm.202207_1384OC,Basal cells,,human,false,F3,explicit,Results: Other airway cells,"Basal cells ( TP63+,F3+)"
DOI_10.1164_rccm.202207_1384OC,Putative ionocytes,,human,false,FOXI1,explicit,Results: Other airway cells,putative ionocytes ( FOXI1+; 4/4 lungs)
DOI_10.1164_rccm.202207_1384OC,Putative tuft cells,,human,false,POU2F3,explicit,Results: Other airway cells,putative tuft cells (POU2F3+; 2/4 lungs)
DOI_10.1164_rccm.202207_1384OC,MUC5AC+ ASCL1+ cells,,human,false,MUC5AC,explicit,Results: Other airway cells,"a small population of MUC5AC+,ASCL1+cells in 9–11 pcw lungs"
DOI_10.1164_rccm.202207_1384OC,MUC5AC+ ASCL1+ cells,,human,false,ASCL1,explicit,Results: Other airway cells,"a small population of MUC5AC+,ASCL1+cells in 9–11 pcw lungs"
DOI_10.1164_rccm.202207_1384OC,Late tip cells,,human,false,SOX9,explicit,Results: Late epithelial tip cells acquire alveolar identity prior to alveolar differentiation,"late-tip cells ( SOX9+,TPPP3+,SFTPC+) were clearly visualized in the tissue"
DOI_10.1164_rccm.202207_1384OC,Late tip cells,,human,false,TPPP3,explicit,Results: Late epithelial tip cells acquire alveolar identity prior to alveolar differentiation,"late-tip cells ( SOX9+,TPPP3+,SFTPC+) were clearly visualized in the tissue"
DOI_10.1164_rccm.202207_1384OC,Late tip cells,,human,false,SFTPC,explicit,Results: Late epithelial tip cells acquire alveolar identity prior to alveolar differentiation,By 15 pcw the AT2 markers SFTPC andSFTPA were detected readily in late-tip cells
DOI_10.1164_rccm.202207_1384OC,Late tip cells,,human,false,SFTPA,explicit,Results: Late epithelial tip cells acquire alveolar identity prior to alveolar differentiation,By 15 pcw the AT2 markers SFTPC andSFTPA were detected readily in late-tip cells
DOI_10.1164_rccm.202207_1384OC,Fetal AT2 cells,,human,false,SFTPC,explicit,Results: Late epithelial tip cells acquire alveolar identity prior to alveolar differentiation,"AT2 cells ( SOX9-,SFTPC+,NASPA+,ETV5+)"
DOI_10.1164_rccm.202207_1384OC,Fetal AT2 cells,,human,false,SFTPA,explicit,Results: Late epithelial tip cells acquire alveolar identity prior to alveolar differentiation,By 15 pcw the AT2 markers SFTPC andSFTPA were detected readily in late-tip cells
DOI_10.1164_rccm.202207_1384OC,Fetal AT2 cells,,human,false,NASPA,explicit,Results: Late epithelial tip cells acquire alveolar identity prior to alveolar differentiation,"AT2 cells ( SOX9-,SFTPC+,NASPA+,ETV5+)"
DOI_10.1164_rccm.202207_1384OC,Fetal AT2 cells,,human,false,ETV5,explicit,Results: Late epithelial tip cells acquire alveolar identity prior to alveolar differentiation,"AT2 cells ( SOX9-,SFTPC+,NASPA+,ETV5+)"
DOI_10.1164_rccm.202207_1384OC,Fetal AT1 cells,,human,false,SPOCK2,explicit,Results: Late epithelial tip cells acquire alveolar identity prior to alveolar differentiation,"AT1 cells ( SPOCK2+,SFTPC-) were interspersed with AT2 cells"
DOI_10.1164_rccm.202207_1384OC,Fetal AT1 cells,,human,false,MMP28,explicit,Fig.3I,fetal AT1 SFTPC-/MMP28+/SPOCK2+
DOI_10.1164_rccm.202207_1384OC,earlyCap cells,,human,false,THY1,explicit,Results: Lung endothelial cells exhibit early specialization into arterial and venous identities,"capillary (earlyCap: THY1+,CD24+)"
DOI_10.1164_rccm.202207_1384OC,earlyCap cells,,human,false,CD24,explicit,Results: Lung endothelial cells exhibit early specialization into arterial and venous identities,"capillary (earlyCap: THY1+,CD24+)"
DOI_10.1164_rccm.202207_1384OC,GRIA2+ arterial ECs,,human,false,GRIA2,explicit,Results: Lung endothelial cells exhibit early specialization into arterial and venous identities,"GRIA2+arterial ( GRIA2+,GJA5+)"
DOI_10.1164_rccm.202207_1384OC,GRIA2+ arterial ECs,,human,false,GJA5,explicit,Results: Lung endothelial cells exhibit early specialization into arterial and venous identities,"GRIA2+arterial ( GRIA2+,GJA5+)"
DOI_10.1164_rccm.202207_1384OC,Lymphatic ECs,,human,false,PROX1,explicit,Results: Lung endothelial cells exhibit early specialization into arterial and venous identities,"lymphatic ECs ( PROX1+,STAB1+, and UCP2LO)"
DOI_10.1164_rccm.202207_1384OC,Lymphatic ECs,,human,false,STAB1,explicit,Results: Lung endothelial cells exhibit early specialization into arterial and venous identities,"lymphatic ECs ( PROX1+,STAB1+, and UCP2LO)"
DOI_10.1164_rccm.202207_1384OC,Aerocytes,,human,false,CA4,explicit,Results: Lung endothelial cells exhibit early specialization into arterial and venous identities,"Aerocytes ( CA4LO,S100A3+)"
DOI_10.1164_rccm.202207_1384OC,Aerocytes,,human,false,S100A3,explicit,Results: Lung endothelial cells exhibit early specialization into arterial and venous identities,"Aerocytes ( CA4LO,S100A3+)"
DOI_10.1164_rccm.202207_1384OC,DKK2+ arterial ECs,,human,false,DKK2,explicit,Results: Lung endothelial cells exhibit early specialization into arterial and venous identities,"GRIA2+and arterial ECs (DKK2+,SSUH2+)"
DOI_10.1164_rccm.202207_1384OC,DKK2+ arterial ECs,,human,false,SSUH2,explicit,Results: Lung endothelial cells exhibit early specialization into arterial and venous identities,"GRIA2+and arterial ECs (DKK2+,SSUH2+)"
DOI_10.1164_rccm.202207_1384OC,OMD+ ECs,,human,false,OMD,explicit,Results: Lung endothelial cells exhibit early specialization into arterial and venous identities,"The OMD+ECs ( GJA5+,DKK2+,PTGIS+, and OMD+)"
DOI_10.1164_rccm.202207_1384OC,OMD+ ECs,,human,false,GJA5,explicit,Results: Lung endothelial cells exhibit early specialization into arterial and venous identities,"The OMD+ECs ( GJA5+,DKK2+,PTGIS+, and OMD+)"
DOI_10.1164_rccm.202207_1384OC,OMD+ ECs,,human,false,DKK2,explicit,Results: Lung endothelial cells exhibit early specialization into arterial and venous identities,"The OMD+ECs ( GJA5+,DKK2+,PTGIS+, and OMD+)"
DOI_10.1164_rccm.202207_1384OC,OMD+ ECs,,human,false,PTGIS,explicit,Results: Lung endothelial cells exhibit early specialization into arterial and venous identities,"The OMD+ECs ( GJA5+,DKK2+,PTGIS+, and OMD+)"
DOI_10.1164_rccm.202207_1384OC,Venous ECs,,human,false,PVLAP,explicit,Results: Lung endothelial cells exhibit early specialization into arterial and venous identities,"venous ECs ( PVLAP+,ACKR3+, and HDAC9+)"
DOI_10.1164_rccm.202207_1384OC,Venous ECs,,human,false,ACKR3,explicit,Results: Lung endothelial cells exhibit early specialization into arterial and venous identities,"venous ECs ( PVLAP+,ACKR3+, and HDAC9+)"
DOI_10.1164_rccm.202207_1384OC,Venous ECs,,human,false,HDAC9,explicit,Results: Lung endothelial cells exhibit early specialization into arterial and venous identities,"venous ECs ( PVLAP+,ACKR3+, and HDAC9+)"
DOI_10.1164_rccm.202207_1384OC,SCG3+ lymphatic ECs,,human,false,PROX1,explicit,Results: Lung endothelial cells exhibit early specialization into arterial and venous identities,"SCG3+lymphatic ECs ( PROX1+,SCG3+)"
DOI_10.1164_rccm.202207_1384OC,SCG3+ lymphatic ECs,,human,false,SCG3,explicit,Results: Lung endothelial cells exhibit early specialization into arterial and venous identities,"SCG3+lymphatic ECs ( PROX1+,SCG3+)"
DOI_10.1164_rccm.202207_1384OC,Airway smooth muscle (ASM) cells,,human,false,ACTA2,explicit,Fig.4G,"smooth muscle (ACTA2 green, dashed line)"
DOI_10.1164_rccm.202207_1384OC,vSMC1,,human,false,NTRK3,explicit,Results: Developmental trajectories of mesenchymal cells,"vSMC1 ( NTRK3+,NTN4+, and PLN-)"
DOI_10.1164_rccm.202207_1384OC,vSMC1,,human,false,NTN4,explicit,Results: Developmental trajectories of mesenchymal cells,"vSMC1 ( NTRK3+,NTN4+, and PLN-)"
DOI_10.1164_rccm.202207_1384OC,vSMC2,,human,false,NTRK3,explicit,Results: Developmental trajectories of mesenchymal cells,"vSMC2 ( NTRK3+,NTN4+, and PLN+)"
DOI_10.1164_rccm.202207_1384OC,vSMC2,,human,false,NTN4,explicit,Results: Developmental trajectories of mesenchymal cells,"vSMC2 ( NTRK3+,NTN4+, and PLN+)"
DOI_10.1164_rccm.202207_1384OC,vSMC2,,human,false,PLN,explicit,Results: Developmental trajectories of mesenchymal cells,"vSMC2 ( NTRK3+,NTN4+, and PLN+)"
DOI_10.1164_rccm.202207_1384OC,Pericytes,,human,false,FAM162B,explicit,Results: Developmental trajectories of mesenchymal cells,Pericytes ( FAM162B+)
DOI_10.1164_rccm.202207_1384OC,Early fibroblasts,,human,false,SFRP2,explicit,Results: Developmental trajectories of mesenchymal cells,"early fibroblasts ( SFRP2+,WNT2+)"
DOI_10.1164_rccm.202207_1384OC,Early fibroblasts,,human,false,WNT2,explicit,Results: Developmental trajectories of mesenchymal cells,"early fibroblasts ( SFRP2+,WNT2+)"
DOI_10.1164_rccm.202207_1384OC,Mid fibroblasts,,human,false,WNT2,explicit,Results: Developmental trajectories of mesenchymal cells,"mid fibroblasts ( WNT2+,FGFR4LO)"
DOI_10.1164_rccm.202207_1384OC,Mid fibroblasts,,human,false,FGFR4,explicit,Results: Developmental trajectories of mesenchymal cells,"mid fibroblasts ( WNT2+,FGFR4LO)"
DOI_10.1164_rccm.202207_1384OC,Adventitial fibroblasts,,human,false,SFRP2,explicit,Results: Developmental trajectories of mesenchymal cells,"adventitial ( SFRP2+,PI16+)"
DOI_10.1164_rccm.202207_1384OC,Adventitial fibroblasts,,human,false,PI16,explicit,Results: Developmental trajectories of mesenchymal cells,"adventitial ( SFRP2+,PI16+)"
DOI_10.1164_rccm.202207_1384OC,Adventitial fibroblasts,,human,false,SERPINF1,implied,Results: Developmental trajectories of mesenchymal cells,"Adventitial and alveolar fibroblasts expressed shared and unique genes (adventitial: SERPINF1, SFRP2, and PI16; alveolar: FGFR4, VEGFD)"
DOI_10.1164_rccm.202207_1384OC,Airway fibroblasts,,human,false,AGTR2,explicit,Results: Developmental trajectories of mesenchymal cells,"airway ( AGTR2+,S100A4+)"
DOI_10.1164_rccm.202207_1384OC,Airway fibroblasts,,human,false,S100A4,explicit,Results: Developmental trajectories of mesenchymal cells,"airway ( AGTR2+,S100A4+)"
DOI_10.1164_rccm.202207_1384OC,Alveolar fibroblasts,,human,false,WNT2,explicit,Results: Developmental trajectories of mesenchymal cells,"alveolar ( WNT2+,FGFR4+)"
DOI_10.1164_rccm.202207_1384OC,Alveolar fibroblasts,,human,false,FGFR4,explicit,Results: Developmental trajectories of mesenchymal cells,"alveolar ( WNT2+,FGFR4+)"
DOI_10.1164_rccm.202207_1384OC,Alveolar fibroblasts,,human,false,VEGFD,implied,Results: Developmental trajectories of mesenchymal cells,"Adventitial and alveolar fibroblasts expressed shared and unique genes (adventitial: SERPINF1, SFRP2, and PI16; alveolar: FGFR4, VEGFD)"
DOI_10.1164_rccm.202207_1384OC,Myofibroblast 1,,human,false,CXCL14,explicit,Results: Developmental trajectories of mesenchymal cells,"Myofibroblast 1 ( CXCL14+,KCNK17+,CT45A3+, and THBDLO)"
DOI_10.1164_rccm.202207_1384OC,Myofibroblast 1,,human,false,KCNK17,explicit,Results: Developmental trajectories of mesenchymal cells,"Myofibroblast 1 ( CXCL14+,KCNK17+,CT45A3+, and THBDLO)"
DOI_10.1164_rccm.202207_1384OC,Myofibroblast 1,,human,false,CT45A3,explicit,Results: Developmental trajectories of mesenchymal cells,"Myofibroblast 1 ( CXCL14+,KCNK17+,CT45A3+, and THBDLO)"
DOI_10.1164_rccm.202207_1384OC,Myofibroblast 1,,human,false,THBD,explicit,Results: Developmental trajectories of mesenchymal cells,"Myofibroblast 1 ( CXCL14+,KCNK17+,CT45A3+, and THBDLO)"
DOI_10.1164_rccm.202207_1384OC,Myofibroblast 2,,human,false,CXCL14,explicit,Results: Developmental trajectories of mesenchymal cells,"Myofibroblast 2 ( CXCL14+,KCNK17+,CT45A3+, and THBDHI)"
DOI_10.1164_rccm.202207_1384OC,Myofibroblast 2,,human,false,KCNK17,explicit,Results: Developmental trajectories of mesenchymal cells,"Myofibroblast 2 ( CXCL14+,KCNK17+,CT45A3+, and THBDHI)"
DOI_10.1164_rccm.202207_1384OC,Myofibroblast 2,,human,false,CT45A3,explicit,Results: Developmental trajectories of mesenchymal cells,"Myofibroblast 2 ( CXCL14+,KCNK17+,CT45A3+, and THBDHI)"
DOI_10.1164_rccm.202207_1384OC,Myofibroblast 2,,human,false,THBD,explicit,Results: Developmental trajectories of mesenchymal cells,"Myofibroblast 2 ( CXCL14+,KCNK17+,CT45A3+, and THBDHI)"
DOI_10.1164_rccm.202207_1384OC,Myofibroblast 2,,human,false,PDGFRA,explicit,Results: Developmental trajectories of mesenchymal cells,"myofibroblast 2 (PDGFRA+, THBDHI, and NOTUM+)"
DOI_10.1164_rccm.202207_1384OC,Myofibroblast 2,,human,false,NOTUM,explicit,Results: Developmental trajectories of mesenchymal cells,"myofibroblast 2 (PDGFRA+, THBDHI, and NOTUM+)"
DOI_10.1164_rccm.202207_1384OC,Myofibroblast 3,,human,false,CXCL14,explicit,Results: Developmental trajectories of mesenchymal cells,"Myofibroblast 3 ( CXCL14+,KCNK17+,CT45A3-, and THBD-)"
DOI_10.1164_rccm.202207_1384OC,Myofibroblast 3,,human,false,KCNK17,explicit,Results: Developmental trajectories of mesenchymal cells,"Myofibroblast 3 ( CXCL14+,KCNK17+,CT45A3-, and THBD-)"
DOI_10.1164_rccm.202207_1384OC,Myofibroblast 3,,human,false,C7,implied,Results: Developmental trajectories of mesenchymal cells,"myofibroblast 3 has higher expression of genes associated with ECM organization and a variety of signaling molecules, including C7,RSPO2 , and BMPER"
DOI_10.1164_rccm.202207_1384OC,Myofibroblast 3,,human,false,RSPO2,implied,Results: Developmental trajectories of mesenchymal cells,"myofibroblast 3 has higher expression of genes associated with ECM organization and a variety of signaling molecules, including C7,RSPO2 , and BMPER"
DOI_10.1164_rccm.202207_1384OC,Myofibroblast 3,,human,false,BMPER,implied,Results: Developmental trajectories of mesenchymal cells,"myofibroblast 3 has higher expression of genes associated with ECM organization and a variety of signaling molecules, including C7,RSPO2 , and BMPER"
DOI_10.1164_rccm.202207_1384OC,Chondrocytes,,human,false,ASPN,explicit,Fig.4D,ASPN+chondrocytes on 17 and 20 pcw lung sections
DOI_10.1164_rccm.202207_1384OC,HMOX1+ erythroblasts,,human,false,HMOX1,explicit,Results: Hematopoietic cell types in the developing lung,"embryonic erythrocytes, HMOX1+erythroblasts, and a small number of macrophages"
DOI_10.1164_rccm.202207_1384OC,neuroendocrine cell,GHRL+,human,false,GHRL,explicit,Discussion,We find that GHRL+ NE cells are transcriptionally similar to the NEUROD1+ N subtype of SCLC (Figure 7).
DOI_10.1164_rccm.202207_1384OC,myofibroblast,,human,false,NOTUM,implied,Discussion,"Similarly, we characterize a population of myofibroblasts that contacts the developing epithelial stalk region and expresses high levels of the secreted Wnt-inhibitor, NOTUM (Figure S7O)."
DOI_10.1164_rccm.202207_1384OC,alveolar fibroblast,,human,false,WNT2,implied,Discussion,whereas alveolar fibroblasts express high levels of the canonical WNT2 ligand (Figure 4).
DOI_10.1164_rccm.202207_1384OC,airway cell,SCGB3A2+ distal/proximal,human,false,SCGB3A2,explicit,STAR Methods,Isolation and airway differentiation of SCGB3A2+ distal and proximal airway cells
DOI_10.3389_fdmed.2021.806294,fibroblasts,,,,THY1,explicit,Results p.4,"We identified a population of fibroblasts by the expression of THY1, MCAM"
DOI_10.3389_fdmed.2021.806294,fibroblasts,,,,MCAM,explicit,Results p.4,"We identified a population of fibroblasts by the expression of THY1, MCAM"
DOI_10.3389_fdmed.2021.806294,odontoblasts,,,,ALPL,explicit,Results p.4,"We identified ... odontoblasts by the expression of ALPL, OMD, and CCL2"
DOI_10.3389_fdmed.2021.806294,odontoblasts,,,,OMD,explicit,Results p.4,"We identified ... odontoblasts by the expression of ALPL, OMD, and CCL2"
DOI_10.3389_fdmed.2021.806294,odontoblasts,,,,CCL2,explicit,Results p.4,"We identified ... odontoblasts by the expression of ALPL, OMD, and CCL2"
DOI_10.3389_fdmed.2021.806294,endothelial cells,,,,SELE,explicit,Results p.4,endothelial cells were identified by the expression of SELE and PECAM1
DOI_10.3389_fdmed.2021.806294,endothelial cells,,,,PECAM1,explicit,Results p.4,endothelial cells were identified by the expression of SELE and PECAM1
DOI_10.3389_fdmed.2021.806294,Hematopoietic stem cells,,,,CD34,explicit,Results p.4,"HSCs were annotated by the expression of CD34, ENG and VCAM1"
DOI_10.3389_fdmed.2021.806294,Hematopoietic stem cells,,,,ENG,explicit,Results p.4,"HSCs were annotated by the expression of CD34, ENG and VCAM1"
DOI_10.3389_fdmed.2021.806294,Hematopoietic stem cells,,,,VCAM1,explicit,Results p.4,"HSCs were annotated by the expression of CD34, ENG and VCAM1"
DOI_10.3389_fdmed.2021.806294,T cells,,,,CD3D,explicit,Results p.4,T cells (CD3D)
DOI_10.3389_fdmed.2021.806294,NK cells,,,,GNLY,explicit,Results p.4,NK cells (GNLY and FCGR3A)
DOI_10.3389_fdmed.2021.806294,NK cells,,,,FCGR3A,explicit,Results p.4,NK cells (GNLY and FCGR3A)
DOI_10.3389_fdmed.2021.806294,monocytes,,,,CD14,explicit,Results p.4,monocytes (CD14)
DOI_10.3389_fimmu.2023.1211505,iCAF,,mouse,false,IL-1R1,implied,Introduction,IL-1 receptor (IL-1R1) was upregulated in iCAFs compared with myCAFs.
DOI_10.3389_fimmu.2023.1211505,myCAF,,mouse,false,aSMA,implied,Introduction,myofibroblastic” CAFs (myCAFs) with high levels of a-smooth muscle actin (aSMA)
DOI_10.3389_fimmu.2023.1211505,fibroblasts,inflammatory fibroblasts,mouse,false,Pdpn,explicit,Fig.2 / Results (Fibroblast subclustering),"besides their Pdpn and Il1rl1 signature gene expression, subcluster 0 expressed high levels of C3, Saa3, Il11, and Lif"
DOI_10.3389_fimmu.2023.1211505,fibroblasts,inflammatory fibroblasts,mouse,false,Il1rl1,explicit,Fig.2 / Results (Fibroblast subclustering),"besides their Pdpn and Il1rl1 signature gene expression, subcluster 0 expressed high levels of C3, Saa3, Il11, and Lif"
DOI_10.3389_fimmu.2023.1211505,fibroblasts,inflammatory fibroblasts,mouse,false,C3,implied,Fig.2 / Results (Fibroblast subclustering),"besides their Pdpn and Il1rl1 signature gene expression, subcluster 0 expressed high levels of C3, Saa3, Il11, and Lif"
DOI_10.3389_fimmu.2023.1211505,fibroblasts,inflammatory fibroblasts,mouse,false,Saa3,implied,Fig.2 / Results (Fibroblast subclustering),"besides their Pdpn and Il1rl1 signature gene expression, subcluster 0 expressed high levels of C3, Saa3, Il11, and Lif"
DOI_10.3389_fimmu.2023.1211505,fibroblasts,inflammatory fibroblasts,mouse,false,Il11,implied,Fig.2 / Results (Fibroblast subclustering),"besides their Pdpn and Il1rl1 signature gene expression, subcluster 0 expressed high levels of C3, Saa3, Il11, and Lif"
DOI_10.3389_fimmu.2023.1211505,fibroblasts,inflammatory fibroblasts,mouse,false,Lif,implied,Fig.2 / Results (Fibroblast subclustering),"besides their Pdpn and Il1rl1 signature gene expression, subcluster 0 expressed high levels of C3, Saa3, Il11, and Lif"
DOI_10.3389_fimmu.2023.1211505,fibroblasts,inflammatory fibroblasts,mouse,false,Prdm1,explicit,Fig.2J / Results (Fibroblast subclustering),"scRNAseq analysis also demonstrated that the cells within the KO inflammatory fibroblast subset were mostly positive for Prdm1 (encoding B-lymphocyte-induced maturation protein 1 (BLIMP1)) and Lrig1, and negative for Dpp4 (CD26) (Figure 2J)"
DOI_10.3389_fimmu.2023.1211505,fibroblasts,inflammatory fibroblasts,mouse,false,Lrig1,explicit,Fig.2J / Results (Fibroblast subclustering),"scRNAseq analysis also demonstrated that the cells within the KO inflammatory fibroblast subset were mostly positive for Prdm1 (encoding B-lymphocyte-induced maturation protein 1 (BLIMP1)) and Lrig1, and negative for Dpp4 (CD26) (Figure 2J)"
DOI_10.3389_fimmu.2023.1211505,fibroblasts,inflammatory fibroblasts,mouse,false,Ly6a,implied,Fig.2J / Results (Fibroblast subclustering),"Sca1 (ly6a)+Dlk1+/− cells, which characterize the fibroblasts in the lower dermis (hypodermal fibroblasts), were also identified as part of the KO inflammatory fibroblast subset (Figure 2J)"
DOI_10.3389_fimmu.2023.1211505,fibroblasts,proto-myofibroblasts,mouse,false,Acta2,explicit,Fig.2 / Results (Fibroblast subclustering),"the myofibroblast markers, like Acta2 and Tagln, were largely absent in subcluster 0"
DOI_10.3389_fimmu.2023.1211505,fibroblasts,proto-myofibroblasts,mouse,false,Tagln,explicit,Fig.2 / Results (Fibroblast subclustering),"the myofibroblast markers, like Acta2 and Tagln, were largely absent in subcluster 0"
DOI_10.3389_fimmu.2023.1211505,fibroblasts,proto-myofibroblasts,mouse,false,Serpine2,implied,Fig.2D / Results (Fibroblast subclustering),enhanced expression of Tagln and Serpine2 and downregulation of Mmp2 in subclusters 1 and 2
DOI_10.3389_fimmu.2023.1211505,ab T cells,,mouse,false,Trac,explicit,Results (Immune cell subclustering),"Clusters 0 and 1 were identified as ab and gd T cells, based on their expression of Trac and Trbc and Tcrg-c1 and Trdv4, respectively."
DOI_10.3389_fimmu.2023.1211505,ab T cells,,mouse,false,Trbc,explicit,Results (Immune cell subclustering),"Clusters 0 and 1 were identified as ab and gd T cells, based on their expression of Trac and Trbc and Tcrg-c1 and Trdv4, respectively."
DOI_10.3389_fimmu.2023.1211505,gd T cells,,mouse,false,Tcrg-c1,explicit,Results (Immune cell subclustering),"Clusters 0 and 1 were identified as ab and gd T cells, based on their expression of Trac and Trbc and Tcrg-c1 and Trdv4, respectively."
DOI_10.3389_fimmu.2023.1211505,gd T cells,,mouse,false,Trdv4,explicit,Results (Immune cell subclustering),"Clusters 0 and 1 were identified as ab and gd T cells, based on their expression of Trac and Trbc and Tcrg-c1 and Trdv4, respectively."
DOI_10.3389_fimmu.2023.1211505,neutrophils,activated neutrophil subpopulation,mouse,false,S100a8,explicit,Results (Immune cell subclustering),"Clusters 2 and 3 expressed neutrophil markers S100a8, S100a9, and Ngp and thus were identified as neutrophils"
DOI_10.3389_fimmu.2023.1211505,neutrophils,activated neutrophil subpopulation,mouse,false,S100a9,explicit,Results (Immune cell subclustering),"Clusters 2 and 3 expressed neutrophil markers S100a8, S100a9, and Ngp and thus were identified as neutrophils"
DOI_10.3389_fimmu.2023.1211505,neutrophils,activated neutrophil subpopulation,mouse,false,Ngp,explicit,Results (Immune cell subclustering),"Clusters 2 and 3 expressed neutrophil markers S100a8, S100a9, and Ngp and thus were identified as neutrophils"
DOI_10.3389_fimmu.2023.1211505,Langerhans cells,,mouse,false,Cd74,explicit,Results (Immune cell subclustering),clusters 4 and 5 together were identified as Langerhans cells based on their expression of Cd74 and Cd207
DOI_10.3389_fimmu.2023.1211505,Langerhans cells,,mouse,false,Cd207,explicit,Results (Immune cell subclustering),clusters 4 and 5 together were identified as Langerhans cells based on their expression of Cd74 and Cd207
DOI_10.3389_fimmu.2023.1211505,macrophage/dendritic cells,,mouse,false,H2-Ab1,explicit,Results (Immune cell subclustering),"these clusters were largely positive for the expression of H2-Ab1, Adgre1, Cd68, Fcrg1, and Itgam. For the scope of this manuscript, we grouped these clusters as macrophages/dendritic cells (Mj/DC)"
DOI_10.3389_fimmu.2023.1211505,macrophage/dendritic cells,,mouse,false,Adgre1,explicit,Results (Immune cell subclustering),"these clusters were largely positive for the expression of H2-Ab1, Adgre1, Cd68, Fcrg1, and Itgam. For the scope of this manuscript, we grouped these clusters as macrophages/dendritic cells (Mj/DC)"
DOI_10.3389_fimmu.2023.1211505,macrophage/dendritic cells,,mouse,false,Cd68,explicit,Results (Immune cell subclustering),"these clusters were largely positive for the expression of H2-Ab1, Adgre1, Cd68, Fcrg1, and Itgam. For the scope of this manuscript, we grouped these clusters as macrophages/dendritic cells (Mj/DC)"
DOI_10.3389_fimmu.2023.1211505,macrophage/dendritic cells,,mouse,false,Fcrg1,explicit,Results (Immune cell subclustering),"these clusters were largely positive for the expression of H2-Ab1, Adgre1, Cd68, Fcrg1, and Itgam. For the scope of this manuscript, we grouped these clusters as macrophages/dendritic cells (Mj/DC)"
DOI_10.3389_fimmu.2023.1211505,macrophage/dendritic cells,,mouse,false,Itgam,explicit,Results (Immune cell subclustering),"these clusters were largely positive for the expression of H2-Ab1, Adgre1, Cd68, Fcrg1, and Itgam. For the scope of this manuscript, we grouped these clusters as macrophages/dendritic cells (Mj/DC)"
DOI_10.3389_fimmu.2023.1211505,fibroblasts,inflammatory,mouse,false,PDPN,explicit,Discussion,"Our in vitro analysis suggested that the expression of PDPN and ST2, two signature genes in the RDEB inflammatory fibroblast subset identified by scRNAseq, could be stimulated by IL-1a, TNF, and IFN-g independently"
DOI_10.3389_fimmu.2023.1211505,fibroblasts,inflammatory,mouse,false,ST2,explicit,Discussion,"Our in vitro analysis suggested that the expression of PDPN and ST2, two signature genes in the RDEB inflammatory fibroblast subset identified by scRNAseq, could be stimulated by IL-1a, TNF, and IFN-g independently"
DOI_10.3389_fimmu.2023.1211505,fibroblasts,inflammatory,mouse,false,Il11,implied,Discussion,"Many genes that were upregulated in the RDEB inflammatory fibroblast subset, e.g., Il11, Lif, Vegf, Saa3, Tnc, and C3, are also the signature genes of iCAFs in many cancers."
DOI_10.3389_fimmu.2023.1211505,fibroblasts,inflammatory,mouse,false,Lif,implied,Discussion,"Many genes that were upregulated in the RDEB inflammatory fibroblast subset, e.g., Il11, Lif, Vegf, Saa3, Tnc, and C3, are also the signature genes of iCAFs in many cancers."
DOI_10.3389_fimmu.2023.1211505,fibroblasts,inflammatory,mouse,false,Vegf,implied,Discussion,"Many genes that were upregulated in the RDEB inflammatory fibroblast subset, e.g., Il11, Lif, Vegf, Saa3, Tnc, and C3, are also the signature genes of iCAFs in many cancers."
DOI_10.3389_fimmu.2023.1211505,fibroblasts,inflammatory,mouse,false,Saa3,implied,Discussion,"Many genes that were upregulated in the RDEB inflammatory fibroblast subset, e.g., Il11, Lif, Vegf, Saa3, Tnc, and C3, are also the signature genes of iCAFs in many cancers."
DOI_10.3389_fimmu.2023.1211505,fibroblasts,inflammatory,mouse,false,Tnc,implied,Discussion,"Many genes that were upregulated in the RDEB inflammatory fibroblast subset, e.g., Il11, Lif, Vegf, Saa3, Tnc, and C3, are also the signature genes of iCAFs in many cancers."
DOI_10.3389_fimmu.2023.1211505,fibroblasts,inflammatory,mouse,false,C3,implied,Discussion,"Many genes that were upregulated in the RDEB inflammatory fibroblast subset, e.g., Il11, Lif, Vegf, Saa3, Tnc, and C3, are also the signature genes of iCAFs in many cancers."
DOI_10.7554_eLife.62522,AT2 cells,,human,false,SLC6A20,implied,Results (Fig.5D),"Among these genes, SLC6A20, which encodes a proline transporter, was expressed predominantly in AT2 cells and had low expression in other cell types (Figure 5D)."
DOI_10.7554_eLife.71752,peptidergic nociceptor,,human,true,TAC1,explicit,Figure 1C,"In the human DRG dataset, TAC1 (substance P), CALCA and CALCB (CGRP), and ADCYAP1 (PACAP), are expressed in several transcriptomic classes (H1, H2, H3, H5, and H6, Figure 1C, Figure 1—figure supplements 4 and 5)."
DOI_10.7554_eLife.71752,peptidergic nociceptor,,human,true,CALCA,explicit,Figure 1C,"In the human DRG dataset, TAC1 (substance P), CALCA and CALCB (CGRP), and ADCYAP1 (PACAP), are expressed in several transcriptomic classes (H1, H2, H3, H5, and H6, Figure 1C, Figure 1—figure supplements 4 and 5)."
DOI_10.7554_eLife.71752,peptidergic nociceptor,,human,true,CALCB,explicit,Figure 1C,"In the human DRG dataset, TAC1 (substance P), CALCA and CALCB (CGRP), and ADCYAP1 (PACAP), are expressed in several transcriptomic classes (H1, H2, H3, H5, and H6, Figure 1C, Figure 1—figure supplements 4 and 5)."
DOI_10.7554_eLife.71752,peptidergic nociceptor,,human,true,ADCYAP1,explicit,Figure 1C,"In the human DRG dataset, TAC1 (substance P), CALCA and CALCB (CGRP), and ADCYAP1 (PACAP), are expressed in several transcriptomic classes (H1, H2, H3, H5, and H6, Figure 1C, Figure 1—figure supplements 4 and 5)."
DOI_10.7554_eLife.71752,peptidergic nociceptor,,human,true,NTRK1,implied,Figure 1C,"Just as in mice, the putative human peptidergic nociceptors express the high affinity nerve growth factor receptor NTRK1, the capsaicin and mustard oil-gated ion channels TRPV1 and TRPA1 but generally only low levels of the stretch-gated ion channel PIEZO2 (Figure 1C, Figure 1—figure supplements 4 and 5)."
DOI_10.7554_eLife.71752,peptidergic nociceptor,,human,true,TRPV1,implied,Figure 1C,"Just as in mice, the putative human peptidergic nociceptors express the high affinity nerve growth factor receptor NTRK1, the capsaicin and mustard oil-gated ion channels TRPV1 and TRPA1 but generally only low levels of the stretch-gated ion channel PIEZO2 (Figure 1C, Figure 1—figure supplements 4 and 5)."
DOI_10.7554_eLife.71752,peptidergic nociceptor,,human,true,TRPA1,implied,Figure 1C,"Just as in mice, the putative human peptidergic nociceptors express the high affinity nerve growth factor receptor NTRK1, the capsaicin and mustard oil-gated ion channels TRPV1 and TRPA1 but generally only low levels of the stretch-gated ion channel PIEZO2 (Figure 1C, Figure 1—figure supplements 4 and 5)."
DOI_10.7554_eLife.71752,Aδ nociceptor,H3/H6,human,true,SCN10A,implied,Figure 1—figure supplement 5,Some of these (including H3 and H6) also express peptidergic markers and the pain-related voltage-gated sodium channel SCN10A (Figure 1—figure supplement 5) and thus have molecular hallmarks of Aδ nociceptors.
DOI_10.7554_eLife.71752,Aδ nociceptor,H3/H6,human,true,NEFH,implied,Figure 1C,"Although previous localization studies have suggested that in humans the neurofilament protein NEFH is expressed in all sensory neurons (Rostock et al., 2018), this gene showed graded expression in our data (Figure 1C) and marks several classes of cells just as in mice (Figure 1—figure supplement 5). Some of these (including H3 and H6) also express peptidergic markers..."
DOI_10.7554_eLife.71752,Aβ neuron,H14/H15,human,true,NEFH,implied,Figure 1C,"However, the neuronal classes H14 and H15 expressing the highest levels of NEFH are distinct from the peptidergic neurons (Figure 1C, Figure 1—figure supplements 4 and 5), likely representing different types of large diameter, fast conducting myelinated Aβ neurons."
DOI_10.7554_eLife.71752,Aβ neuron,H14/H15,human,true,NTRK3,implied,Figure 1—figure supplements 4 and 5,"These cell types are neurotrophin three receptor NTRK3 positive, some also contain the brain derived neurotrophic factor receptor NTRK2 but exhibit little expression of NTRK1 (Figure 1—figure supplements 4 and 5)."
DOI_10.7554_eLife.71752,Aβ neuron,H14/H15,human,true,NTRK2,implied,Figure 1—figure supplements 4 and 5,"These cell types are neurotrophin three receptor NTRK3 positive, some also contain the brain derived neurotrophic factor receptor NTRK2 but exhibit little expression of NTRK1 (Figure 1—figure supplements 4 and 5)."
DOI_10.7554_eLife.71752,proprioceptor,H15,human,true,NTRK3,implied,Figure 1C,"In mice, proprioceptors are a subtype of Aβ neurons marked by the calcium binding protein parvalbumin, the transcription factor Etv1 and the voltage-gated sodium channel subunits Scn1a and Scn1b (Sharma et al., 2020; Renthal et al., 2020). In the human data, the small H15 group of NTRK3-positive cells had this expression pattern (Figure 1C, Figure 1—figure supplement 5) implying that proprioceptors have conserved transcriptomic markers in humans and mice."
DOI_10.7554_eLife.71752,proprioceptor,H15,human,true,PVALB,implied,Figure 1C,"In mice, proprioceptors are a subtype of Aβ neurons marked by the calcium binding protein parvalbumin, the transcription factor Etv1 and the voltage-gated sodium channel subunits Scn1a and Scn1b (Sharma et al., 2020; Renthal et al., 2020). In the human data, the small H15 group of NTRK3-positive cells had this expression pattern (Figure 1C, Figure 1—figure supplement 5) implying that proprioceptors have conserved transcriptomic markers in humans and mice."
DOI_10.7554_eLife.71752,proprioceptor,H15,human,true,ETV1,implied,Figure 1C,"In mice, proprioceptors are a subtype of Aβ neurons marked by the calcium binding protein parvalbumin, the transcription factor Etv1 and the voltage-gated sodium channel subunits Scn1a and Scn1b (Sharma et al., 2020; Renthal et al., 2020). In the human data, the small H15 group of NTRK3-positive cells had this expression pattern (Figure 1C, Figure 1—figure supplement 5) implying that proprioceptors have conserved transcriptomic markers in humans and mice."
DOI_10.7554_eLife.71752,proprioceptor,H15,human,true,SCN1A,implied,Figure 1C,"In mice, proprioceptors are a subtype of Aβ neurons marked by the calcium binding protein parvalbumin, the transcription factor Etv1 and the voltage-gated sodium channel subunits Scn1a and Scn1b (Sharma et al., 2020; Renthal et al., 2020). In the human data, the small H15 group of NTRK3-positive cells had this expression pattern (Figure 1C, Figure 1—figure supplement 5) implying that proprioceptors have conserved transcriptomic markers in humans and mice."
DOI_10.7554_eLife.71752,proprioceptor,H15,human,true,SCN1B,implied,Figure 1C,"In mice, proprioceptors are a subtype of Aβ neurons marked by the calcium binding protein parvalbumin, the transcription factor Etv1 and the voltage-gated sodium channel subunits Scn1a and Scn1b (Sharma et al., 2020; Renthal et al., 2020). In the human data, the small H15 group of NTRK3-positive cells had this expression pattern (Figure 1C, Figure 1—figure supplement 5) implying that proprioceptors have conserved transcriptomic markers in humans and mice."
DOI_10.7554_eLife.71752,proprioceptor,H15,human,true,NEFH,implied,Figure 4B,"Similarly, putative proprioceptive neurons (H15) were distinguished by their expression of NEFH, PIEZO2, and PVALB and lack of NTRK2 (Figure 4B, Figure 4—figure supplement 1)."
DOI_10.7554_eLife.71752,proprioceptor,H15,human,true,PIEZO2,implied,Figure 4B,"Similarly, putative proprioceptive neurons (H15) were distinguished by their expression of NEFH, PIEZO2, and PVALB and lack of NTRK2 (Figure 4B, Figure 4—figure supplement 1)."
DOI_10.7554_eLife.71752,cool responsive neuron,H8,human,true,TRPM8,implied,Figure 2B,"The ... cool sensing cells (H8) that express TRPM8, GPR26, NTM, and FOXP2 but are devoid of both the light touch receptor and the pain-related sodium channels (Figure 2B, Figure 1—figure supplement 5)."
DOI_10.7554_eLife.71752,cool responsive neuron,H8,human,true,GPR26,implied,Figure 2B,"The ... cool sensing cells (H8) that express TRPM8, GPR26, NTM, and FOXP2 but are devoid of both the light touch receptor and the pain-related sodium channels (Figure 2B, Figure 1—figure supplement 5)."
DOI_10.7554_eLife.71752,cool responsive neuron,H8,human,true,NTM,implied,Figure 2B,"The ... cool sensing cells (H8) that express TRPM8, GPR26, NTM, and FOXP2 but are devoid of both the light touch receptor and the pain-related sodium channels (Figure 2B, Figure 1—figure supplement 5)."
DOI_10.7554_eLife.71752,cool responsive neuron,H8,human,true,FOXP2,implied,Figure 2B,"The ... cool sensing cells (H8) that express TRPM8, GPR26, NTM, and FOXP2 but are devoid of both the light touch receptor and the pain-related sodium channels (Figure 2B, Figure 1—figure supplement 5)."
DOI_10.7554_eLife.71752,cool responsive neuron,H8,human,true,NTRK2,implied,Figure 1—figure supplement 5,"in humans, the H8 putative cool responsive neurons expressing TRPM8 were strongly positive for the BDNF-receptor NTRK2 but hardly expressed the neuropeptide TAC1 (Figure 1—figure supplement 5)."
DOI_10.7554_eLife.71752,H9 neuron,,human,true,TRPM8,implied,Figure 2B,"One small but prominent group of human DRG neurons (H9) expresses TRPM8, PIEZO2, SCN10A, and SCN11A (Figure 1—figure supplements 4 and 5, Figure 2B) and clearly segregates from the putative cool sensing cells."
DOI_10.7554_eLife.71752,H9 neuron,,human,true,PIEZO2,implied,Figure 2B,"One small but prominent group of human DRG neurons (H9) expresses TRPM8, PIEZO2, SCN10A, and SCN11A (Figure 1—figure supplements 4 and 5, Figure 2B) and clearly segregates from the putative cool sensing cells."
DOI_10.7554_eLife.71752,H9 neuron,,human,true,SCN10A,implied,Figure 2B,"One small but prominent group of human DRG neurons (H9) expresses TRPM8, PIEZO2, SCN10A, and SCN11A (Figure 1—figure supplements 4 and 5, Figure 2B) and clearly segregates from the putative cool sensing cells."
DOI_10.7554_eLife.71752,H9 neuron,,human,true,SCN11A,implied,Figure 2B,"One small but prominent group of human DRG neurons (H9) expresses TRPM8, PIEZO2, SCN10A, and SCN11A (Figure 1—figure supplements 4 and 5, Figure 2B) and clearly segregates from the putative cool sensing cells."
DOI_10.7554_eLife.71752,H12 neuron,,human,true,NTRK3,explicit,Figure 2B,"A second larger group of human neurons H12 is marked by NTRK3 and the voltage-gated ion channel SCN1A, but is only weakly positive for NEFH, expresses moderate levels of PIEZO2 (Figure 2B, Figure 1—figure supplement 5) and appears distinct from any potential mouse counterpart."
DOI_10.7554_eLife.71752,H12 neuron,,human,true,SCN1A,explicit,Figure 2B,"A second larger group of human neurons H12 is marked by NTRK3 and the voltage-gated ion channel SCN1A, but is only weakly positive for NEFH, expresses moderate levels of PIEZO2 (Figure 2B, Figure 1—figure supplement 5) and appears distinct from any potential mouse counterpart."
DOI_10.7554_eLife.71752,H12 neuron,,human,true,PIEZO2,implied,Figure 2B,"A second larger group of human neurons H12 is marked by NTRK3 and the voltage-gated ion channel SCN1A, but is only weakly positive for NEFH, expresses moderate levels of PIEZO2 (Figure 2B, Figure 1—figure supplement 5) and appears distinct from any potential mouse counterpart."
DOI_10.7554_eLife.71752,c-nociceptor,H4,human,true,SCN10A,explicit,Figure 2B,"Similarly, we designated H4 as c-nociceptors because of their expression of nociception-related SCN10A and NTRK1 and low level of NEFH (Figure 2B, Figure 1—figure supplement 5)."
DOI_10.7554_eLife.71752,c-nociceptor,H4,human,true,NTRK1,explicit,Figure 2B,"Similarly, we designated H4 as c-nociceptors because of their expression of nociception-related SCN10A and NTRK1 and low level of NEFH (Figure 2B, Figure 1—figure supplement 5)."
DOI_10.7554_eLife.71752,H5 neuron,,human,true,TRPA1,implied,Figure 2B,"More strikingly, a small group of human neurons, H5, expressing TRPA1 were resolved in our clustering (Figure 2B), whereas in mouse nuclear sequencing data no direct counterpart was detected."
DOI_10.7554_eLife.71752,H5 neuron,,human,true,NTRK2,implied,Figure 1—figure supplement 5,"H5 cells are essentially CALCA (CGRP) and NTRK1 negative and instead are strongly NTRK2 positive (Figure 1, Figure 1—figure supplements 4 and 5) suggesting that they may respond differently to external stimuli as well as in their signaling properties."
DOI_10.7554_eLife.71752,nonpeptidergic nociceptor,H10,human,true,IL31RA,implied,Figure 2C,"these clusters were positive for the two subunits (IL31RA and OSMR) of the interleukin 31 receptor and the histamine receptor HRH1 (Figure 2C) that mediate mast cell-related scratching in mice (Solinski et al., 2019). They also express the itch-related neuropeptide NPPB (Figure 2C), nociception-related sodium channels SCN10A and SCN11A as well as TRPV1 (Figure 2—figure supplement 2A)."
DOI_10.7554_eLife.71752,nonpeptidergic nociceptor,H10,human,true,OSMR,implied,Figure 2C,"these clusters were positive for the two subunits (IL31RA and OSMR) of the interleukin 31 receptor and the histamine receptor HRH1 (Figure 2C) that mediate mast cell-related scratching in mice (Solinski et al., 2019). They also express the itch-related neuropeptide NPPB (Figure 2C), nociception-related sodium channels SCN10A and SCN11A as well as TRPV1 (Figure 2—figure supplement 2A)."
DOI_10.7554_eLife.71752,nonpeptidergic nociceptor,H10,human,true,HRH1,implied,Figure 2C,"these clusters were positive for the two subunits (IL31RA and OSMR) of the interleukin 31 receptor and the histamine receptor HRH1 (Figure 2C) that mediate mast cell-related scratching in mice (Solinski et al., 2019). They also express the itch-related neuropeptide NPPB (Figure 2C), nociception-related sodium channels SCN10A and SCN11A as well as TRPV1 (Figure 2—figure supplement 2A)."
DOI_10.7554_eLife.71752,nonpeptidergic nociceptor,H10,human,true,NPPB,implied,Figure 2C,"these clusters were positive for the two subunits (IL31RA and OSMR) of the interleukin 31 receptor and the histamine receptor HRH1 (Figure 2C) that mediate mast cell-related scratching in mice (Solinski et al., 2019). They also express the itch-related neuropeptide NPPB (Figure 2C), nociception-related sodium channels SCN10A and SCN11A as well as TRPV1 (Figure 2—figure supplement 2A)."
DOI_10.7554_eLife.71752,nonpeptidergic nociceptor,H10,human,true,SCN10A,implied,Figure 2C,"these clusters were positive for the two subunits (IL31RA and OSMR) of the interleukin 31 receptor and the histamine receptor HRH1 (Figure 2C) that mediate mast cell-related scratching in mice (Solinski et al., 2019). They also express the itch-related neuropeptide NPPB (Figure 2C), nociception-related sodium channels SCN10A and SCN11A as well as TRPV1 (Figure 2—figure supplement 2A)."
DOI_10.7554_eLife.71752,nonpeptidergic nociceptor,H10,human,true,SCN11A,implied,Figure 2C,"these clusters were positive for the two subunits (IL31RA and OSMR) of the interleukin 31 receptor and the histamine receptor HRH1 (Figure 2C) that mediate mast cell-related scratching in mice (Solinski et al., 2019). They also express the itch-related neuropeptide NPPB (Figure 2C), nociception-related sodium channels SCN10A and SCN11A as well as TRPV1 (Figure 2—figure supplement 2A)."
DOI_10.7554_eLife.71752,nonpeptidergic nociceptor,H10,human,true,TRPV1,implied,Figure 2C,"these clusters were positive for the two subunits (IL31RA and OSMR) of the interleukin 31 receptor and the histamine receptor HRH1 (Figure 2C) that mediate mast cell-related scratching in mice (Solinski et al., 2019). They also express the itch-related neuropeptide NPPB (Figure 2C), nociception-related sodium channels SCN10A and SCN11A as well as TRPV1 (Figure 2—figure supplement 2A)."
DOI_10.7554_eLife.71752,nonpeptidergic nociceptor,H10,human,true,MRGPRX1,implied,Figure 5B,"Although not prominently expressed, the human chloroquine responsive receptor MRGPRX1 (27) localized selectively to H10 neurons (Figure 5B) perhaps suggesting a relationship to mouse NP2 cells."
DOI_10.7554_eLife.71752,nonpeptidergic nociceptor,H10,human,true,PIEZO2,implied,Figure 5B,"H10 cells are also distinguished from H11 and mouse pruriceptors by their prominent expression of the stretch-gated ion channel PIEZO2 (Figure 1C, Figure 2—figure supplement 2)."
DOI_10.7554_eLife.71752,nonpeptidergic nociceptor,H11,human,true,IL31RA,implied,Figure 2C,"these clusters were positive for the two subunits (IL31RA and OSMR) of the interleukin 31 receptor and the histamine receptor HRH1 (Figure 2C) that mediate mast cell-related scratching in mice (Solinski et al., 2019). They also express the itch-related neuropeptide NPPB (Figure 2C), nociception-related sodium channels SCN10A and SCN11A as well as TRPV1 (Figure 2—figure supplement 2A)."
DOI_10.7554_eLife.71752,nonpeptidergic nociceptor,H11,human,true,OSMR,implied,Figure 2C,"these clusters were positive for the two subunits (IL31RA and OSMR) of the interleukin 31 receptor and the histamine receptor HRH1 (Figure 2C) that mediate mast cell-related scratching in mice (Solinski et al., 2019). They also express the itch-related neuropeptide NPPB (Figure 2C), nociception-related sodium channels SCN10A and SCN11A as well as TRPV1 (Figure 2—figure supplement 2A)."
DOI_10.7554_eLife.71752,nonpeptidergic nociceptor,H11,human,true,HRH1,implied,Figure 2C,"these clusters were positive for the two subunits (IL31RA and OSMR) of the interleukin 31 receptor and the histamine receptor HRH1 (Figure 2C) that mediate mast cell-related scratching in mice (Solinski et al., 2019). They also express the itch-related neuropeptide NPPB (Figure 2C), nociception-related sodium channels SCN10A and SCN11A as well as TRPV1 (Figure 2—figure supplement 2A)."
DOI_10.7554_eLife.71752,nonpeptidergic nociceptor,H11,human,true,NPPB,implied,Figure 2C,"these clusters were positive for the two subunits (IL31RA and OSMR) of the interleukin 31 receptor and the histamine receptor HRH1 (Figure 2C) that mediate mast cell-related scratching in mice (Solinski et al., 2019). They also express the itch-related neuropeptide NPPB (Figure 2C), nociception-related sodium channels SCN10A and SCN11A as well as TRPV1 (Figure 2—figure supplement 2A)."
DOI_10.7554_eLife.71752,nonpeptidergic nociceptor,H11,human,true,SCN10A,implied,Figure 2C,"these clusters were positive for the two subunits (IL31RA and OSMR) of the interleukin 31 receptor and the histamine receptor HRH1 (Figure 2C) that mediate mast cell-related scratching in mice (Solinski et al., 2019). They also express the itch-related neuropeptide NPPB (Figure 2C), nociception-related sodium channels SCN10A and SCN11A as well as TRPV1 (Figure 2—figure supplement 2A)."
DOI_10.7554_eLife.71752,nonpeptidergic nociceptor,H11,human,true,SCN11A,implied,Figure 2C,"these clusters were positive for the two subunits (IL31RA and OSMR) of the interleukin 31 receptor and the histamine receptor HRH1 (Figure 2C) that mediate mast cell-related scratching in mice (Solinski et al., 2019). They also express the itch-related neuropeptide NPPB (Figure 2C), nociception-related sodium channels SCN10A and SCN11A as well as TRPV1 (Figure 2—figure supplement 2A)."
DOI_10.7554_eLife.71752,nonpeptidergic nociceptor,H11,human,true,TRPV1,implied,Figure 2C,"these clusters were positive for the two subunits (IL31RA and OSMR) of the interleukin 31 receptor and the histamine receptor HRH1 (Figure 2C) that mediate mast cell-related scratching in mice (Solinski et al., 2019). They also express the itch-related neuropeptide NPPB (Figure 2C), nociception-related sodium channels SCN10A and SCN11A as well as TRPV1 (Figure 2—figure supplement 2A)."
DOI_10.7554_eLife.71752,nonpeptidergic nociceptor,H11,human,true,JAK1,implied,Figure 5B,"By contrast, Janus kinase 1 (JAK1), a mediator of itch through various types of cytokine signaling, including through OSMR (Oetjen et al., 2017), and the neuropeptide SST are particularly strongly expressed in H11 cells (Figure 5B)."
DOI_10.7554_eLife.71752,nonpeptidergic nociceptor,H11,human,true,SST,implied,Figure 5B,"By contrast, Janus kinase 1 (JAK1), a mediator of itch through various types of cytokine signaling, including through OSMR (Oetjen et al., 2017), and the neuropeptide SST are particularly strongly expressed in H11 cells (Figure 5B)."
DOI_10.7554_eLife.71752,NP1 cells,,mouse,true,Mrgprd,explicit,Discussion,in mice NP1 cells express a large combination of diagnostic markers (Figure 5—figure supplement 2) including Mrgprd that we did not find in our sequencing of human ganglion neurons.
DOI_10.7554_eLife.71752,NP2 neurons,,mouse,true,Mrgpra3,explicit,Discussion,"Moreover, in mice, Mrgpra3 (the functional equivalent of MRGPRX1) marks the distinct NP2 neurons."
DOI_10.7554_eLife.71752,H10 neurons,,human,true,MRGPRX1,implied,Discussion,This would fit with our co-clustering that identifies the MRGPRX1-expressing H10 neurons as related to NP1 cells.
DOI_10.7554_eLife.71752,H10 neurons,,human,true,PIEZO2,implied,Discussion,We suspect that some of these stroking responsive cells may be the nonpeptidergic H10 neurons that express itch-related genes as well as high levels of PIEZO2.
DOI_10.7554_eLife.71752,nonpeptidergic neurons,,human,true,TRPV1,implied,Discussion,"Since in humans all nonpeptidergic neurons express TRPV1 whereas mouse NP1, NP2, and cLTMRs do not prominently express this gene, this fits well with recent data showing much broader expression of TRPV1 in humans than mice."
DOI_10.7554_eLife.71752,DRG neurons,,human,true,SNAP25,explicit,"Materials and methods - Single nuclear capture, sequencing, and data analysis","Clusters not expressing high levels of neuronal or somatosensory genes like SNAP25, SCN9A, SCN10A, PIEZO2, NEFH, etc. but instead expressing elevated levels of markers of non-neuronal cells including PRP1, MBP, QKI, LPAR1, and APOE were tagged as non-neuronal and were removed."
DOI_10.7554_eLife.71752,DRG neurons,,human,true,SCN9A,explicit,"Materials and methods - Single nuclear capture, sequencing, and data analysis","Clusters not expressing high levels of neuronal or somatosensory genes like SNAP25, SCN9A, SCN10A, PIEZO2, NEFH, etc. but instead expressing elevated levels of markers of non-neuronal cells including PRP1, MBP, QKI, LPAR1, and APOE were tagged as non-neuronal and were removed."
DOI_10.7554_eLife.71752,DRG neurons,,human,true,SCN10A,explicit,"Materials and methods - Single nuclear capture, sequencing, and data analysis","Clusters not expressing high levels of neuronal or somatosensory genes like SNAP25, SCN9A, SCN10A, PIEZO2, NEFH, etc. but instead expressing elevated levels of markers of non-neuronal cells including PRP1, MBP, QKI, LPAR1, and APOE were tagged as non-neuronal and were removed."
DOI_10.7554_eLife.71752,DRG neurons,,human,true,PIEZO2,explicit,"Materials and methods - Single nuclear capture, sequencing, and data analysis","Clusters not expressing high levels of neuronal or somatosensory genes like SNAP25, SCN9A, SCN10A, PIEZO2, NEFH, etc. but instead expressing elevated levels of markers of non-neuronal cells including PRP1, MBP, QKI, LPAR1, and APOE were tagged as non-neuronal and were removed."
DOI_10.7554_eLife.71752,DRG neurons,,human,true,NEFH,explicit,"Materials and methods - Single nuclear capture, sequencing, and data analysis","Clusters not expressing high levels of neuronal or somatosensory genes like SNAP25, SCN9A, SCN10A, PIEZO2, NEFH, etc. but instead expressing elevated levels of markers of non-neuronal cells including PRP1, MBP, QKI, LPAR1, and APOE were tagged as non-neuronal and were removed."
DOI_10.7554_eLife.71752,non-neuronal cells,,human,false,PRP1,explicit,"Materials and methods - Single nuclear capture, sequencing, and data analysis","Clusters not expressing high levels of neuronal or somatosensory genes like SNAP25, SCN9A, SCN10A, PIEZO2, NEFH, etc. but instead expressing elevated levels of markers of non-neuronal cells including PRP1, MBP, QKI, LPAR1, and APOE were tagged as non-neuronal and were removed."
DOI_10.7554_eLife.71752,non-neuronal cells,,human,false,MBP,explicit,"Materials and methods - Single nuclear capture, sequencing, and data analysis","Clusters not expressing high levels of neuronal or somatosensory genes like SNAP25, SCN9A, SCN10A, PIEZO2, NEFH, etc. but instead expressing elevated levels of markers of non-neuronal cells including PRP1, MBP, QKI, LPAR1, and APOE were tagged as non-neuronal and were removed."
DOI_10.7554_eLife.71752,non-neuronal cells,,human,false,QKI,explicit,"Materials and methods - Single nuclear capture, sequencing, and data analysis","Clusters not expressing high levels of neuronal or somatosensory genes like SNAP25, SCN9A, SCN10A, PIEZO2, NEFH, etc. but instead expressing elevated levels of markers of non-neuronal cells including PRP1, MBP, QKI, LPAR1, and APOE were tagged as non-neuronal and were removed."
DOI_10.7554_eLife.71752,non-neuronal cells,,human,false,LPAR1,explicit,"Materials and methods - Single nuclear capture, sequencing, and data analysis","Clusters not expressing high levels of neuronal or somatosensory genes like SNAP25, SCN9A, SCN10A, PIEZO2, NEFH, etc. but instead expressing elevated levels of markers of non-neuronal cells including PRP1, MBP, QKI, LPAR1, and APOE were tagged as non-neuronal and were removed."
DOI_10.7554_eLife.71752,non-neuronal cells,,human,false,APOE,explicit,"Materials and methods - Single nuclear capture, sequencing, and data analysis","Clusters not expressing high levels of neuronal or somatosensory genes like SNAP25, SCN9A, SCN10A, PIEZO2, NEFH, etc. but instead expressing elevated levels of markers of non-neuronal cells including PRP1, MBP, QKI, LPAR1, and APOE were tagged as non-neuronal and were removed."
Early_human_lung_immune_cell_development_and_its_role_in_epi,immune cells,,human,false,CD45,explicit,Fig 1C,IHC showed that CD45+ immune cells were present in human fetal lungs throughout early development
Early_human_lung_immune_cell_development_and_its_role_in_epi,HSCs,,human,false,SMIM24,explicit,"Results p.9; Fig 5G,H, S8A,B","This included rare SMIM24+SPINK2+ cells, likely HSCs"
Early_human_lung_immune_cell_development_and_its_role_in_epi,HSCs,,human,false,SPINK2,explicit,"Results p.9; Fig 5G,H, S8A,B","This included rare SMIM24+SPINK2+ cells, likely HSCs"
Early_human_lung_immune_cell_development_and_its_role_in_epi,LMPP/ELP,,human,false,CD34,explicit,"Fig 3A-C, Data File S3",LMPP/ELP (CD34+EBF1-)
Early_human_lung_immune_cell_development_and_its_role_in_epi,pre-pro-B cells,,human,false,EBF1,explicit,"Fig 3A-C, Data File S3",pre-pro-B (EBF1+SPINK2+VPREB1+)
Early_human_lung_immune_cell_development_and_its_role_in_epi,pre-pro-B cells,,human,false,SPINK2,explicit,"Fig 3A-C, Data File S3",pre-pro-B (EBF1+SPINK2+VPREB1+)
Early_human_lung_immune_cell_development_and_its_role_in_epi,pre-pro-B cells,,human,false,VPREB1,explicit,"Fig 3A-C, Data File S3",pre-pro-B (EBF1+SPINK2+VPREB1+)
Early_human_lung_immune_cell_development_and_its_role_in_epi,pro-B cells,,human,false,DNTT,explicit,"Fig 3A-C, Data File S3",pro-B (DNTT+)
Early_human_lung_immune_cell_development_and_its_role_in_epi,large pre-B cells,,human,false,IL7R,explicit,"Fig 3A-C, Data File S3",large pre-B (IL7R+MS4A1+MKI67+)
Early_human_lung_immune_cell_development_and_its_role_in_epi,large pre-B cells,,human,false,MS4A1,explicit,"Fig 3A-C, Data File S3",large pre-B (IL7R+MS4A1+MKI67+)
Early_human_lung_immune_cell_development_and_its_role_in_epi,large pre-B cells,,human,false,MKI67,explicit,"Fig 3A-C, Data File S3",large pre-B (IL7R+MS4A1+MKI67+)
Early_human_lung_immune_cell_development_and_its_role_in_epi,small pre-B cells,,human,false,IL7R,explicit,"Fig 3A-C, Data File S3",small pre-B (IL7R+SPIB+MKI67-)
Early_human_lung_immune_cell_development_and_its_role_in_epi,small pre-B cells,,human,false,SPIB,explicit,"Fig 3A-C, Data File S3",small pre-B (IL7R+SPIB+MKI67-)
Early_human_lung_immune_cell_development_and_its_role_in_epi,immature B cells,,human,false,MS4A1,explicit,"Fig 3A-C, Data File S3",immature B (MS4A1+IGHDloIGHMhiVPREB3hi)
Early_human_lung_immune_cell_development_and_its_role_in_epi,immature B cells,,human,false,IGHM,explicit,"Fig 3A-C, Data File S3",immature B (MS4A1+IGHDloIGHMhiVPREB3hi)
Early_human_lung_immune_cell_development_and_its_role_in_epi,immature B cells,,human,false,VPREB3,explicit,"Fig 3A-C, Data File S3",immature B (MS4A1+IGHDloIGHMhiVPREB3hi)
Early_human_lung_immune_cell_development_and_its_role_in_epi,mature B cells,,human,false,MS4A1,explicit,"Fig 3A-C, Data File S3",mature B (MS4A1+IGHDhiIGHMhiVPREB3lo)
Early_human_lung_immune_cell_development_and_its_role_in_epi,mature B cells,,human,false,IGHD,explicit,"Fig 3A-C, Data File S3",mature B (MS4A1+IGHDhiIGHMhiVPREB3lo)
Early_human_lung_immune_cell_development_and_its_role_in_epi,mature B cells,,human,false,IGHM,explicit,"Fig 3A-C, Data File S3",mature B (MS4A1+IGHDhiIGHMhiVPREB3lo)
Early_human_lung_immune_cell_development_and_its_role_in_epi,late pro-B cells,,human,false,NEIL1,explicit,Fig 3A-C,NEIL1+MKI67- late pro-B cells
Early_human_lung_immune_cell_development_and_its_role_in_epi,pro-B/pre-B transition cells,,human,false,RAG1,explicit,Fig 3A-C,RAG1+MS4A1+ pro-B/pre-B transition cells
Early_human_lung_immune_cell_development_and_its_role_in_epi,pro-B/pre-B transition cells,,human,false,MS4A1,explicit,Fig 3A-C,RAG1+MS4A1+ pro-B/pre-B transition cells
Early_human_lung_immune_cell_development_and_its_role_in_epi,small pre-B cells,IGKC+,human,false,IGKC,explicit,Fig 3A-C,"small pre-B cell clusters, expressing either immunoglobulin kappa (IGKC+) or lambda (IGLC2+IGLC3+) light chain genes"
Early_human_lung_immune_cell_development_and_its_role_in_epi,small pre-B cells,IGLC2+IGLC3+,human,false,IGLC2,explicit,Fig 3A-C,"small pre-B cell clusters, expressing either immunoglobulin kappa (IGKC+) or lambda (IGLC2+IGLC3+) light chain genes"
Early_human_lung_immune_cell_development_and_its_role_in_epi,small pre-B cells,IGLC2+IGLC3+,human,false,IGLC3,explicit,Fig 3A-C,"small pre-B cell clusters, expressing either immunoglobulin kappa (IGKC+) or lambda (IGLC2+IGLC3+) light chain genes"
Early_human_lung_immune_cell_development_and_its_role_in_epi,late pre-B cells,,human,false,MS4A1,explicit,Fig 3A-C,"MS4A1+ late pre-B cells that expressed the marker for surrogate light chain, IGLL1"
Early_human_lung_immune_cell_development_and_its_role_in_epi,late pre-B cells,,human,false,IGLL1,explicit,Fig 3A-C,"MS4A1+ late pre-B cells that expressed the marker for surrogate light chain, IGLL1"
Early_human_lung_immune_cell_development_and_its_role_in_epi,mature B cells,CD5+,human,false,CD5,explicit,Fig 3A-C,CD5- versus CD5+ mature B cells
Early_human_lung_immune_cell_development_and_its_role_in_epi,putative B-1-like cells,,human,false,CD5,explicit,Fig 3C,"The final stage of mature CD5+ cells was marked by CD5, CD27, SPN (CD43), CCR10 and CCL22"
Early_human_lung_immune_cell_development_and_its_role_in_epi,putative B-1-like cells,,human,false,CD27,explicit,Fig 3C,"The final stage of mature CD5+ cells was marked by CD5, CD27, SPN (CD43), CCR10 and CCL22"
Early_human_lung_immune_cell_development_and_its_role_in_epi,putative B-1-like cells,,human,false,SPN,explicit,Fig 3C,"The final stage of mature CD5+ cells was marked by CD5, CD27, SPN (CD43), CCR10 and CCL22"
Early_human_lung_immune_cell_development_and_its_role_in_epi,putative B-1-like cells,,human,false,CCR10,explicit,Fig 3C,"The final stage of mature CD5+ cells was marked by CD5, CD27, SPN (CD43), CCR10 and CCL22"
Early_human_lung_immune_cell_development_and_its_role_in_epi,putative B-1-like cells,,human,false,CCL22,explicit,Fig 3C,"The final stage of mature CD5+ cells was marked by CD5, CD27, SPN (CD43), CCR10 and CCL22"
Early_human_lung_immune_cell_development_and_its_role_in_epi,T cells,,human,false,CD3,explicit,"Fig 2E,F; S1C",a significant increase in abundance of total T cells (CD3+)
Early_human_lung_immune_cell_development_and_its_role_in_epi,CD4+ T cells,,human,false,CD4,explicit,"Fig 2E,F; S1C","increase in abundance of total T cells (CD3+), CD4+, CD8+ and regulatory T cells with age"
Early_human_lung_immune_cell_development_and_its_role_in_epi,CD8+ T cells,,human,false,CD8,explicit,"Fig 2E,F; S1C","increase in abundance of total T cells (CD3+), CD4+, CD8+ and regulatory T cells with age"
Early_human_lung_immune_cell_development_and_its_role_in_epi,T progenitors,,human,false,PTCRA,explicit,Fig S6D,a very small cluster of T progenitors (PTCRA+RAG1+RAG2+)
Early_human_lung_immune_cell_development_and_its_role_in_epi,T progenitors,,human,false,RAG1,explicit,Fig S6D,a very small cluster of T progenitors (PTCRA+RAG1+RAG2+)
Early_human_lung_immune_cell_development_and_its_role_in_epi,T progenitors,,human,false,RAG2,explicit,Fig S6D,a very small cluster of T progenitors (PTCRA+RAG1+RAG2+)
Early_human_lung_immune_cell_development_and_its_role_in_epi,ILCPs,,human,false,HPN,explicit,Fig S6E,A cluster of ILCPs was identified by expression of marker genes (HPN and SCN1B)
Early_human_lung_immune_cell_development_and_its_role_in_epi,ILCPs,,human,false,SCN1B,explicit,Fig S6E,A cluster of ILCPs was identified by expression of marker genes (HPN and SCN1B)
Early_human_lung_immune_cell_development_and_its_role_in_epi,monocytes,S100A12hi CD14+,human,false,S100A12,explicit,"Fig 5C,D","pro-monocyte and monocyte populations (S100A12hi CD14+, S100A12loCD14+ and CD16+)"
Early_human_lung_immune_cell_development_and_its_role_in_epi,monocytes,S100A12hi CD14+,human,false,CD14,explicit,"Fig 5C,D","pro-monocyte and monocyte populations (S100A12hi CD14+, S100A12loCD14+ and CD16+)"
Early_human_lung_immune_cell_development_and_its_role_in_epi,monocytes,S100A12lo CD14+,human,false,S100A12,explicit,"Fig 5C,D","pro-monocyte and monocyte populations (S100A12hi CD14+, S100A12loCD14+ and CD16+)"
Early_human_lung_immune_cell_development_and_its_role_in_epi,monocytes,S100A12lo CD14+,human,false,CD14,explicit,"Fig 5C,D","pro-monocyte and monocyte populations (S100A12hi CD14+, S100A12loCD14+ and CD16+)"
Early_human_lung_immune_cell_development_and_its_role_in_epi,monocytes,CD16+,human,false,CD16,explicit,"Fig 5C,D","pro-monocyte and monocyte populations (S100A12hi CD14+, S100A12loCD14+ and CD16+)"
Early_human_lung_immune_cell_development_and_its_role_in_epi,macrophages,CXCL2+,human,false,CXCL2,explicit,"Fig 5C,D","maturing macrophage (MΦ) cell types (CXCL2+ macrophages, APOE+ macrophages, macrophages)"
Early_human_lung_immune_cell_development_and_its_role_in_epi,macrophages,APOE+,human,false,APOE,explicit,"Fig 5C,D","maturing macrophage (MΦ) cell types (CXCL2+ macrophages, APOE+ macrophages, macrophages)"
Early_human_lung_immune_cell_development_and_its_role_in_epi,macrophages,interstitial macrophages,human,false,CD14,explicit,"Fig S8C,D",fetal MΦ populations expressed markers (CD14+ CD36+ MRC1+) characteristic of postnatal and adult interstitial macrophages
Early_human_lung_immune_cell_development_and_its_role_in_epi,macrophages,interstitial macrophages,human,false,CD36,explicit,"Fig S8C,D",fetal MΦ populations expressed markers (CD14+ CD36+ MRC1+) characteristic of postnatal and adult interstitial macrophages
Early_human_lung_immune_cell_development_and_its_role_in_epi,macrophages,interstitial macrophages,human,false,MRC1,explicit,"Fig S8C,D",fetal MΦ populations expressed markers (CD14+ CD36+ MRC1+) characteristic of postnatal and adult interstitial macrophages
Early_human_lung_immune_cell_development_and_its_role_in_epi,myeloid cells,,human,false,CD68,explicit,"Fig 5I,J","Most myeloid cells, defined by their expression of CD68, were tissue-resident"
Early_human_lung_immune_cell_development_and_its_role_in_epi,DC2 cells,,human,false,CD1C,explicit,"Fig 7D,E",utilizing CD1C as a marker for DC2 cells
Early_human_lung_immune_cell_development_and_its_role_in_epi,epithelial tip progenitors,,human,false,SOX9,explicit,"Results p.10; Fig 6A,D",Distal epithelial tip cells co-express SOX9 and SOX2 throughout the pseudoglandular stage; we utilized SOX2 and SOX9 as markers
Early_human_lung_immune_cell_development_and_its_role_in_epi,epithelial tip progenitors,,human,false,SOX2,explicit,"Results p.10; Fig 6A,D",Distal epithelial tip cells co-express SOX9 and SOX2 throughout the pseudoglandular stage; we utilized SOX2 and SOX9 as markers
Early_human_lung_immune_cell_development_and_its_role_in_epi,airway progenitors,,human,false,SOX2,explicit,Results p.10,"SOX2 increases and cells move proximally, to become SOX9-/SOX2+ airway progenitors"
Early_human_lung_immune_cell_development_and_its_role_in_epi,basal cells,,human,false,TP63,explicit,Fig 6G,TP63 and KRT5 (both markers of basal cells)
Early_human_lung_immune_cell_development_and_its_role_in_epi,basal cells,,human,false,KRT5,explicit,Fig 6G,TP63 and KRT5 (both markers of basal cells)
Early_human_lung_immune_cell_development_and_its_role_in_epi,secretory cells,,human,false,SCGB3A1,explicit,Fig 6G,"secretory cell markers such as SCGB3A1, SCGB3A2, MUC5AC"
Early_human_lung_immune_cell_development_and_its_role_in_epi,secretory cells,,human,false,SCGB3A2,explicit,Fig 6G,"secretory cell markers such as SCGB3A1, SCGB3A2, MUC5AC"
Early_human_lung_immune_cell_development_and_its_role_in_epi,secretory cells,,human,false,MUC5AC,explicit,Fig 6G,"secretory cell markers such as SCGB3A1, SCGB3A2, MUC5AC"
Early_human_lung_immune_cell_development_and_its_role_in_epi,ciliated cells,,human,false,FOXJ1,explicit,Fig 6G,the ciliated cell marker FOXJ1
Early_human_lung_immune_cell_development_and_its_role_in_epi,IL-7+ mesenchymal progenitor cells,,mouse,false,IL7,imported,Discussion p.13,Extensive analysis in mouse bone marrow highlighted the role of perivascular IL-7+ mesenchymal progenitor cells and endothelial cells in supporting B cell development (51).
Early_human_lung_immune_cell_development_and_its_role_in_epi,SOX9+ tip progenitors,,human,false,SOX9,explicit,Discussion p.14,"spatially detected IL-1β-expressing immune cells in close proximity to the SOX9+ tip progenitors in these developmental stages (Fig 7A,D,E,F)."
Early_human_lung_immune_cell_development_and_its_role_in_epi,TP63+ basal-fated airway cells,,human,false,TP63,explicit,Discussion p.14,"Our findings demonstrate that myeloid cells residing within the tip-stalk-airway differentiation niche are capable of secreting IL-1β, indicating their potential involvement in the emergence of TP63+ basal-fated airway cells (Fig 7G)."
Early_human_lung_immune_cell_development_and_its_role_in_epi,MUC5AC+ early progenitors,,human,false,MUC5AC,explicit,Discussion p.14,IL-13 exhibits a similar effect on tip progenitor cells as IL-1β but promotes a distinct differentiation trajectory that notably diminishes the population of MUC5AC+ early progenitors.
Early_human_lung_immune_cell_development_and_its_role_in_epi,p63+ multipotent airway progenitor population,,mouse,false,p63,imported,Discussion p.14,"In mouse lung development, a p63+ multipotent airway progenitor population emerges at E9.0 (embryonic stage), followed by p63hi cells acquiring cytokeratin KRT5 to become mature tracheal basal cells at E14.5-15.5 (pseudoglandular stage) (65)."
Early_human_lung_immune_cell_development_and_its_role_in_epi,mature tracheal basal cells,,mouse,false,p63,imported,Discussion p.14,followed by p63hi cells acquiring cytokeratin KRT5 to become mature tracheal basal cells at E14.5-15.5 (65).
Early_human_lung_immune_cell_development_and_its_role_in_epi,mature tracheal basal cells,,mouse,false,KRT5,imported,Discussion p.14,followed by p63hi cells acquiring cytokeratin KRT5 to become mature tracheal basal cells at E14.5-15.5 (65).
Early_human_lung_immune_cell_development_and_its_role_in_epi,IL1B-high monocytes,,human,false,IL1B,imported,Discussion p.13,"A recent human fetal study demonstrated that proinflammatory IL1B-high monocytes are enriched in peripheral developing organs, consistent with a possible role in tissue morphogenesis, before they acquire immune-effector functions between 10-12 pcw (10)."
ENEURO.0066-20.2020,Schwann lineage cells,,mouse,true,Ngfr,explicit,Methods p.7-8,Schwann lineage cells: Ngfr/p75NTR and Sox10
ENEURO.0066-20.2020,Schwann lineage cells,,mouse,true,Sox10,explicit,Methods p.7-8; Fig.1D,Schwann lineage cells: Ngfr/p75NTR and Sox10; also shown as Schwann cell marker in Fig.1D t-SNE overlay
ENEURO.0066-20.2020,non-myelinating Schwann cells,,mouse,true,Ngfr,explicit,Methods p.7-8,"non-myelinating Schwann cells: Ngfr/p75NTR, Cdh2, L1cam, Ednrb, Emp1, and Sema3e"
ENEURO.0066-20.2020,non-myelinating Schwann cells,,mouse,true,Cdh2,explicit,Methods p.7-8; Fig.2D,non-myelinating Schwann cells: ... Cdh2 ...; also shown as Schwann cell gene in Fig.2D
ENEURO.0066-20.2020,non-myelinating Schwann cells,,mouse,true,L1cam,explicit,Methods p.7-8,"non-myelinating Schwann cells: Ngfr/p75NTR, Cdh2, L1cam, Ednrb, Emp1, and Sema3e"
ENEURO.0066-20.2020,non-myelinating Schwann cells,,mouse,true,Ednrb,explicit,Methods p.7-8,"non-myelinating Schwann cells: Ngfr/p75NTR, Cdh2, L1cam, Ednrb, Emp1, and Sema3e"
ENEURO.0066-20.2020,non-myelinating Schwann cells,,mouse,true,Emp1,explicit,Methods p.7-8,"non-myelinating Schwann cells: Ngfr/p75NTR, Cdh2, L1cam, Ednrb, Emp1, and Sema3e"
ENEURO.0066-20.2020,non-myelinating Schwann cells,,mouse,true,Sema3e,explicit,Methods p.7-8,"non-myelinating Schwann cells: Ngfr/p75NTR, Cdh2, L1cam, Ednrb, Emp1, and Sema3e"
ENEURO.0066-20.2020,premyelinating Schwann cells,,mouse,true,Pou3f1,explicit,Methods p.7-8,premyelinating Schwann cells: Pou3f1 and Egr2
ENEURO.0066-20.2020,premyelinating Schwann cells,,mouse,true,Egr2,explicit,Methods p.7-8,premyelinating Schwann cells: Pou3f1 and Egr2
ENEURO.0066-20.2020,myelinating Schwann cells,,mouse,true,Mag,explicit,Methods p.7-8,"myelinating Schwann cells: Mag, Mbp, Pmp22, Mpz, and Plp1"
ENEURO.0066-20.2020,myelinating Schwann cells,,mouse,true,Mbp,explicit,Methods p.7-8,"myelinating Schwann cells: Mag, Mbp, Pmp22, Mpz, and Plp1"
ENEURO.0066-20.2020,myelinating Schwann cells,,mouse,true,Pmp22,explicit,Methods p.7-8,"myelinating Schwann cells: Mag, Mbp, Pmp22, Mpz, and Plp1"
ENEURO.0066-20.2020,myelinating Schwann cells,,mouse,true,Mpz,explicit,Methods p.7-8,"myelinating Schwann cells: Mag, Mbp, Pmp22, Mpz, and Plp1"
ENEURO.0066-20.2020,myelinating Schwann cells,,mouse,true,Plp1,explicit,Methods p.7-8; Fig.2D,"myelinating Schwann cells: Mag, Mbp, Pmp22, Mpz, and Plp1; also shown as Schwann cell gene in Fig.2D"
ENEURO.0066-20.2020,endothelial cells,,mouse,false,Pecam1,explicit,Methods p.7-8,"endothelial cells: Pecam1/Cd31, Plvap, and Esam"
ENEURO.0066-20.2020,endothelial cells,,mouse,false,Plvap,explicit,Methods p.7-8,"endothelial cells: Pecam1/Cd31, Plvap, and Esam"
ENEURO.0066-20.2020,endothelial cells,,mouse,false,Esam,explicit,Methods p.7-8,"endothelial cells: Pecam1/Cd31, Plvap, and Esam"
ENEURO.0066-20.2020,endothelial cells,,mouse,false,Cd31,explicit,Results (3 DPI scRNA-seq),identified Pecam1/Cd31-positive endothelial cells
ENEURO.0066-20.2020,macrophages/monocytes,,mouse,false,Aif1,explicit,Methods p.7-8; Fig.1D,macrophages/monocytes: Aif1/Iba1; also shown as macrophage marker in Fig.1D
ENEURO.0066-20.2020,lymphoid immune cells,,mouse,false,Ptprcap,explicit,Methods p.7-8,"lymphoid immune cells including B cells, T cells, and NK cells: Ptprcap, Trbc2, and Cd52"
ENEURO.0066-20.2020,lymphoid immune cells,,mouse,false,Trbc2,explicit,Methods p.7-8,"lymphoid immune cells including B cells, T cells, and NK cells: Ptprcap, Trbc2, and Cd52"
ENEURO.0066-20.2020,lymphoid immune cells,,mouse,false,Cd52,explicit,Methods p.7-8,"lymphoid immune cells including B cells, T cells, and NK cells: Ptprcap, Trbc2, and Cd52"
ENEURO.0066-20.2020,B cells,,mouse,false,Cd19,explicit,Methods p.7-8,B cells: Cd19
ENEURO.0066-20.2020,VSM/pericytes,,mouse,false,Desmin,explicit,Methods p.7-8,"vasculature-associated smooth muscle (VSM) and pericyte cells: Desmin, Mylk, Acta2, and Rgs5"
ENEURO.0066-20.2020,VSM/pericytes,,mouse,false,Mylk,explicit,Methods p.7-8,"vasculature-associated smooth muscle (VSM) and pericyte cells: Desmin, Mylk, Acta2, and Rgs5"
ENEURO.0066-20.2020,VSM/pericytes,,mouse,false,Acta2,explicit,Methods p.7-8,"vasculature-associated smooth muscle (VSM) and pericyte cells: Desmin, Mylk, Acta2, and Rgs5"
ENEURO.0066-20.2020,VSM/pericytes,,mouse,false,Rgs5,explicit,Methods p.7-8,"vasculature-associated smooth muscle (VSM) and pericyte cells: Desmin, Mylk, Acta2, and Rgs5"
ENEURO.0066-20.2020,mesenchymal cells,,mouse,false,Pdgfra,explicit,Methods p.7-8; Fig.1D,mesenchymal cells: Pdgfra; also shown as mesenchymal cell marker in Fig.1D
ENEURO.0066-20.2020,epineurial mesenchymal cells,,mouse,false,Pcolce2,explicit,Methods p.7-8,"epineurial mesenchymal cells: Pcolce2, Dpp4, Dpt, Ly6c1, and Comp"
ENEURO.0066-20.2020,epineurial mesenchymal cells,,mouse,false,Dpp4,explicit,Methods p.7-8,"epineurial mesenchymal cells: Pcolce2, Dpp4, Dpt, Ly6c1, and Comp"
ENEURO.0066-20.2020,epineurial mesenchymal cells,,mouse,false,Dpt,explicit,Methods p.7-8,"epineurial mesenchymal cells: Pcolce2, Dpp4, Dpt, Ly6c1, and Comp"
ENEURO.0066-20.2020,epineurial mesenchymal cells,,mouse,false,Ly6c1,explicit,Methods p.7-8,"epineurial mesenchymal cells: Pcolce2, Dpp4, Dpt, Ly6c1, and Comp"
ENEURO.0066-20.2020,epineurial mesenchymal cells,,mouse,false,Comp,explicit,Methods p.7-8,"epineurial mesenchymal cells: Pcolce2, Dpp4, Dpt, Ly6c1, and Comp"
ENEURO.0066-20.2020,endoneurial mesenchymal cells,,mouse,false,Etv1,explicit,Methods p.7-8,"endoneurial mesenchymal cells: Etv1, Wif1, Sox9, Osr2, and Meox1"
ENEURO.0066-20.2020,endoneurial mesenchymal cells,,mouse,false,Wif1,explicit,Methods p.7-8,"endoneurial mesenchymal cells: Etv1, Wif1, Sox9, Osr2, and Meox1"
ENEURO.0066-20.2020,endoneurial mesenchymal cells,,mouse,false,Sox9,explicit,Methods p.7-8; Fig.2F,"endoneurial mesenchymal cells: Etv1, Wif1, Sox9, Osr2, and Meox1; also shown as mesenchymal cell gene in Fig.2F"
ENEURO.0066-20.2020,endoneurial mesenchymal cells,,mouse,false,Osr2,explicit,Methods p.7-8,"endoneurial mesenchymal cells: Etv1, Wif1, Sox9, Osr2, and Meox1"
ENEURO.0066-20.2020,endoneurial mesenchymal cells,,mouse,false,Meox1,explicit,Methods p.7-8,"endoneurial mesenchymal cells: Etv1, Wif1, Sox9, Osr2, and Meox1"
ENEURO.0066-20.2020,endoneurial mesenchymal cells,,mouse,false,Pdgfra,explicit,Results p.61,using antibody-based flow sorting for cell-surface PDGFRa
ENEURO.0066-20.2020,perineurial mesenchymal cells,,mouse,false,Slc2a1,explicit,Methods p.7-8,"perineurial mesenchymal cells: Slc2a1, Casq2, and Msln"
ENEURO.0066-20.2020,perineurial mesenchymal cells,,mouse,false,Casq2,explicit,Methods p.7-8,"perineurial mesenchymal cells: Slc2a1, Casq2, and Msln"
ENEURO.0066-20.2020,perineurial mesenchymal cells,,mouse,false,Msln,explicit,Methods p.7-8,"perineurial mesenchymal cells: Slc2a1, Casq2, and Msln"
ENEURO.0066-20.2020,differentiating nerve bridge mesenchymal cells,,mouse,false,Dlk1,explicit,Methods p.7-8,differentiating nerve bridge mesenchymal cells: Dlk1 and Mest
ENEURO.0066-20.2020,differentiating nerve bridge mesenchymal cells,,mouse,false,Mest,explicit,Methods p.7-8,differentiating nerve bridge mesenchymal cells: Dlk1 and Mest
ENEURO.0066-20.2020,proliferating cells,,mouse,false,Mki67,explicit,Methods p.7-8,proliferating cells: Mki67 and Top2a
ENEURO.0066-20.2020,proliferating cells,,mouse,false,Top2a,explicit,Methods p.7-8,proliferating cells: Mki67 and Top2a
ENEURO.0066-20.2020,Schwann cells,,rat,true,Sox10,explicit,Results (3 DPI scRNA-seq),Sox10-positive Schwann cells
ENEURO.0066-20.2020,Schwann cells,,rat,true,S100b,explicit,Results p.61,the remaining cells being S100b-positive Schwann cells
ENEURO.0066-20.2020,macrophages,,rat,false,Aif1,explicit,Results (3 DPI scRNA-seq),Aif1/Iba1-positive macrophages
ENEURO.0066-20.2020,macrophages,,rat,false,Iba1,explicit,Results (3 DPI scRNA-seq),Aif1/Iba1-positive macrophages
ENEURO.0066-20.2020,immune cells,,rat,false,Trbc2,explicit,Results (3 DPI scRNA-seq),Trbc2-positive immune cells
ENEURO.0066-20.2020,VSM and pericyte cells,,rat,false,Rgs5,explicit,Results (3 DPI scRNA-seq),Rgs5-positive VSM and pericyte cells
ENEURO.0066-20.2020,Pdgfra-positive mesenchymal cells,epineurial,rat,false,Dpp4,explicit,Results (3 DPI scRNA-seq),"Dpp4-positive epineurial cells (clusters 1, 4, and 6)"
ENEURO.0066-20.2020,Pdgfra-positive mesenchymal cells,endoneurial,rat,false,Wif1,explicit,Results (3 DPI scRNA-seq),Wif1-positive endoneurial cells (cluster3)
ENEURO.0066-20.2020,perineurial cells,,rat,false,Msln,explicit,Results (3 DPI scRNA-seq),Msln-positive perineurial cells (cluster 10)
ENEURO.0066-20.2020,nerve bridge cells,,rat,false,Dlk1,explicit,Results (3 DPI scRNA-seq),differentiating nerve bridge cells enriched for Dlk1 (cluster1)
ENEURO.0066-20.2020,Schwann cells,non-myelinating,rat,true,Ngfr,explicit,Results (uninjured nerve scRNA-seq),"non-myelinating cells expressing Ngfr/p75NTR, Cdh2, and L1cam"
ENEURO.0066-20.2020,Schwann cells,non-myelinating,rat,true,Cdh2,explicit,Results (uninjured nerve scRNA-seq),"non-myelinating cells expressing Ngfr/p75NTR, Cdh2, and L1cam"
ENEURO.0066-20.2020,Schwann cells,non-myelinating,rat,true,L1cam,explicit,Results (uninjured nerve scRNA-seq),"non-myelinating cells expressing Ngfr/p75NTR, Cdh2, and L1cam"
ENEURO.0066-20.2020,Schwann cells,myelinating,rat,true,Mbp,explicit,Results (uninjured nerve and neonatal nerve scRNA-seq),"myelinating Schwann cells expressing high levels of Mbp, Pmp22, and Plp (adult); myelinating Schwann cells expressing high levels of Mag, Mbp, Mpz, and Pmp22 (neonatal)"
ENEURO.0066-20.2020,Schwann cells,myelinating,rat,true,Pmp22,explicit,Results (uninjured nerve and neonatal nerve scRNA-seq),"myelinating Schwann cells expressing high levels of Mbp, Pmp22, and Plp (adult); myelinating Schwann cells expressing high levels of Mag, Mbp, Mpz, and Pmp22 (neonatal)"
ENEURO.0066-20.2020,Schwann cells,myelinating,rat,true,Plp,explicit,Results (uninjured nerve scRNA-seq),"myelinating Schwann cells expressing high levels of Mbp, Pmp22, and Plp"
ENEURO.0066-20.2020,Schwann cells,myelinating,rat,true,Mag,explicit,Results (neonatal nerve scRNA-seq),"myelinating Schwann cells expressing high levels of Mag, Mbp, Mpz, and Pmp22"
ENEURO.0066-20.2020,Schwann cells,myelinating,rat,true,Mpz,explicit,Results (neonatal nerve scRNA-seq),"myelinating Schwann cells expressing high levels of Mag, Mbp, Mpz, and Pmp22"
FRONT-CELL-NEUROSCI.15.624826.2021,endothelial cells,,mouse,false,Egﬂ7,explicit,Marker Genes for the Identification of Cell Clusters,"Egﬂ7, Ecscr, Pecam1/Cd31, Tie1, Emcn, Cdh5, and Esam for endothelial cells."
FRONT-CELL-NEUROSCI.15.624826.2021,endothelial cells,,mouse,false,Ecscr,explicit,Marker Genes for the Identification of Cell Clusters,"Egﬂ7, Ecscr, Pecam1/Cd31, Tie1, Emcn, Cdh5, and Esam for endothelial cells."
FRONT-CELL-NEUROSCI.15.624826.2021,endothelial cells,,mouse,false,Pecam1,explicit,Marker Genes for the Identification of Cell Clusters,"Egﬂ7, Ecscr, Pecam1/Cd31, Tie1, Emcn, Cdh5, and Esam for endothelial cells."
FRONT-CELL-NEUROSCI.15.624826.2021,endothelial cells,,mouse,false,Cd31,explicit,Marker Genes for the Identification of Cell Clusters,"Egﬂ7, Ecscr, Pecam1/Cd31, Tie1, Emcn, Cdh5, and Esam for endothelial cells."
FRONT-CELL-NEUROSCI.15.624826.2021,endothelial cells,,mouse,false,Tie1,explicit,Marker Genes for the Identification of Cell Clusters,"Egﬂ7, Ecscr, Pecam1/Cd31, Tie1, Emcn, Cdh5, and Esam for endothelial cells."
FRONT-CELL-NEUROSCI.15.624826.2021,endothelial cells,,mouse,false,Emcn,explicit,Marker Genes for the Identification of Cell Clusters,"Egﬂ7, Ecscr, Pecam1/Cd31, Tie1, Emcn, Cdh5, and Esam for endothelial cells."
FRONT-CELL-NEUROSCI.15.624826.2021,endothelial cells,,mouse,false,Cdh5,explicit,Marker Genes for the Identification of Cell Clusters,"Egﬂ7, Ecscr, Pecam1/Cd31, Tie1, Emcn, Cdh5, and Esam for endothelial cells."
FRONT-CELL-NEUROSCI.15.624826.2021,endothelial cells,,mouse,false,Esam,explicit,Marker Genes for the Identification of Cell Clusters,"Egﬂ7, Ecscr, Pecam1/Cd31, Tie1, Emcn, Cdh5, and Esam for endothelial cells."
FRONT-CELL-NEUROSCI.15.624826.2021,endothelial cells,epineurial endothelial cells,mouse,false,Sox17,explicit,Marker Genes for the Identification of Cell Clusters,"Sox17, Spock2, and Rgcc for epineurial endothelial cells,"
FRONT-CELL-NEUROSCI.15.624826.2021,endothelial cells,epineurial endothelial cells,mouse,false,Spock2,explicit,Marker Genes for the Identification of Cell Clusters,"Sox17, Spock2, and Rgcc for epineurial endothelial cells,"
FRONT-CELL-NEUROSCI.15.624826.2021,endothelial cells,epineurial endothelial cells,mouse,false,Rgcc,explicit,Marker Genes for the Identification of Cell Clusters,"Sox17, Spock2, and Rgcc for epineurial endothelial cells,"
FRONT-CELL-NEUROSCI.15.624826.2021,endothelial cells,endoneurial endothelial cells,mouse,false,Lrg1,explicit,Marker Genes for the Identification of Cell Clusters,Lrg1 and Icam1 for endoneurial endothelial cells.
FRONT-CELL-NEUROSCI.15.624826.2021,endothelial cells,endoneurial endothelial cells,mouse,false,Icam1,explicit,Marker Genes for the Identification of Cell Clusters,Lrg1 and Icam1 for endoneurial endothelial cells.
FRONT-CELL-NEUROSCI.15.624826.2021,endothelial cells,lymphatic endothelial cells,mouse,false,Lyve1,explicit,Marker Genes for the Identification of Cell Clusters,"Lyve1, Mmrn1, Flt4, and Prox1 for lymphatic endothelial cells."
FRONT-CELL-NEUROSCI.15.624826.2021,endothelial cells,lymphatic endothelial cells,mouse,false,Mmrn1,explicit,Marker Genes for the Identification of Cell Clusters,"Lyve1, Mmrn1, Flt4, and Prox1 for lymphatic endothelial cells."
FRONT-CELL-NEUROSCI.15.624826.2021,endothelial cells,lymphatic endothelial cells,mouse,false,Flt4,explicit,Marker Genes for the Identification of Cell Clusters,"Lyve1, Mmrn1, Flt4, and Prox1 for lymphatic endothelial cells."
FRONT-CELL-NEUROSCI.15.624826.2021,endothelial cells,lymphatic endothelial cells,mouse,false,Prox1,explicit,Marker Genes for the Identification of Cell Clusters,"Lyve1, Mmrn1, Flt4, and Prox1 for lymphatic endothelial cells."
FRONT-CELL-NEUROSCI.15.624826.2021,vascular smooth muscle (VSM) cells,,mouse,false,Des,explicit,Marker Genes for the Identification of Cell Clusters,"Des, Tpm2, Myh11, Acta2, Mylk, Myom1, and Myocd for vascular smooth muscle (VSM) cells."
FRONT-CELL-NEUROSCI.15.624826.2021,vascular smooth muscle (VSM) cells,,mouse,false,Tpm2,explicit,Marker Genes for the Identification of Cell Clusters,"Des, Tpm2, Myh11, Acta2, Mylk, Myom1, and Myocd for vascular smooth muscle (VSM) cells."
FRONT-CELL-NEUROSCI.15.624826.2021,vascular smooth muscle (VSM) cells,,mouse,false,Myh11,explicit,Marker Genes for the Identification of Cell Clusters,"Des, Tpm2, Myh11, Acta2, Mylk, Myom1, and Myocd for vascular smooth muscle (VSM) cells."
FRONT-CELL-NEUROSCI.15.624826.2021,vascular smooth muscle (VSM) cells,,mouse,false,Acta2,explicit,Marker Genes for the Identification of Cell Clusters,"Des, Tpm2, Myh11, Acta2, Mylk, Myom1, and Myocd for vascular smooth muscle (VSM) cells."
FRONT-CELL-NEUROSCI.15.624826.2021,vascular smooth muscle (VSM) cells,,mouse,false,Mylk,explicit,Marker Genes for the Identification of Cell Clusters,"Des, Tpm2, Myh11, Acta2, Mylk, Myom1, and Myocd for vascular smooth muscle (VSM) cells."
FRONT-CELL-NEUROSCI.15.624826.2021,vascular smooth muscle (VSM) cells,,mouse,false,Myom1,explicit,Marker Genes for the Identification of Cell Clusters,"Des, Tpm2, Myh11, Acta2, Mylk, Myom1, and Myocd for vascular smooth muscle (VSM) cells."
FRONT-CELL-NEUROSCI.15.624826.2021,vascular smooth muscle (VSM) cells,,mouse,false,Myocd,explicit,Marker Genes for the Identification of Cell Clusters,"Des, Tpm2, Myh11, Acta2, Mylk, Myom1, and Myocd for vascular smooth muscle (VSM) cells."
FRONT-CELL-NEUROSCI.15.624826.2021,pericytes,,mouse,false,Rgs5,explicit,Marker Genes for the Identification of Cell Clusters,"Rgs5, Kcnj8, and Pdgfrb for pericytes."
FRONT-CELL-NEUROSCI.15.624826.2021,pericytes,,mouse,false,Kcnj8,explicit,Marker Genes for the Identification of Cell Clusters,"Rgs5, Kcnj8, and Pdgfrb for pericytes."
FRONT-CELL-NEUROSCI.15.624826.2021,pericytes,,mouse,false,Pdgfrb,explicit,Marker Genes for the Identification of Cell Clusters,"Rgs5, Kcnj8, and Pdgfrb for pericytes."
FRONT-CELL-NEUROSCI.15.624826.2021,Schwann cells,,mouse,true,Sox10,explicit,Marker Genes for the Identification of Cell Clusters,"Sox10, Plp1, and S100b for Schwann cells."
FRONT-CELL-NEUROSCI.15.624826.2021,Schwann cells,,mouse,true,Plp1,explicit,Marker Genes for the Identification of Cell Clusters,"Sox10, Plp1, and S100b for Schwann cells."
FRONT-CELL-NEUROSCI.15.624826.2021,Schwann cells,,mouse,true,S100b,explicit,Marker Genes for the Identification of Cell Clusters,"Sox10, Plp1, and S100b for Schwann cells."
FRONT-CELL-NEUROSCI.15.624826.2021,Schwann cells,non-myelinating Schwann cells,mouse,true,Cdh2,explicit,Marker Genes for the Identification of Cell Clusters,Cdh2 and L1cam for non-myelinating Schwann cells.
FRONT-CELL-NEUROSCI.15.624826.2021,Schwann cells,non-myelinating Schwann cells,mouse,true,L1cam,explicit,Marker Genes for the Identification of Cell Clusters,Cdh2 and L1cam for non-myelinating Schwann cells.
FRONT-CELL-NEUROSCI.15.624826.2021,Schwann cells,myelinating Schwann cells,mouse,true,Mbp,explicit,Marker Genes for the Identification of Cell Clusters,"Mbp, Mpz, Mag, and Egr2 for myelinating Schwann cells."
FRONT-CELL-NEUROSCI.15.624826.2021,Schwann cells,myelinating Schwann cells,mouse,true,Mpz,explicit,Marker Genes for the Identification of Cell Clusters,"Mbp, Mpz, Mag, and Egr2 for myelinating Schwann cells."
FRONT-CELL-NEUROSCI.15.624826.2021,Schwann cells,myelinating Schwann cells,mouse,true,Mag,explicit,Marker Genes for the Identification of Cell Clusters,"Mbp, Mpz, Mag, and Egr2 for myelinating Schwann cells."
FRONT-CELL-NEUROSCI.15.624826.2021,Schwann cells,myelinating Schwann cells,mouse,true,Egr2,explicit,Marker Genes for the Identification of Cell Clusters,"Mbp, Mpz, Mag, and Egr2 for myelinating Schwann cells."
FRONT-CELL-NEUROSCI.15.624826.2021,fibroblasts,,mouse,false,Dcn,explicit,Marker Genes for the Identification of Cell Clusters,"Dcn, Mfap5, Serpinf1, and Gsn for fibroblasts."
FRONT-CELL-NEUROSCI.15.624826.2021,fibroblasts,,mouse,false,Mfap5,explicit,Marker Genes for the Identification of Cell Clusters,"Dcn, Mfap5, Serpinf1, and Gsn for fibroblasts."
FRONT-CELL-NEUROSCI.15.624826.2021,fibroblasts,,mouse,false,Serpinf1,explicit,Marker Genes for the Identification of Cell Clusters,"Dcn, Mfap5, Serpinf1, and Gsn for fibroblasts."
FRONT-CELL-NEUROSCI.15.624826.2021,fibroblasts,,mouse,false,Gsn,explicit,Marker Genes for the Identification of Cell Clusters,"Dcn, Mfap5, Serpinf1, and Gsn for fibroblasts."
FRONT-CELL-NEUROSCI.15.624826.2021,fibroblasts,epineurial fibroblasts,mouse,false,Sfrp2,explicit,Marker Genes for the Identification of Cell Clusters,"Sfrp2, Dpt, Pcolce2, Adamts5, Pi16, Sfrp4, Prrx1, Comp, and Ly6c1 for epineurial fibroblasts."
FRONT-CELL-NEUROSCI.15.624826.2021,fibroblasts,epineurial fibroblasts,mouse,false,Dpt,explicit,Marker Genes for the Identification of Cell Clusters,"Sfrp2, Dpt, Pcolce2, Adamts5, Pi16, Sfrp4, Prrx1, Comp, and Ly6c1 for epineurial fibroblasts."
FRONT-CELL-NEUROSCI.15.624826.2021,fibroblasts,epineurial fibroblasts,mouse,false,Pcolce2,explicit,Marker Genes for the Identification of Cell Clusters,"Sfrp2, Dpt, Pcolce2, Adamts5, Pi16, Sfrp4, Prrx1, Comp, and Ly6c1 for epineurial fibroblasts."
FRONT-CELL-NEUROSCI.15.624826.2021,fibroblasts,epineurial fibroblasts,mouse,false,Adamts5,explicit,Marker Genes for the Identification of Cell Clusters,"Sfrp2, Dpt, Pcolce2, Adamts5, Pi16, Sfrp4, Prrx1, Comp, and Ly6c1 for epineurial fibroblasts."
FRONT-CELL-NEUROSCI.15.624826.2021,fibroblasts,epineurial fibroblasts,mouse,false,Pi16,explicit,Marker Genes for the Identification of Cell Clusters,"Sfrp2, Dpt, Pcolce2, Adamts5, Pi16, Sfrp4, Prrx1, Comp, and Ly6c1 for epineurial fibroblasts."
FRONT-CELL-NEUROSCI.15.624826.2021,fibroblasts,epineurial fibroblasts,mouse,false,Sfrp4,explicit,Marker Genes for the Identification of Cell Clusters,"Sfrp2, Dpt, Pcolce2, Adamts5, Pi16, Sfrp4, Prrx1, Comp, and Ly6c1 for epineurial fibroblasts."
FRONT-CELL-NEUROSCI.15.624826.2021,fibroblasts,epineurial fibroblasts,mouse,false,Prrx1,explicit,Marker Genes for the Identification of Cell Clusters,"Sfrp2, Dpt, Pcolce2, Adamts5, Pi16, Sfrp4, Prrx1, Comp, and Ly6c1 for epineurial fibroblasts."
FRONT-CELL-NEUROSCI.15.624826.2021,fibroblasts,epineurial fibroblasts,mouse,false,Comp,explicit,Marker Genes for the Identification of Cell Clusters,"Sfrp2, Dpt, Pcolce2, Adamts5, Pi16, Sfrp4, Prrx1, Comp, and Ly6c1 for epineurial fibroblasts."
FRONT-CELL-NEUROSCI.15.624826.2021,fibroblasts,epineurial fibroblasts,mouse,false,Ly6c1,explicit,Marker Genes for the Identification of Cell Clusters,"Sfrp2, Dpt, Pcolce2, Adamts5, Pi16, Sfrp4, Prrx1, Comp, and Ly6c1 for epineurial fibroblasts."
FRONT-CELL-NEUROSCI.15.624826.2021,perineurial cells,,mouse,false,Cldn1,explicit,Marker Genes for the Identification of Cell Clusters,"Cldn1/claudin-1, Lypd2, Ntn4, Msln, Ntng1, Slc2a1/Glut1, and Mpzl2 for perineurial cells."
FRONT-CELL-NEUROSCI.15.624826.2021,perineurial cells,,mouse,false,claudin-1,explicit,Marker Genes for the Identification of Cell Clusters,"Cldn1/claudin-1, Lypd2, Ntn4, Msln, Ntng1, Slc2a1/Glut1, and Mpzl2 for perineurial cells."
FRONT-CELL-NEUROSCI.15.624826.2021,perineurial cells,,mouse,false,Lypd2,explicit,Marker Genes for the Identification of Cell Clusters,"Cldn1/claudin-1, Lypd2, Ntn4, Msln, Ntng1, Slc2a1/Glut1, and Mpzl2 for perineurial cells."
FRONT-CELL-NEUROSCI.15.624826.2021,perineurial cells,,mouse,false,Ntn4,explicit,Marker Genes for the Identification of Cell Clusters,"Cldn1/claudin-1, Lypd2, Ntn4, Msln, Ntng1, Slc2a1/Glut1, and Mpzl2 for perineurial cells."
FRONT-CELL-NEUROSCI.15.624826.2021,perineurial cells,,mouse,false,Msln,explicit,Marker Genes for the Identification of Cell Clusters,"Cldn1/claudin-1, Lypd2, Ntn4, Msln, Ntng1, Slc2a1/Glut1, and Mpzl2 for perineurial cells."
FRONT-CELL-NEUROSCI.15.624826.2021,perineurial cells,,mouse,false,Ntng1,explicit,Marker Genes for the Identification of Cell Clusters,"Cldn1/claudin-1, Lypd2, Ntn4, Msln, Ntng1, Slc2a1/Glut1, and Mpzl2 for perineurial cells."
FRONT-CELL-NEUROSCI.15.624826.2021,perineurial cells,,mouse,false,Slc2a1,explicit,Marker Genes for the Identification of Cell Clusters,"Cldn1/claudin-1, Lypd2, Ntn4, Msln, Ntng1, Slc2a1/Glut1, and Mpzl2 for perineurial cells."
FRONT-CELL-NEUROSCI.15.624826.2021,perineurial cells,,mouse,false,Glut1,explicit,Marker Genes for the Identification of Cell Clusters,"Cldn1/claudin-1, Lypd2, Ntn4, Msln, Ntng1, Slc2a1/Glut1, and Mpzl2 for perineurial cells."
FRONT-CELL-NEUROSCI.15.624826.2021,perineurial cells,,mouse,false,Mpzl2,explicit,Marker Genes for the Identification of Cell Clusters,"Cldn1/claudin-1, Lypd2, Ntn4, Msln, Ntng1, Slc2a1/Glut1, and Mpzl2 for perineurial cells."
FRONT-CELL-NEUROSCI.15.624826.2021,fibroblasts,endoneurial fibroblasts,mouse,false,Sox9,explicit,Marker Genes for the Identification of Cell Clusters,"Sox9, Osr2, Wif1, Abca9, Cdkn2a, Cdkn2b, and Plxdc1 for endoneurial fibroblasts."
FRONT-CELL-NEUROSCI.15.624826.2021,fibroblasts,endoneurial fibroblasts,mouse,false,Osr2,explicit,Marker Genes for the Identification of Cell Clusters,"Sox9, Osr2, Wif1, Abca9, Cdkn2a, Cdkn2b, and Plxdc1 for endoneurial fibroblasts."
FRONT-CELL-NEUROSCI.15.624826.2021,fibroblasts,endoneurial fibroblasts,mouse,false,Wif1,explicit,Marker Genes for the Identification of Cell Clusters,"Sox9, Osr2, Wif1, Abca9, Cdkn2a, Cdkn2b, and Plxdc1 for endoneurial fibroblasts."
FRONT-CELL-NEUROSCI.15.624826.2021,fibroblasts,endoneurial fibroblasts,mouse,false,Abca9,explicit,Marker Genes for the Identification of Cell Clusters,"Sox9, Osr2, Wif1, Abca9, Cdkn2a, Cdkn2b, and Plxdc1 for endoneurial fibroblasts."
FRONT-CELL-NEUROSCI.15.624826.2021,fibroblasts,endoneurial fibroblasts,mouse,false,Cdkn2a,explicit,Marker Genes for the Identification of Cell Clusters,"Sox9, Osr2, Wif1, Abca9, Cdkn2a, Cdkn2b, and Plxdc1 for endoneurial fibroblasts."
FRONT-CELL-NEUROSCI.15.624826.2021,fibroblasts,endoneurial fibroblasts,mouse,false,Cdkn2b,explicit,Marker Genes for the Identification of Cell Clusters,"Sox9, Osr2, Wif1, Abca9, Cdkn2a, Cdkn2b, and Plxdc1 for endoneurial fibroblasts."
FRONT-CELL-NEUROSCI.15.624826.2021,fibroblasts,endoneurial fibroblasts,mouse,false,Plxdc1,explicit,Marker Genes for the Identification of Cell Clusters,"Sox9, Osr2, Wif1, Abca9, Cdkn2a, Cdkn2b, and Plxdc1 for endoneurial fibroblasts."
FRONT-CELL-NEUROSCI.15.624826.2021,fibroblasts,differentiating fibroblasts,mouse,false,Dlk1,explicit,Marker Genes for the Identification of Cell Clusters,"Dlk1, Mest, Cilp, Tnc, Plagl1, and Ptn for differentiating fibroblasts."
FRONT-CELL-NEUROSCI.15.624826.2021,fibroblasts,differentiating fibroblasts,mouse,false,Mest,explicit,Marker Genes for the Identification of Cell Clusters,"Dlk1, Mest, Cilp, Tnc, Plagl1, and Ptn for differentiating fibroblasts."
FRONT-CELL-NEUROSCI.15.624826.2021,fibroblasts,differentiating fibroblasts,mouse,false,Cilp,explicit,Marker Genes for the Identification of Cell Clusters,"Dlk1, Mest, Cilp, Tnc, Plagl1, and Ptn for differentiating fibroblasts."
FRONT-CELL-NEUROSCI.15.624826.2021,fibroblasts,differentiating fibroblasts,mouse,false,Tnc,explicit,Marker Genes for the Identification of Cell Clusters,"Dlk1, Mest, Cilp, Tnc, Plagl1, and Ptn for differentiating fibroblasts."
FRONT-CELL-NEUROSCI.15.624826.2021,fibroblasts,differentiating fibroblasts,mouse,false,Plagl1,explicit,Marker Genes for the Identification of Cell Clusters,"Dlk1, Mest, Cilp, Tnc, Plagl1, and Ptn for differentiating fibroblasts."
FRONT-CELL-NEUROSCI.15.624826.2021,fibroblasts,differentiating fibroblasts,mouse,false,Ptn,explicit,Marker Genes for the Identification of Cell Clusters,"Dlk1, Mest, Cilp, Tnc, Plagl1, and Ptn for differentiating fibroblasts."
FRONT-CELL-NEUROSCI.15.624826.2021,mesenchymal cells,,mouse,false,Pdgfra,explicit,Marker Genes for the Identification of Cell Clusters,"Pdgfra, Thy1, and Cd34 for mesenchymal cells."
FRONT-CELL-NEUROSCI.15.624826.2021,mesenchymal cells,,mouse,false,Thy1,explicit,Marker Genes for the Identification of Cell Clusters,"Pdgfra, Thy1, and Cd34 for mesenchymal cells."
FRONT-CELL-NEUROSCI.15.624826.2021,mesenchymal cells,,mouse,false,Cd34,explicit,Marker Genes for the Identification of Cell Clusters,"Pdgfra, Thy1, and Cd34 for mesenchymal cells."
FRONT-CELL-NEUROSCI.15.624826.2021,immune cells,,mouse,false,Ptprc,explicit,Marker Genes for the Identification of Cell Clusters,Ptprc/CD45 and Cd52 as general marker for immune cells.
FRONT-CELL-NEUROSCI.15.624826.2021,immune cells,,mouse,false,CD45,explicit,Marker Genes for the Identification of Cell Clusters,Ptprc/CD45 and Cd52 as general marker for immune cells.
FRONT-CELL-NEUROSCI.15.624826.2021,immune cells,,mouse,false,Cd52,explicit,Marker Genes for the Identification of Cell Clusters,Ptprc/CD45 and Cd52 as general marker for immune cells.
FRONT-CELL-NEUROSCI.15.624826.2021,macrophages,,mouse,false,Aif1,explicit,Marker Genes for the Identification of Cell Clusters,"Aif1/Iba1, Cd68, Mrc1/Cd206, and Adgre1/F4/80 for macrophages."
FRONT-CELL-NEUROSCI.15.624826.2021,macrophages,,mouse,false,Iba1,explicit,Marker Genes for the Identification of Cell Clusters,"Aif1/Iba1, Cd68, Mrc1/Cd206, and Adgre1/F4/80 for macrophages."
FRONT-CELL-NEUROSCI.15.624826.2021,macrophages,,mouse,false,Cd68,explicit,Marker Genes for the Identification of Cell Clusters,"Aif1/Iba1, Cd68, Mrc1/Cd206, and Adgre1/F4/80 for macrophages."
FRONT-CELL-NEUROSCI.15.624826.2021,macrophages,,mouse,false,Mrc1,explicit,Marker Genes for the Identification of Cell Clusters,"Aif1/Iba1, Cd68, Mrc1/Cd206, and Adgre1/F4/80 for macrophages."
FRONT-CELL-NEUROSCI.15.624826.2021,macrophages,,mouse,false,Cd206,explicit,Marker Genes for the Identification of Cell Clusters,"Aif1/Iba1, Cd68, Mrc1/Cd206, and Adgre1/F4/80 for macrophages."
FRONT-CELL-NEUROSCI.15.624826.2021,macrophages,,mouse,false,Adgre1,explicit,Marker Genes for the Identification of Cell Clusters,"Aif1/Iba1, Cd68, Mrc1/Cd206, and Adgre1/F4/80 for macrophages."
FRONT-CELL-NEUROSCI.15.624826.2021,macrophages,,mouse,false,F4/80,explicit,Marker Genes for the Identification of Cell Clusters,"Aif1/Iba1, Cd68, Mrc1/Cd206, and Adgre1/F4/80 for macrophages."
FRONT-CELL-NEUROSCI.15.624826.2021,macrophages,epineurial macrophages,mouse,false,Retnla,explicit,Marker Genes for the Identification of Cell Clusters,Retnla and Clec10a for epineurial macrophages.
FRONT-CELL-NEUROSCI.15.624826.2021,macrophages,epineurial macrophages,mouse,false,Clec10a,explicit,Marker Genes for the Identification of Cell Clusters,Retnla and Clec10a for epineurial macrophages.
FRONT-CELL-NEUROSCI.15.624826.2021,monocytes,,mouse,false,Ccl6,explicit,Marker Genes for the Identification of Cell Clusters,"Ccl6, Fcgr3, Cx3cr1, Csf1r, Cd300a, and Clec4e for monocytes."
FRONT-CELL-NEUROSCI.15.624826.2021,monocytes,,mouse,false,Fcgr3,explicit,Marker Genes for the Identification of Cell Clusters,"Ccl6, Fcgr3, Cx3cr1, Csf1r, Cd300a, and Clec4e for monocytes."
FRONT-CELL-NEUROSCI.15.624826.2021,monocytes,,mouse,false,Cx3cr1,explicit,Marker Genes for the Identification of Cell Clusters,"Ccl6, Fcgr3, Cx3cr1, Csf1r, Cd300a, and Clec4e for monocytes."
FRONT-CELL-NEUROSCI.15.624826.2021,monocytes,,mouse,false,Csf1r,explicit,Marker Genes for the Identification of Cell Clusters,"Ccl6, Fcgr3, Cx3cr1, Csf1r, Cd300a, and Clec4e for monocytes."
FRONT-CELL-NEUROSCI.15.624826.2021,monocytes,,mouse,false,Cd300a,explicit,Marker Genes for the Identification of Cell Clusters,"Ccl6, Fcgr3, Cx3cr1, Csf1r, Cd300a, and Clec4e for monocytes."
FRONT-CELL-NEUROSCI.15.624826.2021,monocytes,,mouse,false,Clec4e,explicit,Marker Genes for the Identification of Cell Clusters,"Ccl6, Fcgr3, Cx3cr1, Csf1r, Cd300a, and Clec4e for monocytes."
FRONT-CELL-NEUROSCI.15.624826.2021,neutrophils,,mouse,false,S100a8,explicit,Marker Genes for the Identification of Cell Clusters,"S100a8, S100a9, Cxcr2, and Cxcl2 for neutrophils."
FRONT-CELL-NEUROSCI.15.624826.2021,neutrophils,,mouse,false,S100a9,explicit,Marker Genes for the Identification of Cell Clusters,"S100a8, S100a9, Cxcr2, and Cxcl2 for neutrophils."
FRONT-CELL-NEUROSCI.15.624826.2021,neutrophils,,mouse,false,Cxcr2,explicit,Marker Genes for the Identification of Cell Clusters,"S100a8, S100a9, Cxcr2, and Cxcl2 for neutrophils."
FRONT-CELL-NEUROSCI.15.624826.2021,neutrophils,,mouse,false,Cxcl2,explicit,Marker Genes for the Identification of Cell Clusters,"S100a8, S100a9, Cxcr2, and Cxcl2 for neutrophils."
FRONT-CELL-NEUROSCI.15.624826.2021,mast cells,,mouse,false,Cma1,explicit,Marker Genes for the Identification of Cell Clusters,"Cma1, Mcpt4, Mcpt1, and Kit for mast cells."
FRONT-CELL-NEUROSCI.15.624826.2021,mast cells,,mouse,false,Mcpt4,explicit,Marker Genes for the Identification of Cell Clusters,"Cma1, Mcpt4, Mcpt1, and Kit for mast cells."
FRONT-CELL-NEUROSCI.15.624826.2021,mast cells,,mouse,false,Mcpt1,explicit,Marker Genes for the Identification of Cell Clusters,"Cma1, Mcpt4, Mcpt1, and Kit for mast cells."
FRONT-CELL-NEUROSCI.15.624826.2021,mast cells,,mouse,false,Kit,explicit,Marker Genes for the Identification of Cell Clusters,"Cma1, Mcpt4, Mcpt1, and Kit for mast cells."
FRONT-CELL-NEUROSCI.15.624826.2021,T cells,,mouse,false,Cd3g,explicit,Marker Genes for the Identification of Cell Clusters,"Cd3g, Cxcr6, Trac, and Cd3e for T cells."
FRONT-CELL-NEUROSCI.15.624826.2021,T cells,,mouse,false,Cxcr6,explicit,Marker Genes for the Identification of Cell Clusters,"Cd3g, Cxcr6, Trac, and Cd3e for T cells."
FRONT-CELL-NEUROSCI.15.624826.2021,T cells,,mouse,false,Trac,explicit,Marker Genes for the Identification of Cell Clusters,"Cd3g, Cxcr6, Trac, and Cd3e for T cells."
FRONT-CELL-NEUROSCI.15.624826.2021,T cells,,mouse,false,Cd3e,explicit,Marker Genes for the Identification of Cell Clusters,"Cd3g, Cxcr6, Trac, and Cd3e for T cells."
FRONT-CELL-NEUROSCI.15.624826.2021,natural killer (NK) cells,,mouse,false,Nkg7,explicit,Marker Genes for the Identification of Cell Clusters,"Nkg7, Klrk1, and Ncr1 for natural killer (NK) cells."
FRONT-CELL-NEUROSCI.15.624826.2021,natural killer (NK) cells,,mouse,false,Klrk1,explicit,Marker Genes for the Identification of Cell Clusters,"Nkg7, Klrk1, and Ncr1 for natural killer (NK) cells."
FRONT-CELL-NEUROSCI.15.624826.2021,natural killer (NK) cells,,mouse,false,Ncr1,explicit,Marker Genes for the Identification of Cell Clusters,"Nkg7, Klrk1, and Ncr1 for natural killer (NK) cells."
FRONT-CELL-NEUROSCI.15.624826.2021,B cells,,mouse,false,Bank1,explicit,Marker Genes for the Identification of Cell Clusters,"Bank1, Cbfa2t3, Taok3, Ms4a1, Cd19, and Cd79a for B cells."
FRONT-CELL-NEUROSCI.15.624826.2021,B cells,,mouse,false,Cbfa2t3,explicit,Marker Genes for the Identification of Cell Clusters,"Bank1, Cbfa2t3, Taok3, Ms4a1, Cd19, and Cd79a for B cells."
FRONT-CELL-NEUROSCI.15.624826.2021,B cells,,mouse,false,Taok3,explicit,Marker Genes for the Identification of Cell Clusters,"Bank1, Cbfa2t3, Taok3, Ms4a1, Cd19, and Cd79a for B cells."
FRONT-CELL-NEUROSCI.15.624826.2021,B cells,,mouse,false,Ms4a1,explicit,Marker Genes for the Identification of Cell Clusters,"Bank1, Cbfa2t3, Taok3, Ms4a1, Cd19, and Cd79a for B cells."
FRONT-CELL-NEUROSCI.15.624826.2021,B cells,,mouse,false,Cd19,explicit,Marker Genes for the Identification of Cell Clusters,"Bank1, Cbfa2t3, Taok3, Ms4a1, Cd19, and Cd79a for B cells."
FRONT-CELL-NEUROSCI.15.624826.2021,B cells,,mouse,false,Cd79a,explicit,Marker Genes for the Identification of Cell Clusters,"Bank1, Cbfa2t3, Taok3, Ms4a1, Cd19, and Cd79a for B cells."
FRONT-CELL-NEUROSCI.15.624826.2021,B cells,,mouse,false,Cd40,explicit,"explicit mention in text (citing Wolbert et al., 2020)","Wolbert et al. showed that B cells could be identified in intact mouse sciatic nerves using marker genes such as Bank1, Ms4a1, Cd19, Cd40, and Cd79a"
FRONT-CELL-NEUROSCI.15.624826.2021,Endoneurial fibroblasts,,mouse,false,Ngfr,explicit,Results p.9,Due to endoneurial fibroblasts expressing Ngfr
FRONT-CELL-NEUROSCI.15.624826.2021,Endoneurial fibroblasts,,mouse,false,Sox9,explicit,Identifying Endoneurial Fibroblasts and Perineurial Cells,"they express marker genes for endoneurial fibroblasts such as Sox9, Osr2, Pdgfra, Cd34, Abca9, Cdkn2a, Cdkn2b, and Plxdc1"
FRONT-CELL-NEUROSCI.15.624826.2021,Endoneurial fibroblasts,,mouse,false,Osr2,explicit,Identifying Endoneurial Fibroblasts and Perineurial Cells,"they express marker genes for endoneurial fibroblasts such as Sox9, Osr2, Pdgfra, Cd34, Abca9, Cdkn2a, Cdkn2b, and Plxdc1"
FRONT-CELL-NEUROSCI.15.624826.2021,Endoneurial fibroblasts,,mouse,false,Pdgfra,explicit,Identifying Endoneurial Fibroblasts and Perineurial Cells,"they express marker genes for endoneurial fibroblasts such as Sox9, Osr2, Pdgfra, Cd34, Abca9, Cdkn2a, Cdkn2b, and Plxdc1"
FRONT-CELL-NEUROSCI.15.624826.2021,Endoneurial fibroblasts,,mouse,false,Cd34,explicit,Identifying Endoneurial Fibroblasts and Perineurial Cells,"they express marker genes for endoneurial fibroblasts such as Sox9, Osr2, Pdgfra, Cd34, Abca9, Cdkn2a, Cdkn2b, and Plxdc1"
FRONT-CELL-NEUROSCI.15.624826.2021,Endoneurial fibroblasts,,mouse,false,Abca9,explicit,Identifying Endoneurial Fibroblasts and Perineurial Cells,"they express marker genes for endoneurial fibroblasts such as Sox9, Osr2, Pdgfra, Cd34, Abca9, Cdkn2a, Cdkn2b, and Plxdc1"
FRONT-CELL-NEUROSCI.15.624826.2021,Endoneurial fibroblasts,,mouse,false,Cdkn2a,explicit,Identifying Endoneurial Fibroblasts and Perineurial Cells,"they express marker genes for endoneurial fibroblasts such as Sox9, Osr2, Pdgfra, Cd34, Abca9, Cdkn2a, Cdkn2b, and Plxdc1"
FRONT-CELL-NEUROSCI.15.624826.2021,Endoneurial fibroblasts,,mouse,false,Cdkn2b,explicit,Identifying Endoneurial Fibroblasts and Perineurial Cells,"they express marker genes for endoneurial fibroblasts such as Sox9, Osr2, Pdgfra, Cd34, Abca9, Cdkn2a, Cdkn2b, and Plxdc1"
FRONT-CELL-NEUROSCI.15.624826.2021,Endoneurial fibroblasts,,mouse,false,Plxdc1,explicit,Identifying Endoneurial Fibroblasts and Perineurial Cells,"they express marker genes for endoneurial fibroblasts such as Sox9, Osr2, Pdgfra, Cd34, Abca9, Cdkn2a, Cdkn2b, and Plxdc1"
FRONT-CELL-NEUROSCI.15.624826.2021,Epineurial endothelial cells,,mouse,false,Pecam1/Cd31,explicit,Identifying Epineurial and Endoneurial Endothelial Cells in Intact Mouse Sciatic Nerve,"All three new EC sub-clusters express classic EC marker genes such as Pecam1/Cd31, Tie1, and Emcn (Supplementary Figure 2)"
FRONT-CELL-NEUROSCI.15.624826.2021,Epineurial endothelial cells,,mouse,false,Tie1,explicit,Identifying Epineurial and Endoneurial Endothelial Cells in Intact Mouse Sciatic Nerve,"All three new EC sub-clusters express classic EC marker genes such as Pecam1/Cd31, Tie1, and Emcn (Supplementary Figure 2)"
FRONT-CELL-NEUROSCI.15.624826.2021,Epineurial endothelial cells,,mouse,false,Emcn,explicit,Identifying Epineurial and Endoneurial Endothelial Cells in Intact Mouse Sciatic Nerve,"All three new EC sub-clusters express classic EC marker genes such as Pecam1/Cd31, Tie1, and Emcn (Supplementary Figure 2)"
FRONT-CELL-NEUROSCI.15.624826.2021,Epineurial endothelial cells,,mouse,false,Spock2,explicit,Identifying Epineurial and Endoneurial Endothelial Cells in Intact Mouse Sciatic Nerve,We therefore chose Spock2 for cluster 3 and Rgcc for cluster 4 to validate their in vivo expression in ECs by immunostaining
FRONT-CELL-NEUROSCI.15.624826.2021,Epineurial endothelial cells,,mouse,false,Rgcc,explicit,Identifying Epineurial and Endoneurial Endothelial Cells in Intact Mouse Sciatic Nerve,We therefore chose Spock2 for cluster 3 and Rgcc for cluster 4 to validate their in vivo expression in ECs by immunostaining
FRONT-CELL-NEUROSCI.15.624826.2021,Endoneurial endothelial cells,,mouse,false,Pecam1/Cd31,explicit,Identifying Epineurial and Endoneurial Endothelial Cells in Intact Mouse Sciatic Nerve,"All three new EC sub-clusters express classic EC marker genes such as Pecam1/Cd31, Tie1, and Emcn (Supplementary Figure 2)"
FRONT-CELL-NEUROSCI.15.624826.2021,Endoneurial endothelial cells,,mouse,false,Tie1,explicit,Identifying Epineurial and Endoneurial Endothelial Cells in Intact Mouse Sciatic Nerve,"All three new EC sub-clusters express classic EC marker genes such as Pecam1/Cd31, Tie1, and Emcn (Supplementary Figure 2)"
FRONT-CELL-NEUROSCI.15.624826.2021,Endoneurial endothelial cells,,mouse,false,Emcn,explicit,Identifying Epineurial and Endoneurial Endothelial Cells in Intact Mouse Sciatic Nerve,"All three new EC sub-clusters express classic EC marker genes such as Pecam1/Cd31, Tie1, and Emcn (Supplementary Figure 2)"
FRONT-CELL-NEUROSCI.15.624826.2021,Endoneurial endothelial cells,,mouse,false,Lrg1,explicit,Identifying Epineurial and Endoneurial Endothelial Cells in Intact Mouse Sciatic Nerve,We chose Lrg1 for cluster 5 to do in vivo staining
FRONT-CELL-NEUROSCI.15.624826.2021,Lymphatic endothelial cells,,mouse,false,Lyve1,explicit,Identifying Epineurial and Endoneurial Endothelial Cells in Intact Mouse Sciatic Nerve,"such as Lyve1, Mmrn1, Prox1, and Flt4 (Supplementary Figure 1)"
FRONT-CELL-NEUROSCI.15.624826.2021,Lymphatic endothelial cells,,mouse,false,Mmrn1,explicit,Identifying Epineurial and Endoneurial Endothelial Cells in Intact Mouse Sciatic Nerve,"such as Lyve1, Mmrn1, Prox1, and Flt4 (Supplementary Figure 1)"
FRONT-CELL-NEUROSCI.15.624826.2021,Lymphatic endothelial cells,,mouse,false,Prox1,explicit,Identifying Epineurial and Endoneurial Endothelial Cells in Intact Mouse Sciatic Nerve,"such as Lyve1, Mmrn1, Prox1, and Flt4 (Supplementary Figure 1)"
FRONT-CELL-NEUROSCI.15.624826.2021,Lymphatic endothelial cells,,mouse,false,Flt4,explicit,Identifying Epineurial and Endoneurial Endothelial Cells in Intact Mouse Sciatic Nerve,"such as Lyve1, Mmrn1, Prox1, and Flt4 (Supplementary Figure 1)"
FRONT-CELL-NEUROSCI.15.624826.2021,Perineurial cells,,mouse,false,Cldn1,explicit,Identifying Endoneurial Fibroblasts and Perineurial Cells,"Cluster 25 express high levels of Cldn1, Lypd2, Ntng1, Slc2a1, and Itgb4"
FRONT-CELL-NEUROSCI.15.624826.2021,Perineurial cells,,mouse,false,Lypd2,explicit,Identifying Endoneurial Fibroblasts and Perineurial Cells,"Cluster 25 express high levels of Cldn1, Lypd2, Ntng1, Slc2a1, and Itgb4"
FRONT-CELL-NEUROSCI.15.624826.2021,Perineurial cells,,mouse,false,Ntng1,explicit,Identifying Endoneurial Fibroblasts and Perineurial Cells,"Cluster 25 express high levels of Cldn1, Lypd2, Ntng1, Slc2a1, and Itgb4"
FRONT-CELL-NEUROSCI.15.624826.2021,Perineurial cells,,mouse,false,Slc2a1,explicit,Identifying Endoneurial Fibroblasts and Perineurial Cells,"Cluster 25 express high levels of Cldn1, Lypd2, Ntng1, Slc2a1, and Itgb4"
FRONT-CELL-NEUROSCI.15.624826.2021,Perineurial cells,,mouse,false,Itgb4,explicit,Identifying Endoneurial Fibroblasts and Perineurial Cells,"Cluster 25 express high levels of Cldn1, Lypd2, Ntng1, Slc2a1, and Itgb4"
FRONT-CELL-NEUROSCI.15.624826.2021,Neutrophils,,mouse,false,S100a8,explicit,Identifying the Cluster of Neutrophils in Injured Nerves,"S100a8, S100a9, Cxcr2, and Cxcl2 are effective marker genes to identify neutrophils"
FRONT-CELL-NEUROSCI.15.624826.2021,Neutrophils,,mouse,false,S100a9,explicit,Identifying the Cluster of Neutrophils in Injured Nerves,"S100a8, S100a9, Cxcr2, and Cxcl2 are effective marker genes to identify neutrophils"
FRONT-CELL-NEUROSCI.15.624826.2021,Neutrophils,,mouse,false,Cxcr2,explicit,Identifying the Cluster of Neutrophils in Injured Nerves,"S100a8, S100a9, Cxcr2, and Cxcl2 are effective marker genes to identify neutrophils"
FRONT-CELL-NEUROSCI.15.624826.2021,Neutrophils,,mouse,false,Cxcl2,explicit,Identifying the Cluster of Neutrophils in Injured Nerves,"S100a8, S100a9, Cxcr2, and Cxcl2 are effective marker genes to identify neutrophils"
FRONT-CELL-NEUROSCI.15.624826.2021,Neutrophils,,mouse,false,Csf3r,explicit,Identifying the Cluster of Neutrophils in Injured Nerves,the Csf3r immunostaining confirms that Csf3r is a reliable marker gene to identify neutrophils
FRONT-CELL-NEUROSCI.15.624826.2021,Neutrophils,,mouse,false,Trem1,explicit,Identifying the Cluster of Neutrophils in Injured Nerves,"top 10 suggested marker genes for cluster 9 are Cxcr2, Trem1, S100a9, Il1b, S100a8, Trem3, Clec4e, Nlrp3, Il1r2, and Csf3r"
FRONT-CELL-NEUROSCI.15.624826.2021,Neutrophils,,mouse,false,Il1b,explicit,Identifying the Cluster of Neutrophils in Injured Nerves,"top 10 suggested marker genes for cluster 9 are Cxcr2, Trem1, S100a9, Il1b, S100a8, Trem3, Clec4e, Nlrp3, Il1r2, and Csf3r"
FRONT-CELL-NEUROSCI.15.624826.2021,Neutrophils,,mouse,false,Trem3,explicit,Identifying the Cluster of Neutrophils in Injured Nerves,"top 10 suggested marker genes for cluster 9 are Cxcr2, Trem1, S100a9, Il1b, S100a8, Trem3, Clec4e, Nlrp3, Il1r2, and Csf3r"
FRONT-CELL-NEUROSCI.15.624826.2021,Neutrophils,,mouse,false,Clec4e,explicit,Identifying the Cluster of Neutrophils in Injured Nerves,"top 10 suggested marker genes for cluster 9 are Cxcr2, Trem1, S100a9, Il1b, S100a8, Trem3, Clec4e, Nlrp3, Il1r2, and Csf3r"
FRONT-CELL-NEUROSCI.15.624826.2021,Neutrophils,,mouse,false,Nlrp3,explicit,Identifying the Cluster of Neutrophils in Injured Nerves,"top 10 suggested marker genes for cluster 9 are Cxcr2, Trem1, S100a9, Il1b, S100a8, Trem3, Clec4e, Nlrp3, Il1r2, and Csf3r"
FRONT-CELL-NEUROSCI.15.624826.2021,Neutrophils,,mouse,false,Il1r2,explicit,Identifying the Cluster of Neutrophils in Injured Nerves,"top 10 suggested marker genes for cluster 9 are Cxcr2, Trem1, S100a9, Il1b, S100a8, Trem3, Clec4e, Nlrp3, Il1r2, and Csf3r"
FRONT-CELL-NEUROSCI.15.624826.2021,non-myelinating Schwann cells,nmSC,mouse,true,Somc2,imported,Discussion,"Wolbert et al. (2020) suggested marker genes for endoneurial fibroblasts as marker genes for nmSC, for example Somc2 and Apod"
FRONT-CELL-NEUROSCI.15.624826.2021,non-myelinating Schwann cells,nmSC,mouse,true,Apod,imported,Discussion,"Wolbert et al. (2020) suggested marker genes for endoneurial fibroblasts as marker genes for nmSC, for example Somc2 and Apod"
FRONT-CELL-NEUROSCI.15.624826.2021,endoneurial fibroblasts,,mouse,false,Ngfr,implied,Discussion,endoneurial fibroblasts were named as nmSCs in Wolbert et al.'s analysis due to endoneurial fibroblasts expressing Ngfr
FRONT-CELL-NEUROSCI.15.624826.2021,Schwann cell,,mouse,true,Sox10,explicit,Results; Supplementary Figure 8,"Through our analysis, we show that Sox10 and Plp1 are more suitable marker genes in scRNA-seq data analysis to identify Schwann cell clusters in both intact and injured nerves (Supplementary Figure 8)."
FRONT-CELL-NEUROSCI.15.624826.2021,Schwann cell,,mouse,true,Plp1,explicit,Results; Supplementary Figure 8,"Through our analysis, we show that Sox10 and Plp1 are more suitable marker genes in scRNA-seq data analysis to identify Schwann cell clusters in both intact and injured nerves (Supplementary Figure 8)."
FRONT-CELL-NEUROSCI.15.624826.2021,Schwann cell,myelinating,mouse,true,Mbp,explicit,Results; Supplementary Figure 8,"For identifying mSCs in intact nerves, Mbp, Mpz, Mag and Egr2 are all good marker genes (Supplementary Figure 8)."
FRONT-CELL-NEUROSCI.15.624826.2021,Schwann cell,myelinating,mouse,true,Mpz,explicit,Results; Supplementary Figure 8,"For identifying mSCs in intact nerves, Mbp, Mpz, Mag and Egr2 are all good marker genes (Supplementary Figure 8)."
FRONT-CELL-NEUROSCI.15.624826.2021,Schwann cell,myelinating,mouse,true,Mag,explicit,Results; Supplementary Figure 8,"For identifying mSCs in intact nerves, Mbp, Mpz, Mag and Egr2 are all good marker genes (Supplementary Figure 8)."
FRONT-CELL-NEUROSCI.15.624826.2021,Schwann cell,myelinating,mouse,true,Egr2,explicit,Results; Supplementary Figure 8,"For identifying mSCs in intact nerves, Mbp, Mpz, Mag and Egr2 are all good marker genes (Supplementary Figure 8)."
FRONT-CELL-NEUROSCI.15.624826.2021,Schwann cell,non-myelinating,mouse,true,Cdh2,explicit,Results; Supplementary Figure 8,"Testing marker genes used for identifying nmSCs in the intact nerve, we found that Cdh2 and L1cam are good marker genes (Supplementary Figure 8)."
FRONT-CELL-NEUROSCI.15.624826.2021,Schwann cell,non-myelinating,mouse,true,L1cam,explicit,Results; Supplementary Figure 8,"Testing marker genes used for identifying nmSCs in the intact nerve, we found that Cdh2 and L1cam are good marker genes (Supplementary Figure 8)."
FRONT-CELL-NEUROSCI.15.624826.2021,Fibroblast,,mouse,false,Mfap5,explicit,Results; Supplementary Figure 10,We therefore screened DEGs and revealed that Mfap5 and Serpinf1 are better marker genes to identify fibroblast clusters in both intact and injured nerve (Supplementary Figure 10).
FRONT-CELL-NEUROSCI.15.624826.2021,Fibroblast,,mouse,false,Serpinf1,explicit,Results; Supplementary Figure 10,We therefore screened DEGs and revealed that Mfap5 and Serpinf1 are better marker genes to identify fibroblast clusters in both intact and injured nerve (Supplementary Figure 10).
FRONT-CELL-NEUROSCI.15.624826.2021,Fibroblast,endoneurial,mouse,false,Sox9,explicit,Results; Supplementary Figure 11,"Using these reported marker genes together with DEGs in our analysis (Supplementary Tables 1–3), we found that Sox9, Osr2, Wif1, Abca9, Cdkn2a, Cdkn2b, and Plxdc1 are all good marker genes for the identification of endoneurial fibroblasts (Supplementary Figure 11)."
FRONT-CELL-NEUROSCI.15.624826.2021,Fibroblast,endoneurial,mouse,false,Osr2,explicit,Results; Supplementary Figure 11,"Using these reported marker genes together with DEGs in our analysis (Supplementary Tables 1–3), we found that Sox9, Osr2, Wif1, Abca9, Cdkn2a, Cdkn2b, and Plxdc1 are all good marker genes for the identification of endoneurial fibroblasts (Supplementary Figure 11)."
FRONT-CELL-NEUROSCI.15.624826.2021,Fibroblast,endoneurial,mouse,false,Wif1,explicit,Results; Supplementary Figure 11,"Using these reported marker genes together with DEGs in our analysis (Supplementary Tables 1–3), we found that Sox9, Osr2, Wif1, Abca9, Cdkn2a, Cdkn2b, and Plxdc1 are all good marker genes for the identification of endoneurial fibroblasts (Supplementary Figure 11)."
FRONT-CELL-NEUROSCI.15.624826.2021,Fibroblast,endoneurial,mouse,false,Abca9,explicit,Results; Supplementary Figure 11,"Using these reported marker genes together with DEGs in our analysis (Supplementary Tables 1–3), we found that Sox9, Osr2, Wif1, Abca9, Cdkn2a, Cdkn2b, and Plxdc1 are all good marker genes for the identification of endoneurial fibroblasts (Supplementary Figure 11)."
FRONT-CELL-NEUROSCI.15.624826.2021,Fibroblast,endoneurial,mouse,false,Cdkn2a,explicit,Results; Supplementary Figure 11,"Using these reported marker genes together with DEGs in our analysis (Supplementary Tables 1–3), we found that Sox9, Osr2, Wif1, Abca9, Cdkn2a, Cdkn2b, and Plxdc1 are all good marker genes for the identification of endoneurial fibroblasts (Supplementary Figure 11)."
FRONT-CELL-NEUROSCI.15.624826.2021,Fibroblast,endoneurial,mouse,false,Cdkn2b,explicit,Results; Supplementary Figure 11,"Using these reported marker genes together with DEGs in our analysis (Supplementary Tables 1–3), we found that Sox9, Osr2, Wif1, Abca9, Cdkn2a, Cdkn2b, and Plxdc1 are all good marker genes for the identification of endoneurial fibroblasts (Supplementary Figure 11)."
FRONT-CELL-NEUROSCI.15.624826.2021,Fibroblast,endoneurial,mouse,false,Plxdc1,explicit,Results; Supplementary Figure 11,"Using these reported marker genes together with DEGs in our analysis (Supplementary Tables 1–3), we found that Sox9, Osr2, Wif1, Abca9, Cdkn2a, Cdkn2b, and Plxdc1 are all good marker genes for the identification of endoneurial fibroblasts (Supplementary Figure 11)."
FRONT-CELL-NEUROSCI.15.624826.2021,Fibroblast,epineurial,mouse,false,Sfrp2,explicit,Results; Supplementary Figure 10,"Epineurial fibroblasts highly express Sfrp2, Adamts5, Pcolce2, Clec3b, Pi16, Ly6c1, Dpt, Dpp4, Gsn, Comp, and Sfrp4 (Carr et al., 2019; Toma et al., 2020; Wolbert et al., 2020)."
FRONT-CELL-NEUROSCI.15.624826.2021,Fibroblast,epineurial,mouse,false,Adamts5,explicit,Results; Supplementary Figure 10,"Epineurial fibroblasts highly express Sfrp2, Adamts5, Pcolce2, Clec3b, Pi16, Ly6c1, Dpt, Dpp4, Gsn, Comp, and Sfrp4 (Carr et al., 2019; Toma et al., 2020; Wolbert et al., 2020)."
FRONT-CELL-NEUROSCI.15.624826.2021,Fibroblast,epineurial,mouse,false,Pcolce2,explicit,Results; Supplementary Figure 10,"Epineurial fibroblasts highly express Sfrp2, Adamts5, Pcolce2, Clec3b, Pi16, Ly6c1, Dpt, Dpp4, Gsn, Comp, and Sfrp4 (Carr et al., 2019; Toma et al., 2020; Wolbert et al., 2020)."
FRONT-CELL-NEUROSCI.15.624826.2021,Fibroblast,epineurial,mouse,false,Clec3b,explicit,Results; Supplementary Figure 10,"Epineurial fibroblasts highly express Sfrp2, Adamts5, Pcolce2, Clec3b, Pi16, Ly6c1, Dpt, Dpp4, Gsn, Comp, and Sfrp4 (Carr et al., 2019; Toma et al., 2020; Wolbert et al., 2020)."
FRONT-CELL-NEUROSCI.15.624826.2021,Fibroblast,epineurial,mouse,false,Pi16,explicit,Results; Supplementary Figure 10,"Epineurial fibroblasts highly express Sfrp2, Adamts5, Pcolce2, Clec3b, Pi16, Ly6c1, Dpt, Dpp4, Gsn, Comp, and Sfrp4 (Carr et al., 2019; Toma et al., 2020; Wolbert et al., 2020)."
FRONT-CELL-NEUROSCI.15.624826.2021,Fibroblast,epineurial,mouse,false,Ly6c1,explicit,Results; Supplementary Figure 10,"Epineurial fibroblasts highly express Sfrp2, Adamts5, Pcolce2, Clec3b, Pi16, Ly6c1, Dpt, Dpp4, Gsn, Comp, and Sfrp4 (Carr et al., 2019; Toma et al., 2020; Wolbert et al., 2020)."
FRONT-CELL-NEUROSCI.15.624826.2021,Fibroblast,epineurial,mouse,false,Dpt,explicit,Results; Supplementary Figure 10,"Epineurial fibroblasts highly express Sfrp2, Adamts5, Pcolce2, Clec3b, Pi16, Ly6c1, Dpt, Dpp4, Gsn, Comp, and Sfrp4 (Carr et al., 2019; Toma et al., 2020; Wolbert et al., 2020)."
FRONT-CELL-NEUROSCI.15.624826.2021,Fibroblast,epineurial,mouse,false,Dpp4,explicit,Results; Supplementary Figure 10,"Epineurial fibroblasts highly express Sfrp2, Adamts5, Pcolce2, Clec3b, Pi16, Ly6c1, Dpt, Dpp4, Gsn, Comp, and Sfrp4 (Carr et al., 2019; Toma et al., 2020; Wolbert et al., 2020)."
FRONT-CELL-NEUROSCI.15.624826.2021,Fibroblast,epineurial,mouse,false,Gsn,explicit,Results; Supplementary Figure 10,"Epineurial fibroblasts highly express Sfrp2, Adamts5, Pcolce2, Clec3b, Pi16, Ly6c1, Dpt, Dpp4, Gsn, Comp, and Sfrp4 (Carr et al., 2019; Toma et al., 2020; Wolbert et al., 2020)."
FRONT-CELL-NEUROSCI.15.624826.2021,Fibroblast,epineurial,mouse,false,Comp,explicit,Results; Supplementary Figure 10,"Epineurial fibroblasts highly express Sfrp2, Adamts5, Pcolce2, Clec3b, Pi16, Ly6c1, Dpt, Dpp4, Gsn, Comp, and Sfrp4 (Carr et al., 2019; Toma et al., 2020; Wolbert et al., 2020)."
FRONT-CELL-NEUROSCI.15.624826.2021,Fibroblast,epineurial,mouse,false,Sfrp4,explicit,Results; Supplementary Figure 10,"Epineurial fibroblasts highly express Sfrp2, Adamts5, Pcolce2, Clec3b, Pi16, Ly6c1, Dpt, Dpp4, Gsn, Comp, and Sfrp4 (Carr et al., 2019; Toma et al., 2020; Wolbert et al., 2020)."
FRONT-CELL-NEUROSCI.15.624826.2021,Fibroblast,perineurial,mouse,false,Slc2a1,explicit,Results; Supplementary Figure 11,"Perineurial cells express marker genes such as Slc2a1/Glut1, Lypd2, Sfrp5, Ntn4, Msln, Ntng1, the tight junction genes Tjp1/ZO-1, the desmosome protein Perp, and integrins Itgb4 and Itga6 (Theaker and Fletcher, 1989; Kucenas, 2015; Carr et al., 2019; Toma et al., 2020; Wolbert et al., 2020)."
FRONT-CELL-NEUROSCI.15.624826.2021,Fibroblast,perineurial,mouse,false,Lypd2,explicit,Results; Supplementary Figure 11,"Perineurial cells express marker genes such as Slc2a1/Glut1, Lypd2, Sfrp5, Ntn4, Msln, Ntng1, the tight junction genes Tjp1/ZO-1, the desmosome protein Perp, and integrins Itgb4 and Itga6 (Theaker and Fletcher, 1989; Kucenas, 2015; Carr et al., 2019; Toma et al., 2020; Wolbert et al., 2020)."
FRONT-CELL-NEUROSCI.15.624826.2021,Fibroblast,perineurial,mouse,false,Sfrp5,explicit,Results; Supplementary Figure 11,"Perineurial cells express marker genes such as Slc2a1/Glut1, Lypd2, Sfrp5, Ntn4, Msln, Ntng1, the tight junction genes Tjp1/ZO-1, the desmosome protein Perp, and integrins Itgb4 and Itga6 (Theaker and Fletcher, 1989; Kucenas, 2015; Carr et al., 2019; Toma et al., 2020; Wolbert et al., 2020)."
FRONT-CELL-NEUROSCI.15.624826.2021,Fibroblast,perineurial,mouse,false,Ntn4,explicit,Results; Supplementary Figure 11,"Perineurial cells express marker genes such as Slc2a1/Glut1, Lypd2, Sfrp5, Ntn4, Msln, Ntng1, the tight junction genes Tjp1/ZO-1, the desmosome protein Perp, and integrins Itgb4 and Itga6 (Theaker and Fletcher, 1989; Kucenas, 2015; Carr et al., 2019; Toma et al., 2020; Wolbert et al., 2020)."
FRONT-CELL-NEUROSCI.15.624826.2021,Fibroblast,perineurial,mouse,false,Msln,explicit,Results; Supplementary Figure 11,"Perineurial cells express marker genes such as Slc2a1/Glut1, Lypd2, Sfrp5, Ntn4, Msln, Ntng1, the tight junction genes Tjp1/ZO-1, the desmosome protein Perp, and integrins Itgb4 and Itga6 (Theaker and Fletcher, 1989; Kucenas, 2015; Carr et al., 2019; Toma et al., 2020; Wolbert et al., 2020)."
FRONT-CELL-NEUROSCI.15.624826.2021,Fibroblast,perineurial,mouse,false,Ntng1,explicit,Results; Supplementary Figure 11,"Perineurial cells express marker genes such as Slc2a1/Glut1, Lypd2, Sfrp5, Ntn4, Msln, Ntng1, the tight junction genes Tjp1/ZO-1, the desmosome protein Perp, and integrins Itgb4 and Itga6 (Theaker and Fletcher, 1989; Kucenas, 2015; Carr et al., 2019; Toma et al., 2020; Wolbert et al., 2020)."
FRONT-CELL-NEUROSCI.15.624826.2021,Fibroblast,perineurial,mouse,false,Tjp1,explicit,Results; Supplementary Figure 11,"Perineurial cells express marker genes such as Slc2a1/Glut1, Lypd2, Sfrp5, Ntn4, Msln, Ntng1, the tight junction genes Tjp1/ZO-1, the desmosome protein Perp, and integrins Itgb4 and Itga6 (Theaker and Fletcher, 1989; Kucenas, 2015; Carr et al., 2019; Toma et al., 2020; Wolbert et al., 2020)."
FRONT-CELL-NEUROSCI.15.624826.2021,Fibroblast,perineurial,mouse,false,Perp,explicit,Results; Supplementary Figure 11,"Perineurial cells express marker genes such as Slc2a1/Glut1, Lypd2, Sfrp5, Ntn4, Msln, Ntng1, the tight junction genes Tjp1/ZO-1, the desmosome protein Perp, and integrins Itgb4 and Itga6 (Theaker and Fletcher, 1989; Kucenas, 2015; Carr et al., 2019; Toma et al., 2020; Wolbert et al., 2020)."
FRONT-CELL-NEUROSCI.15.624826.2021,Fibroblast,perineurial,mouse,false,Itgb4,explicit,Results; Supplementary Figure 11,"Perineurial cells express marker genes such as Slc2a1/Glut1, Lypd2, Sfrp5, Ntn4, Msln, Ntng1, the tight junction genes Tjp1/ZO-1, the desmosome protein Perp, and integrins Itgb4 and Itga6 (Theaker and Fletcher, 1989; Kucenas, 2015; Carr et al., 2019; Toma et al., 2020; Wolbert et al., 2020)."
FRONT-CELL-NEUROSCI.15.624826.2021,Fibroblast,perineurial,mouse,false,Itga6,explicit,Results; Supplementary Figure 11,"Perineurial cells express marker genes such as Slc2a1/Glut1, Lypd2, Sfrp5, Ntn4, Msln, Ntng1, the tight junction genes Tjp1/ZO-1, the desmosome protein Perp, and integrins Itgb4 and Itga6 (Theaker and Fletcher, 1989; Kucenas, 2015; Carr et al., 2019; Toma et al., 2020; Wolbert et al., 2020)."
FRONT-CELL-NEUROSCI.15.624826.2021,Fibroblast,differentiating,mouse,false,Dlk1,explicit,Results; Supplementary Figure 4,"In response to injury, fibroblasts in the distal nerve undergo differentiation and differentiating nerve fibroblasts could be identified using differentiating marker genes Dlk1, Mest, Cilp, Tnc, Plagl1, and Ptn (Carr et al., 2019; Toma et al., 2020)."
FRONT-CELL-NEUROSCI.15.624826.2021,Fibroblast,differentiating,mouse,false,Mest,explicit,Results; Supplementary Figure 4,"In response to injury, fibroblasts in the distal nerve undergo differentiation and differentiating nerve fibroblasts could be identified using differentiating marker genes Dlk1, Mest, Cilp, Tnc, Plagl1, and Ptn (Carr et al., 2019; Toma et al., 2020)."
FRONT-CELL-NEUROSCI.15.624826.2021,Fibroblast,differentiating,mouse,false,Cilp,explicit,Results; Supplementary Figure 4,"In response to injury, fibroblasts in the distal nerve undergo differentiation and differentiating nerve fibroblasts could be identified using differentiating marker genes Dlk1, Mest, Cilp, Tnc, Plagl1, and Ptn (Carr et al., 2019; Toma et al., 2020)."
FRONT-CELL-NEUROSCI.15.624826.2021,Fibroblast,differentiating,mouse,false,Tnc,explicit,Results; Supplementary Figure 4,"In response to injury, fibroblasts in the distal nerve undergo differentiation and differentiating nerve fibroblasts could be identified using differentiating marker genes Dlk1, Mest, Cilp, Tnc, Plagl1, and Ptn (Carr et al., 2019; Toma et al., 2020)."
FRONT-CELL-NEUROSCI.15.624826.2021,Fibroblast,differentiating,mouse,false,Plagl1,explicit,Results; Supplementary Figure 4,"In response to injury, fibroblasts in the distal nerve undergo differentiation and differentiating nerve fibroblasts could be identified using differentiating marker genes Dlk1, Mest, Cilp, Tnc, Plagl1, and Ptn (Carr et al., 2019; Toma et al., 2020)."
FRONT-CELL-NEUROSCI.15.624826.2021,Fibroblast,differentiating,mouse,false,Ptn,explicit,Results; Supplementary Figure 4,"In response to injury, fibroblasts in the distal nerve undergo differentiation and differentiating nerve fibroblasts could be identified using differentiating marker genes Dlk1, Mest, Cilp, Tnc, Plagl1, and Ptn (Carr et al., 2019; Toma et al., 2020)."
FRONT-CELL-NEUROSCI.15.624826.2021,Immune cell,,mouse,false,Ptprc,explicit,Results; Supplementary Figure 5,"We use Ptprc/CD45 and Cd52 as general marker genes to identify immune cells in intact and injured nerves (Carr et al., 2019; Wolbert et al., 2020; Ydens et al., 2020)."
FRONT-CELL-NEUROSCI.15.624826.2021,Immune cell,,mouse,false,Cd52,explicit,Results; Supplementary Figure 5,"We use Ptprc/CD45 and Cd52 as general marker genes to identify immune cells in intact and injured nerves (Carr et al., 2019; Wolbert et al., 2020; Ydens et al., 2020)."
FRONT-CELL-NEUROSCI.15.624826.2021,Macrophage,,mouse,false,Aif1,explicit,Results; Supplementary Figure 12,"In the intact nerve, macrophage express genes Aif1/Iba1, Cd68, and Mrc1/Cd206 (Supplementary Figure 12) and these marker genes label two sub-cluster of macrophages (cluster 15 and 16 in Figure 4A)."
FRONT-CELL-NEUROSCI.15.624826.2021,Macrophage,,mouse,false,Cd68,explicit,Results; Supplementary Figure 12,"In the intact nerve, macrophage express genes Aif1/Iba1, Cd68, and Mrc1/Cd206 (Supplementary Figure 12) and these marker genes label two sub-cluster of macrophages (cluster 15 and 16 in Figure 4A)."
FRONT-CELL-NEUROSCI.15.624826.2021,Macrophage,,mouse,false,Mrc1,explicit,Results; Supplementary Figure 12,"In the intact nerve, macrophage express genes Aif1/Iba1, Cd68, and Mrc1/Cd206 (Supplementary Figure 12) and these marker genes label two sub-cluster of macrophages (cluster 15 and 16 in Figure 4A)."
FRONT-CELL-NEUROSCI.15.624826.2021,Mast cell,,mouse,false,Cma1,explicit,Results,"We used marker genes Cma1, Mcpt4, Mcpt1, and Kit to identify mast cells as suggested in recent scRNA-seq data analysis in mouse sciatic nerve samples (Carr et al., 2019; Toma et al., 2020; Wolbert et al., 2020)."
FRONT-CELL-NEUROSCI.15.624826.2021,Mast cell,,mouse,false,Mcpt4,explicit,Results,"We used marker genes Cma1, Mcpt4, Mcpt1, and Kit to identify mast cells as suggested in recent scRNA-seq data analysis in mouse sciatic nerve samples (Carr et al., 2019; Toma et al., 2020; Wolbert et al., 2020)."
FRONT-CELL-NEUROSCI.15.624826.2021,Mast cell,,mouse,false,Mcpt1,explicit,Results,"We used marker genes Cma1, Mcpt4, Mcpt1, and Kit to identify mast cells as suggested in recent scRNA-seq data analysis in mouse sciatic nerve samples (Carr et al., 2019; Toma et al., 2020; Wolbert et al., 2020)."
FRONT-CELL-NEUROSCI.15.624826.2021,Mast cell,,mouse,false,Kit,explicit,Results,"We used marker genes Cma1, Mcpt4, Mcpt1, and Kit to identify mast cells as suggested in recent scRNA-seq data analysis in mouse sciatic nerve samples (Carr et al., 2019; Toma et al., 2020; Wolbert et al., 2020)."
FRONT-CELL-NEUROSCI.15.624826.2021,NK cells,,mouse,false,Ncr1,explicit,Supplementary Figure 15,"NK cells could be identified by marker genes Ncr1, Nkg7, and Klrk1"
FRONT-CELL-NEUROSCI.15.624826.2021,NK cells,,mouse,false,Nkg7,explicit,Supplementary Figure 15,"NK cells could be identified by marker genes Ncr1, Nkg7, and Klrk1"
FRONT-CELL-NEUROSCI.15.624826.2021,NK cells,,mouse,false,Klrk1,explicit,Supplementary Figure 15,"NK cells could be identified by marker genes Ncr1, Nkg7, and Klrk1"
FRONT-CELL-NEUROSCI.15.624826.2021,endothelial cells (ECs),,mouse,False,Pecam1,explicit,Results p.19,"Classic gene markers used in scRNA-seq data analysis to identify ECs include Pecam1/Cd31, Tie1, and Emcn"
FRONT-CELL-NEUROSCI.15.624826.2021,endothelial cells (ECs),,mouse,False,Cd31,explicit,Results p.19,"Classic gene markers used in scRNA-seq data analysis to identify ECs include Pecam1/Cd31, Tie1, and Emcn"
FRONT-CELL-NEUROSCI.15.624826.2021,endothelial cells (ECs),,mouse,False,Tie1,explicit,Results p.19,"Classic gene markers used in scRNA-seq data analysis to identify ECs include Pecam1/Cd31, Tie1, and Emcn"
FRONT-CELL-NEUROSCI.15.624826.2021,endothelial cells (ECs),,mouse,False,Emcn,explicit,Results p.19,"Classic gene markers used in scRNA-seq data analysis to identify ECs include Pecam1/Cd31, Tie1, and Emcn"
FRONT-CELL-NEUROSCI.15.624826.2021,endothelial cells (ECs),,mouse,False,Cdh5,explicit,Results p.19,"Our investigation revealed that Cdh5, another common marker gene for ECs, could label all four EC clusters"
FRONT-CELL-NEUROSCI.15.624826.2021,endothelial cells (ECs),,mouse,False,Egfl7,explicit,Results p.19,Further analysis indicates that Egfl7 and Ecscr are the better marker genes to identify all types of ECs in mouse sciatic nerve for scRNA-seq data analysis
FRONT-CELL-NEUROSCI.15.624826.2021,endothelial cells (ECs),,mouse,False,Ecscr,explicit,Results p.19,Further analysis indicates that Egfl7 and Ecscr are the better marker genes to identify all types of ECs in mouse sciatic nerve for scRNA-seq data analysis
FRONT-CELL-NEUROSCI.15.624826.2021,endothelial cells (ECs),lymphatic ECs,mouse,False,Lyve1,explicit,Results p.19,"Recently, Wolbert et al. also identified lymphatic ECs in the intact nerves in their scRNA-seq data analysis using lymphatic EC marker genes Lyve1 and Prox1"
FRONT-CELL-NEUROSCI.15.624826.2021,endothelial cells (ECs),lymphatic ECs,mouse,False,Prox1,explicit,Results p.19,"Recently, Wolbert et al. also identified lymphatic ECs in the intact nerves in their scRNA-seq data analysis using lymphatic EC marker genes Lyve1 and Prox1"
FRONT-CELL-NEUROSCI.15.624826.2021,endothelial cells (ECs),lymphatic ECs,mouse,False,Mmrn1,explicit,Results p.19,"Other scRNA-seq data analysis have shown that lymphatic ECs have distinct gene expression profiles including the expression of Lyve1, Mmrn1, Prox1, and Flt4. Therefore, we used these marker genes to identify the cluster containing lymphatic ECs."
FRONT-CELL-NEUROSCI.15.624826.2021,endothelial cells (ECs),lymphatic ECs,mouse,False,Flt4,explicit,Results p.19,"Other scRNA-seq data analysis have shown that lymphatic ECs have distinct gene expression profiles including the expression of Lyve1, Mmrn1, Prox1, and Flt4. Therefore, we used these marker genes to identify the cluster containing lymphatic ECs."
GLIA.69.188.2020,endothelial cells,,rat,false,Plvap,explicit,Figure 1c / Table S1,"The expressions of marker genes in each cell type, such as Plvap in endothelial cells, Hba-a2.1 in erythrocytes, Apod in fibroblasts, Lyz2 in monocytic cells, Stmn2 in neurons, S100a9 in neutrophils, Kcnj8 in pericytes, Fabp7 in satellite cells, Mpz in Schwann cells, and Acta2 in vSMCs, were demonstrated in a heatmap (Figure 1c; marker genes listed in Table S1)."
GLIA.69.188.2020,erythrocytes,,rat,false,Hba-a2.1,explicit,Figure 1c / Table S1,"The expressions of marker genes in each cell type, such as Plvap in endothelial cells, Hba-a2.1 in erythrocytes, Apod in fibroblasts, Lyz2 in monocytic cells, Stmn2 in neurons, S100a9 in neutrophils, Kcnj8 in pericytes, Fabp7 in satellite cells, Mpz in Schwann cells, and Acta2 in vSMCs, were demonstrated in a heatmap (Figure 1c; marker genes listed in Table S1)."
GLIA.69.188.2020,fibroblasts,,rat,false,Apod,explicit,Figure 1c / Table S1,"The expressions of marker genes in each cell type, such as Plvap in endothelial cells, Hba-a2.1 in erythrocytes, Apod in fibroblasts, Lyz2 in monocytic cells, Stmn2 in neurons, S100a9 in neutrophils, Kcnj8 in pericytes, Fabp7 in satellite cells, Mpz in Schwann cells, and Acta2 in vSMCs, were demonstrated in a heatmap (Figure 1c; marker genes listed in Table S1)."
GLIA.69.188.2020,monocytic cells,,rat,false,Lyz2,explicit,Figure 1c / Table S1,"The expressions of marker genes in each cell type, such as Plvap in endothelial cells, Hba-a2.1 in erythrocytes, Apod in fibroblasts, Lyz2 in monocytic cells, Stmn2 in neurons, S100a9 in neutrophils, Kcnj8 in pericytes, Fabp7 in satellite cells, Mpz in Schwann cells, and Acta2 in vSMCs, were demonstrated in a heatmap (Figure 1c; marker genes listed in Table S1)."
GLIA.69.188.2020,neurons,,rat,true,Stmn2,explicit,Figure 1c / Table S1,"The expressions of marker genes in each cell type, such as Plvap in endothelial cells, Hba-a2.1 in erythrocytes, Apod in fibroblasts, Lyz2 in monocytic cells, Stmn2 in neurons, S100a9 in neutrophils, Kcnj8 in pericytes, Fabp7 in satellite cells, Mpz in Schwann cells, and Acta2 in vSMCs, were demonstrated in a heatmap (Figure 1c; marker genes listed in Table S1)."
GLIA.69.188.2020,neutrophils,,rat,false,S100a9,explicit,Figure 1c / Table S1,"The expressions of marker genes in each cell type, such as Plvap in endothelial cells, Hba-a2.1 in erythrocytes, Apod in fibroblasts, Lyz2 in monocytic cells, Stmn2 in neurons, S100a9 in neutrophils, Kcnj8 in pericytes, Fabp7 in satellite cells, Mpz in Schwann cells, and Acta2 in vSMCs, were demonstrated in a heatmap (Figure 1c; marker genes listed in Table S1)."
GLIA.69.188.2020,pericytes,,rat,false,Kcnj8,explicit,Figure 1c / Table S1,"The expressions of marker genes in each cell type, such as Plvap in endothelial cells, Hba-a2.1 in erythrocytes, Apod in fibroblasts, Lyz2 in monocytic cells, Stmn2 in neurons, S100a9 in neutrophils, Kcnj8 in pericytes, Fabp7 in satellite cells, Mpz in Schwann cells, and Acta2 in vSMCs, were demonstrated in a heatmap (Figure 1c; marker genes listed in Table S1)."
GLIA.69.188.2020,satellite cells,,rat,true,Fabp7,explicit,Figure 1c / Table S1,"The expressions of marker genes in each cell type, such as Plvap in endothelial cells, Hba-a2.1 in erythrocytes, Apod in fibroblasts, Lyz2 in monocytic cells, Stmn2 in neurons, S100a9 in neutrophils, Kcnj8 in pericytes, Fabp7 in satellite cells, Mpz in Schwann cells, and Acta2 in vSMCs, were demonstrated in a heatmap (Figure 1c; marker genes listed in Table S1)."
GLIA.69.188.2020,Schwann cells,,rat,true,Mpz,explicit,Figure 1c / Table S1,"The expressions of marker genes in each cell type, such as Plvap in endothelial cells, Hba-a2.1 in erythrocytes, Apod in fibroblasts, Lyz2 in monocytic cells, Stmn2 in neurons, S100a9 in neutrophils, Kcnj8 in pericytes, Fabp7 in satellite cells, Mpz in Schwann cells, and Acta2 in vSMCs, were demonstrated in a heatmap (Figure 1c; marker genes listed in Table S1)."
GLIA.69.188.2020,vSMCs,,rat,false,Acta2,explicit,Figure 1c / Table S1,"The expressions of marker genes in each cell type, such as Plvap in endothelial cells, Hba-a2.1 in erythrocytes, Apod in fibroblasts, Lyz2 in monocytic cells, Stmn2 in neurons, S100a9 in neutrophils, Kcnj8 in pericytes, Fabp7 in satellite cells, Mpz in Schwann cells, and Acta2 in vSMCs, were demonstrated in a heatmap (Figure 1c; marker genes listed in Table S1)."
GLIA.69.188.2020,Schwann cell sub-type 1,sub-type 1,rat,true,LOC100134871,explicit,Figure 6c-d / Table S2,"Schwann cell sub-type 1 marker genes LOC100134871 and Hbb, Schwann cell sub-type 2 marker genes Cldn19 and Emid1, Schwann cell sub-type 3 marker genes Timp3 and Clo5a3, and Schwann cell sub-type 4 marker genes Cenpf and Mki67 were further displayed in dot plots and violin plots (Figure 6d)."
GLIA.69.188.2020,Schwann cell sub-type 1,sub-type 1,rat,true,Hbb,explicit,Figure 6c-d / Table S2,"Schwann cell sub-type 1 marker genes LOC100134871 and Hbb, Schwann cell sub-type 2 marker genes Cldn19 and Emid1, Schwann cell sub-type 3 marker genes Timp3 and Clo5a3, and Schwann cell sub-type 4 marker genes Cenpf and Mki67 were further displayed in dot plots and violin plots (Figure 6d)."
GLIA.69.188.2020,Schwann cell sub-type 2,sub-type 2,rat,true,Cldn19,explicit,Figure 6c-d / Table S2,"Schwann cell sub-type 1 marker genes LOC100134871 and Hbb, Schwann cell sub-type 2 marker genes Cldn19 and Emid1, Schwann cell sub-type 3 marker genes Timp3 and Clo5a3, and Schwann cell sub-type 4 marker genes Cenpf and Mki67 were further displayed in dot plots and violin plots (Figure 6d)."
GLIA.69.188.2020,Schwann cell sub-type 2,sub-type 2,rat,true,Emid1,explicit,Figure 6c-d / Table S2,"Schwann cell sub-type 1 marker genes LOC100134871 and Hbb, Schwann cell sub-type 2 marker genes Cldn19 and Emid1, Schwann cell sub-type 3 marker genes Timp3 and Clo5a3, and Schwann cell sub-type 4 marker genes Cenpf and Mki67 were further displayed in dot plots and violin plots (Figure 6d)."
GLIA.69.188.2020,Schwann cell sub-type 3,sub-type 3,rat,true,Timp3,explicit,Figure 6c-d / Table S2,"Schwann cell sub-type 1 marker genes LOC100134871 and Hbb, Schwann cell sub-type 2 marker genes Cldn19 and Emid1, Schwann cell sub-type 3 marker genes Timp3 and Clo5a3, and Schwann cell sub-type 4 marker genes Cenpf and Mki67 were further displayed in dot plots and violin plots (Figure 6d)."
GLIA.69.188.2020,Schwann cell sub-type 3,sub-type 3,rat,true,Clo5a3,explicit,Figure 6c-d / Table S2,"Schwann cell sub-type 1 marker genes LOC100134871 and Hbb, Schwann cell sub-type 2 marker genes Cldn19 and Emid1, Schwann cell sub-type 3 marker genes Timp3 and Clo5a3, and Schwann cell sub-type 4 marker genes Cenpf and Mki67 were further displayed in dot plots and violin plots (Figure 6d)."
GLIA.69.188.2020,Schwann cell sub-type 4,sub-type 4,rat,true,Cenpf,explicit,Figure 6c-d / Table S2,"Schwann cell sub-type 1 marker genes LOC100134871 and Hbb, Schwann cell sub-type 2 marker genes Cldn19 and Emid1, Schwann cell sub-type 3 marker genes Timp3 and Clo5a3, and Schwann cell sub-type 4 marker genes Cenpf and Mki67 were further displayed in dot plots and violin plots (Figure 6d)."
GLIA.69.188.2020,Schwann cell sub-type 4,sub-type 4,rat,true,Mki67,explicit,Figure 6c-d / Table S2,"Schwann cell sub-type 1 marker genes LOC100134871 and Hbb, Schwann cell sub-type 2 marker genes Cldn19 and Emid1, Schwann cell sub-type 3 marker genes Timp3 and Clo5a3, and Schwann cell sub-type 4 marker genes Cenpf and Mki67 were further displayed in dot plots and violin plots (Figure 6d)."
J-NEUROINFLAMM.22.205.2025,endothelial cells,,rat,false,Spock2,explicit,Introduction,"Marker genes such as Spock2, Rgcc, and Lrg1 have been validated in vivo for the identification of these subtypes, offering improved specificity over classical pan-endothelial markers like Pecam1 [23]."
J-NEUROINFLAMM.22.205.2025,endothelial cells,,rat,false,Rgcc,explicit,Introduction,"Marker genes such as Spock2, Rgcc, and Lrg1 have been validated in vivo for the identification of these subtypes, offering improved specificity over classical pan-endothelial markers like Pecam1 [23]."
J-NEUROINFLAMM.22.205.2025,endothelial cells,,rat,false,Lrg1,explicit,Introduction,"Marker genes such as Spock2, Rgcc, and Lrg1 have been validated in vivo for the identification of these subtypes, offering improved specificity over classical pan-endothelial markers like Pecam1 [23]."
J-NEUROINFLAMM.22.205.2025,endothelial cells,,rat,false,Pecam1,explicit,Introduction,"Marker genes such as Spock2, Rgcc, and Lrg1 have been validated in vivo for the identification of these subtypes, offering improved specificity over classical pan-endothelial markers like Pecam1 [23]."
J-NEUROINFLAMM.22.205.2025,NFs,,rat,false,Col1a1,explicit,Methods p.5 & Fig.1d,"Cell types were annotated based on the expression of established marker genes: NFs (Col1a1, Dcn, Col3a1). Dot plot of canonical marker genes across cell types (Fig.1d) also includes Col6a2 and Lum."
J-NEUROINFLAMM.22.205.2025,NFs,,rat,false,Dcn,explicit,Methods p.5 & Fig.1d,"Cell types were annotated based on the expression of established marker genes: NFs (Col1a1, Dcn, Col3a1). Dot plot of canonical marker genes across cell types (Fig.1d) also includes Col6a2 and Lum."
J-NEUROINFLAMM.22.205.2025,NFs,,rat,false,Col3a1,explicit,Methods p.5 & Fig.1d,"Cell types were annotated based on the expression of established marker genes: NFs (Col1a1, Dcn, Col3a1). Dot plot of canonical marker genes across cell types (Fig.1d) also includes Col6a2 and Lum."
J-NEUROINFLAMM.22.205.2025,NFs,,rat,false,Col6a2,explicit,Fig.1d,Dot plot of canonical marker genes across cell types (Fig.1d) shows Col6a2 as a marker for NFs.
J-NEUROINFLAMM.22.205.2025,NFs,,rat,false,Lum,explicit,Fig.1d,Dot plot of canonical marker genes across cell types (Fig.1d) shows Lum as a marker for NFs.
J-NEUROINFLAMM.22.205.2025,Glis,,rat,true,Mpz,explicit,Methods p.5 & Fig.1d,"Cell types were annotated based on the expression of established marker genes: Glis (Mpz, S100b, Mag). Dot plot of canonical marker genes across cell types (Fig.1d) also includes Mbp."
J-NEUROINFLAMM.22.205.2025,Glis,,rat,true,S100b,explicit,Methods p.5 & Fig.1d,"Cell types were annotated based on the expression of established marker genes: Glis (Mpz, S100b, Mag). Dot plot of canonical marker genes across cell types (Fig.1d) also includes Mbp."
J-NEUROINFLAMM.22.205.2025,Glis,,rat,true,Mag,explicit,Methods p.5 & Fig.1d,"Cell types were annotated based on the expression of established marker genes: Glis (Mpz, S100b, Mag). Dot plot of canonical marker genes across cell types (Fig.1d) also includes Mbp."
J-NEUROINFLAMM.22.205.2025,Glis,,rat,true,Mbp,explicit,Fig.1d,Dot plot of canonical marker genes across cell types (Fig.1d) shows Mbp as a marker for Glis.
J-NEUROINFLAMM.22.205.2025,immune cells,,rat,false,Aif1,explicit,Methods p.5 & Fig.1d,"Cell types were annotated based on the expression of established marker genes: immune cells (Aif1, Cd68, Cd3e). Dot plot of canonical marker genes across cell types (Fig.1d) also includes Cd3g, Inpp5d, and Adgre1."
J-NEUROINFLAMM.22.205.2025,immune cells,,rat,false,Cd68,explicit,Methods p.5 & Fig.1d,"Cell types were annotated based on the expression of established marker genes: immune cells (Aif1, Cd68, Cd3e). Dot plot of canonical marker genes across cell types (Fig.1d) also includes Cd3g, Inpp5d, and Adgre1."
J-NEUROINFLAMM.22.205.2025,immune cells,,rat,false,Cd3e,explicit,Methods p.5 & Fig.1d,"Cell types were annotated based on the expression of established marker genes: immune cells (Aif1, Cd68, Cd3e). Dot plot of canonical marker genes across cell types (Fig.1d) also includes Cd3g, Inpp5d, and Adgre1."
J-NEUROINFLAMM.22.205.2025,immune cells,,rat,false,Cd3g,explicit,Fig.1d,Dot plot of canonical marker genes across cell types (Fig.1d) shows Cd3g as a marker for immune cells.
J-NEUROINFLAMM.22.205.2025,immune cells,,rat,false,Inpp5d,explicit,Fig.1d,Dot plot of canonical marker genes across cell types (Fig.1d) shows Inpp5d as a marker for immune cells.
J-NEUROINFLAMM.22.205.2025,immune cells,,rat,false,Adgre1,explicit,Fig.1d,Dot plot of canonical marker genes across cell types (Fig.1d) shows Adgre1 as a marker for immune cells.
J-NEUROINFLAMM.22.205.2025,vascular cells,,rat,false,Vtn,explicit,Methods p.5 & Fig.1d,"Cell types were annotated based on the expression of established marker genes: vascular cells (Vtn, Esam, Plvap). Dot plot of canonical marker genes across cell types (Fig.1d) also includes Acta2 and Des."
J-NEUROINFLAMM.22.205.2025,vascular cells,,rat,false,Esam,explicit,Methods p.5 & Fig.1d,"Cell types were annotated based on the expression of established marker genes: vascular cells (Vtn, Esam, Plvap). Dot plot of canonical marker genes across cell types (Fig.1d) also includes Acta2 and Des."
J-NEUROINFLAMM.22.205.2025,vascular cells,,rat,false,Plvap,explicit,Methods p.5 & Fig.1d,"Cell types were annotated based on the expression of established marker genes: vascular cells (Vtn, Esam, Plvap). Dot plot of canonical marker genes across cell types (Fig.1d) also includes Acta2 and Des."
J-NEUROINFLAMM.22.205.2025,vascular cells,,rat,false,Acta2,explicit,Fig.1d,Dot plot of canonical marker genes across cell types (Fig.1d) shows Acta2 as a marker for vascular cells.
J-NEUROINFLAMM.22.205.2025,vascular cells,,rat,false,Des,explicit,Fig.1d,Dot plot of canonical marker genes across cell types (Fig.1d) shows Des as a marker for vascular cells.
J-NEUROINFLAMM.22.205.2025,Glis,Gli5,rat,true,Ncmap,explicit,Results p.17,"Gli5, characteristic of myelinating Schwann cells, expressed markers such as Ncmap, Sema5a, Mt1 and Kcna1."
J-NEUROINFLAMM.22.205.2025,Glis,Gli5,rat,true,Sema5a,explicit,Results p.17,"Gli5, characteristic of myelinating Schwann cells, expressed markers such as Ncmap, Sema5a, Mt1 and Kcna1."
J-NEUROINFLAMM.22.205.2025,Glis,Gli5,rat,true,Mt1,explicit,Results p.17,"Gli5, characteristic of myelinating Schwann cells, expressed markers such as Ncmap, Sema5a, Mt1 and Kcna1."
J-NEUROINFLAMM.22.205.2025,Glis,Gli5,rat,true,Kcna1,explicit,Results p.17,"Gli5, characteristic of myelinating Schwann cells, expressed markers such as Ncmap, Sema5a, Mt1 and Kcna1."
J-NEUROINFLAMM.22.205.2025,Glis,Gli0,rat,true,Clcf1,explicit,Results p.17,"Gli0 (repair Schwann cells) exhibited increased expression of genes such as Clcf1, Met, Artn, and Runx2."
J-NEUROINFLAMM.22.205.2025,Glis,Gli0,rat,true,Met,explicit,Results p.17,"Gli0 (repair Schwann cells) exhibited increased expression of genes such as Clcf1, Met, Artn, and Runx2."
J-NEUROINFLAMM.22.205.2025,Glis,Gli0,rat,true,Artn,explicit,Results p.17,"Gli0 (repair Schwann cells) exhibited increased expression of genes such as Clcf1, Met, Artn, and Runx2."
J-NEUROINFLAMM.22.205.2025,Glis,Gli0,rat,true,Runx2,explicit,Results p.17,"Gli0 (repair Schwann cells) exhibited increased expression of genes such as Clcf1, Met, Artn, and Runx2."
J-NEUROINFLAMM.22.205.2025,Glis,Gli3,rat,true,Ube2c,explicit,Results p.17,"Gli3 (proliferating Schwann cells) exhibited high expression of Ube2c, Kif14, Kif4a and Plk1."
J-NEUROINFLAMM.22.205.2025,Glis,Gli3,rat,true,Kif14,explicit,Results p.17,"Gli3 (proliferating Schwann cells) exhibited high expression of Ube2c, Kif14, Kif4a and Plk1."
J-NEUROINFLAMM.22.205.2025,Glis,Gli3,rat,true,Kif4a,explicit,Results p.17,"Gli3 (proliferating Schwann cells) exhibited high expression of Ube2c, Kif14, Kif4a and Plk1."
J-NEUROINFLAMM.22.205.2025,Glis,Gli3,rat,true,Plk1,explicit,Results p.17,"Gli3 (proliferating Schwann cells) exhibited high expression of Ube2c, Kif14, Kif4a and Plk1."
J-NEUROINFLAMM.22.205.2025,Glis,Gli2,rat,true,Nefm,explicit,Results p.17,"Gli2, which expressed genes such as Nefm, Cuedc2, Cldn19, and Mag."
J-NEUROINFLAMM.22.205.2025,Glis,Gli2,rat,true,Cuedc2,explicit,Results p.17,"Gli2, which expressed genes such as Nefm, Cuedc2, Cldn19, and Mag."
J-NEUROINFLAMM.22.205.2025,Glis,Gli2,rat,true,Cldn19,explicit,Results p.17,"Gli2, which expressed genes such as Nefm, Cuedc2, Cldn19, and Mag."
J-NEUROINFLAMM.22.205.2025,Glis,Gli2,rat,true,Mag,explicit,Results p.17,"Gli2, which expressed genes such as Nefm, Cuedc2, Cldn19, and Mag."
J-NEUROINFLAMM.22.205.2025,Mac,,mouse,False,Slpi,explicit,Discussion,distinct Mac subsets emerge—characterized by the expression of Slpi [70] and Ass1 [71]
J-NEUROINFLAMM.22.205.2025,Mac,,mouse,False,Ass1,explicit,Discussion,distinct Mac subsets emerge—characterized by the expression of Slpi [70] and Ass1 [71]
J-NEUROINFLAMM.22.205.2025,Gran,,mouse,False,S100a8/9,explicit,Discussion,"Gran identifiable by markers such as S100a8/9 [72], Anxa1 [73], Mmp8 [74], and Pglyrp1 [75]"
J-NEUROINFLAMM.22.205.2025,Gran,,mouse,False,Anxa1,explicit,Discussion,"Gran identifiable by markers such as S100a8/9 [72], Anxa1 [73], Mmp8 [74], and Pglyrp1 [75]"
J-NEUROINFLAMM.22.205.2025,Gran,,mouse,False,Mmp8,explicit,Discussion,"Gran identifiable by markers such as S100a8/9 [72], Anxa1 [73], Mmp8 [74], and Pglyrp1 [75]"
J-NEUROINFLAMM.22.205.2025,Gran,,mouse,False,Pglyrp1,explicit,Discussion,"Gran identifiable by markers such as S100a8/9 [72], Anxa1 [73], Mmp8 [74], and Pglyrp1 [75]"
J-NEUROINFLAMM.22.205.2025,NF,NF4,mouse,False,Lrg1,explicit,Discussion,"NF4, distinguished by high Lrg1 [54, 55] and Plvap [53, 76] expression"
J-NEUROINFLAMM.22.205.2025,NF,NF4,mouse,False,Plvap,explicit,Discussion,"NF4, distinguished by high Lrg1 [54, 55] and Plvap [53, 76] expression"
J-NEUROINFLAMM.22.205.2025,NF,NF0,mouse,False,Spon1,explicit,Discussion,NF0 cells—marked by Spon1
J-NEUROINFLAMM.22.205.2025,Gli,Gli0,mouse,True,Clcf1,explicit,Discussion,"Gli0 cells, characterized by the upregulation of regeneration-associated genes such as Clcf1 [77] and Runx [78,79]"
J-NEUROINFLAMM.22.205.2025,Gli,Gli0,mouse,True,Runx,explicit,Discussion,"Gli0 cells, characterized by the upregulation of regeneration-associated genes such as Clcf1 [77] and Runx [78,79]"
J-NEUROINFLAMM.22.205.2025,Gli,Gli2,mouse,True,Mag,explicit,Discussion,"Gli2 cells, which express markers including Mag [80] and Cldn19 [81]"
J-NEUROINFLAMM.22.205.2025,Gli,Gli2,mouse,True,Cldn19,explicit,Discussion,"Gli2 cells, which express markers including Mag [80] and Cldn19 [81]"
NATURE.587.619.2020,goblet cell,,mouse,false,MUC5B,explicit,Extended Data Fig. 12c,Dot plot of expression of canonical goblet cell markers MUC5B and MUC5AC and transcription factor SPDEF in mouse (left) and human (right) goblet cells.
NATURE.587.619.2020,goblet cell,,mouse,false,MUC5AC,explicit,Extended Data Fig. 12c,Dot plot of expression of canonical goblet cell markers MUC5B and MUC5AC and transcription factor SPDEF in mouse (left) and human (right) goblet cells.
NATURE.587.619.2020,goblet cell,,mouse,false,SPDEF,explicit,Extended Data Fig. 12c,Dot plot of expression of canonical goblet cell markers MUC5B and MUC5AC and transcription factor SPDEF in mouse (left) and human (right) goblet cells.
NATURE.587.619.2020,AT2 cell,,mouse,false,Sftpc,explicit,Extended Data Fig. 12c,"Alveolar section of adult mouse lung probed by smFISH for general alveolar epithelial marker Nkx2-1, AT2 marker Sftpc, and transcription factor Myrf."
NATURE.587.619.2020,AT1 cell,,mouse,false,Myrf,implied,Extended Data Fig. 12c,"Note Myrf is selectively expressed in mouse AT1 cells (Nkx2-1+ Sftpc− cells), as it is in humans (Extended Data Fig. 6c)."
NATURE.587.619.2020,alveolar epithelial cell,,mouse,false,Nkx2-1,explicit,Extended Data Fig. 12c,"Alveolar section of adult mouse lung probed by smFISH for general alveolar epithelial marker Nkx2-1, AT2 marker Sftpc, and transcription factor Myrf."
NATURE.587.619.2020,serous cell,,human,false,LTF,explicit,Extended Data Fig. 12g,"Dot plots of expression of serous cell markers LTF, LYZ, BPIFBP1 and HP showing switched expression (type 3 change) from mouse airway epithelial cells to human serous cells, which mice lack (asterisk)."
NATURE.587.619.2020,serous cell,,human,false,LYZ,explicit,Extended Data Fig. 12g,"Dot plots of expression of serous cell markers LTF, LYZ, BPIFBP1 and HP showing switched expression (type 3 change) from mouse airway epithelial cells to human serous cells, which mice lack (asterisk)."
NATURE.587.619.2020,serous cell,,human,false,BPIFBP1,explicit,Extended Data Fig. 12g,"Dot plots of expression of serous cell markers LTF, LYZ, BPIFBP1 and HP showing switched expression (type 3 change) from mouse airway epithelial cells to human serous cells, which mice lack (asterisk)."
NATURE.587.619.2020,serous cell,,human,false,HP,explicit,Extended Data Fig. 12g,"Dot plots of expression of serous cell markers LTF, LYZ, BPIFBP1 and HP showing switched expression (type 3 change) from mouse airway epithelial cells to human serous cells, which mice lack (asterisk)."
NATURE.587.619.2020,lipofibroblast,,human,false,APOE,implied,Extended Data Fig. 12g,"Dot plots of expression of lipid handling genes APOE, PLIN2 and FST show switched expression (type 3 change) from mouse alveolar stromal cells to human lipofibroblasts, which mice lack (asterisks)."
NATURE.587.619.2020,lipofibroblast,,human,false,PLIN2,implied,Extended Data Fig. 12g,"Dot plots of expression of lipid handling genes APOE, PLIN2 and FST show switched expression (type 3 change) from mouse alveolar stromal cells to human lipofibroblasts, which mice lack (asterisks)."
NATURE.587.619.2020,lipofibroblast,,human,false,FST,implied,Extended Data Fig. 12g,"Dot plots of expression of lipid handling genes APOE, PLIN2 and FST show switched expression (type 3 change) from mouse alveolar stromal cells to human lipofibroblasts, which mice lack (asterisks)."
Organoid_modeling_of_human_fetal_lung_alveolar_development_r,tip progenitor,,human,false,SOX9,implied,Introduction p.20,"The human tip epithelium is SOX9/SOX2 dual-positive during airway branching, functions as a multipotent progenitor and has been cultured as organoids."
Organoid_modeling_of_human_fetal_lung_alveolar_development_r,tip progenitor,,human,false,SOX2,implied,Introduction p.20,"The human tip epithelium is SOX9/SOX2 dual-positive during airway branching, functions as a multipotent progenitor and has been cultured as organoids."
Organoid_modeling_of_human_fetal_lung_alveolar_development_r,tip progenitor cells,early-mid,human,false,SOX9,explicit,Results p.22,"10–12 pcw distal tips were columnar and marked by SOX9, SOX2, and TPPP3."
Organoid_modeling_of_human_fetal_lung_alveolar_development_r,tip progenitor cells,early-mid,human,false,SOX2,explicit,Results p.22,"10–12 pcw distal tips were columnar and marked by SOX9, SOX2, and TPPP3."
Organoid_modeling_of_human_fetal_lung_alveolar_development_r,tip progenitor cells,early-mid,human,false,TPPP3,explicit,Results p.22,"10–12 pcw distal tips were columnar and marked by SOX9, SOX2, and TPPP3."
Organoid_modeling_of_human_fetal_lung_alveolar_development_r,tip progenitor cells,early-mid,human,false,CD44,explicit,Results p.22,CD44 marks tip epithelial cells across all stages of lung development tested.
Organoid_modeling_of_human_fetal_lung_alveolar_development_r,tip progenitor cells,late-stage,human,false,SOX9,explicit,Results p.22,"17–22 pcw distal tip epithelium contained more cuboidal SOX2+, SOX9+, TPPP3+ cells, which co-expressed AT2 cell markers, SFTPC, and HTII-280."
Organoid_modeling_of_human_fetal_lung_alveolar_development_r,tip progenitor cells,late-stage,human,false,SOX2,explicit,Results p.22,"17–22 pcw distal tip epithelium contained more cuboidal SOX2+, SOX9+, TPPP3+ cells, which co-expressed AT2 cell markers, SFTPC, and HTII-280."
Organoid_modeling_of_human_fetal_lung_alveolar_development_r,tip progenitor cells,late-stage,human,false,TPPP3,explicit,Results p.22,"17–22 pcw distal tip epithelium contained more cuboidal SOX2+, SOX9+, TPPP3+ cells, which co-expressed AT2 cell markers, SFTPC, and HTII-280."
Organoid_modeling_of_human_fetal_lung_alveolar_development_r,tip progenitor cells,late-stage,human,false,CD44,explicit,Results p.22,CD44 marks tip epithelial cells across all stages of lung development tested.
Organoid_modeling_of_human_fetal_lung_alveolar_development_r,tip progenitor cells,late-stage,human,false,CD36,explicit,Results p.22,"CD36 is specific to the 15–22 pcw stage tips where it is co-expressed with CD44, SFTPC and SOX9."
Organoid_modeling_of_human_fetal_lung_alveolar_development_r,tip progenitor cells,late-stage,human,false,SFTPC,explicit,Results p.22,"late-stage tip cells co-expressed alveolar lineage markers, such as SFTPC, LAMP3, and SLC34A2, with tip progenitor markers."
Organoid_modeling_of_human_fetal_lung_alveolar_development_r,tip progenitor cells,late-stage,human,false,LAMP3,explicit,Results p.22,"late-stage tip cells co-expressed alveolar lineage markers, such as SFTPC, LAMP3, and SLC34A2, with tip progenitor markers."
Organoid_modeling_of_human_fetal_lung_alveolar_development_r,tip progenitor cells,late-stage,human,false,SLC34A2,explicit,Results p.22,"late-stage tip cells co-expressed alveolar lineage markers, such as SFTPC, LAMP3, and SLC34A2, with tip progenitor markers."
Organoid_modeling_of_human_fetal_lung_alveolar_development_r,stalk cells,,human,false,PDPN,explicit,Fig.1E legend,Yellow dashed lines (E) indicate separation of SOX9+ tip regions from the PDPN+ stalk.
Organoid_modeling_of_human_fetal_lung_alveolar_development_r,airway progenitor cells,,human,false,SOX2,explicit,Results p.22,"qRT-PCR showed that the 17–20 pcw CD44+CD36+ cells robustly expressed CD36, CD44, SFTPC, and SOX9, but extremely low levels of the airway markers, TP63 and SOX2."
Organoid_modeling_of_human_fetal_lung_alveolar_development_r,airway progenitor cells,,human,false,TP63,explicit,Results p.22,"qRT-PCR showed that the 17–20 pcw CD44+CD36+ cells robustly expressed CD36, CD44, SFTPC, and SOX9, but extremely low levels of the airway markers, TP63 and SOX2."
Organoid_modeling_of_human_fetal_lung_alveolar_development_r,alveolar type 2 (AT2) cells,,human,false,SFTPC,explicit,Fig.1B,"late-stage tip cells co-expressed alveolar lineage markers, such as SFTPC, LAMP3, and SLC34A2, with tip progenitor markers."
Organoid_modeling_of_human_fetal_lung_alveolar_development_r,alveolar type 2 (AT2) cells,,human,false,LAMP3,explicit,Fig.1B,"late-stage tip cells co-expressed alveolar lineage markers, such as SFTPC, LAMP3, and SLC34A2, with tip progenitor markers."
Organoid_modeling_of_human_fetal_lung_alveolar_development_r,alveolar type 2 (AT2) cells,,human,false,SLC34A2,explicit,Fig.1B,"late-stage tip cells co-expressed alveolar lineage markers, such as SFTPC, LAMP3, and SLC34A2, with tip progenitor markers."
Organoid_modeling_of_human_fetal_lung_alveolar_development_r,alveolar type 2 (AT2) cells,,human,false,HOPX,explicit,Fig.3A,"Similarly, the SFTPC-GFP reporter and the AT2-specific LAMP3, HOPX, and ACE2 proteins increased"
Organoid_modeling_of_human_fetal_lung_alveolar_development_r,alveolar type 2 (AT2) cells,,human,false,ACE2,explicit,Fig.3A,"Similarly, the SFTPC-GFP reporter and the AT2-specific LAMP3, HOPX, and ACE2 proteins increased"
Organoid_modeling_of_human_fetal_lung_alveolar_development_r,alveolar type 2 (AT2) cells,,human,false,CEBPD,explicit,Fig.5K,"NKX2.1 also upregulated other AT2 markers including SCL34A2, LAMP3, CEBPD, HOPX, and AXIN2"
Organoid_modeling_of_human_fetal_lung_alveolar_development_r,alveolar type 2 (AT2) cells,,human,false,AXIN2,explicit,Fig.5K,"NKX2.1 also upregulated other AT2 markers including SCL34A2, LAMP3, CEBPD, HOPX, and AXIN2"
Organoid_modeling_of_human_fetal_lung_alveolar_development_r,alveolar type 1 (AT1) cells,,human,false,NKX2.1,explicit,Results p.28,"At 20 pcw onward, NKX2.1+, SPOCK2+ differentiating AT1 cells emerged at the SFTPC− stalk regions"
Organoid_modeling_of_human_fetal_lung_alveolar_development_r,alveolar type 1 (AT1) cells,,human,false,SPOCK2,explicit,Results p.28,"At 20 pcw onward, NKX2.1+, SPOCK2+ differentiating AT1 cells emerged at the SFTPC− stalk regions"
Organoid_modeling_of_human_fetal_lung_alveolar_development_r,basal-like cells,,human,false,TP63,explicit,Results p.30,"TFAP2C OE caused ~70% of the organoids to form bronchiolar-like structures and significantly increased basal cell markers TP63/P63, KRT5, and NGFR"
Organoid_modeling_of_human_fetal_lung_alveolar_development_r,basal-like cells,,human,false,KRT5,explicit,Results p.30,"TFAP2C OE caused ~70% of the organoids to form bronchiolar-like structures and significantly increased basal cell markers TP63/P63, KRT5, and NGFR"
Organoid_modeling_of_human_fetal_lung_alveolar_development_r,basal-like cells,,human,false,NGFR,explicit,Results p.30,"TFAP2C OE caused ~70% of the organoids to form bronchiolar-like structures and significantly increased basal cell markers TP63/P63, KRT5, and NGFR"
Organoid_modeling_of_human_fetal_lung_alveolar_development_r,myofibroblast,PDGFRA+CD141+,human,false,PDGFRA,explicit,Fig.4D-4E,"Isolated PDGFRA+CD141+ myofibroblasts express high levels of ACTA2, NOTUM, and LEF1."
Organoid_modeling_of_human_fetal_lung_alveolar_development_r,myofibroblast,PDGFRA+CD141+,human,false,CD141,explicit,Fig.4D-4E,"Isolated PDGFRA+CD141+ myofibroblasts express high levels of ACTA2, NOTUM, and LEF1."
Organoid_modeling_of_human_fetal_lung_alveolar_development_r,myofibroblast,PDGFRA+CD141+,human,false,ACTA2,explicit,Fig.4E,"Isolated PDGFRA+CD141+ myofibroblasts express high levels of ACTA2, NOTUM, and LEF1."
Organoid_modeling_of_human_fetal_lung_alveolar_development_r,myofibroblast,PDGFRA+CD141+,human,false,NOTUM,explicit,Fig.4E,"Isolated PDGFRA+CD141+ myofibroblasts express high levels of ACTA2, NOTUM, and LEF1."
Organoid_modeling_of_human_fetal_lung_alveolar_development_r,myofibroblast,PDGFRA+CD141+,human,false,LEF1,explicit,Fig.4E,"Isolated PDGFRA+CD141+ myofibroblasts express high levels of ACTA2, NOTUM, and LEF1."
Organoid_modeling_of_human_fetal_lung_alveolar_development_r,alveolar fibroblast,,human,false,WNT2,explicit,Fig.4E,PDGFRA−CD141− fibroblasts express high levels of WNT2 and FGFR4
Organoid_modeling_of_human_fetal_lung_alveolar_development_r,alveolar fibroblast,,human,false,FGFR4,explicit,Fig.4E,PDGFRA−CD141− fibroblasts express high levels of WNT2 and FGFR4
Organoid_modeling_of_human_fetal_lung_alveolar_development_r,tip cells,organoid,human,false,SOX9,explicit,Fig.3D,"UMAP plots showing transcript expression of AT2 lineage markers, SFTPC, HOPX, SLC34A2, and tip progenitor marker, SOX9, in the organoids."
Organoid_modeling_of_human_fetal_lung_alveolar_development_r,AT2-like cells,organoid,human,false,SFTPC,explicit,Fig.3D,"UMAP plots showing transcript expression of AT2 lineage markers, SFTPC, HOPX, SLC34A2, and tip progenitor marker, SOX9, in the organoids."
Organoid_modeling_of_human_fetal_lung_alveolar_development_r,AT2-like cells,organoid,human,false,HOPX,explicit,Fig.3D,"UMAP plots showing transcript expression of AT2 lineage markers, SFTPC, HOPX, SLC34A2, and tip progenitor marker, SOX9, in the organoids."
Organoid_modeling_of_human_fetal_lung_alveolar_development_r,AT2-like cells,organoid,human,false,SLC34A2,explicit,Fig.3D,"UMAP plots showing transcript expression of AT2 lineage markers, SFTPC, HOPX, SLC34A2, and tip progenitor marker, SOX9, in the organoids."
Organoid_modeling_of_human_fetal_lung_alveolar_development_r,AT2-like cells,organoid,human,false,LAMP3,explicit,Fig.3A,"Similarly, the SFTPC-GFP reporter and the AT2-specific LAMP3, HOPX, and ACE2 proteins increased"
Organoid_modeling_of_human_fetal_lung_alveolar_development_r,AT2-like cells,organoid,human,false,ACE2,explicit,Fig.3A,"Similarly, the SFTPC-GFP reporter and the AT2-specific LAMP3, HOPX, and ACE2 proteins increased"
Organoid_modeling_of_human_fetal_lung_alveolar_development_r,AT2-like cells,organoid,human,false,CEBPD,explicit,Fig.5K,"NKX2.1 also upregulated other AT2 markers including SCL34A2, LAMP3, CEBPD, HOPX, and AXIN2"
Organoid_modeling_of_human_fetal_lung_alveolar_development_r,AT2-like cells,organoid,human,false,AXIN2,explicit,Fig.5K,"NKX2.1 also upregulated other AT2 markers including SCL34A2, LAMP3, CEBPD, HOPX, and AXIN2"
Organoid_modeling_of_human_fetal_lung_alveolar_development_r,late-tip progenitor,,human,false,CD44,explicit,Discussion,"Our LinPOS organoids are derived from the CD44+,CD36+ 17–21 pcw tips."
Organoid_modeling_of_human_fetal_lung_alveolar_development_r,late-tip progenitor,,human,false,CD36,explicit,Discussion,"Our LinPOS organoids are derived from the CD44+,CD36+ 17–21 pcw tips."
Organoid_modeling_of_human_fetal_lung_alveolar_development_r,AT2 cell,,human,false,SFTPB,implied,Figure 7 legend,Western blot showing mature SFTPB and SFTPC.
Organoid_modeling_of_human_fetal_lung_alveolar_development_r,AT2 cell,,human,false,SFTPC,implied,Figure 7 legend,Western blot showing mature SFTPB and SFTPC.
Organoid_modeling_of_human_fetal_lung_alveolar_development_r,basal cell,,human,false,TP63,implied,Discussion,"Our independent single-cell ATAC-seq data of the developing human lungs from 5 to 22 pcw showed that in vivo alveolar-fated cells, including AT1, AT2, and late-stage tip cells are highly enriched with NKX2.1 motifs, while the basal cells have TP63 motifs."
PNAS.117.9466.2020,mySC,,mouse,true,Erbb3,explicit,Results p.9467 & Fig.1C,"One cluster expressed pan-Schwann cell markers (e.g., Erbb3 and S100b) and also coexpressed myelin protein genes (e.g., Mbp and Plp1)"
PNAS.117.9466.2020,mySC,,mouse,true,S100b,explicit,Results p.9467 & Fig.1C,"One cluster expressed pan-Schwann cell markers (e.g., Erbb3 and S100b) and also coexpressed myelin protein genes (e.g., Mbp and Plp1)"
PNAS.117.9466.2020,mySC,,mouse,true,Mbp,explicit,Results p.9467 & Fig.1C,"One cluster expressed pan-Schwann cell markers (e.g., Erbb3 and S100b) and also coexpressed myelin protein genes (e.g., Mbp and Plp1)"
PNAS.117.9466.2020,mySC,,mouse,true,Plp1,explicit,Results p.9467 & Fig.1C,"One cluster expressed pan-Schwann cell markers (e.g., Erbb3 and S100b) and also coexpressed myelin protein genes (e.g., Mbp and Plp1)"
PNAS.117.9466.2020,mySC,,mouse,true,Mpz,implied,Results p.9467,"The mySC cluster expressed genes encoding PNS myelin proteins (Plp1, Mbp, and Mpz)"
PNAS.117.9466.2020,mySC,,mouse,true,Sox10,implied,Results p.9467,a key SC lineage transcription factor (Sox10)
PNAS.117.9466.2020,mySC,,mouse,true,Ptn,implied,Results p.9467,"other regulators of myelination (e.g., Ptn and Cryab)"
PNAS.117.9466.2020,mySC,,mouse,true,Cryab,implied,Results p.9467,"other regulators of myelination (e.g., Ptn and Cryab)"
PNAS.117.9466.2020,mySC,,mouse,true,Apoe,implied,Results p.9467,"genes highly expressed in mySCs were associated with lipid metabolism (e.g., Apoe and Dbi1)"
PNAS.117.9466.2020,nmSC,,mouse,true,Ngfr,explicit,Results p.9467 & Fig.1C,"another cluster did not express myelin protein genes, but a known SC receptor (Ngfr/p75)"
PNAS.117.9466.2020,nmSC,,mouse,true,Apod,explicit,Results p.9467 & Fig.1E,It highly transcribed a lipoprotein gene (Apod)
PNAS.117.9466.2020,nmSC,,mouse,true,Cp,implied,Results p.9467,The nmSC cluster also expressed ceruloplasmin (Cp) involved in copper metabolism and reported as a potential pan-SC marker
PNAS.117.9466.2020,nmSC,,mouse,true,Matn2,implied,Results p.9467,"we found that expression of the genes Matn2, Myoc, Hspg2/Perlecan, Col6a, and Lama2 in nmSCs was in accordance with their known expression and/or function in the PNS"
PNAS.117.9466.2020,nmSC,,mouse,true,Myoc,implied,Results p.9467,"we found that expression of the genes Matn2, Myoc, Hspg2/Perlecan, Col6a, and Lama2 in nmSCs was in accordance with their known expression and/or function in the PNS"
PNAS.117.9466.2020,nmSC,,mouse,true,Hspg2,implied,Results p.9467,"we found that expression of the genes Matn2, Myoc, Hspg2/Perlecan, Col6a, and Lama2 in nmSCs was in accordance with their known expression and/or function in the PNS"
PNAS.117.9466.2020,nmSC,,mouse,true,Col6a,implied,Results p.9467,"we found that expression of the genes Matn2, Myoc, Hspg2/Perlecan, Col6a, and Lama2 in nmSCs was in accordance with their known expression and/or function in the PNS"
PNAS.117.9466.2020,nmSC,,mouse,true,Lama2,implied,Results p.9467,"we found that expression of the genes Matn2, Myoc, Hspg2/Perlecan, Col6a, and Lama2 in nmSCs was in accordance with their known expression and/or function in the PNS"
PNAS.117.9466.2020,nmSC,,mouse,true,Tcf4,implied,Results p.9467,"Among transcription factors, expression and/or function of Tcf4, Spry2, and Cebpd have been described in SCs"
PNAS.117.9466.2020,nmSC,,mouse,true,Spry2,implied,Results p.9467,"Among transcription factors, expression and/or function of Tcf4, Spry2, and Cebpd have been described in SCs"
PNAS.117.9466.2020,nmSC,,mouse,true,Cebpd,implied,Results p.9467,"Among transcription factors, expression and/or function of Tcf4, Spry2, and Cebpd have been described in SCs"
PNAS.117.9466.2020,nmSC,,mouse,true,Cspg4,implied,Results p.9467,"Coexpression of Ngfr/p75, Cspg4/NG2, and Pdgfr/PDGFRβ was previously described in novel pericyte-like cells in the PNS"
PNAS.117.9466.2020,nmSC,,mouse,true,Pdgfr,implied,Results p.9467,"Coexpression of Ngfr/p75, Cspg4/NG2, and Pdgfr/PDGFRβ was previously described in novel pericyte-like cells in the PNS"
PNAS.117.9466.2020,nmSC,,mouse,true,Ccl11,implied,Results p.9467,"specific cell surface molecules (e.g., Ccl11 implicated in central nervous system [CNS] myelination)"
PNAS.117.9466.2020,nmSC,,mouse,true,Mmp2,implied,Results p.9467,proteases (Mmp2)
PNAS.117.9466.2020,nmSC,,mouse,true,Osr2,implied,Results p.9467,the TF Osr2 not previously reported in glia cells
PNAS.117.9466.2020,nmSC,,mouse,true,Smoc2,explicit,Results p.9469 & Fig.1E,"From the top genes identified in the nmSC cell cluster (SI Appendix, Table S2), we selected transcripts with high and specific expression in the nmSC cluster (Apod and Smoc2)"
PNAS.117.9466.2020,fibro,,mouse,false,Fn1,explicit,Results p.9467,"An additional cluster expressed fibroblast markers (fibro; Fn1, Fgfr1, Col1a, and Col3a)"
PNAS.117.9466.2020,fibro,,mouse,false,Fgfr1,explicit,Results p.9467,"An additional cluster expressed fibroblast markers (fibro; Fn1, Fgfr1, Col1a, and Col3a)"
PNAS.117.9466.2020,fibro,,mouse,false,Col1a,explicit,Results p.9467,"An additional cluster expressed fibroblast markers (fibro; Fn1, Fgfr1, Col1a, and Col3a)"
PNAS.117.9466.2020,fibro,,mouse,false,Col3a,explicit,Results p.9467,"An additional cluster expressed fibroblast markers (fibro; Fn1, Fgfr1, Col1a, and Col3a)"
PNAS.117.9466.2020,fibro,,mouse,false,Dpt,implied,Results p.9467,"The fibro cluster expressed a variety of extracellular matrix (ECM) components (Dpt and Gsn) including specific collagen genes (Col1a1, Col1a2, Col3a1, and Col14a1)"
PNAS.117.9466.2020,fibro,,mouse,false,Gsn,implied,Results p.9467,"The fibro cluster expressed a variety of extracellular matrix (ECM) components (Dpt and Gsn) including specific collagen genes (Col1a1, Col1a2, Col3a1, and Col14a1)"
PNAS.117.9466.2020,fibro,,mouse,false,Pi16,implied,Results p.9467,"The cluster also expressed marker genes (Pi16, Clec3b, and Cygb) and TFs (Prrx1 and Aebp1)"
PNAS.117.9466.2020,fibro,,mouse,false,Clec3b,implied,Results p.9467,"The cluster also expressed marker genes (Pi16, Clec3b, and Cygb) and TFs (Prrx1 and Aebp1)"
PNAS.117.9466.2020,fibro,,mouse,false,Cygb,implied,Results p.9467,"The cluster also expressed marker genes (Pi16, Clec3b, and Cygb) and TFs (Prrx1 and Aebp1)"
PNAS.117.9466.2020,fibro,,mouse,false,Prrx1,implied,Results p.9467,TFs (Prrx1 and Aebp1)
PNAS.117.9466.2020,fibro,,mouse,false,Aebp1,implied,Results p.9467,TFs (Prrx1 and Aebp1)
PNAS.117.9466.2020,fibro,,mouse,false,Sfrp4,explicit,Results p.9469 & Fig.1E,RNA ISH of Sfrp4 showed expression in some large epineurial cells with patchy cytosolic staining pattern
PNAS.117.9466.2020,vSMC,,mouse,false,Acta2,explicit,Results p.9467,"Vascular clusters expressed canonical markers of vascular smooth muscle cells (vSMCs; Acta2, Tagln, and Tpm2)"
PNAS.117.9466.2020,vSMC,,mouse,false,Tagln,explicit,Results p.9467,"Vascular clusters expressed canonical markers of vascular smooth muscle cells (vSMCs; Acta2, Tagln, and Tpm2)"
PNAS.117.9466.2020,vSMC,,mouse,false,Tpm2,explicit,Results p.9467,"Vascular clusters expressed canonical markers of vascular smooth muscle cells (vSMCs; Acta2, Tagln, and Tpm2)"
PNAS.117.9466.2020,PC,,mouse,false,Rgs5,explicit,Results p.9467,of pericytes (PCs; Rgs5 and Pdgrfb)
PNAS.117.9466.2020,PC,,mouse,false,Pdgrfb,explicit,Results p.9467,of pericytes (PCs; Rgs5 and Pdgrfb)
PNAS.117.9466.2020,lymph,,mouse,false,Lyve1,explicit,Results p.9467,of lymphatic endothelial cells (lymph; Lyve1 and Prox1)
PNAS.117.9466.2020,lymph,,mouse,false,Prox1,explicit,Results p.9467,of lymphatic endothelial cells (lymph; Lyve1 and Prox1)
PNAS.117.9466.2020,EC1,,mouse,false,Cldn5,explicit,Results p.9467,"of vascular endothelial cells (EC1s; Cldn5, Egfl7, and Pecam1)"
PNAS.117.9466.2020,EC1,,mouse,false,Egfl7,explicit,Results p.9467,"of vascular endothelial cells (EC1s; Cldn5, Egfl7, and Pecam1)"
PNAS.117.9466.2020,EC1,,mouse,false,Pecam1,explicit,Results p.9467,"of vascular endothelial cells (EC1s; Cldn5, Egfl7, and Pecam1)"
PNAS.117.9466.2020,EC2,,mouse,false,Cldn1,explicit,Results p.9467,An additional endothelial cell cluster expressed genes associated with the blood nerve barrier (EC2s; Cldn1 and Slc16a1)
PNAS.117.9466.2020,EC2,,mouse,false,Slc16a1,explicit,Results p.9467,An additional endothelial cell cluster expressed genes associated with the blood nerve barrier (EC2s; Cldn1 and Slc16a1)
PNAS.117.9466.2020,EC2,,mouse,false,Moxd1,implied,Results p.9467,Additional transcripts in the EC2 cluster were either novel to endothelial cells (Moxd1 and Ntng1)
PNAS.117.9466.2020,EC2,,mouse,false,Ntng1,implied,Results p.9467,Additional transcripts in the EC2 cluster were either novel to endothelial cells (Moxd1 and Ntng1)
PNAS.117.9466.2020,EC2,,mouse,false,Lypd2,implied,Results p.9467,"or had been described in subsets of brain or lung endothelial cells (e.g., Lypd2, Krt19 and Dleu7)"
PNAS.117.9466.2020,EC2,,mouse,false,Krt19,implied,Results p.9467,"or had been described in subsets of brain or lung endothelial cells (e.g., Lypd2, Krt19 and Dleu7)"
PNAS.117.9466.2020,EC2,,mouse,false,Dleu7,implied,Results p.9467,"or had been described in subsets of brain or lung endothelial cells (e.g., Lypd2, Krt19 and Dleu7)"
PNAS.117.9466.2020,TC,,mouse,false,Cd3e,explicit,Results p.9467,T cells (TCs; Cd3e) and B cells (BCs; Cd79)
PNAS.117.9466.2020,TC,,mouse,false,Cd3d,implied,Results p.9469,The TC cluster (Cd3e and Cd3d) expressed markers of both the helper T cell (Il7r) and cytotoxic (Cd8a and Cd8b1) subsets
PNAS.117.9466.2020,TC,,mouse,false,Il7r,implied,Results p.9469,The TC cluster (Cd3e and Cd3d) expressed markers of both the helper T cell (Il7r) and cytotoxic (Cd8a and Cd8b1) subsets
PNAS.117.9466.2020,TC,,mouse,false,Cd8a,implied,Results p.9469,The TC cluster (Cd3e and Cd3d) expressed markers of both the helper T cell (Il7r) and cytotoxic (Cd8a and Cd8b1) subsets
PNAS.117.9466.2020,TC,,mouse,false,Cd8b1,implied,Results p.9469,The TC cluster (Cd3e and Cd3d) expressed markers of both the helper T cell (Il7r) and cytotoxic (Cd8a and Cd8b1) subsets
PNAS.117.9466.2020,TC,,mouse,false,Klrd1,implied,Results p.9469,"T cell subsets and natural killer (NK) cells (Klrd1, Klrg1, and Nkg7) did not separate into subclusters due to their low total cell number"
PNAS.117.9466.2020,TC,,mouse,false,Klrg1,implied,Results p.9469,"T cell subsets and natural killer (NK) cells (Klrd1, Klrg1, and Nkg7) did not separate into subclusters due to their low total cell number"
PNAS.117.9466.2020,TC,,mouse,false,Nkg7,implied,Results p.9469,"T cell subsets and natural killer (NK) cells (Klrd1, Klrg1, and Nkg7) did not separate into subclusters due to their low total cell number"
PNAS.117.9466.2020,TC,,mouse,false,Cd2,explicit,Results p.9469 & Fig.3G,TCs (Cd3e and Cd2)
PNAS.117.9466.2020,BC,,mouse,false,Cd79,explicit,Results p.9467,B cells (BCs; Cd79)
PNAS.117.9466.2020,BC,,mouse,false,Ms4a1,implied,Results p.9469,"The BC cluster (Cd79a and Ms4a1/Cd20) expressed markers of naive, nonclass-switched B cells (Ighd, negative for: Xbp1, Sdc1/Cd138) and genes associated with antigen presentation (e.g., H2-Aa)"
PNAS.117.9466.2020,BC,,mouse,false,Ighd,implied,Results p.9469,"The BC cluster (Cd79a and Ms4a1/Cd20) expressed markers of naive, nonclass-switched B cells (Ighd, negative for: Xbp1, Sdc1/Cd138) and genes associated with antigen presentation (e.g., H2-Aa)"
PNAS.117.9466.2020,BC,,mouse,false,H2-Aa,implied,Results p.9469,"genes associated with antigen presentation (e.g., H2-Aa)"
PNAS.117.9466.2020,BC,,mouse,false,Cd79a,explicit,Results p.9469 & Fig.3G,BCs (Cd79a and Ighm)
PNAS.117.9466.2020,BC,,mouse,false,Ighm,explicit,Results p.9469 & Fig.3G,BCs (Cd79a and Ighm)
PNAS.117.9466.2020,MC,,mouse,false,Lyz2,explicit,Results p.9467,specifically markers of the myeloid cell lineage (MC; Lyz2)
PNAS.117.9466.2020,MC,,mouse,false,Fcgr3,implied,Results p.9469,The MC cluster expressed markers of nonclassical monocytes (Fcgr3/CD16) and genes associated with long-lived CNS microglia (Cx3cr1)
PNAS.117.9466.2020,MC,,mouse,false,Cx3cr1,implied,Results p.9469,The MC cluster expressed markers of nonclassical monocytes (Fcgr3/CD16) and genes associated with long-lived CNS microglia (Cx3cr1)
PNAS.117.9466.2020,MC,,mouse,false,Csf1r,implied,Results p.9469,activation (Csf1r)
PNAS.117.9466.2020,MC,,mouse,false,Cd300a,implied,Results p.9469,phagocytosis (Cd300a)
PNAS.117.9466.2020,MC,,mouse,false,Clec4e,implied,Results p.9469,pattern recognition (Clec4e)
PNAS.117.9466.2020,MC,,mouse,false,RT1-Bb,implied,Results p.9469,"The second cluster (MC) expressed high levels of antigen-presenting molecules (e.g., RT1-Bb) and alternative trafficking molecules (Ccl17, Ccl6, and Alcam)"
PNAS.117.9466.2020,MC,,mouse,false,Ccl17,implied,Results p.9469,"The second cluster (MC) expressed high levels of antigen-presenting molecules (e.g., RT1-Bb) and alternative trafficking molecules (Ccl17, Ccl6, and Alcam)"
PNAS.117.9466.2020,MC,,mouse,false,Alcam,implied,Results p.9469,"The second cluster (MC) expressed high levels of antigen-presenting molecules (e.g., RT1-Bb) and alternative trafficking molecules (Ccl17, Ccl6, and Alcam)"
PNAS.117.9466.2020,MP,,mouse,false,Cd68,explicit,Results p.9467,macrophages (MP; Cd68)
PNAS.117.9466.2020,MP,,mouse,false,Adgre1,implied,Results p.9469,"The MP cluster (Adgre1/F4/80) expressed markers of classical monocytes (Cd14), nervous system-resident macrophages (Aif1/Iba1), and unique chemokines (e.g., Ccl6, Ccl9, and Ccl4)"
PNAS.117.9466.2020,MP,,mouse,false,Cd14,implied,Results p.9469,"The MP cluster (Adgre1/F4/80) expressed markers of classical monocytes (Cd14), nervous system-resident macrophages (Aif1/Iba1), and unique chemokines (e.g., Ccl6, Ccl9, and Ccl4)"
PNAS.117.9466.2020,MP,,mouse,false,Aif1,implied,Results p.9469,"The MP cluster (Adgre1/F4/80) expressed markers of classical monocytes (Cd14), nervous system-resident macrophages (Aif1/Iba1), and unique chemokines (e.g., Ccl6, Ccl9, and Ccl4)"
PNAS.117.9466.2020,MP,,mouse,false,Ccl6,implied,Results p.9469,"unique chemokines (e.g., Ccl6, Ccl9, and Ccl4)"
PNAS.117.9466.2020,MP,,mouse,false,Ccl9,implied,Results p.9469,"unique chemokines (e.g., Ccl6, Ccl9, and Ccl4)"
PNAS.117.9466.2020,MP,,mouse,false,Ccl4,implied,Results p.9469,"unique chemokines (e.g., Ccl6, Ccl9, and Ccl4)"
PNAS.117.9466.2020,MP,,mouse,false,Pf4,implied,Results p.9469,The MP cluster expressed Pf4/Cxcl4
PNAS.117.9466.2020,MP,,mouse,false,Ms4a7,implied,Results p.9469,One cluster (MPs) expressed features of classical monocytes (Cd14 and Ms4a7)
PNAS.117.9466.2020,MP,,mouse,false,C1qb,implied,Results p.9469,"complement components (e.g., C1qb)"
PNAS.117.9466.2020,MP,,mouse,false,Ccl3,implied,Results p.9469,"specific chemokines (Ccl4, Ccl3, and Cxcl2)"
PNAS.117.9466.2020,MP,,mouse,false,Cxcl2,implied,Results p.9469,"specific chemokines (Ccl4, Ccl3, and Cxcl2)"
PNAS.117.9466.2020,pDC,,mouse,false,Flt3,implied,Results p.9472,pDCs (Flt3 and Siglech)
PNAS.117.9466.2020,pDC,,mouse,false,Siglech,implied,Results p.9472,pDCs (Flt3 and Siglech)
PNAS.117.9466.2020,mast,,rat,false,Cma1,explicit,Results p.9469 & Fig.3G,a small cluster of mast cells (Cma1 and Mcpt8)
PNAS.117.9466.2020,mast,,rat,false,Mcpt8,explicit,Results p.9469 & Fig.3G,a small cluster of mast cells (Cma1 and Mcpt8)
PNAS.117.9466.2020,nonmyelinating SCs,,mouse,true,Ccl11,implied,Discussion,"We found considerable transcriptional differences between mySCs and nmSCs. Although nmSCs clearly expressed SC lineage markers by transcriptomics, ISH, and IHC (Figs. 1D and 2 B and C), this cluster expressed multiple transcripts (e.g., Ccl11), including a specific transcription factor (Osr2) that had not been previously associated with PNS glia cells."
PNAS.117.9466.2020,nonmyelinating SCs,,mouse,true,Osr2,implied,Discussion,"this cluster expressed multiple transcripts (e.g., Ccl11), including a specific transcription factor (Osr2) that had not been previously associated with PNS glia cells."
PNAS.117.9466.2020,nonmyelinating SCs,,mouse,true,Tcf4,implied,Discussion,"we also identified a number of genes that were previously associated with myelination, but showed the highest expression in nmSCs rather than mySCs (e.g., Tcf4, Spry2, and Ebf1)."
PNAS.117.9466.2020,nonmyelinating SCs,,mouse,true,Spry2,implied,Discussion,"we also identified a number of genes that were previously associated with myelination, but showed the highest expression in nmSCs rather than mySCs (e.g., Tcf4, Spry2, and Ebf1)."
PNAS.117.9466.2020,nonmyelinating SCs,,mouse,true,Ebf1,implied,Discussion,"we also identified a number of genes that were previously associated with myelination, but showed the highest expression in nmSCs rather than mySCs (e.g., Tcf4, Spry2, and Ebf1)."
PNAS.117.9466.2020,nerve-associated myeloid cells,Pf4-expressing macrophages,mouse,false,Pf4,implied,Discussion,We speculate that endoneurial Pf4-expressing vs. Cx3cr1-expressing macrophages constitute PNS-resident myeloid lineage cells of different source and ontogenetic origin.
PNAS.117.9466.2020,nerve-associated myeloid cells,Cx3cr1-expressing macrophages,mouse,false,Cx3cr1,implied,Discussion,We speculate that endoneurial Pf4-expressing vs. Cx3cr1-expressing macrophages constitute PNS-resident myeloid lineage cells of different source and ontogenetic origin.
PNAS.117.9466.2020,Schwann cell,,human,True,SOX10,implied,Methods: Immunofluorescence,"The following antibodies were used: CD45, CD68, CD8, CD4, CD34, SMA/ACTA2, SOX10, and MBP."
PNAS.117.9466.2020,Schwann cell,,human,True,MBP,implied,Methods: Immunofluorescence,"The following antibodies were used: CD45, CD68, CD8, CD4, CD34, SMA/ACTA2, SOX10, and MBP."
PNAS.117.9466.2020,Endothelial cell,,human,False,CD34,implied,Methods: Immunofluorescence,"The following antibodies were used: CD45, CD68, CD8, CD4, CD34, SMA/ACTA2, SOX10, and MBP."
PNAS.117.9466.2020,Pericyte,,human,False,ACTA2,implied,Methods: Immunofluorescence,"The following antibodies were used: CD45, CD68, CD8, CD4, CD34, SMA/ACTA2, SOX10, and MBP."
PNAS.117.9466.2020,Leukocyte,,human,False,CD45,implied,Methods: Immunofluorescence,"The following antibodies were used: CD45, CD68, CD8, CD4, CD34, SMA/ACTA2, SOX10, and MBP."
PNAS.117.9466.2020,Macrophage,,human,False,CD68,implied,Methods: Immunofluorescence,"The following antibodies were used: CD45, CD68, CD8, CD4, CD34, SMA/ACTA2, SOX10, and MBP."
PNAS.117.9466.2020,T cell,CD4+ T cell,human,False,CD4,implied,Methods: Immunofluorescence,"The following antibodies were used: CD45, CD68, CD8, CD4, CD34, SMA/ACTA2, SOX10, and MBP."
PNAS.117.9466.2020,T cell,CD8+ T cell,human,False,CD8,implied,Methods: Immunofluorescence,"The following antibodies were used: CD45, CD68, CD8, CD4, CD34, SMA/ACTA2, SOX10, and MBP."
s41467-025-60371-7,aCaps,,human,false,EDNRB,explicit,Fig.3d,abCaps have markedly reduced expression of aCap hallmark genes EDNRB and SOSTDC1 when compared to other aCaps.
s41467-025-60371-7,aCaps,,human,false,SOSTDC1,explicit,Fig.3d,abCaps have markedly reduced expression of aCap hallmark genes EDNRB and SOSTDC1 when compared to other aCaps.
s41467-025-60371-7,aCaps,,human,false,APLN,implied,Results: Endothelial analysis,"This aberrant capillary cell-state (abCap) expresses some aCap-associated genes, e.g. APLN, EMCN, S100A4."
s41467-025-60371-7,aCaps,,human,false,EMCN,implied,Results: Endothelial analysis,"This aberrant capillary cell-state (abCap) expresses some aCap-associated genes, e.g. APLN, EMCN, S100A4."
s41467-025-60371-7,aCaps,,human,false,S100A4,implied,Results: Endothelial analysis,"This aberrant capillary cell-state (abCap) expresses some aCap-associated genes, e.g. APLN, EMCN, S100A4."
s41467-025-60371-7,aCaps,,human,false,PDGFB,explicit,Results: Endothelial analysis,"The abCaps also express certain pan-capillary markers PDGFB, RGCC, and ADGRL2."
s41467-025-60371-7,aCaps,,human,false,RGCC,explicit,Results: Endothelial analysis,"The abCaps also express certain pan-capillary markers PDGFB, RGCC, and ADGRL2."
s41467-025-60371-7,aCaps,,human,false,ADGRL2,explicit,Results: Endothelial analysis,"The abCaps also express certain pan-capillary markers PDGFB, RGCC, and ADGRL2."
s41467-025-60371-7,gCaps,,human,false,FCN3,explicit,Fig.3d,"abCaps lack expression of canonical gCap genes FCN3, IL7R, and BTNL9."
s41467-025-60371-7,gCaps,,human,false,IL7R,explicit,Fig.3d,"abCaps lack expression of canonical gCap genes FCN3, IL7R, and BTNL9."
s41467-025-60371-7,gCaps,,human,false,BTNL9,explicit,Fig.3d,"abCaps lack expression of canonical gCap genes FCN3, IL7R, and BTNL9."
s41467-025-60371-7,gCaps,,human,false,PTPRB,implied,Results: Endothelial analysis,"Similarly, abCaps express some genes associated with gCaps, e.g., PTPRB and EDN1."
s41467-025-60371-7,gCaps,,human,false,EDN1,implied,Results: Endothelial analysis,"Similarly, abCaps express some genes associated with gCaps, e.g., PTPRB and EDN1."
s41467-025-60371-7,gCaps,,human,false,PDGFB,explicit,Results: Endothelial analysis,"The abCaps also express certain pan-capillary markers PDGFB, RGCC, and ADGRL2."
s41467-025-60371-7,gCaps,,human,false,RGCC,explicit,Results: Endothelial analysis,"The abCaps also express certain pan-capillary markers PDGFB, RGCC, and ADGRL2."
s41467-025-60371-7,gCaps,,human,false,ADGRL2,explicit,Results: Endothelial analysis,"The abCaps also express certain pan-capillary markers PDGFB, RGCC, and ADGRL2."
s41467-025-60371-7,abCaps,,human,false,ANKRD1,explicit,Fig.3c,"This group of 647 cells is marked by high expression of ANKRD1, a gene that is nearly absent among all other endothelial cell clusters."
s41467-025-60371-7,abCaps,,human,false,CCN1,implied,Results: Endothelial analysis,"In addition to the YAP/TAZ signaling target ANKRD1, this population expresses relatively high levels of other YAP targets CCN1 (CYR61), CCN2 (CTGF), SERPINE1, and CRIM1."
s41467-025-60371-7,abCaps,,human,false,CCN2,implied,Results: Endothelial analysis,"In addition to the YAP/TAZ signaling target ANKRD1, this population expresses relatively high levels of other YAP targets CCN1 (CYR61), CCN2 (CTGF), SERPINE1, and CRIM1."
s41467-025-60371-7,abCaps,,human,false,SERPINE1,implied,Results: Endothelial analysis,"In addition to the YAP/TAZ signaling target ANKRD1, this population expresses relatively high levels of other YAP targets CCN1 (CYR61), CCN2 (CTGF), SERPINE1, and CRIM1."
s41467-025-60371-7,abCaps,,human,false,CRIM1,implied,Results: Endothelial analysis,"In addition to the YAP/TAZ signaling target ANKRD1, this population expresses relatively high levels of other YAP targets CCN1 (CYR61), CCN2 (CTGF), SERPINE1, and CRIM1."
s41467-025-60371-7,abCaps,,human,false,PDGFB,explicit,Results: Endothelial analysis,"The abCaps also express certain pan-capillary markers PDGFB, RGCC, and ADGRL2."
s41467-025-60371-7,abCaps,,human,false,RGCC,explicit,Results: Endothelial analysis,"The abCaps also express certain pan-capillary markers PDGFB, RGCC, and ADGRL2."
s41467-025-60371-7,abCaps,,human,false,ADGRL2,explicit,Results: Endothelial analysis,"The abCaps also express certain pan-capillary markers PDGFB, RGCC, and ADGRL2."
s41467-025-60371-7,tip cells,,human,false,ESM1,explicit,Fig.3e,"Relative to other endothelial cells, abCaps have increased expression of tip cell hallmarks ESM1, ANGPT2, APLN, MCAM, COTL1."
s41467-025-60371-7,tip cells,,human,false,ANGPT2,explicit,Fig.3e,"Relative to other endothelial cells, abCaps have increased expression of tip cell hallmarks ESM1, ANGPT2, APLN, MCAM, COTL1."
s41467-025-60371-7,tip cells,,human,false,APLN,explicit,Fig.3e,"Relative to other endothelial cells, abCaps have increased expression of tip cell hallmarks ESM1, ANGPT2, APLN, MCAM, COTL1."
s41467-025-60371-7,tip cells,,human,false,MCAM,explicit,Fig.3e,"Relative to other endothelial cells, abCaps have increased expression of tip cell hallmarks ESM1, ANGPT2, APLN, MCAM, COTL1."
s41467-025-60371-7,tip cells,,human,false,COTL1,explicit,Fig.3e,"Relative to other endothelial cells, abCaps have increased expression of tip cell hallmarks ESM1, ANGPT2, APLN, MCAM, COTL1."
s41467-025-60371-7,AT1 cells,,human,false,AGER,explicit,Fig.4d,"RNA ISH, showing decreased expression of SEMA3B in AGER-expressing AT1 cells."
s41467-025-60371-7,AT1 cells,,human,false,Hopx,explicit,Fig. 5d,"RNA ISH of Sftpc (green), Hopx (white), and Sema3b (red) on the P7 control (n = 5) and injured (n = 5) mouse lungs exhibiting co-localization of Sema3b+ within Hopx+ epithelial cells in the alveolar parenchyma."
s41467-025-60371-7,AT2 cells,,human,false,SFTPC,explicit,Fig.3f,"ANKRD1+ / PECAM1+ endothelial cells were localized to the alveolar parenchyma, near SFTPC+ alveolar type 2 (AT2) cells."
s41467-025-60371-7,abCap,,human,false,ANKRD1,explicit,Discussion,"Deeper characterization of these cells demonstrates increased expression of YAP signaling targets (e.g., CCN1, CCN2, SERPINE1, and CRIM1, along with abCap hallmark and YAP target gene ANKRD1)."
s41467-025-60371-7,endothelial cells,,human,false,PECAM1,explicit,Fig. 4e,"RNA ISH for SEMA6A (red) and PECAM1 (white), demonstrating co-localization of SEMA6A within PECAM1+ endothelial cells in term (n = 3) and preterm (n = 5) uninjured controls, with decreased expression in BPD (n = 2) and BPD + PH (n = 4)."
s41467-025-60371-7,endothelial cells,,human,false,ERG,explicit,Fig. 7b,"Immunoﬂuorescence for ERG (red) and FOXF1 (white) demonstrating co-localization of FOXF1 within ERG+ endothelial cells in the distal lung parenchyma in term (n = 3) and preterm (n = 5) uninjured controls, with decreased FOXF1 in patients with BPD (n = 2) and BPD + PH (n = 4)."
s41467-025-60371-7,endothelial cells,,human,false,Pecam1,explicit,Fig. 5e,RNA ISH of Pecam1 (white) and Sema6a (red) on the P7 control (n = 5) and injured (n = 5) mouse lungs exhibiting co-localization of Sema6a+ within Pecam1+ endothelial cells in the alveolar parenchyma.
SCI-IMMUNOL.8.adf9988.2023,LMPP/ELP,,human,false,CD34,explicit,B cell developmental niche in human fetal lungs,"including LMPP/ELP (CD34+EBF1-), pre-pro-B (EBF1+SPINK2+VPREB1+), pro-B (DNTT+), large pre-B (IL7R+MS4A1+MKI67+), small pre-B (IL7R+SPIB+MKI67-), immature B (MS4A1+IGHDloIGHMhiVPREB3hi) and mature B (MS4A1+IGHDhiIGHMhiVPREB3lo) cells"
SCI-IMMUNOL.8.adf9988.2023,pre-pro-B cells,,human,false,EBF1,explicit,B cell developmental niche in human fetal lungs,"including LMPP/ELP (CD34+EBF1-), pre-pro-B (EBF1+SPINK2+VPREB1+), pro-B (DNTT+), large pre-B (IL7R+MS4A1+MKI67+), small pre-B (IL7R+SPIB+MKI67-), immature B (MS4A1+IGHDloIGHMhiVPREB3hi) and mature B (MS4A1+IGHDhiIGHMhiVPREB3lo) cells"
SCI-IMMUNOL.8.adf9988.2023,pre-pro-B cells,,human,false,SPINK2,explicit,B cell developmental niche in human fetal lungs,"including LMPP/ELP (CD34+EBF1-), pre-pro-B (EBF1+SPINK2+VPREB1+), pro-B (DNTT+), large pre-B (IL7R+MS4A1+MKI67+), small pre-B (IL7R+SPIB+MKI67-), immature B (MS4A1+IGHDloIGHMhiVPREB3hi) and mature B (MS4A1+IGHDhiIGHMhiVPREB3lo) cells"
SCI-IMMUNOL.8.adf9988.2023,pre-pro-B cells,,human,false,VPREB1,explicit,B cell developmental niche in human fetal lungs,"including LMPP/ELP (CD34+EBF1-), pre-pro-B (EBF1+SPINK2+VPREB1+), pro-B (DNTT+), large pre-B (IL7R+MS4A1+MKI67+), small pre-B (IL7R+SPIB+MKI67-), immature B (MS4A1+IGHDloIGHMhiVPREB3hi) and mature B (MS4A1+IGHDhiIGHMhiVPREB3lo) cells"
SCI-IMMUNOL.8.adf9988.2023,pro-B cells,,human,false,DNTT,explicit,B cell developmental niche in human fetal lungs,"including LMPP/ELP (CD34+EBF1-), pre-pro-B (EBF1+SPINK2+VPREB1+), pro-B (DNTT+), large pre-B (IL7R+MS4A1+MKI67+), small pre-B (IL7R+SPIB+MKI67-), immature B (MS4A1+IGHDloIGHMhiVPREB3hi) and mature B (MS4A1+IGHDhiIGHMhiVPREB3lo) cells"
SCI-IMMUNOL.8.adf9988.2023,large pre-B cells,,human,false,IL7R,explicit,B cell developmental niche in human fetal lungs,"including LMPP/ELP (CD34+EBF1-), pre-pro-B (EBF1+SPINK2+VPREB1+), pro-B (DNTT+), large pre-B (IL7R+MS4A1+MKI67+), small pre-B (IL7R+SPIB+MKI67-), immature B (MS4A1+IGHDloIGHMhiVPREB3hi) and mature B (MS4A1+IGHDhiIGHMhiVPREB3lo) cells"
SCI-IMMUNOL.8.adf9988.2023,large pre-B cells,,human,false,MS4A1,explicit,B cell developmental niche in human fetal lungs,"including LMPP/ELP (CD34+EBF1-), pre-pro-B (EBF1+SPINK2+VPREB1+), pro-B (DNTT+), large pre-B (IL7R+MS4A1+MKI67+), small pre-B (IL7R+SPIB+MKI67-), immature B (MS4A1+IGHDloIGHMhiVPREB3hi) and mature B (MS4A1+IGHDhiIGHMhiVPREB3lo) cells"
SCI-IMMUNOL.8.adf9988.2023,large pre-B cells,,human,false,MKI67,explicit,B cell developmental niche in human fetal lungs,"including LMPP/ELP (CD34+EBF1-), pre-pro-B (EBF1+SPINK2+VPREB1+), pro-B (DNTT+), large pre-B (IL7R+MS4A1+MKI67+), small pre-B (IL7R+SPIB+MKI67-), immature B (MS4A1+IGHDloIGHMhiVPREB3hi) and mature B (MS4A1+IGHDhiIGHMhiVPREB3lo) cells"
SCI-IMMUNOL.8.adf9988.2023,small pre-B cells,,human,false,IL7R,explicit,B cell developmental niche in human fetal lungs,"including LMPP/ELP (CD34+EBF1-), pre-pro-B (EBF1+SPINK2+VPREB1+), pro-B (DNTT+), large pre-B (IL7R+MS4A1+MKI67+), small pre-B (IL7R+SPIB+MKI67-), immature B (MS4A1+IGHDloIGHMhiVPREB3hi) and mature B (MS4A1+IGHDhiIGHMhiVPREB3lo) cells"
SCI-IMMUNOL.8.adf9988.2023,small pre-B cells,,human,false,SPIB,explicit,B cell developmental niche in human fetal lungs,"including LMPP/ELP (CD34+EBF1-), pre-pro-B (EBF1+SPINK2+VPREB1+), pro-B (DNTT+), large pre-B (IL7R+MS4A1+MKI67+), small pre-B (IL7R+SPIB+MKI67-), immature B (MS4A1+IGHDloIGHMhiVPREB3hi) and mature B (MS4A1+IGHDhiIGHMhiVPREB3lo) cells"
SCI-IMMUNOL.8.adf9988.2023,immature B cells,,human,false,MS4A1,explicit,B cell developmental niche in human fetal lungs,"including LMPP/ELP (CD34+EBF1-), pre-pro-B (EBF1+SPINK2+VPREB1+), pro-B (DNTT+), large pre-B (IL7R+MS4A1+MKI67+), small pre-B (IL7R+SPIB+MKI67-), immature B (MS4A1+IGHDloIGHMhiVPREB3hi) and mature B (MS4A1+IGHDhiIGHMhiVPREB3lo) cells"
SCI-IMMUNOL.8.adf9988.2023,immature B cells,,human,false,IGHD,explicit,B cell developmental niche in human fetal lungs,"including LMPP/ELP (CD34+EBF1-), pre-pro-B (EBF1+SPINK2+VPREB1+), pro-B (DNTT+), large pre-B (IL7R+MS4A1+MKI67+), small pre-B (IL7R+SPIB+MKI67-), immature B (MS4A1+IGHDloIGHMhiVPREB3hi) and mature B (MS4A1+IGHDhiIGHMhiVPREB3lo) cells"
SCI-IMMUNOL.8.adf9988.2023,immature B cells,,human,false,IGHM,explicit,B cell developmental niche in human fetal lungs,"including LMPP/ELP (CD34+EBF1-), pre-pro-B (EBF1+SPINK2+VPREB1+), pro-B (DNTT+), large pre-B (IL7R+MS4A1+MKI67+), small pre-B (IL7R+SPIB+MKI67-), immature B (MS4A1+IGHDloIGHMhiVPREB3hi) and mature B (MS4A1+IGHDhiIGHMhiVPREB3lo) cells"
SCI-IMMUNOL.8.adf9988.2023,immature B cells,,human,false,VPREB3,explicit,B cell developmental niche in human fetal lungs,"including LMPP/ELP (CD34+EBF1-), pre-pro-B (EBF1+SPINK2+VPREB1+), pro-B (DNTT+), large pre-B (IL7R+MS4A1+MKI67+), small pre-B (IL7R+SPIB+MKI67-), immature B (MS4A1+IGHDloIGHMhiVPREB3hi) and mature B (MS4A1+IGHDhiIGHMhiVPREB3lo) cells"
SCI-IMMUNOL.8.adf9988.2023,mature B cells,,human,false,MS4A1,explicit,B cell developmental niche in human fetal lungs,"including LMPP/ELP (CD34+EBF1-), pre-pro-B (EBF1+SPINK2+VPREB1+), pro-B (DNTT+), large pre-B (IL7R+MS4A1+MKI67+), small pre-B (IL7R+SPIB+MKI67-), immature B (MS4A1+IGHDloIGHMhiVPREB3hi) and mature B (MS4A1+IGHDhiIGHMhiVPREB3lo) cells"
SCI-IMMUNOL.8.adf9988.2023,mature B cells,,human,false,IGHD,explicit,B cell developmental niche in human fetal lungs,"including LMPP/ELP (CD34+EBF1-), pre-pro-B (EBF1+SPINK2+VPREB1+), pro-B (DNTT+), large pre-B (IL7R+MS4A1+MKI67+), small pre-B (IL7R+SPIB+MKI67-), immature B (MS4A1+IGHDloIGHMhiVPREB3hi) and mature B (MS4A1+IGHDhiIGHMhiVPREB3lo) cells"
SCI-IMMUNOL.8.adf9988.2023,mature B cells,,human,false,IGHM,explicit,B cell developmental niche in human fetal lungs,"including LMPP/ELP (CD34+EBF1-), pre-pro-B (EBF1+SPINK2+VPREB1+), pro-B (DNTT+), large pre-B (IL7R+MS4A1+MKI67+), small pre-B (IL7R+SPIB+MKI67-), immature B (MS4A1+IGHDloIGHMhiVPREB3hi) and mature B (MS4A1+IGHDhiIGHMhiVPREB3lo) cells"
SCI-IMMUNOL.8.adf9988.2023,CD5+ mature B cells,,human,false,CD5,explicit,B cell developmental niche in human fetal lungs,"The final stage of mature CD5+ cells was marked by CD5, CD27, SPN (CD43), CCR10 and CCL22"
SCI-IMMUNOL.8.adf9988.2023,CD5+ mature B cells,,human,false,CD27,explicit,B cell developmental niche in human fetal lungs,"The final stage of mature CD5+ cells was marked by CD5, CD27, SPN (CD43), CCR10 and CCL22"
SCI-IMMUNOL.8.adf9988.2023,CD5+ mature B cells,,human,false,SPN,explicit,B cell developmental niche in human fetal lungs,"The final stage of mature CD5+ cells was marked by CD5, CD27, SPN (CD43), CCR10 and CCL22"
SCI-IMMUNOL.8.adf9988.2023,CD5+ mature B cells,,human,false,CCR10,explicit,B cell developmental niche in human fetal lungs,"The final stage of mature CD5+ cells was marked by CD5, CD27, SPN (CD43), CCR10 and CCL22"
SCI-IMMUNOL.8.adf9988.2023,CD5+ mature B cells,,human,false,CCL22,explicit,B cell developmental niche in human fetal lungs,"The final stage of mature CD5+ cells was marked by CD5, CD27, SPN (CD43), CCR10 and CCL22"
SCI-IMMUNOL.8.adf9988.2023,late pro-B cells,,human,false,NEIL1,explicit,B cell developmental niche in human fetal lungs,NEIL1+MKI67- late pro-B cells
SCI-IMMUNOL.8.adf9988.2023,pro-B/pre-B transition cells,,human,false,RAG1,explicit,B cell developmental niche in human fetal lungs,RAG1+MS4A1+ pro-B/pre-B transition cells
SCI-IMMUNOL.8.adf9988.2023,pro-B/pre-B transition cells,,human,false,MS4A1,explicit,B cell developmental niche in human fetal lungs,RAG1+MS4A1+ pro-B/pre-B transition cells
SCI-IMMUNOL.8.adf9988.2023,late pre-B cells,,human,false,MS4A1,explicit,B cell developmental niche in human fetal lungs,"MS4A1+ late pre-B cells that expressed the marker for surrogate light chain, IGLL1"
SCI-IMMUNOL.8.adf9988.2023,late pre-B cells,,human,false,IGLL1,explicit,B cell developmental niche in human fetal lungs,"MS4A1+ late pre-B cells that expressed the marker for surrogate light chain, IGLL1"
SCI-IMMUNOL.8.adf9988.2023,IGKC+ small pre-B cells,,human,false,IGKC,explicit,B cell developmental niche in human fetal lungs,"small pre-B cell clusters, expressing either immunoglobulin kappa (IGKC+) or lambda (IGLC2+IGLC3+) light chain genes"
SCI-IMMUNOL.8.adf9988.2023,IGLC2+IGLC3+ small pre-B cells,,human,false,IGLC2,explicit,B cell developmental niche in human fetal lungs,"small pre-B cell clusters, expressing either immunoglobulin kappa (IGKC+) or lambda (IGLC2+IGLC3+) light chain genes"
SCI-IMMUNOL.8.adf9988.2023,IGLC2+IGLC3+ small pre-B cells,,human,false,IGLC3,explicit,B cell developmental niche in human fetal lungs,"small pre-B cell clusters, expressing either immunoglobulin kappa (IGKC+) or lambda (IGLC2+IGLC3+) light chain genes"
SCI-IMMUNOL.8.adf9988.2023,T progenitors,,human,false,PTCRA,explicit,"T, NK and innate lymphoid cells in fetal lungs",a very small cluster of T progenitors (PTCRA+RAG1+RAG2+) that are likely contaminants from the thymus
SCI-IMMUNOL.8.adf9988.2023,T progenitors,,human,false,RAG1,explicit,"T, NK and innate lymphoid cells in fetal lungs",a very small cluster of T progenitors (PTCRA+RAG1+RAG2+) that are likely contaminants from the thymus
SCI-IMMUNOL.8.adf9988.2023,T progenitors,,human,false,RAG2,explicit,"T, NK and innate lymphoid cells in fetal lungs",a very small cluster of T progenitors (PTCRA+RAG1+RAG2+) that are likely contaminants from the thymus
SCI-IMMUNOL.8.adf9988.2023,ILCP,,human,false,HPN,explicit,"T, NK and innate lymphoid cells in fetal lungs",A cluster of ILCPs was identified by expression of marker genes (HPN and SCN1B (28))
SCI-IMMUNOL.8.adf9988.2023,ILCP,,human,false,SCN1B,explicit,"T, NK and innate lymphoid cells in fetal lungs",A cluster of ILCPs was identified by expression of marker genes (HPN and SCN1B (28))
SCI-IMMUNOL.8.adf9988.2023,myeloid cells,,human,false,CD68,explicit,Development of the myeloid compartment in fetal lungs,"Most myeloid cells, defined by their expression of CD68, were tissue-resident"
SCI-IMMUNOL.8.adf9988.2023,S100A12hi CD14+ monocytes,,human,false,S100A12,explicit,Development of the myeloid compartment in fetal lungs,"pro-monocyte and monocyte populations (S100A12hi CD14+, S100A12loCD14+ and CD16+)"
SCI-IMMUNOL.8.adf9988.2023,S100A12hi CD14+ monocytes,,human,false,CD14,explicit,Development of the myeloid compartment in fetal lungs,"pro-monocyte and monocyte populations (S100A12hi CD14+, S100A12loCD14+ and CD16+)"
SCI-IMMUNOL.8.adf9988.2023,S100A12lo CD14+ monocytes,,human,false,S100A12,explicit,Development of the myeloid compartment in fetal lungs,"pro-monocyte and monocyte populations (S100A12hi CD14+, S100A12loCD14+ and CD16+)"
SCI-IMMUNOL.8.adf9988.2023,S100A12lo CD14+ monocytes,,human,false,CD14,explicit,Development of the myeloid compartment in fetal lungs,"pro-monocyte and monocyte populations (S100A12hi CD14+, S100A12loCD14+ and CD16+)"
SCI-IMMUNOL.8.adf9988.2023,CD16+ monocytes,,human,false,CD16,explicit,Development of the myeloid compartment in fetal lungs,"pro-monocyte and monocyte populations (S100A12hi CD14+, S100A12loCD14+ and CD16+)"
SCI-IMMUNOL.8.adf9988.2023,CXCL2+ macrophages,,human,false,CXCL2,explicit,Development of the myeloid compartment in fetal lungs,"followed by maturing macrophage (MΦ) cell types (CXCL2+ macrophages, APOE+ macrophages, macrophages)"
SCI-IMMUNOL.8.adf9988.2023,APOE+ macrophages,,human,false,APOE,explicit,Development of the myeloid compartment in fetal lungs,"followed by maturing macrophage (MΦ) cell types (CXCL2+ macrophages, APOE+ macrophages, macrophages)"
SCI-IMMUNOL.8.adf9988.2023,macrophages,,human,false,CD206,explicit,Myeloid cells secrete IL-1β in fetal lungs,"CD206, the macrophage mannose receptor, as a marker for macrophages"
SCI-IMMUNOL.8.adf9988.2023,macrophages,,human,false,CD14,explicit,Development of the myeloid compartment in fetal lungs,whilst the fetal MΦ populations expressed markers (CD14+ CD36+ MRC1+) characteristic of postnatal and adult interstitial macrophages
SCI-IMMUNOL.8.adf9988.2023,macrophages,,human,false,CD36,explicit,Development of the myeloid compartment in fetal lungs,whilst the fetal MΦ populations expressed markers (CD14+ CD36+ MRC1+) characteristic of postnatal and adult interstitial macrophages
SCI-IMMUNOL.8.adf9988.2023,macrophages,,human,false,MRC1,explicit,Development of the myeloid compartment in fetal lungs,whilst the fetal MΦ populations expressed markers (CD14+ CD36+ MRC1+) characteristic of postnatal and adult interstitial macrophages
SCI-IMMUNOL.8.adf9988.2023,DC2,,human,false,CD1C,explicit,Myeloid cells secrete IL-1β in fetal lungs,utilizing CD1C as a marker for DC2 cells
SCI-IMMUNOL.8.adf9988.2023,HSC,,human,false,SMIM24,explicit,Development of the myeloid compartment in fetal lungs,"rare SMIM24+SPINK2+ cells, likely HSCs"
SCI-IMMUNOL.8.adf9988.2023,HSC,,human,false,SPINK2,explicit,Development of the myeloid compartment in fetal lungs,"rare SMIM24+SPINK2+ cells, likely HSCs"
