,sample,condition,leiden,cell_type,n_genes_by_counts,total_counts
Inj_3d_GGTTTTTACCCT,Inj_3d,Injured_3DPI,0,Mesenchymal cells,4633,18496.0
Inj_3d_GATAGTACTTCT,Inj_3d,Injured_3DPI,2,Schwann cells,4733,16596.0
Inj_3d_AGAGCTTACTAA,Inj_3d,Injured_3DPI,2,Schwann cells,4974,20022.0
Inj_3d_TTTACGTCAGGA,Inj_3d,Injured_3DPI,2,Schwann cells,4911,17658.0
Inj_3d_TTGGATCCTAAA,Inj_3d,Injured_3DPI,2,Schwann cells,4987,17867.0
Inj_3d_TCTTATTGCTTG,Inj_3d,Injured_3DPI,3,Mesenchymal cells,4564,15523.0
Inj_3d_GTCTTCTTCCGT,Inj_3d,Injured_3DPI,4,Endothelial cells,4835,17664.0
Inj_3d_AAAAAGGCGTTA,Inj_3d,Injured_3DPI,0,Mesenchymal cells,4736,16308.0
Inj_3d_TTTTATGCCAGG,Inj_3d,Injured_3DPI,3,Mesenchymal cells,4706,17180.0
Inj_3d_ACAACCTACTGG,Inj_3d,Injured_3DPI,6,Endothelial cells,4640,15917.0
Inj_3d_GACTAGCATTTC,Inj_3d,Injured_3DPI,3,Mesenchymal cells,4772,17511.0
Inj_3d_TCAGCCATTTCG,Inj_3d,Injured_3DPI,3,Mesenchymal cells,4806,16977.0
Inj_3d_CGTAGGTGCGAC,Inj_3d,Injured_3DPI,2,Schwann cells,4803,16585.0
Inj_3d_GCGTCCGAAGAC,Inj_3d,Injured_3DPI,3,Mesenchymal cells,4786,18290.0
Inj_3d_GCCTTGAAATTC,Inj_3d,Injured_3DPI,0,Mesenchymal cells,4223,12674.0
Inj_3d_ATATCCTGGGCA,Inj_3d,Injured_3DPI,2,Schwann cells,4821,17164.0
Inj_3d_TACCTTCCCTCT,Inj_3d,Injured_3DPI,3,Mesenchymal cells,4345,14570.0
Inj_3d_CACTTCCCATAT,Inj_3d,Injured_3DPI,5,Endothelial cells,4766,17574.0
Inj_3d_ATGGGTTTCTTA,Inj_3d,Injured_3DPI,2,Schwann cells,4480,16039.0
Inj_3d_TAGCCGGTACAG,Inj_3d,Injured_3DPI,0,Mesenchymal cells,4573,17062.0
Inj_3d_ATTCTAGCTCAT,Inj_3d,Injured_3DPI,2,Schwann cells,4537,15213.0
Inj_3d_CTCACAATTTAG,Inj_3d,Injured_3DPI,3,Mesenchymal cells,4234,16229.0
Inj_3d_GCCCTTCGCGAG,Inj_3d,Injured_3DPI,3,Mesenchymal cells,4952,22375.0
Inj_3d_TATACCTGGCCG,Inj_3d,Injured_3DPI,3,Mesenchymal cells,4545,17590.0
Inj_3d_ACTTATCCGATC,Inj_3d,Injured_3DPI,0,Mesenchymal cells,4962,17924.0
Inj_3d_GTCACTCTGTTT,Inj_3d,Injured_3DPI,3,Mesenchymal cells,4304,14143.0
Inj_3d_GCATTTCTTTGG,Inj_3d,Injured_3DPI,2,Schwann cells,4389,14562.0
Inj_3d_GGTTCCGCCCAA,Inj_3d,Injured_3DPI,0,Mesenchymal cells,4313,15309.0
Inj_3d_TTCATCACGCTG,Inj_3d,Injured_3DPI,3,Mesenchymal cells,4369,14595.0
Inj_3d_ACGATCCCATGT,Inj_3d,Injured_3DPI,3,Mesenchymal cells,4631,17711.0
Inj_3d_GACGTCCATTAT,Inj_3d,Injured_3DPI,2,Schwann cells,4240,15941.0
Inj_3d_ATTAGGATACGT,Inj_3d,Injured_3DPI,2,Schwann cells,4966,16671.0
Inj_3d_CTACTGCGACAT,Inj_3d,Injured_3DPI,0,Mesenchymal cells,3878,11406.0
Inj_3d_CATATGCCGAGT,Inj_3d,Injured_3DPI,2,Schwann cells,4460,14467.0
Inj_3d_GCGTCCGATCCT,Inj_3d,Injured_3DPI,6,Endothelial cells,4547,15720.0
Inj_3d_GCTCTATCGAGG,Inj_3d,Injured_3DPI,4,Endothelial cells,4982,17812.0
Inj_3d_ATATGCCTTATG,Inj_3d,Injured_3DPI,5,Endothelial cells,4341,13175.0
Inj_3d_GTGATACCGGAA,Inj_3d,Injured_3DPI,0,Mesenchymal cells,3695,11302.0
Inj_3d_CGATAAGCACAT,Inj_3d,Injured_3DPI,2,Schwann cells,4052,14474.0
Inj_3d_GTATTGAGGGTG,Inj_3d,Injured_3DPI,5,Endothelial cells,4074,12353.0
Inj_3d_AAGCGAAGTAAG,Inj_3d,Injured_3DPI,3,Mesenchymal cells,3592,10572.0
Inj_3d_CACCGCCCACGC,Inj_3d,Injured_3DPI,7,Pericytes/VSM,4240,14091.0
Inj_3d_CTGATTGCGCAA,Inj_3d,Injured_3DPI,3,Mesenchymal cells,4152,13884.0
Inj_3d_CATAGAACAGAA,Inj_3d,Injured_3DPI,4,Endothelial cells,4032,12860.0
Inj_3d_GCTGTGATCCCT,Inj_3d,Injured_3DPI,0,Mesenchymal cells,4102,14602.0
Inj_3d_ACCAAATCGCGA,Inj_3d,Injured_3DPI,3,Mesenchymal cells,3855,12282.0
Inj_3d_TAACGACGGCCG,Inj_3d,Injured_3DPI,3,Mesenchymal cells,3900,12459.0
Inj_3d_CAACTGAACAGA,Inj_3d,Injured_3DPI,3,Mesenchymal cells,3937,12653.0
Inj_3d_GGGCCGTCCACC,Inj_3d,Injured_3DPI,2,Schwann cells,4991,22759.0
Inj_3d_GTACCGCACTGA,Inj_3d,Injured_3DPI,5,Endothelial cells,4744,15621.0
Inj_3d_ACTTCACATACT,Inj_3d,Injured_3DPI,3,Mesenchymal cells,4536,15123.0
Inj_3d_AAGTCGGTCTCG,Inj_3d,Injured_3DPI,3,Mesenchymal cells,3800,12928.0
Inj_3d_TTTCCGGACCCG,Inj_3d,Injured_3DPI,3,Mesenchymal cells,3934,13799.0
Inj_3d_GAACATGACTAC,Inj_3d,Injured_3DPI,2,Schwann cells,3660,11107.0
Inj_3d_TTTAGGAACTGC,Inj_3d,Injured_3DPI,2,Schwann cells,3861,12034.0
Inj_3d_CTTGGTCTACCC,Inj_3d,Injured_3DPI,0,Mesenchymal cells,3622,11713.0
Inj_3d_CGTCATTGCTGA,Inj_3d,Injured_3DPI,3,Mesenchymal cells,3213,10753.0
Inj_3d_ATCGACATACTG,Inj_3d,Injured_3DPI,3,Mesenchymal cells,3884,11695.0
Inj_3d_TCTTGTGAACAG,Inj_3d,Injured_3DPI,4,Endothelial cells,3869,11670.0
Inj_3d_GACTATTGGTCC,Inj_3d,Injured_3DPI,0,Mesenchymal cells,4209,14417.0
Inj_3d_AGTTTTTTTTTG,Inj_3d,Injured_3DPI,0,Mesenchymal cells,4643,14554.0
Inj_3d_GCTTACACGGGC,Inj_3d,Injured_3DPI,2,Schwann cells,4554,15518.0
Inj_3d_CGTCACGCAACA,Inj_3d,Injured_3DPI,3,Mesenchymal cells,3910,12126.0
Inj_3d_TGCCCGCCCTCA,Inj_3d,Injured_3DPI,2,Schwann cells,4109,15054.0
Inj_3d_CTTGCCCATGTC,Inj_3d,Injured_3DPI,7,Pericytes/VSM,3664,13329.0
Inj_3d_ACCGTAATCCTT,Inj_3d,Injured_3DPI,0,Mesenchymal cells,3602,10764.0
Inj_3d_TTGCCAGCGCCT,Inj_3d,Injured_3DPI,2,Schwann cells,4426,15622.0
Inj_3d_CGGAATTTCAGA,Inj_3d,Injured_3DPI,9,Schwann cells,3358,9851.0
Inj_3d_GAAATGATAGCT,Inj_3d,Injured_3DPI,0,Mesenchymal cells,3508,10105.0
Inj_3d_AGATATGTCCCA,Inj_3d,Injured_3DPI,3,Mesenchymal cells,3660,11064.0
Inj_3d_CTTTTAGGACCC,Inj_3d,Injured_3DPI,6,Endothelial cells,3966,11256.0
Inj_3d_GAAAACATGGTC,Inj_3d,Injured_3DPI,2,Schwann cells,3853,11568.0
Inj_3d_CCGGATTCATTC,Inj_3d,Injured_3DPI,7,Pericytes/VSM,3309,8825.0
Inj_3d_TAACCACCTTCT,Inj_3d,Injured_3DPI,5,Endothelial cells,3557,9610.0
Inj_3d_GTTCTCCCGATC,Inj_3d,Injured_3DPI,3,Mesenchymal cells,3849,12343.0
Inj_3d_GAACGACCTGCA,Inj_3d,Injured_3DPI,3,Mesenchymal cells,3819,12372.0
Inj_3d_TAAACGCCGTAC,Inj_3d,Injured_3DPI,3,Mesenchymal cells,4009,12824.0
Inj_3d_GGTGCGCTTCGA,Inj_3d,Injured_3DPI,2,Schwann cells,3732,11427.0
Inj_3d_GTAAACATCTGA,Inj_3d,Injured_3DPI,11,Macrophages,2534,7318.0
Inj_3d_AACTTGTGCACA,Inj_3d,Injured_3DPI,3,Mesenchymal cells,3374,9283.0
Inj_3d_ATGCGCAGGCAT,Inj_3d,Injured_3DPI,2,Schwann cells,3663,10136.0
Inj_3d_CGCGAGCATCCC,Inj_3d,Injured_3DPI,3,Mesenchymal cells,3310,10316.0
Inj_3d_CCGACCTCAGTT,Inj_3d,Injured_3DPI,0,Mesenchymal cells,3295,9420.0
Inj_3d_TCTCCGCATCCG,Inj_3d,Injured_3DPI,2,Schwann cells,3575,11142.0
Inj_3d_GGCTTGCGACGG,Inj_3d,Injured_3DPI,0,Mesenchymal cells,3723,11812.0
Inj_3d_CTGTATCCCGTT,Inj_3d,Injured_3DPI,3,Mesenchymal cells,3809,10949.0
Inj_3d_AGATGCATCAAT,Inj_3d,Injured_3DPI,6,Endothelial cells,3645,9825.0
Inj_3d_AATCAGACCCGG,Inj_3d,Injured_3DPI,2,Schwann cells,3686,10084.0
Inj_3d_TCGGGCTCGGTC,Inj_3d,Injured_3DPI,0,Mesenchymal cells,4040,14507.0
Inj_3d_TCTATGGATTTA,Inj_3d,Injured_3DPI,0,Mesenchymal cells,3123,10359.0
Inj_3d_GTGTGCCCAAGC,Inj_3d,Injured_3DPI,3,Mesenchymal cells,3283,12268.0
Inj_3d_CATCTAGCTACT,Inj_3d,Injured_3DPI,1,Mesenchymal cells,2997,8279.0
Inj_3d_GTCGTTCGCTCG,Inj_3d,Injured_3DPI,7,Pericytes/VSM,3611,10688.0
Inj_3d_CTATACCATCCG,Inj_3d,Injured_3DPI,0,Mesenchymal cells,3309,9506.0
Inj_3d_ACTTCTCGATAA,Inj_3d,Injured_3DPI,2,Schwann cells,3875,11171.0
Inj_3d_CGGAAGGTGAAG,Inj_3d,Injured_3DPI,3,Mesenchymal cells,3911,12339.0
Inj_3d_AGCGAGCCGGCT,Inj_3d,Injured_3DPI,3,Mesenchymal cells,3995,15821.0
Inj_3d_CGCCCCGACATT,Inj_3d,Injured_3DPI,2,Schwann cells,3531,9438.0
Inj_3d_TTGTCCATTACC,Inj_3d,Injured_3DPI,2,Schwann cells,4439,13434.0
Inj_3d_CAGCCGGCCTCG,Inj_3d,Injured_3DPI,0,Mesenchymal cells,4187,13188.0
Inj_3d_GTTTAATTTATA,Inj_3d,Injured_3DPI,4,Endothelial cells,4002,10722.0
Inj_3d_TCGTTCAACGTC,Inj_3d,Injured_3DPI,5,Endothelial cells,3558,9799.0
Inj_3d_TGCACTACCGGA,Inj_3d,Injured_3DPI,0,Mesenchymal cells,3100,9313.0
Inj_3d_AGTATTGTTTTA,Inj_3d,Injured_3DPI,3,Mesenchymal cells,3605,11264.0
Inj_3d_ATTTGAACTACG,Inj_3d,Injured_3DPI,3,Mesenchymal cells,4071,12652.0
Inj_3d_CTTACTTCGGGT,Inj_3d,Injured_3DPI,3,Mesenchymal cells,3095,8869.0
Inj_3d_ACAGCAATTCAC,Inj_3d,Injured_3DPI,3,Mesenchymal cells,3676,10313.0
Inj_3d_GAAGAAAACAGG,Inj_3d,Injured_3DPI,3,Mesenchymal cells,2837,7824.0
Inj_3d_GCCGGGCTGGAC,Inj_3d,Injured_3DPI,3,Mesenchymal cells,3579,14594.0
Inj_3d_CGTCTACTATCG,Inj_3d,Injured_3DPI,0,Mesenchymal cells,3238,8818.0
Inj_3d_TCTCAGTAGGTT,Inj_3d,Injured_3DPI,3,Mesenchymal cells,2948,8789.0
Inj_3d_TGTAAAAAGTCA,Inj_3d,Injured_3DPI,0,Mesenchymal cells,2487,6986.0
Inj_3d_ATTTTTCGCTCC,Inj_3d,Injured_3DPI,3,Mesenchymal cells,2995,7667.0
Inj_3d_AATGCAGATCCG,Inj_3d,Injured_3DPI,3,Mesenchymal cells,4054,12655.0
Inj_3d_GCTTCACGTTTG,Inj_3d,Injured_3DPI,3,Mesenchymal cells,3804,11658.0
Inj_3d_GCAGCTGCCATG,Inj_3d,Injured_3DPI,0,Mesenchymal cells,3316,9381.0
Inj_3d_GAGGTTGTCCCA,Inj_3d,Injured_3DPI,3,Mesenchymal cells,3855,11387.0
Inj_3d_TTAGAGCGTAGG,Inj_3d,Injured_3DPI,3,Mesenchymal cells,2781,7516.0
Inj_3d_CCTTCGTACTCC,Inj_3d,Injured_3DPI,0,Mesenchymal cells,3773,10951.0
Inj_3d_TATTATGATGTG,Inj_3d,Injured_3DPI,3,Mesenchymal cells,2945,8621.0
Inj_3d_ATCCTTTTGACT,Inj_3d,Injured_3DPI,7,Pericytes/VSM,2989,7488.0
Inj_3d_CAGCCTCATCCC,Inj_3d,Injured_3DPI,0,Mesenchymal cells,4092,13760.0
Inj_3d_TCGCATGTAGTA,Inj_3d,Injured_3DPI,3,Mesenchymal cells,3681,11831.0
Inj_3d_ATTAAATCAGGC,Inj_3d,Injured_3DPI,0,Mesenchymal cells,3192,7968.0
Inj_3d_TTAGTAACCTGT,Inj_3d,Injured_3DPI,2,Schwann cells,3963,10566.0
Inj_3d_ATTCTAAGCCCC,Inj_3d,Injured_3DPI,3,Mesenchymal cells,3297,9778.0
Inj_3d_CTTAGCCCCAAC,Inj_3d,Injured_3DPI,0,Mesenchymal cells,3829,11515.0
Inj_3d_CTCTAACCCATT,Inj_3d,Injured_3DPI,0,Mesenchymal cells,3181,9471.0
Inj_3d_CCGCAGGGAAAA,Inj_3d,Injured_3DPI,3,Mesenchymal cells,3070,7977.0
Inj_3d_TGTTACAGAAAT,Inj_3d,Injured_3DPI,0,Mesenchymal cells,4215,12248.0
Inj_3d_TATGCCACAGCC,Inj_3d,Injured_3DPI,2,Schwann cells,3621,11201.0
Inj_3d_AGAGAGGATTAA,Inj_3d,Injured_3DPI,3,Mesenchymal cells,3004,7596.0
Inj_3d_ACCGGTTCAGTG,Inj_3d,Injured_3DPI,0,Mesenchymal cells,3415,10933.0
Inj_3d_GGCCCGACGTGC,Inj_3d,Injured_3DPI,2,Schwann cells,3931,13129.0
Inj_3d_CTGACCTAATAC,Inj_3d,Injured_3DPI,0,Mesenchymal cells,3237,8687.0
Inj_3d_ACAAGGCGCAAG,Inj_3d,Injured_3DPI,3,Mesenchymal cells,3357,9998.0
Inj_3d_TGTTTACCGATG,Inj_3d,Injured_3DPI,2,Schwann cells,4050,12344.0
Inj_3d_ACGTGTTGGGGC,Inj_3d,Injured_3DPI,6,Endothelial cells,3379,8285.0
Inj_3d_GGTTCCCGCTTC,Inj_3d,Injured_3DPI,2,Schwann cells,3230,8232.0
Inj_3d_CGGAACCAGTGT,Inj_3d,Injured_3DPI,3,Mesenchymal cells,3114,8618.0
Inj_3d_GATGACTTTACT,Inj_3d,Injured_3DPI,3,Mesenchymal cells,2807,8265.0
Inj_3d_AGGTCTTCCACG,Inj_3d,Injured_3DPI,5,Endothelial cells,3943,10589.0
Inj_3d_TAATCATTACAT,Inj_3d,Injured_3DPI,2,Schwann cells,3366,9194.0
Inj_3d_ACATAGCCAGAT,Inj_3d,Injured_3DPI,0,Mesenchymal cells,3235,8403.0
Inj_3d_CTGTGATAAACC,Inj_3d,Injured_3DPI,2,Schwann cells,3165,7830.0
Inj_3d_CGCGAGGCAACA,Inj_3d,Injured_3DPI,0,Mesenchymal cells,4080,12471.0
Inj_3d_AGTCGGTCGCAT,Inj_3d,Injured_3DPI,0,Mesenchymal cells,3363,10603.0
Inj_3d_TAACTTAACGCG,Inj_3d,Injured_3DPI,0,Mesenchymal cells,3125,7940.0
Inj_3d_TGGACTAGCAAC,Inj_3d,Injured_3DPI,3,Mesenchymal cells,3854,12088.0
Inj_3d_TGAGATGACCAC,Inj_3d,Injured_3DPI,10,Schwann cells,3623,9533.0
Inj_3d_GTCCTCACGTTC,Inj_3d,Injured_3DPI,0,Mesenchymal cells,3080,7870.0
Inj_3d_CGGACGCCCCAC,Inj_3d,Injured_3DPI,0,Mesenchymal cells,3373,11825.0
Inj_3d_ATGGGATTCTAA,Inj_3d,Injured_3DPI,3,Mesenchymal cells,3126,8379.0
Inj_3d_CCTGTCCCTTAC,Inj_3d,Injured_3DPI,0,Mesenchymal cells,3249,10533.0
Inj_3d_GCTGTTAAAACA,Inj_3d,Injured_3DPI,6,Endothelial cells,2895,6965.0
Inj_3d_GAACCCCTCTAA,Inj_3d,Injured_3DPI,2,Schwann cells,3406,10113.0
Inj_3d_GGTCCTAAGGCC,Inj_3d,Injured_3DPI,5,Endothelial cells,2981,7899.0
Inj_3d_CGTTGCTCCGTC,Inj_3d,Injured_3DPI,3,Mesenchymal cells,2429,8124.0
Inj_3d_CCCGCTAGTTTG,Inj_3d,Injured_3DPI,4,Endothelial cells,3142,7773.0
Inj_3d_CAAGCCTCGATA,Inj_3d,Injured_3DPI,0,Mesenchymal cells,3352,8931.0
Inj_3d_CCAACATGGAAA,Inj_3d,Injured_3DPI,3,Mesenchymal cells,2660,8135.0
Inj_3d_GGGCATGGTTCT,Inj_3d,Injured_3DPI,3,Mesenchymal cells,3661,10806.0
Inj_3d_CATAGTGTCGTG,Inj_3d,Injured_3DPI,3,Mesenchymal cells,3755,11900.0
Inj_3d_CGTCCGCACATA,Inj_3d,Injured_3DPI,1,Mesenchymal cells,3122,8878.0
Inj_3d_CCGTGATTGCGA,Inj_3d,Injured_3DPI,7,Pericytes/VSM,3508,10574.0
Inj_3d_GGGCTAAACGCT,Inj_3d,Injured_3DPI,0,Mesenchymal cells,2926,8439.0
Inj_3d_TGACAACTAGTC,Inj_3d,Injured_3DPI,3,Mesenchymal cells,2414,5870.0
Inj_3d_GCTATCAAGGCC,Inj_3d,Injured_3DPI,6,Endothelial cells,3468,8605.0
Inj_3d_CAACGCGCGAGC,Inj_3d,Injured_3DPI,0,Mesenchymal cells,3103,8786.0
Inj_3d_AAGCGCCACGGA,Inj_3d,Injured_3DPI,3,Mesenchymal cells,3348,9727.0
Inj_3d_CGATCTAGACTA,Inj_3d,Injured_3DPI,12,Schwann cells,2903,6535.0
Inj_3d_AAGATTGCCACA,Inj_3d,Injured_3DPI,3,Mesenchymal cells,2976,7465.0
Inj_3d_CCGGCTGTAGCC,Inj_3d,Injured_3DPI,2,Schwann cells,3377,9972.0
Inj_3d_GGTCAACTAACC,Inj_3d,Injured_3DPI,3,Mesenchymal cells,3377,9574.0
Inj_3d_TTTAGTCTCTGT,Inj_3d,Injured_3DPI,3,Mesenchymal cells,3152,8645.0
Inj_3d_TACCGATCGGGC,Inj_3d,Injured_3DPI,0,Mesenchymal cells,2891,7524.0
Inj_3d_TTCTGGGTACAA,Inj_3d,Injured_3DPI,2,Schwann cells,3701,9605.0
Inj_3d_AAGTACGCTTAG,Inj_3d,Injured_3DPI,0,Mesenchymal cells,3098,9148.0
Inj_3d_TTCTGAGGCAAC,Inj_3d,Injured_3DPI,0,Mesenchymal cells,2629,8985.0
Inj_3d_GTGACGATGATA,Inj_3d,Injured_3DPI,3,Mesenchymal cells,2910,8389.0
Inj_3d_ACAGCTAACATG,Inj_3d,Injured_3DPI,0,Mesenchymal cells,3089,8178.0
Inj_3d_TGTTCCTTAGGT,Inj_3d,Injured_3DPI,0,Mesenchymal cells,2954,8131.0
Inj_3d_AAGCTCCCGAGA,Inj_3d,Injured_3DPI,5,Endothelial cells,3103,7369.0
Inj_3d_CTACCCATGACT,Inj_3d,Injured_3DPI,0,Mesenchymal cells,2841,7837.0
Inj_3d_GACTTGCCGACT,Inj_3d,Injured_3DPI,3,Mesenchymal cells,3123,9112.0
Inj_3d_TTCACGTCCCCA,Inj_3d,Injured_3DPI,3,Mesenchymal cells,3855,11686.0
Inj_3d_CGTACGAAGGCC,Inj_3d,Injured_3DPI,3,Mesenchymal cells,3509,10293.0
Inj_3d_GGTCCACGCGCG,Inj_3d,Injured_3DPI,3,Mesenchymal cells,3743,13908.0
Inj_3d_ATCCCTGTCATT,Inj_3d,Injured_3DPI,0,Mesenchymal cells,2912,7302.0
Inj_3d_CAATTGTACTGC,Inj_3d,Injured_3DPI,3,Mesenchymal cells,2799,7905.0
Inj_3d_CTCACAACATCC,Inj_3d,Injured_3DPI,5,Endothelial cells,2600,6467.0
Inj_3d_TGCCACGGAAAT,Inj_3d,Injured_3DPI,0,Mesenchymal cells,2822,7645.0
Inj_3d_GCCCCGTTCTGG,Inj_3d,Injured_3DPI,5,Endothelial cells,3223,8558.0
Inj_3d_CGTTGCAGCCTG,Inj_3d,Injured_3DPI,1,Mesenchymal cells,3202,9605.0
Inj_3d_GCGGAATGCTCC,Inj_3d,Injured_3DPI,0,Mesenchymal cells,3129,10836.0
Inj_3d_CTGTGACAGTGG,Inj_3d,Injured_3DPI,9,Schwann cells,2935,7032.0
Inj_3d_GAGACTCATGTT,Inj_3d,Injured_3DPI,9,Schwann cells,3006,6751.0
Inj_3d_TCCGTTACGATG,Inj_3d,Injured_3DPI,2,Schwann cells,2971,7271.0
Inj_3d_AAACCCAGCCGT,Inj_3d,Injured_3DPI,3,Mesenchymal cells,3681,11585.0
Inj_3d_TGCTATAGTCTA,Inj_3d,Injured_3DPI,3,Mesenchymal cells,3215,8078.0
Inj_3d_GCCGTGTCTGCC,Inj_3d,Injured_3DPI,0,Mesenchymal cells,3090,8478.0
Inj_3d_TACCGCTCTCAT,Inj_3d,Injured_3DPI,5,Endothelial cells,2693,6227.0
Inj_3d_ACCCTGTAAACT,Inj_3d,Injured_3DPI,2,Schwann cells,3169,7329.0
Inj_3d_CGGTTAGAGTCA,Inj_3d,Injured_3DPI,0,Mesenchymal cells,2710,7144.0
Inj_3d_GTTACCCGCGTC,Inj_3d,Injured_3DPI,6,Endothelial cells,2866,7460.0
Inj_3d_GTAAGTGCGTCC,Inj_3d,Injured_3DPI,5,Endothelial cells,2998,7756.0
Inj_3d_GTGTCTGAGCTT,Inj_3d,Injured_3DPI,0,Mesenchymal cells,3087,7729.0
Inj_3d_CTGATGATTGTC,Inj_3d,Injured_3DPI,0,Mesenchymal cells,3173,7866.0
Inj_3d_CCCCAGACTAAA,Inj_3d,Injured_3DPI,3,Mesenchymal cells,3349,8785.0
Inj_3d_ACCGCATAACGA,Inj_3d,Injured_3DPI,2,Schwann cells,4155,11952.0
Inj_3d_GGGCCACTCGCG,Inj_3d,Injured_3DPI,3,Mesenchymal cells,3262,9879.0
Inj_3d_TCGTCCGATTTG,Inj_3d,Injured_3DPI,2,Schwann cells,3514,9893.0
Inj_3d_CTGAAAACATCC,Inj_3d,Injured_3DPI,0,Mesenchymal cells,2564,6414.0
Inj_3d_CAGCCGGAAGGT,Inj_3d,Injured_3DPI,0,Mesenchymal cells,3007,7494.0
Inj_3d_GTACTTCGAGAA,Inj_3d,Injured_3DPI,0,Mesenchymal cells,3194,8447.0
Inj_3d_CTATAGAGTTGA,Inj_3d,Injured_3DPI,3,Mesenchymal cells,3107,7752.0
Inj_3d_ACTTCCACGGCA,Inj_3d,Injured_3DPI,3,Mesenchymal cells,3221,9491.0
Inj_3d_CGCCAACGATCA,Inj_3d,Injured_3DPI,5,Endothelial cells,2876,7267.0
Inj_3d_ACATAGCGGCAG,Inj_3d,Injured_3DPI,0,Mesenchymal cells,2715,6513.0
Inj_3d_CTATATCAATCA,Inj_3d,Injured_3DPI,0,Mesenchymal cells,2910,7546.0
Inj_3d_CAAGCCTTGCTC,Inj_3d,Injured_3DPI,2,Schwann cells,3119,8451.0
Inj_3d_GCAGCGAACTTG,Inj_3d,Injured_3DPI,3,Mesenchymal cells,3152,9528.0
Inj_3d_CTTTTAGGCTAT,Inj_3d,Injured_3DPI,3,Mesenchymal cells,2252,6279.0
Inj_3d_TTCTTTAGGCAA,Inj_3d,Injured_3DPI,4,Endothelial cells,2681,6919.0
Inj_3d_GTTAACCTTGCG,Inj_3d,Injured_3DPI,0,Mesenchymal cells,2741,7026.0
Inj_3d_CGAAAGAGACGG,Inj_3d,Injured_3DPI,5,Endothelial cells,2488,5513.0
Inj_3d_GCTTGTACAATT,Inj_3d,Injured_3DPI,0,Mesenchymal cells,3043,7447.0
Inj_3d_CACTCAGACGTC,Inj_3d,Injured_3DPI,9,Schwann cells,2753,6892.0
Inj_3d_CGATTCTTACAG,Inj_3d,Injured_3DPI,0,Mesenchymal cells,2571,6204.0
Inj_3d_TAGGCGTAAGTC,Inj_3d,Injured_3DPI,0,Mesenchymal cells,2753,7432.0
Inj_3d_GACCAAGGAGCT,Inj_3d,Injured_3DPI,3,Mesenchymal cells,2424,5708.0
Inj_3d_CTTCTGAAAGGT,Inj_3d,Injured_3DPI,3,Mesenchymal cells,2599,6645.0
Inj_3d_CTTAAAATAGAA,Inj_3d,Injured_3DPI,3,Mesenchymal cells,3297,9513.0
Inj_3d_CTCGCAGCGGAA,Inj_3d,Injured_3DPI,2,Schwann cells,3531,9674.0
Inj_3d_CGCACTCGGCGG,Inj_3d,Injured_3DPI,3,Mesenchymal cells,3297,11108.0
Inj_3d_CTAGAGTCGGGT,Inj_3d,Injured_3DPI,12,Schwann cells,2799,6770.0
Inj_3d_GTGACTTAGTTC,Inj_3d,Injured_3DPI,9,Schwann cells,2578,5842.0
Inj_3d_GAAGGAGTGGAC,Inj_3d,Injured_3DPI,3,Mesenchymal cells,3154,9277.0
Inj_3d_TTGTGTGCCCGA,Inj_3d,Injured_3DPI,3,Mesenchymal cells,3187,9253.0
Inj_3d_GCTGATTCATAA,Inj_3d,Injured_3DPI,7,Pericytes/VSM,2755,6724.0
Inj_3d_TGTCCGACTGGT,Inj_3d,Injured_3DPI,3,Mesenchymal cells,3605,11598.0
Inj_3d_TAACCCCTCTCC,Inj_3d,Injured_3DPI,7,Pericytes/VSM,2485,5408.0
Inj_3d_CCTGTACCATGC,Inj_3d,Injured_3DPI,0,Mesenchymal cells,2525,8039.0
Inj_3d_GGTGCAGGATGC,Inj_3d,Injured_3DPI,3,Mesenchymal cells,2813,7147.0
Inj_3d_ACCGGAAACAAA,Inj_3d,Injured_3DPI,7,Pericytes/VSM,2435,5422.0
Inj_3d_TCAATTAATGTT,Inj_3d,Injured_3DPI,0,Mesenchymal cells,2526,6248.0
Inj_3d_GTTAAGGCAGAT,Inj_3d,Injured_3DPI,0,Mesenchymal cells,2873,7586.0
Inj_3d_GCGCTTGCAACC,Inj_3d,Injured_3DPI,0,Mesenchymal cells,2598,7024.0
Inj_3d_CACCCCCTACAC,Inj_3d,Injured_3DPI,0,Mesenchymal cells,2924,9342.0
Inj_3d_ATCCTGCTGGAG,Inj_3d,Injured_3DPI,3,Mesenchymal cells,2580,6798.0
Inj_3d_CTGCGAGTGAAA,Inj_3d,Injured_3DPI,5,Endothelial cells,2670,5842.0
Inj_3d_TGGTATGTACTT,Inj_3d,Injured_3DPI,5,Endothelial cells,2521,6030.0
Inj_3d_CCCTCAGGGACA,Inj_3d,Injured_3DPI,3,Mesenchymal cells,2650,6823.0
Inj_3d_CAGCCTGTACTG,Inj_3d,Injured_3DPI,5,Endothelial cells,2649,5779.0
Inj_3d_TTACGCATACCA,Inj_3d,Injured_3DPI,3,Mesenchymal cells,2446,6618.0
Inj_3d_GTTTAAAGTGGT,Inj_3d,Injured_3DPI,2,Schwann cells,3620,9274.0
Inj_3d_GGCGTGCACTCG,Inj_3d,Injured_3DPI,3,Mesenchymal cells,2603,6280.0
Inj_3d_ACCGGGTGACGT,Inj_3d,Injured_3DPI,6,Endothelial cells,2489,5949.0
Inj_3d_GTTTACGACTGT,Inj_3d,Injured_3DPI,11,Macrophages,3301,8114.0
Inj_3d_ACCAGAGGATTA,Inj_3d,Injured_3DPI,0,Mesenchymal cells,2754,6717.0
Inj_3d_CCCCCGGACCCA,Inj_3d,Injured_3DPI,0,Mesenchymal cells,2692,8504.0
Inj_3d_GGGTAGAGTCGT,Inj_3d,Injured_3DPI,5,Endothelial cells,2825,7731.0
Inj_3d_CACCTCAAGATT,Inj_3d,Injured_3DPI,0,Mesenchymal cells,2913,7097.0
Inj_3d_ACCGGAGGCGGA,Inj_3d,Injured_3DPI,9,Schwann cells,2969,8019.0
Inj_3d_ACTTCTGTGTCC,Inj_3d,Injured_3DPI,13,Endothelial cells,2807,6294.0
Inj_3d_CTTCCTATGACA,Inj_3d,Injured_3DPI,0,Mesenchymal cells,2725,7782.0
Inj_3d_TTCACCCGGATT,Inj_3d,Injured_3DPI,0,Mesenchymal cells,2860,6763.0
Inj_3d_CCGGTTAACAGG,Inj_3d,Injured_3DPI,2,Schwann cells,3071,8522.0
Inj_3d_AACCCGTCCACG,Inj_3d,Injured_3DPI,3,Mesenchymal cells,3216,9316.0
Inj_3d_GCGAAGCTAGGA,Inj_3d,Injured_3DPI,6,Endothelial cells,2424,5570.0
Inj_3d_GCGTGTTTGTGA,Inj_3d,Injured_3DPI,2,Schwann cells,3678,9461.0
Inj_3d_GGCCCATCCCTG,Inj_3d,Injured_3DPI,0,Mesenchymal cells,3562,10158.0
Inj_3d_AGCCTAGTGACG,Inj_3d,Injured_3DPI,4,Endothelial cells,2624,6068.0
Inj_3d_TGCTGTCCCGAA,Inj_3d,Injured_3DPI,0,Mesenchymal cells,3049,7984.0
Inj_3d_TGCAAACGCATT,Inj_3d,Injured_3DPI,0,Mesenchymal cells,3163,8222.0
Inj_3d_GCGATCGTCTTG,Inj_3d,Injured_3DPI,0,Mesenchymal cells,2020,6302.0
Inj_3d_CTGTGATCAGGC,Inj_3d,Injured_3DPI,0,Mesenchymal cells,2517,5972.0
Inj_3d_CGTATGTAATAG,Inj_3d,Injured_3DPI,3,Mesenchymal cells,2980,7815.0
Inj_3d_AACCCGCGGCTC,Inj_3d,Injured_3DPI,3,Mesenchymal cells,2695,6400.0
Inj_3d_CGGTATGTAGAA,Inj_3d,Injured_3DPI,2,Schwann cells,2941,6967.0
Inj_3d_ACGAAGGTCTAT,Inj_3d,Injured_3DPI,2,Schwann cells,2689,5413.0
Inj_3d_CGGCAACTCTAC,Inj_3d,Injured_3DPI,5,Endothelial cells,2936,7436.0
Inj_3d_GCGAACAGGTCA,Inj_3d,Injured_3DPI,0,Mesenchymal cells,2633,7426.0
Inj_3d_TGATGATAACTT,Inj_3d,Injured_3DPI,0,Mesenchymal cells,2243,5109.0
Inj_3d_AAGGGAGTCCAG,Inj_3d,Injured_3DPI,3,Mesenchymal cells,2341,5823.0
Inj_3d_CAGTAGCGCTGG,Inj_3d,Injured_3DPI,9,Schwann cells,2314,4616.0
Inj_3d_GAGGAATAGAGT,Inj_3d,Injured_3DPI,4,Endothelial cells,2381,5169.0
Inj_3d_GTGCAAGTAAGT,Inj_3d,Injured_3DPI,0,Mesenchymal cells,2827,7494.0
Inj_3d_GCCCTTCAGCTT,Inj_3d,Injured_3DPI,0,Mesenchymal cells,2641,6713.0
Inj_3d_AGCGTCAGGAGG,Inj_3d,Injured_3DPI,13,Endothelial cells,3708,9773.0
Inj_3d_TCGTATCGTACA,Inj_3d,Injured_3DPI,9,Schwann cells,2286,4974.0
Inj_3d_CGACTAACAGGC,Inj_3d,Injured_3DPI,7,Pericytes/VSM,2157,4839.0
Inj_3d_GAATCCTTCAGC,Inj_3d,Injured_3DPI,4,Endothelial cells,2447,4982.0
Inj_3d_GGGCTATCACGA,Inj_3d,Injured_3DPI,0,Mesenchymal cells,2225,6563.0
Inj_3d_ATGTGGGTGGGG,Inj_3d,Injured_3DPI,2,Schwann cells,3089,7529.0
Inj_3d_GGTATTATCAGG,Inj_3d,Injured_3DPI,0,Mesenchymal cells,2257,4565.0
Inj_3d_CCGGTAGGGTCA,Inj_3d,Injured_3DPI,5,Endothelial cells,2261,5239.0
Inj_3d_TCATTCAAGTGT,Inj_3d,Injured_3DPI,0,Mesenchymal cells,2158,5048.0
Inj_3d_AAACCCGGCGTT,Inj_3d,Injured_3DPI,2,Schwann cells,2758,6313.0
Inj_3d_TGCCATCCTTAC,Inj_3d,Injured_3DPI,11,Macrophages,2265,6135.0
Inj_3d_TGCTGGATGCAA,Inj_3d,Injured_3DPI,3,Mesenchymal cells,2877,8211.0
Inj_3d_ATTCCGTAGGGA,Inj_3d,Injured_3DPI,0,Mesenchymal cells,2506,6034.0
Inj_3d_AAAATTCGCTCG,Inj_3d,Injured_3DPI,3,Mesenchymal cells,2440,6683.0
Inj_3d_TAGTAATACAGC,Inj_3d,Injured_3DPI,2,Schwann cells,3097,7518.0
Inj_3d_CACGTTATATGT,Inj_3d,Injured_3DPI,1,Mesenchymal cells,2533,6561.0
Inj_3d_TTCCTCCCGGCG,Inj_3d,Injured_3DPI,0,Mesenchymal cells,2485,6543.0
Inj_3d_CTCTGTTGGTCA,Inj_3d,Injured_3DPI,3,Mesenchymal cells,2654,7217.0
Inj_3d_AGGGCAGGGTGT,Inj_3d,Injured_3DPI,0,Mesenchymal cells,2834,7356.0
Inj_3d_TATCCCGACTTC,Inj_3d,Injured_3DPI,3,Mesenchymal cells,2409,5704.0
Inj_3d_GCCGTGCTGGAG,Inj_3d,Injured_3DPI,1,Mesenchymal cells,2855,8037.0
Inj_3d_TCGCCCTTCACA,Inj_3d,Injured_3DPI,5,Endothelial cells,2954,7319.0
Inj_3d_CCCTCAGGGATG,Inj_3d,Injured_3DPI,2,Schwann cells,3099,7883.0
Inj_3d_GAAACGTTTACT,Inj_3d,Injured_3DPI,0,Mesenchymal cells,3098,7949.0
Inj_3d_CGAATAGGGAAG,Inj_3d,Injured_3DPI,0,Mesenchymal cells,2298,5766.0
Inj_3d_TTAAGAGCGAAG,Inj_3d,Injured_3DPI,1,Mesenchymal cells,2124,4983.0
Inj_3d_TTGATTATGTTA,Inj_3d,Injured_3DPI,0,Mesenchymal cells,2175,5676.0
Inj_3d_CGCGGCAGTTCC,Inj_3d,Injured_3DPI,3,Mesenchymal cells,3859,11699.0
Inj_3d_GGGCACGTTACC,Inj_3d,Injured_3DPI,2,Schwann cells,2975,7157.0
Inj_3d_GAATACACGACA,Inj_3d,Injured_3DPI,3,Mesenchymal cells,2256,5270.0
Inj_3d_TGAGGTGGCCTG,Inj_3d,Injured_3DPI,9,Schwann cells,3179,7570.0
Inj_3d_CGAGCTGATCTT,Inj_3d,Injured_3DPI,0,Mesenchymal cells,2570,6359.0
Inj_3d_GTTGTTCTCAAA,Inj_3d,Injured_3DPI,0,Mesenchymal cells,2361,5966.0
Inj_3d_TAATGACAGCCC,Inj_3d,Injured_3DPI,7,Pericytes/VSM,2187,5896.0
Inj_3d_ATCCGGCCAGGT,Inj_3d,Injured_3DPI,0,Mesenchymal cells,3572,9048.0
Inj_3d_TCTGGGCCTCTT,Inj_3d,Injured_3DPI,1,Mesenchymal cells,2748,7730.0
Inj_3d_GTTTGATGTTGA,Inj_3d,Injured_3DPI,3,Mesenchymal cells,2804,7641.0
Inj_3d_CCGTGGGTCTCC,Inj_3d,Injured_3DPI,0,Mesenchymal cells,3298,9090.0
Inj_3d_TTATTCATTATC,Inj_3d,Injured_3DPI,3,Mesenchymal cells,2828,6037.0
Inj_3d_TGTATCATATCA,Inj_3d,Injured_3DPI,3,Mesenchymal cells,2531,5887.0
Inj_3d_ATCTCCGAGCGT,Inj_3d,Injured_3DPI,7,Pericytes/VSM,2542,6122.0
Inj_3d_CCATCCGCTTGA,Inj_3d,Injured_3DPI,9,Schwann cells,2762,6784.0
Inj_3d_AATACAGTCTTA,Inj_3d,Injured_3DPI,6,Endothelial cells,2713,6761.0
Inj_3d_GTCCGCGACGCC,Inj_3d,Injured_3DPI,0,Mesenchymal cells,2737,6608.0
Inj_3d_ATGCAAGTGCGG,Inj_3d,Injured_3DPI,0,Mesenchymal cells,2901,7152.0
Inj_3d_ATGGATTGGTTC,Inj_3d,Injured_3DPI,0,Mesenchymal cells,2436,6004.0
Inj_3d_TCACGAGCGTCC,Inj_3d,Injured_3DPI,2,Schwann cells,3140,8055.0
Inj_3d_CAGTGTAACTCC,Inj_3d,Injured_3DPI,3,Mesenchymal cells,3009,8158.0
Inj_3d_CGGTTGTTCCAA,Inj_3d,Injured_3DPI,6,Endothelial cells,2258,4928.0
Inj_3d_TTAGGACTTAGT,Inj_3d,Injured_3DPI,0,Mesenchymal cells,2821,6497.0
Inj_3d_GGTCCCCCGTCA,Inj_3d,Injured_3DPI,0,Mesenchymal cells,2440,7175.0
Inj_3d_TCTTCTCGGACA,Inj_3d,Injured_3DPI,0,Mesenchymal cells,2359,6125.0
Inj_3d_ACAACCGCCTGA,Inj_3d,Injured_3DPI,0,Mesenchymal cells,2547,6670.0
Inj_3d_CACGTCTGCGGG,Inj_3d,Injured_3DPI,14,Lymphocytes,2330,6018.0
Inj_3d_CACTTCTTACGA,Inj_3d,Injured_3DPI,3,Mesenchymal cells,2317,6423.0
Inj_3d_TCCCTTTGTTGG,Inj_3d,Injured_3DPI,2,Schwann cells,2281,4352.0
Inj_3d_GTCCGGTATGTT,Inj_3d,Injured_3DPI,11,Macrophages,2281,6566.0
Inj_3d_AACAATTTTTTG,Inj_3d,Injured_3DPI,3,Mesenchymal cells,1545,4824.0
Inj_3d_TCTATGATATCT,Inj_3d,Injured_3DPI,0,Mesenchymal cells,2603,5949.0
Inj_3d_TAAAGTTAACGG,Inj_3d,Injured_3DPI,11,Macrophages,1854,4399.0
Inj_3d_CGTTCCGTAGCN,Inj_3d,Injured_3DPI,0,Mesenchymal cells,2582,7570.0
Inj_3d_CCGTCTGATCCC,Inj_3d,Injured_3DPI,3,Mesenchymal cells,2684,6757.0
Inj_3d_ACTGTATGTTTG,Inj_3d,Injured_3DPI,0,Mesenchymal cells,2522,5913.0
Inj_3d_ACCACCTTGGGA,Inj_3d,Injured_3DPI,0,Mesenchymal cells,2599,5891.0
Inj_3d_GGTATGTCCCAT,Inj_3d,Injured_3DPI,1,Mesenchymal cells,2396,6186.0
Inj_3d_GCATCGCATCAA,Inj_3d,Injured_3DPI,0,Mesenchymal cells,2371,5471.0
Inj_3d_TTTAAAGGACCT,Inj_3d,Injured_3DPI,0,Mesenchymal cells,2601,6652.0
Inj_3d_GTCCTGAGCTCG,Inj_3d,Injured_3DPI,3,Mesenchymal cells,3096,7289.0
Inj_3d_GAACTAGTAATC,Inj_3d,Injured_3DPI,1,Mesenchymal cells,2150,4670.0
Inj_3d_GATTAATTACAA,Inj_3d,Injured_3DPI,0,Mesenchymal cells,2158,4822.0
Inj_3d_GACTAAGCTTTA,Inj_3d,Injured_3DPI,7,Pericytes/VSM,2022,4270.0
Inj_3d_ATATATCCACGC,Inj_3d,Injured_3DPI,0,Mesenchymal cells,2973,8586.0
Inj_3d_ACACAACTCTCA,Inj_3d,Injured_3DPI,4,Endothelial cells,3454,7810.0
Inj_3d_GTCCACGACTCC,Inj_3d,Injured_3DPI,5,Endothelial cells,2474,6288.0
Inj_3d_GGTATAAGTTAA,Inj_3d,Injured_3DPI,0,Mesenchymal cells,2583,6070.0
Inj_3d_GGAAATCTAATA,Inj_3d,Injured_3DPI,0,Mesenchymal cells,2197,4595.0
Inj_3d_GTCCATTAAGGC,Inj_3d,Injured_3DPI,3,Mesenchymal cells,2380,6260.0
Inj_3d_CACCTGTCCATG,Inj_3d,Injured_3DPI,3,Mesenchymal cells,2454,6192.0
Inj_3d_TGTTGTCCCTGA,Inj_3d,Injured_3DPI,2,Schwann cells,2839,6992.0
Inj_3d_TAATTCTCGTCA,Inj_3d,Injured_3DPI,0,Mesenchymal cells,2537,6014.0
Inj_3d_ACCTGCTCTCTC,Inj_3d,Injured_3DPI,0,Mesenchymal cells,2671,6243.0
Inj_3d_CTTGAACATTTA,Inj_3d,Injured_3DPI,0,Mesenchymal cells,2560,6411.0
Inj_3d_CACCGAGGCGAC,Inj_3d,Injured_3DPI,9,Schwann cells,2441,5784.0
Inj_3d_CACACGATTATT,Inj_3d,Injured_3DPI,3,Mesenchymal cells,2323,6276.0
Inj_3d_AGAGTGAAGCGG,Inj_3d,Injured_3DPI,3,Mesenchymal cells,3064,8129.0
Inj_3d_CCGCGTAGATGT,Inj_3d,Injured_3DPI,9,Schwann cells,2774,6253.0
Inj_3d_GTCTACCCATCG,Inj_3d,Injured_3DPI,11,Macrophages,2073,4334.0
Inj_3d_TTGCGCTAGATG,Inj_3d,Injured_3DPI,3,Mesenchymal cells,2636,7637.0
Inj_3d_TGAATGATACCC,Inj_3d,Injured_3DPI,3,Mesenchymal cells,2388,5820.0
Inj_3d_TCTTCACTGATC,Inj_3d,Injured_3DPI,3,Mesenchymal cells,2915,7071.0
Inj_3d_TACGGCCAGGTG,Inj_3d,Injured_3DPI,3,Mesenchymal cells,2769,7077.0
Inj_3d_TACTGACTTGCC,Inj_3d,Injured_3DPI,0,Mesenchymal cells,2657,6351.0
Inj_3d_TAAAGTCGACCA,Inj_3d,Injured_3DPI,3,Mesenchymal cells,1971,5017.0
Inj_3d_ATTATGCTGAAG,Inj_3d,Injured_3DPI,4,Endothelial cells,2361,5403.0
Inj_3d_TAGTCTGTCGCC,Inj_3d,Injured_3DPI,0,Mesenchymal cells,2290,5890.0
Inj_3d_AGGTCGTCGCCT,Inj_3d,Injured_3DPI,0,Mesenchymal cells,2661,6535.0
Inj_3d_ATGCGATGCGCC,Inj_3d,Injured_3DPI,2,Schwann cells,2872,7405.0
Inj_3d_GTTATTAATCTG,Inj_3d,Injured_3DPI,0,Mesenchymal cells,2393,5640.0
Inj_3d_ACATACGCTAAA,Inj_3d,Injured_3DPI,9,Schwann cells,1831,3611.0
Inj_3d_GTTGTTTACTCA,Inj_3d,Injured_3DPI,0,Mesenchymal cells,2164,4715.0
Inj_3d_GCTCGGGCCGTT,Inj_3d,Injured_3DPI,9,Schwann cells,2480,6395.0
Inj_3d_AACTCGACCCAA,Inj_3d,Injured_3DPI,3,Mesenchymal cells,2212,5441.0
Inj_3d_TGTGAGGAATGA,Inj_3d,Injured_3DPI,5,Endothelial cells,2154,5203.0
Inj_3d_GGTTTGCGGTGA,Inj_3d,Injured_3DPI,2,Schwann cells,2808,6497.0
Inj_3d_CCAACCCGATCT,Inj_3d,Injured_3DPI,1,Mesenchymal cells,2194,4116.0
Inj_3d_ATCGGGCTCCGA,Inj_3d,Injured_3DPI,0,Mesenchymal cells,2438,6439.0
Inj_3d_GTCTTGAAAACC,Inj_3d,Injured_3DPI,6,Endothelial cells,2213,4958.0
Inj_3d_CGTGGGGGAGTT,Inj_3d,Injured_3DPI,0,Mesenchymal cells,2317,5537.0
Inj_3d_CCCAGACTTGGT,Inj_3d,Injured_3DPI,1,Mesenchymal cells,2660,5773.0
Inj_3d_TTAAAATTACCT,Inj_3d,Injured_3DPI,0,Mesenchymal cells,2051,4706.0
Inj_3d_ACGTAACTACCA,Inj_3d,Injured_3DPI,0,Mesenchymal cells,2653,6046.0
Inj_3d_GGTTGAAATTAC,Inj_3d,Injured_3DPI,1,Mesenchymal cells,2185,5431.0
Inj_3d_TTAACCCAGCCT,Inj_3d,Injured_3DPI,9,Schwann cells,2278,4797.0
Inj_3d_GTCATGCAACCT,Inj_3d,Injured_3DPI,1,Mesenchymal cells,2219,5605.0
Inj_3d_TCCGATGTTTAA,Inj_3d,Injured_3DPI,0,Mesenchymal cells,2165,4607.0
Inj_3d_GGTATCGTGTTT,Inj_3d,Injured_3DPI,5,Endothelial cells,2108,4269.0
Inj_3d_CTGGAGCATACC,Inj_3d,Injured_3DPI,0,Mesenchymal cells,2608,5830.0
Inj_3d_GGCGTGCAGGGG,Inj_3d,Injured_3DPI,5,Endothelial cells,2605,6157.0
Inj_3d_TCTTCGCTGACG,Inj_3d,Injured_3DPI,3,Mesenchymal cells,2414,6116.0
Inj_3d_TCGTGAACAACA,Inj_3d,Injured_3DPI,4,Endothelial cells,1536,2757.0
Inj_3d_TGTAAGCCTTTG,Inj_3d,Injured_3DPI,7,Pericytes/VSM,2197,4495.0
Inj_3d_TGTTTGACCACG,Inj_3d,Injured_3DPI,3,Mesenchymal cells,2473,5337.0
Inj_3d_TGATTGTGAGCC,Inj_3d,Injured_3DPI,7,Pericytes/VSM,1884,4419.0
Inj_3d_GTGTCGGGACGG,Inj_3d,Injured_3DPI,0,Mesenchymal cells,2077,5102.0
Inj_3d_CCCGTCCATGCC,Inj_3d,Injured_3DPI,0,Mesenchymal cells,2822,8186.0
Inj_3d_CGGGGCCTCGGA,Inj_3d,Injured_3DPI,3,Mesenchymal cells,2684,8081.0
Inj_3d_TTGCGTACCCGA,Inj_3d,Injured_3DPI,2,Schwann cells,2957,7263.0
Inj_3d_GACGCGAGACTT,Inj_3d,Injured_3DPI,5,Endothelial cells,2231,4712.0
Inj_3d_AGGTTATCAGTC,Inj_3d,Injured_3DPI,3,Mesenchymal cells,1627,3757.0
Inj_3d_TCTCTAAGGAAG,Inj_3d,Injured_3DPI,0,Mesenchymal cells,2046,4373.0
Inj_3d_TAGTGCCTCTAG,Inj_3d,Injured_3DPI,3,Mesenchymal cells,2799,6867.0
Inj_3d_GGATTGCCGGTT,Inj_3d,Injured_3DPI,0,Mesenchymal cells,2573,6258.0
Inj_3d_ACGGAATAAACA,Inj_3d,Injured_3DPI,0,Mesenchymal cells,1623,4142.0
Inj_3d_ACCTAACAGCTA,Inj_3d,Injured_3DPI,0,Mesenchymal cells,2181,4303.0
Inj_3d_GCCCAAACCTTT,Inj_3d,Injured_3DPI,11,Macrophages,1952,5107.0
Inj_3d_AGATCTTAGAGG,Inj_3d,Injured_3DPI,0,Mesenchymal cells,1722,4863.0
Inj_3d_TTTTTACCAGGC,Inj_3d,Injured_3DPI,0,Mesenchymal cells,1854,3911.0
Inj_3d_ATCCTCCTCGCC,Inj_3d,Injured_3DPI,3,Mesenchymal cells,2569,5878.0
Inj_3d_ACTCGCGCCGAA,Inj_3d,Injured_3DPI,0,Mesenchymal cells,2116,5235.0
Inj_3d_ATTCCCCCATAT,Inj_3d,Injured_3DPI,0,Mesenchymal cells,2636,6265.0
Inj_3d_AGCCCGGGCGCG,Inj_3d,Injured_3DPI,1,Mesenchymal cells,2586,7736.0
Inj_3d_TAAGGGAGACTG,Inj_3d,Injured_3DPI,3,Mesenchymal cells,2522,5365.0
Inj_3d_ATACTCTACGCG,Inj_3d,Injured_3DPI,3,Mesenchymal cells,2646,6462.0
Inj_3d_GACAGTTACTTC,Inj_3d,Injured_3DPI,11,Macrophages,1726,3837.0
Inj_3d_GTACGTCGATTA,Inj_3d,Injured_3DPI,0,Mesenchymal cells,1815,3590.0
Inj_3d_TTCGGCGAGACC,Inj_3d,Injured_3DPI,9,Schwann cells,2250,4497.0
Inj_3d_GCAAGGTAGCGA,Inj_3d,Injured_3DPI,3,Mesenchymal cells,2507,6374.0
Inj_3d_CTCATTGCCTAC,Inj_3d,Injured_3DPI,9,Schwann cells,2086,3783.0
Inj_3d_GTAATTGAGCCG,Inj_3d,Injured_3DPI,10,Schwann cells,2201,5132.0
Inj_3d_AATGCCTCTCCA,Inj_3d,Injured_3DPI,0,Mesenchymal cells,2634,5916.0
Inj_3d_GCGGCGGGATTG,Inj_3d,Injured_3DPI,0,Mesenchymal cells,2047,5750.0
Inj_3d_GTGTTTATGTTT,Inj_3d,Injured_3DPI,0,Mesenchymal cells,2121,4869.0
Inj_3d_CGAGTACCTGCC,Inj_3d,Injured_3DPI,0,Mesenchymal cells,1937,5301.0
Inj_3d_TGGCATACGTCT,Inj_3d,Injured_3DPI,5,Endothelial cells,2298,5296.0
Inj_3d_GACGAGCACCAG,Inj_3d,Injured_3DPI,0,Mesenchymal cells,2251,5083.0
Inj_3d_TCGTCCGAACAG,Inj_3d,Injured_3DPI,3,Mesenchymal cells,2468,5862.0
Inj_3d_ACCAAGATCTCC,Inj_3d,Injured_3DPI,9,Schwann cells,2361,4909.0
Inj_3d_GGAACAACGCTA,Inj_3d,Injured_3DPI,0,Mesenchymal cells,2566,6000.0
Inj_3d_CCGTAATCTGAA,Inj_3d,Injured_3DPI,0,Mesenchymal cells,2035,4442.0
Inj_3d_GGGTTTTATTTA,Inj_3d,Injured_3DPI,0,Mesenchymal cells,2175,5765.0
Inj_3d_GTACCATGAAAA,Inj_3d,Injured_3DPI,2,Schwann cells,1798,3787.0
Inj_3d_TTAAGATAAACG,Inj_3d,Injured_3DPI,7,Pericytes/VSM,1632,3295.0
Inj_3d_TTGTTGACTGCG,Inj_3d,Injured_3DPI,2,Schwann cells,2143,4437.0
Inj_3d_TTCGACACCGGC,Inj_3d,Injured_3DPI,0,Mesenchymal cells,2338,5600.0
Inj_3d_ACTTAACATATG,Inj_3d,Injured_3DPI,0,Mesenchymal cells,2040,4964.0
Inj_3d_ATATGAACAAGT,Inj_3d,Injured_3DPI,4,Endothelial cells,1860,3561.0
Inj_3d_GTTGGGAACCTT,Inj_3d,Injured_3DPI,0,Mesenchymal cells,2193,5578.0
Inj_3d_ATATTGGTGAAG,Inj_3d,Injured_3DPI,1,Mesenchymal cells,1669,3511.0
Inj_3d_CAATCTCCGGAN,Inj_3d,Injured_3DPI,3,Mesenchymal cells,2411,5693.0
Inj_3d_CCAATCCAGCGC,Inj_3d,Injured_3DPI,0,Mesenchymal cells,1805,4942.0
Inj_3d_TCCGGTCGCCTA,Inj_3d,Injured_3DPI,0,Mesenchymal cells,1892,4357.0
Inj_3d_TGGCTCCAGAGC,Inj_3d,Injured_3DPI,5,Endothelial cells,2161,4703.0
Inj_3d_GGTCTTACATAA,Inj_3d,Injured_3DPI,11,Macrophages,2324,5741.0
Inj_3d_AAAGGGCTGGAC,Inj_3d,Injured_3DPI,0,Mesenchymal cells,2398,5234.0
Inj_3d_GGTGAAGGTGAG,Inj_3d,Injured_3DPI,0,Mesenchymal cells,2438,5634.0
Inj_3d_CAGCGAAGCAGA,Inj_3d,Injured_3DPI,0,Mesenchymal cells,1885,4504.0
Inj_3d_GTATTGAAACAA,Inj_3d,Injured_3DPI,1,Mesenchymal cells,2060,4351.0
Inj_3d_CCCTACTTTTGA,Inj_3d,Injured_3DPI,0,Mesenchymal cells,2080,4182.0
Inj_3d_TTCTGCAAGTGC,Inj_3d,Injured_3DPI,0,Mesenchymal cells,2091,4910.0
Inj_3d_CACGCCAAATTA,Inj_3d,Injured_3DPI,3,Mesenchymal cells,2770,6569.0
Inj_3d_TCGGATAAGGCG,Inj_3d,Injured_3DPI,3,Mesenchymal cells,2701,6651.0
Inj_3d_AAATTCCGGGTA,Inj_3d,Injured_3DPI,1,Mesenchymal cells,2250,4928.0
Inj_3d_TTGTGGCTAATG,Inj_3d,Injured_3DPI,0,Mesenchymal cells,2287,5509.0
Inj_3d_CGAACTTTCCGG,Inj_3d,Injured_3DPI,11,Macrophages,1863,4261.0
Inj_3d_GAGGATTAGGGA,Inj_3d,Injured_3DPI,0,Mesenchymal cells,2012,5079.0
Inj_3d_CTCTACTTCGCC,Inj_3d,Injured_3DPI,1,Mesenchymal cells,2207,5764.0
Inj_3d_GGTCGAGGTAGT,Inj_3d,Injured_3DPI,0,Mesenchymal cells,3243,7768.0
Inj_3d_TCTACTCAAGAG,Inj_3d,Injured_3DPI,1,Mesenchymal cells,1952,4138.0
Inj_3d_ATTTGAAGCGCG,Inj_3d,Injured_3DPI,0,Mesenchymal cells,1898,4932.0
Inj_3d_CCCACATGTCTT,Inj_3d,Injured_3DPI,6,Endothelial cells,2155,5015.0
Inj_3d_TTTCAATCGGAT,Inj_3d,Injured_3DPI,1,Mesenchymal cells,1745,3686.0
Inj_3d_CCCGTGACCAAC,Inj_3d,Injured_3DPI,3,Mesenchymal cells,2512,6542.0
Inj_3d_TAACAAGGGAAA,Inj_3d,Injured_3DPI,7,Pericytes/VSM,1627,3059.0
Inj_3d_GACCTGCCGACA,Inj_3d,Injured_3DPI,0,Mesenchymal cells,1937,5090.0
Inj_3d_TAGACCAGCTGG,Inj_3d,Injured_3DPI,0,Mesenchymal cells,2102,4180.0
Inj_3d_GTTAACTATACC,Inj_3d,Injured_3DPI,3,Mesenchymal cells,2858,7527.0
Inj_3d_CTCTTTTACTCC,Inj_3d,Injured_3DPI,2,Schwann cells,2548,5199.0
Inj_3d_GCTCTTAGATTA,Inj_3d,Injured_3DPI,0,Mesenchymal cells,2087,5955.0
Inj_3d_ACTTTTAAATCA,Inj_3d,Injured_3DPI,0,Mesenchymal cells,1823,3811.0
Inj_3d_CTCTCGTACTCG,Inj_3d,Injured_3DPI,3,Mesenchymal cells,1793,4050.0
Inj_3d_GATTGCGACGTA,Inj_3d,Injured_3DPI,4,Endothelial cells,1986,4278.0
Inj_3d_GAGTATCGATAA,Inj_3d,Injured_3DPI,0,Mesenchymal cells,2102,4309.0
Inj_3d_GGTTTCAGTATN,Inj_3d,Injured_3DPI,0,Mesenchymal cells,2198,5208.0
Inj_3d_ACTTCGGCAAGG,Inj_3d,Injured_3DPI,7,Pericytes/VSM,1893,3843.0
Inj_3d_ATAAAGATTGCA,Inj_3d,Injured_3DPI,1,Mesenchymal cells,2118,4895.0
Inj_3d_CGATCGGCTGCT,Inj_3d,Injured_3DPI,0,Mesenchymal cells,2097,5227.0
Inj_3d_GCCTTTCTTTGG,Inj_3d,Injured_3DPI,2,Schwann cells,2111,4182.0
Inj_3d_GAATTTTGCTAG,Inj_3d,Injured_3DPI,9,Schwann cells,2033,3744.0
Inj_3d_GCCAATAATTGT,Inj_3d,Injured_3DPI,0,Mesenchymal cells,2368,5406.0
Inj_3d_CTTCACTGGCAT,Inj_3d,Injured_3DPI,0,Mesenchymal cells,1716,4046.0
Inj_3d_AGGTCTCTCTTC,Inj_3d,Injured_3DPI,5,Endothelial cells,2168,4793.0
Inj_3d_GTTTAAGATATT,Inj_3d,Injured_3DPI,3,Mesenchymal cells,2280,5005.0
Inj_3d_TCCGAATCCTGA,Inj_3d,Injured_3DPI,5,Endothelial cells,1748,3637.0
Inj_3d_CGTGCGGGGCGA,Inj_3d,Injured_3DPI,3,Mesenchymal cells,2193,5757.0
Inj_3d_GGATCACTTACT,Inj_3d,Injured_3DPI,1,Mesenchymal cells,1747,3698.0
Inj_3d_CTCTTTACCTAC,Inj_3d,Injured_3DPI,1,Mesenchymal cells,2370,5565.0
Inj_3d_AAGTGCTCGTGG,Inj_3d,Injured_3DPI,1,Mesenchymal cells,2204,4929.0
Inj_3d_CATGATTATACG,Inj_3d,Injured_3DPI,0,Mesenchymal cells,1547,3481.0
Inj_3d_GGCTCCCTTAAG,Inj_3d,Injured_3DPI,0,Mesenchymal cells,2249,5162.0
Inj_3d_GTGACGGTGGCT,Inj_3d,Injured_3DPI,0,Mesenchymal cells,1657,4602.0
Inj_3d_GGTAGGGCCAGT,Inj_3d,Injured_3DPI,0,Mesenchymal cells,2254,5490.0
Inj_3d_AGTTGCGCGGAG,Inj_3d,Injured_3DPI,2,Schwann cells,2177,4489.0
Inj_3d_AGAATCAGTTCT,Inj_3d,Injured_3DPI,2,Schwann cells,2253,4424.0
Inj_3d_CATCGTGACCGC,Inj_3d,Injured_3DPI,1,Mesenchymal cells,2246,5987.0
Inj_3d_CACGTTCGAACC,Inj_3d,Injured_3DPI,1,Mesenchymal cells,2083,5055.0
Inj_3d_CGCTACTCAGGT,Inj_3d,Injured_3DPI,1,Mesenchymal cells,2133,5074.0
Inj_3d_GACTATGCTGCC,Inj_3d,Injured_3DPI,7,Pericytes/VSM,1784,3694.0
Inj_3d_TCGGATTATTGC,Inj_3d,Injured_3DPI,3,Mesenchymal cells,2027,4380.0
Inj_3d_AGAACCTGGAGC,Inj_3d,Injured_3DPI,0,Mesenchymal cells,1955,4307.0
Inj_3d_GTGACTGAGATC,Inj_3d,Injured_3DPI,3,Mesenchymal cells,1966,4659.0
Inj_3d_AGACAATGCAGG,Inj_3d,Injured_3DPI,3,Mesenchymal cells,2982,7340.0
Inj_3d_CTAAGGGTTAAA,Inj_3d,Injured_3DPI,5,Endothelial cells,2152,4053.0
Inj_3d_ATATATGGGCGG,Inj_3d,Injured_3DPI,0,Mesenchymal cells,2258,5070.0
Inj_3d_TTGATTTGCGCT,Inj_3d,Injured_3DPI,9,Schwann cells,2038,3814.0
Inj_3d_GTTGGCCTAAAC,Inj_3d,Injured_3DPI,6,Endothelial cells,2004,4040.0
Inj_3d_TTATGGTGAAGT,Inj_3d,Injured_3DPI,0,Mesenchymal cells,2236,5421.0
Inj_3d_CGTGGGTGAGTC,Inj_3d,Injured_3DPI,7,Pericytes/VSM,2019,4232.0
Inj_3d_TATATATAATTG,Inj_3d,Injured_3DPI,0,Mesenchymal cells,1769,4343.0
Inj_3d_GGGTTTGGCGTG,Inj_3d,Injured_3DPI,9,Schwann cells,2357,5527.0
Inj_3d_AATAAAATGAAA,Inj_3d,Injured_3DPI,5,Endothelial cells,2043,4071.0
Inj_3d_GGCCTGGTGGTA,Inj_3d,Injured_3DPI,2,Schwann cells,3403,7983.0
Inj_3d_CCTATCTTGCCA,Inj_3d,Injured_3DPI,0,Mesenchymal cells,2137,5194.0
Inj_3d_GCTTCCTAATCA,Inj_3d,Injured_3DPI,7,Pericytes/VSM,1875,3876.0
Inj_3d_CCACGCAGCAAA,Inj_3d,Injured_3DPI,9,Schwann cells,2068,4105.0
Inj_3d_ACGCGCTACGGT,Inj_3d,Injured_3DPI,1,Mesenchymal cells,1920,4413.0
Inj_3d_CACGAGCAGCTC,Inj_3d,Injured_3DPI,0,Mesenchymal cells,2064,4899.0
Inj_3d_GGCACTTTCAAA,Inj_3d,Injured_3DPI,0,Mesenchymal cells,2168,5682.0
Inj_3d_ACCGGAGACATT,Inj_3d,Injured_3DPI,1,Mesenchymal cells,2475,4748.0
Inj_3d_ATGATAACGGTC,Inj_3d,Injured_3DPI,0,Mesenchymal cells,2038,4336.0
Inj_3d_CCATTAAGCGGC,Inj_3d,Injured_3DPI,0,Mesenchymal cells,1832,4677.0
Inj_3d_GGAGTTCGGTGT,Inj_3d,Injured_3DPI,1,Mesenchymal cells,2490,5841.0
Inj_3d_GTGCGTAAGTAT,Inj_3d,Injured_3DPI,3,Mesenchymal cells,2379,5432.0
Inj_3d_GCCTGAACTTTA,Inj_3d,Injured_3DPI,3,Mesenchymal cells,2427,5893.0
Inj_3d_CGGTTCTCGTCT,Inj_3d,Injured_3DPI,0,Mesenchymal cells,2733,6415.0
Inj_3d_ATGCGCCCCTCG,Inj_3d,Injured_3DPI,4,Endothelial cells,2027,4350.0
Inj_3d_GTACCATTTGCG,Inj_3d,Injured_3DPI,2,Schwann cells,1892,3842.0
Inj_3d_TACGCCTCAGGA,Inj_3d,Injured_3DPI,0,Mesenchymal cells,2112,4558.0
Inj_3d_CTACGAGTCCCA,Inj_3d,Injured_3DPI,7,Pericytes/VSM,2121,4579.0
Inj_3d_GTGCATGCGGCC,Inj_3d,Injured_3DPI,9,Schwann cells,1983,3903.0
Inj_3d_AGTGCCCGCTAC,Inj_3d,Injured_3DPI,0,Mesenchymal cells,1945,4917.0
Inj_3d_CCGTTACCTTTG,Inj_3d,Injured_3DPI,10,Schwann cells,1771,3499.0
Inj_3d_GGCCACAACGAC,Inj_3d,Injured_3DPI,0,Mesenchymal cells,1518,3468.0
Inj_3d_CTAACGAGGATC,Inj_3d,Injured_3DPI,3,Mesenchymal cells,2278,5283.0
Inj_3d_AACTTATGGTGG,Inj_3d,Injured_3DPI,6,Endothelial cells,1776,3320.0
Inj_3d_TATGGGATCCTT,Inj_3d,Injured_3DPI,7,Pericytes/VSM,1722,3649.0
Inj_3d_GCTTCCGAGGAA,Inj_3d,Injured_3DPI,10,Schwann cells,1800,3297.0
Inj_3d_ATTACGGGGCTA,Inj_3d,Injured_3DPI,2,Schwann cells,2357,4939.0
Inj_3d_ATCAGATTGAAC,Inj_3d,Injured_3DPI,9,Schwann cells,1746,3050.0
Inj_3d_TGTAGATTCCTG,Inj_3d,Injured_3DPI,0,Mesenchymal cells,1581,3004.0
Inj_3d_ACAGCACCAGTC,Inj_3d,Injured_3DPI,0,Mesenchymal cells,1670,4109.0
Inj_3d_CGTTTCTTTCCT,Inj_3d,Injured_3DPI,5,Endothelial cells,1962,4229.0
Inj_3d_CACATGTAGTAG,Inj_3d,Injured_3DPI,0,Mesenchymal cells,1924,4351.0
Inj_3d_ATCGTGAAAACG,Inj_3d,Injured_3DPI,3,Mesenchymal cells,1499,3501.0
Inj_3d_CCATTATCTAGA,Inj_3d,Injured_3DPI,11,Macrophages,1634,3439.0
Inj_3d_GAATCGAGGAAG,Inj_3d,Injured_3DPI,4,Endothelial cells,1662,2740.0
Inj_3d_CAGTCACCTATC,Inj_3d,Injured_3DPI,1,Mesenchymal cells,1604,3118.0
Inj_3d_CGATGGTGTACC,Inj_3d,Injured_3DPI,4,Endothelial cells,1564,3057.0
Inj_3d_TACGCAAGCGGC,Inj_3d,Injured_3DPI,4,Endothelial cells,2042,4387.0
Inj_3d_ACATGAAGCACA,Inj_3d,Injured_3DPI,4,Endothelial cells,1886,3581.0
Inj_3d_CAGTCGACGTCG,Inj_3d,Injured_3DPI,0,Mesenchymal cells,1598,4281.0
Inj_3d_AGCAGTCGGAGC,Inj_3d,Injured_3DPI,9,Schwann cells,1751,3275.0
Inj_3d_GCCTGACTCGAA,Inj_3d,Injured_3DPI,7,Pericytes/VSM,2663,6318.0
Inj_3d_ACCGCTTCACGT,Inj_3d,Injured_3DPI,0,Mesenchymal cells,1789,4598.0
Inj_3d_GCATGCACCTGC,Inj_3d,Injured_3DPI,1,Mesenchymal cells,1893,4253.0
Inj_3d_GGCTTCAAGCCA,Inj_3d,Injured_3DPI,3,Mesenchymal cells,2101,4876.0
Inj_3d_CAAACCCGATAC,Inj_3d,Injured_3DPI,3,Mesenchymal cells,2244,5267.0
Inj_3d_GGTCCAGGCGGG,Inj_3d,Injured_3DPI,3,Mesenchymal cells,2129,5158.0
Inj_3d_TAGAACACATAA,Inj_3d,Injured_3DPI,0,Mesenchymal cells,1835,3712.0
Inj_3d_ATAGGTTCTGGG,Inj_3d,Injured_3DPI,0,Mesenchymal cells,1983,4328.0
Inj_3d_GGTCATCATTAG,Inj_3d,Injured_3DPI,0,Mesenchymal cells,1594,4266.0
Inj_3d_ACAAGTCGCGTG,Inj_3d,Injured_3DPI,2,Schwann cells,2206,4959.0
Inj_3d_CGGACGGGACTG,Inj_3d,Injured_3DPI,0,Mesenchymal cells,2034,4394.0
Inj_3d_GAGATGCTTATC,Inj_3d,Injured_3DPI,3,Mesenchymal cells,2046,4350.0
Inj_3d_ATGTATGGCCAA,Inj_3d,Injured_3DPI,3,Mesenchymal cells,1934,4813.0
Inj_3d_TAGACACACGAC,Inj_3d,Injured_3DPI,4,Endothelial cells,1808,3200.0
Inj_3d_CCCCTCCCTCAG,Inj_3d,Injured_3DPI,7,Pericytes/VSM,2022,4332.0
Inj_3d_GTGTTCTTGCCA,Inj_3d,Injured_3DPI,0,Mesenchymal cells,2863,6380.0
Inj_3d_AGGCAGGGCTTA,Inj_3d,Injured_3DPI,0,Mesenchymal cells,2160,4647.0
Inj_3d_GCCTATTACAGA,Inj_3d,Injured_3DPI,0,Mesenchymal cells,2104,4807.0
Inj_3d_GCCGCATTTGAA,Inj_3d,Injured_3DPI,0,Mesenchymal cells,1328,3424.0
Inj_3d_GACTATGGTATG,Inj_3d,Injured_3DPI,4,Endothelial cells,1685,3460.0
Inj_3d_CTAATTTCCTTC,Inj_3d,Injured_3DPI,1,Mesenchymal cells,2096,4457.0
Inj_3d_GTGGTGGCGCAG,Inj_3d,Injured_3DPI,0,Mesenchymal cells,2198,4688.0
Inj_3d_TTACTAGCGAAC,Inj_3d,Injured_3DPI,3,Mesenchymal cells,2578,5913.0
Inj_3d_AGGAACCGGCTG,Inj_3d,Injured_3DPI,3,Mesenchymal cells,2664,7678.0
Inj_3d_CCCCATATGTGT,Inj_3d,Injured_3DPI,1,Mesenchymal cells,1927,3836.0
Inj_3d_CCTCATCTTTGC,Inj_3d,Injured_3DPI,9,Schwann cells,1696,3031.0
Inj_3d_CAAGCGGCCAGC,Inj_3d,Injured_3DPI,0,Mesenchymal cells,2309,5223.0
Inj_3d_ATCGATCACTCC,Inj_3d,Injured_3DPI,1,Mesenchymal cells,1701,3658.0
Inj_3d_CAAGGGCACAAA,Inj_3d,Injured_3DPI,1,Mesenchymal cells,1330,2742.0
Inj_3d_AAGATAACTCCG,Inj_3d,Injured_3DPI,5,Endothelial cells,1933,4044.0
Inj_3d_TACTCCGGCACA,Inj_3d,Injured_3DPI,0,Mesenchymal cells,2111,4599.0
Inj_3d_CCAGTTGGTCGA,Inj_3d,Injured_3DPI,0,Mesenchymal cells,1899,4756.0
Inj_3d_CGGTAGCTTGCA,Inj_3d,Injured_3DPI,7,Pericytes/VSM,1403,3226.0
Inj_3d_ATCGAGTTTTAC,Inj_3d,Injured_3DPI,9,Schwann cells,1662,3019.0
Inj_3d_CGCCCATCAGAA,Inj_3d,Injured_3DPI,3,Mesenchymal cells,1626,3434.0
Inj_3d_CCCAATTGGCTA,Inj_3d,Injured_3DPI,11,Macrophages,1701,3682.0
Inj_3d_CTCTCTTGTCAG,Inj_3d,Injured_3DPI,3,Mesenchymal cells,2817,7755.0
Inj_3d_TCAGTGGTGAAA,Inj_3d,Injured_3DPI,2,Schwann cells,1621,3774.0
Inj_3d_CGAGCTAAGTTA,Inj_3d,Injured_3DPI,1,Mesenchymal cells,1362,2508.0
Inj_3d_TCATAGTCATGA,Inj_3d,Injured_3DPI,3,Mesenchymal cells,1557,2984.0
Inj_3d_AGAGAACTAGGA,Inj_3d,Injured_3DPI,0,Mesenchymal cells,2017,4236.0
Inj_3d_ATCAGAAGTATG,Inj_3d,Injured_3DPI,4,Endothelial cells,1798,3573.0
Inj_3d_AGCCGACAATGC,Inj_3d,Injured_3DPI,6,Endothelial cells,3162,7050.0
Inj_3d_GTAGGTCTAAGG,Inj_3d,Injured_3DPI,0,Mesenchymal cells,1708,3673.0
Inj_3d_TGTTTAGGGTCG,Inj_3d,Injured_3DPI,0,Mesenchymal cells,1641,3771.0
Inj_3d_ATTAGGCGGCTC,Inj_3d,Injured_3DPI,7,Pericytes/VSM,1824,3572.0
Inj_3d_ATCCTTCGGTGT,Inj_3d,Injured_3DPI,0,Mesenchymal cells,1721,3780.0
Inj_3d_TGTCAAGGTAAA,Inj_3d,Injured_3DPI,11,Macrophages,1675,3423.0
Inj_3d_TTTAACGCCGAA,Inj_3d,Injured_3DPI,1,Mesenchymal cells,1773,3494.0
Inj_3d_CACTTCATGAAA,Inj_3d,Injured_3DPI,3,Mesenchymal cells,1861,4078.0
Inj_3d_TTTACGTCCAAC,Inj_3d,Injured_3DPI,0,Mesenchymal cells,1167,2694.0
Inj_3d_GTCTGCTGTCTC,Inj_3d,Injured_3DPI,2,Schwann cells,2303,5004.0
Inj_3d_AACAAGGCGTTA,Inj_3d,Injured_3DPI,0,Mesenchymal cells,1747,3083.0
Inj_3d_CCTCGGGTAGAA,Inj_3d,Injured_3DPI,2,Schwann cells,1768,3003.0
Inj_3d_CATAGACTTCGT,Inj_3d,Injured_3DPI,0,Mesenchymal cells,1368,2926.0
Inj_3d_CGGCGGGAGGCT,Inj_3d,Injured_3DPI,1,Mesenchymal cells,2011,4828.0
Inj_3d_TCGGTTAGGATG,Inj_3d,Injured_3DPI,0,Mesenchymal cells,1713,3952.0
Inj_3d_ACGTCATGAGGG,Inj_3d,Injured_3DPI,10,Schwann cells,1558,3062.0
Inj_3d_TTGGGCCTTGTA,Inj_3d,Injured_3DPI,0,Mesenchymal cells,1751,3330.0
Inj_3d_AAATCTTGTGCT,Inj_3d,Injured_3DPI,5,Endothelial cells,1845,3953.0
Inj_3d_GAAAACTTCTGA,Inj_3d,Injured_3DPI,0,Mesenchymal cells,1543,2834.0
Inj_3d_AACTCATGAACT,Inj_3d,Injured_3DPI,11,Macrophages,1996,4263.0
Inj_3d_AGCAGAGTGACA,Inj_3d,Injured_3DPI,1,Mesenchymal cells,1486,3106.0
Inj_3d_CCAGAACCCGGT,Inj_3d,Injured_3DPI,0,Mesenchymal cells,1702,4010.0
Inj_3d_ATCTAAATAACC,Inj_3d,Injured_3DPI,1,Mesenchymal cells,2251,4906.0
Inj_3d_CTATGACCGAAT,Inj_3d,Injured_3DPI,1,Mesenchymal cells,2396,5238.0
Inj_3d_ACCAGATCTGCG,Inj_3d,Injured_3DPI,0,Mesenchymal cells,1670,3527.0
Inj_3d_CTAAGGCTTGGG,Inj_3d,Injured_3DPI,3,Mesenchymal cells,1753,4016.0
Inj_3d_CCCGCGTACAGC,Inj_3d,Injured_3DPI,7,Pericytes/VSM,1992,4581.0
Inj_3d_CAGATTAATCCG,Inj_3d,Injured_3DPI,3,Mesenchymal cells,1703,3104.0
Inj_3d_TGAATCCCCGGG,Inj_3d,Injured_3DPI,0,Mesenchymal cells,1908,4653.0
Inj_3d_AATAGTCAGACT,Inj_3d,Injured_3DPI,5,Endothelial cells,1458,2774.0
Inj_3d_TCATGTAGACAA,Inj_3d,Injured_3DPI,0,Mesenchymal cells,1972,4121.0
Inj_3d_AGCGTGGTCCGA,Inj_3d,Injured_3DPI,0,Mesenchymal cells,1501,3232.0
Inj_3d_TAAATAAGCCTA,Inj_3d,Injured_3DPI,3,Mesenchymal cells,1748,3288.0
Inj_3d_CGCATCAGCCCG,Inj_3d,Injured_3DPI,2,Schwann cells,2505,5941.0
Inj_3d_CAATAGCGGCGG,Inj_3d,Injured_3DPI,7,Pericytes/VSM,1374,2658.0
Inj_3d_GAACTTAGAGGA,Inj_3d,Injured_3DPI,1,Mesenchymal cells,1260,2513.0
Inj_3d_ATCCTGACCGCG,Inj_3d,Injured_3DPI,7,Pericytes/VSM,1857,3881.0
Inj_3d_AGACCAGGTGTA,Inj_3d,Injured_3DPI,0,Mesenchymal cells,1771,4157.0
Inj_3d_CAGTCGTCACGG,Inj_3d,Injured_3DPI,11,Macrophages,1532,3012.0
Inj_3d_AAGCCGGTGAGT,Inj_3d,Injured_3DPI,0,Mesenchymal cells,1527,3925.0
Inj_3d_TGGGTAAAGCAT,Inj_3d,Injured_3DPI,0,Mesenchymal cells,1856,3884.0
Inj_3d_TTCTTCACAACA,Inj_3d,Injured_3DPI,11,Macrophages,1447,2799.0
Inj_3d_GCGAGGGTGTTC,Inj_3d,Injured_3DPI,2,Schwann cells,1621,3352.0
Inj_3d_GCGATGACGCTT,Inj_3d,Injured_3DPI,1,Mesenchymal cells,1945,4036.0
Inj_3d_CGTATCTAATCA,Inj_3d,Injured_3DPI,0,Mesenchymal cells,1470,2977.0
Inj_3d_CCCGGTTTAACG,Inj_3d,Injured_3DPI,0,Mesenchymal cells,1702,3373.0
Inj_3d_GCGCTATAACGC,Inj_3d,Injured_3DPI,1,Mesenchymal cells,1712,3764.0
Inj_3d_GAGTTGTCAGGA,Inj_3d,Injured_3DPI,0,Mesenchymal cells,1501,2697.0
Inj_3d_TGCAAACCGGGT,Inj_3d,Injured_3DPI,1,Mesenchymal cells,1610,3197.0
Inj_3d_TTCGTTTGAATT,Inj_3d,Injured_3DPI,7,Pericytes/VSM,1357,2290.0
Inj_3d_CGGCGAGCATGG,Inj_3d,Injured_3DPI,11,Macrophages,2335,5562.0
Inj_3d_GGTGGCGAACGT,Inj_3d,Injured_3DPI,1,Mesenchymal cells,2435,5794.0
Inj_3d_TGGCCGTCTTGA,Inj_3d,Injured_3DPI,6,Endothelial cells,1674,2941.0
Inj_3d_TAATTCTTCCGG,Inj_3d,Injured_3DPI,3,Mesenchymal cells,1367,3084.0
Inj_3d_GGACAGAACAAT,Inj_3d,Injured_3DPI,4,Endothelial cells,1348,2390.0
Inj_3d_TCGCTTGATAGC,Inj_3d,Injured_3DPI,0,Mesenchymal cells,1855,3703.0
Inj_3d_TTAGCCACCTAT,Inj_3d,Injured_3DPI,4,Endothelial cells,1435,2628.0
Inj_3d_ATCTCCTGGGCA,Inj_3d,Injured_3DPI,2,Schwann cells,1566,2800.0
Inj_3d_TACTAGGACTAA,Inj_3d,Injured_3DPI,6,Endothelial cells,1611,3310.0
Inj_3d_GCGCTAGAGACC,Inj_3d,Injured_3DPI,4,Endothelial cells,1725,3730.0
Inj_3d_TGCAGGACGTGA,Inj_3d,Injured_3DPI,0,Mesenchymal cells,1662,3670.0
Inj_3d_AACACGGTTCGG,Inj_3d,Injured_3DPI,3,Mesenchymal cells,1380,3742.0
Inj_3d_TAGCACAATCGC,Inj_3d,Injured_3DPI,0,Mesenchymal cells,1282,3178.0
Inj_3d_CGTCGTTACATG,Inj_3d,Injured_3DPI,0,Mesenchymal cells,1981,4344.0
Inj_3d_CTTAATTCTACC,Inj_3d,Injured_3DPI,7,Pericytes/VSM,1654,3071.0
Inj_3d_CCCATTGTGTGT,Inj_3d,Injured_3DPI,0,Mesenchymal cells,1843,4033.0
Inj_3d_TGGGAGGACTGA,Inj_3d,Injured_3DPI,2,Schwann cells,2003,3985.0
Inj_3d_TGCTGCCCATAC,Inj_3d,Injured_3DPI,1,Mesenchymal cells,1557,3208.0
Inj_3d_ATCTGCCTTATG,Inj_3d,Injured_3DPI,5,Endothelial cells,1631,2780.0
Inj_3d_CGATCCGTCGGG,Inj_3d,Injured_3DPI,3,Mesenchymal cells,1385,2971.0
Inj_3d_TGTAATCGACGC,Inj_3d,Injured_3DPI,3,Mesenchymal cells,1708,3527.0
Inj_3d_CGACAACAACGA,Inj_3d,Injured_3DPI,7,Pericytes/VSM,1781,3313.0
Inj_3d_GTTGCCGTTGGN,Inj_3d,Injured_3DPI,10,Schwann cells,1255,2193.0
Inj_3d_TTCTTCCAGCGC,Inj_3d,Injured_3DPI,4,Endothelial cells,1208,2359.0
Inj_3d_AAAGAACGGGCG,Inj_3d,Injured_3DPI,0,Mesenchymal cells,2461,5499.0
Inj_3d_AAGTTACCGCAA,Inj_3d,Injured_3DPI,1,Mesenchymal cells,1645,3616.0
Inj_3d_TGTTCGGACTAT,Inj_3d,Injured_3DPI,0,Mesenchymal cells,1309,2556.0
Inj_3d_TTGGACCGCTTG,Inj_3d,Injured_3DPI,0,Mesenchymal cells,2491,5219.0
Inj_3d_GAACTTGAGTGT,Inj_3d,Injured_3DPI,1,Mesenchymal cells,1441,2917.0
Inj_3d_ACAACATCGTGT,Inj_3d,Injured_3DPI,5,Endothelial cells,1806,3490.0
Inj_3d_TAGTGACCATCT,Inj_3d,Injured_3DPI,1,Mesenchymal cells,1502,2856.0
Inj_3d_TGTACCGACGGT,Inj_3d,Injured_3DPI,1,Mesenchymal cells,1835,3861.0
Inj_3d_CGGGGTGAGAAG,Inj_3d,Injured_3DPI,0,Mesenchymal cells,1712,4011.0
Inj_3d_GCGGCATCCTGT,Inj_3d,Injured_3DPI,1,Mesenchymal cells,2229,5496.0
Inj_3d_CGACTCTCAAGT,Inj_3d,Injured_3DPI,7,Pericytes/VSM,1534,2867.0
Inj_3d_GATCGTGCGAAT,Inj_3d,Injured_3DPI,0,Mesenchymal cells,1908,3673.0
Inj_3d_GTTGTGATGGCC,Inj_3d,Injured_3DPI,7,Pericytes/VSM,1697,3873.0
Inj_3d_CTTGCGGGGTTG,Inj_3d,Injured_3DPI,0,Mesenchymal cells,1910,4167.0
Inj_3d_TAAATGGGTCCT,Inj_3d,Injured_3DPI,1,Mesenchymal cells,1528,2998.0
Inj_3d_GTACGATTCTGC,Inj_3d,Injured_3DPI,4,Endothelial cells,1358,2575.0
Inj_3d_CTGGCTTGCCGA,Inj_3d,Injured_3DPI,11,Macrophages,1514,3421.0
Inj_3d_GAACCTGACTAT,Inj_3d,Injured_3DPI,3,Mesenchymal cells,1489,3139.0
Inj_3d_CGGCTACTGAGC,Inj_3d,Injured_3DPI,0,Mesenchymal cells,1382,3003.0
Inj_3d_GATAGATCACGG,Inj_3d,Injured_3DPI,1,Mesenchymal cells,1665,4085.0
Inj_3d_AACGGGCTGGAT,Inj_3d,Injured_3DPI,0,Mesenchymal cells,2251,4058.0
Inj_3d_CAGCTAGAAGTG,Inj_3d,Injured_3DPI,11,Macrophages,1212,2359.0
Inj_3d_TACGGATCTGAC,Inj_3d,Injured_3DPI,2,Schwann cells,1815,3666.0
Inj_3d_TACGATCGTCGA,Inj_3d,Injured_3DPI,0,Mesenchymal cells,1843,3904.0
Inj_3d_GGGACTCTCCGC,Inj_3d,Injured_3DPI,10,Schwann cells,1521,2912.0
Inj_3d_CACCGAGGGGCC,Inj_3d,Injured_3DPI,0,Mesenchymal cells,1763,4474.0
Inj_3d_GCTCTGGTTCAA,Inj_3d,Injured_3DPI,0,Mesenchymal cells,1809,3793.0
Inj_3d_AATAATTGGAGG,Inj_3d,Injured_3DPI,0,Mesenchymal cells,1257,2298.0
Inj_3d_GCCTGCTGGACT,Inj_3d,Injured_3DPI,0,Mesenchymal cells,1586,3849.0
Inj_3d_TACCCGTTTCTC,Inj_3d,Injured_3DPI,14,Lymphocytes,1211,2063.0
Inj_3d_GTCCCATCAGCC,Inj_3d,Injured_3DPI,0,Mesenchymal cells,1618,3761.0
Inj_3d_TCCCGAGGCTGG,Inj_3d,Injured_3DPI,7,Pericytes/VSM,1648,3735.0
Inj_3d_GCCTCTCCTGAG,Inj_3d,Injured_3DPI,4,Endothelial cells,1423,2872.0
Inj_3d_GGCGAGATGCAT,Inj_3d,Injured_3DPI,13,Endothelial cells,1811,3660.0
Inj_3d_AGTTATCTATGA,Inj_3d,Injured_3DPI,0,Mesenchymal cells,1602,2863.0
Inj_3d_CGGTTCGTGGGC,Inj_3d,Injured_3DPI,9,Schwann cells,1984,3792.0
Inj_3d_GACGCCTATCGT,Inj_3d,Injured_3DPI,0,Mesenchymal cells,1171,2536.0
Inj_3d_CCTAACGTGCGG,Inj_3d,Injured_3DPI,0,Mesenchymal cells,1853,4366.0
Inj_3d_CTGATGAAAAAT,Inj_3d,Injured_3DPI,0,Mesenchymal cells,1438,2759.0
Inj_3d_AGGTCCGCTCCC,Inj_3d,Injured_3DPI,0,Mesenchymal cells,2212,4937.0
Inj_3d_TTAAGTGCGAGC,Inj_3d,Injured_3DPI,0,Mesenchymal cells,1548,3178.0
Inj_3d_ATCCTGTCAACT,Inj_3d,Injured_3DPI,15,Macrophages,906,1769.0
Inj_3d_CTCAGTACTTAC,Inj_3d,Injured_3DPI,0,Mesenchymal cells,1324,2705.0
Inj_3d_AGTGAAGAGAAC,Inj_3d,Injured_3DPI,7,Pericytes/VSM,1366,2432.0
Inj_3d_ACTTATGTGCAA,Inj_3d,Injured_3DPI,9,Schwann cells,1546,2701.0
Inj_3d_CCGATATCCGCC,Inj_3d,Injured_3DPI,4,Endothelial cells,1523,2690.0
Inj_3d_TTGCCCATACAT,Inj_3d,Injured_3DPI,3,Mesenchymal cells,2569,6170.0
Inj_3d_GACCCACTTGGG,Inj_3d,Injured_3DPI,2,Schwann cells,1583,3138.0
Inj_3d_CTCGTCAATGTC,Inj_3d,Injured_3DPI,0,Mesenchymal cells,1311,2696.0
Inj_3d_GACTTCATTTGT,Inj_3d,Injured_3DPI,16,Mast cells,1009,1950.0
Inj_3d_TATCTTACCTGG,Inj_3d,Injured_3DPI,5,Endothelial cells,1511,2791.0
Inj_3d_GAAACAGCGTCT,Inj_3d,Injured_3DPI,3,Mesenchymal cells,1460,2958.0
Inj_3d_ACTGAATGAACC,Inj_3d,Injured_3DPI,1,Mesenchymal cells,1731,3357.0
Inj_3d_GCCGGTGTGCTC,Inj_3d,Injured_3DPI,3,Mesenchymal cells,2614,6997.0
Inj_3d_GCCTGACCCTGA,Inj_3d,Injured_3DPI,11,Macrophages,1236,2314.0
Inj_3d_GGCGTGTATTCA,Inj_3d,Injured_3DPI,3,Mesenchymal cells,1392,2192.0
Inj_3d_ACTGGTGTTCCC,Inj_3d,Injured_3DPI,4,Endothelial cells,1420,2709.0
Inj_3d_TCCTTCTGCCCT,Inj_3d,Injured_3DPI,0,Mesenchymal cells,2143,4598.0
Inj_3d_ATGACAAGACGT,Inj_3d,Injured_3DPI,11,Macrophages,1276,2559.0
Inj_3d_CCAGCTAAAGTG,Inj_3d,Injured_3DPI,6,Endothelial cells,1279,2091.0
Inj_3d_GTAGACCAGCTG,Inj_3d,Injured_3DPI,7,Pericytes/VSM,1317,2875.0
Inj_3d_AGTTCTCTTTAC,Inj_3d,Injured_3DPI,1,Mesenchymal cells,1740,3166.0
Inj_3d_CTACTTCCCCTT,Inj_3d,Injured_3DPI,14,Lymphocytes,1324,2462.0
Inj_3d_TCGTCCGACTGA,Inj_3d,Injured_3DPI,0,Mesenchymal cells,1237,2566.0
Inj_3d_CTGACCGGACCG,Inj_3d,Injured_3DPI,0,Mesenchymal cells,1413,3350.0
Inj_3d_TTACCATGCAAC,Inj_3d,Injured_3DPI,2,Schwann cells,1353,2812.0
Inj_3d_GGAGTGACTCCG,Inj_3d,Injured_3DPI,13,Endothelial cells,1395,2372.0
Inj_3d_AGTTCTAGTACA,Inj_3d,Injured_3DPI,0,Mesenchymal cells,1358,2683.0
Inj_3d_TCCTAAACCCGA,Inj_3d,Injured_3DPI,3,Mesenchymal cells,2494,5503.0
Inj_3d_CCGCAGCGTAAA,Inj_3d,Injured_3DPI,0,Mesenchymal cells,1656,3434.0
Inj_3d_TGCGTCGCGCTT,Inj_3d,Injured_3DPI,3,Mesenchymal cells,1346,3008.0
Inj_3d_TATACTCAACCT,Inj_3d,Injured_3DPI,0,Mesenchymal cells,1656,3249.0
Inj_3d_GGAACTACATCG,Inj_3d,Injured_3DPI,1,Mesenchymal cells,955,2010.0
Inj_3d_TGTTCGTAAGTC,Inj_3d,Injured_3DPI,7,Pericytes/VSM,1388,2459.0
Inj_3d_CATGTCGGAAAT,Inj_3d,Injured_3DPI,13,Endothelial cells,1387,2833.0
Inj_3d_GACATGGATGTT,Inj_3d,Injured_3DPI,4,Endothelial cells,1108,1953.0
Inj_3d_CTATGAAACCAG,Inj_3d,Injured_3DPI,0,Mesenchymal cells,1300,2373.0
Inj_3d_GTAGGTAGGCAA,Inj_3d,Injured_3DPI,11,Macrophages,1591,3219.0
Inj_3d_GCATGGTCCTAA,Inj_3d,Injured_3DPI,3,Mesenchymal cells,2155,4763.0
Inj_3d_AAGTGCGCTTTT,Inj_3d,Injured_3DPI,16,Mast cells,1161,2265.0
Inj_3d_TCAACGAAACTG,Inj_3d,Injured_3DPI,0,Mesenchymal cells,1235,2285.0
Inj_3d_CTTGCATGGCGT,Inj_3d,Injured_3DPI,11,Macrophages,1400,2958.0
Inj_3d_TGTATTCAGGTG,Inj_3d,Injured_3DPI,1,Mesenchymal cells,1618,3340.0
Inj_3d_GACTCCGACGAA,Inj_3d,Injured_3DPI,0,Mesenchymal cells,2112,4331.0
Inj_3d_AACGGGGTGATG,Inj_3d,Injured_3DPI,7,Pericytes/VSM,1408,2703.0
Inj_3d_CCGTTGCCGGCG,Inj_3d,Injured_3DPI,11,Macrophages,1146,2463.0
Inj_3d_TCACTTCCCTGG,Inj_3d,Injured_3DPI,5,Endothelial cells,1344,2373.0
Inj_3d_AGGACCCACGAT,Inj_3d,Injured_3DPI,5,Endothelial cells,1385,2566.0
Inj_3d_GTTGTGGCAAGG,Inj_3d,Injured_3DPI,2,Schwann cells,1640,3079.0
Inj_3d_AGACACCTTCAT,Inj_3d,Injured_3DPI,1,Mesenchymal cells,1557,3352.0
Inj_3d_TGCTGTGACACT,Inj_3d,Injured_3DPI,0,Mesenchymal cells,1489,3310.0
Inj_3d_GGACAGCTTGTT,Inj_3d,Injured_3DPI,2,Schwann cells,1742,3495.0
Inj_3d_CGTTTTGTTTGC,Inj_3d,Injured_3DPI,1,Mesenchymal cells,1769,3500.0
Inj_3d_AGAGTGGTTAAA,Inj_3d,Injured_3DPI,11,Macrophages,1083,2270.0
Inj_3d_CGCCATGAACAC,Inj_3d,Injured_3DPI,0,Mesenchymal cells,1400,3125.0
Inj_3d_TATGACTTTGAG,Inj_3d,Injured_3DPI,2,Schwann cells,1728,3388.0
Inj_3d_AGTGGACTACAA,Inj_3d,Injured_3DPI,7,Pericytes/VSM,1502,2871.0
Inj_3d_ACAAGAGGGTCG,Inj_3d,Injured_3DPI,10,Schwann cells,1364,2313.0
Inj_3d_CACAACCCACCA,Inj_3d,Injured_3DPI,11,Macrophages,1825,3689.0
Inj_3d_GGCCGCTAGTTT,Inj_3d,Injured_3DPI,0,Mesenchymal cells,1616,3392.0
Inj_3d_GACATGACCGTT,Inj_3d,Injured_3DPI,4,Endothelial cells,1241,2454.0
Inj_3d_AAAGGAGGTACC,Inj_3d,Injured_3DPI,0,Mesenchymal cells,1382,2931.0
Inj_3d_GACTCCCGAGCA,Inj_3d,Injured_3DPI,9,Schwann cells,1225,1873.0
Inj_3d_TGGTACTAATCC,Inj_3d,Injured_3DPI,5,Endothelial cells,1494,2846.0
Inj_3d_GAGGTTAGGTAA,Inj_3d,Injured_3DPI,11,Macrophages,1328,2580.0
Inj_3d_AGCTCGCTTCGG,Inj_3d,Injured_3DPI,14,Lymphocytes,1300,2915.0
Inj_3d_ATCGCGATACCT,Inj_3d,Injured_3DPI,7,Pericytes/VSM,1181,2314.0
Inj_3d_TCCTCCCACCCA,Inj_3d,Injured_3DPI,0,Mesenchymal cells,1126,2386.0
Inj_3d_GATAGTCACCCC,Inj_3d,Injured_3DPI,7,Pericytes/VSM,1372,2461.0
Inj_3d_TCGACCTTACGT,Inj_3d,Injured_3DPI,2,Schwann cells,1468,2692.0
Inj_3d_TCTGAGAGAGGG,Inj_3d,Injured_3DPI,4,Endothelial cells,1112,1900.0
Inj_3d_GGTTCTACGTGC,Inj_3d,Injured_3DPI,3,Mesenchymal cells,1726,3530.0
Inj_3d_CGAGTATCGAAC,Inj_3d,Injured_3DPI,9,Schwann cells,1472,2570.0
Inj_3d_ACATTTATGAAG,Inj_3d,Injured_3DPI,0,Mesenchymal cells,1421,2343.0
Inj_3d_GAGGAAACATTG,Inj_3d,Injured_3DPI,3,Mesenchymal cells,1187,1955.0
Inj_3d_AGATAGTAAGAT,Inj_3d,Injured_3DPI,3,Mesenchymal cells,2045,4800.0
Inj_3d_AGCAACGACGCA,Inj_3d,Injured_3DPI,3,Mesenchymal cells,1585,3175.0
Inj_3d_AACTCTACTACG,Inj_3d,Injured_3DPI,0,Mesenchymal cells,1440,2964.0
Inj_3d_GTTGTGACTCAT,Inj_3d,Injured_3DPI,3,Mesenchymal cells,1249,3047.0
Inj_3d_AGGGGGATATCG,Inj_3d,Injured_3DPI,4,Endothelial cells,1374,2468.0
Inj_3d_CGACTGAACAAG,Inj_3d,Injured_3DPI,0,Mesenchymal cells,1371,2678.0
Inj_3d_TAAGGTCAATAT,Inj_3d,Injured_3DPI,5,Endothelial cells,1409,2354.0
Inj_3d_TAGGAGGTGGGA,Inj_3d,Injured_3DPI,0,Mesenchymal cells,1246,2422.0
Inj_3d_CTTTTGGACGGG,Inj_3d,Injured_3DPI,9,Schwann cells,1251,2070.0
Inj_3d_CGGGCCGAAAAC,Inj_3d,Injured_3DPI,0,Mesenchymal cells,1188,1855.0
Inj_3d_CTAAGTTTCCAG,Inj_3d,Injured_3DPI,1,Mesenchymal cells,1374,2381.0
Inj_3d_TGGCTTAGCGCT,Inj_3d,Injured_3DPI,3,Mesenchymal cells,1667,2711.0
Inj_3d_GGAATCCCGCAG,Inj_3d,Injured_3DPI,1,Mesenchymal cells,1823,3510.0
Inj_3d_CTTGGTTATTTT,Inj_3d,Injured_3DPI,0,Mesenchymal cells,1182,2280.0
Inj_3d_ATTTTCTATGAT,Inj_3d,Injured_3DPI,2,Schwann cells,2296,4908.0
Inj_3d_ACAGATTCACCT,Inj_3d,Injured_3DPI,3,Mesenchymal cells,1069,2503.0
Inj_3d_GATGCTGAACTG,Inj_3d,Injured_3DPI,7,Pericytes/VSM,1299,2520.0
Inj_3d_TATAATGCGTCT,Inj_3d,Injured_3DPI,5,Endothelial cells,1352,2424.0
Inj_3d_GCCGAATAGGTT,Inj_3d,Injured_3DPI,14,Lymphocytes,1269,2398.0
Inj_3d_GTTACGGCATCC,Inj_3d,Injured_3DPI,0,Mesenchymal cells,1992,4453.0
Inj_3d_CGGGCTCTCGCT,Inj_3d,Injured_3DPI,0,Mesenchymal cells,1394,3330.0
Inj_3d_TCTAGCCGACTC,Inj_3d,Injured_3DPI,4,Endothelial cells,1242,2378.0
Inj_3d_GGAAGTGGGTGG,Inj_3d,Injured_3DPI,2,Schwann cells,2277,4477.0
Inj_3d_TAGCCTGCAACA,Inj_3d,Injured_3DPI,10,Schwann cells,1164,1891.0
Inj_3d_CGGTCCCATCTT,Inj_3d,Injured_3DPI,0,Mesenchymal cells,1829,3830.0
Inj_3d_AGGAGAGCGCCC,Inj_3d,Injured_3DPI,0,Mesenchymal cells,1822,3940.0
Inj_3d_TGGGAAGGTAAG,Inj_3d,Injured_3DPI,9,Schwann cells,1390,2199.0
Inj_3d_TCGGCTTCCTGC,Inj_3d,Injured_3DPI,11,Macrophages,1361,2695.0
Inj_3d_GTAACATGCCGT,Inj_3d,Injured_3DPI,0,Mesenchymal cells,1447,2780.0
Inj_3d_CTTCATGTGTGG,Inj_3d,Injured_3DPI,10,Schwann cells,1463,2657.0
Inj_3d_TCGATAGAGGTG,Inj_3d,Injured_3DPI,10,Schwann cells,1674,3014.0
Inj_3d_CAGGTAACACTT,Inj_3d,Injured_3DPI,1,Mesenchymal cells,981,1806.0
Inj_3d_TGGGGTTCGCCG,Inj_3d,Injured_3DPI,1,Mesenchymal cells,1650,3409.0
Inj_3d_ATGCAAGGTACT,Inj_3d,Injured_3DPI,10,Schwann cells,1227,1925.0
Inj_3d_TATCCCCCTAGA,Inj_3d,Injured_3DPI,11,Macrophages,1592,2953.0
Inj_3d_GAATTCGCAGCA,Inj_3d,Injured_3DPI,1,Mesenchymal cells,1260,2496.0
Inj_3d_CACAAATACAAC,Inj_3d,Injured_3DPI,0,Mesenchymal cells,1376,2617.0
Inj_3d_TTTCGTAATGTT,Inj_3d,Injured_3DPI,7,Pericytes/VSM,1294,2120.0
Inj_3d_GCACGTGTTTAA,Inj_3d,Injured_3DPI,12,Schwann cells,1235,2110.0
Inj_3d_AGTGGCCGACAA,Inj_3d,Injured_3DPI,14,Lymphocytes,1208,2078.0
Inj_3d_GGCGGGCAGGCA,Inj_3d,Injured_3DPI,0,Mesenchymal cells,1613,4290.0
Inj_3d_GTTGGTGGTGTA,Inj_3d,Injured_3DPI,1,Mesenchymal cells,1796,3504.0
Inj_3d_TGGTCAGACTGC,Inj_3d,Injured_3DPI,0,Mesenchymal cells,1703,3336.0
Inj_3d_ACACAAGACCGT,Inj_3d,Injured_3DPI,0,Mesenchymal cells,1298,2595.0
Inj_3d_CGTAAGATAGGT,Inj_3d,Injured_3DPI,11,Macrophages,1031,1669.0
Inj_3d_CCATCTAGAACA,Inj_3d,Injured_3DPI,16,Mast cells,784,1769.0
Inj_3d_GAAGGAACCTAT,Inj_3d,Injured_3DPI,0,Mesenchymal cells,1084,2197.0
Inj_3d_GTCCGCCCGGAT,Inj_3d,Injured_3DPI,7,Pericytes/VSM,1437,3083.0
Inj_3d_ACTCAGCGCATA,Inj_3d,Injured_3DPI,9,Schwann cells,1128,1814.0
Inj_3d_CAGAAAGATTCC,Inj_3d,Injured_3DPI,0,Mesenchymal cells,1536,3066.0
Inj_3d_TGTGTATCCCTC,Inj_3d,Injured_3DPI,11,Macrophages,1394,2750.0
Inj_3d_GCAGAGCAATAG,Inj_3d,Injured_3DPI,3,Mesenchymal cells,1940,4026.0
Inj_3d_CGGCACTCAAAC,Inj_3d,Injured_3DPI,0,Mesenchymal cells,2203,5468.0
Inj_3d_CCGTAGCTTCAA,Inj_3d,Injured_3DPI,0,Mesenchymal cells,983,2329.0
Inj_3d_GAAACATGAGAC,Inj_3d,Injured_3DPI,0,Mesenchymal cells,1208,2584.0
Inj_3d_TGCAGTTATCTC,Inj_3d,Injured_3DPI,4,Endothelial cells,1198,1950.0
Inj_3d_AGTACGGAGTCC,Inj_3d,Injured_3DPI,11,Macrophages,1352,2867.0
Inj_3d_CTATACGGTTCT,Inj_3d,Injured_3DPI,3,Mesenchymal cells,1079,1681.0
Inj_3d_GATGTGGACATT,Inj_3d,Injured_3DPI,11,Macrophages,992,1881.0
Inj_3d_CTTGTGATCTGT,Inj_3d,Injured_3DPI,3,Mesenchymal cells,2370,5548.0
Inj_3d_TCCCATTACCCG,Inj_3d,Injured_3DPI,2,Schwann cells,1861,3457.0
Inj_3d_CAGACTGAGGTT,Inj_3d,Injured_3DPI,11,Macrophages,2013,3938.0
Inj_3d_CCAGCTGTGATT,Inj_3d,Injured_3DPI,1,Mesenchymal cells,1624,3218.0
Inj_3d_ACACCACCCCGA,Inj_3d,Injured_3DPI,0,Mesenchymal cells,1666,3314.0
Inj_3d_CCATCCGAGTTG,Inj_3d,Injured_3DPI,4,Endothelial cells,1179,2202.0
Inj_3d_GTCTCGTGCCTC,Inj_3d,Injured_3DPI,1,Mesenchymal cells,1328,2680.0
Inj_3d_TTCAGTTACCAC,Inj_3d,Injured_3DPI,10,Schwann cells,1286,2148.0
Inj_3d_CAATTCGTAGGC,Inj_3d,Injured_3DPI,13,Endothelial cells,1055,2123.0
Inj_3d_CAAACGGTGACA,Inj_3d,Injured_3DPI,0,Mesenchymal cells,1382,2679.0
Inj_3d_CGACAATGACAT,Inj_3d,Injured_3DPI,2,Schwann cells,915,1479.0
Inj_3d_AAATCTACTAAG,Inj_3d,Injured_3DPI,2,Schwann cells,1196,2264.0
Inj_3d_ACAAATCTCTTG,Inj_3d,Injured_3DPI,1,Mesenchymal cells,1248,2338.0
Inj_3d_GCCGCTAAAGAC,Inj_3d,Injured_3DPI,5,Endothelial cells,1211,2275.0
Inj_3d_TGCGGCACCCTA,Inj_3d,Injured_3DPI,1,Mesenchymal cells,1244,2368.0
Inj_3d_AAAGGTGGGTAC,Inj_3d,Injured_3DPI,10,Schwann cells,1111,1687.0
Inj_3d_AGGACACAAGTC,Inj_3d,Injured_3DPI,7,Pericytes/VSM,1129,2067.0
Inj_3d_TGAGTGATTAGG,Inj_3d,Injured_3DPI,7,Pericytes/VSM,1097,2134.0
Inj_3d_CGCTAAGCACAT,Inj_3d,Injured_3DPI,2,Schwann cells,1483,2565.0
Inj_3d_TTGTCGAGTCGG,Inj_3d,Injured_3DPI,1,Mesenchymal cells,1498,2666.0
Inj_3d_GCGAAATCCTTA,Inj_3d,Injured_3DPI,11,Macrophages,1323,2649.0
Inj_3d_CTTCGAGCATGG,Inj_3d,Injured_3DPI,11,Macrophages,1263,2558.0
Inj_3d_AAAATATTAGTT,Inj_3d,Injured_3DPI,10,Schwann cells,1194,1881.0
Inj_3d_GCCTCAGGATGT,Inj_3d,Injured_3DPI,11,Macrophages,1638,3657.0
Inj_3d_GGACGAGTAGTA,Inj_3d,Injured_3DPI,13,Endothelial cells,1663,3163.0
Inj_3d_CCTTTCTTAGCA,Inj_3d,Injured_3DPI,6,Endothelial cells,1196,1967.0
Inj_3d_TGGTAGGTTCCA,Inj_3d,Injured_3DPI,2,Schwann cells,1120,1870.0
Inj_3d_ATTCTCAGTACA,Inj_3d,Injured_3DPI,2,Schwann cells,1474,2551.0
Inj_3d_AGACCCCCCAGC,Inj_3d,Injured_3DPI,11,Macrophages,1380,3413.0
Inj_3d_CACGTCGTCTAC,Inj_3d,Injured_3DPI,5,Endothelial cells,1264,2688.0
Inj_3d_TGTCCACAACGG,Inj_3d,Injured_3DPI,11,Macrophages,1197,2132.0
Inj_3d_GCCCCGGCCGCC,Inj_3d,Injured_3DPI,14,Lymphocytes,1247,2445.0
Inj_3d_AACACTAACTAG,Inj_3d,Injured_3DPI,4,Endothelial cells,1100,1881.0
Inj_3d_GGCCGGAACTAA,Inj_3d,Injured_3DPI,11,Macrophages,1645,3277.0
Inj_3d_CAGGCAATCTTT,Inj_3d,Injured_3DPI,11,Macrophages,1564,3005.0
Inj_3d_AAGATCTTTTCA,Inj_3d,Injured_3DPI,0,Mesenchymal cells,972,1902.0
Inj_3d_TTGAGACTCCAC,Inj_3d,Injured_3DPI,7,Pericytes/VSM,1149,1947.0
Inj_3d_TCGGATCACCGC,Inj_3d,Injured_3DPI,13,Endothelial cells,1448,3016.0
Inj_3d_TGTGCCGAACAC,Inj_3d,Injured_3DPI,4,Endothelial cells,1361,2681.0
Inj_3d_CCAAGGCTATAA,Inj_3d,Injured_3DPI,0,Mesenchymal cells,1246,2410.0
Inj_3d_GCATGACTAAAG,Inj_3d,Injured_3DPI,3,Mesenchymal cells,1691,3508.0
Inj_3d_CGATTTCGCAAG,Inj_3d,Injured_3DPI,11,Macrophages,1006,1771.0
Inj_3d_ACGTCGCGTAGG,Inj_3d,Injured_3DPI,5,Endothelial cells,1232,2332.0
Inj_3d_CGGCTACGAATA,Inj_3d,Injured_3DPI,11,Macrophages,1167,1953.0
Inj_3d_ACGAATCCGGCA,Inj_3d,Injured_3DPI,1,Mesenchymal cells,2787,6574.0
Inj_3d_AGAACTTTCGGG,Inj_3d,Injured_3DPI,11,Macrophages,1035,1879.0
Inj_3d_CAATCGTGGGTG,Inj_3d,Injured_3DPI,0,Mesenchymal cells,1870,3494.0
Inj_3d_CGAGATTACACT,Inj_3d,Injured_3DPI,6,Endothelial cells,1054,1632.0
Inj_3d_CTATACAGCATA,Inj_3d,Injured_3DPI,5,Endothelial cells,1242,1996.0
Inj_3d_CGAACCTGCCAG,Inj_3d,Injured_3DPI,1,Mesenchymal cells,1602,3058.0
Inj_3d_AAGCGGGGTGTT,Inj_3d,Injured_3DPI,5,Endothelial cells,1081,1883.0
Inj_3d_TATGCAGCACTT,Inj_3d,Injured_3DPI,7,Pericytes/VSM,1079,1716.0
Inj_3d_TAGCCCGCAGCG,Inj_3d,Injured_3DPI,4,Endothelial cells,993,1805.0
Inj_3d_TCCGCCATTTCG,Inj_3d,Injured_3DPI,3,Mesenchymal cells,1807,3393.0
Inj_3d_TAGTGAGTACTA,Inj_3d,Injured_3DPI,1,Mesenchymal cells,1424,2625.0
Inj_3d_ACACGATCTTTC,Inj_3d,Injured_3DPI,14,Lymphocytes,913,1529.0
Inj_3d_ATCGGCCAGTTT,Inj_3d,Injured_3DPI,1,Mesenchymal cells,1324,2404.0
Inj_3d_GCGTACTAAGTC,Inj_3d,Injured_3DPI,4,Endothelial cells,1095,1838.0
Inj_3d_GCTACTTGGGAC,Inj_3d,Injured_3DPI,4,Endothelial cells,1263,2237.0
Inj_3d_CTAGCCCGCTCC,Inj_3d,Injured_3DPI,3,Mesenchymal cells,2384,5156.0
Inj_3d_CTTTGATTAAAT,Inj_3d,Injured_3DPI,1,Mesenchymal cells,1031,1889.0
Inj_3d_ATGGGACGAGTT,Inj_3d,Injured_3DPI,11,Macrophages,1096,2100.0
Inj_3d_CGATCCGCTGCA,Inj_3d,Injured_3DPI,17,Schwann cells,1048,2328.0
Inj_3d_TTACGGAGTCTA,Inj_3d,Injured_3DPI,0,Mesenchymal cells,946,2252.0
Inj_3d_ATGATTTAAGCC,Inj_3d,Injured_3DPI,10,Schwann cells,1217,1907.0
Inj_3d_AAATATAGGTAG,Inj_3d,Injured_3DPI,1,Mesenchymal cells,1232,2237.0
Inj_3d_CGTCCATTCAGT,Inj_3d,Injured_3DPI,0,Mesenchymal cells,1886,5009.0
Inj_3d_TCCCGGCACTAC,Inj_3d,Injured_3DPI,11,Macrophages,1049,2087.0
Inj_3d_CTAAAGAACGCT,Inj_3d,Injured_3DPI,0,Mesenchymal cells,946,1767.0
Inj_3d_TCTAGGTCTCTT,Inj_3d,Injured_3DPI,11,Macrophages,1198,2119.0
Inj_3d_AGAGCTCTCCAC,Inj_3d,Injured_3DPI,7,Pericytes/VSM,1261,2181.0
Inj_3d_CTGATTCGAATG,Inj_3d,Injured_3DPI,3,Mesenchymal cells,1814,4107.0
Inj_3d_TTCCGGTGGGAG,Inj_3d,Injured_3DPI,9,Schwann cells,1277,2139.0
Inj_3d_GCACCGCCATCC,Inj_3d,Injured_3DPI,11,Macrophages,1580,2747.0
Inj_3d_CAAAAGCGTTCT,Inj_3d,Injured_3DPI,1,Mesenchymal cells,1046,1753.0
Inj_3d_CCGGAGCTCGGC,Inj_3d,Injured_3DPI,3,Mesenchymal cells,1627,3697.0
Inj_3d_GGTCCCCCCTGA,Inj_3d,Injured_3DPI,17,Schwann cells,892,2425.0
Inj_3d_TTGCCAGGCACG,Inj_3d,Injured_3DPI,3,Mesenchymal cells,963,2562.0
Inj_3d_TGCTGTTAGTCT,Inj_3d,Injured_3DPI,2,Schwann cells,1560,2821.0
Inj_3d_ACGCAGTCACTG,Inj_3d,Injured_3DPI,1,Mesenchymal cells,1339,2394.0
Inj_3d_GCTTTTACGCTG,Inj_3d,Injured_3DPI,13,Endothelial cells,1028,1798.0
Inj_3d_AGAAACGTGATT,Inj_3d,Injured_3DPI,1,Mesenchymal cells,1349,2419.0
Inj_3d_GCTGAATAGTTA,Inj_3d,Injured_3DPI,14,Lymphocytes,846,1398.0
Inj_3d_ATCTAAGCCTCA,Inj_3d,Injured_3DPI,1,Mesenchymal cells,1667,3570.0
Inj_3d_CAATTTACTGAA,Inj_3d,Injured_3DPI,11,Macrophages,1345,2344.0
Inj_3d_AACTAAGAACGA,Inj_3d,Injured_3DPI,0,Mesenchymal cells,1336,2503.0
Inj_3d_TACGCCGAACAG,Inj_3d,Injured_3DPI,0,Mesenchymal cells,1292,2840.0
Inj_3d_TAAAGGCCAGGT,Inj_3d,Injured_3DPI,0,Mesenchymal cells,1379,2403.0
Inj_3d_AGGTTCAAGCCC,Inj_3d,Injured_3DPI,11,Macrophages,1541,3223.0
Inj_3d_TGATTACTAAAC,Inj_3d,Injured_3DPI,1,Mesenchymal cells,1251,2252.0
Inj_3d_CACGCTTGCTCA,Inj_3d,Injured_3DPI,0,Mesenchymal cells,1426,2834.0
Inj_3d_CAATTACTCTAC,Inj_3d,Injured_3DPI,3,Mesenchymal cells,1355,2441.0
Inj_3d_GCTCTGAGACTA,Inj_3d,Injured_3DPI,13,Endothelial cells,1101,2028.0
Inj_3d_TCCTCATACAAA,Inj_3d,Injured_3DPI,9,Schwann cells,952,1502.0
Inj_3d_GCAGAATGGCCT,Inj_3d,Injured_3DPI,4,Endothelial cells,930,1492.0
Inj_3d_GGGTTACACGGT,Inj_3d,Injured_3DPI,0,Mesenchymal cells,1302,2380.0
Inj_3d_CTACGAGTTATG,Inj_3d,Injured_3DPI,6,Endothelial cells,937,1575.0
Inj_3d_CTAACTGAGCTC,Inj_3d,Injured_3DPI,13,Endothelial cells,1671,3193.0
Inj_3d_CGCGTGCCGTGC,Inj_3d,Injured_3DPI,9,Schwann cells,1528,3019.0
Inj_3d_GCTGGTATAATT,Inj_3d,Injured_3DPI,0,Mesenchymal cells,1271,2927.0
Inj_3d_TTCAGAGACCAN,Inj_3d,Injured_3DPI,2,Schwann cells,1251,1947.0
Inj_3d_CTCATAAGATTG,Inj_3d,Injured_3DPI,3,Mesenchymal cells,2536,5627.0
Inj_3d_AGCCCGGCTTAC,Inj_3d,Injured_3DPI,0,Mesenchymal cells,1147,2824.0
Inj_3d_AGGGATGACAGT,Inj_3d,Injured_3DPI,1,Mesenchymal cells,1545,2887.0
Inj_3d_GAGCCCTTCGCC,Inj_3d,Injured_3DPI,1,Mesenchymal cells,1440,2841.0
Inj_3d_GCCATTGAGTCT,Inj_3d,Injured_3DPI,0,Mesenchymal cells,1331,2756.0
Inj_3d_GCCGGATGAGTC,Inj_3d,Injured_3DPI,7,Pericytes/VSM,1194,2186.0
Inj_3d_GGCCTCCGGGCG,Inj_3d,Injured_3DPI,0,Mesenchymal cells,861,2171.0
Inj_3d_CGTAACAGAGCG,Inj_3d,Injured_3DPI,4,Endothelial cells,965,1639.0
Inj_3d_ATTGATCGATAC,Inj_3d,Injured_3DPI,3,Mesenchymal cells,1516,3009.0
Inj_3d_TCAGCGAGAACC,Inj_3d,Injured_3DPI,0,Mesenchymal cells,1610,3129.0
Inj_3d_TGCTTCCGAGCA,Inj_3d,Injured_3DPI,0,Mesenchymal cells,1132,2122.0
Inj_3d_CCCACCGTCCCT,Inj_3d,Injured_3DPI,2,Schwann cells,1984,3832.0
Inj_3d_TCCAACAATGTT,Inj_3d,Injured_3DPI,11,Macrophages,960,1817.0
Inj_3d_GGCTATCGAAAT,Inj_3d,Injured_3DPI,0,Mesenchymal cells,1017,1742.0
Inj_3d_CGGCGACATCGC,Inj_3d,Injured_3DPI,7,Pericytes/VSM,1437,2548.0
Inj_3d_CCCCGACAAGTT,Inj_3d,Injured_3DPI,0,Mesenchymal cells,1227,2267.0
Inj_3d_AGCGCTTACTAA,Inj_3d,Injured_3DPI,2,Schwann cells,1918,3762.0
Inj_3d_CCATAAAGTTAT,Inj_3d,Injured_3DPI,7,Pericytes/VSM,782,1181.0
Inj_3d_CAGCATTTGACT,Inj_3d,Injured_3DPI,11,Macrophages,989,1729.0
Inj_3d_GGTATGGAGGAC,Inj_3d,Injured_3DPI,1,Mesenchymal cells,1153,2280.0
Inj_3d_TTTCTTAAAAAT,Inj_3d,Injured_3DPI,1,Mesenchymal cells,1251,2055.0
Inj_3d_GAGTGATTAGTA,Inj_3d,Injured_3DPI,2,Schwann cells,1581,3092.0
Inj_3d_AGCAGGCGATGG,Inj_3d,Injured_3DPI,3,Mesenchymal cells,1667,3647.0
Inj_3d_GGTGAAGCAAAA,Inj_3d,Injured_3DPI,1,Mesenchymal cells,1017,1896.0
Inj_3d_CATAATTCTGAG,Inj_3d,Injured_3DPI,1,Mesenchymal cells,851,1752.0
Inj_3d_GACAGCTGGTAG,Inj_3d,Injured_3DPI,11,Macrophages,1558,3143.0
Inj_3d_GGCAATGCTGGC,Inj_3d,Injured_3DPI,0,Mesenchymal cells,1685,3138.0
Inj_3d_CTTCAAGATCTG,Inj_3d,Injured_3DPI,1,Mesenchymal cells,1042,1769.0
Inj_3d_TCTGATTATTTA,Inj_3d,Injured_3DPI,0,Mesenchymal cells,992,1691.0
Inj_3d_TCAATGCCCTCT,Inj_3d,Injured_3DPI,1,Mesenchymal cells,981,1732.0
Inj_3d_GACCGTTTAGGT,Inj_3d,Injured_3DPI,0,Mesenchymal cells,1074,2247.0
Inj_3d_AAAAGCCCAGCC,Inj_3d,Injured_3DPI,0,Mesenchymal cells,736,1607.0
Inj_3d_CCATAAGTTGCC,Inj_3d,Injured_3DPI,3,Mesenchymal cells,1246,2219.0
Inj_3d_GCTTTGGGGAGG,Inj_3d,Injured_3DPI,2,Schwann cells,1109,1918.0
Inj_3d_GTCCCGCACTGA,Inj_3d,Injured_3DPI,5,Endothelial cells,1495,2384.0
Inj_3d_GTTAAGCCTCAG,Inj_3d,Injured_3DPI,11,Macrophages,1045,2052.0
Inj_3d_GTCTTGAGGGTG,Inj_3d,Injured_3DPI,5,Endothelial cells,1016,1541.0
Inj_3d_TCACGCCGCTAC,Inj_3d,Injured_3DPI,0,Mesenchymal cells,1390,2995.0
Inj_3d_CTACACCCGTCC,Inj_3d,Injured_3DPI,0,Mesenchymal cells,1297,2764.0
Inj_3d_AGTCGGATACGC,Inj_3d,Injured_3DPI,2,Schwann cells,1111,1742.0
Inj_3d_CAATCATTTTAT,Inj_3d,Injured_3DPI,5,Endothelial cells,1012,1574.0
Inj_3d_TGAAAAGTGGCC,Inj_3d,Injured_3DPI,0,Mesenchymal cells,1318,2727.0
Inj_3d_CCACACGCGGGG,Inj_3d,Injured_3DPI,1,Mesenchymal cells,1149,2170.0
Inj_3d_CTCCTCGAACCA,Inj_3d,Injured_3DPI,1,Mesenchymal cells,1618,3054.0
Inj_3d_CGTACCTACGTT,Inj_3d,Injured_3DPI,11,Macrophages,1039,1817.0
Inj_3d_CAGCTTAGAACG,Inj_3d,Injured_3DPI,9,Schwann cells,938,1566.0
Inj_3d_CAAACCGTCGAC,Inj_3d,Injured_3DPI,4,Endothelial cells,1058,1919.0
Inj_3d_GCTGTCATTAGC,Inj_3d,Injured_3DPI,1,Mesenchymal cells,1086,2097.0
Inj_3d_CTCCGTTCAGTA,Inj_3d,Injured_3DPI,1,Mesenchymal cells,1277,2289.0
Inj_3d_TTGTCAGGGATT,Inj_3d,Injured_3DPI,0,Mesenchymal cells,1064,1927.0
Inj_3d_CCAAATTACGAG,Inj_3d,Injured_3DPI,3,Mesenchymal cells,824,2126.0
Inj_3d_CCCGGGAGAAAC,Inj_3d,Injured_3DPI,1,Mesenchymal cells,1196,2023.0
Inj_3d_GTCGCGTCAGAG,Inj_3d,Injured_3DPI,2,Schwann cells,1357,2095.0
Inj_3d_TCTTGCATATTG,Inj_3d,Injured_3DPI,1,Mesenchymal cells,1248,2223.0
Inj_3d_GAGGCCCGGTAC,Inj_3d,Injured_3DPI,5,Endothelial cells,1125,1646.0
Inj_3d_GCCGTATCCTGN,Inj_3d,Injured_3DPI,0,Mesenchymal cells,1233,2318.0
Inj_3d_CTCAGTAAAGCA,Inj_3d,Injured_3DPI,15,Macrophages,421,1113.0
Inj_3d_GTCATACAGCGC,Inj_3d,Injured_3DPI,16,Mast cells,1004,1968.0
Inj_3d_AGCGAGGATTAA,Inj_3d,Injured_3DPI,3,Mesenchymal cells,981,1529.0
Inj_3d_AGTGAGTCGAAA,Inj_3d,Injured_3DPI,0,Mesenchymal cells,1228,2185.0
Inj_3d_ATTCGTTCCGCT,Inj_3d,Injured_3DPI,11,Macrophages,939,1627.0
Inj_3d_ACTCCTAATAAT,Inj_3d,Injured_3DPI,9,Schwann cells,955,1455.0
Inj_3d_ACTATGCTAGCG,Inj_3d,Injured_3DPI,1,Mesenchymal cells,801,1465.0
Inj_3d_GACGTTCTACAA,Inj_3d,Injured_3DPI,1,Mesenchymal cells,1049,1918.0
Inj_3d_CATACATTCGGT,Inj_3d,Injured_3DPI,0,Mesenchymal cells,1506,2923.0
Inj_3d_ACCTGTGGCGTG,Inj_3d,Injured_3DPI,0,Mesenchymal cells,981,1975.0
Inj_3d_CGTAGCGGTGAT,Inj_3d,Injured_3DPI,0,Mesenchymal cells,1197,2421.0
Inj_3d_GGGACCTGGTTG,Inj_3d,Injured_3DPI,3,Mesenchymal cells,889,1617.0
Inj_3d_ATGAGTACGTCT,Inj_3d,Injured_3DPI,3,Mesenchymal cells,2331,5058.0
Inj_3d_GAAGAACATTTT,Inj_3d,Injured_3DPI,13,Endothelial cells,1167,1925.0
Inj_3d_TTTGATCTGGCC,Inj_3d,Injured_3DPI,0,Mesenchymal cells,953,1750.0
Inj_3d_CCTAAGTGGCGT,Inj_3d,Injured_3DPI,4,Endothelial cells,1031,1897.0
Inj_3d_GTTCTTGTCCAC,Inj_3d,Injured_3DPI,0,Mesenchymal cells,1330,2855.0
Inj_3d_TTATTCAGTTGT,Inj_3d,Injured_3DPI,11,Macrophages,860,1497.0
Inj_3d_CTGAGTTCCCGG,Inj_3d,Injured_3DPI,3,Mesenchymal cells,1901,4400.0
Inj_3d_CGCATCGAGCGA,Inj_3d,Injured_3DPI,11,Macrophages,983,2040.0
Inj_3d_AAGATTTCCCAT,Inj_3d,Injured_3DPI,0,Mesenchymal cells,705,1470.0
Inj_3d_TCCACAAAAGCA,Inj_3d,Injured_3DPI,0,Mesenchymal cells,1015,1909.0
Inj_3d_ACCCAAACCCAA,Inj_3d,Injured_3DPI,2,Schwann cells,1954,3721.0
Inj_3d_GTAGGTGAAGCA,Inj_3d,Injured_3DPI,1,Mesenchymal cells,1459,2703.0
Inj_3d_GCTTGCCCTGAC,Inj_3d,Injured_3DPI,11,Macrophages,915,1961.0
Inj_3d_ACCGCCTCTATT,Inj_3d,Injured_3DPI,14,Lymphocytes,1005,1898.0
Inj_3d_CGAAACGCTGAT,Inj_3d,Injured_3DPI,2,Schwann cells,1201,2071.0
Inj_3d_GGACATCGGTAT,Inj_3d,Injured_3DPI,1,Mesenchymal cells,1611,3220.0
Inj_3d_GGTGGAACCTCC,Inj_3d,Injured_3DPI,10,Schwann cells,1322,2133.0
Inj_3d_ACCCTAATTCCG,Inj_3d,Injured_3DPI,11,Macrophages,1088,1875.0
Inj_3d_GCATAACCACAC,Inj_3d,Injured_3DPI,1,Mesenchymal cells,1008,1700.0
Inj_3d_AATTACCTACGC,Inj_3d,Injured_3DPI,0,Mesenchymal cells,870,1411.0
Inj_3d_TTGTGATGCGGG,Inj_3d,Injured_3DPI,11,Macrophages,830,1540.0
Inj_3d_ATAAATTCCTGG,Inj_3d,Injured_3DPI,10,Schwann cells,678,1034.0
Inj_3d_CGACTCAAAACT,Inj_3d,Injured_3DPI,2,Schwann cells,1281,2141.0
Inj_3d_AGCCCAAGGACT,Inj_3d,Injured_3DPI,5,Endothelial cells,1133,1806.0
Inj_3d_TGGGACCGACTT,Inj_3d,Injured_3DPI,0,Mesenchymal cells,1020,1792.0
Inj_3d_TGAGCTGTCGGG,Inj_3d,Injured_3DPI,0,Mesenchymal cells,981,1928.0
Inj_3d_ATGAACATTAAC,Inj_3d,Injured_3DPI,11,Macrophages,1359,2923.0
Inj_3d_TGCTCGGGTGCG,Inj_3d,Injured_3DPI,14,Lymphocytes,955,1507.0
Inj_3d_AGCTGCATCAAT,Inj_3d,Injured_3DPI,4,Endothelial cells,1367,2198.0
Inj_3d_ATATCGTCGGCG,Inj_3d,Injured_3DPI,1,Mesenchymal cells,1365,2545.0
Inj_3d_GTATGCACAACT,Inj_3d,Injured_3DPI,10,Schwann cells,868,1333.0
Inj_3d_ATCGTGCACGAA,Inj_3d,Injured_3DPI,0,Mesenchymal cells,950,1677.0
Inj_3d_GTCCATCAAATG,Inj_3d,Injured_3DPI,0,Mesenchymal cells,1613,2913.0
Inj_3d_TTTGCGCGTTTA,Inj_3d,Injured_3DPI,0,Mesenchymal cells,989,1712.0
Inj_3d_TCTAAAATAATG,Inj_3d,Injured_3DPI,1,Mesenchymal cells,857,1396.0
Inj_3d_AGTGTTGTATGG,Inj_3d,Injured_3DPI,16,Mast cells,917,1760.0
Inj_3d_ACCAGGCGCAAG,Inj_3d,Injured_3DPI,3,Mesenchymal cells,1070,1830.0
Inj_3d_GATACTCCTTCA,Inj_3d,Injured_3DPI,1,Mesenchymal cells,998,1723.0
Inj_3d_GGCGGCGGCTCA,Inj_3d,Injured_3DPI,0,Mesenchymal cells,1810,3957.0
Inj_3d_GCGCTTACTCGG,Inj_3d,Injured_3DPI,1,Mesenchymal cells,1217,2319.0
Inj_3d_TTAACTTCCACT,Inj_3d,Injured_3DPI,0,Mesenchymal cells,2186,4414.0
Inj_3d_CTCCTGCGACAT,Inj_3d,Injured_3DPI,0,Mesenchymal cells,966,1411.0
Inj_3d_CAGTAGATGTCC,Inj_3d,Injured_3DPI,11,Macrophages,686,1324.0
Inj_3d_TGCCGTAGTGAG,Inj_3d,Injured_3DPI,1,Mesenchymal cells,1459,2654.0
Inj_3d_TACTGGCACTCG,Inj_3d,Injured_3DPI,0,Mesenchymal cells,1201,2333.0
Inj_3d_ATACACGTGTGA,Inj_3d,Injured_3DPI,1,Mesenchymal cells,999,1775.0
Inj_3d_CGCCCAGTACGT,Inj_3d,Injured_3DPI,0,Mesenchymal cells,1204,2258.0
Inj_3d_TTGTAAGTGGGG,Inj_3d,Injured_3DPI,4,Endothelial cells,1581,2655.0
Inj_3d_CTACTACGGGGC,Inj_3d,Injured_3DPI,0,Mesenchymal cells,798,1426.0
Inj_3d_GTCCTATGCGGC,Inj_3d,Injured_3DPI,0,Mesenchymal cells,1692,3277.0
Inj_3d_TCGGAACTACCT,Inj_3d,Injured_3DPI,0,Mesenchymal cells,873,1512.0
Inj_3d_CCCGCGGGCTCT,Inj_3d,Injured_3DPI,0,Mesenchymal cells,910,1463.0
Inj_3d_CGACGTACAGGG,Inj_3d,Injured_3DPI,0,Mesenchymal cells,868,1521.0
Inj_3d_TTATATTCAACT,Inj_3d,Injured_3DPI,13,Endothelial cells,1035,1785.0
Inj_3d_TGCCCCAGCGTC,Inj_3d,Injured_3DPI,3,Mesenchymal cells,680,1439.0
Inj_3d_AGGGCAGTTACG,Inj_3d,Injured_3DPI,1,Mesenchymal cells,1169,2177.0
Inj_3d_TGTCTTAGTCTA,Inj_3d,Injured_3DPI,14,Lymphocytes,724,1336.0
Inj_3d_CTTATATGGGCG,Inj_3d,Injured_3DPI,1,Mesenchymal cells,1186,2304.0
Inj_3d_GGGTGGCTCGGT,Inj_3d,Injured_3DPI,0,Mesenchymal cells,1103,2337.0
Inj_3d_TGGACAAAAATG,Inj_3d,Injured_3DPI,1,Mesenchymal cells,815,1220.0
Inj_3d_TTCACGACGTGG,Inj_3d,Injured_3DPI,11,Macrophages,1032,1951.0
Inj_3d_CAATGACTATCG,Inj_3d,Injured_3DPI,1,Mesenchymal cells,1204,2144.0
Inj_3d_AGACTAAGACCC,Inj_3d,Injured_3DPI,11,Macrophages,1053,1790.0
Inj_3d_CGGTCGCATGCG,Inj_3d,Injured_3DPI,1,Mesenchymal cells,1203,2197.0
Inj_3d_AGATCAAGCTCC,Inj_3d,Injured_3DPI,9,Schwann cells,1035,1564.0
Inj_3d_AAGTGGCACCGT,Inj_3d,Injured_3DPI,14,Lymphocytes,906,1741.0
Inj_3d_AGGCAGAAGGCG,Inj_3d,Injured_3DPI,1,Mesenchymal cells,1271,2567.0
Inj_3d_GAGATAGTATAA,Inj_3d,Injured_3DPI,11,Macrophages,787,1472.0
Inj_3d_CATGAAGATCAG,Inj_3d,Injured_3DPI,10,Schwann cells,1025,1668.0
Inj_3d_CACTCGTAACCA,Inj_3d,Injured_3DPI,9,Schwann cells,861,1366.0
Inj_3d_TCTCCGCGATGA,Inj_3d,Injured_3DPI,6,Endothelial cells,814,1281.0
Inj_3d_ACCTGACCAGAA,Inj_3d,Injured_3DPI,5,Endothelial cells,1133,1873.0
Inj_3d_CCGCGGAAGACA,Inj_3d,Injured_3DPI,14,Lymphocytes,643,1074.0
Inj_3d_TATCTTCGCGAA,Inj_3d,Injured_3DPI,3,Mesenchymal cells,1320,2450.0
Inj_3d_AATTCCATGCGC,Inj_3d,Injured_3DPI,1,Mesenchymal cells,1305,2290.0
Inj_3d_AAGGACCCAATA,Inj_3d,Injured_3DPI,4,Endothelial cells,996,1558.0
Inj_3d_TCCCTCGATTCT,Inj_3d,Injured_3DPI,2,Schwann cells,1088,1763.0
Inj_3d_GGACTTCGAATG,Inj_3d,Injured_3DPI,1,Mesenchymal cells,981,1662.0
Inj_3d_GCCTTCCAAGGG,Inj_3d,Injured_3DPI,1,Mesenchymal cells,885,1562.0
Inj_3d_TGAGGTAAGCAG,Inj_3d,Injured_3DPI,16,Mast cells,922,1509.0
Inj_3d_GGCACACACTTT,Inj_3d,Injured_3DPI,13,Endothelial cells,952,1948.0
Inj_3d_CAATGCGCGGAT,Inj_3d,Injured_3DPI,4,Endothelial cells,777,1264.0
Inj_3d_TATCTTGGGAGC,Inj_3d,Injured_3DPI,0,Mesenchymal cells,1233,2020.0
Inj_3d_ACCACCTACTGG,Inj_3d,Injured_3DPI,6,Endothelial cells,1196,1863.0
Inj_3d_GCGAGCCCTTGG,Inj_3d,Injured_3DPI,3,Mesenchymal cells,1004,2196.0
Inj_3d_ATCAGTCACTGA,Inj_3d,Injured_3DPI,6,Endothelial cells,834,1333.0
Inj_3d_ATCCTCTATTAT,Inj_3d,Injured_3DPI,0,Mesenchymal cells,1109,2089.0
Inj_3d_CTAGCATTTTTC,Inj_3d,Injured_3DPI,11,Macrophages,831,1514.0
Inj_3d_CCGAGATTCGCC,Inj_3d,Injured_3DPI,11,Macrophages,716,1324.0
Inj_3d_GGCTCACTTACT,Inj_3d,Injured_3DPI,1,Mesenchymal cells,1013,1649.0
Inj_3d_GCTAGGTCACTG,Inj_3d,Injured_3DPI,7,Pericytes/VSM,910,1585.0
Inj_3d_GACGAACCACTG,Inj_3d,Injured_3DPI,6,Endothelial cells,998,1672.0
Inj_3d_AATCTGTATCGT,Inj_3d,Injured_3DPI,11,Macrophages,1355,2546.0
Inj_3d_GACAACATGGTC,Inj_3d,Injured_3DPI,3,Mesenchymal cells,997,1405.0
Inj_3d_GCTTGAAATTGG,Inj_3d,Injured_3DPI,11,Macrophages,1436,2548.0
Inj_3d_CCTCAGGTGCAA,Inj_3d,Injured_3DPI,11,Macrophages,859,1528.0
Inj_3d_ACCTCTGTATCC,Inj_3d,Injured_3DPI,1,Mesenchymal cells,926,1634.0
Inj_3d_GTAGAAGGTTAC,Inj_3d,Injured_3DPI,4,Endothelial cells,726,1169.0
Inj_3d_TTAGTCGGTGTC,Inj_3d,Injured_3DPI,10,Schwann cells,704,974.0
Inj_3d_AATAGCGGATGA,Inj_3d,Injured_3DPI,14,Lymphocytes,750,1106.0
Inj_3d_TGCAAATTCAGC,Inj_3d,Injured_3DPI,3,Mesenchymal cells,663,1610.0
Inj_3d_GGCTCTAACCGC,Inj_3d,Injured_3DPI,1,Mesenchymal cells,1054,2214.0
Inj_3d_TACTTCCCAATG,Inj_3d,Injured_3DPI,14,Lymphocytes,828,1223.0
Inj_3d_GCCCCGATAAAA,Inj_3d,Injured_3DPI,14,Lymphocytes,732,1054.0
Inj_3d_TCCTTAAACGCG,Inj_3d,Injured_3DPI,1,Mesenchymal cells,1124,1918.0
Inj_3d_CACCTGAACAGA,Inj_3d,Injured_3DPI,3,Mesenchymal cells,1017,1721.0
Inj_3d_GCTCGCTGGTCA,Inj_3d,Injured_3DPI,1,Mesenchymal cells,1752,3353.0
Inj_3d_GACCGACCTGCA,Inj_3d,Injured_3DPI,3,Mesenchymal cells,1186,2179.0
Inj_3d_TCTTTCATAATA,Inj_3d,Injured_3DPI,14,Lymphocytes,754,1054.0
Inj_3d_GTCGACACACCC,Inj_3d,Injured_3DPI,11,Macrophages,859,1512.0
Inj_3d_TAGTGCAGTCAT,Inj_3d,Injured_3DPI,16,Mast cells,926,1564.0
Inj_3d_CGGATGCCGTGA,Inj_3d,Injured_3DPI,11,Macrophages,1099,2108.0
Inj_3d_TACACGCCGTAC,Inj_3d,Injured_3DPI,3,Mesenchymal cells,989,1705.0
Inj_3d_TGTGGCCTGTAC,Inj_3d,Injured_3DPI,0,Mesenchymal cells,1026,1943.0
Inj_3d_CTTGGGTCAAGA,Inj_3d,Injured_3DPI,0,Mesenchymal cells,1179,2180.0
Inj_3d_TCGTAATACGTA,Inj_3d,Injured_3DPI,10,Schwann cells,751,1158.0
Inj_3d_GCAATGGTGCCA,Inj_3d,Injured_3DPI,7,Pericytes/VSM,986,1556.0
Inj_3d_GCCATGGCGCTC,Inj_3d,Injured_3DPI,3,Mesenchymal cells,720,1674.0
Inj_3d_TTCCTAAAAACT,Inj_3d,Injured_3DPI,0,Mesenchymal cells,1266,2102.0
Inj_3d_GGTTTCTGGCTG,Inj_3d,Injured_3DPI,14,Lymphocytes,793,1433.0
Inj_3d_TTCGGGACGTCT,Inj_3d,Injured_3DPI,11,Macrophages,813,1465.0
Inj_3d_GTCGTACGTCAA,Inj_3d,Injured_3DPI,2,Schwann cells,932,1548.0
Inj_3d_AGCCGAGTAGCG,Inj_3d,Injured_3DPI,11,Macrophages,1389,2922.0
Inj_3d_ACGTTTTTCTCG,Inj_3d,Injured_3DPI,11,Macrophages,1523,2974.0
Inj_3d_TGTGCACATCCT,Inj_3d,Injured_3DPI,11,Macrophages,779,1462.0
Inj_3d_CTTGCCAGAGAA,Inj_3d,Injured_3DPI,3,Mesenchymal cells,811,1464.0
Inj_3d_GTTATTCGTCGA,Inj_3d,Injured_3DPI,11,Macrophages,811,1501.0
Inj_3d_CTTCTCCCAAGG,Inj_3d,Injured_3DPI,4,Endothelial cells,804,1391.0
Inj_3d_CTCTACCATCCG,Inj_3d,Injured_3DPI,0,Mesenchymal cells,767,1175.0
Inj_3d_TCAACCGCGTAG,Inj_3d,Injured_3DPI,9,Schwann cells,955,1717.0
Inj_3d_CGGTACAAGCCG,Inj_3d,Injured_3DPI,10,Schwann cells,1131,1966.0
Inj_3d_GACGAAAACAGG,Inj_3d,Injured_3DPI,3,Mesenchymal cells,689,1129.0
Inj_3d_ACGTGTCCGGCT,Inj_3d,Injured_3DPI,4,Endothelial cells,962,1619.0
Inj_3d_TACGCGATGGGA,Inj_3d,Injured_3DPI,10,Schwann cells,956,1554.0
Inj_3d_GCGTTAGACACG,Inj_3d,Injured_3DPI,0,Mesenchymal cells,1379,2674.0
Inj_3d_AATTAGTCTGAA,Inj_3d,Injured_3DPI,10,Schwann cells,1215,1901.0
Inj_3d_GTATGAGAAGTA,Inj_3d,Injured_3DPI,2,Schwann cells,808,1103.0
Inj_3d_GACCATGACTAC,Inj_3d,Injured_3DPI,2,Schwann cells,980,1448.0
Inj_3d_TTCAAATTACCT,Inj_3d,Injured_3DPI,11,Macrophages,1011,1554.0
Inj_3d_CGTCACCCTCAA,Inj_3d,Injured_3DPI,11,Macrophages,863,1733.0
Inj_3d_CGCAGGGCACTT,Inj_3d,Injured_3DPI,11,Macrophages,917,1517.0
Inj_3d_CTTTCTTTTCTA,Inj_3d,Injured_3DPI,6,Endothelial cells,842,1496.0
Inj_3d_GGTACTCTATAG,Inj_3d,Injured_3DPI,4,Endothelial cells,722,1126.0
Inj_3d_TGCGTGTCCTTC,Inj_3d,Injured_3DPI,4,Endothelial cells,908,1405.0
Inj_3d_AAATAGGGACAC,Inj_3d,Injured_3DPI,0,Mesenchymal cells,1153,2053.0
Inj_3d_AAAAGCACATGT,Inj_3d,Injured_3DPI,0,Mesenchymal cells,946,1559.0
Inj_3d_GTTTGCTGGAGG,Inj_3d,Injured_3DPI,5,Endothelial cells,797,1270.0
Inj_3d_CGGTACGAGTGA,Inj_3d,Injured_3DPI,11,Macrophages,694,1165.0
Inj_3d_CGGTATGTTAGT,Inj_3d,Injured_3DPI,4,Endothelial cells,944,1646.0
Inj_3d_AATTGGGAGATA,Inj_3d,Injured_3DPI,11,Macrophages,987,1719.0
Inj_3d_GTCAACATCTGA,Inj_3d,Injured_3DPI,11,Macrophages,624,914.0
Inj_3d_GCGAATCTGAGA,Inj_3d,Injured_3DPI,11,Macrophages,1347,2384.0
Inj_3d_CTAGAACAAGGT,Inj_3d,Injured_3DPI,11,Macrophages,791,1268.0
Inj_3d_CCGAGCATTACG,Inj_3d,Injured_3DPI,11,Macrophages,869,1581.0
Inj_3d_TTGTGGCAGAGG,Inj_3d,Injured_3DPI,11,Macrophages,910,1533.0
Inj_3d_GAACCTCAGACT,Inj_3d,Injured_3DPI,10,Schwann cells,776,1128.0
Inj_3d_TACCGACGGCCG,Inj_3d,Injured_3DPI,3,Mesenchymal cells,1133,1999.0
Inj_3d_GCGGTGACGTGA,Inj_3d,Injured_3DPI,11,Macrophages,920,1584.0
Inj_3d_AAGACGGGGGTA,Inj_3d,Injured_3DPI,5,Endothelial cells,857,1351.0
Inj_3d_TTACATGAAAGA,Inj_3d,Injured_3DPI,11,Macrophages,844,1318.0
Inj_3d_GAAAGGTCCCCA,Inj_3d,Injured_3DPI,1,Mesenchymal cells,1091,1734.0
Inj_3d_AGCAACCAGAAA,Inj_3d,Injured_3DPI,11,Macrophages,749,1297.0
Inj_3d_ATAGACACTTCC,Inj_3d,Injured_3DPI,14,Lymphocytes,644,952.0
Inj_3d_ATTTAGCAGGAC,Inj_3d,Injured_3DPI,3,Mesenchymal cells,991,1627.0
Inj_3d_GAATGAAGCTCT,Inj_3d,Injured_3DPI,11,Macrophages,686,1106.0
Inj_3d_ATTAAGAGAGGA,Inj_3d,Injured_3DPI,3,Mesenchymal cells,640,1135.0
Inj_3d_TACCCACCTTCT,Inj_3d,Injured_3DPI,4,Endothelial cells,1332,2255.0
Inj_3d_CTCCCAACTCCC,Inj_3d,Injured_3DPI,15,Macrophages,426,1105.0
Inj_3d_ACACGCGGGAAT,Inj_3d,Injured_3DPI,0,Mesenchymal cells,1290,2546.0
Inj_3d_GCCTACACTAGG,Inj_3d,Injured_3DPI,11,Macrophages,739,1287.0
Inj_3d_GCCGGACCCGCA,Inj_3d,Injured_3DPI,4,Endothelial cells,814,1416.0
Inj_3d_CTATCGGACTCC,Inj_3d,Injured_3DPI,14,Lymphocytes,831,1381.0
Inj_3d_CAGGACGTGCCT,Inj_3d,Injured_3DPI,11,Macrophages,1087,1708.0
Inj_3d_TGATGTGTTCGA,Inj_3d,Injured_3DPI,7,Pericytes/VSM,829,1358.0
Inj_3d_GACTCTGAATAA,Inj_3d,Injured_3DPI,1,Mesenchymal cells,1311,2268.0
Inj_3d_TTTAACACAAGT,Inj_3d,Injured_3DPI,3,Mesenchymal cells,1318,2387.0
Inj_3d_TAGCCGCCTACC,Inj_3d,Injured_3DPI,3,Mesenchymal cells,895,1835.0
Inj_3d_GGGGTTTTCCTC,Inj_3d,Injured_3DPI,11,Macrophages,807,1394.0
Inj_3d_GGACTGCACCGA,Inj_3d,Injured_3DPI,4,Endothelial cells,932,1570.0
Inj_3d_TAGGCTACGTCA,Inj_3d,Injured_3DPI,1,Mesenchymal cells,1099,1843.0
Inj_3d_CAAAAAAAGTCA,Inj_3d,Injured_3DPI,9,Schwann cells,824,1217.0
Inj_3d_ACCCAGGCCGCG,Inj_3d,Injured_3DPI,3,Mesenchymal cells,837,1776.0
Inj_3d_ACGGAGCGGGAC,Inj_3d,Injured_3DPI,1,Mesenchymal cells,1130,1914.0
Inj_3d_AGTCTTGTGATT,Inj_3d,Injured_3DPI,11,Macrophages,828,1511.0
Inj_3d_CATATGCGAGCC,Inj_3d,Injured_3DPI,11,Macrophages,781,1785.0
Inj_3d_AAGTTAATGTGC,Inj_3d,Injured_3DPI,0,Mesenchymal cells,637,1238.0
Inj_3d_GCCTAACCCTGT,Inj_3d,Injured_3DPI,2,Schwann cells,867,1413.0
Inj_3d_TCATTACAATTG,Inj_3d,Injured_3DPI,11,Macrophages,1066,1783.0
Inj_3d_GCACCGTGTCAG,Inj_3d,Injured_3DPI,14,Lymphocytes,929,1610.0
Inj_3d_AGCTATGTCCCA,Inj_3d,Injured_3DPI,3,Mesenchymal cells,890,1415.0
Inj_3d_ACGGTTTCGCCG,Inj_3d,Injured_3DPI,0,Mesenchymal cells,997,1821.0
Inj_3d_GCCGCTGCCATG,Inj_3d,Injured_3DPI,0,Mesenchymal cells,1106,1779.0
Inj_3d_CAAAGTCAATAG,Inj_3d,Injured_3DPI,0,Mesenchymal cells,1035,1715.0
Inj_3d_ACAAGTCGGCAA,Inj_3d,Injured_3DPI,7,Pericytes/VSM,919,1373.0
Inj_3d_TACTTCTCGTCA,Inj_3d,Injured_3DPI,0,Mesenchymal cells,899,1431.0
Inj_3d_TAGAAGCCTTCG,Inj_3d,Injured_3DPI,0,Mesenchymal cells,780,1098.0
Inj_3d_TAATGGATAGCT,Inj_3d,Injured_3DPI,0,Mesenchymal cells,1271,2421.0
Inj_3d_CTGACCTTACAC,Inj_3d,Injured_3DPI,11,Macrophages,754,1204.0
Inj_3d_GGGGTCATAGGC,Inj_3d,Injured_3DPI,0,Mesenchymal cells,908,2062.0
Inj_3d_GACATGATAGCT,Inj_3d,Injured_3DPI,0,Mesenchymal cells,731,1090.0
Inj_3d_ACTTTCGAGCAA,Inj_3d,Injured_3DPI,11,Macrophages,989,1556.0
Inj_3d_CATGGCATTCTA,Inj_3d,Injured_3DPI,4,Endothelial cells,820,1212.0
Inj_3d_GCGCCTCCGCGG,Inj_3d,Injured_3DPI,0,Mesenchymal cells,651,1143.0
Inj_3d_GAAGTGAGACTA,Inj_3d,Injured_3DPI,3,Mesenchymal cells,1185,2198.0
Inj_3d_TGAACTGGCCCA,Inj_3d,Injured_3DPI,1,Mesenchymal cells,1105,2032.0
Inj_3d_AACGAACAACGG,Inj_3d,Injured_3DPI,11,Macrophages,745,1109.0
Inj_3d_TACGATTAGTAA,Inj_3d,Injured_3DPI,0,Mesenchymal cells,667,1102.0
Inj_3d_CCGCACTTGTCG,Inj_3d,Injured_3DPI,2,Schwann cells,601,1013.0
Inj_3d_ACCGCAATTCAC,Inj_3d,Injured_3DPI,3,Mesenchymal cells,947,1408.0
Inj_3d_TGTATGATGAAC,Inj_3d,Injured_3DPI,11,Macrophages,845,1512.0
Inj_3d_TCACTCAGTCAG,Inj_3d,Injured_3DPI,13,Endothelial cells,1433,2289.0
Inj_3d_GACCACACAGGA,Inj_3d,Injured_3DPI,11,Macrophages,1213,2384.0
Inj_3d_AACTCGAGTTCA,Inj_3d,Injured_3DPI,11,Macrophages,745,1238.0
Inj_3d_AAACATAGGACC,Inj_3d,Injured_3DPI,11,Macrophages,1036,1806.0
Inj_3d_GTCCTATGTCCA,Inj_3d,Injured_3DPI,15,Macrophages,483,1483.0
Inj_3d_ACAATGGCGGGT,Inj_3d,Injured_3DPI,11,Macrophages,788,1232.0
Inj_3d_ATGCTATAATAA,Inj_3d,Injured_3DPI,11,Macrophages,756,1223.0
Inj_3d_CCCTCTGAGTGC,Inj_3d,Injured_3DPI,11,Macrophages,1373,2257.0
Inj_3d_GTCAGGGCCTTA,Inj_3d,Injured_3DPI,11,Macrophages,1292,2375.0
Inj_3d_GTACGCTTGACC,Inj_3d,Injured_3DPI,1,Mesenchymal cells,781,1306.0
Inj_3d_CGTCCCTGCATG,Inj_3d,Injured_3DPI,11,Macrophages,874,1509.0
Inj_3d_AGGGGCCTCTCA,Inj_3d,Injured_3DPI,11,Macrophages,1465,2345.0
Inj_3d_GTGTAGGAAGTT,Inj_3d,Injured_3DPI,11,Macrophages,683,1165.0
Inj_3d_GACGAGCGATTT,Inj_3d,Injured_3DPI,5,Endothelial cells,606,847.0
Inj_3d_GGAATTAACTTG,Inj_3d,Injured_3DPI,0,Mesenchymal cells,986,1664.0
Inj_3d_TATCCGCGATTG,Inj_3d,Injured_3DPI,3,Mesenchymal cells,948,1604.0
Inj_3d_TAAAGTCAGCGC,Inj_3d,Injured_3DPI,14,Lymphocytes,718,1197.0
Inj_3d_GCTTGTTCACGA,Inj_3d,Injured_3DPI,11,Macrophages,1001,1639.0
Inj_3d_TGTGTTGGACAA,Inj_3d,Injured_3DPI,0,Mesenchymal cells,771,1377.0
Inj_3d_ACTACAGAACAT,Inj_3d,Injured_3DPI,11,Macrophages,832,1419.0
Inj_3d_TCGTTGTCGTTC,Inj_3d,Injured_3DPI,1,Mesenchymal cells,1210,2086.0
Inj_3d_GAATTACTCTGC,Inj_3d,Injured_3DPI,17,Schwann cells,741,926.0
Inj_3d_CTTAGGTGGAGA,Inj_3d,Injured_3DPI,11,Macrophages,903,1332.0
Inj_3d_CGGTGGGCCATA,Inj_3d,Injured_3DPI,2,Schwann cells,1386,2180.0
Inj_3d_CCTACCATTTGC,Inj_3d,Injured_3DPI,3,Mesenchymal cells,1653,2975.0
Inj_3d_CTCTTCAACTCC,Inj_3d,Injured_3DPI,14,Lymphocytes,654,1013.0
Inj_3d_TGCAAGCCACTG,Inj_3d,Injured_3DPI,0,Mesenchymal cells,823,1505.0
Inj_3d_CGTGACTAAGAT,Inj_3d,Injured_3DPI,2,Schwann cells,782,1337.0
Inj_3d_AGAGCGCAAGTC,Inj_3d,Injured_3DPI,1,Mesenchymal cells,799,1308.0
Inj_3d_CATTATCCGATT,Inj_3d,Injured_3DPI,11,Macrophages,989,1589.0
Inj_3d_TTCGTAACCTGT,Inj_3d,Injured_3DPI,2,Schwann cells,893,1227.0
Inj_3d_ATTGCACAAAAA,Inj_3d,Injured_3DPI,11,Macrophages,582,962.0
Inj_3d_ACTCATGTCTTG,Inj_3d,Injured_3DPI,14,Lymphocytes,662,993.0
Inj_3d_TGAAAAAACCTG,Inj_3d,Injured_3DPI,1,Mesenchymal cells,1116,1851.0
Inj_3d_TCAAGTTCGGGG,Inj_3d,Injured_3DPI,11,Macrophages,858,1674.0
Inj_3d_CTCCGATGAGCG,Inj_3d,Injured_3DPI,10,Schwann cells,718,1194.0
Inj_3d_TCTTCTGCACGC,Inj_3d,Injured_3DPI,14,Lymphocytes,703,1022.0
Inj_3d_TGGAAAATTCGG,Inj_3d,Injured_3DPI,0,Mesenchymal cells,851,1438.0
Inj_3d_TGTGTTTCGTAA,Inj_3d,Injured_3DPI,11,Macrophages,1633,3139.0
Inj_3d_ACTAGAGTGATC,Inj_3d,Injured_3DPI,9,Schwann cells,820,1178.0
Inj_3d_ATCTTCCCAGGA,Inj_3d,Injured_3DPI,11,Macrophages,891,1546.0
Inj_3d_ATGTATTAAACA,Inj_3d,Injured_3DPI,1,Mesenchymal cells,880,1462.0
Inj_3d_GTAATCACTGCT,Inj_3d,Injured_3DPI,11,Macrophages,719,1195.0
Inj_3d_GACCCCCTCTAA,Inj_3d,Injured_3DPI,2,Schwann cells,1437,2543.0
Inj_3d_ACTGAACACTAA,Inj_3d,Injured_3DPI,11,Macrophages,1057,1697.0
Inj_3d_AGGTCACGATAC,Inj_3d,Injured_3DPI,0,Mesenchymal cells,1114,2052.0
Inj_3d_GTCATTGAGCCG,Inj_3d,Injured_3DPI,17,Schwann cells,779,1114.0
Inj_3d_ACCTAGCGGCAG,Inj_3d,Injured_3DPI,0,Mesenchymal cells,665,925.0
Inj_3d_GAGTATCCTCCC,Inj_3d,Injured_3DPI,12,Schwann cells,715,1144.0
Inj_3d_CCGTTTCGAACC,Inj_3d,Injured_3DPI,1,Mesenchymal cells,1397,2570.0
Inj_3d_ACTGGTCCGAAC,Inj_3d,Injured_3DPI,0,Mesenchymal cells,978,1576.0
Inj_3d_CTTATTTGTCGC,Inj_3d,Injured_3DPI,0,Mesenchymal cells,615,1365.0
Inj_3d_GACTATAAAAGG,Inj_3d,Injured_3DPI,14,Lymphocytes,612,891.0
Inj_3d_GCGGATTACGAN,Inj_3d,Injured_3DPI,0,Mesenchymal cells,1039,1785.0
Inj_3d_TATTCGTTCACT,Inj_3d,Injured_3DPI,13,Endothelial cells,619,1027.0
Inj_3d_CCTTAGTGAGAT,Inj_3d,Injured_3DPI,11,Macrophages,1491,2775.0
Inj_3d_CAGGTATTTTGT,Inj_3d,Injured_3DPI,1,Mesenchymal cells,863,1284.0
Inj_3d_CGCTATTGGAAT,Inj_3d,Injured_3DPI,0,Mesenchymal cells,1466,2638.0
Inj_3d_GCACTGCAGTGC,Inj_3d,Injured_3DPI,11,Macrophages,963,1760.0
Inj_3d_TTCTATGATTTT,Inj_3d,Injured_3DPI,11,Macrophages,648,1075.0
Inj_3d_CACAAGGAGACA,Inj_3d,Injured_3DPI,0,Mesenchymal cells,591,939.0
Inj_3d_GGGGTATGTGTG,Inj_3d,Injured_3DPI,0,Mesenchymal cells,902,1625.0
Inj_3d_AGATCCTACCTT,Inj_3d,Injured_3DPI,1,Mesenchymal cells,1014,1712.0
Inj_3d_CAAACGGCCCAA,Inj_3d,Injured_3DPI,1,Mesenchymal cells,848,1347.0
Inj_3d_TGGGAACTCTCC,Inj_3d,Injured_3DPI,11,Macrophages,617,978.0
Inj_3d_TCCACGCAGACC,Inj_3d,Injured_3DPI,11,Macrophages,796,1374.0
Inj_3d_GTACACCAGCGA,Inj_3d,Injured_3DPI,11,Macrophages,1391,2764.0
Inj_3d_GATCAGTATTCT,Inj_3d,Injured_3DPI,7,Pericytes/VSM,664,913.0
Inj_3d_GCTAACATGGGC,Inj_3d,Injured_3DPI,5,Endothelial cells,600,926.0
Inj_3d_CGTTCTTGAGAC,Inj_3d,Injured_3DPI,7,Pericytes/VSM,398,692.0
Inj_3d_TATGCGTTTCCC,Inj_3d,Injured_3DPI,1,Mesenchymal cells,661,1036.0
Inj_3d_GGGCTCGATAAT,Inj_3d,Injured_3DPI,11,Macrophages,692,1203.0
Inj_3d_TGGGGAGTCTAT,Inj_3d,Injured_3DPI,0,Mesenchymal cells,1598,3202.0
Inj_3d_CTATATCCAGGG,Inj_3d,Injured_3DPI,4,Endothelial cells,590,863.0
Inj_3d_TATAATCGAGCG,Inj_3d,Injured_3DPI,0,Mesenchymal cells,663,1024.0
Inj_3d_ATTCCGAAGGTT,Inj_3d,Injured_3DPI,3,Mesenchymal cells,584,974.0
Inj_3d_GCGAAGTCCTCA,Inj_3d,Injured_3DPI,7,Pericytes/VSM,617,970.0
Inj_3d_CTGTTTGAAAGC,Inj_3d,Injured_3DPI,1,Mesenchymal cells,839,1442.0
Inj_3d_TTAAATTCTGAG,Inj_3d,Injured_3DPI,4,Endothelial cells,572,803.0
Inj_3d_TGCTGGTCCTTG,Inj_3d,Injured_3DPI,9,Schwann cells,835,1219.0
Inj_3d_GTTAAGTTAAGA,Inj_3d,Injured_3DPI,11,Macrophages,519,806.0
Inj_3d_TCCTGAGGGCAA,Inj_3d,Injured_3DPI,11,Macrophages,776,1168.0
Inj_3d_GTCTGCAGTGAC,Inj_3d,Injured_3DPI,11,Macrophages,923,1467.0
Inj_3d_CAACTGCCACAC,Inj_3d,Injured_3DPI,7,Pericytes/VSM,665,1027.0
Inj_3d_CTCCCCATGACT,Inj_3d,Injured_3DPI,0,Mesenchymal cells,851,1405.0
Inj_3d_GAGGGTTAGAGT,Inj_3d,Injured_3DPI,11,Macrophages,746,1311.0
Inj_3d_TATTGTAAAGCT,Inj_3d,Injured_3DPI,0,Mesenchymal cells,672,1262.0
Inj_3d_GGCGAGGTTGTG,Inj_3d,Injured_3DPI,0,Mesenchymal cells,543,842.0
Inj_3d_CTTTATTAACGG,Inj_3d,Injured_3DPI,0,Mesenchymal cells,1025,1667.0
Inj_3d_TAATCGGAGCAG,Inj_3d,Injured_3DPI,17,Schwann cells,481,887.0
Inj_3d_ACGCCGGAGTGA,Inj_3d,Injured_3DPI,11,Macrophages,526,909.0
Inj_3d_TACACATACGTG,Inj_3d,Injured_3DPI,11,Macrophages,555,830.0
Inj_3d_GTCGCGAACAAT,Inj_3d,Injured_3DPI,14,Lymphocytes,653,1042.0
Inj_3d_AGGCAAGTCGTA,Inj_3d,Injured_3DPI,1,Mesenchymal cells,855,1321.0
Inj_3d_GGTTCGAAATTC,Inj_3d,Injured_3DPI,5,Endothelial cells,690,1138.0
Inj_3d_GGGCACGTTAGG,Inj_3d,Injured_3DPI,1,Mesenchymal cells,1312,2498.0
Inj_3d_TGGCTTGAACTA,Inj_3d,Injured_3DPI,11,Macrophages,623,1179.0
Inj_3d_CCGTATAGCATG,Inj_3d,Injured_3DPI,11,Macrophages,753,1154.0
Inj_3d_GAGCCCGGAGAC,Inj_3d,Injured_3DPI,14,Lymphocytes,632,973.0
Inj_3d_CTAGCGATACAT,Inj_3d,Injured_3DPI,5,Endothelial cells,772,1178.0
Inj_3d_GTCAGTGCGTCC,Inj_3d,Injured_3DPI,5,Endothelial cells,702,991.0
Inj_3d_TGTAGATCCTTC,Inj_3d,Injured_3DPI,4,Endothelial cells,572,912.0
Inj_3d_TACGAGTTATAT,Inj_3d,Injured_3DPI,11,Macrophages,613,944.0
Inj_3d_CGTTAGCAATCC,Inj_3d,Injured_3DPI,0,Mesenchymal cells,606,882.0
Inj_3d_ACCACCGCCTGA,Inj_3d,Injured_3DPI,0,Mesenchymal cells,793,1305.0
Inj_3d_GAGAACTGTCGT,Inj_3d,Injured_3DPI,1,Mesenchymal cells,831,1247.0
Inj_3d_ACTTCTCGCCGG,Inj_3d,Injured_3DPI,11,Macrophages,1045,1856.0
Inj_3d_GGCCATGGGGTA,Inj_3d,Injured_3DPI,1,Mesenchymal cells,717,1202.0
Inj_3d_ATTTACGTGTTT,Inj_3d,Injured_3DPI,1,Mesenchymal cells,959,1570.0
Inj_3d_AAAGCTTCAGTG,Inj_3d,Injured_3DPI,11,Macrophages,540,901.0
Inj_3d_TGCCCTGCTAGA,Inj_3d,Injured_3DPI,14,Lymphocytes,604,927.0
Inj_3d_GATTTCGACTCC,Inj_3d,Injured_3DPI,0,Mesenchymal cells,505,1143.0
Inj_3d_CGATGTCAACCA,Inj_3d,Injured_3DPI,11,Macrophages,1024,1882.0
Inj_3d_TACCTTAACGCG,Inj_3d,Injured_3DPI,0,Mesenchymal cells,880,1236.0
Inj_3d_TAATGACTTATC,Inj_3d,Injured_3DPI,0,Mesenchymal cells,618,913.0
Inj_3d_GTCCTTCGAGAA,Inj_3d,Injured_3DPI,0,Mesenchymal cells,820,1161.0
Inj_3d_TGTCAGAAAGAT,Inj_3d,Injured_3DPI,0,Mesenchymal cells,1707,3324.0
Inj_3d_GTCGGTAGCTAG,Inj_3d,Injured_3DPI,0,Mesenchymal cells,1198,2255.0
Inj_3d_GAGGGCTTGCTC,Inj_3d,Injured_3DPI,0,Mesenchymal cells,731,1424.0
Inj_3d_ACCTAGCCAGAT,Inj_3d,Injured_3DPI,0,Mesenchymal cells,723,968.0
Inj_3d_GTTAAACCGCTT,Inj_3d,Injured_3DPI,0,Mesenchymal cells,739,1068.0
Inj_3d_TACTCAGGAAGG,Inj_3d,Injured_3DPI,0,Mesenchymal cells,746,1172.0
Inj_3d_ACGTCCGCAGAC,Inj_3d,Injured_3DPI,3,Mesenchymal cells,724,1542.0
Inj_3d_TCGGATGGATGA,Inj_3d,Injured_3DPI,7,Pericytes/VSM,909,1466.0
Inj_3d_TACTCATTACAT,Inj_3d,Injured_3DPI,2,Schwann cells,824,1138.0
Inj_3d_CGTCGCTTGTGT,Inj_3d,Injured_3DPI,11,Macrophages,1072,1901.0
Inj_3d_GACCTAGTAATC,Inj_3d,Injured_3DPI,1,Mesenchymal cells,643,961.0
Inj_3d_TCAAGATTGACC,Inj_3d,Injured_3DPI,3,Mesenchymal cells,801,1380.0
Inj_3d_GTCCGTCGATTA,Inj_3d,Injured_3DPI,0,Mesenchymal cells,585,832.0
Inj_3d_TGCCAACTAGTC,Inj_3d,Injured_3DPI,3,Mesenchymal cells,960,1615.0
Inj_3d_CGTTTGGTTACC,Inj_3d,Injured_3DPI,1,Mesenchymal cells,1131,2114.0
Inj_3d_CTTGTAGTGCGG,Inj_3d,Injured_3DPI,7,Pericytes/VSM,881,1624.0
Inj_3d_GGTAGACACCGG,Inj_3d,Injured_3DPI,1,Mesenchymal cells,829,1390.0
Inj_3d_TAAATGTCAGTA,Inj_3d,Injured_3DPI,14,Lymphocytes,561,782.0
Inj_3d_GTGATGAACGGA,Inj_3d,Injured_3DPI,7,Pericytes/VSM,566,858.0
Inj_3d_CTGCTTATTTAA,Inj_3d,Injured_3DPI,11,Macrophages,638,1015.0
Inj_3d_ACGAAACTCGGC,Inj_3d,Injured_3DPI,5,Endothelial cells,591,925.0
Inj_3d_GTCGCCAGACAG,Inj_3d,Injured_3DPI,14,Lymphocytes,525,735.0
Inj_3d_AGCAGTCTACCA,Inj_3d,Injured_3DPI,11,Macrophages,522,976.0
Inj_3d_CGCTCTAGACTA,Inj_3d,Injured_3DPI,12,Schwann cells,956,1310.0
Inj_3d_ACATCCCATCTT,Inj_3d,Injured_3DPI,13,Endothelial cells,1191,1967.0
Inj_3d_AATTGTCAGGCA,Inj_3d,Injured_3DPI,15,Macrophages,345,619.0
Inj_3d_AATTCCCTGAAT,Inj_3d,Injured_3DPI,1,Mesenchymal cells,719,1051.0
Inj_3d_AACGAGCCGGCA,Inj_3d,Injured_3DPI,14,Lymphocytes,608,926.0
Inj_3d_TGCGTGCTGCGG,Inj_3d,Injured_3DPI,4,Endothelial cells,582,822.0
Inj_3d_GAAGTCATGCAC,Inj_3d,Injured_3DPI,0,Mesenchymal cells,782,1222.0
Inj_3d_GAGCCCTTAGAA,Inj_3d,Injured_3DPI,9,Schwann cells,669,882.0
Inj_3d_CTAACGGTCATT,Inj_3d,Injured_3DPI,0,Mesenchymal cells,993,1679.0
Inj_3d_AGACCCTGGACC,Inj_3d,Injured_3DPI,14,Lymphocytes,670,1194.0
Inj_3d_AGGGTACGTGAC,Inj_3d,Injured_3DPI,0,Mesenchymal cells,710,1225.0
Inj_3d_GTTTAGGGTTAG,Inj_3d,Injured_3DPI,11,Macrophages,809,1333.0
Inj_3d_TTTAGGCGGCAA,Inj_3d,Injured_3DPI,1,Mesenchymal cells,1279,2353.0
Inj_3d_TGTCTCATCGCG,Inj_3d,Injured_3DPI,0,Mesenchymal cells,1090,1695.0
Inj_3d_GATCAATAAACG,Inj_3d,Injured_3DPI,1,Mesenchymal cells,897,1469.0
Inj_3d_AGCCTTCACCAT,Inj_3d,Injured_3DPI,6,Endothelial cells,600,896.0
Inj_3d_CTTTAGCCCCTT,Inj_3d,Injured_3DPI,1,Mesenchymal cells,1671,3189.0
Inj_3d_CGTTTTGTCAAG,Inj_3d,Injured_3DPI,14,Lymphocytes,573,810.0
Inj_3d_CTCCTGGACCGG,Inj_3d,Injured_3DPI,14,Lymphocytes,586,926.0
Inj_3d_CCGTAAAAAAGG,Inj_3d,Injured_3DPI,0,Mesenchymal cells,661,994.0
Inj_3d_CACAAACAAACA,Inj_3d,Injured_3DPI,11,Macrophages,459,700.0
Inj_3d_GACTTTTGCTAG,Inj_3d,Injured_3DPI,10,Schwann cells,667,874.0
Inj_3d_TACCGCGTTGGG,Inj_3d,Injured_3DPI,14,Lymphocytes,658,1137.0
Inj_3d_AACACGAGAACC,Inj_3d,Injured_3DPI,8,Schwann cells,653,956.0
Inj_3d_GCTGTTAATTTA,Inj_3d,Injured_3DPI,4,Endothelial cells,637,842.0
Inj_3d_ATGTATCGGTTG,Inj_3d,Injured_3DPI,0,Mesenchymal cells,383,631.0
Inj_3d_CGCTTCTTACAG,Inj_3d,Injured_3DPI,0,Mesenchymal cells,770,1083.0
Inj_3d_TAGAGGACAATA,Inj_3d,Injured_3DPI,11,Macrophages,709,1223.0
Inj_3d_GCGTGTGAAGAA,Inj_3d,Injured_3DPI,4,Endothelial cells,551,824.0
Inj_3d_GGGCACTTGGAG,Inj_3d,Injured_3DPI,6,Endothelial cells,825,1289.0
Inj_3d_TCGGTTTAGGCC,Inj_3d,Injured_3DPI,11,Macrophages,875,1332.0
Inj_3d_GGTTTAATTTTT,Inj_3d,Injured_3DPI,11,Macrophages,660,1073.0
Inj_3d_CGATGCCTAAAC,Inj_3d,Injured_3DPI,3,Mesenchymal cells,858,1435.0
Inj_3d_ATTCCGAGACGC,Inj_3d,Injured_3DPI,4,Endothelial cells,729,1180.0
Inj_3d_GTACGAGGTTGA,Inj_3d,Injured_3DPI,0,Mesenchymal cells,707,1102.0
Inj_3d_CGCGACACCGTG,Inj_3d,Injured_3DPI,0,Mesenchymal cells,867,1451.0
Inj_3d_TCTTCCACTTGC,Inj_3d,Injured_3DPI,3,Mesenchymal cells,1634,2836.0
Inj_3d_GGATTGTAGTCT,Inj_3d,Injured_3DPI,7,Pericytes/VSM,617,940.0
Inj_3d_GAGTCCGGTCCA,Inj_3d,Injured_3DPI,11,Macrophages,647,1077.0
Inj_3d_TGGTTCGACGTT,Inj_3d,Injured_3DPI,0,Mesenchymal cells,560,857.0
Inj_3d_ACAGTCTGATCG,Inj_3d,Injured_3DPI,11,Macrophages,771,1336.0
Inj_3d_TGTTACTTTCGA,Inj_3d,Injured_3DPI,5,Endothelial cells,485,706.0
Inj_3d_TCTCCGATGATC,Inj_3d,Injured_3DPI,0,Mesenchymal cells,492,698.0
Inj_3d_GACTGCCTTTCA,Inj_3d,Injured_3DPI,4,Endothelial cells,409,600.0
Inj_3d_CGACACAATCCG,Inj_3d,Injured_3DPI,1,Mesenchymal cells,916,1471.0
Inj_3d_CTGGGTTAAAGT,Inj_3d,Injured_3DPI,0,Mesenchymal cells,610,1125.0
Inj_3d_TAACCTCCGTTT,Inj_3d,Injured_3DPI,15,Macrophages,390,710.0
Inj_3d_GATTATAGGGTA,Inj_3d,Injured_3DPI,4,Endothelial cells,479,661.0
Inj_3d_TAACGCCATAGT,Inj_3d,Injured_3DPI,11,Macrophages,546,792.0
Inj_3d_TTACACTATCTA,Inj_3d,Injured_3DPI,1,Mesenchymal cells,983,1542.0
Inj_3d_GTTTTGGTACAA,Inj_3d,Injured_3DPI,11,Macrophages,928,1551.0
Inj_3d_CACGCCTCGATA,Inj_3d,Injured_3DPI,0,Mesenchymal cells,870,1337.0
Inj_3d_ATGCGCGATCTT,Inj_3d,Injured_3DPI,11,Macrophages,510,865.0
Inj_3d_AACGCTTACAGA,Inj_3d,Injured_3DPI,11,Macrophages,573,929.0
Inj_3d_ACCGCTAACATG,Inj_3d,Injured_3DPI,0,Mesenchymal cells,722,1102.0
Inj_3d_AATTGAGGAAGT,Inj_3d,Injured_3DPI,0,Mesenchymal cells,815,1456.0
Inj_3d_GGGAGTTAGCCA,Inj_3d,Injured_3DPI,11,Macrophages,884,1394.0
Inj_3d_GATCTAGACTAN,Inj_3d,Injured_3DPI,12,Schwann cells,540,692.0
Inj_3d_TTCGAGCGTAGG,Inj_3d,Injured_3DPI,3,Mesenchymal cells,482,714.0
Inj_3d_CAAGATCTCGCA,Inj_3d,Injured_3DPI,11,Macrophages,649,1043.0
Inj_3d_AGGTCCGGGTGT,Inj_3d,Injured_3DPI,1,Mesenchymal cells,1272,2447.0
Inj_3d_CGATACTCGCTG,Inj_3d,Injured_3DPI,11,Macrophages,680,997.0
Inj_3d_GAACTCCCCCTT,Inj_3d,Injured_3DPI,6,Endothelial cells,496,710.0
Inj_3d_CCTTATCGTGCA,Inj_3d,Injured_3DPI,1,Mesenchymal cells,936,1554.0
Inj_3d_GCCGCGAACTTG,Inj_3d,Injured_3DPI,3,Mesenchymal cells,935,1577.0
Inj_3d_CGGATCGCGAGG,Inj_3d,Injured_3DPI,11,Macrophages,639,953.0
Inj_3d_CGCAAGAGACGG,Inj_3d,Injured_3DPI,5,Endothelial cells,556,697.0
Inj_3d_TCTCAACGTCTT,Inj_3d,Injured_3DPI,0,Mesenchymal cells,818,1342.0
Inj_3d_CACGCCTTGCTC,Inj_3d,Injured_3DPI,2,Schwann cells,905,1362.0
Inj_3d_GTTTCGTGTTGA,Inj_3d,Injured_3DPI,1,Mesenchymal cells,466,782.0
Inj_3d_GCTAACAGTCCA,Inj_3d,Injured_3DPI,0,Mesenchymal cells,630,1031.0
Inj_3d_CTCCTACGCCCG,Inj_3d,Injured_3DPI,0,Mesenchymal cells,819,1532.0
Inj_3d_TTGACGCTGGCA,Inj_3d,Injured_3DPI,7,Pericytes/VSM,395,796.0
Inj_3d_CCAGTATGAGGG,Inj_3d,Injured_3DPI,2,Schwann cells,768,1211.0
Inj_3d_TACATTAGGTCT,Inj_3d,Injured_3DPI,17,Schwann cells,507,889.0
Inj_3d_AACAGGTCACTG,Inj_3d,Injured_3DPI,11,Macrophages,645,989.0
Inj_3d_TGGGGCTTCAAT,Inj_3d,Injured_3DPI,0,Mesenchymal cells,562,963.0
Inj_3d_TCGATGCAGCCT,Inj_3d,Injured_3DPI,0,Mesenchymal cells,643,1073.0
Inj_3d_TCCCGAGCGTCC,Inj_3d,Injured_3DPI,2,Schwann cells,1110,1741.0
Inj_3d_TCAGGACATTCG,Inj_3d,Injured_3DPI,1,Mesenchymal cells,584,953.0
Inj_3d_TACCCCCTCTCC,Inj_3d,Injured_3DPI,7,Pericytes/VSM,1155,1842.0
Inj_3d_CTAATCGTATCC,Inj_3d,Injured_3DPI,0,Mesenchymal cells,391,641.0
Inj_3d_GAGAACTCTCTG,Inj_3d,Injured_3DPI,4,Endothelial cells,497,619.0
Inj_3d_GTTAGGTACCTT,Inj_3d,Injured_3DPI,1,Mesenchymal cells,763,1227.0
Inj_3d_AAAAACCGACAC,Inj_3d,Injured_3DPI,1,Mesenchymal cells,855,1426.0
Inj_3d_GGGACCAGGTGC,Inj_3d,Injured_3DPI,3,Mesenchymal cells,495,1281.0
Inj_3d_TCCTTCAAGTGT,Inj_3d,Injured_3DPI,0,Mesenchymal cells,531,747.0
Inj_3d_CAATTCGTCTTA,Inj_3d,Injured_3DPI,14,Lymphocytes,563,888.0
Inj_3d_TCCAAACTCCGG,Inj_3d,Injured_3DPI,0,Mesenchymal cells,432,827.0
Inj_3d_AAAATGTTCTAT,Inj_3d,Injured_3DPI,3,Mesenchymal cells,562,1127.0
Inj_3d_CATCGGGCCCGC,Inj_3d,Injured_3DPI,5,Endothelial cells,449,616.0
Inj_3d_AGAATTCTGTAT,Inj_3d,Injured_3DPI,1,Mesenchymal cells,688,1017.0
Inj_3d_GTATCTACGTTT,Inj_3d,Injured_3DPI,11,Macrophages,898,1489.0
Inj_3d_TACCGCAAAAGG,Inj_3d,Injured_3DPI,3,Mesenchymal cells,1611,2867.0
Inj_3d_AGGATCGTTGGT,Inj_3d,Injured_3DPI,14,Lymphocytes,529,809.0
Inj_3d_AGTAAGAGACCG,Inj_3d,Injured_3DPI,3,Mesenchymal cells,701,1071.0
Inj_3d_GCAAGTGCGGTT,Inj_3d,Injured_3DPI,11,Macrophages,568,838.0
Inj_3d_GTCTTGAAACAA,Inj_3d,Injured_3DPI,0,Mesenchymal cells,592,806.0
Inj_3d_CATAACTGGTTA,Inj_3d,Injured_3DPI,3,Mesenchymal cells,936,1492.0
Inj_3d_ATCCATTTGCGG,Inj_3d,Injured_3DPI,11,Macrophages,675,1074.0
Inj_3d_ACAATGACCTTC,Inj_3d,Injured_3DPI,11,Macrophages,602,934.0
Inj_3d_AGAATAGACGTG,Inj_3d,Injured_3DPI,3,Mesenchymal cells,831,1321.0
Inj_3d_TTGTGGACTCAA,Inj_3d,Injured_3DPI,11,Macrophages,654,925.0
Inj_3d_GGATCCACAGCC,Inj_3d,Injured_3DPI,10,Schwann cells,893,1430.0
Inj_3d_CACTTGTACTGC,Inj_3d,Injured_3DPI,3,Mesenchymal cells,517,782.0
Inj_3d_TTAGCTATGCAT,Inj_3d,Injured_3DPI,11,Macrophages,394,745.0
Inj_3d_CCGAAATCACAC,Inj_3d,Injured_3DPI,11,Macrophages,604,1053.0
Inj_3d_CTCTCACGAGGG,Inj_3d,Injured_3DPI,1,Mesenchymal cells,709,1179.0
Inj_3d_GTATGACAGGTA,Inj_3d,Injured_3DPI,11,Macrophages,530,818.0
Inj_3d_GTTAGTCATCCC,Inj_3d,Injured_3DPI,1,Mesenchymal cells,1320,2613.0
Inj_3d_GGCAATCTAATA,Inj_3d,Injured_3DPI,0,Mesenchymal cells,558,754.0
Inj_3d_CTGGGCGACGGA,Inj_3d,Injured_3DPI,7,Pericytes/VSM,718,1201.0
Inj_3d_AGGCTCAGGGGG,Inj_3d,Injured_3DPI,3,Mesenchymal cells,425,999.0
Inj_3d_AGCACCTGGAGC,Inj_3d,Injured_3DPI,0,Mesenchymal cells,831,1222.0
Inj_3d_ACAAATCTGAGC,Inj_3d,Injured_3DPI,11,Macrophages,490,734.0
Inj_3d_TAACAGTGAGAC,Inj_3d,Injured_3DPI,3,Mesenchymal cells,523,842.0
Inj_3d_CTTACTAGGCTA,Inj_3d,Injured_3DPI,15,Macrophages,310,620.0
Inj_3d_CCCACATGGAAA,Inj_3d,Injured_3DPI,3,Mesenchymal cells,579,1005.0
Inj_3d_ATCCTGCAATAC,Inj_3d,Injured_3DPI,9,Schwann cells,575,898.0
Inj_3d_AAAGTACCTGTA,Inj_3d,Injured_3DPI,11,Macrophages,507,821.0
Inj_3d_ACATTGGGCTAG,Inj_3d,Injured_3DPI,0,Mesenchymal cells,836,1357.0
Inj_3d_CTCGTTGAAACA,Inj_3d,Injured_3DPI,4,Endothelial cells,443,594.0
Inj_3d_AAATATAACTTG,Inj_3d,Injured_3DPI,5,Endothelial cells,507,758.0
Inj_3d_AGTCGAGATGAA,Inj_3d,Injured_3DPI,15,Macrophages,440,673.0
Inj_3d_CCTTGGGTCGGG,Inj_3d,Injured_3DPI,17,Schwann cells,604,1060.0
Inj_3d_CGCAGGACTCCA,Inj_3d,Injured_3DPI,1,Mesenchymal cells,1349,2375.0
Inj_3d_CGATAACGATTT,Inj_3d,Injured_3DPI,0,Mesenchymal cells,362,525.0
Inj_3d_ATTACTGCTTTC,Inj_3d,Injured_3DPI,17,Schwann cells,444,719.0
Inj_3d_AGGTAAGCACTA,Inj_3d,Injured_3DPI,11,Macrophages,756,1217.0
Inj_3d_TTCTTTTAGCGN,Inj_3d,Injured_3DPI,11,Macrophages,746,1116.0
Inj_3d_ATCCATTAGGTC,Inj_3d,Injured_3DPI,11,Macrophages,895,1506.0
Inj_3d_GGAACTCGCAGT,Inj_3d,Injured_3DPI,14,Lymphocytes,443,600.0
Inj_3d_GCTTACAGTATG,Inj_3d,Injured_3DPI,1,Mesenchymal cells,743,1140.0
Inj_3d_TCCTTGTTGGAC,Inj_3d,Injured_3DPI,15,Macrophages,358,744.0
Inj_3d_CTCTATCAATCA,Inj_3d,Injured_3DPI,0,Mesenchymal cells,588,767.0
Inj_3d_TGGCCTGGATAT,Inj_3d,Injured_3DPI,2,Schwann cells,542,964.0
Inj_3d_ATCTATCCACGC,Inj_3d,Injured_3DPI,0,Mesenchymal cells,651,1050.0
Inj_3d_GACACGTTTACT,Inj_3d,Injured_3DPI,0,Mesenchymal cells,722,1055.0
Inj_3d_CTGCAGCCAACG,Inj_3d,Injured_3DPI,1,Mesenchymal cells,1362,2634.0
Inj_3d_TTCCGCATACCA,Inj_3d,Injured_3DPI,3,Mesenchymal cells,601,938.0
Inj_3d_GTAATTTGGCTA,Inj_3d,Injured_3DPI,14,Lymphocytes,512,707.0
Inj_3d_TTGTAACCCTAA,Inj_3d,Injured_3DPI,11,Macrophages,938,1578.0
Inj_3d_CCAGGGCATCAG,Inj_3d,Injured_3DPI,11,Macrophages,535,871.0
Inj_3d_AGTACGATACGG,Inj_3d,Injured_3DPI,11,Macrophages,653,958.0
Inj_3d_TCAGCAGTCCAC,Inj_3d,Injured_3DPI,11,Macrophages,607,958.0
Inj_3d_CACTGGCTTTCA,Inj_3d,Injured_3DPI,11,Macrophages,700,1029.0
Inj_3d_TGGACGGCACCG,Inj_3d,Injured_3DPI,7,Pericytes/VSM,746,1088.0
Inj_3d_CTCGAGTCGGGT,Inj_3d,Injured_3DPI,12,Schwann cells,477,585.0
Inj_3d_TAGGAGGTATGG,Inj_3d,Injured_3DPI,0,Mesenchymal cells,487,624.0
Inj_3d_CCCACCCGATCT,Inj_3d,Injured_3DPI,1,Mesenchymal cells,743,972.0
Inj_3d_ACTGATAACTAA,Inj_3d,Injured_3DPI,14,Lymphocytes,392,514.0
Inj_3d_CACCTCAATCAC,Inj_3d,Injured_3DPI,11,Macrophages,506,731.0
Inj_3d_CCGTCATTTACC,Inj_3d,Injured_3DPI,14,Lymphocytes,526,834.0
Inj_3d_ATGGGAGTCGAA,Inj_3d,Injured_3DPI,0,Mesenchymal cells,875,1651.0
Inj_3d_CGAGTTGAGCGT,Inj_3d,Injured_3DPI,11,Macrophages,500,849.0
Inj_3d_AGAGATTCCTCT,Inj_3d,Injured_3DPI,4,Endothelial cells,511,698.0
Inj_3d_CCCCTGTAAACT,Inj_3d,Injured_3DPI,2,Schwann cells,1435,2280.0
Inj_3d_GCTCGCAGTACA,Inj_3d,Injured_3DPI,0,Mesenchymal cells,972,1555.0
Inj_3d_ACATAGTGGTCC,Inj_3d,Injured_3DPI,11,Macrophages,551,873.0
Inj_3d_CCAGATCCCAGC,Inj_3d,Injured_3DPI,11,Macrophages,578,988.0
Inj_3d_GCCTCGCATCAA,Inj_3d,Injured_3DPI,0,Mesenchymal cells,602,850.0
Inj_3d_AGGCGAAACGAT,Inj_3d,Injured_3DPI,0,Mesenchymal cells,1130,1963.0
Inj_3d_AACCCTTGCAGA,Inj_3d,Injured_3DPI,0,Mesenchymal cells,673,1053.0
Inj_3d_CATGTCGGAAGC,Inj_3d,Injured_3DPI,0,Mesenchymal cells,500,734.0
Inj_3d_ACCCTGCGGCTG,Inj_3d,Injured_3DPI,14,Lymphocytes,563,835.0
Inj_3d_AGCTGGGATTGG,Inj_3d,Injured_3DPI,9,Schwann cells,691,956.0
Inj_3d_TGTGTGCAATGT,Inj_3d,Injured_3DPI,11,Macrophages,690,1239.0
Inj_3d_TGCTATTTTGCG,Inj_3d,Injured_3DPI,14,Lymphocytes,463,731.0
Inj_3d_AGTGTAACGTAT,Inj_3d,Injured_3DPI,11,Macrophages,696,1006.0
Inj_3d_GGTCTCCCGGTA,Inj_3d,Injured_3DPI,15,Macrophages,377,893.0
Inj_3d_TACAGTTAACGG,Inj_3d,Injured_3DPI,11,Macrophages,397,569.0
Inj_3d_ACCCAACTCTCA,Inj_3d,Injured_3DPI,4,Endothelial cells,895,1208.0
Inj_3d_GTGTTGCGAGTT,Inj_3d,Injured_3DPI,11,Macrophages,590,1032.0
Inj_3d_TGCGGATCTAAG,Inj_3d,Injured_3DPI,7,Pericytes/VSM,372,531.0
Inj_3d_GACTACACGACA,Inj_3d,Injured_3DPI,3,Mesenchymal cells,483,691.0
Inj_3d_TTCTTCATTATC,Inj_3d,Injured_3DPI,3,Mesenchymal cells,581,736.0
Inj_3d_GAGGAAGAAATT,Inj_3d,Injured_3DPI,3,Mesenchymal cells,483,697.0
Inj_3d_TTAGTAAGCTGT,Inj_3d,Injured_3DPI,0,Mesenchymal cells,1538,2649.0
Inj_3d_CGGGCAAATATA,Inj_3d,Injured_3DPI,16,Mast cells,473,812.0
Inj_3d_GCTTCAGCCTTG,Inj_3d,Injured_3DPI,11,Macrophages,687,1214.0
Inj_3d_GGTTCTTATCGA,Inj_3d,Injured_3DPI,0,Mesenchymal cells,972,1536.0
Inj_3d_CCCTCCATCCGA,Inj_3d,Injured_3DPI,15,Macrophages,319,560.0
Inj_3d_AAGCATTAGCGG,Inj_3d,Injured_3DPI,1,Mesenchymal cells,524,799.0
Inj_3d_TTGTGCAATGAT,Inj_3d,Injured_3DPI,2,Schwann cells,551,823.0
Inj_3d_CTAACGCTCTCC,Inj_3d,Injured_3DPI,11,Macrophages,995,1560.0
Inj_3d_TTACTATTTAAA,Inj_3d,Injured_3DPI,11,Macrophages,579,923.0
Inj_3d_CGACCGGGGCCT,Inj_3d,Injured_3DPI,11,Macrophages,571,1062.0
Inj_3d_GCCCAAGTCCTT,Inj_3d,Injured_3DPI,11,Macrophages,813,1174.0
Inj_3d_GCAGATGATGCA,Inj_3d,Injured_3DPI,14,Lymphocytes,437,589.0
Inj_3d_TTCGGACTTAGT,Inj_3d,Injured_3DPI,8,Schwann cells,615,846.0
Inj_3d_CTATTTGGAACA,Inj_3d,Injured_3DPI,5,Endothelial cells,555,705.0
Inj_3d_GAGATGATTCCT,Inj_3d,Injured_3DPI,1,Mesenchymal cells,495,793.0
Inj_3d_CTACATGCGATA,Inj_3d,Injured_3DPI,14,Lymphocytes,490,699.0
Inj_3d_CGTCATAGACAA,Inj_3d,Injured_3DPI,1,Mesenchymal cells,873,1352.0
Inj_3d_CTAGTTCGGGTT,Inj_3d,Injured_3DPI,11,Macrophages,527,900.0
Inj_3d_ACCGCATGATTC,Inj_3d,Injured_3DPI,11,Macrophages,642,1097.0
Inj_3d_GGCGCGTATAGA,Inj_3d,Injured_3DPI,1,Mesenchymal cells,559,849.0
Inj_3d_CGCGGGTCCCAC,Inj_3d,Injured_3DPI,14,Lymphocytes,598,955.0
Inj_3d_ACTGGGTAACAC,Inj_3d,Injured_3DPI,11,Macrophages,644,1064.0
Inj_3d_ACTTTTCAGCCT,Inj_3d,Injured_3DPI,15,Macrophages,281,572.0
Inj_3d_TATTTTGACACG,Inj_3d,Injured_3DPI,1,Mesenchymal cells,722,1140.0
Inj_3d_TTCTATGTCGTA,Inj_3d,Injured_3DPI,11,Macrophages,1208,2058.0
Inj_3d_AACCCCAGCCGT,Inj_3d,Injured_3DPI,3,Mesenchymal cells,1079,1797.0
Inj_3d_AAGATCCCGTCT,Inj_3d,Injured_3DPI,11,Macrophages,533,807.0
Inj_3d_TTCATAGTAAAG,Inj_3d,Injured_3DPI,6,Endothelial cells,459,634.0
Inj_3d_GTGACGGCCAAN,Inj_3d,Injured_3DPI,6,Endothelial cells,528,651.0
Inj_3d_TATGTTCCTGTG,Inj_3d,Injured_3DPI,3,Mesenchymal cells,563,1097.0
Inj_3d_GGCACAACGCTA,Inj_3d,Injured_3DPI,0,Mesenchymal cells,773,1211.0
Inj_3d_ACCCCCGTACAT,Inj_3d,Injured_3DPI,14,Lymphocytes,495,843.0
Inj_3d_AGCCAGTATTTC,Inj_3d,Injured_3DPI,3,Mesenchymal cells,1386,2333.0
Inj_3d_CGAGCAGTTGTT,Inj_3d,Injured_3DPI,3,Mesenchymal cells,468,808.0
Inj_3d_CACCGCGCGAGC,Inj_3d,Injured_3DPI,8,Schwann cells,1094,1716.0
Inj_3d_CTGCTAAACGCA,Inj_3d,Injured_3DPI,6,Endothelial cells,425,608.0
Inj_3d_TACCATGTCGGG,Inj_3d,Injured_3DPI,0,Mesenchymal cells,1122,1826.0
Inj_3d_GTTGCTAGGGGA,Inj_3d,Injured_3DPI,1,Mesenchymal cells,446,677.0
Inj_3d_GACTCCTTCAGC,Inj_3d,Injured_3DPI,2,Schwann cells,510,652.0
Inj_3d_TAGTCGCAGGCA,Inj_3d,Injured_3DPI,11,Macrophages,411,669.0
Inj_3d_GCTAATGAGAGA,Inj_3d,Injured_3DPI,3,Mesenchymal cells,541,827.0
Inj_3d_CTTTTCACCCTT,Inj_3d,Injured_3DPI,7,Pericytes/VSM,369,552.0
Inj_3d_ATTTACCTTTAA,Inj_3d,Injured_3DPI,1,Mesenchymal cells,640,917.0
Inj_3d_TTTTACTATGTC,Inj_3d,Injured_3DPI,3,Mesenchymal cells,1765,3349.0
Inj_3d_GGTGACGCCAAN,Inj_3d,Injured_3DPI,5,Endothelial cells,561,722.0
Inj_3d_GCCCGACAGTAT,Inj_3d,Injured_3DPI,0,Mesenchymal cells,741,1268.0
Inj_3d_CCTGCATTACAA,Inj_3d,Injured_3DPI,15,Macrophages,355,554.0
Inj_3d_CGCCTAACAGGC,Inj_3d,Injured_3DPI,7,Pericytes/VSM,921,1410.0
Inj_3d_ATCATTAGGGGA,Inj_3d,Injured_3DPI,11,Macrophages,381,537.0
Inj_3d_TCCCAAACTAAA,Inj_3d,Injured_3DPI,1,Mesenchymal cells,1413,2450.0
Inj_3d_AAAGGTAATCGG,Inj_3d,Injured_3DPI,0,Mesenchymal cells,715,1300.0
Inj_3d_CATACACACGGG,Inj_3d,Injured_3DPI,14,Lymphocytes,416,591.0
Inj_3d_ACCTCCTTATTG,Inj_3d,Injured_3DPI,0,Mesenchymal cells,365,674.0
Inj_3d_ACACGGGGCTCT,Inj_3d,Injured_3DPI,11,Macrophages,408,625.0
Inj_3d_GGAGGATGTTTA,Inj_3d,Injured_3DPI,7,Pericytes/VSM,518,749.0
Inj_3d_GAGTTTATGGTA,Inj_3d,Injured_3DPI,0,Mesenchymal cells,850,1297.0
Inj_3d_TGTTTTGCGAGG,Inj_3d,Injured_3DPI,0,Mesenchymal cells,1022,1654.0
Inj_3d_AGCGTGAAGCGG,Inj_3d,Injured_3DPI,3,Mesenchymal cells,654,945.0
Inj_3d_GGTTTTTGGATG,Inj_3d,Injured_3DPI,1,Mesenchymal cells,628,979.0
Inj_3d_GGCGTTCGGTGT,Inj_3d,Injured_3DPI,0,Mesenchymal cells,782,1113.0
Inj_3d_CTTAATTTAAAT,Inj_3d,Injured_3DPI,7,Pericytes/VSM,299,464.0
Inj_3d_AGTTTTTTTTTT,Inj_3d,Injured_3DPI,0,Mesenchymal cells,2195,5126.0
Inj_3d_CCTCAGTTCGTC,Inj_3d,Injured_3DPI,1,Mesenchymal cells,1085,1806.0
Inj_3d_CGCGCTGATCTT,Inj_3d,Injured_3DPI,0,Mesenchymal cells,851,1351.0
Inj_3d_TAACAAGGTTCT,Inj_3d,Injured_3DPI,14,Lymphocytes,386,491.0
Inj_3d_ACTACGGATTCT,Inj_3d,Injured_3DPI,11,Macrophages,505,712.0
Inj_3d_CTGGGTGTCTAC,Inj_3d,Injured_3DPI,11,Macrophages,798,1290.0
Inj_3d_ATACGGGCTTCA,Inj_3d,Injured_3DPI,11,Macrophages,523,766.0
Inj_3d_GTATGTGTATGA,Inj_3d,Injured_3DPI,11,Macrophages,736,1087.0
Inj_3d_GGCTGGCATTAA,Inj_3d,Injured_3DPI,14,Lymphocytes,466,607.0
Inj_3d_GCGGGTCTACAT,Inj_3d,Injured_3DPI,4,Endothelial cells,631,975.0
Inj_3d_GACGGAGTGGAC,Inj_3d,Injured_3DPI,3,Mesenchymal cells,628,916.0
Inj_3d_TGGTCCGCAAGC,Inj_3d,Injured_3DPI,2,Schwann cells,504,714.0
Inj_3d_ACCATCCCTCTT,Inj_3d,Injured_3DPI,15,Macrophages,354,583.0
Inj_3d_GTGCAGACCTAG,Inj_3d,Injured_3DPI,1,Mesenchymal cells,1090,1802.0
Inj_3d_GGTTAACAGCAA,Inj_3d,Injured_3DPI,14,Lymphocytes,391,505.0
Inj_3d_TCCATTAATGTT,Inj_3d,Injured_3DPI,0,Mesenchymal cells,469,603.0
Inj_3d_GGCTTGCCGGTT,Inj_3d,Injured_3DPI,0,Mesenchymal cells,707,963.0
Inj_3d_TTCAGAGCGAAG,Inj_3d,Injured_3DPI,0,Mesenchymal cells,339,439.0
Inj_3d_TGTTTAGTGGGC,Inj_3d,Injured_3DPI,1,Mesenchymal cells,827,1262.0
Inj_3d_CGGGACACTCCT,Inj_3d,Injured_3DPI,11,Macrophages,819,1214.0
Inj_3d_TTGCGCCTAAGT,Inj_3d,Injured_3DPI,0,Mesenchymal cells,642,962.0
Inj_3d_AAAGCACTAGGA,Inj_3d,Injured_3DPI,14,Lymphocytes,410,501.0
Inj_3d_AAATGTTACACC,Inj_3d,Injured_3DPI,3,Mesenchymal cells,778,1338.0
Inj_3d_CCTAAAAGACGC,Inj_3d,Injured_3DPI,3,Mesenchymal cells,374,518.0
Inj_3d_GATTCAAGACTT,Inj_3d,Injured_3DPI,1,Mesenchymal cells,712,1135.0
Inj_3d_AATCTAAAAAAG,Inj_3d,Injured_3DPI,5,Endothelial cells,276,352.0
Inj_3d_CAAAGTACGTTG,Inj_3d,Injured_3DPI,11,Macrophages,552,786.0
Inj_3d_GATTCAGCCCCG,Inj_3d,Injured_3DPI,5,Endothelial cells,474,711.0
Inj_3d_ACGGCCCCCTGC,Inj_3d,Injured_3DPI,11,Macrophages,701,1256.0
Inj_3d_TGTGGGGCTGGT,Inj_3d,Injured_3DPI,14,Lymphocytes,453,629.0
Inj_3d_TACGGGGGTTTC,Inj_3d,Injured_3DPI,4,Endothelial cells,333,452.0
Inj_3d_ACAAGTTCGCCT,Inj_3d,Injured_3DPI,15,Macrophages,269,449.0
Inj_3d_AACATTCGCTCG,Inj_3d,Injured_3DPI,3,Mesenchymal cells,427,649.0
Inj_3d_CTCTAGAGTTGA,Inj_3d,Injured_3DPI,3,Mesenchymal cells,464,606.0
Inj_3d_GTGGTTCGAACT,Inj_3d,Injured_3DPI,11,Macrophages,867,1306.0
Inj_3d_GTACATTATACT,Inj_3d,Injured_3DPI,11,Macrophages,498,668.0
Inj_3d_CTTCAGAGCCCA,Inj_3d,Injured_3DPI,2,Schwann cells,3959,11558.0
Inj_3d_AGCCAATGCAGG,Inj_3d,Injured_3DPI,3,Mesenchymal cells,820,1283.0
Inj_3d_AACGTCTCACCT,Inj_3d,Injured_3DPI,17,Schwann cells,368,710.0
Inj_3d_GCGTCTGTTGAG,Inj_3d,Injured_3DPI,5,Endothelial cells,3815,10262.0
Inj_3d_GCCAGGTAGCGA,Inj_3d,Injured_3DPI,3,Mesenchymal cells,483,735.0
Inj_3d_ACAACCACCGAA,Inj_3d,Injured_3DPI,3,Mesenchymal cells,434,669.0
Inj_3d_GTCCCATTTGCG,Inj_3d,Injured_3DPI,17,Schwann cells,524,668.0
Inj_3d_GGCTAGCAGTTN,Inj_3d,Injured_3DPI,0,Mesenchymal cells,1017,1558.0
Inj_3d_CCTGCCTAGCGG,Inj_3d,Injured_3DPI,11,Macrophages,578,909.0
Inj_3d_GTATTTTCACTA,Inj_3d,Injured_3DPI,0,Mesenchymal cells,769,1328.0
Inj_3d_CCCACAACAGAC,Inj_3d,Injured_3DPI,15,Macrophages,289,498.0
Inj_3d_TCCGCGAGAACC,Inj_3d,Injured_3DPI,0,Mesenchymal cells,700,998.0
Inj_3d_TGGCTTTTCTTT,Inj_3d,Injured_3DPI,14,Lymphocytes,418,579.0
Inj_3d_GCACCCTGACAC,Inj_3d,Injured_3DPI,7,Pericytes/VSM,375,645.0
Inj_3d_GCTTTTGTGATT,Inj_3d,Injured_3DPI,0,Mesenchymal cells,773,1194.0
Inj_3d_TTATTATCGACG,Inj_3d,Injured_3DPI,0,Mesenchymal cells,371,486.0
Inj_3d_TCTTTGTGATGT,Inj_3d,Injured_3DPI,11,Macrophages,895,1490.0
Inj_3d_GGGGTTGAGTGG,Inj_3d,Injured_3DPI,1,Mesenchymal cells,882,1618.0
Inj_3d_CACGCACATTAG,Inj_3d,Injured_3DPI,4,Endothelial cells,379,510.0
Inj_3d_AGTAATTGGAGT,Inj_3d,Injured_3DPI,14,Lymphocytes,405,540.0
Inj_3d_CGCACTTTCCGG,Inj_3d,Injured_3DPI,11,Macrophages,576,959.0
Inj_3d_AGCATCAGTTCT,Inj_3d,Injured_3DPI,2,Schwann cells,589,761.0
Inj_3d_ATCCTCTACGCG,Inj_3d,Injured_3DPI,3,Mesenchymal cells,540,775.0
Inj_3d_CATTAGATCTCC,Inj_3d,Injured_3DPI,0,Mesenchymal cells,385,516.0
Inj_3d_TCGTACAGCCGA,Inj_3d,Injured_3DPI,1,Mesenchymal cells,881,1291.0
Inj_3d_TGTAGCGCCTTC,Inj_3d,Injured_3DPI,11,Macrophages,434,633.0
Inj_3d_TCTAAGGGCCTA,Inj_3d,Injured_3DPI,1,Mesenchymal cells,564,875.0
Inj_3d_TTTTCACCAGTG,Inj_3d,Injured_3DPI,11,Macrophages,476,752.0
Inj_3d_GAGCCTTCTATT,Inj_3d,Injured_3DPI,14,Lymphocytes,430,590.0
Inj_3d_GCTCGCTACTGT,Inj_3d,Injured_3DPI,11,Macrophages,535,932.0
Inj_3d_CCGTCTTAGTAA,Inj_3d,Injured_3DPI,11,Macrophages,547,794.0
Inj_3d_GCCTGCGGTCCT,Inj_3d,Injured_3DPI,11,Macrophages,562,791.0
Inj_3d_GCCCGTGTTTAA,Inj_3d,Injured_3DPI,12,Schwann cells,503,626.0
Inj_3d_CCAATGCAATCT,Inj_3d,Injured_3DPI,11,Macrophages,247,382.0
Inj_3d_CTTGCCCCCCCC,Inj_3d,Injured_3DPI,15,Macrophages,338,1087.0
Inj_3d_TTACTGAAGGCT,Inj_3d,Injured_3DPI,0,Mesenchymal cells,629,986.0
Inj_3d_TTCCTAGCTAGG,Inj_3d,Injured_3DPI,1,Mesenchymal cells,370,619.0
Inj_3d_AATAGCTCGGTG,Inj_3d,Injured_3DPI,11,Macrophages,883,1271.0
Inj_3d_AGTTATCTATGT,Inj_3d,Injured_3DPI,1,Mesenchymal cells,737,1197.0
Inj_3d_TGGATGTCGGGC,Inj_3d,Injured_3DPI,8,Schwann cells,418,574.0
Inj_3d_ATAGCGTCCAAG,Inj_3d,Injured_3DPI,11,Macrophages,420,599.0
Inj_3d_TACGGGAGACTG,Inj_3d,Injured_3DPI,3,Mesenchymal cells,452,604.0
Inj_3d_TATGCACCAGAC,Inj_3d,Injured_3DPI,5,Endothelial cells,469,597.0
Inj_3d_ATCGCTTTCTCC,Inj_3d,Injured_3DPI,15,Macrophages,312,513.0
Inj_3d_TGTACTACTATA,Inj_3d,Injured_3DPI,11,Macrophages,468,674.0
Inj_3d_AGGATATGATAT,Inj_3d,Injured_3DPI,0,Mesenchymal cells,424,617.0
Inj_3d_TACAGTCGACCA,Inj_3d,Injured_3DPI,3,Mesenchymal cells,370,550.0
Inj_3d_TGTTTATTCTGC,Inj_3d,Injured_3DPI,11,Macrophages,662,920.0
Inj_3d_GGCATCCCGCAG,Inj_3d,Injured_3DPI,1,Mesenchymal cells,647,923.0
Inj_3d_AACCCCGGCGTT,Inj_3d,Injured_3DPI,2,Schwann cells,791,1077.0
Inj_3d_CACAATTACAGT,Inj_3d,Injured_3DPI,11,Macrophages,496,757.0
Inj_3d_GTCCCATGAAAA,Inj_3d,Injured_3DPI,3,Mesenchymal cells,436,546.0
Inj_3d_CACGGTGTCACG,Inj_3d,Injured_3DPI,1,Mesenchymal cells,459,785.0
Inj_3d_CTTTATATGAAG,Inj_3d,Injured_3DPI,11,Macrophages,724,1119.0
Inj_3d_GGAATGGGGTGT,Inj_3d,Injured_3DPI,14,Lymphocytes,371,533.0
Inj_3d_CGCATAGGGAAG,Inj_3d,Injured_3DPI,0,Mesenchymal cells,396,606.0
Inj_3d_AATACCAGTAAT,Inj_3d,Injured_3DPI,4,Endothelial cells,905,1289.0
Inj_3d_GGGCCGGTAACT,Inj_3d,Injured_3DPI,11,Macrophages,628,1239.0
Inj_3d_CATTTATTACCC,Inj_3d,Injured_3DPI,11,Macrophages,578,841.0
Inj_3d_GCGACCGGATGC,Inj_3d,Injured_3DPI,11,Macrophages,704,1084.0
Inj_3d_GAGATCCGGAGG,Inj_3d,Injured_3DPI,11,Macrophages,755,1183.0
Inj_3d_GCCAAGGGTATC,Inj_3d,Injured_3DPI,11,Macrophages,459,688.0
Inj_3d_TACTGACAGCCC,Inj_3d,Injured_3DPI,7,Pericytes/VSM,358,544.0
Inj_3d_ACATTAGCCGCC,Inj_3d,Injured_3DPI,17,Schwann cells,366,513.0
Inj_3d_ATGAACAGGGGT,Inj_3d,Injured_3DPI,1,Mesenchymal cells,442,648.0
Inj_3d_AGCTCTTAGAGG,Inj_3d,Injured_3DPI,0,Mesenchymal cells,468,838.0
Inj_3d_CCCATCCAGCGC,Inj_3d,Injured_3DPI,0,Mesenchymal cells,427,676.0
Inj_3d_CGCTCGGCTGCT,Inj_3d,Injured_3DPI,1,Mesenchymal cells,652,1041.0
Inj_3d_AGTTCTCCTTCG,Inj_3d,Injured_3DPI,1,Mesenchymal cells,410,570.0
Inj_3d_TCTTATCCGTAC,Inj_3d,Injured_3DPI,0,Mesenchymal cells,1164,1842.0
Inj_3d_TTAGAAGGAGAA,Inj_3d,Injured_3DPI,4,Endothelial cells,211,294.0
Inj_3d_GCCTAACCCCCA,Inj_3d,Injured_3DPI,11,Macrophages,665,1080.0
Inj_3d_GCGCCTCTATCA,Inj_3d,Injured_3DPI,11,Macrophages,1109,1946.0
Inj_3d_GTCGGTCTAAGG,Inj_3d,Injured_3DPI,0,Mesenchymal cells,417,585.0
Inj_3d_GAAAATGGTCAC,Inj_3d,Injured_3DPI,11,Macrophages,292,381.0
Inj_3d_GAGATGATGAAA,Inj_3d,Injured_3DPI,14,Lymphocytes,345,468.0
Inj_3d_GATCAACGTGTC,Inj_3d,Injured_3DPI,6,Endothelial cells,426,594.0
Inj_3d_GCGAGCATAACT,Inj_3d,Injured_3DPI,11,Macrophages,782,1182.0
Inj_3d_CGCTGTCCGTCT,Inj_3d,Injured_3DPI,13,Endothelial cells,418,655.0
Inj_3d_TACGCTCTAGCT,Inj_3d,Injured_3DPI,11,Macrophages,681,1040.0
Inj_3d_TTCACCCAGCCT,Inj_3d,Injured_3DPI,17,Schwann cells,464,566.0
Inj_3d_AGCAGCTCTCTT,Inj_3d,Injured_3DPI,14,Lymphocytes,418,640.0
Inj_3d_ACGGTTACACCC,Inj_3d,Injured_3DPI,11,Macrophages,534,778.0
Inj_3d_CAGGAGAGGCAA,Inj_3d,Injured_3DPI,11,Macrophages,733,1093.0
Inj_3d_CACCTACGTTCA,Inj_3d,Injured_3DPI,0,Mesenchymal cells,1395,2349.0
Inj_3d_ATTCAACACCTT,Inj_3d,Injured_3DPI,11,Macrophages,268,434.0
Inj_3d_ATGCGACTTGTA,Inj_3d,Injured_3DPI,14,Lymphocytes,345,460.0
Inj_3d_TCTGATAAGAAA,Inj_3d,Injured_3DPI,9,Schwann cells,885,1187.0
Inj_3d_TACTATCTCGGT,Inj_3d,Injured_3DPI,1,Mesenchymal cells,888,1261.0
Inj_3d_AAGTCTCGAAAG,Inj_3d,Injured_3DPI,15,Macrophages,297,562.0
Inj_3d_TGTGCGGTAACG,Inj_3d,Injured_3DPI,1,Mesenchymal cells,576,882.0
Inj_3d_CAATTCCACTCG,Inj_3d,Injured_3DPI,1,Mesenchymal cells,784,1119.0
Inj_3d_AAAAGACTGAGT,Inj_3d,Injured_3DPI,11,Macrophages,348,470.0
Inj_3d_AAAGAGGTTACA,Inj_3d,Injured_3DPI,11,Macrophages,451,675.0
Inj_3d_TGCCTGAACTCA,Inj_3d,Injured_3DPI,11,Macrophages,339,506.0
Inj_3d_CCTCAGTATAAG,Inj_3d,Injured_3DPI,11,Macrophages,501,732.0
Inj_3d_TGCCACCCCTCC,Inj_3d,Injured_3DPI,8,Schwann cells,330,500.0
Inj_3d_CCCCGCAAGGGT,Inj_3d,Injured_3DPI,15,Macrophages,241,444.0
Inj_3d_TGCTGATAACTT,Inj_3d,Injured_3DPI,13,Endothelial cells,407,559.0
Inj_3d_GGCCGGGGGGAT,Inj_3d,Injured_3DPI,1,Mesenchymal cells,554,861.0
Inj_3d_TGTGATAAACCN,Inj_3d,Injured_3DPI,2,Schwann cells,474,565.0
Inj_3d_ACCGTTGTCCAC,Inj_3d,Injured_3DPI,0,Mesenchymal cells,393,618.0
Inj_3d_ATCCCCACTCGA,Inj_3d,Injured_3DPI,11,Macrophages,818,1513.0
Inj_3d_TCCCGCGTTTGT,Inj_3d,Injured_3DPI,11,Macrophages,471,678.0
Inj_3d_TCTATCGCTTCG,Inj_3d,Injured_3DPI,15,Macrophages,276,417.0
Inj_3d_ATATTATAGCCG,Inj_3d,Injured_3DPI,3,Mesenchymal cells,1238,2275.0
Inj_3d_CGCTTCCTCTTA,Inj_3d,Injured_3DPI,11,Macrophages,547,810.0
Inj_3d_TTCAGATAAACG,Inj_3d,Injured_3DPI,7,Pericytes/VSM,308,378.0
Inj_3d_CATTCGCCCGGA,Inj_3d,Injured_3DPI,11,Macrophages,693,1124.0
Inj_3d_CCCTCCGCTTGA,Inj_3d,Injured_3DPI,17,Schwann cells,702,897.0
Inj_3d_ATCTGAACAAGT,Inj_3d,Injured_3DPI,6,Endothelial cells,330,393.0
Inj_3d_TACTCGATGCCG,Inj_3d,Injured_3DPI,4,Endothelial cells,405,621.0
Inj_3d_CTCGAGCATAGT,Inj_3d,Injured_3DPI,11,Macrophages,562,841.0
Inj_3d_AACTTCCGGGTA,Inj_3d,Injured_3DPI,1,Mesenchymal cells,429,538.0
Inj_3d_CATGGATAAGGG,Inj_3d,Injured_3DPI,11,Macrophages,346,542.0
Inj_3d_ATATCGGTTTGT,Inj_3d,Injured_3DPI,17,Schwann cells,376,476.0
Inj_3d_TCTGAATTTGAA,Inj_3d,Injured_3DPI,11,Macrophages,304,418.0
Inj_3d_GTCCGATTCTAT,Inj_3d,Injured_3DPI,11,Macrophages,363,491.0
Inj_3d_CACTTACTCTAC,Inj_3d,Injured_3DPI,3,Mesenchymal cells,476,650.0
Inj_3d_AAGGGGGTCCCT,Inj_3d,Injured_3DPI,6,Endothelial cells,590,817.0
Inj_3d_TGGCGTCCTGTC,Inj_3d,Injured_3DPI,5,Endothelial cells,483,702.0
Inj_3d_GCCATATACGAC,Inj_3d,Injured_3DPI,0,Mesenchymal cells,371,538.0
Inj_3d_TGTCGGTATACA,Inj_3d,Injured_3DPI,1,Mesenchymal cells,589,859.0
Inj_3d_ACGCGACTGTGG,Inj_3d,Injured_3DPI,17,Schwann cells,287,396.0
Inj_3d_GTCGGTAGGCAA,Inj_3d,Injured_3DPI,11,Macrophages,441,631.0
Inj_3d_TCTTGTTCATGT,Inj_3d,Injured_3DPI,11,Macrophages,657,894.0
Inj_3d_GGCAAGTCGTGG,Inj_3d,Injured_3DPI,1,Mesenchymal cells,671,988.0
Inj_3d_TGTGCAGCACCC,Inj_3d,Injured_3DPI,14,Lymphocytes,438,628.0
Inj_3d_GTACATATGCTC,Inj_3d,Injured_3DPI,11,Macrophages,639,972.0
Inj_3d_AACGCAGATTTC,Inj_3d,Injured_3DPI,0,Mesenchymal cells,973,1595.0
Inj_3d_CTCATAGCGCGG,Inj_3d,Injured_3DPI,17,Schwann cells,508,843.0
Inj_3d_CTGAAATACGCT,Inj_3d,Injured_3DPI,12,Schwann cells,322,517.0
Inj_3d_GAATCCACACTA,Inj_3d,Injured_3DPI,14,Lymphocytes,381,493.0
Inj_3d_TAAGCGGCGCAT,Inj_3d,Injured_3DPI,11,Macrophages,567,907.0
Inj_3d_CCCTGAGCGCCA,Inj_3d,Injured_3DPI,11,Macrophages,622,927.0
Inj_3d_AGTAACAGCTGG,Inj_3d,Injured_3DPI,11,Macrophages,411,535.0
Inj_3d_AGATATGGAAAA,Inj_3d,Injured_3DPI,11,Macrophages,649,1076.0
Inj_3d_ACCTACGCTAAA,Inj_3d,Injured_3DPI,17,Schwann cells,287,338.0
Inj_3d_CGATTAGATACG,Inj_3d,Injured_3DPI,0,Mesenchymal cells,621,1094.0
Inj_3d_AAGGAGAATACT,Inj_3d,Injured_3DPI,0,Mesenchymal cells,322,481.0
Inj_3d_AACGGGCTGGAC,Inj_3d,Injured_3DPI,0,Mesenchymal cells,427,519.0
Inj_3d_GCGCCGCAGGAC,Inj_3d,Injured_3DPI,15,Macrophages,369,606.0
Inj_3d_AAACCGTTAGCG,Inj_3d,Injured_3DPI,5,Endothelial cells,393,496.0
Inj_3d_ACATAATCTAGC,Inj_3d,Injured_3DPI,16,Mast cells,248,496.0
Inj_3d_AGCCACCTTCAT,Inj_3d,Injured_3DPI,1,Mesenchymal cells,681,1115.0
Inj_3d_ACGGTCTTGAGC,Inj_3d,Injured_3DPI,0,Mesenchymal cells,401,603.0
Inj_3d_AGTGAATTTCGA,Inj_3d,Injured_3DPI,17,Schwann cells,280,443.0
Inj_3d_GGTATCTGCGAT,Inj_3d,Injured_3DPI,2,Schwann cells,377,494.0
Inj_3d_TGTAGAAACATC,Inj_3d,Injured_3DPI,5,Endothelial cells,458,643.0
Inj_3d_CAATAAGTATGA,Inj_3d,Injured_3DPI,15,Macrophages,256,397.0
Inj_3d_GGCCAGAACAAT,Inj_3d,Injured_3DPI,6,Endothelial cells,524,703.0
Inj_3d_AGGTGGCATAGA,Inj_3d,Injured_3DPI,1,Mesenchymal cells,747,1159.0
Inj_3d_GCCGTTAGCGAG,Inj_3d,Injured_3DPI,2,Schwann cells,2804,7036.0
Inj_3d_ATCTATGGGCGG,Inj_3d,Injured_3DPI,0,Mesenchymal cells,416,561.0
Inj_3d_GACTTCGCAGCA,Inj_3d,Injured_3DPI,0,Mesenchymal cells,354,468.0
Inj_3d_GAATTGAGGGAT,Inj_3d,Injured_3DPI,15,Macrophages,258,440.0
Inj_3d_ATTGGCCCAGCA,Inj_3d,Injured_3DPI,6,Endothelial cells,391,504.0
Inj_3d_CGCGTACCTGCC,Inj_3d,Injured_3DPI,0,Mesenchymal cells,445,758.0
Inj_3d_GACTCGAGGAAG,Inj_3d,Injured_3DPI,7,Pericytes/VSM,340,418.0
Inj_3d_AACTCGAATCAC,Inj_3d,Injured_3DPI,11,Macrophages,456,643.0
Inj_3d_GAATGGGGATTA,Inj_3d,Injured_3DPI,11,Macrophages,477,670.0
Inj_3d_ATCTTGGTGAAG,Inj_3d,Injured_3DPI,0,Mesenchymal cells,274,339.0
Inj_3d_TTTGGTCGAGCT,Inj_3d,Injured_3DPI,1,Mesenchymal cells,322,443.0
Inj_3d_AACCGTCATGAC,Inj_3d,Injured_3DPI,11,Macrophages,463,650.0
Inj_3d_CTCCTTCCCCTT,Inj_3d,Injured_3DPI,14,Lymphocytes,327,422.0
Inj_3d_TTGGAACCTCTA,Inj_3d,Injured_3DPI,11,Macrophages,294,434.0
Inj_3d_CTCATTTCCTTC,Inj_3d,Injured_3DPI,1,Mesenchymal cells,437,572.0
Inj_3d_CTCCCTCGCGGA,Inj_3d,Injured_3DPI,3,Mesenchymal cells,233,449.0
Inj_3d_GCGCCCCTCTTT,Inj_3d,Injured_3DPI,11,Macrophages,328,493.0
Inj_3d_TTCGTCGGTGTC,Inj_3d,Injured_3DPI,17,Schwann cells,235,274.0
Inj_3d_AACTCCCCAATG,Inj_3d,Injured_3DPI,8,Schwann cells,303,379.0
Inj_3d_GGGCTTCTACCC,Inj_3d,Injured_3DPI,15,Macrophages,235,415.0
Inj_3d_TAAGAGCATAGT,Inj_3d,Injured_3DPI,5,Endothelial cells,557,774.0
Inj_3d_CAAGTCGAACTG,Inj_3d,Injured_3DPI,11,Macrophages,611,906.0
Inj_3d_CCCCGCAGCAAA,Inj_3d,Injured_3DPI,17,Schwann cells,840,1136.0
Inj_3d_GGGCATTTTGCG,Inj_3d,Injured_3DPI,11,Macrophages,615,868.0
Inj_3d_ATGCCATGCATT,Inj_3d,Injured_3DPI,11,Macrophages,992,1521.0
Inj_3d_AGGCGGTTGCGA,Inj_3d,Injured_3DPI,11,Macrophages,561,846.0
Inj_3d_ACGGTCTAGAAT,Inj_3d,Injured_3DPI,11,Macrophages,482,630.0
Inj_3d_GTTCATTGATCA,Inj_3d,Injured_3DPI,11,Macrophages,442,604.0
Inj_3d_TCTAGTTATGGT,Inj_3d,Injured_3DPI,0,Mesenchymal cells,670,1032.0
Inj_3d_AGGATTGTTGTA,Inj_3d,Injured_3DPI,14,Lymphocytes,310,426.0
Inj_3d_CGTAGCGAAACC,Inj_3d,Injured_3DPI,11,Macrophages,356,499.0
Inj_3d_TTTGTTTTCTCC,Inj_3d,Injured_3DPI,5,Endothelial cells,412,568.0
Inj_3d_GTTTCCGAGAGC,Inj_3d,Injured_3DPI,11,Macrophages,382,604.0
Inj_3d_TTATTGGTCTGT,Inj_3d,Injured_3DPI,6,Endothelial cells,219,315.0
Inj_3d_GCAGCATGACCT,Inj_3d,Injured_3DPI,14,Lymphocytes,293,400.0
Inj_3d_CGGAAGTGATCT,Inj_3d,Injured_3DPI,0,Mesenchymal cells,262,388.0
Inj_3d_ATATGTAGGTTA,Inj_3d,Injured_3DPI,3,Mesenchymal cells,702,1085.0
Inj_3d_CACTCTCCGGAN,Inj_3d,Injured_3DPI,3,Mesenchymal cells,413,566.0
Inj_3d_ACGGAGTAGGAT,Inj_3d,Injured_3DPI,15,Macrophages,257,419.0
Inj_3d_ATTCCACCTACA,Inj_3d,Injured_3DPI,11,Macrophages,580,808.0
Inj_3d_GTCATGCTGCAC,Inj_3d,Injured_3DPI,14,Lymphocytes,335,430.0
Inj_3d_ATCGGTTCTGGG,Inj_3d,Injured_3DPI,8,Schwann cells,356,453.0
Inj_3d_CGTGATGGAACG,Inj_3d,Injured_3DPI,11,Macrophages,869,1420.0
Inj_3d_ATGGGCTTTGTC,Inj_3d,Injured_3DPI,11,Macrophages,474,688.0
Inj_3d_CGAACGCTATGT,Inj_3d,Injured_3DPI,0,Mesenchymal cells,354,536.0
Inj_3d_TGAAGCACCTTT,Inj_3d,Injured_3DPI,17,Schwann cells,307,495.0
Inj_3d_TGCCACCCCCGT,Inj_3d,Injured_3DPI,0,Mesenchymal cells,324,548.0
Inj_3d_CACGAGCCGATG,Inj_3d,Injured_3DPI,11,Macrophages,577,864.0
Inj_3d_GGGCGAGGTTTG,Inj_3d,Injured_3DPI,0,Mesenchymal cells,578,872.0
Inj_3d_AGCTGGCCGTTC,Inj_3d,Injured_3DPI,0,Mesenchymal cells,332,482.0
Inj_3d_GACGGTATCTTC,Inj_3d,Injured_3DPI,0,Mesenchymal cells,783,1101.0
Inj_3d_CAGGACGGCCTC,Inj_3d,Injured_3DPI,11,Macrophages,420,596.0
Inj_3d_ACTAACGCGTGG,Inj_3d,Injured_3DPI,5,Endothelial cells,396,557.0
Inj_3d_TGCAAGATATAC,Inj_3d,Injured_3DPI,11,Macrophages,543,886.0
Inj_3d_ACGATGATCACG,Inj_3d,Injured_3DPI,7,Pericytes/VSM,390,493.0
Inj_3d_CTGTTAGTTTGC,Inj_3d,Injured_3DPI,11,Macrophages,536,736.0
Inj_3d_GTATGCACTTAT,Inj_3d,Injured_3DPI,11,Macrophages,485,676.0
Inj_3d_GTCCGTCCTTAG,Inj_3d,Injured_3DPI,2,Schwann cells,336,483.0
Inj_3d_TTATGCAGATCG,Inj_3d,Injured_3DPI,0,Mesenchymal cells,1030,1666.0
Inj_3d_GAGTACACCTTG,Inj_3d,Injured_3DPI,11,Macrophages,547,784.0
Inj_3d_TATCTAAAGTTG,Inj_3d,Injured_3DPI,0,Mesenchymal cells,522,758.0
Inj_3d_CACGCGGCCAGC,Inj_3d,Injured_3DPI,8,Schwann cells,585,804.0
Inj_3d_TGGTTGGACCCA,Inj_3d,Injured_3DPI,11,Macrophages,598,855.0
Inj_3d_CTGACACATGTA,Inj_3d,Injured_3DPI,1,Mesenchymal cells,567,819.0
Inj_3d_TACGACGGAGAT,Inj_3d,Injured_3DPI,0,Mesenchymal cells,304,405.0
Inj_3d_GGCTCCGATTGG,Inj_3d,Injured_3DPI,14,Lymphocytes,354,522.0
Inj_3d_ATTTTGGGCGTT,Inj_3d,Injured_3DPI,0,Mesenchymal cells,391,521.0
Inj_3d_TTCTGGTGAAGT,Inj_3d,Injured_3DPI,8,Schwann cells,467,644.0
Inj_3d_TTGCGATAACAT,Inj_3d,Injured_3DPI,11,Macrophages,670,916.0
Inj_3d_CTCAGTTTCCAG,Inj_3d,Injured_3DPI,1,Mesenchymal cells,315,392.0
Inj_3d_CACTTTCGGAGA,Inj_3d,Injured_3DPI,11,Macrophages,351,478.0
Inj_3d_GGTGCGGCCAAN,Inj_3d,Injured_3DPI,6,Endothelial cells,337,435.0
Inj_3d_GCCTCTGCGTGT,Inj_3d,Injured_3DPI,14,Lymphocytes,329,495.0
Inj_3d_GGTTCACTTACT,Inj_3d,Injured_3DPI,11,Macrophages,1121,1806.0
Inj_3d_ATCAATTCCTGG,Inj_3d,Injured_3DPI,17,Schwann cells,218,259.0
Inj_3d_TAGCCATCCACT,Inj_3d,Injured_3DPI,11,Macrophages,799,1310.0
Inj_3d_ATGCGGCGAAGA,Inj_3d,Injured_3DPI,11,Macrophages,543,784.0
Inj_3d_TGCTTGTGAGCC,Inj_3d,Injured_3DPI,7,Pericytes/VSM,308,414.0
Inj_3d_AACGAACGGGCG,Inj_3d,Injured_3DPI,0,Mesenchymal cells,499,634.0
Inj_3d_CGCGCTAAGTTA,Inj_3d,Injured_3DPI,1,Mesenchymal cells,454,609.0
Inj_3d_ACCATCATTGCA,Inj_3d,Injured_3DPI,1,Mesenchymal cells,618,924.0
Inj_3d_GCAGTATGCTTA,Inj_3d,Injured_3DPI,15,Macrophages,251,468.0
Inj_3d_TTTAACGGACAT,Inj_3d,Injured_3DPI,1,Mesenchymal cells,281,393.0
Inj_3d_CTCCGAGTCCCA,Inj_3d,Injured_3DPI,7,Pericytes/VSM,463,575.0
Inj_3d_TGCGATGACCAC,Inj_3d,Injured_3DPI,17,Schwann cells,463,551.0
Inj_3d_GCTCCATAGGGT,Inj_3d,Injured_3DPI,15,Macrophages,230,421.0
Inj_3d_TCCTGGGCGCCT,Inj_3d,Injured_3DPI,15,Macrophages,219,323.0
Inj_3d_ACCTGAAGCACA,Inj_3d,Injured_3DPI,4,Endothelial cells,324,375.0
Inj_3d_GGTGTCCGAACC,Inj_3d,Injured_3DPI,0,Mesenchymal cells,1284,2394.0
Inj_3d_AGTCACCCTTTA,Inj_3d,Injured_3DPI,4,Endothelial cells,250,369.0
Inj_3d_CGGAAATATCCC,Inj_3d,Injured_3DPI,11,Macrophages,351,452.0
Inj_3d_CCCGAACCCGGT,Inj_3d,Injured_3DPI,0,Mesenchymal cells,383,511.0
Inj_3d_ACAAGACAGGAG,Inj_3d,Injured_3DPI,14,Lymphocytes,259,373.0
Inj_3d_GGCGTGACTCCG,Inj_3d,Injured_3DPI,13,Endothelial cells,361,446.0
Inj_3d_CACGGGCACAAA,Inj_3d,Injured_3DPI,0,Mesenchymal cells,289,354.0
Inj_3d_AAATAGATCCCC,Inj_3d,Injured_3DPI,1,Mesenchymal cells,336,455.0
Inj_3d_CGATCGAGCGAA,Inj_3d,Injured_3DPI,7,Pericytes/VSM,271,350.0
Inj_3d_ATCAAGATTGCA,Inj_3d,Injured_3DPI,1,Mesenchymal cells,371,482.0
Inj_3d_GGTAGGGGTGCG,Inj_3d,Injured_3DPI,11,Macrophages,780,1237.0
Inj_3d_TGACTCGCAAAG,Inj_3d,Injured_3DPI,1,Mesenchymal cells,570,812.0
Inj_3d_CCGGAGTGTCGG,Inj_3d,Injured_3DPI,14,Lymphocytes,287,403.0
Inj_3d_CCTCTTTAGTCC,Inj_3d,Injured_3DPI,6,Endothelial cells,267,357.0
Inj_3d_GTCCGATTCTGC,Inj_3d,Injured_3DPI,4,Endothelial cells,337,424.0
Inj_3d_CGTATTAAGATT,Inj_3d,Injured_3DPI,11,Macrophages,570,860.0
Inj_3d_TCCTTCGACTAT,Inj_3d,Injured_3DPI,8,Schwann cells,213,316.0
Inj_3d_GGACGGTACTTT,Inj_3d,Injured_3DPI,3,Mesenchymal cells,351,449.0
Inj_3d_TCCGGGTGCAAT,Inj_3d,Injured_3DPI,11,Macrophages,384,522.0
Inj_3d_GTCGGGACCTGA,Inj_3d,Injured_3DPI,11,Macrophages,541,752.0
Inj_3d_CGCCAACAACGA,Inj_3d,Injured_3DPI,7,Pericytes/VSM,674,891.0
Inj_3d_GGTGGGCCCACA,Inj_3d,Injured_3DPI,5,Endothelial cells,505,641.0
Inj_3d_CGACGCTTATGT,Inj_3d,Injured_3DPI,15,Macrophages,261,378.0
Inj_3d_TACCAAGGGAAA,Inj_3d,Injured_3DPI,7,Pericytes/VSM,300,346.0
Inj_3d_TCTTGTGGGAAA,Inj_3d,Injured_3DPI,1,Mesenchymal cells,865,1201.0
Inj_3d_TTGTGCAGCGGC,Inj_3d,Injured_3DPI,11,Macrophages,845,1259.0
Inj_3d_TCATCAGAGGAG,Inj_3d,Injured_3DPI,11,Macrophages,416,571.0
Inj_3d_CTCACGAGGATC,Inj_3d,Injured_3DPI,3,Mesenchymal cells,436,593.0
Inj_3d_CGCTGGTGTACC,Inj_3d,Injured_3DPI,4,Endothelial cells,348,451.0
Inj_3d_GTCGCAGGTTCT,Inj_3d,Injured_3DPI,11,Macrophages,386,697.0
Inj_3d_TTGGCGCGAGCA,Inj_3d,Injured_3DPI,3,Mesenchymal cells,1565,2689.0
Inj_3d_TATAAGCAATTT,Inj_3d,Injured_3DPI,11,Macrophages,593,877.0
Inj_3d_ATCGCCCGTAAT,Inj_3d,Injured_3DPI,6,Endothelial cells,406,559.0
Inj_3d_GCCTGCACCTGC,Inj_3d,Injured_3DPI,1,Mesenchymal cells,435,603.0
Inj_3d_AAGACCGGTTAG,Inj_3d,Injured_3DPI,11,Macrophages,556,753.0
Inj_3d_GACTGCTGCTGT,Inj_3d,Injured_3DPI,11,Macrophages,674,1002.0
Inj_3d_GCGCAATCTTAT,Inj_3d,Injured_3DPI,11,Macrophages,362,501.0
Inj_3d_ATACCTTCACCA,Inj_3d,Injured_3DPI,14,Lymphocytes,209,280.0
Inj_3d_GACGCTGATAGC,Inj_3d,Injured_3DPI,15,Macrophages,248,370.0
Inj_3d_CTCAGGGTTAAA,Inj_3d,Injured_3DPI,6,Endothelial cells,331,396.0
Inj_3d_CGCCTCTCAAGT,Inj_3d,Injured_3DPI,7,Pericytes/VSM,672,972.0
Inj_3d_ATCTTGAGAGCT,Inj_3d,Injured_3DPI,11,Macrophages,248,345.0
Inj_3d_GACAACTTCTGA,Inj_3d,Injured_3DPI,8,Schwann cells,278,337.0
Inj_3d_TGCGCTAACTCA,Inj_3d,Injured_3DPI,17,Schwann cells,313,436.0
Inj_3d_ACGCAGGGTTGG,Inj_3d,Injured_3DPI,0,Mesenchymal cells,410,732.0
Inj_3d_ACGATGGACACG,Inj_3d,Injured_3DPI,11,Macrophages,503,724.0
Inj_3d_TAGAATTGTCGA,Inj_3d,Injured_3DPI,11,Macrophages,273,351.0
Inj_3d_TATACAATGACG,Inj_3d,Injured_3DPI,4,Endothelial cells,287,357.0
Inj_3d_AGTAATGCCTGC,Inj_3d,Injured_3DPI,11,Macrophages,964,1744.0
Inj_3d_AGATGTAGGTCG,Inj_3d,Injured_3DPI,11,Macrophages,520,772.0
Inj_3d_ACCGCACCAGTC,Inj_3d,Injured_3DPI,0,Mesenchymal cells,383,579.0
Inj_3d_TGTTAACCTCGC,Inj_3d,Injured_3DPI,3,Mesenchymal cells,233,340.0
Inj_3d_CGTGCACTTATT,Inj_3d,Injured_3DPI,11,Macrophages,719,1131.0
Inj_3d_AAACTCTACCAG,Inj_3d,Injured_3DPI,11,Macrophages,512,699.0
Inj_3d_AGCGAACTAGGA,Inj_3d,Injured_3DPI,8,Schwann cells,386,477.0
Inj_3d_GGATTTGATGCA,Inj_3d,Injured_3DPI,0,Mesenchymal cells,503,680.0
Inj_3d_GGACAGACTTGA,Inj_3d,Injured_3DPI,11,Macrophages,434,626.0
Inj_3d_CCCACCCAAAAA,Inj_3d,Injured_3DPI,14,Lymphocytes,217,274.0
Inj_3d_ACTACTGTTCCC,Inj_3d,Injured_3DPI,14,Lymphocytes,275,382.0
Inj_3d_CTTTACAACGCA,Inj_3d,Injured_3DPI,17,Schwann cells,307,534.0
Inj_3d_CGGTTATATTTC,Inj_3d,Injured_3DPI,17,Schwann cells,262,359.0
Inj_3d_GACCCTGACTAT,Inj_3d,Injured_3DPI,3,Mesenchymal cells,411,619.0
Inj_3d_CGCTCCGTCGGG,Inj_3d,Injured_3DPI,3,Mesenchymal cells,437,689.0
Inj_3d_AGAAGAAGGCCT,Inj_3d,Injured_3DPI,15,Macrophages,284,372.0
Inj_3d_TGTTTCACACCA,Inj_3d,Injured_3DPI,11,Macrophages,459,635.0
Inj_3d_TTCGCCACCTAT,Inj_3d,Injured_3DPI,4,Endothelial cells,279,335.0
Inj_3d_AAGAGGCTGACA,Inj_3d,Injured_3DPI,11,Macrophages,362,530.0
Inj_3d_GACCTCTAACGG,Inj_3d,Injured_3DPI,11,Macrophages,346,505.0
Inj_3d_GGCCAGCTTGTT,Inj_3d,Injured_3DPI,0,Mesenchymal cells,622,887.0
Inj_3d_TGTTCCTCTGTA,Inj_3d,Injured_3DPI,11,Macrophages,574,776.0
Inj_3d_CCATCACCACGG,Inj_3d,Injured_3DPI,14,Lymphocytes,288,427.0
Inj_3d_TACTCTTCGTAG,Inj_3d,Injured_3DPI,5,Endothelial cells,384,493.0
Inj_3d_TTCCTAGCGAAC,Inj_3d,Injured_3DPI,3,Mesenchymal cells,443,563.0
Inj_3d_GTCGACCAGCTG,Inj_3d,Injured_3DPI,7,Pericytes/VSM,257,342.0
Inj_3d_GCCTGGTCCTAA,Inj_3d,Injured_3DPI,3,Mesenchymal cells,440,653.0
Inj_3d_AACGGTGGGTAC,Inj_3d,Injured_3DPI,17,Schwann cells,253,289.0
Inj_3d_CGCGTATCGAAC,Inj_3d,Injured_3DPI,9,Schwann cells,352,428.0
Inj_3d_ATGTTCACTCAA,Inj_3d,Injured_3DPI,4,Endothelial cells,278,374.0
Inj_3d_CTCAGGCTTGGG,Inj_3d,Injured_3DPI,3,Mesenchymal cells,297,385.0
Inj_3d_GCCTGACTAAAG,Inj_3d,Injured_3DPI,3,Mesenchymal cells,361,538.0
Inj_3d_CGAGACTGAATT,Inj_3d,Injured_3DPI,15,Macrophages,254,343.0
Inj_3d_ACCAGTCGCGTG,Inj_3d,Injured_3DPI,0,Mesenchymal cells,384,444.0
Inj_3d_CACGCTAGGTGT,Inj_3d,Injured_3DPI,0,Mesenchymal cells,215,325.0
Inj_3d_TCTGGAATAATT,Inj_3d,Injured_3DPI,17,Schwann cells,390,520.0
Inj_3d_GGGACCGCAGGA,Inj_3d,Injured_3DPI,14,Lymphocytes,270,368.0
Inj_3d_AGCCCAGGTGTA,Inj_3d,Injured_3DPI,0,Mesenchymal cells,625,1035.0
Inj_3d_CTCTGACCGAAT,Inj_3d,Injured_3DPI,1,Mesenchymal cells,403,517.0
Inj_3d_GAATCTCCCCAG,Inj_3d,Injured_3DPI,3,Mesenchymal cells,226,311.0
Inj_3d_CTTAGTATACCG,Inj_3d,Injured_3DPI,11,Macrophages,358,516.0
Inj_3d_CTGCACGCAGTT,Inj_3d,Injured_3DPI,0,Mesenchymal cells,263,367.0
Inj_3d_ACCTACTCAGGG,Inj_3d,Injured_3DPI,14,Lymphocytes,299,421.0
Inj_3d_AAGCTGTCCTCA,Inj_3d,Injured_3DPI,17,Schwann cells,239,322.0
Inj_3d_ACGAAGTTGTGC,Inj_3d,Injured_3DPI,11,Macrophages,384,512.0
Inj_3d_AAATGCACACCC,Inj_3d,Injured_3DPI,0,Mesenchymal cells,677,1084.0
Inj_3d_ACAATAACCACT,Inj_3d,Injured_3DPI,15,Macrophages,224,313.0
Inj_3d_TAGGCTGTCCCT,Inj_3d,Injured_3DPI,15,Macrophages,268,440.0
Inj_3d_CATTAGAAGTCT,Inj_3d,Injured_3DPI,1,Mesenchymal cells,583,839.0
Inj_3d_CGGACAGTGGAG,Inj_3d,Injured_3DPI,2,Schwann cells,662,1130.0
Inj_3d_GGCTCTTCTGTA,Inj_3d,Injured_3DPI,2,Schwann cells,2849,6680.0
Inj_3d_CGACCGCCCACC,Inj_3d,Injured_3DPI,11,Macrophages,610,953.0
Inj_3d_CGCTGTGATGTT,Inj_3d,Injured_3DPI,11,Macrophages,421,593.0
Inj_3d_GAGCTCAAACAT,Inj_3d,Injured_3DPI,11,Macrophages,892,1402.0
Inj_3d_GTACCGAAAGTT,Inj_3d,Injured_3DPI,11,Macrophages,546,763.0
Inj_3d_ACGAGGTGCTTC,Inj_3d,Injured_3DPI,15,Macrophages,223,347.0
Inj_3d_CACACCCGATAC,Inj_3d,Injured_3DPI,3,Mesenchymal cells,458,595.0
Inj_3d_TACATAAGCCTA,Inj_3d,Injured_3DPI,8,Schwann cells,321,374.0
Inj_3d_TACATGGGTCCT,Inj_3d,Injured_3DPI,0,Mesenchymal cells,302,367.0
Inj_3d_TAAGAGAACCAA,Inj_3d,Injured_3DPI,11,Macrophages,486,780.0
Inj_3d_GCCGGTTCAGTG,Inj_3d,Injured_3DPI,0,Mesenchymal cells,1806,3960.0
Inj_3d_CGACAACGGGGT,Inj_3d,Injured_3DPI,6,Endothelial cells,231,302.0
Inj_3d_GCGCTCGAAACT,Inj_3d,Injured_3DPI,0,Mesenchymal cells,790,1287.0
Inj_3d_GCTGGCCCCAGG,Inj_3d,Injured_3DPI,6,Endothelial cells,301,441.0
Inj_3d_TTTTTTGTCTCT,Inj_3d,Injured_3DPI,6,Endothelial cells,1150,1710.0
Inj_3d_CGGTCGGCCTAA,Inj_3d,Injured_3DPI,14,Lymphocytes,243,304.0
Inj_3d_GTATCTGTGAAA,Inj_3d,Injured_3DPI,11,Macrophages,457,703.0
Inj_3d_CCTTCTTTAACC,Inj_3d,Injured_3DPI,6,Endothelial cells,265,349.0
Inj_3d_AACTCTTGTGCT,Inj_3d,Injured_3DPI,5,Endothelial cells,299,390.0
Inj_3d_GACACAGCGTCT,Inj_3d,Injured_3DPI,3,Mesenchymal cells,307,411.0
Inj_3d_TTGGTTGGCGGA,Inj_3d,Injured_3DPI,11,Macrophages,786,1082.0
Inj_3d_CAACAGTAGTCT,Inj_3d,Injured_3DPI,2,Schwann cells,275,353.0
Inj_3d_TCTTCTGCTTCC,Inj_3d,Injured_3DPI,11,Macrophages,262,442.0
Inj_3d_CGTCCTAACAAT,Inj_3d,Injured_3DPI,11,Macrophages,231,357.0
Inj_3d_CGAATGAGTTGG,Inj_3d,Injured_3DPI,1,Mesenchymal cells,666,1023.0
Inj_3d_AACTACCCCATG,Inj_3d,Injured_3DPI,11,Macrophages,549,784.0
Inj_3d_TCCTAGTCATGA,Inj_3d,Injured_3DPI,3,Mesenchymal cells,260,321.0
Inj_3d_CAAGGAGTGTCA,Inj_3d,Injured_3DPI,11,Macrophages,329,432.0
Inj_3d_GGTGACGGCCAC,Inj_3d,Injured_3DPI,5,Endothelial cells,1882,3409.0
Inj_3d_GAATGGTATCCT,Inj_3d,Injured_3DPI,3,Mesenchymal cells,226,336.0
Inj_3d_GCCGAGCAATAG,Inj_3d,Injured_3DPI,3,Mesenchymal cells,420,565.0
Inj_3d_AATTATATGTGA,Inj_3d,Injured_3DPI,11,Macrophages,591,837.0
Inj_3d_CTCAAGAACGCT,Inj_3d,Injured_3DPI,0,Mesenchymal cells,246,311.0
Inj_3d_AGTCGGCCCTGG,Inj_3d,Injured_3DPI,11,Macrophages,478,683.0
Inj_3d_TCGTAATATAAG,Inj_3d,Injured_3DPI,6,Endothelial cells,269,356.0
Inj_3d_CCAAGAGTAAAC,Inj_3d,Injured_3DPI,11,Macrophages,350,446.0
Inj_3d_AGCGCTCTCCAC,Inj_3d,Injured_3DPI,7,Pericytes/VSM,469,598.0
Inj_3d_GAACGTAGTTGT,Inj_3d,Injured_3DPI,17,Schwann cells,275,369.0
Inj_3d_TCCGACTAGACT,Inj_3d,Injured_3DPI,1,Mesenchymal cells,379,577.0
Inj_3d_AACACTAGCAAA,Inj_3d,Injured_3DPI,11,Macrophages,448,627.0
Inj_3d_GTTCTCTTTACC,Inj_3d,Injured_3DPI,0,Mesenchymal cells,282,414.0
Inj_3d_CCGGTCGGGTCC,Inj_3d,Injured_3DPI,15,Macrophages,214,325.0
Inj_3d_TAGTGATTGTCA,Inj_3d,Injured_3DPI,1,Mesenchymal cells,483,661.0
Inj_3d_TCCTGTAGACAA,Inj_3d,Injured_3DPI,0,Mesenchymal cells,356,455.0
Inj_3d_TCTACCAAGCGG,Inj_3d,Injured_3DPI,11,Macrophages,338,493.0
Inj_3d_TGCACGCCCTAG,Inj_3d,Injured_3DPI,0,Mesenchymal cells,275,407.0
Inj_3d_AGCACTTTCGGG,Inj_3d,Injured_3DPI,11,Macrophages,325,442.0
Inj_3d_TGCGCTGTCGGG,Inj_3d,Injured_3DPI,0,Mesenchymal cells,342,511.0
Inj_3d_AGAAGTCCCCTG,Inj_3d,Injured_3DPI,11,Macrophages,866,1407.0
Inj_3d_GTCACATGCCGT,Inj_3d,Injured_3DPI,0,Mesenchymal cells,287,346.0
Inj_3d_CTCAATTTAACT,Inj_3d,Injured_3DPI,5,Endothelial cells,261,324.0
Inj_3d_GACCTTAGAGGA,Inj_3d,Injured_3DPI,0,Mesenchymal cells,234,299.0
Inj_3d_CCCTGCGGCGTT,Inj_3d,Injured_3DPI,0,Mesenchymal cells,363,611.0
Inj_3d_GCCGTAATCCTT,Inj_3d,Injured_3DPI,1,Mesenchymal cells,1766,3628.0
Inj_3d_ACCCCAGGTCTT,Inj_3d,Injured_3DPI,11,Macrophages,602,822.0
Inj_3d_GACCTTGAGTGT,Inj_3d,Injured_3DPI,1,Mesenchymal cells,276,363.0
Inj_3d_CGGGTCGGGGTT,Inj_3d,Injured_3DPI,17,Schwann cells,290,395.0
Inj_3d_TGCGGTGGCCTG,Inj_3d,Injured_3DPI,10,Schwann cells,513,638.0
Inj_3d_CCCTTAAGCGGC,Inj_3d,Injured_3DPI,0,Mesenchymal cells,281,363.0
Inj_3d_CCCTTATCTAGA,Inj_3d,Injured_3DPI,11,Macrophages,254,344.0
Inj_3d_GGTTGTATACTT,Inj_3d,Injured_3DPI,11,Macrophages,406,569.0
Inj_3d_CGCCAATGACAT,Inj_3d,Injured_3DPI,2,Schwann cells,233,304.0
Inj_3d_TGTAATTAATAT,Inj_3d,Injured_3DPI,11,Macrophages,681,1123.0
Inj_3d_TTCCCATGCAAC,Inj_3d,Injured_3DPI,17,Schwann cells,323,399.0
Inj_3d_AGGCGAGAGTTA,Inj_3d,Injured_3DPI,11,Macrophages,484,624.0
Inj_3d_CCCCACAACATC,Inj_3d,Injured_3DPI,15,Macrophages,235,373.0
Inj_3d_CGTTAAAGTCCA,Inj_3d,Injured_3DPI,17,Schwann cells,202,289.0
Inj_3d_AGCTGGTCATCT,Inj_3d,Injured_3DPI,11,Macrophages,548,751.0
Inj_3d_GACTGAAGCTCT,Inj_3d,Injured_3DPI,11,Macrophages,234,287.0
Inj_3d_CCGAAAAAAGAG,Inj_3d,Injured_3DPI,3,Mesenchymal cells,225,308.0
Inj_3d_ACCACATCGTGT,Inj_3d,Injured_3DPI,6,Endothelial cells,304,375.0
Inj_3d_ACCACTAAAGAC,Inj_3d,Injured_3DPI,11,Macrophages,528,902.0
Inj_3d_GACACATGAGAC,Inj_3d,Injured_3DPI,0,Mesenchymal cells,244,348.0
Inj_3d_TCACAATTGCTT,Inj_3d,Injured_3DPI,0,Mesenchymal cells,206,325.0
Inj_3d_GGGTGTTTTGGC,Inj_3d,Injured_3DPI,4,Endothelial cells,308,443.0
Inj_3d_CCCGACAAGTTN,Inj_3d,Injured_3DPI,0,Mesenchymal cells,306,418.0
Inj_3d_CGTCCTGCAGGA,Inj_3d,Injured_3DPI,15,Macrophages,215,318.0
Inj_3d_ACCTGACAAGGA,Inj_3d,Injured_3DPI,1,Mesenchymal cells,523,737.0
Inj_3d_TCCGTGGTGAAA,Inj_3d,Injured_3DPI,8,Schwann cells,270,370.0
Inj_3d_GGAATGACTTAC,Inj_3d,Injured_3DPI,4,Endothelial cells,229,313.0
Inj_3d_GGGCCCTGCCGG,Inj_3d,Injured_3DPI,11,Macrophages,424,579.0
Inj_3d_TGCATGATACCC,Inj_3d,Injured_3DPI,8,Schwann cells,341,421.0
Inj_3d_TCCCTTCGTTTT,Inj_3d,Injured_3DPI,11,Macrophages,379,496.0
Inj_3d_AAGATTTACGGT,Inj_3d,Injured_3DPI,11,Macrophages,263,368.0
Inj_3d_CTGATGCGTTCT,Inj_3d,Injured_3DPI,4,Endothelial cells,247,312.0
Inj_3d_CCAGGTACCATT,Inj_3d,Injured_3DPI,11,Macrophages,531,666.0
Inj_3d_TAATCTTTATGA,Inj_3d,Injured_3DPI,11,Macrophages,325,412.0
Inj_3d_ACATTCCTAATT,Inj_3d,Injured_3DPI,11,Macrophages,310,403.0
Inj_3d_CGATCAACGACA,Inj_3d,Injured_3DPI,11,Macrophages,320,471.0
Inj_3d_TACCGCGGCTAA,Inj_3d,Injured_3DPI,13,Endothelial cells,240,326.0
Inj_3d_ACCCTCACTATT,Inj_3d,Injured_3DPI,1,Mesenchymal cells,787,1158.0
Inj_3d_GGTGCCATAAAG,Inj_3d,Injured_3DPI,4,Endothelial cells,2374,4647.0
Inj_3d_AGCCCCCCCAGC,Inj_3d,Injured_3DPI,11,Macrophages,720,1261.0
Inj_3d_GTAAAGCATGCA,Inj_3d,Injured_3DPI,14,Lymphocytes,236,280.0
Inj_3d_GGCCGAGTAGTA,Inj_3d,Injured_3DPI,13,Endothelial cells,564,804.0
Inj_3d_CTTGTCTCGTAA,Inj_3d,Injured_3DPI,11,Macrophages,787,1176.0
Inj_3d_GGTGTTTTTCTG,Inj_3d,Injured_3DPI,11,Macrophages,595,811.0
Inj_3d_GGCATTAACTTG,Inj_3d,Injured_3DPI,0,Mesenchymal cells,336,428.0
Inj_3d_GAACGAGTGATG,Inj_3d,Injured_3DPI,16,Mast cells,258,392.0
Inj_3d_CTTGCACGTGTA,Inj_3d,Injured_3DPI,1,Mesenchymal cells,552,754.0
Inj_3d_TGGAAATCGTTC,Inj_3d,Injured_3DPI,8,Schwann cells,311,409.0
Inj_3d_GATATTAAGTAC,Inj_3d,Injured_3DPI,17,Schwann cells,220,274.0
Inj_3d_GGCAGACATCAA,Inj_3d,Injured_3DPI,11,Macrophages,533,783.0
Inj_3d_TCCACTAATGTG,Inj_3d,Injured_3DPI,1,Mesenchymal cells,663,1034.0
Inj_3d_CTGACGCACCCT,Inj_3d,Injured_3DPI,11,Macrophages,376,521.0
Inj_3d_GTGGGTTTCTTA,Inj_3d,Injured_3DPI,2,Schwann cells,2125,4706.0
Inj_3d_TTTAGGAGAATA,Inj_3d,Injured_3DPI,11,Macrophages,355,480.0
Inj_3d_CGACGATGCTTC,Inj_3d,Injured_3DPI,0,Mesenchymal cells,840,1464.0
Inj_3d_TCTAGGACGATA,Inj_3d,Injured_3DPI,17,Schwann cells,276,409.0
Inj_3d_GTCCGATGTCCA,Inj_3d,Injured_3DPI,17,Schwann cells,207,306.0
Inj_3d_GCCAAATCGCGA,Inj_3d,Injured_3DPI,3,Mesenchymal cells,1806,3979.0
Inj_3d_GGCACTACATCG,Inj_3d,Injured_3DPI,0,Mesenchymal cells,232,387.0
Inj_3d_TCGGAGGACCTC,Inj_3d,Injured_3DPI,11,Macrophages,443,663.0
Inj_3d_CAATAATGAACC,Inj_3d,Injured_3DPI,11,Macrophages,406,566.0
Inj_3d_CGACATAAACCG,Inj_3d,Injured_3DPI,6,Endothelial cells,289,370.0
Inj_3d_AGTGGAATCAAT,Inj_3d,Injured_3DPI,11,Macrophages,335,452.0
Inj_3d_GACGTTCATAAG,Inj_3d,Injured_3DPI,0,Mesenchymal cells,323,419.0
Inj_3d_ACCGGTCGAGAC,Inj_3d,Injured_3DPI,11,Macrophages,410,529.0
Inj_3d_CCCGTTGGTCGA,Inj_3d,Injured_3DPI,0,Mesenchymal cells,292,399.0
Inj_3d_GTCGTTTTATAT,Inj_3d,Injured_3DPI,0,Mesenchymal cells,213,283.0
Inj_3d_ACGCCTGGTAGT,Inj_3d,Injured_3DPI,11,Macrophages,414,557.0
Inj_3d_CGCGATTACACT,Inj_3d,Injured_3DPI,6,Endothelial cells,237,278.0
Inj_3d_AGACCTCGGTTC,Inj_3d,Injured_3DPI,11,Macrophages,427,594.0
Inj_3d_GGCAGTGGGTGG,Inj_3d,Injured_3DPI,2,Schwann cells,425,506.0
Inj_3d_TACTTCTTCCGG,Inj_3d,Injured_3DPI,17,Schwann cells,209,305.0
Inj_3d_ATCCAATTAAAA,Inj_3d,Injured_3DPI,17,Schwann cells,395,504.0
Inj_3d_TTCCGGAGTCTA,Inj_3d,Injured_3DPI,0,Mesenchymal cells,215,357.0
Inj_3d_CCCGCTAAAGTG,Inj_3d,Injured_3DPI,6,Endothelial cells,315,380.0
Inj_3d_AACGGAGGTACC,Inj_3d,Injured_3DPI,8,Schwann cells,248,317.0
Inj_3d_GCCTAACCACAC,Inj_3d,Injured_3DPI,0,Mesenchymal cells,207,255.0
Inj_3d_AGCGTGGTTAAA,Inj_3d,Injured_3DPI,11,Macrophages,221,303.0
Inj_3d_ATACGCGATTCA,Inj_3d,Injured_3DPI,6,Endothelial cells,220,315.0
Inj_3d_ACGTCCTTCTGA,Inj_3d,Injured_3DPI,4,Endothelial cells,217,288.0
Inj_3d_TGCATCCCCGGG,Inj_3d,Injured_3DPI,0,Mesenchymal cells,406,571.0
Inj_3d_CACACCGTCGAC,Inj_3d,Injured_3DPI,4,Endothelial cells,315,392.0
Inj_3d_GTGACGGAGCCA,Inj_3d,Injured_3DPI,11,Macrophages,566,804.0
Inj_3d_GCGCCGTTCAAT,Inj_3d,Injured_3DPI,11,Macrophages,249,352.0
Inj_3d_GCACTCGTTCCT,Inj_3d,Injured_3DPI,11,Macrophages,397,561.0
Inj_3d_TCTATATTGGGC,Inj_3d,Injured_3DPI,7,Pericytes/VSM,470,642.0
Inj_3d_ATGACCTCAGAT,Inj_3d,Injured_3DPI,11,Macrophages,243,308.0
Inj_3d_GACGTCATGCAC,Inj_3d,Injured_3DPI,8,Schwann cells,260,332.0
Inj_3d_ATGCGAGTTTTC,Inj_3d,Injured_3DPI,15,Macrophages,263,334.0
Inj_3d_TCCCTTCCCTGG,Inj_3d,Injured_3DPI,5,Endothelial cells,393,472.0
Inj_3d_AACGGGGAAGCT,Inj_3d,Injured_3DPI,11,Macrophages,550,850.0
Inj_3d_AATTAGGCACCG,Inj_3d,Injured_3DPI,11,Macrophages,439,574.0
Inj_3d_GCCCTACGTGGA,Inj_3d,Injured_3DPI,0,Mesenchymal cells,950,1511.0
Inj_3d_GGTGACGGCCAT,Inj_3d,Injured_3DPI,5,Endothelial cells,845,1207.0
Inj_3d_GTCATCACTGCT,Inj_3d,Injured_3DPI,11,Macrophages,255,328.0
Inj_3d_TACTGGTGCTTT,Inj_3d,Injured_3DPI,1,Mesenchymal cells,531,712.0
Inj_3d_TACGGTCTCTGA,Inj_3d,Injured_3DPI,11,Macrophages,474,680.0
Inj_3d_TCCACGAAACTG,Inj_3d,Injured_3DPI,8,Schwann cells,246,285.0
Inj_3d_TAACCAACGTTG,Inj_3d,Injured_3DPI,11,Macrophages,370,499.0
Inj_3d_AATTGCCGTCAA,Inj_3d,Injured_3DPI,17,Schwann cells,210,353.0
Inj_3d_CTAGGGATGTTT,Inj_3d,Injured_3DPI,11,Macrophages,358,488.0
Inj_3d_TTCAGTGCGAGC,Inj_3d,Injured_3DPI,8,Schwann cells,246,289.0
Inj_3d_TCAGCGCGGGCC,Inj_3d,Injured_3DPI,5,Endothelial cells,257,373.0
Inj_3d_ATGGTTTCTTAN,Inj_3d,Injured_3DPI,8,Schwann cells,237,277.0
Inj_3d_CGTGACGGCCAA,Inj_3d,Injured_3DPI,5,Endothelial cells,2019,3723.0
Inj_3d_GGGACGGCCAAN,Inj_3d,Injured_3DPI,5,Endothelial cells,271,325.0
Inj_3d_AAACATGGATAT,Inj_3d,Injured_3DPI,11,Macrophages,271,343.0
Inj_3d_CTCAGATAGTGT,Inj_3d,Injured_3DPI,8,Schwann cells,215,296.0
Inj_3d_TTAGTTGGATAT,Inj_3d,Injured_3DPI,11,Macrophages,362,451.0
Inj_3d_CCAATCGAACCA,Inj_3d,Injured_3DPI,11,Macrophages,447,619.0
Inj_3d_GTGGGGAGTTCG,Inj_3d,Injured_3DPI,14,Lymphocytes,253,324.0
Inj_3d_AGCCACGACTAG,Inj_3d,Injured_3DPI,11,Macrophages,512,759.0
Inj_3d_TGGTCCCAACTC,Inj_3d,Injured_3DPI,11,Macrophages,343,475.0
Inj_3d_CGCCACAATCCG,Inj_3d,Injured_3DPI,1,Mesenchymal cells,417,554.0
Inj_3d_CTTGCCGTTAAA,Inj_3d,Injured_3DPI,1,Mesenchymal cells,444,626.0
Inj_3d_GTGGTGTCCATG,Inj_3d,Injured_3DPI,11,Macrophages,597,853.0
Inj_3d_TTGCAACCGGAC,Inj_3d,Injured_3DPI,17,Schwann cells,211,386.0
Inj_3d_CCGGGTTAAGAT,Inj_3d,Injured_3DPI,8,Schwann cells,211,330.0
Inj_3d_TAACCTCCTAAT,Inj_3d,Injured_3DPI,11,Macrophages,382,504.0
Inj_3d_ACGTCACCAATG,Inj_3d,Injured_3DPI,17,Schwann cells,234,381.0
Inj_3d_GCCGGAAACAAA,Inj_3d,Injured_3DPI,7,Pericytes/VSM,1353,2356.0
Inj_3d_TCAAAAACTTTN,Inj_3d,Injured_3DPI,11,Macrophages,763,1010.0
Inj_3d_GGTATGATAGCA,Inj_3d,Injured_3DPI,11,Macrophages,473,707.0
Inj_3d_TGCTATATTTTG,Inj_3d,Injured_3DPI,11,Macrophages,623,907.0
Inj_3d_ATGGCTCTCACC,Inj_3d,Injured_3DPI,0,Mesenchymal cells,241,383.0
Inj_3d_ACCCGATCTTTC,Inj_3d,Injured_3DPI,14,Lymphocytes,242,274.0
Inj_3d_TTTCCATTTGGT,Inj_3d,Injured_3DPI,15,Macrophages,254,370.0
Inj_3d_CTGACTAGAGTG,Inj_3d,Injured_3DPI,15,Macrophages,204,360.0
Inj_3d_AGTTTTTTTTGN,Inj_3d,Injured_3DPI,0,Mesenchymal cells,1384,2227.0
Inj_3d_GCGTCCGAAGCC,Inj_3d,Injured_3DPI,3,Mesenchymal cells,2045,4665.0
Inj_3d_GCCGGGTGACGT,Inj_3d,Injured_3DPI,6,Endothelial cells,1402,2571.0
Inj_3d_CTTCAGAGACAA,Inj_3d,Injured_3DPI,2,Schwann cells,2661,5615.0
Inj_3d_GTATCTGGGCCA,Inj_3d,Injured_3DPI,8,Schwann cells,200,281.0
Inj_3d_TCGCAAGAGCAG,Inj_3d,Injured_3DPI,11,Macrophages,679,1033.0
Inj_3d_CTTCACAGACCA,Inj_3d,Injured_3DPI,2,Schwann cells,669,860.0
Inj_3d_ATGCAGCGAGAA,Inj_3d,Injured_3DPI,11,Macrophages,230,300.0
Inj_3d_TTACCTCTACGC,Inj_3d,Injured_3DPI,7,Pericytes/VSM,214,259.0
Inj_3d_TCCTTCACGGGA,Inj_3d,Injured_3DPI,11,Macrophages,408,541.0
Inj_3d_GATCCGTTCCGG,Inj_3d,Injured_3DPI,11,Macrophages,317,423.0
Inj_3d_TCCCTCAGTCAG,Inj_3d,Injured_3DPI,8,Schwann cells,441,534.0
Inj_3d_CTTCCACGGTAG,Inj_3d,Injured_3DPI,3,Mesenchymal cells,708,1029.0
Inj_3d_GCTAAATGTCCG,Inj_3d,Injured_3DPI,11,Macrophages,565,902.0
Inj_3d_ACCCAAGACCGT,Inj_3d,Injured_3DPI,0,Mesenchymal cells,244,314.0
Inj_3d_TGCGTAGCGGAG,Inj_3d,Injured_3DPI,0,Mesenchymal cells,904,1334.0
Inj_3d_CCGAGTGACGAG,Inj_3d,Injured_3DPI,1,Mesenchymal cells,749,1082.0
Inj_3d_CCCCACGCGGGG,Inj_3d,Injured_3DPI,0,Mesenchymal cells,369,510.0
Inj_3d_GCCCCGCCATCC,Inj_3d,Injured_3DPI,11,Macrophages,467,589.0
Inj_3d_ACCGATTCACCT,Inj_3d,Injured_3DPI,8,Schwann cells,210,296.0
Inj_3d_CCCTCCGAGTTG,Inj_3d,Injured_3DPI,4,Endothelial cells,305,376.0
Inj_3d_GCCAGTGCGGTT,Inj_3d,Injured_3DPI,11,Macrophages,216,258.0
Inj_3d_CGCCTCAAAACT,Inj_3d,Injured_3DPI,0,Mesenchymal cells,454,569.0
Inj_3d_ACCGTGCAGACC,Inj_3d,Injured_3DPI,3,Mesenchymal cells,404,711.0
Inj_3d_ACTACGACTTCA,Inj_3d,Injured_3DPI,0,Mesenchymal cells,673,1137.0
Inj_3d_CTTTCAGAGAGC,Inj_3d,Injured_3DPI,3,Mesenchymal cells,430,688.0
Inj_3d_GTGCCAGAATGG,Inj_3d,Injured_3DPI,0,Mesenchymal cells,342,472.0
Inj_3d_ACCTTTATGAAG,Inj_3d,Injured_3DPI,0,Mesenchymal cells,232,261.0
Inj_3d_TAATATCTGGTN,Inj_3d,Injured_3DPI,11,Macrophages,517,731.0
Inj_3d_TAAAGCGGCAGC,Inj_3d,Injured_3DPI,0,Mesenchymal cells,509,673.0
Inj_3d_AGGCATTTGCCC,Inj_3d,Injured_3DPI,11,Macrophages,201,275.0
Inj_3d_AGCTAGTAAGAT,Inj_3d,Injured_3DPI,3,Mesenchymal cells,360,517.0
Inj_3d_CTGATGCCTGGT,Inj_3d,Injured_3DPI,3,Mesenchymal cells,308,472.0
Inj_3d_GTTCTCCGAATA,Inj_3d,Injured_3DPI,15,Macrophages,208,343.0
Inj_3d_CGCCTGAACAAG,Inj_3d,Injured_3DPI,0,Mesenchymal cells,450,620.0
Inj_3d_GGTTTCCAGTAT,Inj_3d,Injured_3DPI,0,Mesenchymal cells,203,265.0
Inj_3d_CCCTAAGCATGG,Inj_3d,Injured_3DPI,11,Macrophages,337,451.0
Inj_3d_AGTATGGGAATA,Inj_3d,Injured_3DPI,11,Macrophages,329,421.0
Inj_3d_ACCCGTCAGTTG,Inj_3d,Injured_3DPI,11,Macrophages,464,641.0
Inj_3d_CACAACCAGGTA,Inj_3d,Injured_3DPI,11,Macrophages,250,315.0
Inj_3d_GCGATCCCATGT,Inj_3d,Injured_3DPI,3,Mesenchymal cells,1665,3850.0
Inj_3d_ATCGGATTATTG,Inj_3d,Injured_3DPI,11,Macrophages,456,609.0
Inj_3d_ACTCCACGCCAT,Inj_3d,Injured_3DPI,0,Mesenchymal cells,234,349.0
Inj_3d_GCGTGTTGGGGC,Inj_3d,Injured_3DPI,6,Endothelial cells,1737,3173.0
Inj_3d_CGGCCTGCCATC,Inj_3d,Injured_3DPI,11,Macrophages,718,1121.0
Inj_3d_TCTGGCAATCTG,Inj_3d,Injured_3DPI,11,Macrophages,260,317.0
Inj_3d_GCGGGGCACTGG,Inj_3d,Injured_3DPI,3,Mesenchymal cells,525,740.0
Inj_3d_ACGCTCAGGCTA,Inj_3d,Injured_3DPI,11,Macrophages,634,1023.0
Inj_3d_TGTCTATGGTAT,Inj_3d,Injured_3DPI,8,Schwann cells,286,357.0
Inj_3d_GGGGACGGCCAA,Inj_3d,Injured_3DPI,5,Endothelial cells,2867,6431.0
Inj_3d_CTCGCCCGCTCC,Inj_3d,Injured_3DPI,3,Mesenchymal cells,472,647.0
Inj_3d_ACAGAGAAATCC,Inj_3d,Injured_3DPI,11,Macrophages,483,733.0
Inj_3d_TAAAGTAAATGG,Inj_3d,Injured_3DPI,11,Macrophages,339,413.0
Inj_3d_GGTGACGGCAAN,Inj_3d,Injured_3DPI,6,Endothelial cells,309,349.0
Inj_3d_GCCGTGATTAGT,Inj_3d,Injured_3DPI,0,Mesenchymal cells,203,257.0
Inj_3d_CGCCCCATGCAC,Inj_3d,Injured_3DPI,8,Schwann cells,216,264.0
Inj_3d_AACTCTACTAAG,Inj_3d,Injured_3DPI,0,Mesenchymal cells,240,297.0
Inj_3d_TACAACCCTGGA,Inj_3d,Injured_3DPI,11,Macrophages,317,416.0
Inj_3d_GGTGACCGCCAA,Inj_3d,Injured_3DPI,5,Endothelial cells,741,1030.0
Inj_3d_CGGCTCAAAGCG,Inj_3d,Injured_3DPI,11,Macrophages,547,816.0
Inj_3d_ACACTACCACGC,Inj_3d,Injured_3DPI,11,Macrophages,325,425.0
Inj_3d_CAGTGTCAAGCA,Inj_3d,Injured_3DPI,11,Macrophages,364,459.0
Inj_3d_TACAGGCCAGGT,Inj_3d,Injured_3DPI,0,Mesenchymal cells,223,255.0
Inj_3d_GGTCACGGCCAA,Inj_3d,Injured_3DPI,6,Endothelial cells,831,1174.0
Inj_3d_CGAAAATCGGGC,Inj_3d,Injured_3DPI,13,Endothelial cells,225,332.0
Inj_3d_GGACGACAATGC,Inj_3d,Injured_3DPI,6,Endothelial cells,2275,4513.0
Inj_3d_GCAACCTACTGG,Inj_3d,Injured_3DPI,6,Endothelial cells,1960,3917.0
Inj_3d_AGCTCAAGCTCC,Inj_3d,Injured_3DPI,17,Schwann cells,289,329.0
Inj_3d_CACTAATCCAGG,Inj_3d,Injured_3DPI,11,Macrophages,597,840.0
Inj_3d_GGGAGTCGAGAC,Inj_3d,Injured_3DPI,11,Macrophages,708,1021.0
Inj_3d_AGATTCGCCACG,Inj_3d,Injured_3DPI,11,Macrophages,427,552.0
Inj_3d_TCATAGTGCCAC,Inj_3d,Injured_3DPI,11,Macrophages,286,369.0
Inj_3d_AACATGGTTATG,Inj_3d,Injured_3DPI,0,Mesenchymal cells,534,885.0
Inj_3d_GTGGAACACTTG,Inj_3d,Injured_3DPI,11,Macrophages,280,387.0
Inj_3d_ACACCCGTATTA,Inj_3d,Injured_3DPI,3,Mesenchymal cells,239,305.0
Inj_3d_CTTCAGAGACCC,Inj_3d,Injured_3DPI,2,Schwann cells,1199,1748.0
Inj_3d_GTGATGCGACCC,Inj_3d,Injured_3DPI,17,Schwann cells,225,385.0
Inj_3d_GGCCATCGGTAT,Inj_3d,Injured_3DPI,0,Mesenchymal cells,447,612.0
Inj_3d_TCCTGGAGAAAC,Inj_3d,Injured_3DPI,11,Macrophages,584,856.0
Inj_3d_CACACGGTGACA,Inj_3d,Injured_3DPI,0,Mesenchymal cells,243,294.0
Inj_3d_CCCGTATGAGGG,Inj_3d,Injured_3DPI,3,Mesenchymal cells,224,282.0
Inj_3d_TCTCTTCGCGGC,Inj_3d,Injured_3DPI,11,Macrophages,236,296.0
Inj_3d_GCTACGTACAGT,Inj_3d,Injured_3DPI,2,Schwann cells,1889,3856.0
Neo_FACS_CGCGTGGTCATT,Neo_FACS,Neonatal_FACS,12,Schwann cells,4370,18495.0
Neo_FACS_TTACCGAGAATT,Neo_FACS,Neonatal_FACS,5,Endothelial cells,3777,14094.0
Neo_FACS_GCCTAACTGGCA,Neo_FACS,Neonatal_FACS,2,Schwann cells,4141,12880.0
Neo_FACS_ATCGCCGCCTTA,Neo_FACS,Neonatal_FACS,2,Schwann cells,4300,15199.0
Neo_FACS_CTCGTTCGAGGT,Neo_FACS,Neonatal_FACS,9,Schwann cells,4340,12752.0
Neo_FACS_CCCCCCGTGTAA,Neo_FACS,Neonatal_FACS,7,Pericytes/VSM,4390,15499.0
Neo_FACS_CCTGATAAGTCT,Neo_FACS,Neonatal_FACS,12,Schwann cells,3933,11904.0
Neo_FACS_ACCTTGCCTGCN,Neo_FACS,Neonatal_FACS,2,Schwann cells,3824,13481.0
Neo_FACS_CCAATCCAGCCC,Neo_FACS,Neonatal_FACS,2,Schwann cells,3850,14259.0
Neo_FACS_GTTTCATTTGTG,Neo_FACS,Neonatal_FACS,10,Schwann cells,3297,9155.0
Neo_FACS_TTCAATAGACCT,Neo_FACS,Neonatal_FACS,3,Mesenchymal cells,3500,11524.0
Neo_FACS_CACACCGAAAAT,Neo_FACS,Neonatal_FACS,12,Schwann cells,3021,9215.0
Neo_FACS_GGCATGCACTCA,Neo_FACS,Neonatal_FACS,3,Mesenchymal cells,3561,11118.0
Neo_FACS_CATTTTGTATGG,Neo_FACS,Neonatal_FACS,12,Schwann cells,2738,7580.0
Neo_FACS_GCCAGTCATATC,Neo_FACS,Neonatal_FACS,5,Endothelial cells,3652,10245.0
Neo_FACS_ATTATCATTCCC,Neo_FACS,Neonatal_FACS,7,Pericytes/VSM,3473,9411.0
Neo_FACS_GCCATGTTCATA,Neo_FACS,Neonatal_FACS,5,Endothelial cells,3134,10495.0
Neo_FACS_ATAAGAGTAGAT,Neo_FACS,Neonatal_FACS,0,Mesenchymal cells,3392,10602.0
Neo_FACS_CGCTTCGTCCAC,Neo_FACS,Neonatal_FACS,13,Endothelial cells,3147,11179.0
Neo_FACS_TAAGAGAAGAGG,Neo_FACS,Neonatal_FACS,12,Schwann cells,3156,8579.0
Neo_FACS_AGCTTAATTTCC,Neo_FACS,Neonatal_FACS,10,Schwann cells,3474,9505.0
Neo_FACS_TTGTGATCCTCG,Neo_FACS,Neonatal_FACS,6,Endothelial cells,3711,9687.0
Neo_FACS_CCTGCTCAAAAT,Neo_FACS,Neonatal_FACS,2,Schwann cells,3032,7834.0
Neo_FACS_CAGATGATTGTC,Neo_FACS,Neonatal_FACS,3,Mesenchymal cells,2839,7920.0
Neo_FACS_ACCAGCCTTAAA,Neo_FACS,Neonatal_FACS,4,Endothelial cells,3843,9820.0
Neo_FACS_GCAATTTATTCC,Neo_FACS,Neonatal_FACS,4,Endothelial cells,3091,8645.0
Neo_FACS_GACCCGCGCTTC,Neo_FACS,Neonatal_FACS,12,Schwann cells,3233,10112.0
Neo_FACS_TAAAGCGGAGCC,Neo_FACS,Neonatal_FACS,12,Schwann cells,2835,7935.0
Neo_FACS_CATCCCATATTG,Neo_FACS,Neonatal_FACS,13,Endothelial cells,3269,7986.0
Neo_FACS_CCCACATGTCCA,Neo_FACS,Neonatal_FACS,12,Schwann cells,2678,7963.0
Neo_FACS_CAATCTCTTCAC,Neo_FACS,Neonatal_FACS,0,Mesenchymal cells,2636,7069.0
Neo_FACS_CCCCCTTCCACT,Neo_FACS,Neonatal_FACS,12,Schwann cells,3095,8286.0
Neo_FACS_CCAAACTGAATA,Neo_FACS,Neonatal_FACS,3,Mesenchymal cells,2320,5931.0
Neo_FACS_CTCGACGATCAC,Neo_FACS,Neonatal_FACS,2,Schwann cells,3339,9256.0
Neo_FACS_ATCAACCTCACC,Neo_FACS,Neonatal_FACS,13,Endothelial cells,2833,8255.0
Neo_FACS_CCGAGGTGTGCN,Neo_FACS,Neonatal_FACS,3,Mesenchymal cells,2768,7975.0
Neo_FACS_CCAGTAGACGTT,Neo_FACS,Neonatal_FACS,3,Mesenchymal cells,2428,7501.0
Neo_FACS_ACTAGGGCTCAC,Neo_FACS,Neonatal_FACS,3,Mesenchymal cells,3244,9277.0
Neo_FACS_CACTTCAAAGCT,Neo_FACS,Neonatal_FACS,0,Mesenchymal cells,2567,7968.0
Neo_FACS_AAAATCCTCTTT,Neo_FACS,Neonatal_FACS,12,Schwann cells,2566,7208.0
Neo_FACS_CATTTCGCTCGT,Neo_FACS,Neonatal_FACS,2,Schwann cells,2903,8378.0
Neo_FACS_AGTAAGCCGCTA,Neo_FACS,Neonatal_FACS,13,Endothelial cells,3061,8381.0
Neo_FACS_GAGTATTCTTCC,Neo_FACS,Neonatal_FACS,2,Schwann cells,3153,7571.0
Neo_FACS_GACCCGTCCACT,Neo_FACS,Neonatal_FACS,12,Schwann cells,2730,8360.0
Neo_FACS_CTTAGTTCCACG,Neo_FACS,Neonatal_FACS,3,Mesenchymal cells,2630,7853.0
Neo_FACS_GCCTAGGTTCGA,Neo_FACS,Neonatal_FACS,13,Endothelial cells,3352,9632.0
Neo_FACS_GCATCGGAATTG,Neo_FACS,Neonatal_FACS,4,Endothelial cells,3191,8331.0
Neo_FACS_ACCCCCCGGGAC,Neo_FACS,Neonatal_FACS,0,Mesenchymal cells,2607,7710.0
Neo_FACS_CATCCGAGTGGA,Neo_FACS,Neonatal_FACS,13,Endothelial cells,2535,7443.0
Neo_FACS_TGGCATAGTCAN,Neo_FACS,Neonatal_FACS,6,Endothelial cells,2989,7288.0
Neo_FACS_ACACGATCGTAT,Neo_FACS,Neonatal_FACS,3,Mesenchymal cells,2722,7716.0
Neo_FACS_TTTTGGTTGGTA,Neo_FACS,Neonatal_FACS,3,Mesenchymal cells,2700,8169.0
Neo_FACS_TCCCGTAGGGCC,Neo_FACS,Neonatal_FACS,12,Schwann cells,2484,7471.0
Neo_FACS_ACCTCCCTCCTC,Neo_FACS,Neonatal_FACS,12,Schwann cells,2977,8969.0
Neo_FACS_TACCTTAACTAT,Neo_FACS,Neonatal_FACS,3,Mesenchymal cells,2768,7431.0
Neo_FACS_AGATGATACTTC,Neo_FACS,Neonatal_FACS,0,Mesenchymal cells,2405,7838.0
Neo_FACS_TCATGCCTTTCT,Neo_FACS,Neonatal_FACS,4,Endothelial cells,2854,7172.0
Neo_FACS_TAAACCGAAGCG,Neo_FACS,Neonatal_FACS,12,Schwann cells,2580,6287.0
Neo_FACS_GCACCTGTCATC,Neo_FACS,Neonatal_FACS,12,Schwann cells,2713,8562.0
Neo_FACS_CGACCGAGTCAA,Neo_FACS,Neonatal_FACS,3,Mesenchymal cells,2678,7598.0
Neo_FACS_TAACGTGACGTC,Neo_FACS,Neonatal_FACS,3,Mesenchymal cells,2515,6677.0
Neo_FACS_GATCCTATTAGC,Neo_FACS,Neonatal_FACS,13,Endothelial cells,2292,6282.0
Neo_FACS_ATGAATTATCTT,Neo_FACS,Neonatal_FACS,0,Mesenchymal cells,2106,6558.0
Neo_FACS_TTTTAGGAAGCC,Neo_FACS,Neonatal_FACS,4,Endothelial cells,2911,6818.0
Neo_FACS_GCAGATGAATCA,Neo_FACS,Neonatal_FACS,0,Mesenchymal cells,2275,6404.0
Neo_FACS_GCGTATGGTGCC,Neo_FACS,Neonatal_FACS,0,Mesenchymal cells,2616,8120.0
Neo_FACS_CGTGCCGACCCC,Neo_FACS,Neonatal_FACS,0,Mesenchymal cells,2909,9942.0
Neo_FACS_GTGACTTACGTT,Neo_FACS,Neonatal_FACS,12,Schwann cells,2625,7175.0
Neo_FACS_ATCTGGTGCTCC,Neo_FACS,Neonatal_FACS,10,Schwann cells,2812,7082.0
Neo_FACS_ACGTTCGGCTCT,Neo_FACS,Neonatal_FACS,2,Schwann cells,2819,7549.0
Neo_FACS_CACGAGTTTCAC,Neo_FACS,Neonatal_FACS,12,Schwann cells,2270,6637.0
Neo_FACS_GCGACAGCGGTA,Neo_FACS,Neonatal_FACS,12,Schwann cells,2466,6695.0
Neo_FACS_GACGGCGCGCTC,Neo_FACS,Neonatal_FACS,12,Schwann cells,2661,7143.0
Neo_FACS_TGCCGTCTTTAT,Neo_FACS,Neonatal_FACS,11,Macrophages,2567,6072.0
Neo_FACS_GACCTTCCCCGT,Neo_FACS,Neonatal_FACS,10,Schwann cells,2632,6873.0
Neo_FACS_AGCCTCATACAG,Neo_FACS,Neonatal_FACS,3,Mesenchymal cells,2587,7194.0
Neo_FACS_AATATGACCATT,Neo_FACS,Neonatal_FACS,12,Schwann cells,2382,5856.0
Neo_FACS_AGAATCAGAACC,Neo_FACS,Neonatal_FACS,4,Endothelial cells,3056,7340.0
Neo_FACS_CAGGTGGTCACC,Neo_FACS,Neonatal_FACS,3,Mesenchymal cells,2689,7618.0
Neo_FACS_AAGAGCGTCCCA,Neo_FACS,Neonatal_FACS,12,Schwann cells,2546,6839.0
Neo_FACS_CCCGCGAATAGA,Neo_FACS,Neonatal_FACS,3,Mesenchymal cells,2625,7170.0
Neo_FACS_ATAAAACTGACG,Neo_FACS,Neonatal_FACS,12,Schwann cells,2329,6839.0
Neo_FACS_GTTCCAGTATAG,Neo_FACS,Neonatal_FACS,12,Schwann cells,2563,7122.0
Neo_FACS_TTGATCTGATTC,Neo_FACS,Neonatal_FACS,9,Schwann cells,2619,6066.0
Neo_FACS_TCCATTTCATGA,Neo_FACS,Neonatal_FACS,2,Schwann cells,2647,5912.0
Neo_FACS_TCCGCGCAGAAC,Neo_FACS,Neonatal_FACS,0,Mesenchymal cells,2639,8164.0
Neo_FACS_AAATGAAACACC,Neo_FACS,Neonatal_FACS,3,Mesenchymal cells,2405,6054.0
Neo_FACS_TGCACGTCATTA,Neo_FACS,Neonatal_FACS,12,Schwann cells,2531,7151.0
Neo_FACS_CTCCTGTTCCAC,Neo_FACS,Neonatal_FACS,0,Mesenchymal cells,2310,6737.0
Neo_FACS_ACTGCCGCCGAA,Neo_FACS,Neonatal_FACS,11,Macrophages,2879,7739.0
Neo_FACS_ACCTTTGCTCGA,Neo_FACS,Neonatal_FACS,13,Endothelial cells,2988,7879.0
Neo_FACS_AGAAGGTACTGG,Neo_FACS,Neonatal_FACS,13,Endothelial cells,2140,5591.0
Neo_FACS_CCCCACTTCGAT,Neo_FACS,Neonatal_FACS,13,Endothelial cells,2519,6133.0
Neo_FACS_AATCCTGTAGAC,Neo_FACS,Neonatal_FACS,0,Mesenchymal cells,1958,5730.0
Neo_FACS_CGTTTTCCATGT,Neo_FACS,Neonatal_FACS,2,Schwann cells,2473,5878.0
Neo_FACS_ATAGTGTGGTAT,Neo_FACS,Neonatal_FACS,12,Schwann cells,2564,7341.0
Neo_FACS_GACTTACTTTTA,Neo_FACS,Neonatal_FACS,0,Mesenchymal cells,2219,5929.0
Neo_FACS_TCATCCTTGCCT,Neo_FACS,Neonatal_FACS,0,Mesenchymal cells,2076,6725.0
Neo_FACS_GTGACTGCCACT,Neo_FACS,Neonatal_FACS,2,Schwann cells,2873,6878.0
Neo_FACS_TTATGACCCATC,Neo_FACS,Neonatal_FACS,3,Mesenchymal cells,2602,7246.0
Neo_FACS_AAGAGTCGCCAA,Neo_FACS,Neonatal_FACS,13,Endothelial cells,2554,7479.0
Neo_FACS_TACCCAAAAGTC,Neo_FACS,Neonatal_FACS,3,Mesenchymal cells,2360,5965.0
Neo_FACS_TAGAATTGCGTC,Neo_FACS,Neonatal_FACS,0,Mesenchymal cells,2088,5892.0
Neo_FACS_CACACACGTCCC,Neo_FACS,Neonatal_FACS,4,Endothelial cells,2765,7858.0
Neo_FACS_CTGCTCTACTAA,Neo_FACS,Neonatal_FACS,0,Mesenchymal cells,2235,6257.0
Neo_FACS_ACTTATGTTTTA,Neo_FACS,Neonatal_FACS,0,Mesenchymal cells,2204,5601.0
Neo_FACS_ATCGATCTCGTC,Neo_FACS,Neonatal_FACS,13,Endothelial cells,2098,6305.0
Neo_FACS_ATTACAGATTGC,Neo_FACS,Neonatal_FACS,3,Mesenchymal cells,2454,6251.0
Neo_FACS_CTATGCTTACCA,Neo_FACS,Neonatal_FACS,7,Pericytes/VSM,2340,6040.0
Neo_FACS_GCGCACCCTTGA,Neo_FACS,Neonatal_FACS,0,Mesenchymal cells,2399,7920.0
Neo_FACS_ATGATGCCCCTA,Neo_FACS,Neonatal_FACS,1,Mesenchymal cells,2528,7039.0
Neo_FACS_TGTCGCCCTTTT,Neo_FACS,Neonatal_FACS,12,Schwann cells,2453,6406.0
Neo_FACS_ACCAAGACGTGC,Neo_FACS,Neonatal_FACS,12,Schwann cells,2536,7271.0
Neo_FACS_GATTCATCTTCC,Neo_FACS,Neonatal_FACS,1,Mesenchymal cells,1955,5375.0
Neo_FACS_AGTGGTGTTGGC,Neo_FACS,Neonatal_FACS,13,Endothelial cells,3497,10015.0
Neo_FACS_ATCTCTCTGTCT,Neo_FACS,Neonatal_FACS,0,Mesenchymal cells,2258,6686.0
Neo_FACS_AGTCTTGCACCC,Neo_FACS,Neonatal_FACS,7,Pericytes/VSM,2747,6821.0
Neo_FACS_CCCACGAACACA,Neo_FACS,Neonatal_FACS,3,Mesenchymal cells,2655,6283.0
Neo_FACS_TTCCCTCCCTCA,Neo_FACS,Neonatal_FACS,3,Mesenchymal cells,2333,5946.0
Neo_FACS_GCCTTATCAGTC,Neo_FACS,Neonatal_FACS,11,Macrophages,2512,6649.0
Neo_FACS_ATGCCAGTCTAA,Neo_FACS,Neonatal_FACS,0,Mesenchymal cells,2592,6038.0
Neo_FACS_CTTGATGTATGA,Neo_FACS,Neonatal_FACS,13,Endothelial cells,2501,6092.0
Neo_FACS_ACTGTCCAATGC,Neo_FACS,Neonatal_FACS,3,Mesenchymal cells,2569,6667.0
Neo_FACS_CGCCGCACCCCG,Neo_FACS,Neonatal_FACS,11,Macrophages,2942,8032.0
Neo_FACS_CACGCACAGTAC,Neo_FACS,Neonatal_FACS,2,Schwann cells,2850,6581.0
Neo_FACS_GTTTTACTGTAA,Neo_FACS,Neonatal_FACS,5,Endothelial cells,2531,5833.0
Neo_FACS_AAAACGAACCGT,Neo_FACS,Neonatal_FACS,3,Mesenchymal cells,2595,5960.0
Neo_FACS_AAATATCTGCGC,Neo_FACS,Neonatal_FACS,5,Endothelial cells,2366,4963.0
Neo_FACS_CTGAGTGGCCTT,Neo_FACS,Neonatal_FACS,13,Endothelial cells,2534,7178.0
Neo_FACS_ATGCACACCACN,Neo_FACS,Neonatal_FACS,9,Schwann cells,2639,5946.0
Neo_FACS_ACTAGCGAATGC,Neo_FACS,Neonatal_FACS,10,Schwann cells,2287,5333.0
Neo_FACS_ACCTGTTTCTGA,Neo_FACS,Neonatal_FACS,12,Schwann cells,2227,5579.0
Neo_FACS_ATGTCACCAGCT,Neo_FACS,Neonatal_FACS,3,Mesenchymal cells,2320,6137.0
Neo_FACS_CGCTTTTGAGCC,Neo_FACS,Neonatal_FACS,12,Schwann cells,2392,6826.0
Neo_FACS_TACGCTAAAGGC,Neo_FACS,Neonatal_FACS,3,Mesenchymal cells,2423,6056.0
Neo_FACS_ATTACACAAACT,Neo_FACS,Neonatal_FACS,2,Schwann cells,2324,5075.0
Neo_FACS_GGACGTGAACGG,Neo_FACS,Neonatal_FACS,4,Endothelial cells,2799,6817.0
Neo_FACS_AGTTATATAAGA,Neo_FACS,Neonatal_FACS,2,Schwann cells,2450,4787.0
Neo_FACS_CAATTTATAACA,Neo_FACS,Neonatal_FACS,0,Mesenchymal cells,1897,4877.0
Neo_FACS_CCCTATCGGACA,Neo_FACS,Neonatal_FACS,11,Macrophages,1997,5041.0
Neo_FACS_ATCCACTAGCGA,Neo_FACS,Neonatal_FACS,13,Endothelial cells,2300,5569.0
Neo_FACS_AAGCGATCAACA,Neo_FACS,Neonatal_FACS,0,Mesenchymal cells,2277,5401.0
Neo_FACS_ATGTCCGCTGCT,Neo_FACS,Neonatal_FACS,3,Mesenchymal cells,2639,7003.0
Neo_FACS_TTATGCGCCGTC,Neo_FACS,Neonatal_FACS,7,Pericytes/VSM,2647,6938.0
Neo_FACS_ATATTTGTTTGC,Neo_FACS,Neonatal_FACS,12,Schwann cells,2320,5944.0
Neo_FACS_GATGGTAGATTC,Neo_FACS,Neonatal_FACS,2,Schwann cells,2391,5240.0
Neo_FACS_GTTCCGTTGATG,Neo_FACS,Neonatal_FACS,3,Mesenchymal cells,2272,5673.0
Neo_FACS_GGAAGTCCCTTA,Neo_FACS,Neonatal_FACS,12,Schwann cells,2163,5286.0
Neo_FACS_CGGGTGAGAATC,Neo_FACS,Neonatal_FACS,13,Endothelial cells,2826,6825.0
Neo_FACS_GGTCAGGTAATT,Neo_FACS,Neonatal_FACS,12,Schwann cells,2265,5192.0
Neo_FACS_CGCAGCCACGTT,Neo_FACS,Neonatal_FACS,0,Mesenchymal cells,2346,6195.0
Neo_FACS_ACGCCGCCTAAT,Neo_FACS,Neonatal_FACS,0,Mesenchymal cells,2107,6563.0
Neo_FACS_GATCCATCTTTG,Neo_FACS,Neonatal_FACS,2,Schwann cells,2351,5158.0
Neo_FACS_TATTGGGCGAGT,Neo_FACS,Neonatal_FACS,2,Schwann cells,2366,4794.0
Neo_FACS_CCGGATCAACTT,Neo_FACS,Neonatal_FACS,13,Endothelial cells,2340,5009.0
Neo_FACS_CCCTACGCAGCA,Neo_FACS,Neonatal_FACS,11,Macrophages,2606,5715.0
Neo_FACS_TGACAAGCTAAT,Neo_FACS,Neonatal_FACS,0,Mesenchymal cells,1747,5101.0
Neo_FACS_CAGGTTGAGTTG,Neo_FACS,Neonatal_FACS,3,Mesenchymal cells,2270,5768.0
Neo_FACS_TCCCATAAGTCC,Neo_FACS,Neonatal_FACS,4,Endothelial cells,2550,5874.0
Neo_FACS_GCCGCTACATTC,Neo_FACS,Neonatal_FACS,3,Mesenchymal cells,2153,5384.0
Neo_FACS_CCACTTATTCCC,Neo_FACS,Neonatal_FACS,12,Schwann cells,1997,5031.0
Neo_FACS_GTATAACGGCGT,Neo_FACS,Neonatal_FACS,2,Schwann cells,2445,5217.0
Neo_FACS_ACCCTGAAGAAT,Neo_FACS,Neonatal_FACS,0,Mesenchymal cells,1931,5177.0
Neo_FACS_GGTTCCTCCGGG,Neo_FACS,Neonatal_FACS,6,Endothelial cells,2576,5424.0
Neo_FACS_CTCGCCTGCACG,Neo_FACS,Neonatal_FACS,2,Schwann cells,2073,4374.0
Neo_FACS_GCGTTGGGGGAA,Neo_FACS,Neonatal_FACS,2,Schwann cells,2617,5699.0
Neo_FACS_AACAGTGTATGN,Neo_FACS,Neonatal_FACS,12,Schwann cells,2121,5477.0
Neo_FACS_ATGCTTAGGTTA,Neo_FACS,Neonatal_FACS,10,Schwann cells,2087,4211.0
Neo_FACS_CGCCGAACTCAG,Neo_FACS,Neonatal_FACS,1,Mesenchymal cells,2481,5989.0
Neo_FACS_TTTTGACCAGAT,Neo_FACS,Neonatal_FACS,12,Schwann cells,2011,4868.0
Neo_FACS_CTCTACTGATCN,Neo_FACS,Neonatal_FACS,1,Mesenchymal cells,1793,4564.0
Neo_FACS_CGCTTGGCTAAA,Neo_FACS,Neonatal_FACS,13,Endothelial cells,2449,6034.0
Neo_FACS_AGTGAGGACTAT,Neo_FACS,Neonatal_FACS,13,Endothelial cells,2298,5092.0
Neo_FACS_ATAGCTACATCG,Neo_FACS,Neonatal_FACS,13,Endothelial cells,2165,5326.0
Neo_FACS_CGCCCGACTCTA,Neo_FACS,Neonatal_FACS,0,Mesenchymal cells,2206,6527.0
Neo_FACS_TTAGACATTGGN,Neo_FACS,Neonatal_FACS,2,Schwann cells,2237,4683.0
Neo_FACS_TACATTGATGTT,Neo_FACS,Neonatal_FACS,9,Schwann cells,2052,4232.0
Neo_FACS_CGACATTCATTT,Neo_FACS,Neonatal_FACS,6,Endothelial cells,2198,4840.0
Neo_FACS_AAGCGTCTTGGT,Neo_FACS,Neonatal_FACS,13,Endothelial cells,1905,5140.0
Neo_FACS_TCGAACGGGCTN,Neo_FACS,Neonatal_FACS,13,Endothelial cells,2190,4807.0
Neo_FACS_CATGTTACACCC,Neo_FACS,Neonatal_FACS,2,Schwann cells,2555,5505.0
Neo_FACS_CCACGATCCAAC,Neo_FACS,Neonatal_FACS,3,Mesenchymal cells,2246,5677.0
Neo_FACS_TATAAGTAGGTT,Neo_FACS,Neonatal_FACS,12,Schwann cells,1945,4637.0
Neo_FACS_TGCTAATCCACT,Neo_FACS,Neonatal_FACS,11,Macrophages,2260,4882.0
Neo_FACS_GTTTGGCGGTAC,Neo_FACS,Neonatal_FACS,3,Mesenchymal cells,2067,5268.0
Neo_FACS_ACTGCAATCGGC,Neo_FACS,Neonatal_FACS,6,Endothelial cells,2433,5312.0
Neo_FACS_ACGAATAGTCGC,Neo_FACS,Neonatal_FACS,13,Endothelial cells,1837,4776.0
Neo_FACS_ACAGACTGTCAT,Neo_FACS,Neonatal_FACS,0,Mesenchymal cells,1941,5353.0
Neo_FACS_TCGTCACTGGTT,Neo_FACS,Neonatal_FACS,7,Pericytes/VSM,2322,5167.0
Neo_FACS_TAAAATTGATGT,Neo_FACS,Neonatal_FACS,5,Endothelial cells,2010,4093.0
Neo_FACS_AAGAGAATGCCA,Neo_FACS,Neonatal_FACS,12,Schwann cells,2012,4266.0
Neo_FACS_CTTCCCTTGCCG,Neo_FACS,Neonatal_FACS,1,Mesenchymal cells,1795,4396.0
Neo_FACS_GAAAGACATAAT,Neo_FACS,Neonatal_FACS,6,Endothelial cells,2158,4384.0
Neo_FACS_CGGAAGTCTTTC,Neo_FACS,Neonatal_FACS,9,Schwann cells,1828,3627.0
Neo_FACS_AAGGATCAATGC,Neo_FACS,Neonatal_FACS,12,Schwann cells,2035,5090.0
Neo_FACS_GCGCATAGAAAT,Neo_FACS,Neonatal_FACS,12,Schwann cells,2027,4831.0
Neo_FACS_TTCCGCCGGCCT,Neo_FACS,Neonatal_FACS,9,Schwann cells,2101,4194.0
Neo_FACS_GTCCTCTATTCC,Neo_FACS,Neonatal_FACS,2,Schwann cells,2123,4662.0
Neo_FACS_ATCTTCCTGCCT,Neo_FACS,Neonatal_FACS,6,Endothelial cells,2270,4478.0
Neo_FACS_CGACTTGGGCTT,Neo_FACS,Neonatal_FACS,1,Mesenchymal cells,2107,5406.0
Neo_FACS_ACGTGGGTCGAA,Neo_FACS,Neonatal_FACS,3,Mesenchymal cells,2132,5137.0
Neo_FACS_GGCTCCTCAGAT,Neo_FACS,Neonatal_FACS,3,Mesenchymal cells,2470,6189.0
Neo_FACS_TACCGACGCGCA,Neo_FACS,Neonatal_FACS,0,Mesenchymal cells,1679,4791.0
Neo_FACS_CCAGTACTTTTA,Neo_FACS,Neonatal_FACS,10,Schwann cells,1918,3975.0
Neo_FACS_GTTACACGAATC,Neo_FACS,Neonatal_FACS,12,Schwann cells,1904,4207.0
Neo_FACS_CCTTTGCGTCGC,Neo_FACS,Neonatal_FACS,12,Schwann cells,1820,4897.0
Neo_FACS_ACCACGTCCCGC,Neo_FACS,Neonatal_FACS,4,Endothelial cells,2451,5446.0
Neo_FACS_TGACCCTTCGCN,Neo_FACS,Neonatal_FACS,2,Schwann cells,2140,4720.0
Neo_FACS_GTTACCTTATTG,Neo_FACS,Neonatal_FACS,0,Mesenchymal cells,1934,4728.0
Neo_FACS_GCCCCGGTTTCG,Neo_FACS,Neonatal_FACS,1,Mesenchymal cells,1881,4506.0
Neo_FACS_TAGACCGGCGCG,Neo_FACS,Neonatal_FACS,3,Mesenchymal cells,2367,5899.0
Neo_FACS_CGAGATGCAATG,Neo_FACS,Neonatal_FACS,3,Mesenchymal cells,1929,4643.0
Neo_FACS_CACATGGTTCCG,Neo_FACS,Neonatal_FACS,13,Endothelial cells,2023,4508.0
Neo_FACS_GAGTTCCAGACA,Neo_FACS,Neonatal_FACS,12,Schwann cells,2074,4322.0
Neo_FACS_CTTGCCTCTTCC,Neo_FACS,Neonatal_FACS,12,Schwann cells,2123,5041.0
Neo_FACS_TTCCTAAGCCGT,Neo_FACS,Neonatal_FACS,2,Schwann cells,2167,4250.0
Neo_FACS_AGCGTTATAAGC,Neo_FACS,Neonatal_FACS,3,Mesenchymal cells,2365,5880.0
Neo_FACS_ATGAATTGTTAA,Neo_FACS,Neonatal_FACS,13,Endothelial cells,1815,3903.0
Neo_FACS_TGACGAGATAAA,Neo_FACS,Neonatal_FACS,10,Schwann cells,2038,4441.0
Neo_FACS_CTTCCCGTATGG,Neo_FACS,Neonatal_FACS,9,Schwann cells,2020,4405.0
Neo_FACS_CTATCGAGTTAT,Neo_FACS,Neonatal_FACS,7,Pericytes/VSM,1868,3764.0
Neo_FACS_CGGCATTTACAT,Neo_FACS,Neonatal_FACS,2,Schwann cells,2217,4387.0
Neo_FACS_CGATAAATCCTT,Neo_FACS,Neonatal_FACS,2,Schwann cells,1687,3090.0
Neo_FACS_CCGACGGCACAC,Neo_FACS,Neonatal_FACS,3,Mesenchymal cells,2201,5706.0
Neo_FACS_AGACACGCTCAG,Neo_FACS,Neonatal_FACS,0,Mesenchymal cells,1931,4437.0
Neo_FACS_TCCACCTGTTGA,Neo_FACS,Neonatal_FACS,9,Schwann cells,2063,4236.0
Neo_FACS_GCATTCCAAAGG,Neo_FACS,Neonatal_FACS,13,Endothelial cells,2164,4739.0
Neo_FACS_GATTCCCACATA,Neo_FACS,Neonatal_FACS,11,Macrophages,2217,4266.0
Neo_FACS_CAAGCACGCATT,Neo_FACS,Neonatal_FACS,11,Macrophages,2143,4652.0
Neo_FACS_GCTCTTCGGCGT,Neo_FACS,Neonatal_FACS,12,Schwann cells,1716,4029.0
Neo_FACS_CACGCTAACACT,Neo_FACS,Neonatal_FACS,12,Schwann cells,1906,4582.0
Neo_FACS_TCGCCGTAGAAA,Neo_FACS,Neonatal_FACS,3,Mesenchymal cells,1774,4150.0
Neo_FACS_CGACACAGACCT,Neo_FACS,Neonatal_FACS,4,Endothelial cells,2282,5779.0
Neo_FACS_ATGACCGATCTT,Neo_FACS,Neonatal_FACS,9,Schwann cells,2278,4629.0
Neo_FACS_GCCGGTAGAACA,Neo_FACS,Neonatal_FACS,2,Schwann cells,2369,4758.0
Neo_FACS_CGGCGCGAAAGC,Neo_FACS,Neonatal_FACS,2,Schwann cells,1925,4995.0
Neo_FACS_ATCTCGTCCACG,Neo_FACS,Neonatal_FACS,13,Endothelial cells,2217,5112.0
Neo_FACS_TGTCTGCGTCCG,Neo_FACS,Neonatal_FACS,6,Endothelial cells,1842,3723.0
Neo_FACS_ATTCTTCGACCG,Neo_FACS,Neonatal_FACS,11,Macrophages,2044,4588.0
Neo_FACS_TCGGTCACTTGG,Neo_FACS,Neonatal_FACS,10,Schwann cells,2366,5360.0
Neo_FACS_TTACCTTTCACC,Neo_FACS,Neonatal_FACS,9,Schwann cells,2137,4464.0
Neo_FACS_AGGCCCGAGCCT,Neo_FACS,Neonatal_FACS,6,Endothelial cells,2405,5353.0
Neo_FACS_ATGTCTAACTCC,Neo_FACS,Neonatal_FACS,1,Mesenchymal cells,1856,4510.0
Neo_FACS_CTATGAGTTCCA,Neo_FACS,Neonatal_FACS,2,Schwann cells,1822,3517.0
Neo_FACS_TTGCCATCTTGT,Neo_FACS,Neonatal_FACS,2,Schwann cells,1782,4445.0
Neo_FACS_GTTCCTAGTTGA,Neo_FACS,Neonatal_FACS,12,Schwann cells,1911,4475.0
Neo_FACS_CGGTCGGAGCTT,Neo_FACS,Neonatal_FACS,4,Endothelial cells,2080,5357.0
Neo_FACS_GAGTCTTTGAAT,Neo_FACS,Neonatal_FACS,11,Macrophages,2152,4519.0
Neo_FACS_CATCGACGAACN,Neo_FACS,Neonatal_FACS,1,Mesenchymal cells,2047,4786.0
Neo_FACS_GTTTCTTACTCG,Neo_FACS,Neonatal_FACS,13,Endothelial cells,2012,4550.0
Neo_FACS_TCGACCAGTGGC,Neo_FACS,Neonatal_FACS,2,Schwann cells,2003,4749.0
Neo_FACS_TTCCAATTCCAT,Neo_FACS,Neonatal_FACS,7,Pericytes/VSM,1815,3980.0
Neo_FACS_GCGTTATCCCGC,Neo_FACS,Neonatal_FACS,12,Schwann cells,2046,4908.0
Neo_FACS_TGGGACACCTAT,Neo_FACS,Neonatal_FACS,0,Mesenchymal cells,2490,5717.0
Neo_FACS_AGCTACCACCGC,Neo_FACS,Neonatal_FACS,12,Schwann cells,2211,5290.0
Neo_FACS_TATGAGTCCGCN,Neo_FACS,Neonatal_FACS,3,Mesenchymal cells,1770,3971.0
Neo_FACS_TATACATGATCA,Neo_FACS,Neonatal_FACS,9,Schwann cells,1957,3983.0
Neo_FACS_TTTACGAAGAGN,Neo_FACS,Neonatal_FACS,13,Endothelial cells,1633,3562.0
Neo_FACS_CTTTCAGCGATC,Neo_FACS,Neonatal_FACS,9,Schwann cells,2012,3987.0
Neo_FACS_TCCGAGGCAGTG,Neo_FACS,Neonatal_FACS,11,Macrophages,1916,4133.0
Neo_FACS_GAACGAAGGGGT,Neo_FACS,Neonatal_FACS,4,Endothelial cells,1885,4036.0
Neo_FACS_ATCTCTCCTTAT,Neo_FACS,Neonatal_FACS,1,Mesenchymal cells,1885,4476.0
Neo_FACS_AGGACGCTGTCC,Neo_FACS,Neonatal_FACS,0,Mesenchymal cells,2185,4509.0
Neo_FACS_TCACCTCGGACC,Neo_FACS,Neonatal_FACS,9,Schwann cells,2113,4173.0
Neo_FACS_CTTATCCTAACC,Neo_FACS,Neonatal_FACS,1,Mesenchymal cells,1932,4380.0
Neo_FACS_AAATAAGAAAGG,Neo_FACS,Neonatal_FACS,3,Mesenchymal cells,1723,4104.0
Neo_FACS_AGACGGTATTAT,Neo_FACS,Neonatal_FACS,1,Mesenchymal cells,1847,3924.0
Neo_FACS_TCCCCCACAGGT,Neo_FACS,Neonatal_FACS,0,Mesenchymal cells,1737,4082.0
Neo_FACS_CCAACCAGCAGT,Neo_FACS,Neonatal_FACS,13,Endothelial cells,2136,4462.0
Neo_FACS_ACACGTTGGTCT,Neo_FACS,Neonatal_FACS,4,Endothelial cells,1883,4108.0
Neo_FACS_TGTCGGACGGAT,Neo_FACS,Neonatal_FACS,3,Mesenchymal cells,2192,4983.0
Neo_FACS_ATTAACTCGCAT,Neo_FACS,Neonatal_FACS,10,Schwann cells,1826,3756.0
Neo_FACS_TGGACTGAGTTG,Neo_FACS,Neonatal_FACS,1,Mesenchymal cells,2002,4456.0
Neo_FACS_ACCGATAATACT,Neo_FACS,Neonatal_FACS,7,Pericytes/VSM,1934,3982.0
Neo_FACS_ATAACCACGGGC,Neo_FACS,Neonatal_FACS,3,Mesenchymal cells,2125,4797.0
Neo_FACS_GTACGGAATTGN,Neo_FACS,Neonatal_FACS,3,Mesenchymal cells,1559,3529.0
Neo_FACS_TGGCAGAGGTTC,Neo_FACS,Neonatal_FACS,12,Schwann cells,1653,3865.0
Neo_FACS_GCACGGAGGGAT,Neo_FACS,Neonatal_FACS,11,Macrophages,2188,5182.0
Neo_FACS_TGACCGTCGTGT,Neo_FACS,Neonatal_FACS,12,Schwann cells,2091,4926.0
Neo_FACS_GCGCCCTTTGGN,Neo_FACS,Neonatal_FACS,3,Mesenchymal cells,2011,4339.0
Neo_FACS_ACCTGCAGGATC,Neo_FACS,Neonatal_FACS,12,Schwann cells,1865,4324.0
Neo_FACS_TGAACTTTGAAA,Neo_FACS,Neonatal_FACS,3,Mesenchymal cells,1914,4404.0
Neo_FACS_AAAACCAGTGTA,Neo_FACS,Neonatal_FACS,2,Schwann cells,1761,3348.0
Neo_FACS_AACGATTCTCCN,Neo_FACS,Neonatal_FACS,9,Schwann cells,1859,3520.0
Neo_FACS_CAAATAATACGN,Neo_FACS,Neonatal_FACS,11,Macrophages,1864,3432.0
Neo_FACS_ATTCCGCTCTAC,Neo_FACS,Neonatal_FACS,10,Schwann cells,2001,3932.0
Neo_FACS_GGCTTCATACCG,Neo_FACS,Neonatal_FACS,10,Schwann cells,2161,4441.0
Neo_FACS_TGGTCAAACTTC,Neo_FACS,Neonatal_FACS,2,Schwann cells,2217,5032.0
Neo_FACS_GACGCAAAGAGC,Neo_FACS,Neonatal_FACS,12,Schwann cells,1780,3700.0
Neo_FACS_AACTCGCGTGCN,Neo_FACS,Neonatal_FACS,10,Schwann cells,2029,4566.0
Neo_FACS_GACGCCGCGCAT,Neo_FACS,Neonatal_FACS,0,Mesenchymal cells,2352,5974.0
Neo_FACS_GGAGTGGTTATN,Neo_FACS,Neonatal_FACS,3,Mesenchymal cells,1920,4472.0
Neo_FACS_AAGTCAATCCCG,Neo_FACS,Neonatal_FACS,10,Schwann cells,1999,4135.0
Neo_FACS_CTAAAGAAAGGG,Neo_FACS,Neonatal_FACS,12,Schwann cells,1335,2994.0
Neo_FACS_CTCCGCGAGTGA,Neo_FACS,Neonatal_FACS,6,Endothelial cells,1889,4453.0
Neo_FACS_AATCCGGCTTCC,Neo_FACS,Neonatal_FACS,9,Schwann cells,1781,3445.0
Neo_FACS_TCGATTGTGAAC,Neo_FACS,Neonatal_FACS,4,Endothelial cells,1840,3923.0
Neo_FACS_TTTCCATACCTA,Neo_FACS,Neonatal_FACS,2,Schwann cells,1867,3891.0
Neo_FACS_GTTCAGGTTCGG,Neo_FACS,Neonatal_FACS,10,Schwann cells,1809,3342.0
Neo_FACS_GGTTTAGGATGG,Neo_FACS,Neonatal_FACS,2,Schwann cells,2169,4617.0
Neo_FACS_ATTACTGTCACC,Neo_FACS,Neonatal_FACS,10,Schwann cells,1880,3712.0
Neo_FACS_TCAGCAGCATGT,Neo_FACS,Neonatal_FACS,10,Schwann cells,1954,3912.0
Neo_FACS_GGCTATTCCGGN,Neo_FACS,Neonatal_FACS,13,Endothelial cells,1955,4117.0
Neo_FACS_CATCGCGTTATG,Neo_FACS,Neonatal_FACS,10,Schwann cells,1917,3618.0
Neo_FACS_CTCTTGCTATAT,Neo_FACS,Neonatal_FACS,9,Schwann cells,1841,3587.0
Neo_FACS_AAGCCTCATGTC,Neo_FACS,Neonatal_FACS,4,Endothelial cells,1906,3945.0
Neo_FACS_GCAATCGATCAG,Neo_FACS,Neonatal_FACS,12,Schwann cells,1879,4159.0
Neo_FACS_AACGGCCGCTGG,Neo_FACS,Neonatal_FACS,12,Schwann cells,1847,4346.0
Neo_FACS_TCTCCCATCGCC,Neo_FACS,Neonatal_FACS,10,Schwann cells,1751,3331.0
Neo_FACS_GAAGCATCTATA,Neo_FACS,Neonatal_FACS,12,Schwann cells,1577,3396.0
Neo_FACS_TTGCTCTGTTAA,Neo_FACS,Neonatal_FACS,10,Schwann cells,2016,4032.0
Neo_FACS_CCCTCTCTACGG,Neo_FACS,Neonatal_FACS,12,Schwann cells,1761,3949.0
Neo_FACS_TCACTACTGTAT,Neo_FACS,Neonatal_FACS,12,Schwann cells,1859,4132.0
Neo_FACS_CAGGCTGTGTTC,Neo_FACS,Neonatal_FACS,12,Schwann cells,1707,4203.0
Neo_FACS_ACCCTAAGGTAA,Neo_FACS,Neonatal_FACS,0,Mesenchymal cells,1685,4027.0
Neo_FACS_CTTTTTCGAGGC,Neo_FACS,Neonatal_FACS,13,Endothelial cells,1884,3893.0
Neo_FACS_GAGCGCGGTGTN,Neo_FACS,Neonatal_FACS,12,Schwann cells,1974,4901.0
Neo_FACS_TAAACAAGTGAG,Neo_FACS,Neonatal_FACS,13,Endothelial cells,1681,3202.0
Neo_FACS_ATCTTAGGAATC,Neo_FACS,Neonatal_FACS,9,Schwann cells,1677,3356.0
Neo_FACS_AGAAAAGACTAC,Neo_FACS,Neonatal_FACS,13,Endothelial cells,1684,3508.0
Neo_FACS_AAATTGAGCCTT,Neo_FACS,Neonatal_FACS,1,Mesenchymal cells,1171,2815.0
Neo_FACS_CATCTAACGGTA,Neo_FACS,Neonatal_FACS,12,Schwann cells,1490,3440.0
Neo_FACS_GCGACAAGATCC,Neo_FACS,Neonatal_FACS,13,Endothelial cells,1762,3900.0
Neo_FACS_CGTGTGCTGGTC,Neo_FACS,Neonatal_FACS,0,Mesenchymal cells,1437,3961.0
Neo_FACS_CTAATGATTTCN,Neo_FACS,Neonatal_FACS,0,Mesenchymal cells,1573,3708.0
Neo_FACS_ATCGGAGCCCCA,Neo_FACS,Neonatal_FACS,12,Schwann cells,1968,4245.0
Neo_FACS_TGCTTCAGATGG,Neo_FACS,Neonatal_FACS,13,Endothelial cells,2124,4537.0
Neo_FACS_AATTCCACTCTA,Neo_FACS,Neonatal_FACS,9,Schwann cells,1996,3699.0
Neo_FACS_AGTTTTGTAATG,Neo_FACS,Neonatal_FACS,13,Endothelial cells,1841,3779.0
Neo_FACS_ACAATATGACTT,Neo_FACS,Neonatal_FACS,4,Endothelial cells,1749,3733.0
Neo_FACS_ACCGTTCTCTTG,Neo_FACS,Neonatal_FACS,3,Mesenchymal cells,1753,4064.0
Neo_FACS_TGAGGTAATAAN,Neo_FACS,Neonatal_FACS,3,Mesenchymal cells,1985,4415.0
Neo_FACS_TTGGAAGGAATC,Neo_FACS,Neonatal_FACS,13,Endothelial cells,1610,3498.0
Neo_FACS_GGCTTATGTTCA,Neo_FACS,Neonatal_FACS,3,Mesenchymal cells,1877,4343.0
Neo_FACS_CGTGTACCACGC,Neo_FACS,Neonatal_FACS,13,Endothelial cells,1908,4533.0
Neo_FACS_CCCTAGCCGCGT,Neo_FACS,Neonatal_FACS,12,Schwann cells,1594,3606.0
Neo_FACS_GACAGGAATATN,Neo_FACS,Neonatal_FACS,1,Mesenchymal cells,1474,3039.0
Neo_FACS_CCTCCATTTCTG,Neo_FACS,Neonatal_FACS,4,Endothelial cells,1809,3934.0
Neo_FACS_AAGCCTAAATCC,Neo_FACS,Neonatal_FACS,7,Pericytes/VSM,1823,3512.0
Neo_FACS_GGAAATGGAATA,Neo_FACS,Neonatal_FACS,10,Schwann cells,1808,3425.0
Neo_FACS_TAACTCGTCAAC,Neo_FACS,Neonatal_FACS,0,Mesenchymal cells,1400,3644.0
Neo_FACS_GTGCTATAGTTT,Neo_FACS,Neonatal_FACS,3,Mesenchymal cells,1585,3584.0
Neo_FACS_TAGCCAGCGTGA,Neo_FACS,Neonatal_FACS,0,Mesenchymal cells,1573,4229.0
Neo_FACS_TATCGGTTGACA,Neo_FACS,Neonatal_FACS,1,Mesenchymal cells,1608,3742.0
Neo_FACS_TAACGCCACACT,Neo_FACS,Neonatal_FACS,0,Mesenchymal cells,1640,3386.0
Neo_FACS_CCACTTTCTTGG,Neo_FACS,Neonatal_FACS,10,Schwann cells,1793,3476.0
Neo_FACS_GTCCTGATATCT,Neo_FACS,Neonatal_FACS,9,Schwann cells,1988,3774.0
Neo_FACS_GGGATCGCGGCT,Neo_FACS,Neonatal_FACS,3,Mesenchymal cells,2103,5498.0
Neo_FACS_GACAGGTCACCC,Neo_FACS,Neonatal_FACS,3,Mesenchymal cells,1591,4201.0
Neo_FACS_GCTCCTCGGACC,Neo_FACS,Neonatal_FACS,0,Mesenchymal cells,1455,4303.0
Neo_FACS_CAAACATGCCGT,Neo_FACS,Neonatal_FACS,4,Endothelial cells,1777,3567.0
Neo_FACS_GAACCCCCAAAT,Neo_FACS,Neonatal_FACS,12,Schwann cells,1779,4054.0
Neo_FACS_CATGTATTGGTC,Neo_FACS,Neonatal_FACS,0,Mesenchymal cells,1773,4062.0
Neo_FACS_CCAGTGACTGGC,Neo_FACS,Neonatal_FACS,10,Schwann cells,1960,3808.0
Neo_FACS_TCAAGATGTTTT,Neo_FACS,Neonatal_FACS,4,Endothelial cells,1617,3263.0
Neo_FACS_TGCGTATTTACG,Neo_FACS,Neonatal_FACS,0,Mesenchymal cells,1554,4185.0
Neo_FACS_GCCTGCGGAGGA,Neo_FACS,Neonatal_FACS,7,Pericytes/VSM,1970,4606.0
Neo_FACS_GTCAGTGAGTAC,Neo_FACS,Neonatal_FACS,5,Endothelial cells,1973,3926.0
Neo_FACS_AATGTTTTTTGA,Neo_FACS,Neonatal_FACS,0,Mesenchymal cells,1784,3735.0
Neo_FACS_TGTGACACCTAA,Neo_FACS,Neonatal_FACS,12,Schwann cells,1911,4403.0
Neo_FACS_GATCGGAGGTGC,Neo_FACS,Neonatal_FACS,2,Schwann cells,2245,4488.0
Neo_FACS_CAAACCAGGAGC,Neo_FACS,Neonatal_FACS,13,Endothelial cells,1884,3976.0
Neo_FACS_GTACTTCGGACC,Neo_FACS,Neonatal_FACS,13,Endothelial cells,1982,4421.0
Neo_FACS_GTACAGGGGGTC,Neo_FACS,Neonatal_FACS,3,Mesenchymal cells,1889,4200.0
Neo_FACS_CTGCCACGGCCT,Neo_FACS,Neonatal_FACS,4,Endothelial cells,1940,4224.0
Neo_FACS_GGCCTTAGGCGT,Neo_FACS,Neonatal_FACS,0,Mesenchymal cells,2021,4076.0
Neo_FACS_TAAGGGTAGAGG,Neo_FACS,Neonatal_FACS,0,Mesenchymal cells,1551,3969.0
Neo_FACS_AGATTCTAGACT,Neo_FACS,Neonatal_FACS,0,Mesenchymal cells,1542,3788.0
Neo_FACS_GCGTTACTCATA,Neo_FACS,Neonatal_FACS,9,Schwann cells,1692,3306.0
Neo_FACS_CGTTCGTTCGGT,Neo_FACS,Neonatal_FACS,1,Mesenchymal cells,1885,4368.0
Neo_FACS_CCCACTGAATCT,Neo_FACS,Neonatal_FACS,7,Pericytes/VSM,1828,3837.0
Neo_FACS_CCTAGCAGTTAN,Neo_FACS,Neonatal_FACS,9,Schwann cells,1570,2933.0
Neo_FACS_CGGTTGATTACN,Neo_FACS,Neonatal_FACS,2,Schwann cells,1883,3819.0
Neo_FACS_ATTATTAATAAA,Neo_FACS,Neonatal_FACS,10,Schwann cells,1750,3405.0
Neo_FACS_TGCCCTGGAAGN,Neo_FACS,Neonatal_FACS,12,Schwann cells,1796,4110.0
Neo_FACS_TTCGGCGTCGGA,Neo_FACS,Neonatal_FACS,11,Macrophages,1738,3614.0
Neo_FACS_AATTACTACGGG,Neo_FACS,Neonatal_FACS,13,Endothelial cells,1521,3530.0
Neo_FACS_AGTTGGAATGTC,Neo_FACS,Neonatal_FACS,7,Pericytes/VSM,1876,3929.0
Neo_FACS_AATACAGGCTTT,Neo_FACS,Neonatal_FACS,12,Schwann cells,1776,3169.0
Neo_FACS_AGTTCATTCAAC,Neo_FACS,Neonatal_FACS,6,Endothelial cells,1506,2702.0
Neo_FACS_CTGGAGGTTTGA,Neo_FACS,Neonatal_FACS,2,Schwann cells,1875,3342.0
Neo_FACS_CGATCCTTCATC,Neo_FACS,Neonatal_FACS,7,Pericytes/VSM,1831,3829.0
Neo_FACS_CACTCCGGGCGG,Neo_FACS,Neonatal_FACS,13,Endothelial cells,1936,4317.0
Neo_FACS_CCTTAGTAACGG,Neo_FACS,Neonatal_FACS,0,Mesenchymal cells,1440,3488.0
Neo_FACS_TTTCGCGCCACG,Neo_FACS,Neonatal_FACS,2,Schwann cells,1980,3862.0
Neo_FACS_CTAGGCCTAATT,Neo_FACS,Neonatal_FACS,3,Mesenchymal cells,1600,3751.0
Neo_FACS_CCACTACTCGCA,Neo_FACS,Neonatal_FACS,0,Mesenchymal cells,1407,3802.0
Neo_FACS_CTTCTCTCAGGG,Neo_FACS,Neonatal_FACS,2,Schwann cells,1859,3495.0
Neo_FACS_GGCGAAGTTACT,Neo_FACS,Neonatal_FACS,6,Endothelial cells,1850,3469.0
Neo_FACS_AGCTTCGCTCGN,Neo_FACS,Neonatal_FACS,7,Pericytes/VSM,1793,3672.0
Neo_FACS_CTTCGATCGTCC,Neo_FACS,Neonatal_FACS,10,Schwann cells,1806,3616.0
Neo_FACS_TGGCCGTGATGT,Neo_FACS,Neonatal_FACS,0,Mesenchymal cells,1992,4585.0
Neo_FACS_AGTGAGTGTTGC,Neo_FACS,Neonatal_FACS,11,Macrophages,1934,4103.0
Neo_FACS_TGAACATTTTTC,Neo_FACS,Neonatal_FACS,0,Mesenchymal cells,1432,3685.0
Neo_FACS_CAATTTGATAGT,Neo_FACS,Neonatal_FACS,10,Schwann cells,1639,3110.0
Neo_FACS_TACCCTAGGAAG,Neo_FACS,Neonatal_FACS,0,Mesenchymal cells,1306,3282.0
Neo_FACS_CCACCTCCCGCN,Neo_FACS,Neonatal_FACS,2,Schwann cells,1792,3945.0
Neo_FACS_TTTGCCTAGAAG,Neo_FACS,Neonatal_FACS,13,Endothelial cells,1758,3690.0
Neo_FACS_GCGTGACGCCGT,Neo_FACS,Neonatal_FACS,9,Schwann cells,2129,4690.0
Neo_FACS_AAACATGTGGTT,Neo_FACS,Neonatal_FACS,10,Schwann cells,1744,3323.0
Neo_FACS_CGGTGGGCTCTC,Neo_FACS,Neonatal_FACS,6,Endothelial cells,2132,4665.0
Neo_FACS_TCACTTAGTGTC,Neo_FACS,Neonatal_FACS,9,Schwann cells,1428,2512.0
Neo_FACS_TCTAAGGGATCG,Neo_FACS,Neonatal_FACS,12,Schwann cells,1704,3331.0
Neo_FACS_CGTTGCTGCGCC,Neo_FACS,Neonatal_FACS,10,Schwann cells,1984,4419.0
Neo_FACS_GCCGTCGTAGTT,Neo_FACS,Neonatal_FACS,11,Macrophages,1912,4222.0
Neo_FACS_ATGTTTTTCGAT,Neo_FACS,Neonatal_FACS,9,Schwann cells,1712,3147.0
Neo_FACS_CTCCAACACTTG,Neo_FACS,Neonatal_FACS,13,Endothelial cells,1561,3481.0
Neo_FACS_TGTGGTTTTGCC,Neo_FACS,Neonatal_FACS,7,Pericytes/VSM,1984,4014.0
Neo_FACS_TAACGTCAGAGA,Neo_FACS,Neonatal_FACS,13,Endothelial cells,1463,3167.0
Neo_FACS_CACTCCAGTCAA,Neo_FACS,Neonatal_FACS,3,Mesenchymal cells,1573,3239.0
Neo_FACS_ACTAACGCGTCA,Neo_FACS,Neonatal_FACS,7,Pericytes/VSM,1924,3985.0
Neo_FACS_TCCGATGTGCCC,Neo_FACS,Neonatal_FACS,10,Schwann cells,1687,3157.0
Neo_FACS_CATCTCATAACT,Neo_FACS,Neonatal_FACS,9,Schwann cells,1579,2929.0
Neo_FACS_TGTTGACGCCGN,Neo_FACS,Neonatal_FACS,12,Schwann cells,1921,3928.0
Neo_FACS_CGGGTGTGCGTG,Neo_FACS,Neonatal_FACS,10,Schwann cells,1855,3911.0
Neo_FACS_CATTACGTCTAT,Neo_FACS,Neonatal_FACS,9,Schwann cells,1543,2815.0
Neo_FACS_TGACAGGATGAC,Neo_FACS,Neonatal_FACS,7,Pericytes/VSM,1716,3334.0
Neo_FACS_CCTTTACAATTT,Neo_FACS,Neonatal_FACS,10,Schwann cells,1553,2713.0
Neo_FACS_GTTGGCAACTAG,Neo_FACS,Neonatal_FACS,0,Mesenchymal cells,1848,4144.0
Neo_FACS_ACCCGAGCTGGT,Neo_FACS,Neonatal_FACS,3,Mesenchymal cells,1926,4651.0
Neo_FACS_CCTACAGTGCAA,Neo_FACS,Neonatal_FACS,12,Schwann cells,1553,3577.0
Neo_FACS_GCTTACAGGACC,Neo_FACS,Neonatal_FACS,7,Pericytes/VSM,1894,3955.0
Neo_FACS_GCATTTTTCGGC,Neo_FACS,Neonatal_FACS,9,Schwann cells,1656,3267.0
Neo_FACS_CACATATCGTGA,Neo_FACS,Neonatal_FACS,6,Endothelial cells,1824,3517.0
Neo_FACS_TACAGTTTGCCT,Neo_FACS,Neonatal_FACS,4,Endothelial cells,1700,3407.0
Neo_FACS_AATTCCGATATT,Neo_FACS,Neonatal_FACS,9,Schwann cells,1563,2980.0
Neo_FACS_TCTATCAAATTA,Neo_FACS,Neonatal_FACS,12,Schwann cells,1490,3183.0
Neo_FACS_CTAGATCCCTTC,Neo_FACS,Neonatal_FACS,9,Schwann cells,1709,3123.0
Neo_FACS_CCCCAGGCAATA,Neo_FACS,Neonatal_FACS,0,Mesenchymal cells,1575,3571.0
Neo_FACS_TTTTGTAGCAAG,Neo_FACS,Neonatal_FACS,3,Mesenchymal cells,1298,2783.0
Neo_FACS_CCGGTCGTATTA,Neo_FACS,Neonatal_FACS,12,Schwann cells,1875,3824.0
Neo_FACS_CGAGCGAATCAG,Neo_FACS,Neonatal_FACS,2,Schwann cells,1866,3318.0
Neo_FACS_TAACGCCCGTCA,Neo_FACS,Neonatal_FACS,3,Mesenchymal cells,1547,3440.0
Neo_FACS_TACTGCTGGACG,Neo_FACS,Neonatal_FACS,9,Schwann cells,1534,2797.0
Neo_FACS_ACACAAAGAATC,Neo_FACS,Neonatal_FACS,7,Pericytes/VSM,1581,2923.0
Neo_FACS_GTGATTGTTAGC,Neo_FACS,Neonatal_FACS,0,Mesenchymal cells,1748,3452.0
Neo_FACS_GAGCCAGTAATA,Neo_FACS,Neonatal_FACS,2,Schwann cells,1877,3603.0
Neo_FACS_CGAACCCGCGGG,Neo_FACS,Neonatal_FACS,7,Pericytes/VSM,1672,3244.0
Neo_FACS_ACTACCAGAAGC,Neo_FACS,Neonatal_FACS,12,Schwann cells,1453,3052.0
Neo_FACS_AACCGGATGCTC,Neo_FACS,Neonatal_FACS,4,Endothelial cells,1529,3107.0
Neo_FACS_AGACCTTCAACT,Neo_FACS,Neonatal_FACS,2,Schwann cells,1826,3327.0
Neo_FACS_CTGTCTGGTCAG,Neo_FACS,Neonatal_FACS,5,Endothelial cells,1792,3690.0
Neo_FACS_CGGTGTGACCCA,Neo_FACS,Neonatal_FACS,12,Schwann cells,1762,4038.0
Neo_FACS_GGTTTCCCCCGN,Neo_FACS,Neonatal_FACS,2,Schwann cells,1886,4090.0
Neo_FACS_GCGTTCAGTGCN,Neo_FACS,Neonatal_FACS,9,Schwann cells,1741,3361.0
Neo_FACS_TTTACTTCCATC,Neo_FACS,Neonatal_FACS,10,Schwann cells,1552,2902.0
Neo_FACS_CGTCCCAATTAA,Neo_FACS,Neonatal_FACS,3,Mesenchymal cells,1714,3889.0
Neo_FACS_CCGAACTATTAA,Neo_FACS,Neonatal_FACS,9,Schwann cells,1732,3403.0
Neo_FACS_GGCAATGTTCTG,Neo_FACS,Neonatal_FACS,2,Schwann cells,1887,3616.0
Neo_FACS_AGTAAAACTGGG,Neo_FACS,Neonatal_FACS,0,Mesenchymal cells,1340,3330.0
Neo_FACS_CGTAATAGCGGC,Neo_FACS,Neonatal_FACS,3,Mesenchymal cells,1568,3518.0
Neo_FACS_GATGCTCACTGT,Neo_FACS,Neonatal_FACS,7,Pericytes/VSM,1861,4171.0
Neo_FACS_CGTTTCACGCAN,Neo_FACS,Neonatal_FACS,9,Schwann cells,1576,3024.0
Neo_FACS_TTAGCGCTAGGT,Neo_FACS,Neonatal_FACS,4,Endothelial cells,1722,3248.0
Neo_FACS_ACTTAGGACCTT,Neo_FACS,Neonatal_FACS,12,Schwann cells,1677,3384.0
Neo_FACS_GTTGTTCTACCC,Neo_FACS,Neonatal_FACS,7,Pericytes/VSM,1791,3850.0
Neo_FACS_CGGTGCGAATGT,Neo_FACS,Neonatal_FACS,12,Schwann cells,1906,4198.0
Neo_FACS_AAATTCTTGTAC,Neo_FACS,Neonatal_FACS,2,Schwann cells,1527,2662.0
Neo_FACS_CACCACGTATCC,Neo_FACS,Neonatal_FACS,12,Schwann cells,1467,3191.0
Neo_FACS_CACGAACTCACT,Neo_FACS,Neonatal_FACS,2,Schwann cells,1731,3172.0
Neo_FACS_TGGGCACATGGT,Neo_FACS,Neonatal_FACS,13,Endothelial cells,2065,4693.0
Neo_FACS_GCAAGATCGTAC,Neo_FACS,Neonatal_FACS,13,Endothelial cells,1571,3596.0
Neo_FACS_GCTACCAATCTA,Neo_FACS,Neonatal_FACS,10,Schwann cells,1555,2920.0
Neo_FACS_CGTACGTTTGCT,Neo_FACS,Neonatal_FACS,7,Pericytes/VSM,1728,3221.0
Neo_FACS_CGCCTTCGGCTA,Neo_FACS,Neonatal_FACS,11,Macrophages,1678,3123.0
Neo_FACS_TATTCAGTATTA,Neo_FACS,Neonatal_FACS,11,Macrophages,1905,3628.0
Neo_FACS_TCTAATCTCGCT,Neo_FACS,Neonatal_FACS,3,Mesenchymal cells,1530,3483.0
Neo_FACS_TTTGCCCACGGT,Neo_FACS,Neonatal_FACS,11,Macrophages,1804,3799.0
Neo_FACS_TACGAGCGACAA,Neo_FACS,Neonatal_FACS,0,Mesenchymal cells,1360,3215.0
Neo_FACS_CAGAAAAACACC,Neo_FACS,Neonatal_FACS,0,Mesenchymal cells,803,1794.0
Neo_FACS_GGGCAGCCATAC,Neo_FACS,Neonatal_FACS,12,Schwann cells,1581,3694.0
Neo_FACS_AAAAGTCGAGAC,Neo_FACS,Neonatal_FACS,4,Endothelial cells,1631,2667.0
Neo_FACS_AAGGGCATATCA,Neo_FACS,Neonatal_FACS,12,Schwann cells,1508,3515.0
Neo_FACS_CTCTACCTATCC,Neo_FACS,Neonatal_FACS,1,Mesenchymal cells,1413,2831.0
Neo_FACS_CACCGAGTGAGC,Neo_FACS,Neonatal_FACS,13,Endothelial cells,1695,3164.0
Neo_FACS_TCCCCTCACCAC,Neo_FACS,Neonatal_FACS,1,Mesenchymal cells,1483,3455.0
Neo_FACS_ATGTCGCCCTGA,Neo_FACS,Neonatal_FACS,6,Endothelial cells,1770,3797.0
Neo_FACS_TTCTATATGTGT,Neo_FACS,Neonatal_FACS,10,Schwann cells,1600,2961.0
Neo_FACS_AATAGAGCATTA,Neo_FACS,Neonatal_FACS,10,Schwann cells,1730,3221.0
Neo_FACS_TGTCCTGTATGA,Neo_FACS,Neonatal_FACS,10,Schwann cells,1697,3422.0
Neo_FACS_GTCAGGGAGATN,Neo_FACS,Neonatal_FACS,3,Mesenchymal cells,1462,2961.0
Neo_FACS_ACCCTACTATTC,Neo_FACS,Neonatal_FACS,9,Schwann cells,1695,3115.0
Neo_FACS_TAAGCTCCAGCC,Neo_FACS,Neonatal_FACS,12,Schwann cells,1466,3185.0
Neo_FACS_CTTGTCGAATAN,Neo_FACS,Neonatal_FACS,13,Endothelial cells,1559,3110.0
Neo_FACS_CACTTTTGGCAA,Neo_FACS,Neonatal_FACS,12,Schwann cells,1600,3366.0
Neo_FACS_GCTGTATTCTAG,Neo_FACS,Neonatal_FACS,0,Mesenchymal cells,1116,2487.0
Neo_FACS_TATCAGGACCTC,Neo_FACS,Neonatal_FACS,1,Mesenchymal cells,1557,3293.0
Neo_FACS_CGAATGCGCGGC,Neo_FACS,Neonatal_FACS,2,Schwann cells,1580,2703.0
Neo_FACS_TACAAGCCATAT,Neo_FACS,Neonatal_FACS,7,Pericytes/VSM,1741,3421.0
Neo_FACS_CCGAATTGTTGT,Neo_FACS,Neonatal_FACS,9,Schwann cells,1586,2796.0
Neo_FACS_ATGAGTGCGAGG,Neo_FACS,Neonatal_FACS,0,Mesenchymal cells,1580,4005.0
Neo_FACS_GTCGTTTTCCCA,Neo_FACS,Neonatal_FACS,7,Pericytes/VSM,1636,3295.0
Neo_FACS_TCATCCCCGATG,Neo_FACS,Neonatal_FACS,10,Schwann cells,1554,2795.0
Neo_FACS_AAGAATTATCTT,Neo_FACS,Neonatal_FACS,10,Schwann cells,1825,3523.0
Neo_FACS_AGCACCCCAAGN,Neo_FACS,Neonatal_FACS,7,Pericytes/VSM,1687,3345.0
Neo_FACS_CAGTAAGTAGTT,Neo_FACS,Neonatal_FACS,9,Schwann cells,1531,2896.0
Neo_FACS_ATGTAGGTCTAC,Neo_FACS,Neonatal_FACS,6,Endothelial cells,1430,2727.0
Neo_FACS_CACGGATTTCCT,Neo_FACS,Neonatal_FACS,0,Mesenchymal cells,1406,2813.0
Neo_FACS_AACCCAAAACTT,Neo_FACS,Neonatal_FACS,12,Schwann cells,1076,2275.0
Neo_FACS_TAAAATGTCAAA,Neo_FACS,Neonatal_FACS,13,Endothelial cells,1407,2865.0
Neo_FACS_CTCCACTTAACA,Neo_FACS,Neonatal_FACS,10,Schwann cells,1605,3096.0
Neo_FACS_CCTCTTCTGCTT,Neo_FACS,Neonatal_FACS,9,Schwann cells,1626,2997.0
Neo_FACS_GACTATTCGTGA,Neo_FACS,Neonatal_FACS,2,Schwann cells,1521,2688.0
Neo_FACS_ATCGATGTGACT,Neo_FACS,Neonatal_FACS,3,Mesenchymal cells,1547,3213.0
Neo_FACS_TTGTTCGAACAG,Neo_FACS,Neonatal_FACS,12,Schwann cells,1509,2705.0
Neo_FACS_ATTCGCTGTATT,Neo_FACS,Neonatal_FACS,9,Schwann cells,1692,3023.0
Neo_FACS_CTAGATGTGAAG,Neo_FACS,Neonatal_FACS,4,Endothelial cells,1631,3195.0
Neo_FACS_GCCGGAGCTAAN,Neo_FACS,Neonatal_FACS,10,Schwann cells,1514,2878.0
Neo_FACS_CTTTAATGATCA,Neo_FACS,Neonatal_FACS,7,Pericytes/VSM,1457,2759.0
Neo_FACS_TCTTCTTTAACC,Neo_FACS,Neonatal_FACS,4,Endothelial cells,1574,3098.0
Neo_FACS_GAGATGCTTCTC,Neo_FACS,Neonatal_FACS,11,Macrophages,1412,3139.0
Neo_FACS_GAGACTAGTCAC,Neo_FACS,Neonatal_FACS,11,Macrophages,1466,2797.0
Neo_FACS_CTCGTATCTGGT,Neo_FACS,Neonatal_FACS,1,Mesenchymal cells,1316,2700.0
Neo_FACS_CAACATAATGAG,Neo_FACS,Neonatal_FACS,0,Mesenchymal cells,1223,2905.0
Neo_FACS_GCCGATCCTAGC,Neo_FACS,Neonatal_FACS,2,Schwann cells,1711,3198.0
Neo_FACS_TTCAGTTAAAAT,Neo_FACS,Neonatal_FACS,1,Mesenchymal cells,1083,2320.0
Neo_FACS_ACTTAGAGAAAC,Neo_FACS,Neonatal_FACS,9,Schwann cells,1408,2451.0
Neo_FACS_CCAGTAACGCTT,Neo_FACS,Neonatal_FACS,9,Schwann cells,1452,2550.0
Neo_FACS_AGATCTACTCAG,Neo_FACS,Neonatal_FACS,0,Mesenchymal cells,1426,3188.0
Neo_FACS_GTACACCGCTGG,Neo_FACS,Neonatal_FACS,0,Mesenchymal cells,1097,2602.0
Neo_FACS_TGTAACAGAACN,Neo_FACS,Neonatal_FACS,3,Mesenchymal cells,1567,3297.0
Neo_FACS_TGCTCGAAAACG,Neo_FACS,Neonatal_FACS,0,Mesenchymal cells,1285,2527.0
Neo_FACS_CCGTTTTAGGAA,Neo_FACS,Neonatal_FACS,9,Schwann cells,1550,2630.0
Neo_FACS_CTTGACTGCCGC,Neo_FACS,Neonatal_FACS,0,Mesenchymal cells,1245,3208.0
Neo_FACS_GCTGACACGTTN,Neo_FACS,Neonatal_FACS,12,Schwann cells,1442,3013.0
Neo_FACS_TGTGAAGATAAN,Neo_FACS,Neonatal_FACS,10,Schwann cells,1655,2985.0
Neo_FACS_GGGTGTACTTAG,Neo_FACS,Neonatal_FACS,3,Mesenchymal cells,1956,4453.0
Neo_FACS_TCTTCTCCTTCC,Neo_FACS,Neonatal_FACS,7,Pericytes/VSM,1524,3004.0
Neo_FACS_TATTAAGGCAAC,Neo_FACS,Neonatal_FACS,4,Endothelial cells,1552,3030.0
Neo_FACS_TTCACCTTTTAG,Neo_FACS,Neonatal_FACS,9,Schwann cells,1443,2359.0
Neo_FACS_TTCGCGAAGGGT,Neo_FACS,Neonatal_FACS,7,Pericytes/VSM,1710,3220.0
Neo_FACS_AGTCAGACATTC,Neo_FACS,Neonatal_FACS,3,Mesenchymal cells,1506,3146.0
Neo_FACS_ACCTCCCCGAGA,Neo_FACS,Neonatal_FACS,7,Pericytes/VSM,1745,3722.0
Neo_FACS_CTTCCCGTGAAG,Neo_FACS,Neonatal_FACS,11,Macrophages,1543,2999.0
Neo_FACS_TTAGGTAATAGG,Neo_FACS,Neonatal_FACS,10,Schwann cells,1516,2782.0
Neo_FACS_TCGAACGAAGAC,Neo_FACS,Neonatal_FACS,3,Mesenchymal cells,1132,2544.0
Neo_FACS_TATCCAGATCAT,Neo_FACS,Neonatal_FACS,0,Mesenchymal cells,1459,3035.0
Neo_FACS_TCTGGAAATTCT,Neo_FACS,Neonatal_FACS,3,Mesenchymal cells,1509,3167.0
Neo_FACS_TTCGTTTATGGG,Neo_FACS,Neonatal_FACS,2,Schwann cells,1688,3322.0
Neo_FACS_TCACTGTGGCTC,Neo_FACS,Neonatal_FACS,0,Mesenchymal cells,1303,3084.0
Neo_FACS_ACGCATGGTTTG,Neo_FACS,Neonatal_FACS,10,Schwann cells,1581,2881.0
Neo_FACS_TCAATTCCTATG,Neo_FACS,Neonatal_FACS,12,Schwann cells,1384,2497.0
Neo_FACS_GCGACACCCTCA,Neo_FACS,Neonatal_FACS,0,Mesenchymal cells,1054,3595.0
Neo_FACS_CGGATCCGCCCT,Neo_FACS,Neonatal_FACS,10,Schwann cells,1742,3389.0
Neo_FACS_TCCTATGTGACT,Neo_FACS,Neonatal_FACS,0,Mesenchymal cells,1566,3304.0
Neo_FACS_GCGATAATGCTG,Neo_FACS,Neonatal_FACS,7,Pericytes/VSM,1726,3357.0
Neo_FACS_AATACAGGCTTC,Neo_FACS,Neonatal_FACS,9,Schwann cells,1613,2788.0
Neo_FACS_TACTCTTTCTCA,Neo_FACS,Neonatal_FACS,2,Schwann cells,1556,2838.0
Neo_FACS_TGTTGCTTTTCG,Neo_FACS,Neonatal_FACS,0,Mesenchymal cells,1325,2768.0
Neo_FACS_ACCCTTTCAACG,Neo_FACS,Neonatal_FACS,12,Schwann cells,1321,2831.0
Neo_FACS_CCCAGCTAGATA,Neo_FACS,Neonatal_FACS,3,Mesenchymal cells,1488,2924.0
Neo_FACS_TTGATGACTTCG,Neo_FACS,Neonatal_FACS,12,Schwann cells,1480,2732.0
Neo_FACS_AGCGCCGAGGCT,Neo_FACS,Neonatal_FACS,12,Schwann cells,1733,3396.0
Neo_FACS_GTTAATCTTCAT,Neo_FACS,Neonatal_FACS,9,Schwann cells,1578,2748.0
Neo_FACS_TAAGTGCTCCTT,Neo_FACS,Neonatal_FACS,9,Schwann cells,1392,2485.0
Neo_FACS_ATTGGCCACAGC,Neo_FACS,Neonatal_FACS,3,Mesenchymal cells,1299,3180.0
Neo_FACS_TTCCCGACAGGA,Neo_FACS,Neonatal_FACS,6,Endothelial cells,1424,2471.0
Neo_FACS_TAGTGTGTTGAT,Neo_FACS,Neonatal_FACS,12,Schwann cells,1420,2878.0
Neo_FACS_AAATGAGCCTAA,Neo_FACS,Neonatal_FACS,10,Schwann cells,1458,2579.0
Neo_FACS_CATGGGAGTTAN,Neo_FACS,Neonatal_FACS,10,Schwann cells,1562,2960.0
Neo_FACS_GTCGCAGATCAG,Neo_FACS,Neonatal_FACS,2,Schwann cells,1667,2923.0
Neo_FACS_AGCCATATCTAC,Neo_FACS,Neonatal_FACS,4,Endothelial cells,1793,3480.0
Neo_FACS_GCGCGCCGATCC,Neo_FACS,Neonatal_FACS,2,Schwann cells,1964,4107.0
Neo_FACS_GGATTTAGGCTG,Neo_FACS,Neonatal_FACS,9,Schwann cells,1602,3046.0
Neo_FACS_TAATATAGGGCT,Neo_FACS,Neonatal_FACS,11,Macrophages,1553,2938.0
Neo_FACS_TGATGCAACGAT,Neo_FACS,Neonatal_FACS,13,Endothelial cells,1534,3192.0
Neo_FACS_ACATTGCCTCGT,Neo_FACS,Neonatal_FACS,11,Macrophages,1452,3148.0
Neo_FACS_CTAGGTGGTTTC,Neo_FACS,Neonatal_FACS,0,Mesenchymal cells,1060,2854.0
Neo_FACS_TCGTCACACCCC,Neo_FACS,Neonatal_FACS,2,Schwann cells,1708,3080.0
Neo_FACS_GCTGACTGTTTT,Neo_FACS,Neonatal_FACS,6,Endothelial cells,1794,3197.0
Neo_FACS_CACTAAGGCGTG,Neo_FACS,Neonatal_FACS,0,Mesenchymal cells,1227,2539.0
Neo_FACS_CCCAGATGAGGA,Neo_FACS,Neonatal_FACS,12,Schwann cells,1375,2803.0
Neo_FACS_TCGACCCATCGG,Neo_FACS,Neonatal_FACS,7,Pericytes/VSM,1769,3556.0
Neo_FACS_GGCAAGGTAGAG,Neo_FACS,Neonatal_FACS,12,Schwann cells,1586,3232.0
Neo_FACS_TTCATGTGTGTT,Neo_FACS,Neonatal_FACS,9,Schwann cells,1362,2516.0
Neo_FACS_GGGAATGGCGTG,Neo_FACS,Neonatal_FACS,2,Schwann cells,1883,3737.0
Neo_FACS_GGTCCAGGGTCT,Neo_FACS,Neonatal_FACS,12,Schwann cells,1542,3415.0
Neo_FACS_GTTGTTGTGACA,Neo_FACS,Neonatal_FACS,7,Pericytes/VSM,1450,3003.0
Neo_FACS_GCTGGTACTATA,Neo_FACS,Neonatal_FACS,10,Schwann cells,1784,3416.0
Neo_FACS_GTCTCCTTGCTN,Neo_FACS,Neonatal_FACS,1,Mesenchymal cells,1550,3153.0
Neo_FACS_GCCTGATTTGCC,Neo_FACS,Neonatal_FACS,12,Schwann cells,1620,3328.0
Neo_FACS_CCGGAGTCATCG,Neo_FACS,Neonatal_FACS,9,Schwann cells,1529,2896.0
Neo_FACS_CGCCGTACCTAC,Neo_FACS,Neonatal_FACS,11,Macrophages,1458,2875.0
Neo_FACS_GCACAAGTACGC,Neo_FACS,Neonatal_FACS,4,Endothelial cells,1567,3049.0
Neo_FACS_CAATACGATCGT,Neo_FACS,Neonatal_FACS,10,Schwann cells,1401,2480.0
Neo_FACS_TATTGGAAGAAG,Neo_FACS,Neonatal_FACS,10,Schwann cells,1591,2861.0
Neo_FACS_CGAACCGTTTGN,Neo_FACS,Neonatal_FACS,13,Endothelial cells,1561,3102.0
Neo_FACS_ACAGAAGTAACA,Neo_FACS,Neonatal_FACS,2,Schwann cells,1431,2411.0
Neo_FACS_ACTCTCGAACTT,Neo_FACS,Neonatal_FACS,9,Schwann cells,1416,2452.0
Neo_FACS_CAAGGTATGAAT,Neo_FACS,Neonatal_FACS,13,Endothelial cells,1533,2800.0
Neo_FACS_CAACGCATCCGT,Neo_FACS,Neonatal_FACS,2,Schwann cells,1515,2522.0
Neo_FACS_CTTGGATCGAGA,Neo_FACS,Neonatal_FACS,12,Schwann cells,1280,2663.0
Neo_FACS_GGCCTGTTAGTC,Neo_FACS,Neonatal_FACS,1,Mesenchymal cells,1380,2958.0
Neo_FACS_TCATTCAACCTA,Neo_FACS,Neonatal_FACS,2,Schwann cells,1346,2311.0
Neo_FACS_TACTATGGCAGT,Neo_FACS,Neonatal_FACS,7,Pericytes/VSM,1505,2904.0
Neo_FACS_CGGCCTCTTACC,Neo_FACS,Neonatal_FACS,13,Endothelial cells,1769,3686.0
Neo_FACS_CAAACATTCTTC,Neo_FACS,Neonatal_FACS,9,Schwann cells,1259,2114.0
Neo_FACS_CTCTTCCGCCGT,Neo_FACS,Neonatal_FACS,9,Schwann cells,1463,2584.0
Neo_FACS_AACTCCACAACA,Neo_FACS,Neonatal_FACS,9,Schwann cells,1321,2287.0
Neo_FACS_GTGTGATTGACA,Neo_FACS,Neonatal_FACS,2,Schwann cells,1662,3185.0
Neo_FACS_AGCACCTCCTCA,Neo_FACS,Neonatal_FACS,4,Endothelial cells,1650,3147.0
Neo_FACS_ATCCATTGCCCG,Neo_FACS,Neonatal_FACS,12,Schwann cells,1488,2990.0
Neo_FACS_GTGACAATGCTC,Neo_FACS,Neonatal_FACS,0,Mesenchymal cells,1430,2765.0
Neo_FACS_ACGTGGGGTAGT,Neo_FACS,Neonatal_FACS,3,Mesenchymal cells,1606,3387.0
Neo_FACS_GGCATAACTGTC,Neo_FACS,Neonatal_FACS,4,Endothelial cells,1600,3156.0
Neo_FACS_CTGTCGTGATCC,Neo_FACS,Neonatal_FACS,3,Mesenchymal cells,1377,2903.0
Neo_FACS_TGGTTCTGTTTG,Neo_FACS,Neonatal_FACS,9,Schwann cells,1500,2730.0
Neo_FACS_TAGTTCCGAGGT,Neo_FACS,Neonatal_FACS,11,Macrophages,1405,3034.0
Neo_FACS_CCGCCCTACGGT,Neo_FACS,Neonatal_FACS,2,Schwann cells,1433,2783.0
Neo_FACS_ACGGTGACAGGT,Neo_FACS,Neonatal_FACS,2,Schwann cells,1800,3312.0
Neo_FACS_TCTAATGATGAN,Neo_FACS,Neonatal_FACS,9,Schwann cells,1409,2521.0
Neo_FACS_GCGCCGCACGGG,Neo_FACS,Neonatal_FACS,7,Pericytes/VSM,1618,3682.0
Neo_FACS_ATTCTGAGGGAA,Neo_FACS,Neonatal_FACS,10,Schwann cells,1475,2769.0
Neo_FACS_TCGGCCACGATC,Neo_FACS,Neonatal_FACS,12,Schwann cells,1502,2654.0
Neo_FACS_GCAAATGGTGAT,Neo_FACS,Neonatal_FACS,1,Mesenchymal cells,1352,2792.0
Neo_FACS_GTATGACACAAG,Neo_FACS,Neonatal_FACS,10,Schwann cells,1537,2719.0
Neo_FACS_AAACGCGTTTGC,Neo_FACS,Neonatal_FACS,12,Schwann cells,1150,2449.0
Neo_FACS_CGGCGTCGCGTT,Neo_FACS,Neonatal_FACS,1,Mesenchymal cells,1513,3204.0
Neo_FACS_CTTGTAGGAGAC,Neo_FACS,Neonatal_FACS,10,Schwann cells,1641,2853.0
Neo_FACS_CGTCGTGTTCCT,Neo_FACS,Neonatal_FACS,12,Schwann cells,1271,2628.0
Neo_FACS_GTAGGGTTTTTT,Neo_FACS,Neonatal_FACS,1,Mesenchymal cells,1238,2952.0
Neo_FACS_GGCTATCTATTA,Neo_FACS,Neonatal_FACS,7,Pericytes/VSM,1613,2947.0
Neo_FACS_ACATCAACCACG,Neo_FACS,Neonatal_FACS,7,Pericytes/VSM,1502,2780.0
Neo_FACS_AAGGATCACGGA,Neo_FACS,Neonatal_FACS,4,Endothelial cells,1351,2808.0
Neo_FACS_AATAAAAGCGTT,Neo_FACS,Neonatal_FACS,12,Schwann cells,1149,2376.0
Neo_FACS_GATAGTACTTAG,Neo_FACS,Neonatal_FACS,0,Mesenchymal cells,991,2434.0
Neo_FACS_GAACAATCTGAC,Neo_FACS,Neonatal_FACS,2,Schwann cells,1438,2583.0
Neo_FACS_GAGTCCCGTCTG,Neo_FACS,Neonatal_FACS,9,Schwann cells,1548,3050.0
Neo_FACS_AAAAGATTCTTN,Neo_FACS,Neonatal_FACS,0,Mesenchymal cells,965,2325.0
Neo_FACS_ACAGGCGTGACT,Neo_FACS,Neonatal_FACS,3,Mesenchymal cells,1487,3222.0
Neo_FACS_ATATCCGGAATA,Neo_FACS,Neonatal_FACS,6,Endothelial cells,1289,2360.0
Neo_FACS_CGCCCTTGGCAC,Neo_FACS,Neonatal_FACS,9,Schwann cells,1290,2273.0
Neo_FACS_GTAGATGCGCCG,Neo_FACS,Neonatal_FACS,0,Mesenchymal cells,1466,3322.0
Neo_FACS_TTCGACGTCGCC,Neo_FACS,Neonatal_FACS,9,Schwann cells,1481,2903.0
Neo_FACS_TATTCAAACGGG,Neo_FACS,Neonatal_FACS,12,Schwann cells,1266,2730.0
Neo_FACS_CCAGTTTTCGCC,Neo_FACS,Neonatal_FACS,0,Mesenchymal cells,1257,2572.0
Neo_FACS_TTCATACTGATC,Neo_FACS,Neonatal_FACS,12,Schwann cells,1341,2615.0
Neo_FACS_GGATCTAACCCC,Neo_FACS,Neonatal_FACS,9,Schwann cells,1558,2970.0
Neo_FACS_CTAGGCCCCGGC,Neo_FACS,Neonatal_FACS,0,Mesenchymal cells,1385,3304.0
Neo_FACS_CTCACCCGATCA,Neo_FACS,Neonatal_FACS,11,Macrophages,1374,2955.0
Neo_FACS_TACAGCAAAGTC,Neo_FACS,Neonatal_FACS,9,Schwann cells,1230,2144.0
Neo_FACS_ATAGCCGAGATG,Neo_FACS,Neonatal_FACS,0,Mesenchymal cells,1205,3051.0
Neo_FACS_CAAAACCCGAAG,Neo_FACS,Neonatal_FACS,0,Mesenchymal cells,1156,2541.0
Neo_FACS_TTTACTTCCAAG,Neo_FACS,Neonatal_FACS,7,Pericytes/VSM,1235,2250.0
Neo_FACS_CCTCCATGTATN,Neo_FACS,Neonatal_FACS,2,Schwann cells,1387,2405.0
Neo_FACS_GGCCGCAGGGCG,Neo_FACS,Neonatal_FACS,11,Macrophages,1562,3351.0
Neo_FACS_CCTCCTGCCTGC,Neo_FACS,Neonatal_FACS,10,Schwann cells,1493,3000.0
Neo_FACS_TAGTGTATGGAA,Neo_FACS,Neonatal_FACS,7,Pericytes/VSM,1463,2790.0
Neo_FACS_TAACGAAAGGCT,Neo_FACS,Neonatal_FACS,10,Schwann cells,1496,2752.0
Neo_FACS_CAAGGGTCTATC,Neo_FACS,Neonatal_FACS,7,Pericytes/VSM,1512,2789.0
Neo_FACS_ACCATTTGCACG,Neo_FACS,Neonatal_FACS,9,Schwann cells,1467,2562.0
Neo_FACS_CTCTTCCCCTAG,Neo_FACS,Neonatal_FACS,11,Macrophages,1370,2608.0
Neo_FACS_TACCGTACCCAT,Neo_FACS,Neonatal_FACS,2,Schwann cells,1400,2339.0
Neo_FACS_TAAAATTGGTTC,Neo_FACS,Neonatal_FACS,9,Schwann cells,1304,2233.0
Neo_FACS_AACCCTTAAACT,Neo_FACS,Neonatal_FACS,2,Schwann cells,1514,2669.0
Neo_FACS_TGTTAACCCGAT,Neo_FACS,Neonatal_FACS,0,Mesenchymal cells,1250,3104.0
Neo_FACS_TACGAGTGGGTN,Neo_FACS,Neonatal_FACS,0,Mesenchymal cells,1307,2707.0
Neo_FACS_TCGCGAAGGCAA,Neo_FACS,Neonatal_FACS,13,Endothelial cells,1447,2646.0
Neo_FACS_GGTCATGCTCGT,Neo_FACS,Neonatal_FACS,10,Schwann cells,1655,3063.0
Neo_FACS_CTTCCTGTTCTG,Neo_FACS,Neonatal_FACS,9,Schwann cells,1546,2770.0
Neo_FACS_ATCGGCCTTGTT,Neo_FACS,Neonatal_FACS,0,Mesenchymal cells,999,2880.0
Neo_FACS_GAATAGCAAAAT,Neo_FACS,Neonatal_FACS,10,Schwann cells,1233,2063.0
Neo_FACS_GCGCACCTAAGC,Neo_FACS,Neonatal_FACS,7,Pericytes/VSM,1355,2643.0
Neo_FACS_AAGGGCCTGGCT,Neo_FACS,Neonatal_FACS,0,Mesenchymal cells,1249,2998.0
Neo_FACS_CAATCACGGGTG,Neo_FACS,Neonatal_FACS,7,Pericytes/VSM,1331,2267.0
Neo_FACS_ACGATTGTAAAA,Neo_FACS,Neonatal_FACS,11,Macrophages,1373,2427.0
Neo_FACS_ATGCTCCATGAA,Neo_FACS,Neonatal_FACS,10,Schwann cells,1455,2603.0
Neo_FACS_CCTGTAATCGGA,Neo_FACS,Neonatal_FACS,4,Endothelial cells,1495,2737.0
Neo_FACS_CCTTCTCGAGAN,Neo_FACS,Neonatal_FACS,9,Schwann cells,1432,2445.0
Neo_FACS_TCATTTATATAT,Neo_FACS,Neonatal_FACS,11,Macrophages,1419,2488.0
Neo_FACS_CCTATTCAAACC,Neo_FACS,Neonatal_FACS,9,Schwann cells,1281,2185.0
Neo_FACS_CCTCAAGGCGAA,Neo_FACS,Neonatal_FACS,10,Schwann cells,1521,2752.0
Neo_FACS_AGTAGACGTCAT,Neo_FACS,Neonatal_FACS,11,Macrophages,1331,2591.0
Neo_FACS_GACCCGGTAGCA,Neo_FACS,Neonatal_FACS,12,Schwann cells,1335,2911.0
Neo_FACS_CGTTACCTAGCT,Neo_FACS,Neonatal_FACS,9,Schwann cells,1360,2574.0
Neo_FACS_CGACGAAGTCAT,Neo_FACS,Neonatal_FACS,9,Schwann cells,1263,2205.0
Neo_FACS_GATTCATAATTG,Neo_FACS,Neonatal_FACS,10,Schwann cells,1346,2570.0
Neo_FACS_CGTGCACGTTTC,Neo_FACS,Neonatal_FACS,9,Schwann cells,1515,2729.0
Neo_FACS_CTATTAAATCGA,Neo_FACS,Neonatal_FACS,1,Mesenchymal cells,1230,2268.0
Neo_FACS_TTGTCCCGCGTT,Neo_FACS,Neonatal_FACS,2,Schwann cells,1510,2652.0
Neo_FACS_GGAGCTGTTTTG,Neo_FACS,Neonatal_FACS,0,Mesenchymal cells,1074,2927.0
Neo_FACS_CTAGATGTACCA,Neo_FACS,Neonatal_FACS,10,Schwann cells,1406,2498.0
Neo_FACS_TACCGCTTGTAA,Neo_FACS,Neonatal_FACS,6,Endothelial cells,1494,2649.0
Neo_FACS_CCGCTAGGTCTA,Neo_FACS,Neonatal_FACS,2,Schwann cells,1389,2479.0
Neo_FACS_TTAACACTCTCA,Neo_FACS,Neonatal_FACS,9,Schwann cells,1346,2332.0
Neo_FACS_ACCGAGACTCGC,Neo_FACS,Neonatal_FACS,1,Mesenchymal cells,1007,2338.0
Neo_FACS_TACCACCAGGGC,Neo_FACS,Neonatal_FACS,13,Endothelial cells,1520,2968.0
Neo_FACS_CTGCTAACATCC,Neo_FACS,Neonatal_FACS,10,Schwann cells,1444,2695.0
Neo_FACS_AGGGACTGAGTA,Neo_FACS,Neonatal_FACS,10,Schwann cells,1442,2640.0
Neo_FACS_CCCTCAAAGGCC,Neo_FACS,Neonatal_FACS,9,Schwann cells,1548,2613.0
Neo_FACS_CACGAGGGACGC,Neo_FACS,Neonatal_FACS,4,Endothelial cells,1346,2659.0
Neo_FACS_GGGGCGTGCTCA,Neo_FACS,Neonatal_FACS,9,Schwann cells,1780,4031.0
Neo_FACS_TTACGCGCTGCA,Neo_FACS,Neonatal_FACS,9,Schwann cells,1311,2323.0
Neo_FACS_CGAGCCGGACGC,Neo_FACS,Neonatal_FACS,10,Schwann cells,1554,2951.0
Neo_FACS_AATGTGATGTCT,Neo_FACS,Neonatal_FACS,10,Schwann cells,1346,2289.0
Neo_FACS_AATATTCCTGAA,Neo_FACS,Neonatal_FACS,10,Schwann cells,1376,2418.0
Neo_FACS_CGATCAGAGGGT,Neo_FACS,Neonatal_FACS,4,Endothelial cells,1472,2663.0
Neo_FACS_AGCGTATAGATA,Neo_FACS,Neonatal_FACS,12,Schwann cells,1484,2912.0
Neo_FACS_CATGAGATGTCC,Neo_FACS,Neonatal_FACS,2,Schwann cells,1442,2578.0
Neo_FACS_TGAGGCGGCTGT,Neo_FACS,Neonatal_FACS,0,Mesenchymal cells,1689,3431.0
Neo_FACS_ACGGATCGCGTC,Neo_FACS,Neonatal_FACS,11,Macrophages,1683,3506.0
Neo_FACS_GTCTCGTAGCAC,Neo_FACS,Neonatal_FACS,10,Schwann cells,1383,2490.0
Neo_FACS_CTCGCGTGATTG,Neo_FACS,Neonatal_FACS,0,Mesenchymal cells,1099,2811.0
Neo_FACS_CGTCGTAAAGCN,Neo_FACS,Neonatal_FACS,9,Schwann cells,1335,2332.0
Neo_FACS_TAGATCCGCATC,Neo_FACS,Neonatal_FACS,0,Mesenchymal cells,1320,2456.0
Neo_FACS_CGCAGATAGTAT,Neo_FACS,Neonatal_FACS,10,Schwann cells,1413,2689.0
Neo_FACS_CCTTCCTCAGTT,Neo_FACS,Neonatal_FACS,0,Mesenchymal cells,1245,2319.0
Neo_FACS_CGCTTTGGTAAG,Neo_FACS,Neonatal_FACS,0,Mesenchymal cells,1190,2772.0
Neo_FACS_TAGAGTAGCAAN,Neo_FACS,Neonatal_FACS,6,Endothelial cells,1441,2563.0
Neo_FACS_GTTTAGACAGAA,Neo_FACS,Neonatal_FACS,4,Endothelial cells,1321,2318.0
Neo_FACS_GAACAGAATCGC,Neo_FACS,Neonatal_FACS,12,Schwann cells,1393,2436.0
Neo_FACS_GATTGCTGCGGN,Neo_FACS,Neonatal_FACS,0,Mesenchymal cells,1153,2152.0
Neo_FACS_AGTCTTGTTCCG,Neo_FACS,Neonatal_FACS,12,Schwann cells,1376,2648.0
Neo_FACS_ACATTCGACGTC,Neo_FACS,Neonatal_FACS,12,Schwann cells,1270,2750.0
Neo_FACS_GAGACCGTCCGA,Neo_FACS,Neonatal_FACS,10,Schwann cells,1517,2803.0
Neo_FACS_AATTATTTCTAT,Neo_FACS,Neonatal_FACS,10,Schwann cells,1281,2250.0
Neo_FACS_GCTGTTCCATTN,Neo_FACS,Neonatal_FACS,9,Schwann cells,1426,2482.0
Neo_FACS_GGCCGTGAGGAC,Neo_FACS,Neonatal_FACS,13,Endothelial cells,1495,3215.0
Neo_FACS_ACCACGTATCCN,Neo_FACS,Neonatal_FACS,12,Schwann cells,1253,2606.0
Neo_FACS_GAAGTCCGGGTT,Neo_FACS,Neonatal_FACS,2,Schwann cells,1386,2600.0
Neo_FACS_ACCCCAATCGTA,Neo_FACS,Neonatal_FACS,10,Schwann cells,1428,2670.0
Neo_FACS_AGAGGTTTAGAC,Neo_FACS,Neonatal_FACS,3,Mesenchymal cells,1528,2805.0
Neo_FACS_CCAGATGCAATT,Neo_FACS,Neonatal_FACS,0,Mesenchymal cells,1191,2254.0
Neo_FACS_ATCTTTAAAACC,Neo_FACS,Neonatal_FACS,9,Schwann cells,1307,2303.0
Neo_FACS_TGCTACTTGCCG,Neo_FACS,Neonatal_FACS,12,Schwann cells,1354,2407.0
Neo_FACS_GGTATACTTAGG,Neo_FACS,Neonatal_FACS,13,Endothelial cells,1420,2832.0
Neo_FACS_ATAGCGATCTGC,Neo_FACS,Neonatal_FACS,16,Mast cells,1116,2810.0
Neo_FACS_TAATAAATGGTT,Neo_FACS,Neonatal_FACS,11,Macrophages,1265,2397.0
Neo_FACS_GGGTTCACCGTA,Neo_FACS,Neonatal_FACS,7,Pericytes/VSM,1629,2858.0
Neo_FACS_GCCTAGACATTC,Neo_FACS,Neonatal_FACS,10,Schwann cells,1412,2550.0
Neo_FACS_ACTTGTCCTCCA,Neo_FACS,Neonatal_FACS,2,Schwann cells,1563,2894.0
Neo_FACS_AGTTCCATTCCG,Neo_FACS,Neonatal_FACS,11,Macrophages,1245,2173.0
Neo_FACS_CGCACCCGGAAG,Neo_FACS,Neonatal_FACS,10,Schwann cells,1413,2666.0
Neo_FACS_TTGTTGGAGACN,Neo_FACS,Neonatal_FACS,10,Schwann cells,1449,2483.0
Neo_FACS_CAAGCCATTGCC,Neo_FACS,Neonatal_FACS,13,Endothelial cells,1092,2127.0
Neo_FACS_CACTACCAATCA,Neo_FACS,Neonatal_FACS,13,Endothelial cells,883,1709.0
Neo_FACS_GGCTGACCAACC,Neo_FACS,Neonatal_FACS,0,Mesenchymal cells,1375,3556.0
Neo_FACS_AGACCGCACTAA,Neo_FACS,Neonatal_FACS,2,Schwann cells,1619,2972.0
Neo_FACS_GTAGCTACCGGT,Neo_FACS,Neonatal_FACS,10,Schwann cells,1383,2361.0
Neo_FACS_CTAATTGAATGT,Neo_FACS,Neonatal_FACS,3,Mesenchymal cells,1189,2367.0
Neo_FACS_GCATGTGATGAC,Neo_FACS,Neonatal_FACS,10,Schwann cells,1436,2481.0
Neo_FACS_CAGTTGCCCATT,Neo_FACS,Neonatal_FACS,12,Schwann cells,1344,2480.0
Neo_FACS_GCCCCATGAGGT,Neo_FACS,Neonatal_FACS,2,Schwann cells,1357,2489.0
Neo_FACS_GCAAGCCCATTC,Neo_FACS,Neonatal_FACS,9,Schwann cells,1489,2857.0
Neo_FACS_AAGAAGTCAAAG,Neo_FACS,Neonatal_FACS,0,Mesenchymal cells,989,2086.0
Neo_FACS_TTTACCGCGATT,Neo_FACS,Neonatal_FACS,12,Schwann cells,1230,2410.0
Neo_FACS_GCGCCCACAAGA,Neo_FACS,Neonatal_FACS,12,Schwann cells,1399,3032.0
Neo_FACS_ACCAAATAAAGA,Neo_FACS,Neonatal_FACS,11,Macrophages,1211,2242.0
Neo_FACS_TTTCGAATATTT,Neo_FACS,Neonatal_FACS,10,Schwann cells,1315,2189.0
Neo_FACS_TTTTTCTTATAC,Neo_FACS,Neonatal_FACS,1,Mesenchymal cells,1153,2234.0
Neo_FACS_CTGTCTGATCCN,Neo_FACS,Neonatal_FACS,3,Mesenchymal cells,1269,2504.0
Neo_FACS_AGTAAGTGTTAG,Neo_FACS,Neonatal_FACS,6,Endothelial cells,997,1648.0
Neo_FACS_CGCGTCTATTCT,Neo_FACS,Neonatal_FACS,12,Schwann cells,1415,2854.0
Neo_FACS_TCGTGGTAGTCT,Neo_FACS,Neonatal_FACS,12,Schwann cells,1319,2425.0
Neo_FACS_CTTCGCCTAATT,Neo_FACS,Neonatal_FACS,10,Schwann cells,1376,2357.0
Neo_FACS_TTTGCGTGCCTC,Neo_FACS,Neonatal_FACS,9,Schwann cells,1331,2418.0
Neo_FACS_TTCCCATCGCCN,Neo_FACS,Neonatal_FACS,10,Schwann cells,1213,1988.0
Neo_FACS_GGTTTTTTGGAG,Neo_FACS,Neonatal_FACS,10,Schwann cells,1327,2535.0
Neo_FACS_GGCACGTGGTGC,Neo_FACS,Neonatal_FACS,1,Mesenchymal cells,1147,2281.0
Neo_FACS_ATTATTGCGTTC,Neo_FACS,Neonatal_FACS,9,Schwann cells,1355,2270.0
Neo_FACS_CGAGCAGCTTTN,Neo_FACS,Neonatal_FACS,2,Schwann cells,1560,2971.0
Neo_FACS_AGGTGCGTCCTA,Neo_FACS,Neonatal_FACS,4,Endothelial cells,1705,3429.0
Neo_FACS_CACACAGCCGTT,Neo_FACS,Neonatal_FACS,10,Schwann cells,1317,2369.0
Neo_FACS_GCGCCTGGGACA,Neo_FACS,Neonatal_FACS,13,Endothelial cells,946,2526.0
Neo_FACS_ACACCGCTCGCC,Neo_FACS,Neonatal_FACS,9,Schwann cells,1462,2797.0
Neo_FACS_CGTTCCTAGGGG,Neo_FACS,Neonatal_FACS,0,Mesenchymal cells,1030,2577.0
Neo_FACS_AAATGGGCTGGT,Neo_FACS,Neonatal_FACS,10,Schwann cells,1283,2236.0
Neo_FACS_GTAGCGCGGTGT,Neo_FACS,Neonatal_FACS,12,Schwann cells,1291,2612.0
Neo_FACS_ATGGCATTTGAG,Neo_FACS,Neonatal_FACS,0,Mesenchymal cells,1291,2463.0
Neo_FACS_GGCCCGAGGCAT,Neo_FACS,Neonatal_FACS,0,Mesenchymal cells,941,2918.0
Neo_FACS_TCGATTCGAAAN,Neo_FACS,Neonatal_FACS,0,Mesenchymal cells,1107,2130.0
Neo_FACS_TTGTAGACATAN,Neo_FACS,Neonatal_FACS,10,Schwann cells,1218,2039.0
Neo_FACS_CCTTGGAGGCGA,Neo_FACS,Neonatal_FACS,9,Schwann cells,1371,2355.0
Neo_FACS_ACATGGTCATCC,Neo_FACS,Neonatal_FACS,6,Endothelial cells,1441,2290.0
Neo_FACS_GGCTTTGATGCC,Neo_FACS,Neonatal_FACS,12,Schwann cells,1075,2965.0
Neo_FACS_CATGCAATAAGC,Neo_FACS,Neonatal_FACS,2,Schwann cells,1372,2329.0
Neo_FACS_TGACAACCCCAA,Neo_FACS,Neonatal_FACS,12,Schwann cells,1348,2676.0
Neo_FACS_TTTTGCAATATN,Neo_FACS,Neonatal_FACS,0,Mesenchymal cells,1148,1971.0
Neo_FACS_TCTATGACCTTA,Neo_FACS,Neonatal_FACS,2,Schwann cells,1217,1958.0
Neo_FACS_AGGTATAGGACT,Neo_FACS,Neonatal_FACS,12,Schwann cells,1530,2951.0
Neo_FACS_TTGACTACGCTC,Neo_FACS,Neonatal_FACS,0,Mesenchymal cells,1343,2495.0
Neo_FACS_TGGTCGCACCCC,Neo_FACS,Neonatal_FACS,2,Schwann cells,1431,2476.0
Neo_FACS_GGTTTTGCCTAC,Neo_FACS,Neonatal_FACS,4,Endothelial cells,1456,2934.0
Neo_FACS_TGTCATATAGCT,Neo_FACS,Neonatal_FACS,1,Mesenchymal cells,1179,2252.0
Neo_FACS_ACTTTTCCCGAA,Neo_FACS,Neonatal_FACS,6,Endothelial cells,1348,2365.0
Neo_FACS_AGTGCGTAACTA,Neo_FACS,Neonatal_FACS,12,Schwann cells,1368,2690.0
Neo_FACS_TCTCGACTCATT,Neo_FACS,Neonatal_FACS,13,Endothelial cells,1180,2281.0
Neo_FACS_AGTTTTGAGAAT,Neo_FACS,Neonatal_FACS,9,Schwann cells,1223,2020.0
Neo_FACS_CTGTTGCGTTTT,Neo_FACS,Neonatal_FACS,10,Schwann cells,1383,2474.0
Neo_FACS_CCGGCCGTGCGC,Neo_FACS,Neonatal_FACS,11,Macrophages,1350,2851.0
Neo_FACS_GTGAGGGACCAT,Neo_FACS,Neonatal_FACS,7,Pericytes/VSM,1544,2875.0
Neo_FACS_TAATGCTTGAAA,Neo_FACS,Neonatal_FACS,7,Pericytes/VSM,1173,1983.0
Neo_FACS_AACTTCCACTTA,Neo_FACS,Neonatal_FACS,7,Pericytes/VSM,1202,2127.0
Neo_FACS_CAACCGGAGACC,Neo_FACS,Neonatal_FACS,13,Endothelial cells,1296,2178.0
Neo_FACS_TGGCACAATCGN,Neo_FACS,Neonatal_FACS,2,Schwann cells,1278,2010.0
Neo_FACS_CAGCTGGCGGTC,Neo_FACS,Neonatal_FACS,9,Schwann cells,1325,2375.0
Neo_FACS_AAATACCAAGTC,Neo_FACS,Neonatal_FACS,12,Schwann cells,978,1820.0
Neo_FACS_GCGTACTCTCAT,Neo_FACS,Neonatal_FACS,3,Mesenchymal cells,678,1487.0
Neo_FACS_AGTCTAAGCCAA,Neo_FACS,Neonatal_FACS,2,Schwann cells,1378,2330.0
Neo_FACS_CTGAACTCGTTG,Neo_FACS,Neonatal_FACS,10,Schwann cells,1276,2086.0
Neo_FACS_CGAGTATCCGTG,Neo_FACS,Neonatal_FACS,2,Schwann cells,1347,2618.0
Neo_FACS_GTAGAAAGCACN,Neo_FACS,Neonatal_FACS,9,Schwann cells,1150,1842.0
Neo_FACS_ATGGTGTTGTCT,Neo_FACS,Neonatal_FACS,10,Schwann cells,1319,2262.0
Neo_FACS_AATATTGTTTTG,Neo_FACS,Neonatal_FACS,3,Mesenchymal cells,1253,2267.0
Neo_FACS_AGTAGTCCCGTC,Neo_FACS,Neonatal_FACS,4,Endothelial cells,1393,3053.0
Neo_FACS_ATTTACCTAGAT,Neo_FACS,Neonatal_FACS,4,Endothelial cells,1273,2336.0
Neo_FACS_AGTGATGCGCCT,Neo_FACS,Neonatal_FACS,4,Endothelial cells,1446,2917.0
Neo_FACS_GTCAAAGCAGAC,Neo_FACS,Neonatal_FACS,12,Schwann cells,1164,2004.0
Neo_FACS_CAGTGCGCCCTA,Neo_FACS,Neonatal_FACS,9,Schwann cells,1265,2461.0
Neo_FACS_CCTGAAAGGTTC,Neo_FACS,Neonatal_FACS,10,Schwann cells,1171,1901.0
Neo_FACS_GAATTAAACCGT,Neo_FACS,Neonatal_FACS,9,Schwann cells,1282,2287.0
Neo_FACS_TATTCGCGCTGA,Neo_FACS,Neonatal_FACS,9,Schwann cells,1252,2113.0
Neo_FACS_GTCTGAGAGTGC,Neo_FACS,Neonatal_FACS,7,Pericytes/VSM,1477,2409.0
Neo_FACS_ATGTCCCGCACC,Neo_FACS,Neonatal_FACS,9,Schwann cells,1454,2746.0
Neo_FACS_CATGGATTGTTC,Neo_FACS,Neonatal_FACS,0,Mesenchymal cells,1084,2123.0
Neo_FACS_CTGGCTGGAGCT,Neo_FACS,Neonatal_FACS,11,Macrophages,1203,2449.0
Neo_FACS_ATGGCGTCTCGA,Neo_FACS,Neonatal_FACS,7,Pericytes/VSM,1204,2047.0
Neo_FACS_TCTAAGCGCAAC,Neo_FACS,Neonatal_FACS,10,Schwann cells,1287,2269.0
Neo_FACS_GCTAATCGTGGG,Neo_FACS,Neonatal_FACS,9,Schwann cells,1123,2004.0
Neo_FACS_AACCTTATGAAC,Neo_FACS,Neonatal_FACS,10,Schwann cells,1162,1829.0
Neo_FACS_CAGAAGCGGGCT,Neo_FACS,Neonatal_FACS,9,Schwann cells,1073,1783.0
Neo_FACS_TTCAATGTTCGT,Neo_FACS,Neonatal_FACS,10,Schwann cells,1333,2400.0
Neo_FACS_GAGCAACAAATT,Neo_FACS,Neonatal_FACS,10,Schwann cells,1024,1629.0
Neo_FACS_CTGTCTGGGGTG,Neo_FACS,Neonatal_FACS,1,Mesenchymal cells,1240,2681.0
Neo_FACS_CATGTGACCACT,Neo_FACS,Neonatal_FACS,12,Schwann cells,1266,2163.0
Neo_FACS_GAACGAGACCCA,Neo_FACS,Neonatal_FACS,0,Mesenchymal cells,1325,2572.0
Neo_FACS_AGGAGGTGTAAN,Neo_FACS,Neonatal_FACS,9,Schwann cells,1333,2229.0
Neo_FACS_TGCGGGCCGACT,Neo_FACS,Neonatal_FACS,7,Pericytes/VSM,1337,2566.0
Neo_FACS_TCCGTCTGGGCC,Neo_FACS,Neonatal_FACS,1,Mesenchymal cells,1255,2628.0
Neo_FACS_GCGGACAGCCAT,Neo_FACS,Neonatal_FACS,2,Schwann cells,1478,2816.0
Neo_FACS_GTTTCGGTGCAG,Neo_FACS,Neonatal_FACS,10,Schwann cells,1456,2615.0
Neo_FACS_GAGCGCGCTAGC,Neo_FACS,Neonatal_FACS,0,Mesenchymal cells,1143,2926.0
Neo_FACS_TTTTCTCGCATC,Neo_FACS,Neonatal_FACS,2,Schwann cells,1304,2334.0
Neo_FACS_TGGCATAGATAG,Neo_FACS,Neonatal_FACS,10,Schwann cells,1353,2373.0
Neo_FACS_GGGGTGCGCCCA,Neo_FACS,Neonatal_FACS,7,Pericytes/VSM,1920,4293.0
Neo_FACS_GCTGGAGGGTGA,Neo_FACS,Neonatal_FACS,12,Schwann cells,1267,3017.0
Neo_FACS_TGGTTCCAATCA,Neo_FACS,Neonatal_FACS,0,Mesenchymal cells,968,2415.0
Neo_FACS_AGCAGTAAAACT,Neo_FACS,Neonatal_FACS,7,Pericytes/VSM,1215,2163.0
Neo_FACS_GCCGATTGTAAT,Neo_FACS,Neonatal_FACS,1,Mesenchymal cells,1148,2119.0
Neo_FACS_AACCGCAAGGGT,Neo_FACS,Neonatal_FACS,9,Schwann cells,1120,2000.0
Neo_FACS_AGGCTATCGTCT,Neo_FACS,Neonatal_FACS,9,Schwann cells,1307,2191.0
Neo_FACS_TGGTAGAGGACG,Neo_FACS,Neonatal_FACS,2,Schwann cells,1488,2493.0
Neo_FACS_TACGGTGCGCTA,Neo_FACS,Neonatal_FACS,9,Schwann cells,1439,2249.0
Neo_FACS_CCTTCGGAAGAT,Neo_FACS,Neonatal_FACS,10,Schwann cells,1244,2183.0
Neo_FACS_ACTGGTAATGAT,Neo_FACS,Neonatal_FACS,0,Mesenchymal cells,1346,2461.0
Neo_FACS_AAATCAAACTAT,Neo_FACS,Neonatal_FACS,12,Schwann cells,1066,1850.0
Neo_FACS_CGCTAGTTCTTT,Neo_FACS,Neonatal_FACS,9,Schwann cells,1243,2163.0
Neo_FACS_CAAAACAGGCGA,Neo_FACS,Neonatal_FACS,7,Pericytes/VSM,1233,2164.0
Neo_FACS_CTCGCTATATAA,Neo_FACS,Neonatal_FACS,6,Endothelial cells,1356,2377.0
Neo_FACS_TTGCGCCAGGTA,Neo_FACS,Neonatal_FACS,12,Schwann cells,1189,2249.0
Neo_FACS_ACTGTCATAGGT,Neo_FACS,Neonatal_FACS,10,Schwann cells,1438,2439.0
Neo_FACS_CTCTGCGCTTGT,Neo_FACS,Neonatal_FACS,0,Mesenchymal cells,1043,2002.0
Neo_FACS_GGATAACCCCTA,Neo_FACS,Neonatal_FACS,7,Pericytes/VSM,1384,2269.0
Neo_FACS_CCCTCATTATAG,Neo_FACS,Neonatal_FACS,2,Schwann cells,1307,2184.0
Neo_FACS_TCCTTCATCCCC,Neo_FACS,Neonatal_FACS,9,Schwann cells,1274,2407.0
Neo_FACS_TCCTAATGTGAC,Neo_FACS,Neonatal_FACS,10,Schwann cells,1301,2413.0
Neo_FACS_TCTTTAGGAACT,Neo_FACS,Neonatal_FACS,10,Schwann cells,1154,2010.0
Neo_FACS_GACTACTATGGA,Neo_FACS,Neonatal_FACS,13,Endothelial cells,960,1902.0
Neo_FACS_GTTCCGGATTCC,Neo_FACS,Neonatal_FACS,9,Schwann cells,1097,1785.0
Neo_FACS_TTGGTAGGGCTT,Neo_FACS,Neonatal_FACS,10,Schwann cells,1444,2587.0
Neo_FACS_GTGGTAAAATAA,Neo_FACS,Neonatal_FACS,3,Mesenchymal cells,1209,2412.0
Neo_FACS_GAGAATCGCTTA,Neo_FACS,Neonatal_FACS,12,Schwann cells,1025,1947.0
Neo_FACS_CCCCGCCCGGGT,Neo_FACS,Neonatal_FACS,10,Schwann cells,1229,2265.0
Neo_FACS_TCCTGCTCATTA,Neo_FACS,Neonatal_FACS,13,Endothelial cells,1304,2398.0
Neo_FACS_CCAGCGGCTTCT,Neo_FACS,Neonatal_FACS,9,Schwann cells,1192,2035.0
Neo_FACS_TCATCAAAACTC,Neo_FACS,Neonatal_FACS,4,Endothelial cells,1134,1934.0
Neo_FACS_TCCCCGCGCAAT,Neo_FACS,Neonatal_FACS,12,Schwann cells,1141,2245.0
Neo_FACS_CCTGAGGGCGTC,Neo_FACS,Neonatal_FACS,0,Mesenchymal cells,945,2221.0
Neo_FACS_AGTGCATATAAA,Neo_FACS,Neonatal_FACS,0,Mesenchymal cells,1219,2353.0
Neo_FACS_CGAGCCACGCCG,Neo_FACS,Neonatal_FACS,0,Mesenchymal cells,849,2426.0
Neo_FACS_CTCGCCAAATCG,Neo_FACS,Neonatal_FACS,9,Schwann cells,1111,1821.0
Neo_FACS_TTACAGCCCACG,Neo_FACS,Neonatal_FACS,10,Schwann cells,1351,2262.0
Neo_FACS_CTTAGGGCGGGA,Neo_FACS,Neonatal_FACS,0,Mesenchymal cells,1389,2851.0
Neo_FACS_ATTGTCACTTCN,Neo_FACS,Neonatal_FACS,1,Mesenchymal cells,953,2057.0
Neo_FACS_AAAAACATCGTG,Neo_FACS,Neonatal_FACS,10,Schwann cells,1175,1824.0
Neo_FACS_TTCGGTCATAGG,Neo_FACS,Neonatal_FACS,11,Macrophages,1313,2615.0
Neo_FACS_GAAAAGTTCGGA,Neo_FACS,Neonatal_FACS,10,Schwann cells,1293,2216.0
Neo_FACS_GACACGCGTGGG,Neo_FACS,Neonatal_FACS,10,Schwann cells,1404,2590.0
Neo_FACS_CAACGGGTAACA,Neo_FACS,Neonatal_FACS,12,Schwann cells,1081,1777.0
Neo_FACS_CGAGCGCAGTAA,Neo_FACS,Neonatal_FACS,1,Mesenchymal cells,1190,2209.0
Neo_FACS_ACTGGCCGGAAA,Neo_FACS,Neonatal_FACS,10,Schwann cells,1250,2084.0
Neo_FACS_TGTTCTCGTCGC,Neo_FACS,Neonatal_FACS,10,Schwann cells,1355,2521.0
Neo_FACS_TAAACGATTCAG,Neo_FACS,Neonatal_FACS,5,Endothelial cells,1175,2193.0
Neo_FACS_TACCTACAGTCC,Neo_FACS,Neonatal_FACS,9,Schwann cells,1404,2535.0
Neo_FACS_CCCATTAATAGG,Neo_FACS,Neonatal_FACS,7,Pericytes/VSM,1269,2005.0
Neo_FACS_TCTGTTCCGCGC,Neo_FACS,Neonatal_FACS,10,Schwann cells,1340,2454.0
Neo_FACS_CCAGAGAGTCGC,Neo_FACS,Neonatal_FACS,9,Schwann cells,1015,1747.0
Neo_FACS_TACTAGAGATAT,Neo_FACS,Neonatal_FACS,4,Endothelial cells,1185,2039.0
Neo_FACS_AACCACTGGTTA,Neo_FACS,Neonatal_FACS,0,Mesenchymal cells,706,1671.0
Neo_FACS_CCTGAAGACCTN,Neo_FACS,Neonatal_FACS,0,Mesenchymal cells,1147,2182.0
Neo_FACS_TGATATTCGTTC,Neo_FACS,Neonatal_FACS,10,Schwann cells,1197,1926.0
Neo_FACS_TAAGATCGCTCA,Neo_FACS,Neonatal_FACS,0,Mesenchymal cells,1202,2049.0
Neo_FACS_AGTACGATATAG,Neo_FACS,Neonatal_FACS,0,Mesenchymal cells,1017,2077.0
Neo_FACS_AACCCATAGGTC,Neo_FACS,Neonatal_FACS,0,Mesenchymal cells,803,1424.0
Neo_FACS_ATTTTGGACGGC,Neo_FACS,Neonatal_FACS,0,Mesenchymal cells,1026,2142.0
Neo_FACS_CCGGTCACCTGG,Neo_FACS,Neonatal_FACS,6,Endothelial cells,1343,2403.0
Neo_FACS_GCTCTGTATGTT,Neo_FACS,Neonatal_FACS,13,Endothelial cells,1347,2500.0
Neo_FACS_CGTCATTAGCCC,Neo_FACS,Neonatal_FACS,0,Mesenchymal cells,1078,1883.0
Neo_FACS_TTCCACGCTGGC,Neo_FACS,Neonatal_FACS,11,Macrophages,1085,1829.0
Neo_FACS_CCTTGATAACCT,Neo_FACS,Neonatal_FACS,10,Schwann cells,1203,2028.0
Neo_FACS_CTATAGGCTACA,Neo_FACS,Neonatal_FACS,7,Pericytes/VSM,1001,1716.0
Neo_FACS_CACCAGTAGTGT,Neo_FACS,Neonatal_FACS,9,Schwann cells,678,989.0
Neo_FACS_GCCAACACGAGA,Neo_FACS,Neonatal_FACS,13,Endothelial cells,903,1908.0
Neo_FACS_ACGAGTATGGCT,Neo_FACS,Neonatal_FACS,14,Lymphocytes,1391,2465.0
Neo_FACS_AACTTGCAGTGT,Neo_FACS,Neonatal_FACS,13,Endothelial cells,995,1689.0
Neo_FACS_ACTATTTCACAT,Neo_FACS,Neonatal_FACS,9,Schwann cells,1084,1734.0
Neo_FACS_CGCATTAAAATA,Neo_FACS,Neonatal_FACS,10,Schwann cells,1218,1915.0
Neo_FACS_CAATGGACCCTG,Neo_FACS,Neonatal_FACS,12,Schwann cells,1068,1954.0
Neo_FACS_GGTGTTCATAAN,Neo_FACS,Neonatal_FACS,12,Schwann cells,1266,2656.0
Neo_FACS_TCCTGTAGTCGG,Neo_FACS,Neonatal_FACS,0,Mesenchymal cells,926,2272.0
Neo_FACS_GTCCAACACTCC,Neo_FACS,Neonatal_FACS,0,Mesenchymal cells,734,1918.0
Neo_FACS_ACAAAATGCATC,Neo_FACS,Neonatal_FACS,9,Schwann cells,1085,1838.0
Neo_FACS_CTTCGACGAAAC,Neo_FACS,Neonatal_FACS,0,Mesenchymal cells,727,1737.0
Neo_FACS_GATGGACCGGAN,Neo_FACS,Neonatal_FACS,3,Mesenchymal cells,1294,2521.0
Neo_FACS_GTTCGCAATTTG,Neo_FACS,Neonatal_FACS,0,Mesenchymal cells,1200,2461.0
Neo_FACS_AGCGGTCAACCA,Neo_FACS,Neonatal_FACS,10,Schwann cells,1392,2461.0
Neo_FACS_GTTTATACGAGA,Neo_FACS,Neonatal_FACS,10,Schwann cells,1127,1853.0
Neo_FACS_GAGCCAGTTACC,Neo_FACS,Neonatal_FACS,10,Schwann cells,1379,2523.0
Neo_FACS_ATTTAGGCAAGA,Neo_FACS,Neonatal_FACS,10,Schwann cells,965,1503.0
Neo_FACS_GGATTTGTACGC,Neo_FACS,Neonatal_FACS,10,Schwann cells,1237,2117.0
Neo_FACS_CCACGTTAAACA,Neo_FACS,Neonatal_FACS,0,Mesenchymal cells,1009,2000.0
Neo_FACS_ACCGGTTTGGTN,Neo_FACS,Neonatal_FACS,9,Schwann cells,1266,2155.0
Neo_FACS_ATGGAGAGTGTN,Neo_FACS,Neonatal_FACS,0,Mesenchymal cells,1185,2143.0
Neo_FACS_CGGACTTCTGTC,Neo_FACS,Neonatal_FACS,10,Schwann cells,1236,2040.0
Neo_FACS_GACACCGTGAAC,Neo_FACS,Neonatal_FACS,9,Schwann cells,1290,2061.0
Neo_FACS_TCCGTCTAGCAT,Neo_FACS,Neonatal_FACS,9,Schwann cells,1182,2057.0
Neo_FACS_CGACCTGAATGG,Neo_FACS,Neonatal_FACS,9,Schwann cells,1251,2243.0
Neo_FACS_AAATAACGTTGA,Neo_FACS,Neonatal_FACS,2,Schwann cells,1066,1691.0
Neo_FACS_CTACCCGTAGGT,Neo_FACS,Neonatal_FACS,7,Pericytes/VSM,1115,1923.0
Neo_FACS_AGCAGTGGGCTT,Neo_FACS,Neonatal_FACS,12,Schwann cells,702,1366.0
Neo_FACS_GGAAGCTCTGCG,Neo_FACS,Neonatal_FACS,11,Macrophages,1204,2065.0
Neo_FACS_CACGCCTTATAC,Neo_FACS,Neonatal_FACS,1,Mesenchymal cells,1137,2108.0
Neo_FACS_GCCTTGAACGGA,Neo_FACS,Neonatal_FACS,1,Mesenchymal cells,1018,2015.0
Neo_FACS_TGTGGTTAGACA,Neo_FACS,Neonatal_FACS,0,Mesenchymal cells,1426,2647.0
Neo_FACS_GTAGGATCGCTG,Neo_FACS,Neonatal_FACS,13,Endothelial cells,1172,2289.0
Neo_FACS_AACTGCTTGCGC,Neo_FACS,Neonatal_FACS,10,Schwann cells,1123,1780.0
Neo_FACS_TCTTTTTGATTC,Neo_FACS,Neonatal_FACS,10,Schwann cells,1118,1849.0
Neo_FACS_CTCTTAGCGACG,Neo_FACS,Neonatal_FACS,10,Schwann cells,1290,2399.0
Neo_FACS_AGACGCAACGAA,Neo_FACS,Neonatal_FACS,10,Schwann cells,1345,2275.0
Neo_FACS_AATCATTTTTTA,Neo_FACS,Neonatal_FACS,0,Mesenchymal cells,1058,1720.0
Neo_FACS_CACGCAAGTCGN,Neo_FACS,Neonatal_FACS,3,Mesenchymal cells,979,1936.0
Neo_FACS_AGTTTGGTTTCC,Neo_FACS,Neonatal_FACS,9,Schwann cells,1117,1875.0
Neo_FACS_ACGACCTAACCG,Neo_FACS,Neonatal_FACS,13,Endothelial cells,1413,2598.0
Neo_FACS_GTGGCCAAGATT,Neo_FACS,Neonatal_FACS,2,Schwann cells,1338,2122.0
Neo_FACS_TAAGTAGTCCTT,Neo_FACS,Neonatal_FACS,3,Mesenchymal cells,880,1929.0
Neo_FACS_CAGGTCAGCGAC,Neo_FACS,Neonatal_FACS,7,Pericytes/VSM,1115,1853.0
Neo_FACS_TCAAAGGGATGA,Neo_FACS,Neonatal_FACS,7,Pericytes/VSM,1040,1713.0
Neo_FACS_GGTCCGCAACCA,Neo_FACS,Neonatal_FACS,9,Schwann cells,1283,2104.0
Neo_FACS_ATTTTTTCCCAN,Neo_FACS,Neonatal_FACS,6,Endothelial cells,1051,1719.0
Neo_FACS_CTTCGCGCAGGA,Neo_FACS,Neonatal_FACS,10,Schwann cells,1191,2025.0
Neo_FACS_ATATGGCCATGG,Neo_FACS,Neonatal_FACS,0,Mesenchymal cells,1099,2476.0
Neo_FACS_AGAACTATGTTT,Neo_FACS,Neonatal_FACS,7,Pericytes/VSM,1148,2076.0
Neo_FACS_GTTCGTAGTTCA,Neo_FACS,Neonatal_FACS,1,Mesenchymal cells,986,1913.0
Neo_FACS_AAGCTTTATCGG,Neo_FACS,Neonatal_FACS,10,Schwann cells,1169,1977.0
Neo_FACS_TTTATGTTTGGT,Neo_FACS,Neonatal_FACS,9,Schwann cells,1097,1759.0
Neo_FACS_GTTCAAAGTTTC,Neo_FACS,Neonatal_FACS,10,Schwann cells,1091,1786.0
Neo_FACS_CCATCTTCCACC,Neo_FACS,Neonatal_FACS,1,Mesenchymal cells,884,1840.0
Neo_FACS_CGGAGGATGCCC,Neo_FACS,Neonatal_FACS,10,Schwann cells,1400,2514.0
Neo_FACS_TGACTTCACAAA,Neo_FACS,Neonatal_FACS,9,Schwann cells,1109,1734.0
Neo_FACS_TGTCGTGACTTC,Neo_FACS,Neonatal_FACS,12,Schwann cells,1151,1906.0
Neo_FACS_ACTACGAAGCAA,Neo_FACS,Neonatal_FACS,9,Schwann cells,989,1674.0
Neo_FACS_CCTCTAACTTGG,Neo_FACS,Neonatal_FACS,7,Pericytes/VSM,1129,2257.0
Neo_FACS_GTATACGCACCC,Neo_FACS,Neonatal_FACS,9,Schwann cells,1156,1774.0
Neo_FACS_TACTGTGGACCC,Neo_FACS,Neonatal_FACS,4,Endothelial cells,1232,2258.0
Neo_FACS_AAGGCATTGGTT,Neo_FACS,Neonatal_FACS,2,Schwann cells,1097,1854.0
Neo_FACS_ACCCTGGCGGGA,Neo_FACS,Neonatal_FACS,7,Pericytes/VSM,1103,2129.0
Neo_FACS_AATATGTTAATA,Neo_FACS,Neonatal_FACS,10,Schwann cells,1142,1844.0
Neo_FACS_AAGCCTGATGCC,Neo_FACS,Neonatal_FACS,10,Schwann cells,1259,2085.0
Neo_FACS_CTCTACATCGCG,Neo_FACS,Neonatal_FACS,0,Mesenchymal cells,1133,2139.0
Neo_FACS_TAACCTCACTCT,Neo_FACS,Neonatal_FACS,10,Schwann cells,1204,2123.0
Neo_FACS_ATGTGCATCTCA,Neo_FACS,Neonatal_FACS,12,Schwann cells,764,1463.0
Neo_FACS_TACCTCCGAGTC,Neo_FACS,Neonatal_FACS,0,Mesenchymal cells,870,1549.0
Neo_FACS_ACTGACCCGAAG,Neo_FACS,Neonatal_FACS,4,Endothelial cells,1256,2264.0
Neo_FACS_CCGTATGCCCCG,Neo_FACS,Neonatal_FACS,4,Endothelial cells,1157,1986.0
Neo_FACS_CAACTTGGGAAA,Neo_FACS,Neonatal_FACS,13,Endothelial cells,1012,1885.0
Neo_FACS_GTGATTAATCAT,Neo_FACS,Neonatal_FACS,9,Schwann cells,1085,1746.0
Neo_FACS_TGATTCCAGGTA,Neo_FACS,Neonatal_FACS,12,Schwann cells,921,1687.0
Neo_FACS_GGTGCTTTGGCT,Neo_FACS,Neonatal_FACS,9,Schwann cells,1379,2455.0
Neo_FACS_GGAAGACATTCC,Neo_FACS,Neonatal_FACS,10,Schwann cells,1219,2038.0
Neo_FACS_CCACGGAGAAGG,Neo_FACS,Neonatal_FACS,9,Schwann cells,1017,1634.0
Neo_FACS_TGAAATCCTATT,Neo_FACS,Neonatal_FACS,0,Mesenchymal cells,621,1871.0
Neo_FACS_AAGGCGCGCATC,Neo_FACS,Neonatal_FACS,2,Schwann cells,1084,2092.0
Neo_FACS_ACCCAGACACCC,Neo_FACS,Neonatal_FACS,13,Endothelial cells,740,1825.0
Neo_FACS_TAGCAAACATGC,Neo_FACS,Neonatal_FACS,10,Schwann cells,1155,1874.0
Neo_FACS_TGGTCAGGTTAG,Neo_FACS,Neonatal_FACS,10,Schwann cells,1256,2243.0
Neo_FACS_GGCCGCTCCGCT,Neo_FACS,Neonatal_FACS,10,Schwann cells,1004,1637.0
Neo_FACS_AGCCCACACCGC,Neo_FACS,Neonatal_FACS,10,Schwann cells,1303,2312.0
Neo_FACS_CAATTCGCTCTA,Neo_FACS,Neonatal_FACS,10,Schwann cells,997,1616.0
Neo_FACS_CATGAGTTCATG,Neo_FACS,Neonatal_FACS,6,Endothelial cells,1050,1780.0
Neo_FACS_GGATACCAGCAA,Neo_FACS,Neonatal_FACS,7,Pericytes/VSM,1198,2049.0
Neo_FACS_TACAGTTAGATA,Neo_FACS,Neonatal_FACS,10,Schwann cells,1074,1733.0
Neo_FACS_GGCTTGGCTTCC,Neo_FACS,Neonatal_FACS,10,Schwann cells,1281,2158.0
Neo_FACS_GTCCGCCACAGA,Neo_FACS,Neonatal_FACS,3,Mesenchymal cells,821,1316.0
Neo_FACS_AGTCGACGAATC,Neo_FACS,Neonatal_FACS,3,Mesenchymal cells,1043,2134.0
Neo_FACS_TCCGTCATATGN,Neo_FACS,Neonatal_FACS,12,Schwann cells,1093,1883.0
Neo_FACS_TCGCTGTTTTCC,Neo_FACS,Neonatal_FACS,4,Endothelial cells,998,1598.0
Neo_FACS_ATGATCACATGC,Neo_FACS,Neonatal_FACS,9,Schwann cells,1210,2001.0
Neo_FACS_CCCGACGGCCTG,Neo_FACS,Neonatal_FACS,9,Schwann cells,1042,1701.0
Neo_FACS_GGCATCGTTTTT,Neo_FACS,Neonatal_FACS,12,Schwann cells,1175,2070.0
Neo_FACS_TCCCAGGCATCT,Neo_FACS,Neonatal_FACS,4,Endothelial cells,1102,1774.0
Neo_FACS_ATCACTATGTTA,Neo_FACS,Neonatal_FACS,6,Endothelial cells,1142,1821.0
Neo_FACS_GCGCGCAGACTG,Neo_FACS,Neonatal_FACS,13,Endothelial cells,1249,2557.0
Neo_FACS_TTACTCTATAAT,Neo_FACS,Neonatal_FACS,9,Schwann cells,971,1547.0
Neo_FACS_GTCATAGGGAGC,Neo_FACS,Neonatal_FACS,10,Schwann cells,1240,2118.0
Neo_FACS_GTCAAGGCTCGG,Neo_FACS,Neonatal_FACS,10,Schwann cells,1104,1869.0
Neo_FACS_AGGTATAGCCGT,Neo_FACS,Neonatal_FACS,12,Schwann cells,1289,2328.0
Neo_FACS_ATCCAGAGTTAC,Neo_FACS,Neonatal_FACS,1,Mesenchymal cells,636,1170.0
Neo_FACS_TAGTTCCCGGCG,Neo_FACS,Neonatal_FACS,10,Schwann cells,1022,1705.0
Neo_FACS_CTTACATGAAAG,Neo_FACS,Neonatal_FACS,2,Schwann cells,1118,1664.0
Neo_FACS_TCTAGGTATAGG,Neo_FACS,Neonatal_FACS,0,Mesenchymal cells,1101,2287.0
Neo_FACS_GCCTAGTATCGG,Neo_FACS,Neonatal_FACS,1,Mesenchymal cells,1014,1922.0
Neo_FACS_CATCCTATCTTG,Neo_FACS,Neonatal_FACS,0,Mesenchymal cells,706,1790.0
Neo_FACS_TCGCTATCTACG,Neo_FACS,Neonatal_FACS,9,Schwann cells,1132,1864.0
Neo_FACS_CCGCAAGGTCTC,Neo_FACS,Neonatal_FACS,10,Schwann cells,1101,1922.0
Neo_FACS_GTGTTAGAATAG,Neo_FACS,Neonatal_FACS,9,Schwann cells,1239,2045.0
Neo_FACS_AGTATGTCAGCC,Neo_FACS,Neonatal_FACS,10,Schwann cells,1160,1925.0
Neo_FACS_GCAGCTGATGGA,Neo_FACS,Neonatal_FACS,9,Schwann cells,1137,1832.0
Neo_FACS_TTATAGATAAGA,Neo_FACS,Neonatal_FACS,9,Schwann cells,1008,1563.0
Neo_FACS_GATAACGAGAGG,Neo_FACS,Neonatal_FACS,0,Mesenchymal cells,785,1743.0
Neo_FACS_ACTCGACGCTGC,Neo_FACS,Neonatal_FACS,10,Schwann cells,1164,1995.0
Neo_FACS_TCGGACCACGTA,Neo_FACS,Neonatal_FACS,10,Schwann cells,1242,2004.0
Neo_FACS_GGTGTCCTTATN,Neo_FACS,Neonatal_FACS,0,Mesenchymal cells,1128,2065.0
Neo_FACS_AGGCGGTATACA,Neo_FACS,Neonatal_FACS,9,Schwann cells,1287,2108.0
Neo_FACS_TATCAGCCTCGC,Neo_FACS,Neonatal_FACS,10,Schwann cells,1244,2085.0
Neo_FACS_TAAAACCGCCGN,Neo_FACS,Neonatal_FACS,7,Pericytes/VSM,1123,1934.0
Neo_FACS_GGGATTGCGCGT,Neo_FACS,Neonatal_FACS,1,Mesenchymal cells,1335,2745.0
Neo_FACS_TATAGTGTATCT,Neo_FACS,Neonatal_FACS,0,Mesenchymal cells,1202,2109.0
Neo_FACS_ATAAACTGCGAC,Neo_FACS,Neonatal_FACS,0,Mesenchymal cells,848,1845.0
Neo_FACS_CTGGGTCAAAGG,Neo_FACS,Neonatal_FACS,4,Endothelial cells,1408,2704.0
Neo_FACS_GTGGCACTCAGG,Neo_FACS,Neonatal_FACS,9,Schwann cells,1263,2188.0
Neo_FACS_CCGCTTCCGGTA,Neo_FACS,Neonatal_FACS,9,Schwann cells,1133,1949.0
Neo_FACS_TGATCCTGGGCG,Neo_FACS,Neonatal_FACS,0,Mesenchymal cells,994,2125.0
Neo_FACS_TCTCCCCTCCAA,Neo_FACS,Neonatal_FACS,9,Schwann cells,1181,2152.0
Neo_FACS_TCATCGTAGGAT,Neo_FACS,Neonatal_FACS,7,Pericytes/VSM,1083,1787.0
Neo_FACS_AACTACCGATAT,Neo_FACS,Neonatal_FACS,7,Pericytes/VSM,1052,1831.0
Neo_FACS_CCATTTAGGCGG,Neo_FACS,Neonatal_FACS,9,Schwann cells,1076,1800.0
Neo_FACS_GGATATAGCCCA,Neo_FACS,Neonatal_FACS,9,Schwann cells,1165,1912.0
Neo_FACS_ACCCGCATAAGT,Neo_FACS,Neonatal_FACS,12,Schwann cells,1181,1882.0
Neo_FACS_CGCGGGAACGGA,Neo_FACS,Neonatal_FACS,3,Mesenchymal cells,1132,2110.0
Neo_FACS_TATACGACTCAG,Neo_FACS,Neonatal_FACS,12,Schwann cells,1150,1940.0
Neo_FACS_TTTAGAGTCCGN,Neo_FACS,Neonatal_FACS,12,Schwann cells,1096,1968.0
Neo_FACS_CGCGGGACTCTC,Neo_FACS,Neonatal_FACS,9,Schwann cells,1271,2416.0
Neo_FACS_TGTTGGCAAACN,Neo_FACS,Neonatal_FACS,9,Schwann cells,1066,1621.0
Neo_FACS_TGCTAGTAGTCG,Neo_FACS,Neonatal_FACS,12,Schwann cells,953,1606.0
Neo_FACS_GACCCTCCAGGA,Neo_FACS,Neonatal_FACS,7,Pericytes/VSM,1093,1917.0
Neo_FACS_TCTGAAGCAGCT,Neo_FACS,Neonatal_FACS,3,Mesenchymal cells,781,1563.0
Neo_FACS_CCAGGTGTAGGC,Neo_FACS,Neonatal_FACS,1,Mesenchymal cells,1018,2065.0
Neo_FACS_AGAGGTTAAACT,Neo_FACS,Neonatal_FACS,10,Schwann cells,1020,1596.0
Neo_FACS_CGCTTGTAGGCN,Neo_FACS,Neonatal_FACS,4,Endothelial cells,1154,2031.0
Neo_FACS_CCGGGTAGCCTA,Neo_FACS,Neonatal_FACS,11,Macrophages,1225,2426.0
Neo_FACS_GCACCACAATGA,Neo_FACS,Neonatal_FACS,9,Schwann cells,1107,1710.0
Neo_FACS_TGTGAGCCGAGA,Neo_FACS,Neonatal_FACS,12,Schwann cells,922,1776.0
Neo_FACS_CGCCAAGGGATC,Neo_FACS,Neonatal_FACS,10,Schwann cells,987,1480.0
Neo_FACS_CTATGGTCGTAT,Neo_FACS,Neonatal_FACS,9,Schwann cells,1097,1735.0
Neo_FACS_GCTTCATATAGC,Neo_FACS,Neonatal_FACS,9,Schwann cells,1045,1698.0
Neo_FACS_TCAGCCTGTGGC,Neo_FACS,Neonatal_FACS,10,Schwann cells,986,1571.0
Neo_FACS_TGTGTTAAGTAC,Neo_FACS,Neonatal_FACS,11,Macrophages,1175,2017.0
Neo_FACS_AGGTATGGATCG,Neo_FACS,Neonatal_FACS,0,Mesenchymal cells,893,2036.0
Neo_FACS_CTGGAGTAGGAT,Neo_FACS,Neonatal_FACS,9,Schwann cells,1011,1523.0
Neo_FACS_CCCACGGATGCC,Neo_FACS,Neonatal_FACS,11,Macrophages,896,1634.0
Neo_FACS_CCGTCCTTAGAG,Neo_FACS,Neonatal_FACS,13,Endothelial cells,936,1861.0
Neo_FACS_CCAGTTGCGCGA,Neo_FACS,Neonatal_FACS,10,Schwann cells,1067,1778.0
Neo_FACS_GGCTGCATGGCN,Neo_FACS,Neonatal_FACS,9,Schwann cells,1321,2355.0
Neo_FACS_GACCCGGTGGTA,Neo_FACS,Neonatal_FACS,10,Schwann cells,1202,1982.0
Neo_FACS_AGGCGGAGATAN,Neo_FACS,Neonatal_FACS,13,Endothelial cells,1272,2064.0
Neo_FACS_AAACCTCAAAGC,Neo_FACS,Neonatal_FACS,9,Schwann cells,963,1515.0
Neo_FACS_GATCAAGCAGCA,Neo_FACS,Neonatal_FACS,2,Schwann cells,1120,1798.0
Neo_FACS_ATATACGGTCGA,Neo_FACS,Neonatal_FACS,3,Mesenchymal cells,978,1901.0
Neo_FACS_GGATCCTAGTTN,Neo_FACS,Neonatal_FACS,3,Mesenchymal cells,662,1535.0
Neo_FACS_CTTCGATATGCT,Neo_FACS,Neonatal_FACS,7,Pericytes/VSM,1049,1770.0
Neo_FACS_TTCATGGGACCN,Neo_FACS,Neonatal_FACS,0,Mesenchymal cells,839,1588.0
Neo_FACS_TGCTGCGGTCAT,Neo_FACS,Neonatal_FACS,7,Pericytes/VSM,1150,1833.0
Neo_FACS_GAGAACACGGAT,Neo_FACS,Neonatal_FACS,9,Schwann cells,1020,1567.0
Neo_FACS_ACAGGCGCGGAG,Neo_FACS,Neonatal_FACS,10,Schwann cells,1176,1909.0
Neo_FACS_AGCGGTCATCGC,Neo_FACS,Neonatal_FACS,7,Pericytes/VSM,1180,2082.0
Neo_FACS_ATCGGTACTAGT,Neo_FACS,Neonatal_FACS,9,Schwann cells,1085,1831.0
Neo_FACS_AACCTTCGTTGT,Neo_FACS,Neonatal_FACS,12,Schwann cells,945,1490.0
Neo_FACS_CTGGGAATTCCC,Neo_FACS,Neonatal_FACS,0,Mesenchymal cells,958,1986.0
Neo_FACS_GCAAGCGAGGGT,Neo_FACS,Neonatal_FACS,9,Schwann cells,909,1504.0
Neo_FACS_GCACCTCAGGTC,Neo_FACS,Neonatal_FACS,1,Mesenchymal cells,784,1490.0
Neo_FACS_TACCGGGGTTTC,Neo_FACS,Neonatal_FACS,9,Schwann cells,1133,1923.0
Neo_FACS_ATCCAAGTAGGC,Neo_FACS,Neonatal_FACS,3,Mesenchymal cells,573,1318.0
Neo_FACS_TGATGGATGTAA,Neo_FACS,Neonatal_FACS,10,Schwann cells,599,886.0
Neo_FACS_CAACGGGTTGAC,Neo_FACS,Neonatal_FACS,10,Schwann cells,1005,1594.0
Neo_FACS_AAGGGCCACAAG,Neo_FACS,Neonatal_FACS,9,Schwann cells,1176,1930.0
Neo_FACS_GGGACCGAACAA,Neo_FACS,Neonatal_FACS,2,Schwann cells,1345,2259.0
Neo_FACS_AAGTCCATATAT,Neo_FACS,Neonatal_FACS,10,Schwann cells,1077,1681.0
Neo_FACS_CTTGGTGACGGT,Neo_FACS,Neonatal_FACS,11,Macrophages,1056,1938.0
Neo_FACS_GTTTCTAAAGGC,Neo_FACS,Neonatal_FACS,10,Schwann cells,1042,1646.0
Neo_FACS_CCCGTACTTTAG,Neo_FACS,Neonatal_FACS,6,Endothelial cells,1124,1828.0
Neo_FACS_AGATCCCCGTTA,Neo_FACS,Neonatal_FACS,4,Endothelial cells,1028,1701.0
Neo_FACS_ACACGAACGCCA,Neo_FACS,Neonatal_FACS,9,Schwann cells,941,1521.0
Neo_FACS_TGATTGAGATTA,Neo_FACS,Neonatal_FACS,4,Endothelial cells,663,1054.0
Neo_FACS_TCCACTGGGCAC,Neo_FACS,Neonatal_FACS,1,Mesenchymal cells,824,1814.0
Neo_FACS_GCATCGGGATCG,Neo_FACS,Neonatal_FACS,10,Schwann cells,948,1437.0
Neo_FACS_TCAACCCCAGGC,Neo_FACS,Neonatal_FACS,5,Endothelial cells,1193,2032.0
Neo_FACS_ATTTTCGAATTA,Neo_FACS,Neonatal_FACS,0,Mesenchymal cells,539,1575.0
Neo_FACS_ATTTCGTGTCCT,Neo_FACS,Neonatal_FACS,12,Schwann cells,838,1783.0
Neo_FACS_GGGTGAGCCTAC,Neo_FACS,Neonatal_FACS,10,Schwann cells,1600,2839.0
Neo_FACS_TCTCGCTATAGA,Neo_FACS,Neonatal_FACS,0,Mesenchymal cells,627,2078.0
Neo_FACS_ATAACGGTTAGN,Neo_FACS,Neonatal_FACS,10,Schwann cells,986,1502.0
Neo_FACS_ATGACACTTTCT,Neo_FACS,Neonatal_FACS,11,Macrophages,1000,1716.0
Neo_FACS_TATACCTTAAAT,Neo_FACS,Neonatal_FACS,12,Schwann cells,877,1404.0
Neo_FACS_AGTCGTGCATCC,Neo_FACS,Neonatal_FACS,10,Schwann cells,1210,1968.0
Neo_FACS_AGGACGGCAGTG,Neo_FACS,Neonatal_FACS,3,Mesenchymal cells,986,1935.0
Neo_FACS_TCAATATCTTAA,Neo_FACS,Neonatal_FACS,7,Pericytes/VSM,652,934.0
Neo_FACS_AGATCGTCACGG,Neo_FACS,Neonatal_FACS,7,Pericytes/VSM,1155,2090.0
Neo_FACS_GTTAGGCCCCAT,Neo_FACS,Neonatal_FACS,9,Schwann cells,1074,1699.0
Neo_FACS_CCCGTGGGCGGA,Neo_FACS,Neonatal_FACS,9,Schwann cells,1118,1836.0
Neo_FACS_ATGAAATGGATC,Neo_FACS,Neonatal_FACS,0,Mesenchymal cells,760,1760.0
Neo_FACS_TAGGAAGTGGGC,Neo_FACS,Neonatal_FACS,0,Mesenchymal cells,903,1577.0
Neo_FACS_CTGTCACCACAT,Neo_FACS,Neonatal_FACS,9,Schwann cells,997,1533.0
Neo_FACS_ATATATACGCCC,Neo_FACS,Neonatal_FACS,9,Schwann cells,1124,1883.0
Neo_FACS_GGAATTCACATG,Neo_FACS,Neonatal_FACS,10,Schwann cells,963,1486.0
Neo_FACS_CATGGGACGTAC,Neo_FACS,Neonatal_FACS,10,Schwann cells,1093,1752.0
Neo_FACS_TGTGCAGCGACA,Neo_FACS,Neonatal_FACS,10,Schwann cells,1189,1975.0
Neo_FACS_GAATCTATCCAC,Neo_FACS,Neonatal_FACS,4,Endothelial cells,1026,1812.0
Neo_FACS_GCCTGGTTACCC,Neo_FACS,Neonatal_FACS,0,Mesenchymal cells,938,1919.0
Neo_FACS_GCGGCTGAAGCG,Neo_FACS,Neonatal_FACS,11,Macrophages,966,1949.0
Neo_FACS_CTCGATAAGTAA,Neo_FACS,Neonatal_FACS,2,Schwann cells,638,998.0
Neo_FACS_TAGAAGCCCGTT,Neo_FACS,Neonatal_FACS,0,Mesenchymal cells,687,1502.0
Neo_FACS_TAGATATCCCTT,Neo_FACS,Neonatal_FACS,9,Schwann cells,1108,1783.0
Neo_FACS_TTCATTGGTGGC,Neo_FACS,Neonatal_FACS,9,Schwann cells,1109,1903.0
Neo_FACS_GGAAGCGAAAAC,Neo_FACS,Neonatal_FACS,0,Mesenchymal cells,845,1662.0
Neo_FACS_ACAGAGAACGTT,Neo_FACS,Neonatal_FACS,1,Mesenchymal cells,902,1545.0
Neo_FACS_TAGTTTTCCAAG,Neo_FACS,Neonatal_FACS,10,Schwann cells,1079,1818.0
Neo_FACS_CGCTTGGTGCGG,Neo_FACS,Neonatal_FACS,10,Schwann cells,1112,1814.0
Neo_FACS_AGGTGGACAGCG,Neo_FACS,Neonatal_FACS,1,Mesenchymal cells,1293,2410.0
Neo_FACS_TTATATCTCTCC,Neo_FACS,Neonatal_FACS,12,Schwann cells,1035,1889.0
Neo_FACS_GATGTATGAGAC,Neo_FACS,Neonatal_FACS,1,Mesenchymal cells,933,1724.0
Neo_FACS_CTGTGGTTCGGC,Neo_FACS,Neonatal_FACS,0,Mesenchymal cells,797,1922.0
Neo_FACS_GTCGCCGACACT,Neo_FACS,Neonatal_FACS,12,Schwann cells,925,1519.0
Neo_FACS_TCACACCCATCC,Neo_FACS,Neonatal_FACS,6,Endothelial cells,1019,1607.0
Neo_FACS_GTTCTCCTTGCT,Neo_FACS,Neonatal_FACS,1,Mesenchymal cells,938,1639.0
Neo_FACS_GACGTGGGTATT,Neo_FACS,Neonatal_FACS,10,Schwann cells,1018,1561.0
Neo_FACS_TATTATAAATTN,Neo_FACS,Neonatal_FACS,0,Mesenchymal cells,622,1588.0
Neo_FACS_GGGTGGGCACAA,Neo_FACS,Neonatal_FACS,6,Endothelial cells,1450,2526.0
Neo_FACS_CCGGTAGGTTAG,Neo_FACS,Neonatal_FACS,9,Schwann cells,1049,1731.0
Neo_FACS_CGGGATGAGTGC,Neo_FACS,Neonatal_FACS,9,Schwann cells,1126,1801.0
Neo_FACS_CACCGAAGGTAA,Neo_FACS,Neonatal_FACS,9,Schwann cells,925,1505.0
Neo_FACS_GCGACTGCGGAG,Neo_FACS,Neonatal_FACS,12,Schwann cells,916,1521.0
Neo_FACS_TTGAAGGCTAGG,Neo_FACS,Neonatal_FACS,0,Mesenchymal cells,697,1570.0
Neo_FACS_AAGGGCACGTCN,Neo_FACS,Neonatal_FACS,9,Schwann cells,1018,1523.0
Neo_FACS_ATGTTCAAATGG,Neo_FACS,Neonatal_FACS,4,Endothelial cells,978,1565.0
Neo_FACS_TGCACGGCGTTT,Neo_FACS,Neonatal_FACS,0,Mesenchymal cells,879,2183.0
Neo_FACS_ATATTGCGGTTG,Neo_FACS,Neonatal_FACS,11,Macrophages,1026,1588.0
Neo_FACS_AATGTGCTCACA,Neo_FACS,Neonatal_FACS,13,Endothelial cells,653,1176.0
Neo_FACS_CGGGGACGTTTG,Neo_FACS,Neonatal_FACS,12,Schwann cells,1229,2277.0
Neo_FACS_AAGTAGGACTAA,Neo_FACS,Neonatal_FACS,9,Schwann cells,860,1319.0
Neo_FACS_CCCTATGGTCAT,Neo_FACS,Neonatal_FACS,10,Schwann cells,977,1528.0
Neo_FACS_TCTTTTTACGTC,Neo_FACS,Neonatal_FACS,11,Macrophages,985,1708.0
Neo_FACS_TAATGAGTACGA,Neo_FACS,Neonatal_FACS,0,Mesenchymal cells,599,1568.0
Neo_FACS_GATTCCCACGTG,Neo_FACS,Neonatal_FACS,12,Schwann cells,901,1869.0
Neo_FACS_CCCTAGGCTAGT,Neo_FACS,Neonatal_FACS,9,Schwann cells,1017,1632.0
Neo_FACS_CCACAGTCGAGC,Neo_FACS,Neonatal_FACS,3,Mesenchymal cells,622,1453.0
Neo_FACS_CCGTCTTTCACC,Neo_FACS,Neonatal_FACS,10,Schwann cells,661,1115.0
Neo_FACS_CTGTTTATGCGT,Neo_FACS,Neonatal_FACS,12,Schwann cells,751,1391.0
Neo_FACS_GCATTTCACTTT,Neo_FACS,Neonatal_FACS,10,Schwann cells,673,1046.0
Neo_FACS_CGCAGTCGCCTT,Neo_FACS,Neonatal_FACS,9,Schwann cells,1051,1746.0
Neo_FACS_GTCTACTGACCG,Neo_FACS,Neonatal_FACS,4,Endothelial cells,1016,1693.0
Neo_FACS_GAGTATATGGCA,Neo_FACS,Neonatal_FACS,7,Pericytes/VSM,929,1464.0
Neo_FACS_CGTCTTACGCCT,Neo_FACS,Neonatal_FACS,9,Schwann cells,949,1512.0
Neo_FACS_GACGTAGGCCGA,Neo_FACS,Neonatal_FACS,10,Schwann cells,1010,1530.0
Neo_FACS_CTAGTTGGGTTG,Neo_FACS,Neonatal_FACS,9,Schwann cells,1120,1828.0
Neo_FACS_TATTGTAGCTCA,Neo_FACS,Neonatal_FACS,4,Endothelial cells,1008,1692.0
Neo_FACS_CGCTAGAGGCAT,Neo_FACS,Neonatal_FACS,9,Schwann cells,1083,1677.0
Neo_FACS_GCTTTCCGGGGC,Neo_FACS,Neonatal_FACS,2,Schwann cells,1158,2065.0
Neo_FACS_ATCATCGAGGCA,Neo_FACS,Neonatal_FACS,4,Endothelial cells,1005,1661.0
Neo_FACS_CGAGGAACCAGN,Neo_FACS,Neonatal_FACS,9,Schwann cells,1041,1529.0
Neo_FACS_TGCGGCTGTGCC,Neo_FACS,Neonatal_FACS,10,Schwann cells,995,1645.0
Neo_FACS_CTAGCTGGCGCG,Neo_FACS,Neonatal_FACS,0,Mesenchymal cells,616,1117.0
Neo_FACS_AGCAGTCGTCGC,Neo_FACS,Neonatal_FACS,0,Mesenchymal cells,863,1854.0
Neo_FACS_CAGAGCCCGCGG,Neo_FACS,Neonatal_FACS,1,Mesenchymal cells,923,1648.0
Neo_FACS_CTCACTGACCAA,Neo_FACS,Neonatal_FACS,2,Schwann cells,1059,1740.0
Neo_FACS_TCCCAGCGCGAT,Neo_FACS,Neonatal_FACS,5,Endothelial cells,854,1397.0
Neo_FACS_CCCGCAGAAGTG,Neo_FACS,Neonatal_FACS,5,Endothelial cells,1001,1504.0
Neo_FACS_CATGCGCGGGCT,Neo_FACS,Neonatal_FACS,3,Mesenchymal cells,826,1459.0
Neo_FACS_ATGGAAAGTAAG,Neo_FACS,Neonatal_FACS,9,Schwann cells,836,1288.0
Neo_FACS_TAGGGAATAGGA,Neo_FACS,Neonatal_FACS,2,Schwann cells,932,1324.0
Neo_FACS_CTTCGTTAACCG,Neo_FACS,Neonatal_FACS,10,Schwann cells,899,1374.0
Neo_FACS_GACGACTCGCGC,Neo_FACS,Neonatal_FACS,17,Schwann cells,960,1579.0
Neo_FACS_CCCCAGTGGGAA,Neo_FACS,Neonatal_FACS,1,Mesenchymal cells,577,1202.0
Neo_FACS_ACTCATGCAACG,Neo_FACS,Neonatal_FACS,7,Pericytes/VSM,1036,1520.0
Neo_FACS_ATCTCCGCGCTT,Neo_FACS,Neonatal_FACS,1,Mesenchymal cells,951,1778.0
Neo_FACS_TGGCCAAGCCCC,Neo_FACS,Neonatal_FACS,6,Endothelial cells,1057,2013.0
Neo_FACS_CTCGTCAGCAGA,Neo_FACS,Neonatal_FACS,10,Schwann cells,1083,1784.0
Neo_FACS_AGAATGTTGTAT,Neo_FACS,Neonatal_FACS,11,Macrophages,895,1531.0
Neo_FACS_CGATCGCGCCCC,Neo_FACS,Neonatal_FACS,10,Schwann cells,1099,1862.0
Neo_FACS_CTCATCAACGTT,Neo_FACS,Neonatal_FACS,12,Schwann cells,419,627.0
Neo_FACS_GATCGGGGCAAG,Neo_FACS,Neonatal_FACS,12,Schwann cells,905,1512.0
Neo_FACS_GTGAGTTCCAGG,Neo_FACS,Neonatal_FACS,9,Schwann cells,823,1400.0
Neo_FACS_GGGCACACGGGA,Neo_FACS,Neonatal_FACS,9,Schwann cells,1050,1651.0
Neo_FACS_AAGCTGTTTAGC,Neo_FACS,Neonatal_FACS,10,Schwann cells,965,1485.0
Neo_FACS_TAGAGGGCTCAT,Neo_FACS,Neonatal_FACS,11,Macrophages,884,1395.0
Neo_FACS_GGCAATCTTCCA,Neo_FACS,Neonatal_FACS,10,Schwann cells,989,1527.0
Neo_FACS_CAATTGAGTTGC,Neo_FACS,Neonatal_FACS,12,Schwann cells,760,1358.0
Neo_FACS_CATGATGCAATG,Neo_FACS,Neonatal_FACS,9,Schwann cells,872,1419.0
Neo_FACS_TTCGTCCTGCCN,Neo_FACS,Neonatal_FACS,12,Schwann cells,538,991.0
Neo_FACS_GGGCTGCTATCG,Neo_FACS,Neonatal_FACS,9,Schwann cells,1129,1741.0
Neo_FACS_CATGTGCGGGGC,Neo_FACS,Neonatal_FACS,10,Schwann cells,1200,2122.0
Neo_FACS_ACTCCCTGAACN,Neo_FACS,Neonatal_FACS,4,Endothelial cells,958,1478.0
Neo_FACS_AGAAAAGATCAC,Neo_FACS,Neonatal_FACS,9,Schwann cells,821,1217.0
Neo_FACS_GCCTTATTAAGC,Neo_FACS,Neonatal_FACS,10,Schwann cells,906,1498.0
Neo_FACS_TGTCTCTCCTTT,Neo_FACS,Neonatal_FACS,12,Schwann cells,839,1546.0
Neo_FACS_TTGCTTGTTGGC,Neo_FACS,Neonatal_FACS,9,Schwann cells,1020,1585.0
Neo_FACS_ATCCTAGTTCGC,Neo_FACS,Neonatal_FACS,10,Schwann cells,1119,1791.0
Neo_FACS_AGTAGAACGGAA,Neo_FACS,Neonatal_FACS,1,Mesenchymal cells,809,1406.0
Neo_FACS_AAGCCTGCGGAT,Neo_FACS,Neonatal_FACS,10,Schwann cells,913,1353.0
Neo_FACS_AACCTCCACTGG,Neo_FACS,Neonatal_FACS,0,Mesenchymal cells,739,1273.0
Neo_FACS_GTAGTATTATAC,Neo_FACS,Neonatal_FACS,0,Mesenchymal cells,905,1795.0
Neo_FACS_TGATAAGCCGAC,Neo_FACS,Neonatal_FACS,7,Pericytes/VSM,916,1400.0
Neo_FACS_CGAGACACGCTC,Neo_FACS,Neonatal_FACS,10,Schwann cells,1011,1566.0
Neo_FACS_ACTTCCTGCAAG,Neo_FACS,Neonatal_FACS,0,Mesenchymal cells,576,1324.0
Neo_FACS_AACGGGCACATC,Neo_FACS,Neonatal_FACS,10,Schwann cells,872,1323.0
Neo_FACS_GAGGTTAAGCAA,Neo_FACS,Neonatal_FACS,13,Endothelial cells,633,1115.0
Neo_FACS_AACCCCGAGATA,Neo_FACS,Neonatal_FACS,9,Schwann cells,955,1496.0
Neo_FACS_CTGCCAGCTCGA,Neo_FACS,Neonatal_FACS,9,Schwann cells,854,1337.0
Neo_FACS_GACGGGTGAGGC,Neo_FACS,Neonatal_FACS,10,Schwann cells,1048,1819.0
Neo_FACS_ACGTTTTAAGAG,Neo_FACS,Neonatal_FACS,7,Pericytes/VSM,973,1557.0
Neo_FACS_GCTCGAAAGTGG,Neo_FACS,Neonatal_FACS,1,Mesenchymal cells,799,1373.0
Neo_FACS_GGGCACGCCGTG,Neo_FACS,Neonatal_FACS,10,Schwann cells,1129,1913.0
Neo_FACS_TCCCCTCCCATT,Neo_FACS,Neonatal_FACS,13,Endothelial cells,681,1402.0
Neo_FACS_CTAACTGCGCCC,Neo_FACS,Neonatal_FACS,10,Schwann cells,1032,1825.0
Neo_FACS_GTACGTCATGTA,Neo_FACS,Neonatal_FACS,12,Schwann cells,813,1399.0
Neo_FACS_GCAGGGCTACGG,Neo_FACS,Neonatal_FACS,10,Schwann cells,1058,1626.0
Neo_FACS_AAAAGGGTTTGG,Neo_FACS,Neonatal_FACS,0,Mesenchymal cells,737,1643.0
Neo_FACS_ATCGCTGGTGCC,Neo_FACS,Neonatal_FACS,9,Schwann cells,1061,1797.0
Neo_FACS_CCCCTTCCTGTG,Neo_FACS,Neonatal_FACS,12,Schwann cells,739,1663.0
Neo_FACS_CTCGCCCTCTTC,Neo_FACS,Neonatal_FACS,2,Schwann cells,623,934.0
Neo_FACS_TGTCAGCCATCT,Neo_FACS,Neonatal_FACS,9,Schwann cells,972,1472.0
Neo_FACS_ATGGTGGTCTCC,Neo_FACS,Neonatal_FACS,2,Schwann cells,861,1591.0
Neo_FACS_TAGATGAAGACC,Neo_FACS,Neonatal_FACS,9,Schwann cells,801,1192.0
Neo_FACS_GTACAGAGCCAA,Neo_FACS,Neonatal_FACS,10,Schwann cells,902,1394.0
Neo_FACS_GTGATCAGCTGG,Neo_FACS,Neonatal_FACS,7,Pericytes/VSM,939,1521.0
Neo_FACS_GCTCTAAGGACG,Neo_FACS,Neonatal_FACS,10,Schwann cells,1017,1569.0
Neo_FACS_ACTGCATCTTTT,Neo_FACS,Neonatal_FACS,7,Pericytes/VSM,918,1508.0
Neo_FACS_ATGCCTCAGATG,Neo_FACS,Neonatal_FACS,10,Schwann cells,939,1440.0
Neo_FACS_GCCAATTTCACG,Neo_FACS,Neonatal_FACS,10,Schwann cells,862,1397.0
Neo_FACS_CGTCTGGCCTGA,Neo_FACS,Neonatal_FACS,1,Mesenchymal cells,733,1269.0
Neo_FACS_CTGCTAGCAAAC,Neo_FACS,Neonatal_FACS,10,Schwann cells,824,1214.0
Neo_FACS_AGTGTCAACCCG,Neo_FACS,Neonatal_FACS,7,Pericytes/VSM,991,1675.0
Neo_FACS_CCCCTCCCCCTG,Neo_FACS,Neonatal_FACS,0,Mesenchymal cells,877,1954.0
Neo_FACS_CCTTCAACACCC,Neo_FACS,Neonatal_FACS,10,Schwann cells,904,1447.0
Neo_FACS_TTCTATACTCGT,Neo_FACS,Neonatal_FACS,13,Endothelial cells,858,1352.0
Neo_FACS_GTTATTACTCTG,Neo_FACS,Neonatal_FACS,10,Schwann cells,845,1208.0
Neo_FACS_AGGCACTATATG,Neo_FACS,Neonatal_FACS,9,Schwann cells,956,1481.0
Neo_FACS_ACAACGAACATC,Neo_FACS,Neonatal_FACS,9,Schwann cells,799,1262.0
Neo_FACS_TTACAATGGTAA,Neo_FACS,Neonatal_FACS,10,Schwann cells,741,1101.0
Neo_FACS_TAGTTGGTCACC,Neo_FACS,Neonatal_FACS,10,Schwann cells,910,1377.0
Neo_FACS_CGGTTAAATGCG,Neo_FACS,Neonatal_FACS,10,Schwann cells,1007,1532.0
Neo_FACS_TATATCAGACAA,Neo_FACS,Neonatal_FACS,10,Schwann cells,938,1462.0
Neo_FACS_CCAGGTGCGGCT,Neo_FACS,Neonatal_FACS,9,Schwann cells,999,1556.0
Neo_FACS_ATAATGTTTGGA,Neo_FACS,Neonatal_FACS,9,Schwann cells,914,1420.0
Neo_FACS_TTAGCGTGTTGG,Neo_FACS,Neonatal_FACS,9,Schwann cells,849,1347.0
Neo_FACS_CTCTATTCCCCA,Neo_FACS,Neonatal_FACS,10,Schwann cells,802,1332.0
Neo_FACS_CCACTAGCTGTG,Neo_FACS,Neonatal_FACS,2,Schwann cells,681,1145.0
Neo_FACS_CTGGAACACGTG,Neo_FACS,Neonatal_FACS,3,Mesenchymal cells,660,1227.0
Neo_FACS_GTGGTGGACTGC,Neo_FACS,Neonatal_FACS,12,Schwann cells,930,1859.0
Neo_FACS_ATGAAATGCACT,Neo_FACS,Neonatal_FACS,10,Schwann cells,785,1130.0
Neo_FACS_AGCGCTGTGAGG,Neo_FACS,Neonatal_FACS,9,Schwann cells,1053,1647.0
Neo_FACS_GAATAAGACGAA,Neo_FACS,Neonatal_FACS,4,Endothelial cells,827,1284.0
Neo_FACS_AAGGAGATCGCA,Neo_FACS,Neonatal_FACS,10,Schwann cells,825,1253.0
Neo_FACS_TTATCTCACTTC,Neo_FACS,Neonatal_FACS,2,Schwann cells,767,1131.0
Neo_FACS_GTGAGTCAAGTC,Neo_FACS,Neonatal_FACS,9,Schwann cells,936,1488.0
Neo_FACS_CAACGGAGACCN,Neo_FACS,Neonatal_FACS,13,Endothelial cells,893,1328.0
Neo_FACS_GATGGAACCAGT,Neo_FACS,Neonatal_FACS,11,Macrophages,982,1667.0
Neo_FACS_TAAATAACTCCA,Neo_FACS,Neonatal_FACS,10,Schwann cells,898,1374.0
Neo_FACS_TATGGCGTCCCA,Neo_FACS,Neonatal_FACS,10,Schwann cells,949,1500.0
Neo_FACS_TATGTAGCTAGG,Neo_FACS,Neonatal_FACS,12,Schwann cells,945,1503.0
Neo_FACS_TTCGGGGTATAC,Neo_FACS,Neonatal_FACS,0,Mesenchymal cells,609,1353.0
Neo_FACS_GCCATTATGGAT,Neo_FACS,Neonatal_FACS,10,Schwann cells,924,1334.0
Neo_FACS_TTCATCGCATGG,Neo_FACS,Neonatal_FACS,9,Schwann cells,853,1261.0
Neo_FACS_CACGCCGGTTAA,Neo_FACS,Neonatal_FACS,0,Mesenchymal cells,756,1401.0
Neo_FACS_CAGTTGTCATTA,Neo_FACS,Neonatal_FACS,9,Schwann cells,907,1293.0
Neo_FACS_TGACTGAGAGAA,Neo_FACS,Neonatal_FACS,0,Mesenchymal cells,629,1303.0
Neo_FACS_GTATATTCTGCA,Neo_FACS,Neonatal_FACS,0,Mesenchymal cells,492,1006.0
Neo_FACS_CAATAAACAGGG,Neo_FACS,Neonatal_FACS,3,Mesenchymal cells,487,974.0
Neo_FACS_GGCCATTCACGT,Neo_FACS,Neonatal_FACS,13,Endothelial cells,628,1285.0
Neo_FACS_TAATGACGGAGA,Neo_FACS,Neonatal_FACS,0,Mesenchymal cells,495,1244.0
Neo_FACS_GTTAGGGATGAT,Neo_FACS,Neonatal_FACS,4,Endothelial cells,912,1442.0
Neo_FACS_GCAAACGGCCGC,Neo_FACS,Neonatal_FACS,9,Schwann cells,1011,1617.0
Neo_FACS_AACGGTAATTAG,Neo_FACS,Neonatal_FACS,9,Schwann cells,858,1352.0
Neo_FACS_ATCGCCAGACCC,Neo_FACS,Neonatal_FACS,3,Mesenchymal cells,912,1483.0
Neo_FACS_ACATTTCGCATA,Neo_FACS,Neonatal_FACS,10,Schwann cells,767,1420.0
Neo_FACS_AGGGTAGCACCA,Neo_FACS,Neonatal_FACS,10,Schwann cells,952,1431.0
Neo_FACS_CCCGCACTTAGC,Neo_FACS,Neonatal_FACS,13,Endothelial cells,826,1271.0
Neo_FACS_TCTTCTTGTCGN,Neo_FACS,Neonatal_FACS,10,Schwann cells,920,1486.0
Neo_FACS_TCCTGCTCTTAN,Neo_FACS,Neonatal_FACS,0,Mesenchymal cells,907,1486.0
Neo_FACS_CAGTAAGCACAA,Neo_FACS,Neonatal_FACS,1,Mesenchymal cells,609,1190.0
Neo_FACS_TGTGTCTCGCGT,Neo_FACS,Neonatal_FACS,9,Schwann cells,1012,1519.0
Neo_FACS_CGCGTCAGAATC,Neo_FACS,Neonatal_FACS,9,Schwann cells,963,1505.0
Neo_FACS_CTAACAATTTGG,Neo_FACS,Neonatal_FACS,12,Schwann cells,637,1281.0
Neo_FACS_TGTCTTGCACTG,Neo_FACS,Neonatal_FACS,10,Schwann cells,982,1649.0
Neo_FACS_TGTGGGCCACGA,Neo_FACS,Neonatal_FACS,6,Endothelial cells,1109,1767.0
Neo_FACS_AGGACGCAATCC,Neo_FACS,Neonatal_FACS,12,Schwann cells,732,1198.0
Neo_FACS_CACGCACAATGC,Neo_FACS,Neonatal_FACS,1,Mesenchymal cells,808,1394.0
Neo_FACS_TAGCGAAGATGT,Neo_FACS,Neonatal_FACS,0,Mesenchymal cells,818,1290.0
Neo_FACS_CAACTTGTGCTC,Neo_FACS,Neonatal_FACS,10,Schwann cells,845,1383.0
Neo_FACS_TGATAAGCACAG,Neo_FACS,Neonatal_FACS,9,Schwann cells,962,1437.0
Neo_FACS_CGCCACTGTGAC,Neo_FACS,Neonatal_FACS,4,Endothelial cells,824,1466.0
Neo_FACS_AATGGCGAACCG,Neo_FACS,Neonatal_FACS,9,Schwann cells,832,1225.0
Neo_FACS_TCGGGCGAGCGC,Neo_FACS,Neonatal_FACS,2,Schwann cells,1124,1748.0
Neo_FACS_CAATCAACACTC,Neo_FACS,Neonatal_FACS,7,Pericytes/VSM,684,1115.0
Neo_FACS_AAAACGGTATGC,Neo_FACS,Neonatal_FACS,9,Schwann cells,903,1465.0
Neo_FACS_GCGCGGTTATTT,Neo_FACS,Neonatal_FACS,6,Endothelial cells,921,1406.0
Neo_FACS_AGATCGGTCGCT,Neo_FACS,Neonatal_FACS,9,Schwann cells,1047,1641.0
Neo_FACS_GTGTTGCCGCCC,Neo_FACS,Neonatal_FACS,4,Endothelial cells,938,1657.0
Neo_FACS_TCCCCCCGCACA,Neo_FACS,Neonatal_FACS,1,Mesenchymal cells,671,1232.0
Neo_FACS_TGTTGATCCTTG,Neo_FACS,Neonatal_FACS,9,Schwann cells,978,1454.0
Neo_FACS_ATCCAAAGGGTG,Neo_FACS,Neonatal_FACS,9,Schwann cells,737,1126.0
Neo_FACS_GCAACTACCTCT,Neo_FACS,Neonatal_FACS,13,Endothelial cells,527,766.0
Neo_FACS_GGTCAGGCTTTG,Neo_FACS,Neonatal_FACS,0,Mesenchymal cells,659,1390.0
Neo_FACS_AATAACTCGGTG,Neo_FACS,Neonatal_FACS,10,Schwann cells,1047,1643.0
Neo_FACS_GCAGCGTCACAG,Neo_FACS,Neonatal_FACS,9,Schwann cells,938,1472.0
Neo_FACS_ATTACGGGACGC,Neo_FACS,Neonatal_FACS,12,Schwann cells,791,1237.0
Neo_FACS_CATCGTCTTGTA,Neo_FACS,Neonatal_FACS,10,Schwann cells,880,1523.0
Neo_FACS_CCTATCCACATA,Neo_FACS,Neonatal_FACS,9,Schwann cells,755,1217.0
Neo_FACS_GAGGCCGGTCAC,Neo_FACS,Neonatal_FACS,13,Endothelial cells,1008,1628.0
Neo_FACS_GCGACCTAAGAA,Neo_FACS,Neonatal_FACS,12,Schwann cells,904,1359.0
Neo_FACS_GTTGCTGTACCA,Neo_FACS,Neonatal_FACS,7,Pericytes/VSM,932,1445.0
Neo_FACS_TGACCCTCTGTN,Neo_FACS,Neonatal_FACS,6,Endothelial cells,927,1376.0
Neo_FACS_TGCGAGTGCGGA,Neo_FACS,Neonatal_FACS,2,Schwann cells,783,1163.0
Neo_FACS_GCCTTCGGCTAN,Neo_FACS,Neonatal_FACS,12,Schwann cells,889,1278.0
Neo_FACS_CGGACCGGCCAN,Neo_FACS,Neonatal_FACS,0,Mesenchymal cells,538,1560.0
Neo_FACS_GATATGGGGCAN,Neo_FACS,Neonatal_FACS,2,Schwann cells,1018,1689.0
Neo_FACS_ATCTTCACCCAT,Neo_FACS,Neonatal_FACS,1,Mesenchymal cells,564,1012.0
Neo_FACS_ACTAAGGAATCC,Neo_FACS,Neonatal_FACS,9,Schwann cells,784,1212.0
Neo_FACS_AAAGTAGGCGGA,Neo_FACS,Neonatal_FACS,10,Schwann cells,699,1007.0
Neo_FACS_CCCAGGATCACG,Neo_FACS,Neonatal_FACS,0,Mesenchymal cells,700,1193.0
Neo_FACS_TGCTAGCAAGCN,Neo_FACS,Neonatal_FACS,13,Endothelial cells,782,1316.0
Neo_FACS_GACTGCTGTAAT,Neo_FACS,Neonatal_FACS,9,Schwann cells,880,1356.0
Neo_FACS_AACTCCATTGTG,Neo_FACS,Neonatal_FACS,0,Mesenchymal cells,506,1114.0
Neo_FACS_AGCATTTAGGCC,Neo_FACS,Neonatal_FACS,9,Schwann cells,865,1418.0
Neo_FACS_TCCAGCCGCGTG,Neo_FACS,Neonatal_FACS,1,Mesenchymal cells,627,1218.0
Neo_FACS_CAGAGAGTTGTA,Neo_FACS,Neonatal_FACS,12,Schwann cells,609,1320.0
Neo_FACS_AGCGCGAGCGGC,Neo_FACS,Neonatal_FACS,0,Mesenchymal cells,702,1248.0
Neo_FACS_CACGTGAGCACA,Neo_FACS,Neonatal_FACS,9,Schwann cells,842,1212.0
Neo_FACS_CAAAGGAGACTC,Neo_FACS,Neonatal_FACS,1,Mesenchymal cells,550,894.0
Neo_FACS_GACTATGACGAC,Neo_FACS,Neonatal_FACS,13,Endothelial cells,737,1282.0
Neo_FACS_TGCGCATATCGT,Neo_FACS,Neonatal_FACS,3,Mesenchymal cells,842,1635.0
Neo_FACS_AGTTGCGGGACC,Neo_FACS,Neonatal_FACS,12,Schwann cells,886,1486.0
Neo_FACS_AGTTAGAAATAG,Neo_FACS,Neonatal_FACS,0,Mesenchymal cells,511,863.0
Neo_FACS_TATCCTGCATGT,Neo_FACS,Neonatal_FACS,9,Schwann cells,782,1201.0
Neo_FACS_AACATACACTCC,Neo_FACS,Neonatal_FACS,13,Endothelial cells,962,1466.0
Neo_FACS_GACTGTTGTACC,Neo_FACS,Neonatal_FACS,10,Schwann cells,947,1399.0
Neo_FACS_GTAAGCAAGAGA,Neo_FACS,Neonatal_FACS,0,Mesenchymal cells,739,1354.0
Neo_FACS_TCAGAACAACGG,Neo_FACS,Neonatal_FACS,10,Schwann cells,706,1021.0
Neo_FACS_ATTTGGAAGAAG,Neo_FACS,Neonatal_FACS,9,Schwann cells,696,1003.0
Neo_FACS_CGATTTTCGGGT,Neo_FACS,Neonatal_FACS,0,Mesenchymal cells,718,1223.0
Neo_FACS_GAGTTGGAGTCA,Neo_FACS,Neonatal_FACS,7,Pericytes/VSM,852,1296.0
Neo_FACS_ACCGAGACGGGC,Neo_FACS,Neonatal_FACS,10,Schwann cells,956,1516.0
Neo_FACS_AAAGTAAAGGAG,Neo_FACS,Neonatal_FACS,10,Schwann cells,764,1094.0
Neo_FACS_CTACCTATCGAC,Neo_FACS,Neonatal_FACS,12,Schwann cells,645,1297.0
Neo_FACS_AGAGAGCACTCC,Neo_FACS,Neonatal_FACS,0,Mesenchymal cells,694,1425.0
Neo_FACS_AGCACACTTAAA,Neo_FACS,Neonatal_FACS,10,Schwann cells,783,1161.0
Neo_FACS_TTTGTACGAAAT,Neo_FACS,Neonatal_FACS,12,Schwann cells,740,1061.0
Neo_FACS_GGGTGAGCCTCC,Neo_FACS,Neonatal_FACS,1,Mesenchymal cells,1097,2079.0
Neo_FACS_GCTGTCTTAGAG,Neo_FACS,Neonatal_FACS,12,Schwann cells,817,1540.0
Neo_FACS_CGCGCTTTGCGG,Neo_FACS,Neonatal_FACS,1,Mesenchymal cells,698,1167.0
Neo_FACS_CCCAACCCCCAT,Neo_FACS,Neonatal_FACS,9,Schwann cells,890,1467.0
Neo_FACS_GCGCCCCTTTGG,Neo_FACS,Neonatal_FACS,3,Mesenchymal cells,853,1387.0
Neo_FACS_CCCTATGTTAGA,Neo_FACS,Neonatal_FACS,12,Schwann cells,714,1310.0
Neo_FACS_CCATTATTCAAT,Neo_FACS,Neonatal_FACS,0,Mesenchymal cells,553,991.0
Neo_FACS_AAAGAACGGTGC,Neo_FACS,Neonatal_FACS,9,Schwann cells,691,995.0
Neo_FACS_GAAATGAGCGTT,Neo_FACS,Neonatal_FACS,0,Mesenchymal cells,527,1030.0
Neo_FACS_TCCAACTCACAG,Neo_FACS,Neonatal_FACS,12,Schwann cells,531,876.0
Neo_FACS_GAAGCCTGATCG,Neo_FACS,Neonatal_FACS,11,Macrophages,808,1296.0
Neo_FACS_CCCGGTACACCT,Neo_FACS,Neonatal_FACS,10,Schwann cells,860,1321.0
Neo_FACS_CATGTGCACAGA,Neo_FACS,Neonatal_FACS,12,Schwann cells,466,702.0
Neo_FACS_CGCCGTTTGATN,Neo_FACS,Neonatal_FACS,1,Mesenchymal cells,823,1335.0
Neo_FACS_AAAGACGGGCGA,Neo_FACS,Neonatal_FACS,9,Schwann cells,817,1220.0
Neo_FACS_TCTTAAGCGCAG,Neo_FACS,Neonatal_FACS,2,Schwann cells,828,1200.0
Neo_FACS_CACGCAAGTCGT,Neo_FACS,Neonatal_FACS,3,Mesenchymal cells,696,1166.0
Neo_FACS_CGAGTAGATTAC,Neo_FACS,Neonatal_FACS,0,Mesenchymal cells,607,1007.0
Neo_FACS_TTCGCGGCCTAA,Neo_FACS,Neonatal_FACS,10,Schwann cells,591,917.0
Neo_FACS_ACCTGATCAAAT,Neo_FACS,Neonatal_FACS,11,Macrophages,792,1282.0
Neo_FACS_AATGGTTCGAGG,Neo_FACS,Neonatal_FACS,10,Schwann cells,817,1271.0
Neo_FACS_ACTGCCCCGGGT,Neo_FACS,Neonatal_FACS,9,Schwann cells,856,1369.0
Neo_FACS_ATCTGGATGAAC,Neo_FACS,Neonatal_FACS,9,Schwann cells,776,1160.0
Neo_FACS_ACGCATGGTGTT,Neo_FACS,Neonatal_FACS,9,Schwann cells,918,1369.0
Neo_FACS_ACATCGGAATGA,Neo_FACS,Neonatal_FACS,4,Endothelial cells,553,833.0
Neo_FACS_CATAAGATAAAN,Neo_FACS,Neonatal_FACS,17,Schwann cells,815,1165.0
Neo_FACS_GCACTAAAGGGC,Neo_FACS,Neonatal_FACS,10,Schwann cells,807,1206.0
Neo_FACS_AAGAGTAGAGGA,Neo_FACS,Neonatal_FACS,11,Macrophages,690,1049.0
Neo_FACS_ATTGGGGGCGAT,Neo_FACS,Neonatal_FACS,9,Schwann cells,760,1148.0
Neo_FACS_GTGGGTCGGCTN,Neo_FACS,Neonatal_FACS,6,Endothelial cells,1060,1712.0
Neo_FACS_TAAGCTGTGATT,Neo_FACS,Neonatal_FACS,12,Schwann cells,680,1223.0
Neo_FACS_ATTGACCGTTAC,Neo_FACS,Neonatal_FACS,10,Schwann cells,838,1331.0
Neo_FACS_TTTGAAAGTATA,Neo_FACS,Neonatal_FACS,9,Schwann cells,754,1161.0
Neo_FACS_CGGTGGTACTAN,Neo_FACS,Neonatal_FACS,12,Schwann cells,739,1243.0
Neo_FACS_CACTGCTCGTAT,Neo_FACS,Neonatal_FACS,0,Mesenchymal cells,1303,3022.0
Neo_FACS_TAGTACCTTCGT,Neo_FACS,Neonatal_FACS,9,Schwann cells,745,1023.0
Neo_FACS_GCAAGTCGGATG,Neo_FACS,Neonatal_FACS,9,Schwann cells,764,1203.0
Neo_FACS_TTAAAGTAGTTC,Neo_FACS,Neonatal_FACS,7,Pericytes/VSM,818,1233.0
Neo_FACS_AGTCATCCTATC,Neo_FACS,Neonatal_FACS,13,Endothelial cells,759,1104.0
Neo_FACS_CTGCTAGCAACN,Neo_FACS,Neonatal_FACS,10,Schwann cells,774,1160.0
Neo_FACS_GTCTGGTCATTN,Neo_FACS,Neonatal_FACS,9,Schwann cells,804,1231.0
Neo_FACS_CGGTTGGCTAAG,Neo_FACS,Neonatal_FACS,0,Mesenchymal cells,564,1064.0
Neo_FACS_GCACCACATGAT,Neo_FACS,Neonatal_FACS,12,Schwann cells,691,1309.0
Neo_FACS_GGTTAAGGACCG,Neo_FACS,Neonatal_FACS,1,Mesenchymal cells,821,1173.0
Neo_FACS_GGAGACCGCTCG,Neo_FACS,Neonatal_FACS,7,Pericytes/VSM,1056,1885.0
Neo_FACS_GCTATCGAATTT,Neo_FACS,Neonatal_FACS,12,Schwann cells,620,1168.0
Neo_FACS_GAAATACAGCGT,Neo_FACS,Neonatal_FACS,12,Schwann cells,534,845.0
Neo_FACS_AATTTTCGTCTA,Neo_FACS,Neonatal_FACS,7,Pericytes/VSM,816,1239.0
Neo_FACS_TATAGATGCGGC,Neo_FACS,Neonatal_FACS,1,Mesenchymal cells,748,1377.0
Neo_FACS_TGATATCCGCCC,Neo_FACS,Neonatal_FACS,12,Schwann cells,698,1238.0
Neo_FACS_ATTTTGGCTATG,Neo_FACS,Neonatal_FACS,3,Mesenchymal cells,481,1061.0
Neo_FACS_TATGGGCATAGN,Neo_FACS,Neonatal_FACS,10,Schwann cells,706,1087.0
Neo_FACS_AATGGAGGCCTC,Neo_FACS,Neonatal_FACS,9,Schwann cells,841,1317.0
Neo_FACS_CAAGTCGGAACA,Neo_FACS,Neonatal_FACS,11,Macrophages,681,972.0
Neo_FACS_AGTAACCTAATA,Neo_FACS,Neonatal_FACS,12,Schwann cells,628,870.0
Neo_FACS_ACCTTGGGGTTA,Neo_FACS,Neonatal_FACS,1,Mesenchymal cells,456,909.0
Neo_FACS_ATCGGGGCTTAC,Neo_FACS,Neonatal_FACS,1,Mesenchymal cells,754,1339.0
Neo_FACS_ATGATCACAAAC,Neo_FACS,Neonatal_FACS,11,Macrophages,718,1210.0
Neo_FACS_TACCAAATACCA,Neo_FACS,Neonatal_FACS,10,Schwann cells,718,1067.0
Neo_FACS_CATGCAGTCTGC,Neo_FACS,Neonatal_FACS,14,Lymphocytes,723,1372.0
Neo_FACS_ATTTTGCACCAT,Neo_FACS,Neonatal_FACS,12,Schwann cells,722,1390.0
Neo_FACS_GTGGGCGTTAAA,Neo_FACS,Neonatal_FACS,4,Endothelial cells,970,1591.0
Neo_FACS_AGGGTGTACCGC,Neo_FACS,Neonatal_FACS,0,Mesenchymal cells,759,1662.0
Neo_FACS_CATCAAGCTGGT,Neo_FACS,Neonatal_FACS,12,Schwann cells,490,703.0
Neo_FACS_TAATGGGCCCCT,Neo_FACS,Neonatal_FACS,0,Mesenchymal cells,566,1102.0
Neo_FACS_GCCCCTCGCAGT,Neo_FACS,Neonatal_FACS,12,Schwann cells,688,1556.0
Neo_FACS_CTGACGAGTGGA,Neo_FACS,Neonatal_FACS,2,Schwann cells,565,1014.0
Neo_FACS_GTCCTAGTTAAA,Neo_FACS,Neonatal_FACS,10,Schwann cells,434,649.0
Neo_FACS_AGGTAGATTACA,Neo_FACS,Neonatal_FACS,0,Mesenchymal cells,478,968.0
Neo_FACS_TATTTTAAGATG,Neo_FACS,Neonatal_FACS,10,Schwann cells,645,892.0
Neo_FACS_CACACTTGTTTA,Neo_FACS,Neonatal_FACS,0,Mesenchymal cells,477,835.0
Neo_FACS_ATTTAGCTCAGC,Neo_FACS,Neonatal_FACS,9,Schwann cells,711,1106.0
Neo_FACS_TGGGACTTTGAT,Neo_FACS,Neonatal_FACS,10,Schwann cells,879,1269.0
Neo_FACS_GGCGGACGGCCT,Neo_FACS,Neonatal_FACS,10,Schwann cells,1075,1876.0
Neo_FACS_TCGTCGAAGCCG,Neo_FACS,Neonatal_FACS,9,Schwann cells,783,1226.0
Neo_FACS_AGGCCATCTGGT,Neo_FACS,Neonatal_FACS,10,Schwann cells,895,1364.0
Neo_FACS_TACGGTGAGGGT,Neo_FACS,Neonatal_FACS,11,Macrophages,794,1381.0
Neo_FACS_TTTCCGCGGGAN,Neo_FACS,Neonatal_FACS,7,Pericytes/VSM,765,1087.0
Neo_FACS_TGAGTGTTCGGN,Neo_FACS,Neonatal_FACS,10,Schwann cells,844,1254.0
Neo_FACS_GAGCTAAACCAG,Neo_FACS,Neonatal_FACS,9,Schwann cells,777,1163.0
Neo_FACS_CCATCATCTATT,Neo_FACS,Neonatal_FACS,10,Schwann cells,479,721.0
Neo_FACS_CCCAACGTAGGC,Neo_FACS,Neonatal_FACS,2,Schwann cells,842,1225.0
Neo_FACS_CCATATCCGTCG,Neo_FACS,Neonatal_FACS,10,Schwann cells,684,1013.0
Neo_FACS_TTTTTCCCGGCT,Neo_FACS,Neonatal_FACS,7,Pericytes/VSM,610,958.0
Neo_FACS_GGATGCAGAGAT,Neo_FACS,Neonatal_FACS,9,Schwann cells,844,1200.0
Neo_FACS_TACTATAAAGTG,Neo_FACS,Neonatal_FACS,5,Endothelial cells,690,991.0
Neo_FACS_CGGCAAGTGACA,Neo_FACS,Neonatal_FACS,9,Schwann cells,763,1223.0
Neo_FACS_ACAGATGCATGA,Neo_FACS,Neonatal_FACS,10,Schwann cells,773,1100.0
Neo_FACS_ATGTCCAGCACG,Neo_FACS,Neonatal_FACS,4,Endothelial cells,779,1190.0
Neo_FACS_AACAGGATCGGA,Neo_FACS,Neonatal_FACS,0,Mesenchymal cells,402,968.0
Neo_FACS_TCGACTGCACGA,Neo_FACS,Neonatal_FACS,5,Endothelial cells,849,1339.0
Neo_FACS_TGGTTACTGATA,Neo_FACS,Neonatal_FACS,10,Schwann cells,897,1324.0
Neo_FACS_TCACATTAAGGA,Neo_FACS,Neonatal_FACS,10,Schwann cells,731,1082.0
Neo_FACS_GTTGGCTCCTTA,Neo_FACS,Neonatal_FACS,12,Schwann cells,762,1251.0
Neo_FACS_GACCTGGGTGTT,Neo_FACS,Neonatal_FACS,12,Schwann cells,591,970.0
Neo_FACS_GGCCTATCGGAN,Neo_FACS,Neonatal_FACS,10,Schwann cells,846,1209.0
Neo_FACS_CCTAAAGCAATA,Neo_FACS,Neonatal_FACS,17,Schwann cells,436,608.0
Neo_FACS_CGGGACCTTTAN,Neo_FACS,Neonatal_FACS,0,Mesenchymal cells,490,1311.0
Neo_FACS_CGCTCATCACAG,Neo_FACS,Neonatal_FACS,12,Schwann cells,800,1314.0
Neo_FACS_GAGGGGTACCGG,Neo_FACS,Neonatal_FACS,0,Mesenchymal cells,584,1022.0
Neo_FACS_CGAAGTTCCGAC,Neo_FACS,Neonatal_FACS,10,Schwann cells,831,1241.0
Neo_FACS_ATCCAGTGAAGC,Neo_FACS,Neonatal_FACS,11,Macrophages,803,1238.0
Neo_FACS_ACACCGACTAAT,Neo_FACS,Neonatal_FACS,0,Mesenchymal cells,581,1249.0
Neo_FACS_ATCGTAATCAAG,Neo_FACS,Neonatal_FACS,10,Schwann cells,660,993.0
Neo_FACS_ACAAGCTCCTAG,Neo_FACS,Neonatal_FACS,9,Schwann cells,601,840.0
Neo_FACS_GGGGTCTGACAG,Neo_FACS,Neonatal_FACS,10,Schwann cells,1195,2012.0
Neo_FACS_CCTCGGCGAGAA,Neo_FACS,Neonatal_FACS,6,Endothelial cells,633,967.0
Neo_FACS_GTGGTTACACCT,Neo_FACS,Neonatal_FACS,0,Mesenchymal cells,425,759.0
Neo_FACS_GTTGGAACGCCC,Neo_FACS,Neonatal_FACS,7,Pericytes/VSM,875,1321.0
Neo_FACS_TACAGTGTTGGA,Neo_FACS,Neonatal_FACS,10,Schwann cells,819,1177.0
Neo_FACS_TGGCATAAGGAC,Neo_FACS,Neonatal_FACS,0,Mesenchymal cells,759,1278.0
Neo_FACS_GCATTTCCCTGT,Neo_FACS,Neonatal_FACS,9,Schwann cells,680,1019.0
Neo_FACS_CGGATTCCGAAA,Neo_FACS,Neonatal_FACS,0,Mesenchymal cells,589,1128.0
Neo_FACS_CCCTGTCAGAGC,Neo_FACS,Neonatal_FACS,9,Schwann cells,683,1018.0
Neo_FACS_CCTCGTATAGCC,Neo_FACS,Neonatal_FACS,10,Schwann cells,670,1059.0
Neo_FACS_ATTAGATTTCCT,Neo_FACS,Neonatal_FACS,12,Schwann cells,580,930.0
Neo_FACS_GCATTATGCCAG,Neo_FACS,Neonatal_FACS,2,Schwann cells,368,537.0
Neo_FACS_GAGCAGCTCGTG,Neo_FACS,Neonatal_FACS,9,Schwann cells,835,1195.0
Neo_FACS_TGGAGAGCCAGA,Neo_FACS,Neonatal_FACS,10,Schwann cells,820,1189.0
Neo_FACS_TCAGTCCATGCG,Neo_FACS,Neonatal_FACS,9,Schwann cells,762,1183.0
Neo_FACS_TGGAAACCTGTT,Neo_FACS,Neonatal_FACS,0,Mesenchymal cells,457,718.0
Neo_FACS_TGTGTTGAGCAC,Neo_FACS,Neonatal_FACS,3,Mesenchymal cells,833,1407.0
Neo_FACS_AGCGCCCCATCC,Neo_FACS,Neonatal_FACS,13,Endothelial cells,904,1330.0
Neo_FACS_CCGCGAGCAGCA,Neo_FACS,Neonatal_FACS,0,Mesenchymal cells,639,1063.0
Neo_FACS_GGCCTAGTATGG,Neo_FACS,Neonatal_FACS,10,Schwann cells,788,1136.0
Neo_FACS_CTGCCCAATACG,Neo_FACS,Neonatal_FACS,10,Schwann cells,829,1215.0
Neo_FACS_TTCTCCTCGCCN,Neo_FACS,Neonatal_FACS,10,Schwann cells,416,701.0
Neo_FACS_ACAAGCTGCCGC,Neo_FACS,Neonatal_FACS,0,Mesenchymal cells,489,993.0
Neo_FACS_CCTACCGTCCAG,Neo_FACS,Neonatal_FACS,7,Pericytes/VSM,830,1368.0
Neo_FACS_AGGCATAAATTN,Neo_FACS,Neonatal_FACS,13,Endothelial cells,430,1084.0
Neo_FACS_TTGCGCTTCCTT,Neo_FACS,Neonatal_FACS,9,Schwann cells,774,1183.0
Neo_FACS_AGCAATGTAAAC,Neo_FACS,Neonatal_FACS,10,Schwann cells,697,1064.0
Neo_FACS_TCAGTTCTTGCC,Neo_FACS,Neonatal_FACS,12,Schwann cells,409,646.0
Neo_FACS_ATGATCTTATGA,Neo_FACS,Neonatal_FACS,0,Mesenchymal cells,452,736.0
Neo_FACS_CGTGTGTTCCAC,Neo_FACS,Neonatal_FACS,12,Schwann cells,640,1292.0
Neo_FACS_TGATATTGCTAG,Neo_FACS,Neonatal_FACS,0,Mesenchymal cells,474,755.0
Neo_FACS_ATTAGTGGGATG,Neo_FACS,Neonatal_FACS,7,Pericytes/VSM,642,975.0
Neo_FACS_ACAATAAGGCAC,Neo_FACS,Neonatal_FACS,0,Mesenchymal cells,512,840.0
Neo_FACS_ACTAGTGGTTAA,Neo_FACS,Neonatal_FACS,0,Mesenchymal cells,589,1007.0
Neo_FACS_ACCTTATGAGTN,Neo_FACS,Neonatal_FACS,10,Schwann cells,759,1075.0
Neo_FACS_GGCGAAGGGTTA,Neo_FACS,Neonatal_FACS,10,Schwann cells,814,1217.0
Neo_FACS_AGGGTTGTGCGC,Neo_FACS,Neonatal_FACS,10,Schwann cells,932,1446.0
Neo_FACS_CTTCCGCGTGCT,Neo_FACS,Neonatal_FACS,0,Mesenchymal cells,480,1162.0
Neo_FACS_TAGCCGTTATCN,Neo_FACS,Neonatal_FACS,10,Schwann cells,725,1057.0
Neo_FACS_ATCAGGCCCGGC,Neo_FACS,Neonatal_FACS,3,Mesenchymal cells,807,1239.0
Neo_FACS_ACGACGACCGTG,Neo_FACS,Neonatal_FACS,0,Mesenchymal cells,667,1166.0
Neo_FACS_TGATGTCCACGN,Neo_FACS,Neonatal_FACS,10,Schwann cells,808,1191.0
Neo_FACS_GGAAATGTGGTG,Neo_FACS,Neonatal_FACS,1,Mesenchymal cells,679,1142.0
Neo_FACS_TCTGTTGCGGAT,Neo_FACS,Neonatal_FACS,9,Schwann cells,734,1050.0
Neo_FACS_GTACTCAGAGGC,Neo_FACS,Neonatal_FACS,0,Mesenchymal cells,603,949.0
Neo_FACS_AGGCCTTATCAT,Neo_FACS,Neonatal_FACS,10,Schwann cells,955,1447.0
Neo_FACS_GGCAAAGTGACT,Neo_FACS,Neonatal_FACS,1,Mesenchymal cells,595,1007.0
Neo_FACS_CCCGTGTGCAGA,Neo_FACS,Neonatal_FACS,10,Schwann cells,859,1276.0
Neo_FACS_TCTATTGTCGGC,Neo_FACS,Neonatal_FACS,12,Schwann cells,467,742.0
Neo_FACS_TATTAAGTCAGT,Neo_FACS,Neonatal_FACS,1,Mesenchymal cells,507,903.0
Neo_FACS_CGAGTACCGTGC,Neo_FACS,Neonatal_FACS,7,Pericytes/VSM,822,1298.0
Neo_FACS_TAGGAATACGTG,Neo_FACS,Neonatal_FACS,0,Mesenchymal cells,462,978.0
Neo_FACS_CAGTACCCCGTC,Neo_FACS,Neonatal_FACS,0,Mesenchymal cells,549,926.0
Neo_FACS_TCGCACACCATC,Neo_FACS,Neonatal_FACS,0,Mesenchymal cells,703,1368.0
Neo_FACS_AGTATGAAGTTC,Neo_FACS,Neonatal_FACS,17,Schwann cells,694,1049.0
Neo_FACS_TCTTTTAGTTTG,Neo_FACS,Neonatal_FACS,17,Schwann cells,638,1009.0
Neo_FACS_TACCATGATCCT,Neo_FACS,Neonatal_FACS,17,Schwann cells,392,605.0
Neo_FACS_CAGGGCCACCAA,Neo_FACS,Neonatal_FACS,9,Schwann cells,775,1180.0
Neo_FACS_CCCAGGTGTAGA,Neo_FACS,Neonatal_FACS,9,Schwann cells,772,1110.0
Neo_FACS_ACCAGTAGTGTN,Neo_FACS,Neonatal_FACS,9,Schwann cells,371,478.0
Neo_FACS_CGGCGGTGTCTG,Neo_FACS,Neonatal_FACS,4,Endothelial cells,746,1121.0
Neo_FACS_TGGCTGGTGTGC,Neo_FACS,Neonatal_FACS,2,Schwann cells,886,1641.0
Neo_FACS_ACGCCCCATCCN,Neo_FACS,Neonatal_FACS,13,Endothelial cells,826,1141.0
Neo_FACS_ATGAACCGCGAA,Neo_FACS,Neonatal_FACS,1,Mesenchymal cells,489,823.0
Neo_FACS_GTACGTCAAGAN,Neo_FACS,Neonatal_FACS,0,Mesenchymal cells,464,1155.0
Neo_FACS_AGGTTGTGTGGG,Neo_FACS,Neonatal_FACS,9,Schwann cells,701,1010.0
Neo_FACS_AAATCAAAGCCC,Neo_FACS,Neonatal_FACS,4,Endothelial cells,787,1159.0
Neo_FACS_GAGATGACTAGC,Neo_FACS,Neonatal_FACS,7,Pericytes/VSM,458,674.0
Neo_FACS_CAGCGCACTGTC,Neo_FACS,Neonatal_FACS,12,Schwann cells,433,967.0
Neo_FACS_CATGCCGCCAGN,Neo_FACS,Neonatal_FACS,13,Endothelial cells,622,1084.0
Neo_FACS_TTGCCTCTTCCN,Neo_FACS,Neonatal_FACS,12,Schwann cells,843,1343.0
Neo_FACS_CTCTAGCCTCCA,Neo_FACS,Neonatal_FACS,0,Mesenchymal cells,504,878.0
Neo_FACS_TGGCGTCCTGGT,Neo_FACS,Neonatal_FACS,8,Schwann cells,889,1274.0
Neo_FACS_CGCTGAGTCAAA,Neo_FACS,Neonatal_FACS,0,Mesenchymal cells,493,1160.0
Neo_FACS_GCTATAACTTGA,Neo_FACS,Neonatal_FACS,12,Schwann cells,421,615.0
Neo_FACS_CTGGTATTTACG,Neo_FACS,Neonatal_FACS,1,Mesenchymal cells,526,1023.0
Neo_FACS_CTGTTGAGGGGC,Neo_FACS,Neonatal_FACS,9,Schwann cells,879,1470.0
Neo_FACS_CCGCACTTAGCN,Neo_FACS,Neonatal_FACS,13,Endothelial cells,665,965.0
Neo_FACS_GTCTTGTTGAGC,Neo_FACS,Neonatal_FACS,9,Schwann cells,665,918.0
Neo_FACS_CAACTTGGGAAN,Neo_FACS,Neonatal_FACS,13,Endothelial cells,658,1036.0
Neo_FACS_GTGCAAACATCG,Neo_FACS,Neonatal_FACS,17,Schwann cells,410,593.0
Neo_FACS_CCTCTTGTCCGG,Neo_FACS,Neonatal_FACS,12,Schwann cells,627,1161.0
Neo_FACS_TGAACAGATAAC,Neo_FACS,Neonatal_FACS,0,Mesenchymal cells,403,678.0
Neo_FACS_GCGGTAAGATGT,Neo_FACS,Neonatal_FACS,9,Schwann cells,849,1248.0
Neo_FACS_GGGTAATAAGAC,Neo_FACS,Neonatal_FACS,0,Mesenchymal cells,670,1333.0
Neo_FACS_CAGGTGAGTCCC,Neo_FACS,Neonatal_FACS,9,Schwann cells,716,1066.0
Neo_FACS_GCGACGGACAGC,Neo_FACS,Neonatal_FACS,10,Schwann cells,792,1189.0
Neo_FACS_GCGACCGGTGCC,Neo_FACS,Neonatal_FACS,10,Schwann cells,533,833.0
Neo_FACS_GTGCTCGGGCAG,Neo_FACS,Neonatal_FACS,0,Mesenchymal cells,790,1412.0
Neo_FACS_CATCATACCAAG,Neo_FACS,Neonatal_FACS,0,Mesenchymal cells,479,749.0
Neo_FACS_TTGTTGGTTGAA,Neo_FACS,Neonatal_FACS,17,Schwann cells,681,971.0
Neo_FACS_CACAAGTAAGAG,Neo_FACS,Neonatal_FACS,1,Mesenchymal cells,408,789.0
Neo_FACS_CCTGGTACGGCA,Neo_FACS,Neonatal_FACS,9,Schwann cells,680,952.0
Neo_FACS_TGTTTGAATACC,Neo_FACS,Neonatal_FACS,10,Schwann cells,688,1028.0
Neo_FACS_ACCGACCCTGCN,Neo_FACS,Neonatal_FACS,12,Schwann cells,645,1161.0
Neo_FACS_CTTGCGGTAAAT,Neo_FACS,Neonatal_FACS,0,Mesenchymal cells,502,879.0
Neo_FACS_TGCTATCGTCAA,Neo_FACS,Neonatal_FACS,10,Schwann cells,604,862.0
Neo_FACS_CTATGTTGTTCN,Neo_FACS,Neonatal_FACS,12,Schwann cells,472,934.0
Neo_FACS_AGTGCGATAGCT,Neo_FACS,Neonatal_FACS,0,Mesenchymal cells,517,1099.0
Neo_FACS_CTGGCCATTGGT,Neo_FACS,Neonatal_FACS,10,Schwann cells,488,699.0
Neo_FACS_GACCCGTGTTGC,Neo_FACS,Neonatal_FACS,0,Mesenchymal cells,510,1036.0
Neo_FACS_AATGACATAGTC,Neo_FACS,Neonatal_FACS,9,Schwann cells,560,768.0
Neo_FACS_GGTGGAATGCCT,Neo_FACS,Neonatal_FACS,3,Mesenchymal cells,706,1376.0
Neo_FACS_GTGACCCAGCGG,Neo_FACS,Neonatal_FACS,17,Schwann cells,910,1619.0
Neo_FACS_CGTGGGCAGTTC,Neo_FACS,Neonatal_FACS,0,Mesenchymal cells,706,1406.0
Neo_FACS_ACTGATCATTCN,Neo_FACS,Neonatal_FACS,0,Mesenchymal cells,411,627.0
Neo_FACS_TTTACGAATGAG,Neo_FACS,Neonatal_FACS,13,Endothelial cells,531,801.0
Neo_FACS_TACCCTCAGAGA,Neo_FACS,Neonatal_FACS,11,Macrophages,565,896.0
Neo_FACS_GATGATCAAAAA,Neo_FACS,Neonatal_FACS,7,Pericytes/VSM,566,842.0
Neo_FACS_TCGCACAGCGAG,Neo_FACS,Neonatal_FACS,0,Mesenchymal cells,496,881.0
Neo_FACS_GTTACGGTCAAC,Neo_FACS,Neonatal_FACS,7,Pericytes/VSM,450,710.0
Neo_FACS_GATGGTAAGGTT,Neo_FACS,Neonatal_FACS,10,Schwann cells,801,1272.0
Neo_FACS_ACACTAGGCTAC,Neo_FACS,Neonatal_FACS,2,Schwann cells,736,1126.0
Neo_FACS_TAGTACTCGATT,Neo_FACS,Neonatal_FACS,2,Schwann cells,666,875.0
Neo_FACS_TGGGAACATTCT,Neo_FACS,Neonatal_FACS,11,Macrophages,625,995.0
Neo_FACS_GATATCGGGGCC,Neo_FACS,Neonatal_FACS,2,Schwann cells,821,1270.0
Neo_FACS_AGGGTTTCCTAC,Neo_FACS,Neonatal_FACS,1,Mesenchymal cells,502,970.0
Neo_FACS_GCGCGTTATTTN,Neo_FACS,Neonatal_FACS,6,Endothelial cells,704,962.0
Neo_FACS_GATTCGCGAAGT,Neo_FACS,Neonatal_FACS,2,Schwann cells,594,801.0
Neo_FACS_TATTACCCGGCA,Neo_FACS,Neonatal_FACS,10,Schwann cells,364,584.0
Neo_FACS_AATTGCGGTTGN,Neo_FACS,Neonatal_FACS,11,Macrophages,708,950.0
Neo_FACS_AGGGATGATCCC,Neo_FACS,Neonatal_FACS,7,Pericytes/VSM,764,1111.0
Neo_FACS_TTAATCCGATAT,Neo_FACS,Neonatal_FACS,0,Mesenchymal cells,332,687.0
Neo_FACS_ATCGCCAGCCCN,Neo_FACS,Neonatal_FACS,3,Mesenchymal cells,688,1012.0
Neo_FACS_CTGCGGCGGTCG,Neo_FACS,Neonatal_FACS,6,Endothelial cells,666,1001.0
Neo_FACS_ACCGGTGAGTGA,Neo_FACS,Neonatal_FACS,17,Schwann cells,693,978.0
Neo_FACS_CCTAAGAATCCC,Neo_FACS,Neonatal_FACS,12,Schwann cells,496,938.0
Neo_FACS_TATAATGACAGG,Neo_FACS,Neonatal_FACS,3,Mesenchymal cells,279,424.0
Neo_FACS_CTGGTAGACTGG,Neo_FACS,Neonatal_FACS,7,Pericytes/VSM,714,1013.0
Neo_FACS_TACAGTGGTTCT,Neo_FACS,Neonatal_FACS,11,Macrophages,716,1087.0
Neo_FACS_ACGCAGGTAGAA,Neo_FACS,Neonatal_FACS,1,Mesenchymal cells,533,917.0
Neo_FACS_TCGCGCCCCTTG,Neo_FACS,Neonatal_FACS,10,Schwann cells,630,872.0
Neo_FACS_AGGCGCTTTTAC,Neo_FACS,Neonatal_FACS,3,Mesenchymal cells,733,1237.0
Neo_FACS_ACTGCACAACTC,Neo_FACS,Neonatal_FACS,12,Schwann cells,656,1167.0
Neo_FACS_TACTCGTCTGGG,Neo_FACS,Neonatal_FACS,12,Schwann cells,528,1034.0
Neo_FACS_AGGGCGGATAAC,Neo_FACS,Neonatal_FACS,13,Endothelial cells,418,910.0
Neo_FACS_GACCTCGGAGTC,Neo_FACS,Neonatal_FACS,9,Schwann cells,723,1079.0
Neo_FACS_GTAGTGCTACCC,Neo_FACS,Neonatal_FACS,9,Schwann cells,702,977.0
Neo_FACS_AGGAAACGTACA,Neo_FACS,Neonatal_FACS,5,Endothelial cells,461,636.0
Neo_FACS_GGCAAGATGACC,Neo_FACS,Neonatal_FACS,2,Schwann cells,597,793.0
Neo_FACS_TTGGTTGGACTC,Neo_FACS,Neonatal_FACS,12,Schwann cells,398,682.0
Neo_FACS_GCGGTGGTCGTG,Neo_FACS,Neonatal_FACS,0,Mesenchymal cells,710,1212.0
Neo_FACS_TCGAACCCAATT,Neo_FACS,Neonatal_FACS,17,Schwann cells,400,633.0
Neo_FACS_TTTAGGGATAAN,Neo_FACS,Neonatal_FACS,0,Mesenchymal cells,473,990.0
Neo_FACS_GTGAATCTATGT,Neo_FACS,Neonatal_FACS,9,Schwann cells,620,851.0
Neo_FACS_ATCGCCGTTTAG,Neo_FACS,Neonatal_FACS,10,Schwann cells,628,885.0
Neo_FACS_ATTCGACGAAAG,Neo_FACS,Neonatal_FACS,0,Mesenchymal cells,406,682.0
Neo_FACS_AGCCCATGCCGA,Neo_FACS,Neonatal_FACS,0,Mesenchymal cells,628,1055.0
Neo_FACS_AAGTCACGTCGG,Neo_FACS,Neonatal_FACS,3,Mesenchymal cells,375,761.0
Neo_FACS_AGATTGGCCATC,Neo_FACS,Neonatal_FACS,9,Schwann cells,670,956.0
Neo_FACS_TCAGATCAGCGC,Neo_FACS,Neonatal_FACS,9,Schwann cells,736,1134.0
Neo_FACS_TAGACTCTGGCC,Neo_FACS,Neonatal_FACS,0,Mesenchymal cells,500,919.0
Neo_FACS_ACTAAATCGTAN,Neo_FACS,Neonatal_FACS,9,Schwann cells,599,804.0
Neo_FACS_ATCGATTGTTAA,Neo_FACS,Neonatal_FACS,12,Schwann cells,456,921.0
Neo_FACS_TTTGGCAGGTTG,Neo_FACS,Neonatal_FACS,9,Schwann cells,633,892.0
Neo_FACS_TATAACGTATAC,Neo_FACS,Neonatal_FACS,17,Schwann cells,649,873.0
Neo_FACS_CCCATGCTCTCC,Neo_FACS,Neonatal_FACS,8,Schwann cells,579,852.0
Neo_FACS_ACATCATGACCC,Neo_FACS,Neonatal_FACS,7,Pericytes/VSM,703,1078.0
Neo_FACS_CGTCTGACCCTA,Neo_FACS,Neonatal_FACS,10,Schwann cells,677,1013.0
Neo_FACS_TGGGCTAGCAGT,Neo_FACS,Neonatal_FACS,10,Schwann cells,686,964.0
Neo_FACS_AATCATTTACAT,Neo_FACS,Neonatal_FACS,12,Schwann cells,430,744.0
Neo_FACS_CCGCGCCTGGTC,Neo_FACS,Neonatal_FACS,12,Schwann cells,568,1189.0
Neo_FACS_GTGGTTCCCTCT,Neo_FACS,Neonatal_FACS,12,Schwann cells,635,1182.0
Neo_FACS_AATCCATGGAGC,Neo_FACS,Neonatal_FACS,10,Schwann cells,580,815.0
Neo_FACS_GGTCCAGGACAT,Neo_FACS,Neonatal_FACS,10,Schwann cells,689,915.0
Neo_FACS_CTTAGTCATTCA,Neo_FACS,Neonatal_FACS,12,Schwann cells,555,948.0
Neo_FACS_ACCCGAATGCAG,Neo_FACS,Neonatal_FACS,10,Schwann cells,650,890.0
Neo_FACS_CGATTACCGAGC,Neo_FACS,Neonatal_FACS,0,Mesenchymal cells,483,680.0
Neo_FACS_TGTGCTATAAAG,Neo_FACS,Neonatal_FACS,12,Schwann cells,654,944.0
Neo_FACS_ACTCGATTTAAA,Neo_FACS,Neonatal_FACS,4,Endothelial cells,525,759.0
Neo_FACS_CGGGGCCTGCAG,Neo_FACS,Neonatal_FACS,10,Schwann cells,717,1042.0
Neo_FACS_GTTGCACTTGAG,Neo_FACS,Neonatal_FACS,0,Mesenchymal cells,475,734.0
Neo_FACS_AGCGTGACAACG,Neo_FACS,Neonatal_FACS,6,Endothelial cells,617,850.0
Neo_FACS_AGTGGCTCTTTA,Neo_FACS,Neonatal_FACS,7,Pericytes/VSM,497,770.0
Neo_FACS_CAGTTCCACTTT,Neo_FACS,Neonatal_FACS,0,Mesenchymal cells,367,704.0
Neo_FACS_TCTCGCGTGTGA,Neo_FACS,Neonatal_FACS,9,Schwann cells,557,780.0
Neo_FACS_GTCATAGTCGTA,Neo_FACS,Neonatal_FACS,0,Mesenchymal cells,428,763.0
Neo_FACS_GAACCCCGAAAG,Neo_FACS,Neonatal_FACS,10,Schwann cells,564,784.0
Neo_FACS_GAATAATTCTCT,Neo_FACS,Neonatal_FACS,9,Schwann cells,461,663.0
Neo_FACS_GACTCCGTTGTC,Neo_FACS,Neonatal_FACS,1,Mesenchymal cells,535,928.0
Neo_FACS_TTCACTGGACAT,Neo_FACS,Neonatal_FACS,1,Mesenchymal cells,473,782.0
Neo_FACS_GGCGGGTCACCN,Neo_FACS,Neonatal_FACS,7,Pericytes/VSM,945,1487.0
Neo_FACS_GGCTGCGGTAGT,Neo_FACS,Neonatal_FACS,0,Mesenchymal cells,391,1064.0
Neo_FACS_ATGTGGCTATCG,Neo_FACS,Neonatal_FACS,9,Schwann cells,606,871.0
Neo_FACS_TTATGTTTCAGG,Neo_FACS,Neonatal_FACS,10,Schwann cells,427,622.0
Neo_FACS_CCGTATATGATA,Neo_FACS,Neonatal_FACS,0,Mesenchymal cells,365,656.0
Neo_FACS_TGTTTTAACCCC,Neo_FACS,Neonatal_FACS,10,Schwann cells,696,926.0
Neo_FACS_TCATCGGCGATA,Neo_FACS,Neonatal_FACS,12,Schwann cells,496,796.0
Neo_FACS_TCAGCTTCTATG,Neo_FACS,Neonatal_FACS,17,Schwann cells,520,957.0
Neo_FACS_CGTTGACTCTTA,Neo_FACS,Neonatal_FACS,4,Endothelial cells,558,786.0
Neo_FACS_TTCCCGCATCCT,Neo_FACS,Neonatal_FACS,12,Schwann cells,513,887.0
Neo_FACS_TTTTATCCTTCG,Neo_FACS,Neonatal_FACS,1,Mesenchymal cells,404,627.0
Neo_FACS_AGATCGCGTGCA,Neo_FACS,Neonatal_FACS,4,Endothelial cells,563,849.0
Neo_FACS_GCGAGTTGTAAG,Neo_FACS,Neonatal_FACS,12,Schwann cells,394,605.0
Neo_FACS_GAAGCCACGGGA,Neo_FACS,Neonatal_FACS,12,Schwann cells,479,717.0
Neo_FACS_ATGGTTTTAGCA,Neo_FACS,Neonatal_FACS,9,Schwann cells,610,849.0
Neo_FACS_AAAACTGTCGTC,Neo_FACS,Neonatal_FACS,17,Schwann cells,567,910.0
Neo_FACS_ACCTCTACCCAN,Neo_FACS,Neonatal_FACS,12,Schwann cells,571,864.0
Neo_FACS_CGTCCGTGCCAA,Neo_FACS,Neonatal_FACS,10,Schwann cells,574,758.0
Neo_FACS_GATCGTGTCACC,Neo_FACS,Neonatal_FACS,12,Schwann cells,590,1113.0
Neo_FACS_AGAGCACTATCT,Neo_FACS,Neonatal_FACS,1,Mesenchymal cells,479,796.0
Neo_FACS_TGCGACGAGCAT,Neo_FACS,Neonatal_FACS,0,Mesenchymal cells,445,911.0
Neo_FACS_TCAACAGTTTGA,Neo_FACS,Neonatal_FACS,5,Endothelial cells,599,856.0
Neo_FACS_GGATGTACTCAC,Neo_FACS,Neonatal_FACS,10,Schwann cells,560,735.0
Neo_FACS_ACCCAGCCGCGG,Neo_FACS,Neonatal_FACS,0,Mesenchymal cells,355,514.0
Neo_FACS_GACCCCGGACCC,Neo_FACS,Neonatal_FACS,5,Endothelial cells,740,1047.0
Neo_FACS_ATCAAGATAGCT,Neo_FACS,Neonatal_FACS,17,Schwann cells,453,715.0
Neo_FACS_TTGGGTCTCCAA,Neo_FACS,Neonatal_FACS,11,Macrophages,753,1098.0
Neo_FACS_CTAGGACAAGGG,Neo_FACS,Neonatal_FACS,12,Schwann cells,467,850.0
Neo_FACS_CGGGGTGACAAC,Neo_FACS,Neonatal_FACS,0,Mesenchymal cells,675,1123.0
Neo_FACS_AGGAATGGTGCA,Neo_FACS,Neonatal_FACS,13,Endothelial cells,589,859.0
Neo_FACS_GGGATGATCCCN,Neo_FACS,Neonatal_FACS,7,Pericytes/VSM,714,1015.0
Neo_FACS_GACTGTTGCTGG,Neo_FACS,Neonatal_FACS,12,Schwann cells,495,959.0
Neo_FACS_ATACCGGAAGAT,Neo_FACS,Neonatal_FACS,10,Schwann cells,444,656.0
Neo_FACS_ATAATCCTGAAC,Neo_FACS,Neonatal_FACS,17,Schwann cells,462,630.0
Neo_FACS_TGGTGACACATG,Neo_FACS,Neonatal_FACS,2,Schwann cells,629,923.0
Neo_FACS_GCCCCATTCCCA,Neo_FACS,Neonatal_FACS,12,Schwann cells,540,1057.0
Neo_FACS_CGCGAACAGCAC,Neo_FACS,Neonatal_FACS,12,Schwann cells,549,790.0
Neo_FACS_CGACACAGGTGG,Neo_FACS,Neonatal_FACS,9,Schwann cells,622,891.0
Neo_FACS_TGCGATGGGCCC,Neo_FACS,Neonatal_FACS,12,Schwann cells,462,1013.0
Neo_FACS_TATATCAGCAAN,Neo_FACS,Neonatal_FACS,17,Schwann cells,602,809.0
Neo_FACS_AAAAAAAGCATG,Neo_FACS,Neonatal_FACS,0,Mesenchymal cells,403,746.0
Neo_FACS_TAGTTTAAAGGC,Neo_FACS,Neonatal_FACS,17,Schwann cells,501,677.0
Neo_FACS_CCTTAAGACCCA,Neo_FACS,Neonatal_FACS,12,Schwann cells,514,1005.0
Neo_FACS_GTTGCTGTCCAN,Neo_FACS,Neonatal_FACS,7,Pericytes/VSM,616,856.0
Neo_FACS_CGGCCGTGTTTA,Neo_FACS,Neonatal_FACS,2,Schwann cells,468,646.0
Neo_FACS_CCATGGAGTTCG,Neo_FACS,Neonatal_FACS,0,Mesenchymal cells,375,644.0
Neo_FACS_GTATCGCCGAAC,Neo_FACS,Neonatal_FACS,3,Mesenchymal cells,348,499.0
Neo_FACS_TTGCTTGCACCA,Neo_FACS,Neonatal_FACS,4,Endothelial cells,535,762.0
Neo_FACS_CTTGCGAGAGCT,Neo_FACS,Neonatal_FACS,1,Mesenchymal cells,312,604.0
Neo_FACS_CCGTATTAATAG,Neo_FACS,Neonatal_FACS,0,Mesenchymal cells,397,636.0
Neo_FACS_AACAAGGAGGAA,Neo_FACS,Neonatal_FACS,0,Mesenchymal cells,412,652.0
Neo_FACS_AATAAGAATACA,Neo_FACS,Neonatal_FACS,9,Schwann cells,498,631.0
Neo_FACS_TATAGGCTGCAT,Neo_FACS,Neonatal_FACS,12,Schwann cells,533,967.0
Neo_FACS_GTGCCTGTGCGC,Neo_FACS,Neonatal_FACS,0,Mesenchymal cells,588,1706.0
Neo_FACS_CTGTTTTAGTTT,Neo_FACS,Neonatal_FACS,12,Schwann cells,431,850.0
Neo_FACS_GATTACCGTTGA,Neo_FACS,Neonatal_FACS,2,Schwann cells,444,665.0
Neo_FACS_AACAAAAGAACC,Neo_FACS,Neonatal_FACS,5,Endothelial cells,512,680.0
Neo_FACS_AGACGCAATCCN,Neo_FACS,Neonatal_FACS,12,Schwann cells,452,664.0
Neo_FACS_GCCACCTAGTCC,Neo_FACS,Neonatal_FACS,0,Mesenchymal cells,309,1112.0
Neo_FACS_ATTAGTTTCCTN,Neo_FACS,Neonatal_FACS,12,Schwann cells,452,677.0
Neo_FACS_CCCGGTGAAGCC,Neo_FACS,Neonatal_FACS,12,Schwann cells,437,675.0
Neo_FACS_GGAGCTACGCAC,Neo_FACS,Neonatal_FACS,7,Pericytes/VSM,578,806.0
Neo_FACS_CGCTCAGCAGTG,Neo_FACS,Neonatal_FACS,17,Schwann cells,691,893.0
Neo_FACS_GTTCGGCTGTCN,Neo_FACS,Neonatal_FACS,0,Mesenchymal cells,389,716.0
Neo_FACS_AACCTCGTACTC,Neo_FACS,Neonatal_FACS,10,Schwann cells,625,884.0
Neo_FACS_CGTCTACTGATC,Neo_FACS,Neonatal_FACS,7,Pericytes/VSM,485,705.0
Neo_FACS_CTAGTAGTGGGC,Neo_FACS,Neonatal_FACS,0,Mesenchymal cells,397,784.0
Neo_FACS_CTTGAGTTACAG,Neo_FACS,Neonatal_FACS,4,Endothelial cells,473,743.0
Neo_FACS_ATCTCCTGCCTN,Neo_FACS,Neonatal_FACS,6,Endothelial cells,544,663.0
Neo_FACS_TAGGTAATAAAN,Neo_FACS,Neonatal_FACS,0,Mesenchymal cells,387,926.0
Neo_FACS_TATACCCGGGTT,Neo_FACS,Neonatal_FACS,10,Schwann cells,552,755.0
Neo_FACS_CTCGTACCAGCT,Neo_FACS,Neonatal_FACS,7,Pericytes/VSM,453,633.0
Neo_FACS_GGGCAGTGAGGA,Neo_FACS,Neonatal_FACS,17,Schwann cells,515,672.0
Neo_FACS_CGTAACCCAAAA,Neo_FACS,Neonatal_FACS,13,Endothelial cells,516,769.0
Neo_FACS_ATGTTTTTGAGG,Neo_FACS,Neonatal_FACS,9,Schwann cells,417,602.0
Neo_FACS_CCGGCCCAAATA,Neo_FACS,Neonatal_FACS,10,Schwann cells,516,695.0
Neo_FACS_TCGGGGCAGGCG,Neo_FACS,Neonatal_FACS,10,Schwann cells,494,713.0
Neo_FACS_GTGACCCGCTCC,Neo_FACS,Neonatal_FACS,12,Schwann cells,501,887.0
Neo_FACS_GGAGGTACCTCC,Neo_FACS,Neonatal_FACS,10,Schwann cells,583,781.0
Neo_FACS_TTCCCGGGTTCG,Neo_FACS,Neonatal_FACS,10,Schwann cells,481,811.0
Neo_FACS_GGTTGGTGGTGA,Neo_FACS,Neonatal_FACS,10,Schwann cells,602,829.0
Neo_FACS_ATGGTCGGTCTC,Neo_FACS,Neonatal_FACS,12,Schwann cells,410,917.0
Neo_FACS_AGACACTACCTC,Neo_FACS,Neonatal_FACS,9,Schwann cells,491,676.0
Neo_FACS_CCGTCCAATTCC,Neo_FACS,Neonatal_FACS,12,Schwann cells,410,861.0
Neo_FACS_GGGATTGCATAG,Neo_FACS,Neonatal_FACS,1,Mesenchymal cells,411,806.0
Neo_FACS_TAAAATGAGGTA,Neo_FACS,Neonatal_FACS,0,Mesenchymal cells,300,763.0
Neo_FACS_ATCCTGAGCTAT,Neo_FACS,Neonatal_FACS,3,Mesenchymal cells,382,508.0
Neo_FACS_TTTTGGTGGTGA,Neo_FACS,Neonatal_FACS,11,Macrophages,504,791.0
Neo_FACS_ACGGCTCGATGA,Neo_FACS,Neonatal_FACS,10,Schwann cells,584,782.0
Neo_FACS_ACCGCTGTACAA,Neo_FACS,Neonatal_FACS,1,Mesenchymal cells,365,651.0
Neo_FACS_GTAATAGCGGCN,Neo_FACS,Neonatal_FACS,3,Mesenchymal cells,491,775.0
Neo_FACS_CCTGCCTTCTTA,Neo_FACS,Neonatal_FACS,12,Schwann cells,513,860.0
Neo_FACS_GTTTCAATCTAN,Neo_FACS,Neonatal_FACS,7,Pericytes/VSM,502,739.0
Neo_FACS_AAGCGGATTCTC,Neo_FACS,Neonatal_FACS,1,Mesenchymal cells,261,421.0
Neo_FACS_ATTATGCGTACT,Neo_FACS,Neonatal_FACS,12,Schwann cells,470,752.0
Neo_FACS_GTGTCATCTCAA,Neo_FACS,Neonatal_FACS,12,Schwann cells,513,912.0
Neo_FACS_CCCAGATGAATT,Neo_FACS,Neonatal_FACS,17,Schwann cells,433,741.0
Neo_FACS_AATCAAATGAAT,Neo_FACS,Neonatal_FACS,13,Endothelial cells,319,517.0
Neo_FACS_GGATGGTTGGGG,Neo_FACS,Neonatal_FACS,9,Schwann cells,515,770.0
Neo_FACS_TAAGATACATCC,Neo_FACS,Neonatal_FACS,14,Lymphocytes,527,745.0
Neo_FACS_TCATTCTGCATG,Neo_FACS,Neonatal_FACS,2,Schwann cells,497,691.0
Neo_FACS_CTGGGGGTCGAT,Neo_FACS,Neonatal_FACS,10,Schwann cells,766,1175.0
Neo_FACS_CCCTTTATAAAT,Neo_FACS,Neonatal_FACS,12,Schwann cells,415,801.0
Neo_FACS_ACGGTCATTTAN,Neo_FACS,Neonatal_FACS,11,Macrophages,549,791.0
Neo_FACS_TTTGAAGAGATA,Neo_FACS,Neonatal_FACS,17,Schwann cells,236,474.0
Neo_FACS_AACCTCCCGCCC,Neo_FACS,Neonatal_FACS,12,Schwann cells,558,1025.0
Neo_FACS_TAGAGCGACCTC,Neo_FACS,Neonatal_FACS,12,Schwann cells,520,934.0
Neo_FACS_AAGCTTTGTATC,Neo_FACS,Neonatal_FACS,9,Schwann cells,459,568.0
Neo_FACS_TCTACCTCAGAC,Neo_FACS,Neonatal_FACS,17,Schwann cells,517,722.0
Neo_FACS_TCTATCGCAAAT,Neo_FACS,Neonatal_FACS,6,Endothelial cells,543,767.0
Neo_FACS_GTGGACCACCAG,Neo_FACS,Neonatal_FACS,1,Mesenchymal cells,389,796.0
Neo_FACS_CGGGCCTGTCGC,Neo_FACS,Neonatal_FACS,0,Mesenchymal cells,477,1001.0
Neo_FACS_TTTATGAGTCTG,Neo_FACS,Neonatal_FACS,2,Schwann cells,345,498.0
Neo_FACS_TGGAGGCGGGTN,Neo_FACS,Neonatal_FACS,10,Schwann cells,658,1001.0
Neo_FACS_AATTAAAAGAGT,Neo_FACS,Neonatal_FACS,8,Schwann cells,503,713.0
Neo_FACS_ATTGTCCACCTN,Neo_FACS,Neonatal_FACS,12,Schwann cells,491,851.0
Neo_FACS_TGCCCGAGTGAT,Neo_FACS,Neonatal_FACS,1,Mesenchymal cells,420,737.0
Neo_FACS_CAAGCAACAGTA,Neo_FACS,Neonatal_FACS,17,Schwann cells,401,540.0
Neo_FACS_CGTAGCACAATC,Neo_FACS,Neonatal_FACS,0,Mesenchymal cells,339,567.0
Neo_FACS_CGCGCTCTCCGC,Neo_FACS,Neonatal_FACS,17,Schwann cells,496,758.0
Neo_FACS_GTAAAGCAGCGC,Neo_FACS,Neonatal_FACS,12,Schwann cells,490,912.0
Neo_FACS_CGGCGCCGCTTN,Neo_FACS,Neonatal_FACS,17,Schwann cells,309,464.0
Neo_FACS_TCGGTTGTCGCG,Neo_FACS,Neonatal_FACS,12,Schwann cells,470,768.0
Neo_FACS_CTGTTGGGATCA,Neo_FACS,Neonatal_FACS,17,Schwann cells,513,684.0
Neo_FACS_GTGAAAAGTTAA,Neo_FACS,Neonatal_FACS,2,Schwann cells,352,453.0
Neo_FACS_GGCTATTCACGG,Neo_FACS,Neonatal_FACS,13,Endothelial cells,520,722.0
Neo_FACS_GGAATTCGGCCT,Neo_FACS,Neonatal_FACS,0,Mesenchymal cells,390,566.0
Neo_FACS_TCTCAGCTTGCA,Neo_FACS,Neonatal_FACS,7,Pericytes/VSM,490,661.0
Neo_FACS_CAGTACCCGTCN,Neo_FACS,Neonatal_FACS,0,Mesenchymal cells,368,612.0
Neo_FACS_TACGTTATAGAA,Neo_FACS,Neonatal_FACS,11,Macrophages,580,831.0
Neo_FACS_GAGACACATGGA,Neo_FACS,Neonatal_FACS,10,Schwann cells,495,678.0
Neo_FACS_AGTAAACGATCA,Neo_FACS,Neonatal_FACS,17,Schwann cells,321,401.0
Neo_FACS_ACGTTGGGTCAC,Neo_FACS,Neonatal_FACS,11,Macrophages,636,1010.0
Neo_FACS_ATAGGCACCTAG,Neo_FACS,Neonatal_FACS,7,Pericytes/VSM,491,738.0
Neo_FACS_TCAGTCCACGAT,Neo_FACS,Neonatal_FACS,12,Schwann cells,395,776.0
Neo_FACS_TAGGGGAGGAAG,Neo_FACS,Neonatal_FACS,9,Schwann cells,495,666.0
Neo_FACS_ACAGTTGGTGTA,Neo_FACS,Neonatal_FACS,12,Schwann cells,421,788.0
Neo_FACS_GCCCACGCTCCG,Neo_FACS,Neonatal_FACS,17,Schwann cells,409,588.0
Neo_FACS_GTAGTCACAATC,Neo_FACS,Neonatal_FACS,12,Schwann cells,450,774.0
Neo_FACS_CAGAGGCACTCN,Neo_FACS,Neonatal_FACS,12,Schwann cells,258,344.0
Neo_FACS_GGCCATGTGAGC,Neo_FACS,Neonatal_FACS,0,Mesenchymal cells,377,717.0
Neo_FACS_ACTCTGGCTGCC,Neo_FACS,Neonatal_FACS,1,Mesenchymal cells,410,801.0
Neo_FACS_GCAGCTTCATGC,Neo_FACS,Neonatal_FACS,4,Endothelial cells,357,454.0
Neo_FACS_AAGGGTCTATCN,Neo_FACS,Neonatal_FACS,7,Pericytes/VSM,583,779.0
Neo_FACS_ATTCACGGTCAG,Neo_FACS,Neonatal_FACS,12,Schwann cells,529,878.0
Neo_FACS_ACCTGCCTGGCC,Neo_FACS,Neonatal_FACS,1,Mesenchymal cells,364,560.0
Neo_FACS_ACGGAGAGGCTT,Neo_FACS,Neonatal_FACS,1,Mesenchymal cells,432,632.0
Neo_FACS_CAAAAACGAGTC,Neo_FACS,Neonatal_FACS,6,Endothelial cells,483,612.0
Neo_FACS_ATCGAGACCATA,Neo_FACS,Neonatal_FACS,12,Schwann cells,501,796.0
Neo_FACS_CACAATTCGTGN,Neo_FACS,Neonatal_FACS,17,Schwann cells,362,477.0
Neo_FACS_CTATGTTCCACG,Neo_FACS,Neonatal_FACS,12,Schwann cells,512,886.0
Neo_FACS_CACCGTCGTTTC,Neo_FACS,Neonatal_FACS,12,Schwann cells,435,722.0
Neo_FACS_CCGCTCAACCAT,Neo_FACS,Neonatal_FACS,4,Endothelial cells,574,857.0
Neo_FACS_GCGTTAAGAGGN,Neo_FACS,Neonatal_FACS,11,Macrophages,536,720.0
Neo_FACS_CTTTTCACACAC,Neo_FACS,Neonatal_FACS,12,Schwann cells,429,763.0
Neo_FACS_ATCTGAGCCAAC,Neo_FACS,Neonatal_FACS,12,Schwann cells,414,802.0
Neo_FACS_GGATATAACTAN,Neo_FACS,Neonatal_FACS,9,Schwann cells,412,536.0
Neo_FACS_CTTGGCGAACCA,Neo_FACS,Neonatal_FACS,17,Schwann cells,577,950.0
Neo_FACS_GATCTCACAGAA,Neo_FACS,Neonatal_FACS,11,Macrophages,434,598.0
Neo_FACS_AGAAACAAACGG,Neo_FACS,Neonatal_FACS,10,Schwann cells,474,680.0
Neo_FACS_GTCCAACGGCTG,Neo_FACS,Neonatal_FACS,17,Schwann cells,463,610.0
Neo_FACS_CTTATGGTAAAN,Neo_FACS,Neonatal_FACS,13,Endothelial cells,349,519.0
Neo_FACS_CCCCCTGACCAT,Neo_FACS,Neonatal_FACS,9,Schwann cells,454,716.0
Neo_FACS_AGGCACAAGGCT,Neo_FACS,Neonatal_FACS,12,Schwann cells,383,719.0
Neo_FACS_CAGATGTGCGTG,Neo_FACS,Neonatal_FACS,2,Schwann cells,350,467.0
Neo_FACS_GTGCGTAATGCG,Neo_FACS,Neonatal_FACS,17,Schwann cells,587,816.0
Neo_FACS_TCTATTAACCCT,Neo_FACS,Neonatal_FACS,7,Pericytes/VSM,416,653.0
Neo_FACS_ACGCCCTGTTTG,Neo_FACS,Neonatal_FACS,6,Endothelial cells,379,514.0
Neo_FACS_CCCGAGACTTGC,Neo_FACS,Neonatal_FACS,12,Schwann cells,507,785.0
Neo_FACS_CCTGTGGGTTCG,Neo_FACS,Neonatal_FACS,0,Mesenchymal cells,524,714.0
Neo_FACS_TGGACGAGCACN,Neo_FACS,Neonatal_FACS,1,Mesenchymal cells,326,622.0
Neo_FACS_CGCCTAGATACG,Neo_FACS,Neonatal_FACS,12,Schwann cells,388,746.0
Neo_FACS_ACTGCAGTTAAC,Neo_FACS,Neonatal_FACS,7,Pericytes/VSM,220,313.0
Neo_FACS_TCAAGAAAGATA,Neo_FACS,Neonatal_FACS,10,Schwann cells,426,549.0
Neo_FACS_TGTAACGTCAGT,Neo_FACS,Neonatal_FACS,12,Schwann cells,362,516.0
Neo_FACS_GCACACTAAACC,Neo_FACS,Neonatal_FACS,17,Schwann cells,461,672.0
Neo_FACS_GCTTTCATGGCT,Neo_FACS,Neonatal_FACS,0,Mesenchymal cells,306,514.0
Neo_FACS_TATGACCATGCA,Neo_FACS,Neonatal_FACS,12,Schwann cells,405,741.0
Neo_FACS_TACTGCCCCAAC,Neo_FACS,Neonatal_FACS,6,Endothelial cells,592,924.0
Neo_FACS_GATCTCACGAAN,Neo_FACS,Neonatal_FACS,11,Macrophages,382,515.0
Neo_FACS_ACCGACACCCTG,Neo_FACS,Neonatal_FACS,12,Schwann cells,409,702.0
Neo_FACS_CTCTAGTAAAAC,Neo_FACS,Neonatal_FACS,0,Mesenchymal cells,302,491.0
Neo_FACS_GTCTTACGGTCC,Neo_FACS,Neonatal_FACS,17,Schwann cells,449,701.0
Neo_FACS_CTTCGAGTTAGA,Neo_FACS,Neonatal_FACS,1,Mesenchymal cells,343,577.0
Neo_FACS_GAGATCGCTTAN,Neo_FACS,Neonatal_FACS,12,Schwann cells,380,599.0
Neo_FACS_TCGGTTGCATAT,Neo_FACS,Neonatal_FACS,12,Schwann cells,533,915.0
Neo_FACS_TCTGTTAACATG,Neo_FACS,Neonatal_FACS,1,Mesenchymal cells,365,603.0
Neo_FACS_TGTATAGCTCCG,Neo_FACS,Neonatal_FACS,12,Schwann cells,362,611.0
Neo_FACS_TAATATAGTAGA,Neo_FACS,Neonatal_FACS,6,Endothelial cells,368,477.0
Neo_FACS_GGTCCGTTTATT,Neo_FACS,Neonatal_FACS,2,Schwann cells,368,481.0
Neo_FACS_TAGGCACTGCGC,Neo_FACS,Neonatal_FACS,9,Schwann cells,583,774.0
Neo_FACS_TTACTCTCCGTT,Neo_FACS,Neonatal_FACS,2,Schwann cells,318,395.0
Neo_FACS_TTAAGATGTACA,Neo_FACS,Neonatal_FACS,12,Schwann cells,356,652.0
Neo_FACS_GGCGAGCTACCN,Neo_FACS,Neonatal_FACS,1,Mesenchymal cells,381,716.0
Neo_FACS_TGCGTCCTGGTN,Neo_FACS,Neonatal_FACS,8,Schwann cells,509,653.0
Neo_FACS_CGTTCTTCCTAC,Neo_FACS,Neonatal_FACS,0,Mesenchymal cells,375,691.0
Neo_FACS_CCCTTCGGGTTN,Neo_FACS,Neonatal_FACS,0,Mesenchymal cells,257,476.0
Neo_FACS_TATTGGCGGTAA,Neo_FACS,Neonatal_FACS,17,Schwann cells,400,671.0
Neo_FACS_TGATGTGGCCTG,Neo_FACS,Neonatal_FACS,17,Schwann cells,549,846.0
Neo_FACS_GATCTCTCGACG,Neo_FACS,Neonatal_FACS,12,Schwann cells,317,394.0
Neo_FACS_CGAAGGGGACCA,Neo_FACS,Neonatal_FACS,17,Schwann cells,317,501.0
Neo_FACS_AAACTCCACGAG,Neo_FACS,Neonatal_FACS,16,Mast cells,266,427.0
Neo_FACS_AATCATGGAGCN,Neo_FACS,Neonatal_FACS,9,Schwann cells,397,538.0
Neo_FACS_GAGCGGGATAAT,Neo_FACS,Neonatal_FACS,12,Schwann cells,345,473.0
Neo_FACS_ATTACGGGAGCN,Neo_FACS,Neonatal_FACS,10,Schwann cells,362,498.0
Neo_FACS_CCGGTCCGTCTC,Neo_FACS,Neonatal_FACS,0,Mesenchymal cells,355,548.0
Neo_FACS_TGCAAATGCGGA,Neo_FACS,Neonatal_FACS,12,Schwann cells,412,680.0
Neo_FACS_ACTATCGTCGGT,Neo_FACS,Neonatal_FACS,17,Schwann cells,305,412.0
Neo_FACS_TGACATACGGGT,Neo_FACS,Neonatal_FACS,1,Mesenchymal cells,316,478.0
Neo_FACS_TTGCCGCCCGTA,Neo_FACS,Neonatal_FACS,12,Schwann cells,407,686.0
Neo_FACS_CCATTAATGGGA,Neo_FACS,Neonatal_FACS,17,Schwann cells,411,545.0
Neo_FACS_GGGGCGTCCCTA,Neo_FACS,Neonatal_FACS,4,Endothelial cells,786,1163.0
Neo_FACS_AGTCGTGTACAC,Neo_FACS,Neonatal_FACS,10,Schwann cells,657,1047.0
Neo_FACS_CTGACACTAAAC,Neo_FACS,Neonatal_FACS,17,Schwann cells,419,521.0
Neo_FACS_ACCGCCGATGTA,Neo_FACS,Neonatal_FACS,7,Pericytes/VSM,411,670.0
Neo_FACS_CGGTTAAATGCN,Neo_FACS,Neonatal_FACS,10,Schwann cells,475,630.0
Neo_FACS_GATTGACATTGA,Neo_FACS,Neonatal_FACS,3,Mesenchymal cells,391,624.0
Neo_FACS_TGTGCCGAAGGA,Neo_FACS,Neonatal_FACS,17,Schwann cells,330,486.0
Neo_FACS_CAGCAGCTAGGT,Neo_FACS,Neonatal_FACS,12,Schwann cells,361,656.0
Neo_FACS_CCCAAGTAGGCN,Neo_FACS,Neonatal_FACS,3,Mesenchymal cells,477,609.0
Neo_FACS_GGCGTTAAGAGG,Neo_FACS,Neonatal_FACS,11,Macrophages,531,714.0
Neo_FACS_AGAAGCTATAAC,Neo_FACS,Neonatal_FACS,7,Pericytes/VSM,520,727.0
Neo_FACS_CGGGCCTTTAAT,Neo_FACS,Neonatal_FACS,12,Schwann cells,397,799.0
Neo_FACS_GACATCCAGTAT,Neo_FACS,Neonatal_FACS,7,Pericytes/VSM,269,328.0
Neo_FACS_AGTTCTAGATCC,Neo_FACS,Neonatal_FACS,17,Schwann cells,450,679.0
Neo_FACS_TTAGGAACCGCG,Neo_FACS,Neonatal_FACS,12,Schwann cells,333,423.0
Neo_FACS_ACAGGGCAGATA,Neo_FACS,Neonatal_FACS,0,Mesenchymal cells,469,756.0
Neo_FACS_TGGGTACAGAGG,Neo_FACS,Neonatal_FACS,9,Schwann cells,592,826.0
Neo_FACS_CATAGGGCTCGC,Neo_FACS,Neonatal_FACS,2,Schwann cells,295,389.0
Neo_FACS_GAAATGTCATGG,Neo_FACS,Neonatal_FACS,12,Schwann cells,339,590.0
Neo_FACS_TTAGCACAACGT,Neo_FACS,Neonatal_FACS,17,Schwann cells,248,319.0
Neo_FACS_TCCCGGCAGAGG,Neo_FACS,Neonatal_FACS,1,Mesenchymal cells,309,503.0
Neo_FACS_TAGTCATGCAGN,Neo_FACS,Neonatal_FACS,17,Schwann cells,415,687.0
Neo_FACS_TTAGGTTGCCAG,Neo_FACS,Neonatal_FACS,2,Schwann cells,262,347.0
Neo_FACS_CGTTCACCACGC,Neo_FACS,Neonatal_FACS,12,Schwann cells,373,561.0
Neo_FACS_ACCGAGCTACTA,Neo_FACS,Neonatal_FACS,2,Schwann cells,291,409.0
Neo_FACS_AGGGAGCCTATG,Neo_FACS,Neonatal_FACS,0,Mesenchymal cells,386,650.0
Neo_FACS_ATTGTGTCGCGN,Neo_FACS,Neonatal_FACS,17,Schwann cells,505,667.0
Neo_FACS_TGGCGCCTGGTN,Neo_FACS,Neonatal_FACS,8,Schwann cells,574,731.0
Neo_FACS_CTTATTGTTCCC,Neo_FACS,Neonatal_FACS,12,Schwann cells,424,734.0
Neo_FACS_TTAACTAGGCAG,Neo_FACS,Neonatal_FACS,17,Schwann cells,428,602.0
Neo_FACS_AAGGGCTCTGCT,Neo_FACS,Neonatal_FACS,9,Schwann cells,387,500.0
Neo_FACS_TCCGAGGCTAGT,Neo_FACS,Neonatal_FACS,12,Schwann cells,245,327.0
Neo_FACS_GGTAGTCGGTAG,Neo_FACS,Neonatal_FACS,0,Mesenchymal cells,374,578.0
Neo_FACS_AGGCGTCTGCAA,Neo_FACS,Neonatal_FACS,17,Schwann cells,498,715.0
Neo_FACS_GGTGGCTTGTGN,Neo_FACS,Neonatal_FACS,0,Mesenchymal cells,487,983.0
Neo_FACS_TGCTTCTGGTGG,Neo_FACS,Neonatal_FACS,7,Pericytes/VSM,486,627.0
Neo_FACS_GTCTGTTGAGCN,Neo_FACS,Neonatal_FACS,10,Schwann cells,446,562.0
Neo_FACS_CTCGGTTATCAG,Neo_FACS,Neonatal_FACS,3,Mesenchymal cells,242,361.0
Neo_FACS_TGAGGCTGCAGT,Neo_FACS,Neonatal_FACS,8,Schwann cells,481,654.0
Neo_FACS_CAGCTACGAATC,Neo_FACS,Neonatal_FACS,0,Mesenchymal cells,293,500.0
Neo_FACS_TGCTTTGATCTG,Neo_FACS,Neonatal_FACS,9,Schwann cells,469,625.0
Neo_FACS_ATAATTAGTAGC,Neo_FACS,Neonatal_FACS,0,Mesenchymal cells,321,518.0
Neo_FACS_AAAAGGTCAGCC,Neo_FACS,Neonatal_FACS,10,Schwann cells,297,374.0
Neo_FACS_GTCGTACGCGCG,Neo_FACS,Neonatal_FACS,3,Mesenchymal cells,246,679.0
Neo_FACS_TCGAGGTTACTG,Neo_FACS,Neonatal_FACS,9,Schwann cells,478,632.0
Neo_FACS_GTTCTTCCTACN,Neo_FACS,Neonatal_FACS,0,Mesenchymal cells,332,581.0
Neo_FACS_AGAAGCCACTGG,Neo_FACS,Neonatal_FACS,7,Pericytes/VSM,436,572.0
Neo_FACS_CTTTCATATCGT,Neo_FACS,Neonatal_FACS,0,Mesenchymal cells,255,361.0
Neo_FACS_ACGGTCGATTAC,Neo_FACS,Neonatal_FACS,0,Mesenchymal cells,414,672.0
Neo_FACS_TTCTTGGTTCCC,Neo_FACS,Neonatal_FACS,17,Schwann cells,416,640.0
Neo_FACS_ACTCCGCCAGAG,Neo_FACS,Neonatal_FACS,7,Pericytes/VSM,366,478.0
Neo_FACS_TACCGTGGAGGA,Neo_FACS,Neonatal_FACS,10,Schwann cells,350,474.0
Neo_FACS_ATGTACGTCTGC,Neo_FACS,Neonatal_FACS,0,Mesenchymal cells,301,529.0
Neo_FACS_ACTAAATCGTAG,Neo_FACS,Neonatal_FACS,17,Schwann cells,430,557.0
Neo_FACS_TAAGTTGATTGA,Neo_FACS,Neonatal_FACS,11,Macrophages,419,631.0
Neo_FACS_TAGTAAACACGN,Neo_FACS,Neonatal_FACS,12,Schwann cells,270,396.0
Neo_FACS_CTGTAAGAACTA,Neo_FACS,Neonatal_FACS,12,Schwann cells,351,536.0
Neo_FACS_GGTGGAACTGAC,Neo_FACS,Neonatal_FACS,0,Mesenchymal cells,396,1060.0
Neo_FACS_ACTTCATTTGAG,Neo_FACS,Neonatal_FACS,17,Schwann cells,381,458.0
Neo_FACS_GAAGGTGTGAAT,Neo_FACS,Neonatal_FACS,0,Mesenchymal cells,424,664.0
Neo_FACS_CGTTGACCTTAN,Neo_FACS,Neonatal_FACS,4,Endothelial cells,414,542.0
Neo_FACS_AGCGAGGGCTCT,Neo_FACS,Neonatal_FACS,12,Schwann cells,284,408.0
Neo_FACS_AGTGAGGAGTTA,Neo_FACS,Neonatal_FACS,12,Schwann cells,365,588.0
Neo_FACS_ATGACACGACCT,Neo_FACS,Neonatal_FACS,12,Schwann cells,405,727.0
Neo_FACS_CCGGGGAATCGN,Neo_FACS,Neonatal_FACS,17,Schwann cells,463,660.0
Neo_FACS_TGAATCACGCTC,Neo_FACS,Neonatal_FACS,12,Schwann cells,358,606.0
Neo_FACS_GCGCTCCCCACG,Neo_FACS,Neonatal_FACS,12,Schwann cells,366,833.0
Neo_FACS_TAAGACATCACT,Neo_FACS,Neonatal_FACS,2,Schwann cells,227,326.0
Neo_FACS_CCGGTGTTAGTC,Neo_FACS,Neonatal_FACS,0,Mesenchymal cells,290,415.0
Neo_FACS_GTAGGGAAAACC,Neo_FACS,Neonatal_FACS,12,Schwann cells,392,699.0
Neo_FACS_AATTTATAACAN,Neo_FACS,Neonatal_FACS,0,Mesenchymal cells,316,456.0
Neo_FACS_TAGCGGGGGGGT,Neo_FACS,Neonatal_FACS,10,Schwann cells,467,636.0
Neo_FACS_GCCAGCGAGTAT,Neo_FACS,Neonatal_FACS,12,Schwann cells,283,382.0
Neo_FACS_TTCCATGATGAC,Neo_FACS,Neonatal_FACS,12,Schwann cells,368,605.0
Neo_FACS_TCTCGCCGTGGG,Neo_FACS,Neonatal_FACS,12,Schwann cells,341,642.0
Neo_FACS_CACTATATAGGA,Neo_FACS,Neonatal_FACS,7,Pericytes/VSM,466,612.0
Neo_FACS_TTGAACCATAAA,Neo_FACS,Neonatal_FACS,10,Schwann cells,274,357.0
Neo_FACS_CCCGACGTAATC,Neo_FACS,Neonatal_FACS,11,Macrophages,407,622.0
Neo_FACS_CGTTTCAGGAGC,Neo_FACS,Neonatal_FACS,12,Schwann cells,358,634.0
Neo_FACS_TTTAGCGGACAA,Neo_FACS,Neonatal_FACS,0,Mesenchymal cells,244,351.0
Neo_FACS_TGTTGTTTTCGN,Neo_FACS,Neonatal_FACS,0,Mesenchymal cells,366,529.0
Neo_FACS_AAGTCGTCTCTA,Neo_FACS,Neonatal_FACS,12,Schwann cells,300,563.0
Neo_FACS_CACTTATCTGGC,Neo_FACS,Neonatal_FACS,12,Schwann cells,338,631.0
Neo_FACS_ACTACGCACCTC,Neo_FACS,Neonatal_FACS,12,Schwann cells,426,637.0
Neo_FACS_AATCTAAGTTGG,Neo_FACS,Neonatal_FACS,17,Schwann cells,381,485.0
Neo_FACS_CAGTCTGTACCA,Neo_FACS,Neonatal_FACS,17,Schwann cells,460,653.0
Neo_FACS_ATCAACGCGCGA,Neo_FACS,Neonatal_FACS,17,Schwann cells,276,387.0
Neo_FACS_AGAGCCCTGTCA,Neo_FACS,Neonatal_FACS,3,Mesenchymal cells,332,548.0
Neo_FACS_CCTTCTCTAACC,Neo_FACS,Neonatal_FACS,12,Schwann cells,365,615.0
Neo_FACS_AGCTTACCGGGC,Neo_FACS,Neonatal_FACS,17,Schwann cells,396,546.0
Neo_FACS_TCCTGACGATGT,Neo_FACS,Neonatal_FACS,12,Schwann cells,370,580.0
Neo_FACS_CTAGCGATCCCC,Neo_FACS,Neonatal_FACS,2,Schwann cells,326,446.0
Neo_FACS_CTGGCACGAGTC,Neo_FACS,Neonatal_FACS,10,Schwann cells,273,358.0
Neo_FACS_AGTCACGAGCAT,Neo_FACS,Neonatal_FACS,17,Schwann cells,295,405.0
Neo_FACS_CATCAAGTCTCC,Neo_FACS,Neonatal_FACS,0,Mesenchymal cells,240,379.0
Neo_FACS_CGTTTCAGTAAC,Neo_FACS,Neonatal_FACS,12,Schwann cells,355,512.0
Neo_FACS_ACCGAAATGTGC,Neo_FACS,Neonatal_FACS,3,Mesenchymal cells,241,328.0
Neo_FACS_GAAGTACGGTTC,Neo_FACS,Neonatal_FACS,3,Mesenchymal cells,247,353.0
Neo_FACS_GCAGGCAGGCAG,Neo_FACS,Neonatal_FACS,0,Mesenchymal cells,415,720.0
Neo_FACS_GACCCGGACCCN,Neo_FACS,Neonatal_FACS,5,Endothelial cells,432,547.0
Neo_FACS_CGGTTTACGAAT,Neo_FACS,Neonatal_FACS,7,Pericytes/VSM,341,497.0
Neo_FACS_ATCGTCCCCACC,Neo_FACS,Neonatal_FACS,12,Schwann cells,322,539.0
Neo_FACS_TATGAGGTCACC,Neo_FACS,Neonatal_FACS,12,Schwann cells,412,677.0
Neo_FACS_ATTCGACAGACA,Neo_FACS,Neonatal_FACS,12,Schwann cells,341,481.0
Neo_FACS_GGTGCTGCGCAC,Neo_FACS,Neonatal_FACS,17,Schwann cells,447,645.0
Neo_FACS_CCCAACGCCCCA,Neo_FACS,Neonatal_FACS,12,Schwann cells,395,706.0
Neo_FACS_GCACGGAGCCTN,Neo_FACS,Neonatal_FACS,7,Pericytes/VSM,331,459.0
Neo_FACS_CGCTGAGTCATA,Neo_FACS,Neonatal_FACS,17,Schwann cells,456,696.0
Neo_FACS_CAGCGCGTGTGC,Neo_FACS,Neonatal_FACS,12,Schwann cells,322,580.0
Neo_FACS_ACTACAGCCACT,Neo_FACS,Neonatal_FACS,12,Schwann cells,334,582.0
Neo_FACS_GTCTCCCACGCA,Neo_FACS,Neonatal_FACS,17,Schwann cells,257,410.0
Neo_FACS_ATCCCGATCACC,Neo_FACS,Neonatal_FACS,12,Schwann cells,366,553.0
Neo_FACS_ATAAGGTGGCTG,Neo_FACS,Neonatal_FACS,0,Mesenchymal cells,342,545.0
Neo_FACS_ACTATCCAAGTT,Neo_FACS,Neonatal_FACS,17,Schwann cells,398,558.0
Neo_FACS_CTTGAACATACA,Neo_FACS,Neonatal_FACS,17,Schwann cells,271,356.0
Neo_FACS_AATAAGCATTTA,Neo_FACS,Neonatal_FACS,12,Schwann cells,269,466.0
Neo_FACS_TCCAAGTGCTAT,Neo_FACS,Neonatal_FACS,12,Schwann cells,373,568.0
Neo_FACS_CCAAGACGAGTN,Neo_FACS,Neonatal_FACS,12,Schwann cells,379,573.0
Neo_FACS_AAATTCGCTTCG,Neo_FACS,Neonatal_FACS,12,Schwann cells,232,372.0
Neo_FACS_CACTTCTTCTCC,Neo_FACS,Neonatal_FACS,17,Schwann cells,366,567.0
Neo_FACS_AAACATTCTTCN,Neo_FACS,Neonatal_FACS,17,Schwann cells,336,385.0
Neo_FACS_TTAATCGGTGAG,Neo_FACS,Neonatal_FACS,12,Schwann cells,336,528.0
Neo_FACS_CGATCACAGGCG,Neo_FACS,Neonatal_FACS,13,Endothelial cells,330,503.0
Neo_FACS_TCGACAGTTTCC,Neo_FACS,Neonatal_FACS,17,Schwann cells,340,567.0
Neo_FACS_CCAACTCGAATG,Neo_FACS,Neonatal_FACS,0,Mesenchymal cells,269,440.0
Neo_FACS_GCACTTTGGAAN,Neo_FACS,Neonatal_FACS,11,Macrophages,369,499.0
Neo_FACS_CATGAGACACGC,Neo_FACS,Neonatal_FACS,12,Schwann cells,382,652.0
Neo_FACS_CTCTAGCTTTGA,Neo_FACS,Neonatal_FACS,12,Schwann cells,319,521.0
Neo_FACS_TTTCCGCGGGAT,Neo_FACS,Neonatal_FACS,7,Pericytes/VSM,402,488.0
Neo_FACS_TGCGTAAATTCT,Neo_FACS,Neonatal_FACS,17,Schwann cells,340,516.0
Neo_FACS_AGTCTCCCGGGC,Neo_FACS,Neonatal_FACS,12,Schwann cells,241,521.0
Neo_FACS_CAATCCTCAAAG,Neo_FACS,Neonatal_FACS,0,Mesenchymal cells,213,365.0
Neo_FACS_CTAGAGGTGCGA,Neo_FACS,Neonatal_FACS,0,Mesenchymal cells,235,528.0
Neo_FACS_CCTTGTAACGGG,Neo_FACS,Neonatal_FACS,10,Schwann cells,261,359.0
Neo_FACS_ACCAGGGTTTTN,Neo_FACS,Neonatal_FACS,17,Schwann cells,208,265.0
Neo_FACS_AATCGCAAGGGA,Neo_FACS,Neonatal_FACS,5,Endothelial cells,355,453.0
Neo_FACS_TCGCACAGGAGN,Neo_FACS,Neonatal_FACS,0,Mesenchymal cells,302,497.0
Neo_FACS_CAGGGCAGAGCA,Neo_FACS,Neonatal_FACS,4,Endothelial cells,435,617.0
Neo_FACS_CTCGAAATGCCG,Neo_FACS,Neonatal_FACS,17,Schwann cells,261,335.0
Neo_FACS_CAGAACCGTGCC,Neo_FACS,Neonatal_FACS,3,Mesenchymal cells,302,503.0
Neo_FACS_CACGCGTCCTTC,Neo_FACS,Neonatal_FACS,17,Schwann cells,267,409.0
Neo_FACS_AACTGGCAGCCC,Neo_FACS,Neonatal_FACS,12,Schwann cells,393,621.0
Neo_FACS_TCAGCAGCCTGC,Neo_FACS,Neonatal_FACS,1,Mesenchymal cells,290,504.0
Neo_FACS_TATTTGATCACN,Neo_FACS,Neonatal_FACS,8,Schwann cells,251,461.0
Neo_FACS_CACGTGGGAATN,Neo_FACS,Neonatal_FACS,17,Schwann cells,413,500.0
Neo_FACS_GTCCGTGCCAAN,Neo_FACS,Neonatal_FACS,17,Schwann cells,358,430.0
Neo_FACS_CTGGCGACTCCT,Neo_FACS,Neonatal_FACS,12,Schwann cells,325,569.0
Neo_FACS_TATGCTAAGGTN,Neo_FACS,Neonatal_FACS,10,Schwann cells,395,492.0
Neo_FACS_CTAACGCTAATN,Neo_FACS,Neonatal_FACS,12,Schwann cells,202,300.0
Neo_FACS_ACTATGAACCAG,Neo_FACS,Neonatal_FACS,12,Schwann cells,285,484.0
Neo_FACS_GAGCCAACGCAC,Neo_FACS,Neonatal_FACS,7,Pericytes/VSM,412,564.0
Neo_FACS_CTGACTATTGTT,Neo_FACS,Neonatal_FACS,12,Schwann cells,248,425.0
Neo_FACS_AAGGAAACTGGG,Neo_FACS,Neonatal_FACS,17,Schwann cells,322,417.0
Neo_FACS_CGTCACGTACTT,Neo_FACS,Neonatal_FACS,17,Schwann cells,305,392.0
Neo_FACS_TTTTCGAGTATC,Neo_FACS,Neonatal_FACS,12,Schwann cells,323,493.0
Neo_FACS_CTCGTCCCAGGT,Neo_FACS,Neonatal_FACS,12,Schwann cells,355,597.0
Neo_FACS_TATGGCGGTGGC,Neo_FACS,Neonatal_FACS,12,Schwann cells,313,433.0
Neo_FACS_AACCGTCTCCCN,Neo_FACS,Neonatal_FACS,12,Schwann cells,341,529.0
Neo_FACS_CTGAAAGGCTAA,Neo_FACS,Neonatal_FACS,12,Schwann cells,343,502.0
Neo_FACS_GGTGACCGGAGT,Neo_FACS,Neonatal_FACS,9,Schwann cells,312,445.0
Neo_FACS_TCACCGGAGGGA,Neo_FACS,Neonatal_FACS,17,Schwann cells,256,349.0
Neo_FACS_GCGCCGTCTTCC,Neo_FACS,Neonatal_FACS,11,Macrophages,289,378.0
Neo_FACS_GAAGTCCACATG,Neo_FACS,Neonatal_FACS,7,Pericytes/VSM,272,371.0
Neo_FACS_TCTGTGAGGCTT,Neo_FACS,Neonatal_FACS,0,Mesenchymal cells,235,371.0
Neo_FACS_CGGAAGGGTTAC,Neo_FACS,Neonatal_FACS,0,Mesenchymal cells,259,431.0
Neo_FACS_ACGTAGCCAATC,Neo_FACS,Neonatal_FACS,12,Schwann cells,327,459.0
Neo_FACS_ACATCGTGACGA,Neo_FACS,Neonatal_FACS,9,Schwann cells,317,414.0
Neo_FACS_AGGTATTCCGCC,Neo_FACS,Neonatal_FACS,12,Schwann cells,320,566.0
Neo_FACS_CCACCTCGGTGT,Neo_FACS,Neonatal_FACS,12,Schwann cells,321,542.0
Neo_FACS_CCCCTAGCCATT,Neo_FACS,Neonatal_FACS,17,Schwann cells,300,537.0
Neo_FACS_CCGATCAAAGTC,Neo_FACS,Neonatal_FACS,12,Schwann cells,310,498.0
Neo_FACS_CATTGAGGCTCC,Neo_FACS,Neonatal_FACS,17,Schwann cells,299,547.0
Neo_FACS_GATAGCGTACGA,Neo_FACS,Neonatal_FACS,17,Schwann cells,288,357.0
Neo_FACS_CGGCCAGCGTCG,Neo_FACS,Neonatal_FACS,17,Schwann cells,252,324.0
Neo_FACS_GTAGATGTATCG,Neo_FACS,Neonatal_FACS,7,Pericytes/VSM,407,520.0
Neo_FACS_ACGGGTGAGTGT,Neo_FACS,Neonatal_FACS,12,Schwann cells,408,711.0
Neo_FACS_CGAGTTGTACTC,Neo_FACS,Neonatal_FACS,17,Schwann cells,345,452.0
Neo_FACS_GAGGTAATTTCC,Neo_FACS,Neonatal_FACS,12,Schwann cells,370,604.0
Neo_FACS_GACGCGGCACGT,Neo_FACS,Neonatal_FACS,8,Schwann cells,227,421.0
Neo_FACS_GGGTTTTGCTAA,Neo_FACS,Neonatal_FACS,11,Macrophages,386,522.0
Neo_FACS_GCGGCATAGTGN,Neo_FACS,Neonatal_FACS,12,Schwann cells,230,421.0
Neo_FACS_TGAAGGTCAATC,Neo_FACS,Neonatal_FACS,12,Schwann cells,309,530.0
Neo_FACS_AGTTGTCATTAN,Neo_FACS,Neonatal_FACS,17,Schwann cells,377,451.0
Neo_FACS_AGATAGCATCAN,Neo_FACS,Neonatal_FACS,17,Schwann cells,354,492.0
Neo_FACS_TGAGCCACATCC,Neo_FACS,Neonatal_FACS,16,Mast cells,251,414.0
Neo_FACS_AGAAGCGACCAC,Neo_FACS,Neonatal_FACS,17,Schwann cells,449,657.0
Neo_FACS_CTAAACTGATGC,Neo_FACS,Neonatal_FACS,12,Schwann cells,305,464.0
Neo_FACS_CTGCTGCGTAAT,Neo_FACS,Neonatal_FACS,8,Schwann cells,245,330.0
Neo_FACS_GACAGCCAGAAG,Neo_FACS,Neonatal_FACS,17,Schwann cells,326,421.0
Neo_FACS_TTAGATTCAAGC,Neo_FACS,Neonatal_FACS,17,Schwann cells,381,479.0
Neo_FACS_CCCTTATCATCT,Neo_FACS,Neonatal_FACS,12,Schwann cells,299,541.0
Neo_FACS_AGTGGCGTAAGT,Neo_FACS,Neonatal_FACS,7,Pericytes/VSM,341,462.0
Neo_FACS_ATAAAGAGCTCC,Neo_FACS,Neonatal_FACS,2,Schwann cells,345,500.0
Neo_FACS_AATCACGGGTGN,Neo_FACS,Neonatal_FACS,7,Pericytes/VSM,396,490.0
Neo_FACS_CCATCAGGATTC,Neo_FACS,Neonatal_FACS,11,Macrophages,343,426.0
Neo_FACS_TATGGTCGAGCC,Neo_FACS,Neonatal_FACS,0,Mesenchymal cells,271,429.0
Neo_FACS_TAACTTTTCTAT,Neo_FACS,Neonatal_FACS,12,Schwann cells,205,301.0
Neo_FACS_TACATGGGAGAC,Neo_FACS,Neonatal_FACS,12,Schwann cells,310,470.0
Neo_FACS_GAGCGCATAGCA,Neo_FACS,Neonatal_FACS,8,Schwann cells,279,354.0
Neo_FACS_ACACCGTTGTTG,Neo_FACS,Neonatal_FACS,12,Schwann cells,214,303.0
Neo_FACS_TGTTGGACCTCT,Neo_FACS,Neonatal_FACS,17,Schwann cells,370,539.0
Neo_FACS_CGTACTCTTTCA,Neo_FACS,Neonatal_FACS,12,Schwann cells,308,474.0
Neo_FACS_CTGGGTTTACTG,Neo_FACS,Neonatal_FACS,7,Pericytes/VSM,366,509.0
Neo_FACS_TCGTCCTTGCGG,Neo_FACS,Neonatal_FACS,6,Endothelial cells,328,413.0
Neo_FACS_ATCTCGTCGACT,Neo_FACS,Neonatal_FACS,12,Schwann cells,402,572.0
Neo_FACS_ACGACTTACGGT,Neo_FACS,Neonatal_FACS,12,Schwann cells,262,481.0
Neo_FACS_GGGGCAGGCGAN,Neo_FACS,Neonatal_FACS,0,Mesenchymal cells,330,723.0
Neo_FACS_GATTGACATATC,Neo_FACS,Neonatal_FACS,17,Schwann cells,202,247.0
Neo_FACS_GCTGCCCCAGCA,Neo_FACS,Neonatal_FACS,12,Schwann cells,295,456.0
Neo_FACS_TGTTGTTCCAAG,Neo_FACS,Neonatal_FACS,2,Schwann cells,304,404.0
Neo_FACS_GCTCATCACAGN,Neo_FACS,Neonatal_FACS,12,Schwann cells,353,548.0
Neo_FACS_GCTATGCTTAAA,Neo_FACS,Neonatal_FACS,12,Schwann cells,296,504.0
Neo_FACS_CTATTAGAGCTG,Neo_FACS,Neonatal_FACS,13,Endothelial cells,398,520.0
Neo_FACS_AAGGTTTAATCG,Neo_FACS,Neonatal_FACS,12,Schwann cells,280,527.0
Neo_FACS_TCCGCAGTGTTG,Neo_FACS,Neonatal_FACS,17,Schwann cells,249,363.0
Neo_FACS_GGAAGGTGACGC,Neo_FACS,Neonatal_FACS,12,Schwann cells,360,664.0
Neo_FACS_CGATAGCCATTA,Neo_FACS,Neonatal_FACS,10,Schwann cells,221,273.0
Neo_FACS_CGCTGAGATCCT,Neo_FACS,Neonatal_FACS,12,Schwann cells,293,473.0
Neo_FACS_GTGCATCTACCG,Neo_FACS,Neonatal_FACS,17,Schwann cells,354,448.0
Neo_FACS_TGATAAACCTTG,Neo_FACS,Neonatal_FACS,17,Schwann cells,298,352.0
Neo_FACS_GTAGAGGACTTT,Neo_FACS,Neonatal_FACS,17,Schwann cells,303,470.0
Neo_FACS_AGGTTAGTTCGC,Neo_FACS,Neonatal_FACS,7,Pericytes/VSM,309,452.0
Neo_FACS_CGCGGGAAGGAN,Neo_FACS,Neonatal_FACS,3,Mesenchymal cells,333,465.0
Neo_FACS_GGATGGCACTCC,Neo_FACS,Neonatal_FACS,0,Mesenchymal cells,208,275.0
Neo_FACS_GAGGCAAACATT,Neo_FACS,Neonatal_FACS,10,Schwann cells,380,517.0
Neo_FACS_ACTTACGGTTTA,Neo_FACS,Neonatal_FACS,17,Schwann cells,310,464.0
Neo_FACS_CATAAGTGCCAT,Neo_FACS,Neonatal_FACS,12,Schwann cells,288,473.0
Neo_FACS_TGAATCCGCATT,Neo_FACS,Neonatal_FACS,12,Schwann cells,277,510.0
Neo_FACS_CCGTTTCGCAAT,Neo_FACS,Neonatal_FACS,12,Schwann cells,350,605.0
Neo_FACS_TGCAGATCGACA,Neo_FACS,Neonatal_FACS,12,Schwann cells,336,561.0
Neo_FACS_CACCGGCTTAGG,Neo_FACS,Neonatal_FACS,17,Schwann cells,293,492.0
Neo_FACS_TTTGTCCTAGGT,Neo_FACS,Neonatal_FACS,1,Mesenchymal cells,217,294.0
Neo_FACS_CTATTTTGAGTC,Neo_FACS,Neonatal_FACS,17,Schwann cells,205,287.0
Neo_FACS_GTTAAAGTGCTC,Neo_FACS,Neonatal_FACS,17,Schwann cells,230,328.0
Neo_FACS_GCCTCACTAAGC,Neo_FACS,Neonatal_FACS,12,Schwann cells,368,590.0
Neo_FACS_ATGCAACAAACC,Neo_FACS,Neonatal_FACS,0,Mesenchymal cells,223,292.0
Neo_FACS_GAGATATCAGAC,Neo_FACS,Neonatal_FACS,12,Schwann cells,301,468.0
Neo_FACS_CTTCATTCGGGC,Neo_FACS,Neonatal_FACS,12,Schwann cells,269,492.0
Neo_FACS_TTCATCGCTGGN,Neo_FACS,Neonatal_FACS,17,Schwann cells,269,336.0
Neo_FACS_CCCCCCGAGATA,Neo_FACS,Neonatal_FACS,17,Schwann cells,268,576.0
Neo_FACS_GCAGCCGCACTC,Neo_FACS,Neonatal_FACS,17,Schwann cells,232,299.0
Neo_FACS_AGTGATGAGATC,Neo_FACS,Neonatal_FACS,17,Schwann cells,346,471.0
Neo_FACS_CATGATACGAAA,Neo_FACS,Neonatal_FACS,12,Schwann cells,261,392.0
Neo_FACS_ATACCTTAGTAC,Neo_FACS,Neonatal_FACS,2,Schwann cells,279,351.0
Neo_FACS_GGGTTTATTCTA,Neo_FACS,Neonatal_FACS,0,Mesenchymal cells,266,401.0
Neo_FACS_GATGCAATAAGT,Neo_FACS,Neonatal_FACS,17,Schwann cells,272,402.0
Neo_FACS_GCAGGTAGTGGT,Neo_FACS,Neonatal_FACS,0,Mesenchymal cells,265,368.0
Neo_FACS_AGGAACCTATAC,Neo_FACS,Neonatal_FACS,0,Mesenchymal cells,216,372.0
Neo_FACS_AACTCCGGACTC,Neo_FACS,Neonatal_FACS,11,Macrophages,239,338.0
Neo_FACS_CAACTCTGGGTT,Neo_FACS,Neonatal_FACS,17,Schwann cells,285,448.0
Neo_FACS_CCTCAAAGCCAC,Neo_FACS,Neonatal_FACS,12,Schwann cells,357,626.0
Neo_FACS_TTCTCTTTGTGC,Neo_FACS,Neonatal_FACS,7,Pericytes/VSM,254,316.0
Neo_FACS_CGTCATGATTCC,Neo_FACS,Neonatal_FACS,12,Schwann cells,327,507.0
Neo_FACS_CACTTACTGTGG,Neo_FACS,Neonatal_FACS,2,Schwann cells,289,397.0
Neo_FACS_TAGGTAATAATA,Neo_FACS,Neonatal_FACS,0,Mesenchymal cells,217,476.0
Neo_FACS_CCCTTAACCACG,Neo_FACS,Neonatal_FACS,17,Schwann cells,247,327.0
Neo_FACS_TCGGAGATAACC,Neo_FACS,Neonatal_FACS,0,Mesenchymal cells,255,326.0
Neo_FACS_CCCGGCAGGTAT,Neo_FACS,Neonatal_FACS,0,Mesenchymal cells,330,528.0
Neo_FACS_ATCATCGGTGAA,Neo_FACS,Neonatal_FACS,12,Schwann cells,288,435.0
Neo_FACS_GGTACAGTGAGN,Neo_FACS,Neonatal_FACS,9,Schwann cells,265,359.0
Neo_FACS_AAAAAAGCGGCG,Neo_FACS,Neonatal_FACS,0,Mesenchymal cells,225,381.0
Neo_FACS_GCAAACGGATCT,Neo_FACS,Neonatal_FACS,17,Schwann cells,208,265.0
Neo_FACS_CGCATGATCAGC,Neo_FACS,Neonatal_FACS,12,Schwann cells,234,398.0
Neo_FACS_TCCCGTGCGCAC,Neo_FACS,Neonatal_FACS,6,Endothelial cells,222,288.0
Neo_FACS_TCTCAACACAAC,Neo_FACS,Neonatal_FACS,0,Mesenchymal cells,229,341.0
Neo_FACS_CAGGCGTAATAT,Neo_FACS,Neonatal_FACS,12,Schwann cells,264,392.0
Neo_FACS_CCCCTTCGAAAA,Neo_FACS,Neonatal_FACS,12,Schwann cells,289,460.0
Neo_FACS_AGAGCACGGTTA,Neo_FACS,Neonatal_FACS,7,Pericytes/VSM,278,376.0
Neo_FACS_TTGATGTTCGAA,Neo_FACS,Neonatal_FACS,13,Endothelial cells,231,367.0
Neo_FACS_ATTGACACCGAC,Neo_FACS,Neonatal_FACS,12,Schwann cells,372,481.0
Neo_FACS_CCTGGAACCTCC,Neo_FACS,Neonatal_FACS,12,Schwann cells,259,456.0
Neo_FACS_TCCACGGCTATA,Neo_FACS,Neonatal_FACS,0,Mesenchymal cells,272,432.0
Neo_FACS_CGCCGCACCCGN,Neo_FACS,Neonatal_FACS,11,Macrophages,399,504.0
Neo_FACS_CTTTAGTTCAAC,Neo_FACS,Neonatal_FACS,7,Pericytes/VSM,202,297.0
Neo_FACS_CCGAAACACGAG,Neo_FACS,Neonatal_FACS,17,Schwann cells,233,301.0
Neo_FACS_ATGTGATCTTGC,Neo_FACS,Neonatal_FACS,12,Schwann cells,200,491.0
Neo_FACS_CCTATGGTCATN,Neo_FACS,Neonatal_FACS,17,Schwann cells,300,354.0
Neo_FACS_GTGGCATGGGGA,Neo_FACS,Neonatal_FACS,17,Schwann cells,360,496.0
Neo_FACS_TGGTCCAAAAAT,Neo_FACS,Neonatal_FACS,2,Schwann cells,213,290.0
Neo_FACS_CGGGGTGAAAAA,Neo_FACS,Neonatal_FACS,11,Macrophages,393,582.0
Neo_FACS_CCTACTGCCTGC,Neo_FACS,Neonatal_FACS,17,Schwann cells,242,332.0
Neo_FACS_CTTAATTCTCCG,Neo_FACS,Neonatal_FACS,12,Schwann cells,250,433.0
Neo_FACS_TTGCGCCTGCTC,Neo_FACS,Neonatal_FACS,17,Schwann cells,308,425.0
Neo_FACS_ATCTGAAAGAAA,Neo_FACS,Neonatal_FACS,0,Mesenchymal cells,277,481.0
Neo_FACS_AAAGCCTCGGGA,Neo_FACS,Neonatal_FACS,3,Mesenchymal cells,227,326.0
Neo_FACS_CGTGCCGCCCCC,Neo_FACS,Neonatal_FACS,0,Mesenchymal cells,1811,3972.0
Neo_FACS_CCTATTGTAGAT,Neo_FACS,Neonatal_FACS,12,Schwann cells,271,470.0
Neo_FACS_GTCTTACGCCTN,Neo_FACS,Neonatal_FACS,17,Schwann cells,299,368.0
Neo_FACS_GGCCTGGAGCAC,Neo_FACS,Neonatal_FACS,12,Schwann cells,249,470.0
Neo_FACS_CACAAGCTATCC,Neo_FACS,Neonatal_FACS,12,Schwann cells,255,423.0
Neo_FACS_ATGAAGACGACC,Neo_FACS,Neonatal_FACS,17,Schwann cells,314,383.0
Neo_FACS_TGTTTTCCTGAG,Neo_FACS,Neonatal_FACS,12,Schwann cells,311,451.0
Neo_FACS_CAGGCATACTAT,Neo_FACS,Neonatal_FACS,12,Schwann cells,319,473.0
Neo_FACS_TCGACGGTCGAA,Neo_FACS,Neonatal_FACS,12,Schwann cells,256,391.0
Neo_FACS_CTCGGACCACTC,Neo_FACS,Neonatal_FACS,12,Schwann cells,289,472.0
Neo_FACS_ATGACACACGCA,Neo_FACS,Neonatal_FACS,2,Schwann cells,201,275.0
Neo_FACS_AAAACTGGAGAG,Neo_FACS,Neonatal_FACS,12,Schwann cells,283,425.0
Neo_FACS_GCCCCGTGCTAA,Neo_FACS,Neonatal_FACS,8,Schwann cells,230,362.0
Neo_FACS_GTGACTACCGCC,Neo_FACS,Neonatal_FACS,12,Schwann cells,267,543.0
Neo_FACS_TGGCTTTCCCCA,Neo_FACS,Neonatal_FACS,17,Schwann cells,224,280.0
Neo_FACS_ATGAGCCTAACG,Neo_FACS,Neonatal_FACS,12,Schwann cells,265,413.0
Neo_FACS_GCGTGAGGTTGT,Neo_FACS,Neonatal_FACS,12,Schwann cells,316,452.0
Neo_FACS_GAGGTCCATGAG,Neo_FACS,Neonatal_FACS,12,Schwann cells,226,302.0
Neo_FACS_ATATGCGCCAGC,Neo_FACS,Neonatal_FACS,17,Schwann cells,285,393.0
Neo_FACS_CCCGTTCGTGAT,Neo_FACS,Neonatal_FACS,17,Schwann cells,281,416.0
Neo_FACS_CGCGAGCTTTGT,Neo_FACS,Neonatal_FACS,17,Schwann cells,237,368.0
Neo_FACS_GCTGGGAACGTN,Neo_FACS,Neonatal_FACS,12,Schwann cells,261,448.0
Neo_FACS_TGCTGAGTCGCG,Neo_FACS,Neonatal_FACS,12,Schwann cells,318,529.0
Neo_FACS_AGAATACTACCG,Neo_FACS,Neonatal_FACS,12,Schwann cells,308,403.0
Neo_FACS_TACAATCATGGT,Neo_FACS,Neonatal_FACS,17,Schwann cells,242,386.0
Neo_FACS_CATAACGTGATC,Neo_FACS,Neonatal_FACS,17,Schwann cells,231,342.0
Neo_FACS_CCTGACGAGGAT,Neo_FACS,Neonatal_FACS,17,Schwann cells,294,426.0
Neo_FACS_TAACTTGAAGCT,Neo_FACS,Neonatal_FACS,2,Schwann cells,353,405.0
Neo_FACS_ATTTGCAATTCT,Neo_FACS,Neonatal_FACS,7,Pericytes/VSM,287,357.0
Neo_FACS_TTGGGAGCCGCC,Neo_FACS,Neonatal_FACS,12,Schwann cells,271,532.0
Neo_FACS_GTAACCCAAAAN,Neo_FACS,Neonatal_FACS,13,Endothelial cells,290,398.0
Neo_FACS_AAGCACGAAGGC,Neo_FACS,Neonatal_FACS,1,Mesenchymal cells,258,369.0
Neo_FACS_ACGACTCGTTTA,Neo_FACS,Neonatal_FACS,8,Schwann cells,286,382.0
Neo_FACS_TGTCGCGTTTTG,Neo_FACS,Neonatal_FACS,17,Schwann cells,343,493.0
Neo_FACS_AATGAATACAGG,Neo_FACS,Neonatal_FACS,17,Schwann cells,289,338.0
Neo_FACS_TGGTCGTGAAGT,Neo_FACS,Neonatal_FACS,7,Pericytes/VSM,226,332.0
Neo_FACS_GGATTAGGTACN,Neo_FACS,Neonatal_FACS,6,Endothelial cells,326,372.0
Neo_FACS_AAGAGTTAACTT,Neo_FACS,Neonatal_FACS,12,Schwann cells,210,354.0
Neo_FACS_CGACACTAAACN,Neo_FACS,Neonatal_FACS,17,Schwann cells,244,288.0
Neo_FACS_TGCTTTTAAAAT,Neo_FACS,Neonatal_FACS,5,Endothelial cells,316,381.0
Neo_FACS_CGTACGTAAAAA,Neo_FACS,Neonatal_FACS,12,Schwann cells,245,343.0
Neo_FACS_TCCGTCGTTCAT,Neo_FACS,Neonatal_FACS,12,Schwann cells,282,441.0
Neo_FACS_AAATGGGCCCTT,Neo_FACS,Neonatal_FACS,17,Schwann cells,242,390.0
Neo_FACS_TCCGTCTATAGN,Neo_FACS,Neonatal_FACS,0,Mesenchymal cells,265,391.0
Neo_FACS_GGCAAAGAGCCC,Neo_FACS,Neonatal_FACS,12,Schwann cells,243,413.0
Neo_FACS_GTGGATGTGTGC,Neo_FACS,Neonatal_FACS,12,Schwann cells,270,420.0
Neo_FACS_ACCGATACCGCG,Neo_FACS,Neonatal_FACS,5,Endothelial cells,370,460.0
Neo_FACS_AGGGTCTCACCC,Neo_FACS,Neonatal_FACS,12,Schwann cells,303,451.0
Neo_FACS_GGATCTGTCGGG,Neo_FACS,Neonatal_FACS,2,Schwann cells,214,247.0
Neo_FACS_CCGGCACCGTAC,Neo_FACS,Neonatal_FACS,12,Schwann cells,293,486.0
Neo_FACS_CTCTAAAGTCCT,Neo_FACS,Neonatal_FACS,17,Schwann cells,217,377.0
Neo_FACS_TCGGGACCAGAC,Neo_FACS,Neonatal_FACS,4,Endothelial cells,280,394.0
Neo_FACS_CCTGGGGTTCGN,Neo_FACS,Neonatal_FACS,1,Mesenchymal cells,305,393.0
Neo_FACS_CTCCTCGGTAGG,Neo_FACS,Neonatal_FACS,12,Schwann cells,274,407.0
Neo_FACS_TGCGGCGGTCAC,Neo_FACS,Neonatal_FACS,13,Endothelial cells,250,361.0
Neo_FACS_CGTCTCAACGGC,Neo_FACS,Neonatal_FACS,17,Schwann cells,246,432.0
Neo_FACS_ATCGCCAGCCCC,Neo_FACS,Neonatal_FACS,3,Mesenchymal cells,565,838.0
Neo_FACS_CAGTGAGGACCT,Neo_FACS,Neonatal_FACS,12,Schwann cells,263,415.0
Neo_FACS_AGCACCTTTGAA,Neo_FACS,Neonatal_FACS,17,Schwann cells,207,274.0
Neo_FACS_GTCGAACCGTGC,Neo_FACS,Neonatal_FACS,12,Schwann cells,258,496.0
Neo_FACS_TGAATATTGTGA,Neo_FACS,Neonatal_FACS,12,Schwann cells,237,354.0
Neo_FACS_CGTTTCGCCAGA,Neo_FACS,Neonatal_FACS,12,Schwann cells,264,437.0
Neo_FACS_CTATTTTGTGGG,Neo_FACS,Neonatal_FACS,17,Schwann cells,244,353.0
Neo_FACS_ATGAAGATGGCA,Neo_FACS,Neonatal_FACS,17,Schwann cells,214,366.0
Neo_FACS_CCGGAAATCGAG,Neo_FACS,Neonatal_FACS,17,Schwann cells,229,356.0
Neo_FACS_CGGATAAATTTT,Neo_FACS,Neonatal_FACS,7,Pericytes/VSM,221,300.0
Neo_FACS_ACCCACGATTGG,Neo_FACS,Neonatal_FACS,12,Schwann cells,242,390.0
Neo_FACS_AAAGAAGGTTGC,Neo_FACS,Neonatal_FACS,17,Schwann cells,268,342.0
Neo_FACS_CCACCATGAGCC,Neo_FACS,Neonatal_FACS,17,Schwann cells,224,357.0
Neo_FACS_TCTACATCGCGN,Neo_FACS,Neonatal_FACS,0,Mesenchymal cells,273,358.0
Neo_FACS_ACTTGTTACGTC,Neo_FACS,Neonatal_FACS,14,Lymphocytes,241,282.0
Neo_FACS_TGCTGAGATTTT,Neo_FACS,Neonatal_FACS,17,Schwann cells,250,389.0
Neo_FACS_AAAACTCTTGTC,Neo_FACS,Neonatal_FACS,12,Schwann cells,230,367.0
Neo_FACS_CCGGGCTTCATT,Neo_FACS,Neonatal_FACS,17,Schwann cells,216,442.0
Neo_FACS_CATGATACTGAC,Neo_FACS,Neonatal_FACS,12,Schwann cells,243,345.0
Neo_FACS_TAGATGGCAGCA,Neo_FACS,Neonatal_FACS,17,Schwann cells,269,344.0
Neo_FACS_TAAGGTATTTAG,Neo_FACS,Neonatal_FACS,12,Schwann cells,228,384.0
Neo_FACS_TATTTAAGTTAG,Neo_FACS,Neonatal_FACS,12,Schwann cells,220,388.0
Neo_FACS_AGTAGCAGGTGG,Neo_FACS,Neonatal_FACS,11,Macrophages,296,373.0
Neo_FACS_CCCGACCATTGT,Neo_FACS,Neonatal_FACS,6,Endothelial cells,305,422.0
Neo_FACS_AAGGCTACAGGT,Neo_FACS,Neonatal_FACS,0,Mesenchymal cells,247,423.0
Neo_FACS_AGTAACAAGCCG,Neo_FACS,Neonatal_FACS,12,Schwann cells,261,422.0
Neo_FACS_ACGGCACATTTA,Neo_FACS,Neonatal_FACS,12,Schwann cells,263,386.0
Neo_FACS_TTACCGGTGGAC,Neo_FACS,Neonatal_FACS,12,Schwann cells,233,355.0
Neo_FACS_GGTGTATCGCAC,Neo_FACS,Neonatal_FACS,12,Schwann cells,302,442.0
Neo_FACS_AGGTAATACACC,Neo_FACS,Neonatal_FACS,12,Schwann cells,219,357.0
Neo_FACS_AGGTGTACCACG,Neo_FACS,Neonatal_FACS,8,Schwann cells,219,287.0
Neo_FACS_AGGAGAGTTATT,Neo_FACS,Neonatal_FACS,17,Schwann cells,217,327.0
Neo_FACS_ACGGTCGGTAGG,Neo_FACS,Neonatal_FACS,17,Schwann cells,219,281.0
Neo_FACS_AGGACCGTCTAC,Neo_FACS,Neonatal_FACS,7,Pericytes/VSM,230,336.0
Neo_FACS_GTGTTACGTGCT,Neo_FACS,Neonatal_FACS,12,Schwann cells,307,445.0
Neo_FACS_TGGCTCGCGCGC,Neo_FACS,Neonatal_FACS,12,Schwann cells,271,434.0
Neo_FACS_GGCGAGCGGAGA,Neo_FACS,Neonatal_FACS,11,Macrophages,376,472.0
Neo_FACS_GGCACAAACTAA,Neo_FACS,Neonatal_FACS,12,Schwann cells,227,354.0
Neo_FACS_TTCTGCACCCAN,Neo_FACS,Neonatal_FACS,17,Schwann cells,201,328.0
Neo_FACS_GATCCTCTACAA,Neo_FACS,Neonatal_FACS,17,Schwann cells,307,354.0
Neo_FACS_ACGGGTGTGGTC,Neo_FACS,Neonatal_FACS,17,Schwann cells,209,292.0
Neo_FACS_ATGCACGAAGCC,Neo_FACS,Neonatal_FACS,17,Schwann cells,301,349.0
Neo_FACS_AGCGTACAAATG,Neo_FACS,Neonatal_FACS,0,Mesenchymal cells,218,314.0
Neo_FACS_CGGCGAATGTTC,Neo_FACS,Neonatal_FACS,12,Schwann cells,279,450.0
Neo_FACS_GCAGTAGGGATT,Neo_FACS,Neonatal_FACS,17,Schwann cells,226,272.0
Neo_FACS_AGGCTAGCCATT,Neo_FACS,Neonatal_FACS,17,Schwann cells,216,281.0
Neo_FACS_TGAGCACGCTCT,Neo_FACS,Neonatal_FACS,17,Schwann cells,259,379.0
Neo_FACS_TCACCTTGACTG,Neo_FACS,Neonatal_FACS,12,Schwann cells,224,337.0
Neo_FACS_GCTGCGGCCCGC,Neo_FACS,Neonatal_FACS,6,Endothelial cells,201,303.0
Neo_FACS_GCGTCTATTCTN,Neo_FACS,Neonatal_FACS,12,Schwann cells,248,321.0
Neo_FACS_CTGGAGTAGCAT,Neo_FACS,Neonatal_FACS,12,Schwann cells,231,342.0
Neo_FACS_GGTGGCACGAGT,Neo_FACS,Neonatal_FACS,12,Schwann cells,384,582.0
Neo_FACS_GATCAGTCAGTC,Neo_FACS,Neonatal_FACS,6,Endothelial cells,249,327.0
Neo_FACS_TACCAAAACCGC,Neo_FACS,Neonatal_FACS,12,Schwann cells,235,344.0
Neo_FACS_TTCCGGCGTTCG,Neo_FACS,Neonatal_FACS,12,Schwann cells,237,395.0
Neo_FACS_AACAGTTGTATG,Neo_FACS,Neonatal_FACS,12,Schwann cells,210,311.0
Neo_FACS_GCTAGGTCAGCA,Neo_FACS,Neonatal_FACS,12,Schwann cells,218,344.0
Neo_FACS_GTAGAGCCTCTG,Neo_FACS,Neonatal_FACS,17,Schwann cells,209,323.0
Neo_FACS_GACCGTATAGAG,Neo_FACS,Neonatal_FACS,17,Schwann cells,220,273.0
Neo_FACS_GCATCGCCATTG,Neo_FACS,Neonatal_FACS,17,Schwann cells,213,303.0
Neo_FACS_TAGGATGGAAGT,Neo_FACS,Neonatal_FACS,12,Schwann cells,223,358.0
Neo_FACS_AAGTGCAGACGC,Neo_FACS,Neonatal_FACS,1,Mesenchymal cells,213,382.0
Neo_FACS_AGAGCCCGCGGN,Neo_FACS,Neonatal_FACS,1,Mesenchymal cells,247,331.0
Neo_FACS_AGGGATCGGCGG,Neo_FACS,Neonatal_FACS,17,Schwann cells,310,450.0
Neo_FACS_CGTTACCGCTCN,Neo_FACS,Neonatal_FACS,12,Schwann cells,238,357.0
Neo_FACS_ACCTATAGAATC,Neo_FACS,Neonatal_FACS,12,Schwann cells,203,318.0
Neo_FACS_GCGTCCGAGCGA,Neo_FACS,Neonatal_FACS,7,Pericytes/VSM,226,270.0
Neo_FACS_TGGCCTCCTAGA,Neo_FACS,Neonatal_FACS,8,Schwann cells,284,411.0
Neo_FACS_GGGTGTTGGAAC,Neo_FACS,Neonatal_FACS,17,Schwann cells,214,270.0
Neo_FACS_GCAATGCTGGGA,Neo_FACS,Neonatal_FACS,17,Schwann cells,216,331.0
Neo_FACS_TGCACCACGGAA,Neo_FACS,Neonatal_FACS,17,Schwann cells,221,370.0
Neo_FACS_GGGTCAGTCGGT,Neo_FACS,Neonatal_FACS,17,Schwann cells,247,420.0
Neo_FACS_GGATGCCAGCAG,Neo_FACS,Neonatal_FACS,12,Schwann cells,229,326.0
Neo_FACS_TATCTTCAAGGA,Neo_FACS,Neonatal_FACS,12,Schwann cells,205,319.0
Neo_FACS_CGCCCTGCCCTG,Neo_FACS,Neonatal_FACS,12,Schwann cells,240,334.0
Neo_FACS_TCGAACGGGGCT,Neo_FACS,Neonatal_FACS,8,Schwann cells,211,242.0
Neo_FACS_GTCTGAGGGCAA,Neo_FACS,Neonatal_FACS,17,Schwann cells,259,323.0
Neo_FACS_CCAGCACTATGT,Neo_FACS,Neonatal_FACS,17,Schwann cells,203,308.0
Neo_FACS_GTGAGATCCGAC,Neo_FACS,Neonatal_FACS,0,Mesenchymal cells,226,308.0
Neo_FACS_ATCGGGTCATGG,Neo_FACS,Neonatal_FACS,17,Schwann cells,249,348.0
Neo_FACS_CTTTCATTTGTG,Neo_FACS,Neonatal_FACS,10,Schwann cells,430,554.0
Neo_FACS_ATAATGCATCTC,Neo_FACS,Neonatal_FACS,17,Schwann cells,216,284.0
Neo_FACS_TGCCGCAACCGG,Neo_FACS,Neonatal_FACS,17,Schwann cells,225,351.0
Neo_FACS_TGGGTTATCTAT,Neo_FACS,Neonatal_FACS,12,Schwann cells,213,387.0
Neo_FACS_AGGTCACGGGAA,Neo_FACS,Neonatal_FACS,17,Schwann cells,220,351.0
Neo_FACS_AAAGCTAGGGGC,Neo_FACS,Neonatal_FACS,17,Schwann cells,254,350.0
Neo_FACS_CCCTAACTGGCA,Neo_FACS,Neonatal_FACS,2,Schwann cells,764,1011.0
Neo_FACS_GATCACCGTGGG,Neo_FACS,Neonatal_FACS,12,Schwann cells,228,348.0
Neo_FACS_GGCCCCTTAGTG,Neo_FACS,Neonatal_FACS,12,Schwann cells,245,318.0
Neo_FACS_TAGTCGCACAGC,Neo_FACS,Neonatal_FACS,17,Schwann cells,211,309.0
Neo_FACS_AGAATGGCACCG,Neo_FACS,Neonatal_FACS,7,Pericytes/VSM,236,283.0
Neo_FACS_CTTTTTCAACAG,Neo_FACS,Neonatal_FACS,12,Schwann cells,200,284.0
Neo_FACS_ACTTCGACCCGT,Neo_FACS,Neonatal_FACS,17,Schwann cells,256,282.0
Neo_FACS_CGCTAGTAGCCC,Neo_FACS,Neonatal_FACS,12,Schwann cells,206,326.0
Neo_FACS_GCGTTTGCTTGA,Neo_FACS,Neonatal_FACS,12,Schwann cells,252,399.0
Neo_FACS_CTACGCATCGGT,Neo_FACS,Neonatal_FACS,17,Schwann cells,233,292.0
Neo_FACS_TGTTTACCGCGG,Neo_FACS,Neonatal_FACS,4,Endothelial cells,253,323.0
Neo_FACS_TTCCCGTGAAGN,Neo_FACS,Neonatal_FACS,11,Macrophages,253,319.0
Neo_FACS_TTCGACCAGCGT,Neo_FACS,Neonatal_FACS,17,Schwann cells,228,337.0
Neo_FACS_ATGTGATGAACT,Neo_FACS,Neonatal_FACS,8,Schwann cells,261,356.0
Neo_FACS_CACTCTCCTCGC,Neo_FACS,Neonatal_FACS,17,Schwann cells,215,335.0
Neo_FACS_GACTGGAGCAGC,Neo_FACS,Neonatal_FACS,17,Schwann cells,216,297.0
Neo_FACS_TTCTAGTATCTC,Neo_FACS,Neonatal_FACS,8,Schwann cells,271,338.0
Neo_FACS_GACGGATGCTAA,Neo_FACS,Neonatal_FACS,17,Schwann cells,216,364.0
Neo_FACS_TTGAGGGCCCTA,Neo_FACS,Neonatal_FACS,6,Endothelial cells,228,283.0
Neo_FACS_TTCGGCATGTTC,Neo_FACS,Neonatal_FACS,17,Schwann cells,204,312.0
Neo_FACS_AGTTGCCTCTAN,Neo_FACS,Neonatal_FACS,17,Schwann cells,211,254.0
Neo_FACS_AGCGGAGCCGTA,Neo_FACS,Neonatal_FACS,17,Schwann cells,283,345.0
Neo_FACS_AGACTGTGGCTA,Neo_FACS,Neonatal_FACS,17,Schwann cells,202,323.0
Neo_FACS_TAGGTCCTACAG,Neo_FACS,Neonatal_FACS,8,Schwann cells,212,302.0
Neo_FACS_CATGACCCATGA,Neo_FACS,Neonatal_FACS,6,Endothelial cells,240,327.0
Neo_FACS_TGGGACTCCTGA,Neo_FACS,Neonatal_FACS,12,Schwann cells,210,317.0
Neo_Beads_TAAATGCAAATC,Neo_Beads,Neonatal_Beads,5,Endothelial cells,4563,12915.0
Neo_Beads_CAGTAGAAGTTT,Neo_Beads,Neonatal_Beads,5,Endothelial cells,3697,9433.0
Neo_Beads_GTCGGCAAGGGT,Neo_Beads,Neonatal_Beads,4,Endothelial cells,4459,17240.0
Neo_Beads_ATCGCCCTCATT,Neo_Beads,Neonatal_Beads,4,Endothelial cells,4449,14014.0
Neo_Beads_GCCTCGGTCATT,Neo_Beads,Neonatal_Beads,6,Endothelial cells,3675,9967.0
Neo_Beads_CTCAAAATTTAT,Neo_Beads,Neonatal_Beads,4,Endothelial cells,3239,8888.0
Neo_Beads_CTGACCGAAAGC,Neo_Beads,Neonatal_Beads,5,Endothelial cells,3506,8554.0
Neo_Beads_ATGCTATGCACC,Neo_Beads,Neonatal_Beads,6,Endothelial cells,3986,11129.0
Neo_Beads_ATAGTGTGTTTG,Neo_Beads,Neonatal_Beads,5,Endothelial cells,3971,10208.0
Neo_Beads_CCCCACTAAGGA,Neo_Beads,Neonatal_Beads,0,Mesenchymal cells,3041,9202.0
Neo_Beads_ACGTGCACATGT,Neo_Beads,Neonatal_Beads,5,Endothelial cells,3524,9326.0
Neo_Beads_TAACATGCGTGC,Neo_Beads,Neonatal_Beads,5,Endothelial cells,3842,10607.0
Neo_Beads_CCCACCAGAGAC,Neo_Beads,Neonatal_Beads,4,Endothelial cells,3429,8724.0
Neo_Beads_GACAACGATTCC,Neo_Beads,Neonatal_Beads,4,Endothelial cells,3156,8047.0
Neo_Beads_CGTTCTATGATA,Neo_Beads,Neonatal_Beads,6,Endothelial cells,3789,10161.0
Neo_Beads_AAAAGGCATCGG,Neo_Beads,Neonatal_Beads,4,Endothelial cells,3369,8054.0
Neo_Beads_GTGGAGAAAGAG,Neo_Beads,Neonatal_Beads,4,Endothelial cells,3236,8700.0
Neo_Beads_GGCGACTAGAGC,Neo_Beads,Neonatal_Beads,13,Endothelial cells,2798,7653.0
Neo_Beads_GCTTGATCATGG,Neo_Beads,Neonatal_Beads,0,Mesenchymal cells,2678,8002.0
Neo_Beads_GCGGCAACCTGT,Neo_Beads,Neonatal_Beads,6,Endothelial cells,3469,11277.0
Neo_Beads_AAGTAAGCTAGA,Neo_Beads,Neonatal_Beads,4,Endothelial cells,2983,6099.0
Neo_Beads_GTTTGTTCCTAT,Neo_Beads,Neonatal_Beads,3,Mesenchymal cells,2823,7631.0
Neo_Beads_CGCCCAACGAAG,Neo_Beads,Neonatal_Beads,5,Endothelial cells,3432,8936.0
Neo_Beads_TTGGCCTAAGGA,Neo_Beads,Neonatal_Beads,6,Endothelial cells,3321,8366.0
Neo_Beads_GGAGTCAGCTTT,Neo_Beads,Neonatal_Beads,4,Endothelial cells,3074,7116.0
Neo_Beads_TGTTCTGGATTC,Neo_Beads,Neonatal_Beads,5,Endothelial cells,3420,7946.0
Neo_Beads_CTAATCCAGCGC,Neo_Beads,Neonatal_Beads,6,Endothelial cells,2650,5923.0
Neo_Beads_TGTAGGTCACTT,Neo_Beads,Neonatal_Beads,6,Endothelial cells,2823,6502.0
Neo_Beads_ACAGCTAGATCG,Neo_Beads,Neonatal_Beads,4,Endothelial cells,2738,6095.0
Neo_Beads_TGTCTGGCCAAC,Neo_Beads,Neonatal_Beads,4,Endothelial cells,3016,8885.0
Neo_Beads_CTTGATTAGTGG,Neo_Beads,Neonatal_Beads,2,Schwann cells,2505,5102.0
Neo_Beads_GTACCTAATTGA,Neo_Beads,Neonatal_Beads,5,Endothelial cells,2724,5587.0
Neo_Beads_GTGCTGCATAAG,Neo_Beads,Neonatal_Beads,4,Endothelial cells,2949,6894.0
Neo_Beads_CGGCAATACTAG,Neo_Beads,Neonatal_Beads,4,Endothelial cells,2542,5665.0
Neo_Beads_CCCCAGATGCTT,Neo_Beads,Neonatal_Beads,13,Endothelial cells,2425,4978.0
Neo_Beads_TTGATGGCACTG,Neo_Beads,Neonatal_Beads,4,Endothelial cells,2302,5145.0
Neo_Beads_CTTTAGATCACT,Neo_Beads,Neonatal_Beads,5,Endothelial cells,2503,5679.0
Neo_Beads_CCAAGGGTAACT,Neo_Beads,Neonatal_Beads,4,Endothelial cells,2460,5346.0
Neo_Beads_CTAAGCGATAGG,Neo_Beads,Neonatal_Beads,6,Endothelial cells,2650,5864.0
Neo_Beads_TTAACCGAAGCA,Neo_Beads,Neonatal_Beads,5,Endothelial cells,2617,5475.0
Neo_Beads_CTCCCTGAAGAT,Neo_Beads,Neonatal_Beads,2,Schwann cells,2683,5857.0
Neo_Beads_ATCACCCTTGTG,Neo_Beads,Neonatal_Beads,6,Endothelial cells,2409,5397.0
Neo_Beads_AGTAAGACTTAG,Neo_Beads,Neonatal_Beads,3,Mesenchymal cells,2501,5489.0
Neo_Beads_AAGTTGCCGTCA,Neo_Beads,Neonatal_Beads,15,Macrophages,1366,4857.0
Neo_Beads_CCATCGGCAATG,Neo_Beads,Neonatal_Beads,12,Schwann cells,2656,6715.0
Neo_Beads_CTACATCGTTCC,Neo_Beads,Neonatal_Beads,4,Endothelial cells,2472,5210.0
Neo_Beads_CCGTCCCGCGAT,Neo_Beads,Neonatal_Beads,9,Schwann cells,2289,4684.0
Neo_Beads_CCGAGAATAATC,Neo_Beads,Neonatal_Beads,7,Pericytes/VSM,2154,5008.0
Neo_Beads_GGGTATCTTGAT,Neo_Beads,Neonatal_Beads,4,Endothelial cells,2544,5394.0
Neo_Beads_TCTCGGCGATAC,Neo_Beads,Neonatal_Beads,2,Schwann cells,2307,5416.0
Neo_Beads_ACCGTGCGAGGG,Neo_Beads,Neonatal_Beads,6,Endothelial cells,2649,5445.0
Neo_Beads_TAACCTTAGGAC,Neo_Beads,Neonatal_Beads,5,Endothelial cells,2602,5249.0
Neo_Beads_CTTATTTATGAT,Neo_Beads,Neonatal_Beads,3,Mesenchymal cells,2235,5188.0
Neo_Beads_CGGTACTTGGGC,Neo_Beads,Neonatal_Beads,6,Endothelial cells,2480,5009.0
Neo_Beads_TGAGTGCGAGAA,Neo_Beads,Neonatal_Beads,5,Endothelial cells,3039,6934.0
Neo_Beads_CTTGTCCGGTTT,Neo_Beads,Neonatal_Beads,4,Endothelial cells,2219,5288.0
Neo_Beads_GTTAGCGTCGAT,Neo_Beads,Neonatal_Beads,12,Schwann cells,2476,6149.0
Neo_Beads_GAAACTGGATTG,Neo_Beads,Neonatal_Beads,3,Mesenchymal cells,1985,4231.0
Neo_Beads_AGCATATGGCAT,Neo_Beads,Neonatal_Beads,6,Endothelial cells,2639,5474.0
Neo_Beads_CTAAGCCGAGGA,Neo_Beads,Neonatal_Beads,3,Mesenchymal cells,1946,4665.0
Neo_Beads_TACTACCTCAAG,Neo_Beads,Neonatal_Beads,13,Endothelial cells,2468,5161.0
Neo_Beads_CGTAACCGGCCG,Neo_Beads,Neonatal_Beads,3,Mesenchymal cells,2480,7432.0
Neo_Beads_TCGCCCGCTTAC,Neo_Beads,Neonatal_Beads,10,Schwann cells,2131,4496.0
Neo_Beads_GGAATCCGCGTG,Neo_Beads,Neonatal_Beads,5,Endothelial cells,2280,4940.0
Neo_Beads_GACCTGGCAAGC,Neo_Beads,Neonatal_Beads,5,Endothelial cells,2318,5724.0
Neo_Beads_CTCTGCCTGAGG,Neo_Beads,Neonatal_Beads,5,Endothelial cells,2363,4425.0
Neo_Beads_TTGGGACTAGCT,Neo_Beads,Neonatal_Beads,5,Endothelial cells,2222,5022.0
Neo_Beads_TACGGACGATAC,Neo_Beads,Neonatal_Beads,12,Schwann cells,2145,5340.0
Neo_Beads_GAGGAATCAGTT,Neo_Beads,Neonatal_Beads,4,Endothelial cells,2186,4280.0
Neo_Beads_GCCCAGTCGGTA,Neo_Beads,Neonatal_Beads,3,Mesenchymal cells,2103,4709.0
Neo_Beads_TAAGCGATGGTG,Neo_Beads,Neonatal_Beads,6,Endothelial cells,2649,5462.0
Neo_Beads_CTTCCCCGTCTC,Neo_Beads,Neonatal_Beads,7,Pericytes/VSM,2373,5296.0
Neo_Beads_GCTATTTGGGAA,Neo_Beads,Neonatal_Beads,9,Schwann cells,1888,3384.0
Neo_Beads_GTCCTGGGCTGT,Neo_Beads,Neonatal_Beads,3,Mesenchymal cells,2224,5513.0
Neo_Beads_AACTTACGAGGT,Neo_Beads,Neonatal_Beads,4,Endothelial cells,2332,5293.0
Neo_Beads_AAACCAATGGTT,Neo_Beads,Neonatal_Beads,6,Endothelial cells,2345,5035.0
Neo_Beads_GCAACTTCGGCG,Neo_Beads,Neonatal_Beads,12,Schwann cells,1953,4931.0
Neo_Beads_CATTTTCTTCCC,Neo_Beads,Neonatal_Beads,2,Schwann cells,2129,3974.0
Neo_Beads_CGTATCTCACAA,Neo_Beads,Neonatal_Beads,3,Mesenchymal cells,2200,5312.0
Neo_Beads_TCCTCTCGCGGC,Neo_Beads,Neonatal_Beads,6,Endothelial cells,2507,5392.0
Neo_Beads_CTATCGCATGGA,Neo_Beads,Neonatal_Beads,3,Mesenchymal cells,1914,4144.0
Neo_Beads_GCATGCGCGCAA,Neo_Beads,Neonatal_Beads,5,Endothelial cells,2483,4721.0
Neo_Beads_TCAGGGACTATT,Neo_Beads,Neonatal_Beads,5,Endothelial cells,2482,5056.0
Neo_Beads_ACGGCGAATTTC,Neo_Beads,Neonatal_Beads,6,Endothelial cells,2334,4794.0
Neo_Beads_GTCGTGCTCCCC,Neo_Beads,Neonatal_Beads,5,Endothelial cells,2455,5849.0
Neo_Beads_CAACGGATAAGA,Neo_Beads,Neonatal_Beads,6,Endothelial cells,2317,4460.0
Neo_Beads_TACCCCGTAAGG,Neo_Beads,Neonatal_Beads,0,Mesenchymal cells,1889,5724.0
Neo_Beads_GCAACGCTTCCG,Neo_Beads,Neonatal_Beads,6,Endothelial cells,2152,4301.0
Neo_Beads_CGCGCGAGGGTG,Neo_Beads,Neonatal_Beads,2,Schwann cells,2395,4858.0
Neo_Beads_GCCCCTCCCACC,Neo_Beads,Neonatal_Beads,4,Endothelial cells,2198,5790.0
Neo_Beads_CCGGAGATCCAT,Neo_Beads,Neonatal_Beads,3,Mesenchymal cells,2133,5349.0
Neo_Beads_CAGTCGGTGTTC,Neo_Beads,Neonatal_Beads,13,Endothelial cells,2168,4226.0
Neo_Beads_CCTGTCTGTTAC,Neo_Beads,Neonatal_Beads,3,Mesenchymal cells,1993,4101.0
Neo_Beads_GTTTTGTTGTTA,Neo_Beads,Neonatal_Beads,2,Schwann cells,1955,4052.0
Neo_Beads_CCCCTACCCTTC,Neo_Beads,Neonatal_Beads,10,Schwann cells,2234,4520.0
Neo_Beads_GCTACTAAGTTA,Neo_Beads,Neonatal_Beads,3,Mesenchymal cells,1829,4058.0
Neo_Beads_CCTCGACCAATC,Neo_Beads,Neonatal_Beads,2,Schwann cells,2159,4444.0
Neo_Beads_GATTTGCTCCCT,Neo_Beads,Neonatal_Beads,5,Endothelial cells,2211,4506.0
Neo_Beads_CCTTGGCTGTCC,Neo_Beads,Neonatal_Beads,2,Schwann cells,2220,4454.0
Neo_Beads_TGATGTCACAGA,Neo_Beads,Neonatal_Beads,7,Pericytes/VSM,2170,4805.0
Neo_Beads_GGCTTGTTACGA,Neo_Beads,Neonatal_Beads,0,Mesenchymal cells,2092,4458.0
Neo_Beads_ACCCCACTAGGT,Neo_Beads,Neonatal_Beads,3,Mesenchymal cells,1835,4464.0
Neo_Beads_TTTCCGCTAAGT,Neo_Beads,Neonatal_Beads,2,Schwann cells,1886,3897.0
Neo_Beads_CTCCTTTACGCC,Neo_Beads,Neonatal_Beads,3,Mesenchymal cells,1805,4542.0
Neo_Beads_GGCCGGTAGAAC,Neo_Beads,Neonatal_Beads,6,Endothelial cells,2454,5624.0
Neo_Beads_GACATCACGCCT,Neo_Beads,Neonatal_Beads,6,Endothelial cells,2089,3878.0
Neo_Beads_CCACCTAAGGAC,Neo_Beads,Neonatal_Beads,6,Endothelial cells,2630,5808.0
Neo_Beads_AAACGGTGGTCA,Neo_Beads,Neonatal_Beads,13,Endothelial cells,2009,4245.0
Neo_Beads_GCGTCCCGGATT,Neo_Beads,Neonatal_Beads,2,Schwann cells,2114,4428.0
Neo_Beads_GTATGTTAAAAA,Neo_Beads,Neonatal_Beads,2,Schwann cells,1962,3707.0
Neo_Beads_TCCTCTTGTCAC,Neo_Beads,Neonatal_Beads,2,Schwann cells,2317,5120.0
Neo_Beads_AGCAATTAAGTG,Neo_Beads,Neonatal_Beads,4,Endothelial cells,2066,3959.0
Neo_Beads_GCCCTCTCGCTG,Neo_Beads,Neonatal_Beads,12,Schwann cells,1963,4499.0
Neo_Beads_CGAGACGTGTGC,Neo_Beads,Neonatal_Beads,6,Endothelial cells,2304,5115.0
Neo_Beads_GTATGATAACTG,Neo_Beads,Neonatal_Beads,13,Endothelial cells,1777,3563.0
Neo_Beads_CACCCGCACTCG,Neo_Beads,Neonatal_Beads,6,Endothelial cells,2110,4745.0
Neo_Beads_GGCTCAGCTATT,Neo_Beads,Neonatal_Beads,2,Schwann cells,2060,4115.0
Neo_Beads_GTTGGTAAATTT,Neo_Beads,Neonatal_Beads,7,Pericytes/VSM,1860,3973.0
Neo_Beads_AGTTACAAAGTT,Neo_Beads,Neonatal_Beads,1,Mesenchymal cells,2007,4242.0
Neo_Beads_CATCGATATCCG,Neo_Beads,Neonatal_Beads,13,Endothelial cells,2159,4386.0
Neo_Beads_CACTCAAGATTC,Neo_Beads,Neonatal_Beads,1,Mesenchymal cells,1837,3757.0
Neo_Beads_GAGTCTGGTAGT,Neo_Beads,Neonatal_Beads,13,Endothelial cells,2485,5547.0
Neo_Beads_TAAAGATATCCT,Neo_Beads,Neonatal_Beads,6,Endothelial cells,2183,4497.0
Neo_Beads_TACAACGTAAGC,Neo_Beads,Neonatal_Beads,12,Schwann cells,2033,3983.0
Neo_Beads_TTGGTACACCAA,Neo_Beads,Neonatal_Beads,6,Endothelial cells,2151,4252.0
Neo_Beads_GCTTCCTTCTCG,Neo_Beads,Neonatal_Beads,3,Mesenchymal cells,1867,4458.0
Neo_Beads_CATGCCACGTTC,Neo_Beads,Neonatal_Beads,3,Mesenchymal cells,1815,3906.0
Neo_Beads_CCCGACCGTCTG,Neo_Beads,Neonatal_Beads,5,Endothelial cells,2524,6234.0
Neo_Beads_GTTTTGCGTCGC,Neo_Beads,Neonatal_Beads,12,Schwann cells,1832,3810.0
Neo_Beads_TCTCATCTACGT,Neo_Beads,Neonatal_Beads,13,Endothelial cells,2075,3812.0
Neo_Beads_GCGAGTGTTTGC,Neo_Beads,Neonatal_Beads,4,Endothelial cells,2173,5171.0
Neo_Beads_AGTGGGCCCGAG,Neo_Beads,Neonatal_Beads,7,Pericytes/VSM,2279,6151.0
Neo_Beads_TCTCGAGTTACG,Neo_Beads,Neonatal_Beads,3,Mesenchymal cells,1642,3476.0
Neo_Beads_GTATTTCACACA,Neo_Beads,Neonatal_Beads,4,Endothelial cells,2120,3880.0
Neo_Beads_TGTTCGCAGGCA,Neo_Beads,Neonatal_Beads,2,Schwann cells,2147,4480.0
Neo_Beads_ATAAAACGAACG,Neo_Beads,Neonatal_Beads,6,Endothelial cells,1931,3545.0
Neo_Beads_GGTTTCGTTTTA,Neo_Beads,Neonatal_Beads,6,Endothelial cells,1980,3678.0
Neo_Beads_AGCATTATGTCG,Neo_Beads,Neonatal_Beads,3,Mesenchymal cells,1866,3901.0
Neo_Beads_GCGCCGAGCCTC,Neo_Beads,Neonatal_Beads,3,Mesenchymal cells,1928,4850.0
Neo_Beads_CCTGTAGTTTCG,Neo_Beads,Neonatal_Beads,3,Mesenchymal cells,1553,3487.0
Neo_Beads_ATGTTCCTGCCA,Neo_Beads,Neonatal_Beads,3,Mesenchymal cells,1798,3978.0
Neo_Beads_TCGTTGATGCGA,Neo_Beads,Neonatal_Beads,5,Endothelial cells,1799,3459.0
Neo_Beads_AACCACCATTAG,Neo_Beads,Neonatal_Beads,2,Schwann cells,2034,3389.0
Neo_Beads_TACTTTCTGAGT,Neo_Beads,Neonatal_Beads,12,Schwann cells,1948,3714.0
Neo_Beads_CATTCGTAACCA,Neo_Beads,Neonatal_Beads,4,Endothelial cells,2046,4098.0
Neo_Beads_GTCATGTCCCCA,Neo_Beads,Neonatal_Beads,3,Mesenchymal cells,1728,3900.0
Neo_Beads_CTTCAGGCTACT,Neo_Beads,Neonatal_Beads,3,Mesenchymal cells,1525,3060.0
Neo_Beads_AGAGGGTATTTT,Neo_Beads,Neonatal_Beads,12,Schwann cells,1983,3970.0
Neo_Beads_CTCCAGCGAGTT,Neo_Beads,Neonatal_Beads,12,Schwann cells,1748,4316.0
Neo_Beads_ATTGAGGGATGT,Neo_Beads,Neonatal_Beads,4,Endothelial cells,2173,4193.0
Neo_Beads_CGCATCCTCTAT,Neo_Beads,Neonatal_Beads,4,Endothelial cells,2025,4015.0
Neo_Beads_GCCGGCCTGATT,Neo_Beads,Neonatal_Beads,3,Mesenchymal cells,1803,3832.0
Neo_Beads_GATCACTCGTCC,Neo_Beads,Neonatal_Beads,7,Pericytes/VSM,1872,3554.0
Neo_Beads_CCTGACTAGTGC,Neo_Beads,Neonatal_Beads,0,Mesenchymal cells,1791,4347.0
Neo_Beads_CGGGTAGATACG,Neo_Beads,Neonatal_Beads,2,Schwann cells,1887,3471.0
Neo_Beads_TTGCGCTGTTCC,Neo_Beads,Neonatal_Beads,2,Schwann cells,1973,3955.0
Neo_Beads_CGGTACAGTAGC,Neo_Beads,Neonatal_Beads,6,Endothelial cells,2074,3908.0
Neo_Beads_CAGCCTCCCTCG,Neo_Beads,Neonatal_Beads,3,Mesenchymal cells,1720,4001.0
Neo_Beads_GCCTATCTAACC,Neo_Beads,Neonatal_Beads,9,Schwann cells,1804,3455.0
Neo_Beads_TATAAGCTTCAC,Neo_Beads,Neonatal_Beads,3,Mesenchymal cells,1857,3479.0
Neo_Beads_CTTCCGTACCCT,Neo_Beads,Neonatal_Beads,7,Pericytes/VSM,1887,3715.0
Neo_Beads_CACTTCTTAATA,Neo_Beads,Neonatal_Beads,5,Endothelial cells,2126,4127.0
Neo_Beads_ACCCTAAAATCG,Neo_Beads,Neonatal_Beads,3,Mesenchymal cells,1725,3282.0
Neo_Beads_CGTTACACTTCA,Neo_Beads,Neonatal_Beads,13,Endothelial cells,1587,3258.0
Neo_Beads_ACCCGATGCTCC,Neo_Beads,Neonatal_Beads,2,Schwann cells,2242,5380.0
Neo_Beads_CCCTATAAGGTC,Neo_Beads,Neonatal_Beads,0,Mesenchymal cells,1477,3732.0
Neo_Beads_CTTGATATTTCG,Neo_Beads,Neonatal_Beads,2,Schwann cells,2062,4016.0
Neo_Beads_CCGCGTGCCATT,Neo_Beads,Neonatal_Beads,10,Schwann cells,2131,3991.0
Neo_Beads_CTCCCGCGGGCC,Neo_Beads,Neonatal_Beads,3,Mesenchymal cells,1759,4563.0
Neo_Beads_AGACGCTTACTG,Neo_Beads,Neonatal_Beads,5,Endothelial cells,2025,4148.0
Neo_Beads_CGCCTTTGTCGA,Neo_Beads,Neonatal_Beads,13,Endothelial cells,1916,4267.0
Neo_Beads_CTTAAGCCCAGA,Neo_Beads,Neonatal_Beads,10,Schwann cells,1850,3805.0
Neo_Beads_TTTACTGCAATT,Neo_Beads,Neonatal_Beads,4,Endothelial cells,2116,4225.0
Neo_Beads_CCGGTCGGTTCG,Neo_Beads,Neonatal_Beads,10,Schwann cells,2221,5630.0
Neo_Beads_CCAATGGCGCTC,Neo_Beads,Neonatal_Beads,3,Mesenchymal cells,1763,4390.0
Neo_Beads_GCGGGGCACGTA,Neo_Beads,Neonatal_Beads,4,Endothelial cells,2529,5831.0
Neo_Beads_CAGCTCGTCCTT,Neo_Beads,Neonatal_Beads,13,Endothelial cells,2241,4638.0
Neo_Beads_TGGTTCAACTTC,Neo_Beads,Neonatal_Beads,2,Schwann cells,1788,3412.0
Neo_Beads_CCCGCGCGTTCT,Neo_Beads,Neonatal_Beads,9,Schwann cells,1685,3221.0
Neo_Beads_AACTTTGAAGTC,Neo_Beads,Neonatal_Beads,3,Mesenchymal cells,1674,3432.0
Neo_Beads_ACTGATACGTTT,Neo_Beads,Neonatal_Beads,12,Schwann cells,2029,3821.0
Neo_Beads_ATCTAATCGAAC,Neo_Beads,Neonatal_Beads,0,Mesenchymal cells,1795,3426.0
Neo_Beads_CTTCCGGTTCCT,Neo_Beads,Neonatal_Beads,13,Endothelial cells,1633,3193.0
Neo_Beads_ACGCGGACCGTT,Neo_Beads,Neonatal_Beads,6,Endothelial cells,2058,4447.0
Neo_Beads_CGATATACTCAG,Neo_Beads,Neonatal_Beads,3,Mesenchymal cells,1594,3547.0
Neo_Beads_CCAGTGAAACCG,Neo_Beads,Neonatal_Beads,4,Endothelial cells,1700,3358.0
Neo_Beads_CTTGGCCTCTTC,Neo_Beads,Neonatal_Beads,7,Pericytes/VSM,1705,3900.0
Neo_Beads_AACAACTATCTG,Neo_Beads,Neonatal_Beads,7,Pericytes/VSM,1573,2852.0
Neo_Beads_ACCGCCCCCGGC,Neo_Beads,Neonatal_Beads,12,Schwann cells,1695,3410.0
Neo_Beads_CTTGAGTTAACC,Neo_Beads,Neonatal_Beads,2,Schwann cells,1931,3642.0
Neo_Beads_GCCAGATGAGAT,Neo_Beads,Neonatal_Beads,9,Schwann cells,1805,3539.0
Neo_Beads_CGCGCCGTACCT,Neo_Beads,Neonatal_Beads,2,Schwann cells,2082,4127.0
Neo_Beads_AAACACACGTCC,Neo_Beads,Neonatal_Beads,4,Endothelial cells,1622,2568.0
Neo_Beads_GTCGGGATGGTG,Neo_Beads,Neonatal_Beads,3,Mesenchymal cells,1774,4065.0
Neo_Beads_GGTGAATTAGTC,Neo_Beads,Neonatal_Beads,3,Mesenchymal cells,1818,3553.0
Neo_Beads_ATCGCGATTCTT,Neo_Beads,Neonatal_Beads,10,Schwann cells,1664,3170.0
Neo_Beads_CTATGATAGTGC,Neo_Beads,Neonatal_Beads,13,Endothelial cells,2082,4180.0
Neo_Beads_GTTGTGTTCCTG,Neo_Beads,Neonatal_Beads,2,Schwann cells,1881,3307.0
Neo_Beads_TTTTTCTTTGTA,Neo_Beads,Neonatal_Beads,2,Schwann cells,1841,3402.0
Neo_Beads_GCCTATAATGTC,Neo_Beads,Neonatal_Beads,3,Mesenchymal cells,1778,4092.0
Neo_Beads_CTCAACAACACC,Neo_Beads,Neonatal_Beads,3,Mesenchymal cells,1667,4066.0
Neo_Beads_TTGTCAGCAGGT,Neo_Beads,Neonatal_Beads,6,Endothelial cells,2032,4304.0
Neo_Beads_GCGCAACCACCT,Neo_Beads,Neonatal_Beads,10,Schwann cells,1752,3375.0
Neo_Beads_TTTATTAGACAA,Neo_Beads,Neonatal_Beads,12,Schwann cells,1934,3380.0
Neo_Beads_GTGGTTGTCGTG,Neo_Beads,Neonatal_Beads,4,Endothelial cells,2124,4708.0
Neo_Beads_CGGCGACCATTT,Neo_Beads,Neonatal_Beads,3,Mesenchymal cells,1741,3675.0
Neo_Beads_CCTTGTCGTCGT,Neo_Beads,Neonatal_Beads,10,Schwann cells,1353,2518.0
Neo_Beads_TACCTCACTGGA,Neo_Beads,Neonatal_Beads,3,Mesenchymal cells,1715,3471.0
Neo_Beads_CCTGCGGTAGTG,Neo_Beads,Neonatal_Beads,6,Endothelial cells,2039,4518.0
Neo_Beads_AAAAGTGCAGAA,Neo_Beads,Neonatal_Beads,3,Mesenchymal cells,1609,2996.0
Neo_Beads_GACACCTATATC,Neo_Beads,Neonatal_Beads,2,Schwann cells,1718,3201.0
Neo_Beads_ATGCGCTGCCAG,Neo_Beads,Neonatal_Beads,13,Endothelial cells,2012,4109.0
Neo_Beads_GCCTAAGACCAG,Neo_Beads,Neonatal_Beads,4,Endothelial cells,1785,3417.0
Neo_Beads_GTTACACGCCTT,Neo_Beads,Neonatal_Beads,12,Schwann cells,1791,3413.0
Neo_Beads_TACCCCGGGACG,Neo_Beads,Neonatal_Beads,3,Mesenchymal cells,1628,3701.0
Neo_Beads_GCTGCTAGTGTT,Neo_Beads,Neonatal_Beads,3,Mesenchymal cells,1744,3953.0
Neo_Beads_AGAGTTTCATTG,Neo_Beads,Neonatal_Beads,10,Schwann cells,1767,3252.0
Neo_Beads_CCAAAGAATACA,Neo_Beads,Neonatal_Beads,3,Mesenchymal cells,1438,2862.0
Neo_Beads_AAGCATTAGTAT,Neo_Beads,Neonatal_Beads,3,Mesenchymal cells,1543,3409.0
Neo_Beads_CGCTACGTGTGC,Neo_Beads,Neonatal_Beads,2,Schwann cells,1865,3407.0
Neo_Beads_GTCGGCATCCTG,Neo_Beads,Neonatal_Beads,10,Schwann cells,1949,3838.0
Neo_Beads_GACTGGGCCTCA,Neo_Beads,Neonatal_Beads,2,Schwann cells,1772,3514.0
Neo_Beads_CCGAACCTGATA,Neo_Beads,Neonatal_Beads,4,Endothelial cells,1672,3198.0
Neo_Beads_TGAATCCAACAG,Neo_Beads,Neonatal_Beads,0,Mesenchymal cells,1730,3279.0
Neo_Beads_GTATATCGCAGA,Neo_Beads,Neonatal_Beads,10,Schwann cells,1734,3164.0
Neo_Beads_GTAAGTGGCATG,Neo_Beads,Neonatal_Beads,12,Schwann cells,1721,3516.0
Neo_Beads_GTCCTGACAGTA,Neo_Beads,Neonatal_Beads,3,Mesenchymal cells,1781,3761.0
Neo_Beads_GTGTGTGCTCGC,Neo_Beads,Neonatal_Beads,7,Pericytes/VSM,1712,4069.0
Neo_Beads_CTCCGCTGCGCT,Neo_Beads,Neonatal_Beads,6,Endothelial cells,1831,3188.0
Neo_Beads_CGGTCCGGTTGC,Neo_Beads,Neonatal_Beads,2,Schwann cells,1747,3110.0
Neo_Beads_GGCTCGGAAAGT,Neo_Beads,Neonatal_Beads,4,Endothelial cells,1902,3305.0
Neo_Beads_GTTGTTGCAATA,Neo_Beads,Neonatal_Beads,2,Schwann cells,1608,2618.0
Neo_Beads_CAAGATAGAGAA,Neo_Beads,Neonatal_Beads,3,Mesenchymal cells,1353,2843.0
Neo_Beads_ATTTCTCAAGAA,Neo_Beads,Neonatal_Beads,2,Schwann cells,1598,2658.0
Neo_Beads_CCTCAATAGTTT,Neo_Beads,Neonatal_Beads,10,Schwann cells,1532,2755.0
Neo_Beads_GTCGCGCATTAT,Neo_Beads,Neonatal_Beads,2,Schwann cells,1910,3488.0
Neo_Beads_CTGGTCTGGTGT,Neo_Beads,Neonatal_Beads,10,Schwann cells,1762,3913.0
Neo_Beads_AGTCTATTGTCG,Neo_Beads,Neonatal_Beads,12,Schwann cells,2059,4639.0
Neo_Beads_AGTCGGGTGCAA,Neo_Beads,Neonatal_Beads,4,Endothelial cells,1945,4073.0
Neo_Beads_GGTGTTTCATTA,Neo_Beads,Neonatal_Beads,5,Endothelial cells,1830,3438.0
Neo_Beads_TTGCGCTGTAGG,Neo_Beads,Neonatal_Beads,3,Mesenchymal cells,1225,2648.0
Neo_Beads_GACATGTAGTGC,Neo_Beads,Neonatal_Beads,13,Endothelial cells,1682,3297.0
Neo_Beads_GGTCTGTGACGT,Neo_Beads,Neonatal_Beads,3,Mesenchymal cells,1500,3292.0
Neo_Beads_TAAATCTGCCTC,Neo_Beads,Neonatal_Beads,3,Mesenchymal cells,1554,3196.0
Neo_Beads_ACATCACAATCA,Neo_Beads,Neonatal_Beads,7,Pericytes/VSM,1552,3022.0
Neo_Beads_AACAACTCACTA,Neo_Beads,Neonatal_Beads,5,Endothelial cells,1751,3038.0
Neo_Beads_TGTGATTGCTCA,Neo_Beads,Neonatal_Beads,14,Lymphocytes,1525,3019.0
Neo_Beads_CTCACCAGTTTC,Neo_Beads,Neonatal_Beads,10,Schwann cells,1570,2806.0
Neo_Beads_GTAGCGCGGCCT,Neo_Beads,Neonatal_Beads,10,Schwann cells,1943,4131.0
Neo_Beads_GGCCGGGCCAAC,Neo_Beads,Neonatal_Beads,2,Schwann cells,2071,4547.0
Neo_Beads_GACCTCCAGTAA,Neo_Beads,Neonatal_Beads,0,Mesenchymal cells,1149,2913.0
Neo_Beads_CTAGGAACCAGG,Neo_Beads,Neonatal_Beads,13,Endothelial cells,1623,2797.0
Neo_Beads_TACGCAACACGA,Neo_Beads,Neonatal_Beads,10,Schwann cells,1684,3258.0
Neo_Beads_CAGTTAATATTC,Neo_Beads,Neonatal_Beads,2,Schwann cells,1529,2618.0
Neo_Beads_CCAGGAAGGTGA,Neo_Beads,Neonatal_Beads,4,Endothelial cells,1608,2773.0
Neo_Beads_GTAAACGCCTTA,Neo_Beads,Neonatal_Beads,7,Pericytes/VSM,1676,3034.0
Neo_Beads_ATAAATATCCAA,Neo_Beads,Neonatal_Beads,4,Endothelial cells,1557,2980.0
Neo_Beads_GCCAAAGTGGTG,Neo_Beads,Neonatal_Beads,9,Schwann cells,1439,2551.0
Neo_Beads_TCCAAATCGTGA,Neo_Beads,Neonatal_Beads,12,Schwann cells,1655,3153.0
Neo_Beads_AGGATTCAACTT,Neo_Beads,Neonatal_Beads,13,Endothelial cells,1590,3032.0
Neo_Beads_GGGCGATGGAGG,Neo_Beads,Neonatal_Beads,7,Pericytes/VSM,1874,4017.0
Neo_Beads_TGGGTGTCCCCT,Neo_Beads,Neonatal_Beads,2,Schwann cells,1934,3538.0
Neo_Beads_GTGACTACATTA,Neo_Beads,Neonatal_Beads,6,Endothelial cells,1812,3369.0
Neo_Beads_CTGAAAGCTACT,Neo_Beads,Neonatal_Beads,5,Endothelial cells,1520,2459.0
Neo_Beads_GTTCCAGCAAGT,Neo_Beads,Neonatal_Beads,2,Schwann cells,1668,3207.0
Neo_Beads_CGGCAATCACCA,Neo_Beads,Neonatal_Beads,9,Schwann cells,1455,2945.0
Neo_Beads_TATCGAAATTGC,Neo_Beads,Neonatal_Beads,6,Endothelial cells,1752,3191.0
Neo_Beads_AGAATACAAAAC,Neo_Beads,Neonatal_Beads,6,Endothelial cells,1390,2308.0
Neo_Beads_ACGTCCCGGGAG,Neo_Beads,Neonatal_Beads,2,Schwann cells,1702,2889.0
Neo_Beads_TTACAACCGCTG,Neo_Beads,Neonatal_Beads,3,Mesenchymal cells,1390,2689.0
Neo_Beads_ACCACGCTCCAA,Neo_Beads,Neonatal_Beads,3,Mesenchymal cells,1705,4154.0
Neo_Beads_TTTTCGCAGGCT,Neo_Beads,Neonatal_Beads,12,Schwann cells,1554,2791.0
Neo_Beads_TGTACCTCTACA,Neo_Beads,Neonatal_Beads,7,Pericytes/VSM,1925,3427.0
Neo_Beads_CGCTATTTACCT,Neo_Beads,Neonatal_Beads,3,Mesenchymal cells,1591,3727.0
Neo_Beads_GTACATCGACTA,Neo_Beads,Neonatal_Beads,2,Schwann cells,1708,2735.0
Neo_Beads_CTTTTCTTGCTC,Neo_Beads,Neonatal_Beads,4,Endothelial cells,1700,3255.0
Neo_Beads_GCCTTTTACTGG,Neo_Beads,Neonatal_Beads,7,Pericytes/VSM,1589,3058.0
Neo_Beads_GTTTCAGTTGGT,Neo_Beads,Neonatal_Beads,2,Schwann cells,1674,3267.0
Neo_Beads_TAGTCTATTTAA,Neo_Beads,Neonatal_Beads,4,Endothelial cells,1670,2989.0
Neo_Beads_CTCGCAGCTTCG,Neo_Beads,Neonatal_Beads,9,Schwann cells,1652,3114.0
Neo_Beads_GTCCTCGGACCC,Neo_Beads,Neonatal_Beads,2,Schwann cells,1654,2946.0
Neo_Beads_CGCCAGATACAT,Neo_Beads,Neonatal_Beads,7,Pericytes/VSM,1575,3121.0
Neo_Beads_CAGCAGAACTGC,Neo_Beads,Neonatal_Beads,13,Endothelial cells,1472,2577.0
Neo_Beads_GACCGCAGAAAT,Neo_Beads,Neonatal_Beads,2,Schwann cells,1592,2695.0
Neo_Beads_AAGCGGGATACA,Neo_Beads,Neonatal_Beads,0,Mesenchymal cells,1670,3235.0
Neo_Beads_AAACTATTCTCA,Neo_Beads,Neonatal_Beads,10,Schwann cells,1329,2312.0
Neo_Beads_GGTAATAGCATT,Neo_Beads,Neonatal_Beads,4,Endothelial cells,1471,2785.0
Neo_Beads_AAATTGGGTCAC,Neo_Beads,Neonatal_Beads,2,Schwann cells,1497,2516.0
Neo_Beads_GGACTTTCCCGC,Neo_Beads,Neonatal_Beads,12,Schwann cells,1826,4549.0
Neo_Beads_ACCACTCCGCCA,Neo_Beads,Neonatal_Beads,2,Schwann cells,1525,2393.0
Neo_Beads_CGCCCGTTCCTT,Neo_Beads,Neonatal_Beads,2,Schwann cells,1772,3046.0
Neo_Beads_CACCTGATGAGA,Neo_Beads,Neonatal_Beads,13,Endothelial cells,1567,2792.0
Neo_Beads_GGTTGCCGCGCA,Neo_Beads,Neonatal_Beads,2,Schwann cells,1714,3510.0
Neo_Beads_TACATGCAAATC,Neo_Beads,Neonatal_Beads,4,Endothelial cells,1523,2503.0
Neo_Beads_AGACAGCATGCC,Neo_Beads,Neonatal_Beads,0,Mesenchymal cells,1377,3500.0
Neo_Beads_CTGGAACGAAGT,Neo_Beads,Neonatal_Beads,2,Schwann cells,1544,2644.0
Neo_Beads_TACGTCCGGGAG,Neo_Beads,Neonatal_Beads,0,Mesenchymal cells,1133,2961.0
Neo_Beads_TCGCTGTTTCAC,Neo_Beads,Neonatal_Beads,6,Endothelial cells,1759,3516.0
Neo_Beads_TAGTTGCGCTCA,Neo_Beads,Neonatal_Beads,7,Pericytes/VSM,1485,3254.0
Neo_Beads_AGTCAGCTTGCG,Neo_Beads,Neonatal_Beads,2,Schwann cells,1595,2721.0
Neo_Beads_CCCGAAGCATCC,Neo_Beads,Neonatal_Beads,1,Mesenchymal cells,1282,2711.0
Neo_Beads_TTCCCCCAAGTA,Neo_Beads,Neonatal_Beads,12,Schwann cells,1530,2753.0
Neo_Beads_TGCAGGAATCTA,Neo_Beads,Neonatal_Beads,6,Endothelial cells,1621,2656.0
Neo_Beads_TAATTTGTGGAC,Neo_Beads,Neonatal_Beads,2,Schwann cells,1852,3516.0
Neo_Beads_CCCACGGAGCCT,Neo_Beads,Neonatal_Beads,13,Endothelial cells,1868,3696.0
Neo_Beads_AGGCCGCGGCGT,Neo_Beads,Neonatal_Beads,6,Endothelial cells,1641,3140.0
Neo_Beads_GACTAAAGTTAG,Neo_Beads,Neonatal_Beads,2,Schwann cells,1527,2764.0
Neo_Beads_ACGTACGCTGTC,Neo_Beads,Neonatal_Beads,10,Schwann cells,1822,3472.0
Neo_Beads_GCCTACACAGTG,Neo_Beads,Neonatal_Beads,4,Endothelial cells,1815,3150.0
Neo_Beads_TCGTGTGGCCAG,Neo_Beads,Neonatal_Beads,2,Schwann cells,1615,2903.0
Neo_Beads_GTTACCCGGGCC,Neo_Beads,Neonatal_Beads,6,Endothelial cells,1604,3007.0
Neo_Beads_AAGAAATGTCGT,Neo_Beads,Neonatal_Beads,5,Endothelial cells,1504,2814.0
Neo_Beads_ATTACGTAATGT,Neo_Beads,Neonatal_Beads,13,Endothelial cells,1542,3076.0
Neo_Beads_CGTGGCGCTAAC,Neo_Beads,Neonatal_Beads,2,Schwann cells,1786,3293.0
Neo_Beads_AGATTCCTAGGT,Neo_Beads,Neonatal_Beads,2,Schwann cells,1508,2503.0
Neo_Beads_CGTTGCTGACGC,Neo_Beads,Neonatal_Beads,16,Mast cells,1040,2327.0
Neo_Beads_TTGGGACTATCT,Neo_Beads,Neonatal_Beads,0,Mesenchymal cells,1498,3155.0
Neo_Beads_CACCCGCCGTAC,Neo_Beads,Neonatal_Beads,4,Endothelial cells,1622,3102.0
Neo_Beads_ACTCGCTTGGCA,Neo_Beads,Neonatal_Beads,2,Schwann cells,1697,2992.0
Neo_Beads_CAGGCTATGCCG,Neo_Beads,Neonatal_Beads,5,Endothelial cells,1579,2915.0
Neo_Beads_CGGTAATTGGGT,Neo_Beads,Neonatal_Beads,10,Schwann cells,1486,2657.0
Neo_Beads_AGTGACTAGAAC,Neo_Beads,Neonatal_Beads,12,Schwann cells,1500,3446.0
Neo_Beads_TTTCAGGAAGGT,Neo_Beads,Neonatal_Beads,3,Mesenchymal cells,1439,2648.0
Neo_Beads_TGTCCCCAGGTN,Neo_Beads,Neonatal_Beads,10,Schwann cells,1612,3155.0
Neo_Beads_GACATGACCCGA,Neo_Beads,Neonatal_Beads,6,Endothelial cells,1885,3648.0
Neo_Beads_TACCATACATGG,Neo_Beads,Neonatal_Beads,3,Mesenchymal cells,1582,3412.0
Neo_Beads_ACTTTTGTGCCT,Neo_Beads,Neonatal_Beads,4,Endothelial cells,1866,3899.0
Neo_Beads_TGACACCGATTG,Neo_Beads,Neonatal_Beads,7,Pericytes/VSM,1384,2788.0
Neo_Beads_GGAAACATGGAC,Neo_Beads,Neonatal_Beads,6,Endothelial cells,1675,3062.0
Neo_Beads_TACCAACACATG,Neo_Beads,Neonatal_Beads,9,Schwann cells,1342,2234.0
Neo_Beads_GTGAAACGATTG,Neo_Beads,Neonatal_Beads,9,Schwann cells,1372,2374.0
Neo_Beads_GGGAGACGCAAA,Neo_Beads,Neonatal_Beads,7,Pericytes/VSM,1402,2755.0
Neo_Beads_CGGTTGTACATA,Neo_Beads,Neonatal_Beads,13,Endothelial cells,1469,3076.0
Neo_Beads_TCCGCGCCCCAT,Neo_Beads,Neonatal_Beads,12,Schwann cells,1476,2989.0
Neo_Beads_GTATATCCTATT,Neo_Beads,Neonatal_Beads,3,Mesenchymal cells,1439,2801.0
Neo_Beads_CCAGCCGGTCAG,Neo_Beads,Neonatal_Beads,3,Mesenchymal cells,1585,3682.0
Neo_Beads_AGGTTTAGGCCG,Neo_Beads,Neonatal_Beads,2,Schwann cells,1636,3141.0
Neo_Beads_CCCACCCGTTAA,Neo_Beads,Neonatal_Beads,2,Schwann cells,1555,2977.0
Neo_Beads_GGTAGAAGTTTT,Neo_Beads,Neonatal_Beads,10,Schwann cells,1447,2702.0
Neo_Beads_TACCCACACGCT,Neo_Beads,Neonatal_Beads,13,Endothelial cells,1484,2578.0
Neo_Beads_AGTTGAGAGTTG,Neo_Beads,Neonatal_Beads,6,Endothelial cells,1692,3042.0
Neo_Beads_GGTAGGAGATCC,Neo_Beads,Neonatal_Beads,3,Mesenchymal cells,1475,3300.0
Neo_Beads_GCCCCCCCAGGT,Neo_Beads,Neonatal_Beads,7,Pericytes/VSM,1697,3716.0
Neo_Beads_CGCAACAAGTAA,Neo_Beads,Neonatal_Beads,3,Mesenchymal cells,1462,2532.0
Neo_Beads_GGCGAACTCGCT,Neo_Beads,Neonatal_Beads,6,Endothelial cells,1739,3308.0
Neo_Beads_ACCCCCACCTCC,Neo_Beads,Neonatal_Beads,7,Pericytes/VSM,1399,2921.0
Neo_Beads_TTTGATATCGGT,Neo_Beads,Neonatal_Beads,4,Endothelial cells,1508,2642.0
Neo_Beads_ACGACTTCCCAG,Neo_Beads,Neonatal_Beads,2,Schwann cells,1670,2868.0
Neo_Beads_TTCATGTAGCTA,Neo_Beads,Neonatal_Beads,13,Endothelial cells,1461,2764.0
Neo_Beads_GCGGCGAGCCCC,Neo_Beads,Neonatal_Beads,4,Endothelial cells,1850,4753.0
Neo_Beads_AATTGGTGTGGT,Neo_Beads,Neonatal_Beads,13,Endothelial cells,1338,2644.0
Neo_Beads_GTTAGCATCAAT,Neo_Beads,Neonatal_Beads,13,Endothelial cells,1668,3396.0
Neo_Beads_ATTGAGCATTTT,Neo_Beads,Neonatal_Beads,3,Mesenchymal cells,1364,2658.0
Neo_Beads_GTTCTCCGGCTC,Neo_Beads,Neonatal_Beads,2,Schwann cells,1528,2654.0
Neo_Beads_AAGCGATAAGTC,Neo_Beads,Neonatal_Beads,12,Schwann cells,1710,3573.0
Neo_Beads_CAGTTTGAAATC,Neo_Beads,Neonatal_Beads,6,Endothelial cells,1137,1830.0
Neo_Beads_ACTCACCGGACC,Neo_Beads,Neonatal_Beads,10,Schwann cells,1481,2636.0
Neo_Beads_TCGATTCGCGAA,Neo_Beads,Neonatal_Beads,2,Schwann cells,1528,2697.0
Neo_Beads_ACATAATCATAG,Neo_Beads,Neonatal_Beads,0,Mesenchymal cells,1344,2749.0
Neo_Beads_GGATATATTCAT,Neo_Beads,Neonatal_Beads,9,Schwann cells,1539,2781.0
Neo_Beads_TCGCGCCAAACT,Neo_Beads,Neonatal_Beads,2,Schwann cells,1585,2827.0
Neo_Beads_ATCTTCATCGGC,Neo_Beads,Neonatal_Beads,13,Endothelial cells,1459,2584.0
Neo_Beads_TTAAGTTAACCT,Neo_Beads,Neonatal_Beads,6,Endothelial cells,1611,2977.0
Neo_Beads_CGGCTACAGCGA,Neo_Beads,Neonatal_Beads,10,Schwann cells,1421,2535.0
Neo_Beads_AAGTCCACCAGC,Neo_Beads,Neonatal_Beads,7,Pericytes/VSM,1259,2558.0
Neo_Beads_ACTCCCCTCATC,Neo_Beads,Neonatal_Beads,0,Mesenchymal cells,1502,3213.0
Neo_Beads_CTGAAACCTGCG,Neo_Beads,Neonatal_Beads,13,Endothelial cells,1422,2495.0
Neo_Beads_GAATCTGATACG,Neo_Beads,Neonatal_Beads,13,Endothelial cells,1240,2657.0
Neo_Beads_CGGCCGTTGGAT,Neo_Beads,Neonatal_Beads,3,Mesenchymal cells,1876,4226.0
Neo_Beads_AAGAGTATTCCC,Neo_Beads,Neonatal_Beads,10,Schwann cells,1758,3070.0
Neo_Beads_ATCCGCATATTG,Neo_Beads,Neonatal_Beads,7,Pericytes/VSM,1282,2418.0
Neo_Beads_TCTCCAATCAGT,Neo_Beads,Neonatal_Beads,12,Schwann cells,1385,2452.0
Neo_Beads_TAAGCCCAGCCC,Neo_Beads,Neonatal_Beads,9,Schwann cells,1358,2266.0
Neo_Beads_CCGTTAGGTATT,Neo_Beads,Neonatal_Beads,10,Schwann cells,1473,2548.0
Neo_Beads_ATTTAACTCCAA,Neo_Beads,Neonatal_Beads,9,Schwann cells,1525,2532.0
Neo_Beads_GACGGCCACATA,Neo_Beads,Neonatal_Beads,9,Schwann cells,1546,3020.0
Neo_Beads_CTGACATCCGTT,Neo_Beads,Neonatal_Beads,7,Pericytes/VSM,1401,2618.0
Neo_Beads_CTAGTCTAAGTT,Neo_Beads,Neonatal_Beads,13,Endothelial cells,1271,2245.0
Neo_Beads_CGGTGTACCGCC,Neo_Beads,Neonatal_Beads,0,Mesenchymal cells,1482,3682.0
Neo_Beads_AGCTATGTCTTG,Neo_Beads,Neonatal_Beads,4,Endothelial cells,1758,3633.0
Neo_Beads_AGGTAGTTGCCC,Neo_Beads,Neonatal_Beads,0,Mesenchymal cells,1280,2863.0
Neo_Beads_AGAAAGGACAGA,Neo_Beads,Neonatal_Beads,10,Schwann cells,1396,2448.0
Neo_Beads_CGGCTTCGCACG,Neo_Beads,Neonatal_Beads,2,Schwann cells,1635,3322.0
Neo_Beads_GATCCAGGCCGA,Neo_Beads,Neonatal_Beads,3,Mesenchymal cells,1435,2572.0
Neo_Beads_CGGCTCTTTACC,Neo_Beads,Neonatal_Beads,10,Schwann cells,1197,3957.0
Neo_Beads_ACCCGGGAGCTT,Neo_Beads,Neonatal_Beads,2,Schwann cells,1537,2688.0
Neo_Beads_GTTCTAAGCATG,Neo_Beads,Neonatal_Beads,2,Schwann cells,1595,2705.0
Neo_Beads_AGCCATTAATAC,Neo_Beads,Neonatal_Beads,3,Mesenchymal cells,1276,2594.0
Neo_Beads_GGGCGCTGGAAT,Neo_Beads,Neonatal_Beads,4,Endothelial cells,1993,4434.0
Neo_Beads_CTCACTGCCTCC,Neo_Beads,Neonatal_Beads,0,Mesenchymal cells,1635,2943.0
Neo_Beads_GGCCAGTGACAA,Neo_Beads,Neonatal_Beads,2,Schwann cells,1429,2321.0
Neo_Beads_GGTTACATCTAA,Neo_Beads,Neonatal_Beads,15,Macrophages,1460,2398.0
Neo_Beads_CAAGCGAGACCA,Neo_Beads,Neonatal_Beads,9,Schwann cells,1180,1952.0
Neo_Beads_TCGTCTTACCCC,Neo_Beads,Neonatal_Beads,13,Endothelial cells,1615,3382.0
Neo_Beads_TTCTCCAAACAA,Neo_Beads,Neonatal_Beads,3,Mesenchymal cells,748,1731.0
Neo_Beads_GGCGTCGAACGA,Neo_Beads,Neonatal_Beads,7,Pericytes/VSM,1497,2628.0
Neo_Beads_ATCCTCCGCTTC,Neo_Beads,Neonatal_Beads,6,Endothelial cells,1311,2035.0
Neo_Beads_GTACAACTGAGT,Neo_Beads,Neonatal_Beads,7,Pericytes/VSM,1733,2944.0
Neo_Beads_GTCGTTTATCAA,Neo_Beads,Neonatal_Beads,13,Endothelial cells,1508,3059.0
Neo_Beads_TGGAACATTTCA,Neo_Beads,Neonatal_Beads,12,Schwann cells,1336,2285.0
Neo_Beads_TCTTAGTGGTAT,Neo_Beads,Neonatal_Beads,10,Schwann cells,1493,2465.0
Neo_Beads_TATCCCAATCGC,Neo_Beads,Neonatal_Beads,2,Schwann cells,1596,2909.0
Neo_Beads_AGCGATTAATGT,Neo_Beads,Neonatal_Beads,13,Endothelial cells,1471,2522.0
Neo_Beads_TGAACTGCACGA,Neo_Beads,Neonatal_Beads,3,Mesenchymal cells,1497,3034.0
Neo_Beads_TCGATTCGACTC,Neo_Beads,Neonatal_Beads,3,Mesenchymal cells,1318,2585.0
Neo_Beads_CGGCGAGAAACC,Neo_Beads,Neonatal_Beads,7,Pericytes/VSM,1325,2468.0
Neo_Beads_ACCACTGAATTC,Neo_Beads,Neonatal_Beads,13,Endothelial cells,1446,2628.0
Neo_Beads_ATGATCACATTT,Neo_Beads,Neonatal_Beads,7,Pericytes/VSM,1297,2344.0
Neo_Beads_CGTGGTTGGCCA,Neo_Beads,Neonatal_Beads,3,Mesenchymal cells,1366,2691.0
Neo_Beads_CTTCTGTTGACC,Neo_Beads,Neonatal_Beads,1,Mesenchymal cells,1388,2891.0
Neo_Beads_TGCGCTTCGTTT,Neo_Beads,Neonatal_Beads,3,Mesenchymal cells,1377,2808.0
Neo_Beads_TCCCATCACGTC,Neo_Beads,Neonatal_Beads,2,Schwann cells,1594,2882.0
Neo_Beads_AGTGGACGCTCT,Neo_Beads,Neonatal_Beads,2,Schwann cells,1669,3083.0
Neo_Beads_CCCCGTGCTTGG,Neo_Beads,Neonatal_Beads,7,Pericytes/VSM,1366,2549.0
Neo_Beads_AACCGGTGGTGT,Neo_Beads,Neonatal_Beads,6,Endothelial cells,1589,2828.0
Neo_Beads_TACTCCCACCGT,Neo_Beads,Neonatal_Beads,2,Schwann cells,1488,2565.0
Neo_Beads_GGTTCGCACGGC,Neo_Beads,Neonatal_Beads,13,Endothelial cells,1539,3353.0
Neo_Beads_GTCCGTTCTCGA,Neo_Beads,Neonatal_Beads,3,Mesenchymal cells,1575,3520.0
Neo_Beads_TCGGAACGGCGA,Neo_Beads,Neonatal_Beads,0,Mesenchymal cells,1422,2453.0
Neo_Beads_CGTTCCCGATAC,Neo_Beads,Neonatal_Beads,13,Endothelial cells,1464,2751.0
Neo_Beads_GTTAGTTGTGTC,Neo_Beads,Neonatal_Beads,5,Endothelial cells,1361,2524.0
Neo_Beads_AACTCGCAAATG,Neo_Beads,Neonatal_Beads,10,Schwann cells,1413,2448.0
Neo_Beads_AGAATCGGGTCG,Neo_Beads,Neonatal_Beads,3,Mesenchymal cells,1254,2557.0
Neo_Beads_AATCTTATCTGT,Neo_Beads,Neonatal_Beads,10,Schwann cells,1495,2731.0
Neo_Beads_CCGCCAGGCCCC,Neo_Beads,Neonatal_Beads,9,Schwann cells,1642,3814.0
Neo_Beads_GCCGTGCAGTTT,Neo_Beads,Neonatal_Beads,10,Schwann cells,1441,2631.0
Neo_Beads_ATAGTTGCGGAA,Neo_Beads,Neonatal_Beads,7,Pericytes/VSM,1391,2602.0
Neo_Beads_CCCTCCCAGCGC,Neo_Beads,Neonatal_Beads,9,Schwann cells,1217,1944.0
Neo_Beads_CGTAGGAATTTA,Neo_Beads,Neonatal_Beads,10,Schwann cells,1255,2109.0
Neo_Beads_CAAGTTAACAAG,Neo_Beads,Neonatal_Beads,6,Endothelial cells,1182,1936.0
Neo_Beads_GTCTGAATGTGG,Neo_Beads,Neonatal_Beads,10,Schwann cells,1341,2288.0
Neo_Beads_GCCTTTTCAAAG,Neo_Beads,Neonatal_Beads,7,Pericytes/VSM,1240,1976.0
Neo_Beads_TTTTCATCGGCT,Neo_Beads,Neonatal_Beads,4,Endothelial cells,1463,2744.0
Neo_Beads_GTTCATACTCGT,Neo_Beads,Neonatal_Beads,9,Schwann cells,1415,2372.0
Neo_Beads_CCGCTCTCCATA,Neo_Beads,Neonatal_Beads,0,Mesenchymal cells,979,2209.0
Neo_Beads_TGTTGCATGAAG,Neo_Beads,Neonatal_Beads,2,Schwann cells,1727,3108.0
Neo_Beads_ATGGAATGGTTC,Neo_Beads,Neonatal_Beads,5,Endothelial cells,1654,2946.0
Neo_Beads_GAACTGTGAGCT,Neo_Beads,Neonatal_Beads,12,Schwann cells,1198,2276.0
Neo_Beads_GTCCACCGTTTT,Neo_Beads,Neonatal_Beads,10,Schwann cells,1380,2404.0
Neo_Beads_GTCTCTCCGCCC,Neo_Beads,Neonatal_Beads,12,Schwann cells,1696,3516.0
Neo_Beads_ATCGCGCGTTAG,Neo_Beads,Neonatal_Beads,2,Schwann cells,1474,2431.0
Neo_Beads_CTAATTAACCCC,Neo_Beads,Neonatal_Beads,10,Schwann cells,1405,2292.0
Neo_Beads_AACCTGCGTCTG,Neo_Beads,Neonatal_Beads,13,Endothelial cells,1470,2861.0
Neo_Beads_GGATGACTACGC,Neo_Beads,Neonatal_Beads,5,Endothelial cells,1561,2578.0
Neo_Beads_ACCCGCCCTGGC,Neo_Beads,Neonatal_Beads,9,Schwann cells,1751,3963.0
Neo_Beads_TTGTGAGTTAGT,Neo_Beads,Neonatal_Beads,6,Endothelial cells,1406,2380.0
Neo_Beads_GTTGGGTTAGCC,Neo_Beads,Neonatal_Beads,6,Endothelial cells,1753,3287.0
Neo_Beads_CTCGACACCGCC,Neo_Beads,Neonatal_Beads,2,Schwann cells,1437,2502.0
Neo_Beads_GCCCAAAACGTA,Neo_Beads,Neonatal_Beads,12,Schwann cells,1338,2472.0
Neo_Beads_AGAAAAATTGAT,Neo_Beads,Neonatal_Beads,3,Mesenchymal cells,1223,2182.0
Neo_Beads_GACTTGCTCTCT,Neo_Beads,Neonatal_Beads,10,Schwann cells,1366,2462.0
Neo_Beads_TCCCAGGGGCGC,Neo_Beads,Neonatal_Beads,6,Endothelial cells,1725,3349.0
Neo_Beads_GTAGGTGCCGGT,Neo_Beads,Neonatal_Beads,10,Schwann cells,1422,2645.0
Neo_Beads_GCATCTAAATCA,Neo_Beads,Neonatal_Beads,2,Schwann cells,1328,2131.0
Neo_Beads_AATTTTCGGCAC,Neo_Beads,Neonatal_Beads,9,Schwann cells,1467,2700.0
Neo_Beads_GGGATACTTAGG,Neo_Beads,Neonatal_Beads,4,Endothelial cells,1824,3408.0
Neo_Beads_AGTCACACTATT,Neo_Beads,Neonatal_Beads,10,Schwann cells,1367,2395.0
Neo_Beads_CCGACGTCTTAG,Neo_Beads,Neonatal_Beads,0,Mesenchymal cells,1146,2215.0
Neo_Beads_AAGTAAGTAAGC,Neo_Beads,Neonatal_Beads,9,Schwann cells,1140,1863.0
Neo_Beads_ATTCTTGATAGT,Neo_Beads,Neonatal_Beads,9,Schwann cells,1305,2073.0
Neo_Beads_ACGCAAGGAGTT,Neo_Beads,Neonatal_Beads,3,Mesenchymal cells,1289,2429.0
Neo_Beads_CCGAAAAATTAT,Neo_Beads,Neonatal_Beads,12,Schwann cells,1280,2073.0
Neo_Beads_CTCATCAGTGGA,Neo_Beads,Neonatal_Beads,0,Mesenchymal cells,1363,2522.0
Neo_Beads_TCGTGTATCACG,Neo_Beads,Neonatal_Beads,0,Mesenchymal cells,1334,2545.0
Neo_Beads_TGGCGTCAATAT,Neo_Beads,Neonatal_Beads,4,Endothelial cells,1589,2991.0
Neo_Beads_TCCTAAGCCGTA,Neo_Beads,Neonatal_Beads,13,Endothelial cells,1321,2274.0
Neo_Beads_GTCGTGTATCAT,Neo_Beads,Neonatal_Beads,3,Mesenchymal cells,1484,3029.0
Neo_Beads_ATCTATTTAGAN,Neo_Beads,Neonatal_Beads,2,Schwann cells,1594,2653.0
Neo_Beads_CTTCCCCCCATT,Neo_Beads,Neonatal_Beads,10,Schwann cells,1358,2349.0
Neo_Beads_AGAACTAGATTG,Neo_Beads,Neonatal_Beads,5,Endothelial cells,1549,2745.0
Neo_Beads_TCCTGTAAGCAT,Neo_Beads,Neonatal_Beads,2,Schwann cells,1575,2676.0
Neo_Beads_GCATGAGGTCCA,Neo_Beads,Neonatal_Beads,7,Pericytes/VSM,1351,2464.0
Neo_Beads_TGTCAATCTTCA,Neo_Beads,Neonatal_Beads,10,Schwann cells,1342,2390.0
Neo_Beads_AACACACAGAAA,Neo_Beads,Neonatal_Beads,16,Mast cells,928,2008.0
Neo_Beads_CTAACGTCCTAA,Neo_Beads,Neonatal_Beads,2,Schwann cells,1372,2567.0
Neo_Beads_CTTTCCGATTTG,Neo_Beads,Neonatal_Beads,3,Mesenchymal cells,1247,2704.0
Neo_Beads_CGTATCCCCGTG,Neo_Beads,Neonatal_Beads,3,Mesenchymal cells,1273,2469.0
Neo_Beads_AATTCGTTAAGG,Neo_Beads,Neonatal_Beads,2,Schwann cells,1335,2321.0
Neo_Beads_CGTCGACTGGGG,Neo_Beads,Neonatal_Beads,7,Pericytes/VSM,1249,2184.0
Neo_Beads_CTTGGCAGGTCA,Neo_Beads,Neonatal_Beads,9,Schwann cells,1232,2087.0
Neo_Beads_GTAGACAGATAG,Neo_Beads,Neonatal_Beads,13,Endothelial cells,1419,2490.0
Neo_Beads_ATGAGCGTGTTC,Neo_Beads,Neonatal_Beads,2,Schwann cells,1709,3314.0
Neo_Beads_TCCGACTCACAT,Neo_Beads,Neonatal_Beads,3,Mesenchymal cells,1374,2767.0
Neo_Beads_ACTTACTCGGCG,Neo_Beads,Neonatal_Beads,5,Endothelial cells,1313,1998.0
Neo_Beads_CGTACCAGTCTA,Neo_Beads,Neonatal_Beads,10,Schwann cells,1484,2487.0
Neo_Beads_CATTTGACAACG,Neo_Beads,Neonatal_Beads,2,Schwann cells,1499,2670.0
Neo_Beads_ACCTCTCTTGCC,Neo_Beads,Neonatal_Beads,6,Endothelial cells,1578,3083.0
Neo_Beads_GCTGCCCGTTGT,Neo_Beads,Neonatal_Beads,3,Mesenchymal cells,1544,3790.0
Neo_Beads_TTACGATGTTTC,Neo_Beads,Neonatal_Beads,12,Schwann cells,1233,2166.0
Neo_Beads_AATGGCCGATGT,Neo_Beads,Neonatal_Beads,3,Mesenchymal cells,1467,3132.0
Neo_Beads_ATATCAATCGGG,Neo_Beads,Neonatal_Beads,3,Mesenchymal cells,1273,2205.0
Neo_Beads_CGTCTTGAGTCC,Neo_Beads,Neonatal_Beads,6,Endothelial cells,1514,2798.0
Neo_Beads_CAGCAGCCAGCT,Neo_Beads,Neonatal_Beads,2,Schwann cells,1468,2491.0
Neo_Beads_CTATCATGCGTG,Neo_Beads,Neonatal_Beads,2,Schwann cells,1488,2716.0
Neo_Beads_TGCCCATCATAG,Neo_Beads,Neonatal_Beads,13,Endothelial cells,1188,2142.0
Neo_Beads_TTAACGGAAACC,Neo_Beads,Neonatal_Beads,6,Endothelial cells,1313,2290.0
Neo_Beads_AGAGAAGAAAGC,Neo_Beads,Neonatal_Beads,10,Schwann cells,1460,2422.0
Neo_Beads_GGTCGGCCTTTC,Neo_Beads,Neonatal_Beads,2,Schwann cells,1653,2996.0
Neo_Beads_CTCTGATTCAAC,Neo_Beads,Neonatal_Beads,9,Schwann cells,1595,2824.0
Neo_Beads_GTCTCGAGGCGT,Neo_Beads,Neonatal_Beads,3,Mesenchymal cells,1621,3431.0
Neo_Beads_TTGTTGCGCGTG,Neo_Beads,Neonatal_Beads,0,Mesenchymal cells,1216,2870.0
Neo_Beads_GATCGTGCAGCA,Neo_Beads,Neonatal_Beads,7,Pericytes/VSM,1552,3122.0
Neo_Beads_GGCTAATACCAA,Neo_Beads,Neonatal_Beads,2,Schwann cells,1433,2308.0
Neo_Beads_AGCGCAAAAGTG,Neo_Beads,Neonatal_Beads,2,Schwann cells,1432,2497.0
Neo_Beads_TGGGTTCATCCA,Neo_Beads,Neonatal_Beads,12,Schwann cells,1431,2721.0
Neo_Beads_CTTGTCCGAAGG,Neo_Beads,Neonatal_Beads,6,Endothelial cells,1430,2876.0
Neo_Beads_TGGAAGCACGCT,Neo_Beads,Neonatal_Beads,2,Schwann cells,1321,2022.0
Neo_Beads_CCCGTTTAGTAA,Neo_Beads,Neonatal_Beads,0,Mesenchymal cells,1333,2568.0
Neo_Beads_GTACTCTCTTAA,Neo_Beads,Neonatal_Beads,12,Schwann cells,1347,2486.0
Neo_Beads_AGTCCATCATGC,Neo_Beads,Neonatal_Beads,2,Schwann cells,1532,2528.0
Neo_Beads_GGTCAGATTTTT,Neo_Beads,Neonatal_Beads,13,Endothelial cells,1109,2033.0
Neo_Beads_ATCCAACAATAT,Neo_Beads,Neonatal_Beads,2,Schwann cells,1377,2256.0
Neo_Beads_CTAGACCGAGGG,Neo_Beads,Neonatal_Beads,2,Schwann cells,1577,2651.0
Neo_Beads_TACCGGTCTACA,Neo_Beads,Neonatal_Beads,7,Pericytes/VSM,1434,2545.0
Neo_Beads_TTTTAACTAAGA,Neo_Beads,Neonatal_Beads,2,Schwann cells,1197,1814.0
Neo_Beads_TTTCTGTCCCAG,Neo_Beads,Neonatal_Beads,9,Schwann cells,1348,2179.0
Neo_Beads_ACGATCCATCGG,Neo_Beads,Neonatal_Beads,4,Endothelial cells,1440,2852.0
Neo_Beads_TAAAAGAGATGA,Neo_Beads,Neonatal_Beads,10,Schwann cells,1266,2008.0
Neo_Beads_TTAGGGCTCTTG,Neo_Beads,Neonatal_Beads,6,Endothelial cells,1259,2211.0
Neo_Beads_CCATGCTGCTGG,Neo_Beads,Neonatal_Beads,3,Mesenchymal cells,1285,2865.0
Neo_Beads_GTAGACCACACC,Neo_Beads,Neonatal_Beads,13,Endothelial cells,1641,3241.0
Neo_Beads_TGTCATTAGCTC,Neo_Beads,Neonatal_Beads,4,Endothelial cells,1372,2740.0
Neo_Beads_TCTAATGTCGCT,Neo_Beads,Neonatal_Beads,2,Schwann cells,1644,2983.0
Neo_Beads_CAAAGGATTGGT,Neo_Beads,Neonatal_Beads,2,Schwann cells,1237,1918.0
Neo_Beads_CCCTCTACTTCA,Neo_Beads,Neonatal_Beads,9,Schwann cells,1195,1974.0
Neo_Beads_CGGGACTATGGT,Neo_Beads,Neonatal_Beads,1,Mesenchymal cells,1462,2755.0
Neo_Beads_GAACCGACTATA,Neo_Beads,Neonatal_Beads,13,Endothelial cells,1427,2687.0
Neo_Beads_CGTTTCGTCCGT,Neo_Beads,Neonatal_Beads,9,Schwann cells,1381,2615.0
Neo_Beads_AACCAGGACAAA,Neo_Beads,Neonatal_Beads,10,Schwann cells,1295,2196.0
Neo_Beads_TCCGTTGCGGAG,Neo_Beads,Neonatal_Beads,10,Schwann cells,1561,3014.0
Neo_Beads_GCTTCATTCCCT,Neo_Beads,Neonatal_Beads,6,Endothelial cells,1495,2706.0
Neo_Beads_TACCCGTCCCGC,Neo_Beads,Neonatal_Beads,10,Schwann cells,1557,3084.0
Neo_Beads_CGTGTGCCTCTG,Neo_Beads,Neonatal_Beads,10,Schwann cells,1405,2457.0
Neo_Beads_GGCTAACATGAC,Neo_Beads,Neonatal_Beads,10,Schwann cells,1423,2536.0
Neo_Beads_AGGCGCTGGACG,Neo_Beads,Neonatal_Beads,9,Schwann cells,1735,3411.0
Neo_Beads_CGATTAGCCTAA,Neo_Beads,Neonatal_Beads,2,Schwann cells,1443,2524.0
Neo_Beads_GAGTCGTCATGA,Neo_Beads,Neonatal_Beads,2,Schwann cells,1476,2640.0
Neo_Beads_CCATTTCTTCAA,Neo_Beads,Neonatal_Beads,2,Schwann cells,1446,2455.0
Neo_Beads_ATCCATCAACTT,Neo_Beads,Neonatal_Beads,10,Schwann cells,1252,2163.0
Neo_Beads_TAAAACCTTCCA,Neo_Beads,Neonatal_Beads,2,Schwann cells,1275,2050.0
Neo_Beads_ACTTTTGGATCT,Neo_Beads,Neonatal_Beads,7,Pericytes/VSM,1174,1984.0
Neo_Beads_GAATTCTGTGCC,Neo_Beads,Neonatal_Beads,4,Endothelial cells,1442,2610.0
Neo_Beads_AACACGTATCAT,Neo_Beads,Neonatal_Beads,10,Schwann cells,1350,2256.0
Neo_Beads_CCCCTACAACCC,Neo_Beads,Neonatal_Beads,12,Schwann cells,1575,3144.0
Neo_Beads_GGACACCGGCTT,Neo_Beads,Neonatal_Beads,10,Schwann cells,1377,2276.0
Neo_Beads_CCTGCCGTTTCC,Neo_Beads,Neonatal_Beads,2,Schwann cells,1507,2724.0
Neo_Beads_ATGTACCCCACT,Neo_Beads,Neonatal_Beads,2,Schwann cells,1691,3117.0
Neo_Beads_CGGCCCTGACGC,Neo_Beads,Neonatal_Beads,3,Mesenchymal cells,1541,3515.0
Neo_Beads_TTCCCCTGCCCC,Neo_Beads,Neonatal_Beads,2,Schwann cells,1837,3919.0
Neo_Beads_AACAAATGGTTC,Neo_Beads,Neonatal_Beads,9,Schwann cells,1173,1997.0
Neo_Beads_CTACTGTCTAAG,Neo_Beads,Neonatal_Beads,3,Mesenchymal cells,1460,3008.0
Neo_Beads_CGTCGAATTCTA,Neo_Beads,Neonatal_Beads,5,Endothelial cells,1428,2435.0
Neo_Beads_ACCCGTTGAAGG,Neo_Beads,Neonatal_Beads,3,Mesenchymal cells,1173,2168.0
Neo_Beads_GGGCTTTCTTTG,Neo_Beads,Neonatal_Beads,3,Mesenchymal cells,1217,2601.0
Neo_Beads_TGGAAATCTCTA,Neo_Beads,Neonatal_Beads,2,Schwann cells,1130,1920.0
Neo_Beads_CTATACGGAGAC,Neo_Beads,Neonatal_Beads,2,Schwann cells,1474,2547.0
Neo_Beads_AAGTACGGCAAG,Neo_Beads,Neonatal_Beads,4,Endothelial cells,1365,2222.0
Neo_Beads_TAATCATCCTAA,Neo_Beads,Neonatal_Beads,0,Mesenchymal cells,1274,2259.0
Neo_Beads_CTTTCTCAATTA,Neo_Beads,Neonatal_Beads,13,Endothelial cells,1192,2416.0
Neo_Beads_CCCCTAGTTTAT,Neo_Beads,Neonatal_Beads,10,Schwann cells,1401,2367.0
Neo_Beads_TACCGGATATCC,Neo_Beads,Neonatal_Beads,6,Endothelial cells,1502,2851.0
Neo_Beads_CTTATGGCACTA,Neo_Beads,Neonatal_Beads,9,Schwann cells,1228,2137.0
Neo_Beads_AGAGGAACATCA,Neo_Beads,Neonatal_Beads,0,Mesenchymal cells,1324,2575.0
Neo_Beads_ACTGTCTCGGGA,Neo_Beads,Neonatal_Beads,9,Schwann cells,1410,2195.0
Neo_Beads_ATGTCCATACAT,Neo_Beads,Neonatal_Beads,3,Mesenchymal cells,1236,2246.0
Neo_Beads_ACGTGGACGTGG,Neo_Beads,Neonatal_Beads,13,Endothelial cells,1092,2292.0
Neo_Beads_ATCGGCAATTTC,Neo_Beads,Neonatal_Beads,4,Endothelial cells,1289,2369.0
Neo_Beads_CCTTAGTAGGAC,Neo_Beads,Neonatal_Beads,3,Mesenchymal cells,1328,2503.0
Neo_Beads_CCTACAAAGGAT,Neo_Beads,Neonatal_Beads,2,Schwann cells,1479,2449.0
Neo_Beads_CGCGTGGTTTGG,Neo_Beads,Neonatal_Beads,13,Endothelial cells,1540,2869.0
Neo_Beads_CGGTAAACATTG,Neo_Beads,Neonatal_Beads,9,Schwann cells,1315,2081.0
Neo_Beads_TGTGAAAAGGTT,Neo_Beads,Neonatal_Beads,2,Schwann cells,1335,2151.0
Neo_Beads_TCCTTCAATGTT,Neo_Beads,Neonatal_Beads,9,Schwann cells,1211,1997.0
Neo_Beads_CTCCGATGATAA,Neo_Beads,Neonatal_Beads,9,Schwann cells,1029,1675.0
Neo_Beads_AGTTGATGCCAG,Neo_Beads,Neonatal_Beads,2,Schwann cells,1399,2024.0
Neo_Beads_TCCAAGGTAGTT,Neo_Beads,Neonatal_Beads,10,Schwann cells,1270,2065.0
Neo_Beads_CACGCGGCACTA,Neo_Beads,Neonatal_Beads,12,Schwann cells,1462,2683.0
Neo_Beads_AGCCGCCCTGGG,Neo_Beads,Neonatal_Beads,3,Mesenchymal cells,1463,3303.0
Neo_Beads_TACTTGCCATTA,Neo_Beads,Neonatal_Beads,12,Schwann cells,1412,2494.0
Neo_Beads_GTGGACATTCTC,Neo_Beads,Neonatal_Beads,3,Mesenchymal cells,1255,2831.0
Neo_Beads_GGTTGCGCCGGG,Neo_Beads,Neonatal_Beads,4,Endothelial cells,1502,2821.0
Neo_Beads_CCCGTATAAGTG,Neo_Beads,Neonatal_Beads,10,Schwann cells,1554,2859.0
Neo_Beads_CGGGATCGAAAA,Neo_Beads,Neonatal_Beads,4,Endothelial cells,1371,2679.0
Neo_Beads_GCCCCGGTATCA,Neo_Beads,Neonatal_Beads,10,Schwann cells,1451,2696.0
Neo_Beads_CTGGCGTATAAT,Neo_Beads,Neonatal_Beads,4,Endothelial cells,1040,2122.0
Neo_Beads_GGGGAGTCTGAA,Neo_Beads,Neonatal_Beads,2,Schwann cells,1437,2373.0
Neo_Beads_CGTTACCATCCG,Neo_Beads,Neonatal_Beads,3,Mesenchymal cells,1229,2223.0
Neo_Beads_TTGGGTTTTTGA,Neo_Beads,Neonatal_Beads,2,Schwann cells,1372,2214.0
Neo_Beads_GCTCCTCGATGT,Neo_Beads,Neonatal_Beads,7,Pericytes/VSM,1395,2885.0
Neo_Beads_GTCACGCCTTAA,Neo_Beads,Neonatal_Beads,13,Endothelial cells,1066,2102.0
Neo_Beads_ATATCCCGAATA,Neo_Beads,Neonatal_Beads,10,Schwann cells,1384,2191.0
Neo_Beads_ACCGATAGTTCC,Neo_Beads,Neonatal_Beads,3,Mesenchymal cells,1390,2691.0
Neo_Beads_GGTGGCACATAG,Neo_Beads,Neonatal_Beads,2,Schwann cells,1600,2897.0
Neo_Beads_ACTTCAATATAC,Neo_Beads,Neonatal_Beads,2,Schwann cells,1504,2400.0
Neo_Beads_CGTGCGTTCTCA,Neo_Beads,Neonatal_Beads,7,Pericytes/VSM,1446,2582.0
Neo_Beads_GCCACTGAGGTT,Neo_Beads,Neonatal_Beads,9,Schwann cells,1386,2402.0
Neo_Beads_ACATCGTGCGTC,Neo_Beads,Neonatal_Beads,2,Schwann cells,1499,2586.0
Neo_Beads_TCTCTATCACAG,Neo_Beads,Neonatal_Beads,9,Schwann cells,1346,2238.0
Neo_Beads_GAATACCGGCTT,Neo_Beads,Neonatal_Beads,7,Pericytes/VSM,1048,1870.0
Neo_Beads_CAGCGACTTGAC,Neo_Beads,Neonatal_Beads,6,Endothelial cells,1370,2671.0
Neo_Beads_GGCACCCCATCG,Neo_Beads,Neonatal_Beads,9,Schwann cells,1305,2232.0
Neo_Beads_GTCACTGGCGGG,Neo_Beads,Neonatal_Beads,12,Schwann cells,1433,2473.0
Neo_Beads_TCGTCGCATTAT,Neo_Beads,Neonatal_Beads,0,Mesenchymal cells,1305,2241.0
Neo_Beads_TATTAGCCCCTC,Neo_Beads,Neonatal_Beads,3,Mesenchymal cells,1417,2869.0
Neo_Beads_AACTTACGTGGA,Neo_Beads,Neonatal_Beads,4,Endothelial cells,1372,2486.0
Neo_Beads_TCGATGCTTCTA,Neo_Beads,Neonatal_Beads,2,Schwann cells,1305,2072.0
Neo_Beads_TTACGCCGTCAC,Neo_Beads,Neonatal_Beads,10,Schwann cells,1201,2036.0
Neo_Beads_GGGATGTCTGGG,Neo_Beads,Neonatal_Beads,12,Schwann cells,1675,3455.0
Neo_Beads_AACTGTGGATTA,Neo_Beads,Neonatal_Beads,2,Schwann cells,1351,2116.0
Neo_Beads_GACACCCTGCAC,Neo_Beads,Neonatal_Beads,2,Schwann cells,1462,2618.0
Neo_Beads_CAACCAACGTCA,Neo_Beads,Neonatal_Beads,13,Endothelial cells,1127,1981.0
Neo_Beads_GAATTTCGATCC,Neo_Beads,Neonatal_Beads,2,Schwann cells,1199,2067.0
Neo_Beads_CGGCCGCGCAGG,Neo_Beads,Neonatal_Beads,12,Schwann cells,1559,3324.0
Neo_Beads_ATGTTGGAACCA,Neo_Beads,Neonatal_Beads,4,Endothelial cells,1303,2964.0
Neo_Beads_CCTACGTGTCTA,Neo_Beads,Neonatal_Beads,0,Mesenchymal cells,1051,2466.0
Neo_Beads_TCCATTCAAAAA,Neo_Beads,Neonatal_Beads,2,Schwann cells,1268,2014.0
Neo_Beads_CCGTTTATGGAA,Neo_Beads,Neonatal_Beads,3,Mesenchymal cells,1288,2572.0
Neo_Beads_CCCGGACACATG,Neo_Beads,Neonatal_Beads,0,Mesenchymal cells,1124,2397.0
Neo_Beads_AGACACAGAAGT,Neo_Beads,Neonatal_Beads,5,Endothelial cells,1248,2109.0
Neo_Beads_GCGAGTTCGGTG,Neo_Beads,Neonatal_Beads,2,Schwann cells,1391,2255.0
Neo_Beads_GTAGAATTAACA,Neo_Beads,Neonatal_Beads,7,Pericytes/VSM,1138,1967.0
Neo_Beads_GGTGGTGAAGGT,Neo_Beads,Neonatal_Beads,0,Mesenchymal cells,1426,2685.0
Neo_Beads_TGTCGTGCGTAT,Neo_Beads,Neonatal_Beads,6,Endothelial cells,1226,1987.0
Neo_Beads_CGGAAATCGCAA,Neo_Beads,Neonatal_Beads,13,Endothelial cells,1240,2151.0
Neo_Beads_TGTTCTTCCGTC,Neo_Beads,Neonatal_Beads,13,Endothelial cells,1232,2072.0
Neo_Beads_TGGGGTATTTTT,Neo_Beads,Neonatal_Beads,12,Schwann cells,1571,2922.0
Neo_Beads_CTGTGAAGACGG,Neo_Beads,Neonatal_Beads,10,Schwann cells,1245,2058.0
Neo_Beads_CATGCTCTTGTG,Neo_Beads,Neonatal_Beads,7,Pericytes/VSM,1198,2105.0
Neo_Beads_CATGCGGACTCG,Neo_Beads,Neonatal_Beads,13,Endothelial cells,1247,2257.0
Neo_Beads_GTTCCCCACATG,Neo_Beads,Neonatal_Beads,9,Schwann cells,1348,2294.0
Neo_Beads_CCATTCGTCGCG,Neo_Beads,Neonatal_Beads,9,Schwann cells,1267,2238.0
Neo_Beads_GAAAACCTAGTG,Neo_Beads,Neonatal_Beads,5,Endothelial cells,1344,2112.0
Neo_Beads_AGTGACCAGCGT,Neo_Beads,Neonatal_Beads,10,Schwann cells,1259,2127.0
Neo_Beads_CAGCAAATAGGT,Neo_Beads,Neonatal_Beads,2,Schwann cells,1359,2239.0
Neo_Beads_TGAACATGCGTA,Neo_Beads,Neonatal_Beads,2,Schwann cells,1372,2517.0
Neo_Beads_ACCTTACCAGAT,Neo_Beads,Neonatal_Beads,0,Mesenchymal cells,1349,2316.0
Neo_Beads_GCCCCAATTTAT,Neo_Beads,Neonatal_Beads,13,Endothelial cells,1355,2362.0
Neo_Beads_CTGCCAGTTACC,Neo_Beads,Neonatal_Beads,2,Schwann cells,1557,2998.0
Neo_Beads_TAATAACCAGAC,Neo_Beads,Neonatal_Beads,0,Mesenchymal cells,1180,2152.0
Neo_Beads_GAAACACGAGAC,Neo_Beads,Neonatal_Beads,9,Schwann cells,1242,1957.0
Neo_Beads_GTCGTGAATGTC,Neo_Beads,Neonatal_Beads,12,Schwann cells,1279,2238.0
Neo_Beads_CAGAATAGGGCT,Neo_Beads,Neonatal_Beads,2,Schwann cells,1311,2028.0
Neo_Beads_GTATCGGTCAAC,Neo_Beads,Neonatal_Beads,7,Pericytes/VSM,1213,1961.0
Neo_Beads_GAGACTATTAGT,Neo_Beads,Neonatal_Beads,9,Schwann cells,1242,2091.0
Neo_Beads_GTTCGCCGACCC,Neo_Beads,Neonatal_Beads,13,Endothelial cells,1654,3270.0
Neo_Beads_GTATTGGAGTCA,Neo_Beads,Neonatal_Beads,13,Endothelial cells,1173,1996.0
Neo_Beads_GTGGACTTGCTC,Neo_Beads,Neonatal_Beads,9,Schwann cells,1240,1988.0
Neo_Beads_ATCTCAACGGTT,Neo_Beads,Neonatal_Beads,9,Schwann cells,1352,2163.0
Neo_Beads_GACTAAGTGCCC,Neo_Beads,Neonatal_Beads,10,Schwann cells,1423,2774.0
Neo_Beads_GTTGGCCGGGTC,Neo_Beads,Neonatal_Beads,3,Mesenchymal cells,1228,2366.0
Neo_Beads_GCGGACCAGCCC,Neo_Beads,Neonatal_Beads,7,Pericytes/VSM,1398,3046.0
Neo_Beads_TTACTATACTCC,Neo_Beads,Neonatal_Beads,9,Schwann cells,1434,2343.0
Neo_Beads_CACCGCCTTTAA,Neo_Beads,Neonatal_Beads,9,Schwann cells,1313,2077.0
Neo_Beads_GAAAAGACCTCA,Neo_Beads,Neonatal_Beads,10,Schwann cells,1271,2051.0
Neo_Beads_CGTCGGCTACCG,Neo_Beads,Neonatal_Beads,6,Endothelial cells,1178,1884.0
Neo_Beads_ATGAAGTTATTG,Neo_Beads,Neonatal_Beads,9,Schwann cells,1269,2121.0
Neo_Beads_AGCCATTGATTG,Neo_Beads,Neonatal_Beads,10,Schwann cells,1259,2039.0
Neo_Beads_TTGCGTATTTTT,Neo_Beads,Neonatal_Beads,13,Endothelial cells,1328,2389.0
Neo_Beads_GGTTCCTGGCCC,Neo_Beads,Neonatal_Beads,9,Schwann cells,1357,2137.0
Neo_Beads_TAGGTCAAACAT,Neo_Beads,Neonatal_Beads,2,Schwann cells,1594,2730.0
Neo_Beads_GATCCGTTGCGA,Neo_Beads,Neonatal_Beads,0,Mesenchymal cells,863,1917.0
Neo_Beads_CGTATGAGTCGT,Neo_Beads,Neonatal_Beads,10,Schwann cells,1336,2503.0
Neo_Beads_GTTCAAGTACCA,Neo_Beads,Neonatal_Beads,2,Schwann cells,1339,2199.0
Neo_Beads_CAGATCTCGTTT,Neo_Beads,Neonatal_Beads,13,Endothelial cells,1219,2210.0
Neo_Beads_GCTACCTGGTCA,Neo_Beads,Neonatal_Beads,2,Schwann cells,1430,2597.0
Neo_Beads_CGAATCAGGGCG,Neo_Beads,Neonatal_Beads,2,Schwann cells,1215,1916.0
Neo_Beads_TTACCGGGTAGT,Neo_Beads,Neonatal_Beads,7,Pericytes/VSM,1455,2631.0
Neo_Beads_GGCATTCGTTCC,Neo_Beads,Neonatal_Beads,2,Schwann cells,1542,3008.0
Neo_Beads_TTGTCCGCAGTA,Neo_Beads,Neonatal_Beads,9,Schwann cells,1271,2355.0
Neo_Beads_TTGTCAGTTTCA,Neo_Beads,Neonatal_Beads,3,Mesenchymal cells,1115,2429.0
Neo_Beads_AATTTATTCCCT,Neo_Beads,Neonatal_Beads,9,Schwann cells,1158,1831.0
Neo_Beads_CTGGTCTAGCAA,Neo_Beads,Neonatal_Beads,2,Schwann cells,1293,2128.0
Neo_Beads_TCCACGCGATTT,Neo_Beads,Neonatal_Beads,2,Schwann cells,1343,2237.0
Neo_Beads_CAAAAAGTTTTG,Neo_Beads,Neonatal_Beads,9,Schwann cells,1099,1649.0
Neo_Beads_CACGGCGTAGTG,Neo_Beads,Neonatal_Beads,2,Schwann cells,1490,2554.0
Neo_Beads_AGTACATTAAGC,Neo_Beads,Neonatal_Beads,0,Mesenchymal cells,1185,2676.0
Neo_Beads_GCTAACCCACGC,Neo_Beads,Neonatal_Beads,2,Schwann cells,1393,2435.0
Neo_Beads_TCGTAGCGAGCA,Neo_Beads,Neonatal_Beads,10,Schwann cells,1202,2038.0
Neo_Beads_GTGAAATTGAAA,Neo_Beads,Neonatal_Beads,3,Mesenchymal cells,1175,2385.0
Neo_Beads_CTGCTCGTTCAA,Neo_Beads,Neonatal_Beads,2,Schwann cells,1581,3328.0
Neo_Beads_GCGTAATGGATG,Neo_Beads,Neonatal_Beads,4,Endothelial cells,1188,2268.0
Neo_Beads_ATAACTATCACC,Neo_Beads,Neonatal_Beads,13,Endothelial cells,1201,2077.0
Neo_Beads_AGCATAATGTTC,Neo_Beads,Neonatal_Beads,9,Schwann cells,1190,1973.0
Neo_Beads_CAACTCAGTCTT,Neo_Beads,Neonatal_Beads,9,Schwann cells,1286,2452.0
Neo_Beads_GTAGCTGGAGAC,Neo_Beads,Neonatal_Beads,6,Endothelial cells,1436,2586.0
Neo_Beads_GCCTTGATACTT,Neo_Beads,Neonatal_Beads,2,Schwann cells,1157,2600.0
Neo_Beads_TGTCAGTCACAA,Neo_Beads,Neonatal_Beads,9,Schwann cells,1227,1925.0
Neo_Beads_AAACCTACGCAG,Neo_Beads,Neonatal_Beads,2,Schwann cells,1299,2093.0
Neo_Beads_AATACGCTGAAG,Neo_Beads,Neonatal_Beads,2,Schwann cells,1328,2210.0
Neo_Beads_ACGTCTGATTAG,Neo_Beads,Neonatal_Beads,6,Endothelial cells,1503,2515.0
Neo_Beads_TAGTACAGAGGA,Neo_Beads,Neonatal_Beads,4,Endothelial cells,1487,2524.0
Neo_Beads_CCTACGTCCTGG,Neo_Beads,Neonatal_Beads,10,Schwann cells,1259,2032.0
Neo_Beads_CAAGAGCCATAT,Neo_Beads,Neonatal_Beads,10,Schwann cells,1085,1870.0
Neo_Beads_GCACTACACGCC,Neo_Beads,Neonatal_Beads,9,Schwann cells,1467,2511.0
Neo_Beads_CCAACCGGACGT,Neo_Beads,Neonatal_Beads,2,Schwann cells,1145,1719.0
Neo_Beads_ACTGGCCTGGAA,Neo_Beads,Neonatal_Beads,13,Endothelial cells,1260,2148.0
Neo_Beads_CCCTTCTTACTA,Neo_Beads,Neonatal_Beads,16,Mast cells,998,2171.0
Neo_Beads_TCGACAAAATCG,Neo_Beads,Neonatal_Beads,7,Pericytes/VSM,1079,1864.0
Neo_Beads_CTTTCCCTGTCT,Neo_Beads,Neonatal_Beads,9,Schwann cells,1249,2120.0
Neo_Beads_AGTGCGTCCTTA,Neo_Beads,Neonatal_Beads,0,Mesenchymal cells,1064,2783.0
Neo_Beads_GTGCGCCGTACC,Neo_Beads,Neonatal_Beads,13,Endothelial cells,1351,2541.0
Neo_Beads_CGTTGGATATCT,Neo_Beads,Neonatal_Beads,7,Pericytes/VSM,1218,2236.0
Neo_Beads_CGGGTATCAGTT,Neo_Beads,Neonatal_Beads,7,Pericytes/VSM,1318,2407.0
Neo_Beads_GTAAAACCAAGA,Neo_Beads,Neonatal_Beads,13,Endothelial cells,1237,2132.0
Neo_Beads_CACTGGCAATGC,Neo_Beads,Neonatal_Beads,10,Schwann cells,1098,1740.0
Neo_Beads_GTCCTCACGTTG,Neo_Beads,Neonatal_Beads,6,Endothelial cells,1143,1769.0
Neo_Beads_CTGCTATGTGGT,Neo_Beads,Neonatal_Beads,13,Endothelial cells,1253,1968.0
Neo_Beads_CACGCGCAAATG,Neo_Beads,Neonatal_Beads,12,Schwann cells,1405,2674.0
Neo_Beads_TCCCCATGCCGT,Neo_Beads,Neonatal_Beads,2,Schwann cells,1397,2451.0
Neo_Beads_ACGGACTGGTAC,Neo_Beads,Neonatal_Beads,9,Schwann cells,1325,2241.0
Neo_Beads_GCCAACCGTCCT,Neo_Beads,Neonatal_Beads,2,Schwann cells,1225,2205.0
Neo_Beads_TCACTAAATTTC,Neo_Beads,Neonatal_Beads,3,Mesenchymal cells,894,1637.0
Neo_Beads_ATGGATGGAAGT,Neo_Beads,Neonatal_Beads,2,Schwann cells,1443,2416.0
Neo_Beads_AATTTCCGACGC,Neo_Beads,Neonatal_Beads,9,Schwann cells,1060,1609.0
Neo_Beads_TATACATAACTG,Neo_Beads,Neonatal_Beads,4,Endothelial cells,1427,2571.0
Neo_Beads_CCTCCGCCTGAT,Neo_Beads,Neonatal_Beads,0,Mesenchymal cells,1056,2383.0
Neo_Beads_TCTGAACCCGGC,Neo_Beads,Neonatal_Beads,2,Schwann cells,1388,2604.0
Neo_Beads_TCTAGCATGGCG,Neo_Beads,Neonatal_Beads,7,Pericytes/VSM,1218,2263.0
Neo_Beads_CCCCGTGCTCTT,Neo_Beads,Neonatal_Beads,7,Pericytes/VSM,1230,2065.0
Neo_Beads_TATATTCGCGGT,Neo_Beads,Neonatal_Beads,2,Schwann cells,1311,2078.0
Neo_Beads_TACCCCCCTTCG,Neo_Beads,Neonatal_Beads,2,Schwann cells,1434,2680.0
Neo_Beads_CTCCTCGAACAG,Neo_Beads,Neonatal_Beads,6,Endothelial cells,990,1566.0
Neo_Beads_GGGAAAGACTGC,Neo_Beads,Neonatal_Beads,12,Schwann cells,1371,2501.0
Neo_Beads_CCGTGGGCCTAA,Neo_Beads,Neonatal_Beads,13,Endothelial cells,1319,2510.0
Neo_Beads_TCCTGAATACCC,Neo_Beads,Neonatal_Beads,10,Schwann cells,1271,2337.0
Neo_Beads_GTCCGTCGCCCT,Neo_Beads,Neonatal_Beads,12,Schwann cells,1303,2328.0
Neo_Beads_GTCTAGCCGCCT,Neo_Beads,Neonatal_Beads,10,Schwann cells,1241,2089.0
Neo_Beads_TTAAGCCAGGCA,Neo_Beads,Neonatal_Beads,2,Schwann cells,1194,1848.0
Neo_Beads_CCTCGTTGCTGA,Neo_Beads,Neonatal_Beads,10,Schwann cells,1335,2381.0
Neo_Beads_CGCTCATTTTGA,Neo_Beads,Neonatal_Beads,2,Schwann cells,1283,2096.0
Neo_Beads_CTGAGACGAGCT,Neo_Beads,Neonatal_Beads,10,Schwann cells,1079,1847.0
Neo_Beads_TTGGTTGCACAG,Neo_Beads,Neonatal_Beads,9,Schwann cells,1291,2113.0
Neo_Beads_CCGATGCCCAAG,Neo_Beads,Neonatal_Beads,9,Schwann cells,1125,1959.0
Neo_Beads_CACCAAGCCGAA,Neo_Beads,Neonatal_Beads,7,Pericytes/VSM,1366,2738.0
Neo_Beads_TACTGTGTCTCG,Neo_Beads,Neonatal_Beads,9,Schwann cells,1358,2481.0
Neo_Beads_GGTTCACTTTGT,Neo_Beads,Neonatal_Beads,10,Schwann cells,1177,1850.0
Neo_Beads_GAGGGACCGGCG,Neo_Beads,Neonatal_Beads,2,Schwann cells,1761,3172.0
Neo_Beads_GGTTGGGAGTTG,Neo_Beads,Neonatal_Beads,10,Schwann cells,1276,2048.0
Neo_Beads_GGTACCATAGGC,Neo_Beads,Neonatal_Beads,9,Schwann cells,1516,2551.0
Neo_Beads_GTAGGACAGCAT,Neo_Beads,Neonatal_Beads,2,Schwann cells,1483,2688.0
Neo_Beads_ACAATCTATGTA,Neo_Beads,Neonatal_Beads,2,Schwann cells,1228,1912.0
Neo_Beads_GCCTACCTGACT,Neo_Beads,Neonatal_Beads,0,Mesenchymal cells,1053,2594.0
Neo_Beads_CCGCATAACCTG,Neo_Beads,Neonatal_Beads,10,Schwann cells,1294,2129.0
Neo_Beads_TAAGCGTGCCTC,Neo_Beads,Neonatal_Beads,2,Schwann cells,1446,2774.0
Neo_Beads_GTGTCAACATGG,Neo_Beads,Neonatal_Beads,2,Schwann cells,1336,2190.0
Neo_Beads_GAATGATCCATC,Neo_Beads,Neonatal_Beads,13,Endothelial cells,1052,2154.0
Neo_Beads_CACAACTACATA,Neo_Beads,Neonatal_Beads,0,Mesenchymal cells,992,2287.0
Neo_Beads_CGACGACCGAGT,Neo_Beads,Neonatal_Beads,7,Pericytes/VSM,1507,2681.0
Neo_Beads_ATTTTTTTTAGA,Neo_Beads,Neonatal_Beads,5,Endothelial cells,1242,2078.0
Neo_Beads_TCCCGCACTTAA,Neo_Beads,Neonatal_Beads,1,Mesenchymal cells,1136,2251.0
Neo_Beads_TTTGTGGTACCN,Neo_Beads,Neonatal_Beads,10,Schwann cells,1244,2277.0
Neo_Beads_CAGATCGTTCTG,Neo_Beads,Neonatal_Beads,13,Endothelial cells,1136,2030.0
Neo_Beads_CTTACCCATTAT,Neo_Beads,Neonatal_Beads,9,Schwann cells,1133,1742.0
Neo_Beads_AAAAGCCTCATA,Neo_Beads,Neonatal_Beads,2,Schwann cells,1466,2453.0
Neo_Beads_CCCGGTGGGTTG,Neo_Beads,Neonatal_Beads,13,Endothelial cells,1440,2811.0
Neo_Beads_GAGGTATCAGAG,Neo_Beads,Neonatal_Beads,2,Schwann cells,1193,1816.0
Neo_Beads_TCTATCCTCCAA,Neo_Beads,Neonatal_Beads,9,Schwann cells,1171,2057.0
Neo_Beads_TTCTCTTTGGCC,Neo_Beads,Neonatal_Beads,3,Mesenchymal cells,1195,2250.0
Neo_Beads_ATTCAATTAAAG,Neo_Beads,Neonatal_Beads,13,Endothelial cells,1082,1790.0
Neo_Beads_ATAATGCAAAGA,Neo_Beads,Neonatal_Beads,1,Mesenchymal cells,1076,2065.0
Neo_Beads_GCCATCGACGAA,Neo_Beads,Neonatal_Beads,13,Endothelial cells,1262,2584.0
Neo_Beads_CCGCCTAGTCCA,Neo_Beads,Neonatal_Beads,5,Endothelial cells,1303,2448.0
Neo_Beads_GACAATCTTGTC,Neo_Beads,Neonatal_Beads,0,Mesenchymal cells,743,1696.0
Neo_Beads_TTCCTGACAGTG,Neo_Beads,Neonatal_Beads,3,Mesenchymal cells,1193,2466.0
Neo_Beads_TCCCCTCCCTCT,Neo_Beads,Neonatal_Beads,12,Schwann cells,1332,2852.0
Neo_Beads_AAGGCCTTTTGA,Neo_Beads,Neonatal_Beads,3,Mesenchymal cells,1176,1961.0
Neo_Beads_GTCGCGGTGTCG,Neo_Beads,Neonatal_Beads,12,Schwann cells,1502,3198.0
Neo_Beads_TTCGCCGCCTAC,Neo_Beads,Neonatal_Beads,9,Schwann cells,1153,1829.0
Neo_Beads_GTAATAATCCCG,Neo_Beads,Neonatal_Beads,2,Schwann cells,1203,1849.0
Neo_Beads_AAGCGGTTTGGG,Neo_Beads,Neonatal_Beads,3,Mesenchymal cells,1093,1843.0
Neo_Beads_AGTCCAAATAGT,Neo_Beads,Neonatal_Beads,10,Schwann cells,1217,2146.0
Neo_Beads_CCCCAATACCAT,Neo_Beads,Neonatal_Beads,9,Schwann cells,1329,2264.0
Neo_Beads_ACAACTGACCAA,Neo_Beads,Neonatal_Beads,6,Endothelial cells,1271,2148.0
Neo_Beads_CCGGCACTTTAA,Neo_Beads,Neonatal_Beads,10,Schwann cells,1447,2689.0
Neo_Beads_TTTTCACGAGTG,Neo_Beads,Neonatal_Beads,0,Mesenchymal cells,922,1884.0
Neo_Beads_CTATGGACCAAA,Neo_Beads,Neonatal_Beads,12,Schwann cells,1155,1904.0
Neo_Beads_TGGACGGTTTAT,Neo_Beads,Neonatal_Beads,13,Endothelial cells,1332,2247.0
Neo_Beads_GGCTCATACCCA,Neo_Beads,Neonatal_Beads,9,Schwann cells,1357,2445.0
Neo_Beads_ACGTGTCGTTAC,Neo_Beads,Neonatal_Beads,9,Schwann cells,1287,2086.0
Neo_Beads_GATTTCTAACTC,Neo_Beads,Neonatal_Beads,2,Schwann cells,1094,1720.0
Neo_Beads_GAGATTACCGTT,Neo_Beads,Neonatal_Beads,0,Mesenchymal cells,1012,1932.0
Neo_Beads_CAAGATGAGGAT,Neo_Beads,Neonatal_Beads,12,Schwann cells,1158,1796.0
Neo_Beads_CTGAAAGTATCC,Neo_Beads,Neonatal_Beads,10,Schwann cells,1061,1633.0
Neo_Beads_GTAGAGAGAATA,Neo_Beads,Neonatal_Beads,10,Schwann cells,1049,1774.0
Neo_Beads_CTGGCGCATCCA,Neo_Beads,Neonatal_Beads,13,Endothelial cells,1320,2535.0
Neo_Beads_GATATCATGTCT,Neo_Beads,Neonatal_Beads,9,Schwann cells,1077,1705.0
Neo_Beads_ATTAGCGGCCAG,Neo_Beads,Neonatal_Beads,2,Schwann cells,1417,2629.0
Neo_Beads_TGATCGCGACTT,Neo_Beads,Neonatal_Beads,12,Schwann cells,1214,2111.0
Neo_Beads_GCTGTTCGCAGG,Neo_Beads,Neonatal_Beads,2,Schwann cells,1345,2335.0
Neo_Beads_TACGACCCAAGT,Neo_Beads,Neonatal_Beads,2,Schwann cells,1195,1851.0
Neo_Beads_CCACACCCAACT,Neo_Beads,Neonatal_Beads,2,Schwann cells,1292,2279.0
Neo_Beads_GGTGTCCTACCA,Neo_Beads,Neonatal_Beads,9,Schwann cells,1315,2364.0
Neo_Beads_GAGTAAATCCGC,Neo_Beads,Neonatal_Beads,7,Pericytes/VSM,1030,1706.0
Neo_Beads_ATTCCACTATAC,Neo_Beads,Neonatal_Beads,10,Schwann cells,1252,2063.0
Neo_Beads_CTTATTGATTAT,Neo_Beads,Neonatal_Beads,2,Schwann cells,1363,2342.0
Neo_Beads_GAATGTATGACT,Neo_Beads,Neonatal_Beads,7,Pericytes/VSM,1092,1682.0
Neo_Beads_CCCTGGCGAAAT,Neo_Beads,Neonatal_Beads,7,Pericytes/VSM,1199,1968.0
Neo_Beads_GTTTAGCCCTGT,Neo_Beads,Neonatal_Beads,3,Mesenchymal cells,1050,1945.0
Neo_Beads_GATTCTGGCCAG,Neo_Beads,Neonatal_Beads,0,Mesenchymal cells,852,1680.0
Neo_Beads_CCGAGTTCCCCC,Neo_Beads,Neonatal_Beads,9,Schwann cells,1343,2713.0
Neo_Beads_ATTTTACTCAGG,Neo_Beads,Neonatal_Beads,0,Mesenchymal cells,920,1654.0
Neo_Beads_CTCCCCTATTTC,Neo_Beads,Neonatal_Beads,5,Endothelial cells,1199,1966.0
Neo_Beads_GGATTTTTGCAC,Neo_Beads,Neonatal_Beads,12,Schwann cells,1303,2396.0
Neo_Beads_CCAGATGTTTAT,Neo_Beads,Neonatal_Beads,9,Schwann cells,1115,1783.0
Neo_Beads_CCTAACTTTTCG,Neo_Beads,Neonatal_Beads,7,Pericytes/VSM,1340,2411.0
Neo_Beads_GTCGTCCCAAAC,Neo_Beads,Neonatal_Beads,9,Schwann cells,1342,2241.0
Neo_Beads_TCCCCCGAGGAT,Neo_Beads,Neonatal_Beads,2,Schwann cells,1226,2014.0
Neo_Beads_AGTTAAAGCGCC,Neo_Beads,Neonatal_Beads,5,Endothelial cells,1336,2316.0
Neo_Beads_CAGTTCACAGAC,Neo_Beads,Neonatal_Beads,3,Mesenchymal cells,1070,2096.0
Neo_Beads_ATCTGAATCGTG,Neo_Beads,Neonatal_Beads,3,Mesenchymal cells,1350,2631.0
Neo_Beads_GACTTGCCAATA,Neo_Beads,Neonatal_Beads,7,Pericytes/VSM,1177,1890.0
Neo_Beads_GGGCTCTCATTA,Neo_Beads,Neonatal_Beads,10,Schwann cells,933,1377.0
Neo_Beads_ATTTAGAATACT,Neo_Beads,Neonatal_Beads,7,Pericytes/VSM,1367,2314.0
Neo_Beads_TGGAAGGTGCTG,Neo_Beads,Neonatal_Beads,4,Endothelial cells,1426,2449.0
Neo_Beads_GGTCTTCCCGCT,Neo_Beads,Neonatal_Beads,10,Schwann cells,1194,2230.0
Neo_Beads_TAAGCTGGTATA,Neo_Beads,Neonatal_Beads,2,Schwann cells,1434,2488.0
Neo_Beads_GTGTCGTTAAGG,Neo_Beads,Neonatal_Beads,2,Schwann cells,1394,2422.0
Neo_Beads_TGCCCAAATTCA,Neo_Beads,Neonatal_Beads,3,Mesenchymal cells,1210,2275.0
Neo_Beads_CGCTCGTTTGTA,Neo_Beads,Neonatal_Beads,9,Schwann cells,1086,1696.0
Neo_Beads_ATATCGATTGGT,Neo_Beads,Neonatal_Beads,13,Endothelial cells,1102,1891.0
Neo_Beads_TGTCGCTCCAGG,Neo_Beads,Neonatal_Beads,10,Schwann cells,1120,1822.0
Neo_Beads_GTGCACGACAAC,Neo_Beads,Neonatal_Beads,7,Pericytes/VSM,1315,2219.0
Neo_Beads_TTGATGTCACAC,Neo_Beads,Neonatal_Beads,2,Schwann cells,1173,1952.0
Neo_Beads_CGTTAAGTCACA,Neo_Beads,Neonatal_Beads,10,Schwann cells,1201,1900.0
Neo_Beads_CGTCGACCATCG,Neo_Beads,Neonatal_Beads,12,Schwann cells,1144,1829.0
Neo_Beads_GTGTTTCCGTAC,Neo_Beads,Neonatal_Beads,9,Schwann cells,1223,1877.0
Neo_Beads_TTCTTGTTTGTT,Neo_Beads,Neonatal_Beads,9,Schwann cells,1144,1943.0
Neo_Beads_CGGGCCGGCCTG,Neo_Beads,Neonatal_Beads,5,Endothelial cells,1584,3131.0
Neo_Beads_GTCTTTGGATGA,Neo_Beads,Neonatal_Beads,2,Schwann cells,1536,2764.0
Neo_Beads_CGCATCTCAACG,Neo_Beads,Neonatal_Beads,2,Schwann cells,1284,2139.0
Neo_Beads_CTCCGGCCATCA,Neo_Beads,Neonatal_Beads,10,Schwann cells,1341,2479.0
Neo_Beads_GCCGATTCCATG,Neo_Beads,Neonatal_Beads,7,Pericytes/VSM,1289,3017.0
Neo_Beads_ATCCTTTGCTCC,Neo_Beads,Neonatal_Beads,9,Schwann cells,1098,1810.0
Neo_Beads_ACCCTCGTGCTG,Neo_Beads,Neonatal_Beads,9,Schwann cells,1160,1792.0
Neo_Beads_ATTGTTCATTCC,Neo_Beads,Neonatal_Beads,13,Endothelial cells,1345,2367.0
Neo_Beads_GTTCGCACATAC,Neo_Beads,Neonatal_Beads,2,Schwann cells,1393,2474.0
Neo_Beads_CTGCTTTCGGTA,Neo_Beads,Neonatal_Beads,2,Schwann cells,1331,2247.0
Neo_Beads_GATGTAGCCCTA,Neo_Beads,Neonatal_Beads,9,Schwann cells,1365,2105.0
Neo_Beads_GCCATTACGGTT,Neo_Beads,Neonatal_Beads,13,Endothelial cells,1205,2218.0
Neo_Beads_GCCTGATGATGC,Neo_Beads,Neonatal_Beads,7,Pericytes/VSM,1290,2381.0
Neo_Beads_CGAAAAGGTTAC,Neo_Beads,Neonatal_Beads,3,Mesenchymal cells,1052,1811.0
Neo_Beads_GATTGCTTTATG,Neo_Beads,Neonatal_Beads,13,Endothelial cells,1114,1786.0
Neo_Beads_GTTGGACCCATC,Neo_Beads,Neonatal_Beads,12,Schwann cells,1370,2268.0
Neo_Beads_CAATACACATGA,Neo_Beads,Neonatal_Beads,2,Schwann cells,1184,1933.0
Neo_Beads_TCGAATTTGAAC,Neo_Beads,Neonatal_Beads,13,Endothelial cells,1246,2160.0
Neo_Beads_CGCTCGGTATAG,Neo_Beads,Neonatal_Beads,12,Schwann cells,1251,2090.0
Neo_Beads_TGACGGGCAAGA,Neo_Beads,Neonatal_Beads,12,Schwann cells,1218,2139.0
Neo_Beads_ATAACGCAAGCA,Neo_Beads,Neonatal_Beads,9,Schwann cells,1208,1844.0
Neo_Beads_GTGACCCCATCT,Neo_Beads,Neonatal_Beads,10,Schwann cells,1205,1978.0
Neo_Beads_GGGGCGCGTTCC,Neo_Beads,Neonatal_Beads,3,Mesenchymal cells,1646,3883.0
Neo_Beads_GGGAGGGCGACC,Neo_Beads,Neonatal_Beads,2,Schwann cells,1590,2945.0
Neo_Beads_CGGGATCTACCT,Neo_Beads,Neonatal_Beads,7,Pericytes/VSM,1165,1959.0
Neo_Beads_CTTAGAGTTCCG,Neo_Beads,Neonatal_Beads,0,Mesenchymal cells,837,1836.0
Neo_Beads_CCCCGCACATTG,Neo_Beads,Neonatal_Beads,10,Schwann cells,1210,2106.0
Neo_Beads_CGGCTTGGCAAA,Neo_Beads,Neonatal_Beads,2,Schwann cells,1078,1686.0
Neo_Beads_GTGCATCATTCG,Neo_Beads,Neonatal_Beads,6,Endothelial cells,1272,2298.0
Neo_Beads_TAATTGATCATT,Neo_Beads,Neonatal_Beads,6,Endothelial cells,1103,1755.0
Neo_Beads_TCGTACATTAGA,Neo_Beads,Neonatal_Beads,4,Endothelial cells,1140,1863.0
Neo_Beads_CTTTGGCTAAGT,Neo_Beads,Neonatal_Beads,10,Schwann cells,1144,1792.0
Neo_Beads_CCGTGGCTATTT,Neo_Beads,Neonatal_Beads,7,Pericytes/VSM,1076,1675.0
Neo_Beads_GAGGTACCTGCT,Neo_Beads,Neonatal_Beads,2,Schwann cells,1451,2550.0
Neo_Beads_AACCGGATTTCC,Neo_Beads,Neonatal_Beads,4,Endothelial cells,1020,1894.0
Neo_Beads_GACACGTATCGN,Neo_Beads,Neonatal_Beads,9,Schwann cells,1202,2033.0
Neo_Beads_AGAATTACTCAT,Neo_Beads,Neonatal_Beads,0,Mesenchymal cells,1233,2313.0
Neo_Beads_CGTGAGCTGGTG,Neo_Beads,Neonatal_Beads,13,Endothelial cells,1451,2734.0
Neo_Beads_CGTCGAGTGCCA,Neo_Beads,Neonatal_Beads,2,Schwann cells,1405,2555.0
Neo_Beads_CTAGGCAAAAAT,Neo_Beads,Neonatal_Beads,10,Schwann cells,921,1496.0
Neo_Beads_CTTCATCCCTAG,Neo_Beads,Neonatal_Beads,10,Schwann cells,1072,1718.0
Neo_Beads_TTCAAGAGCAGC,Neo_Beads,Neonatal_Beads,0,Mesenchymal cells,894,1931.0
Neo_Beads_CAACTCTATCAG,Neo_Beads,Neonatal_Beads,10,Schwann cells,999,1523.0
Neo_Beads_TACTTGGTGTGT,Neo_Beads,Neonatal_Beads,7,Pericytes/VSM,1095,1755.0
Neo_Beads_ACTGCTATATGA,Neo_Beads,Neonatal_Beads,9,Schwann cells,1325,2146.0
Neo_Beads_GAAGGCCGTTAC,Neo_Beads,Neonatal_Beads,9,Schwann cells,1074,1590.0
Neo_Beads_TCCATTAGCGTG,Neo_Beads,Neonatal_Beads,4,Endothelial cells,1325,2436.0
Neo_Beads_ATTGATAGTTAA,Neo_Beads,Neonatal_Beads,9,Schwann cells,1102,1775.0
Neo_Beads_TCACGGACAAGG,Neo_Beads,Neonatal_Beads,7,Pericytes/VSM,1196,2273.0
Neo_Beads_AAATAGCCTGGG,Neo_Beads,Neonatal_Beads,4,Endothelial cells,1077,1884.0
Neo_Beads_ACCAGTACAACT,Neo_Beads,Neonatal_Beads,5,Endothelial cells,1171,1775.0
Neo_Beads_CGGCACCCGCAA,Neo_Beads,Neonatal_Beads,5,Endothelial cells,1301,2221.0
Neo_Beads_CTCCGAAATTCT,Neo_Beads,Neonatal_Beads,10,Schwann cells,1121,1893.0
Neo_Beads_GGGCACCTTCGC,Neo_Beads,Neonatal_Beads,9,Schwann cells,1408,2564.0
Neo_Beads_GTGACCTCACGC,Neo_Beads,Neonatal_Beads,7,Pericytes/VSM,1295,2453.0
Neo_Beads_GGTACCCCTTAG,Neo_Beads,Neonatal_Beads,2,Schwann cells,1288,2038.0
Neo_Beads_GAAGACCAGTTG,Neo_Beads,Neonatal_Beads,13,Endothelial cells,1138,1869.0
Neo_Beads_CTTGGCGTCGTT,Neo_Beads,Neonatal_Beads,2,Schwann cells,1315,2455.0
Neo_Beads_GCTTGTTAAACA,Neo_Beads,Neonatal_Beads,3,Mesenchymal cells,1059,1966.0
Neo_Beads_AGGCTGCCGATT,Neo_Beads,Neonatal_Beads,10,Schwann cells,1254,2032.0
Neo_Beads_CTCATCTACGAG,Neo_Beads,Neonatal_Beads,10,Schwann cells,1039,1611.0
Neo_Beads_CTCCGGTTCGCG,Neo_Beads,Neonatal_Beads,12,Schwann cells,1106,1746.0
Neo_Beads_GACTAAGGACGA,Neo_Beads,Neonatal_Beads,7,Pericytes/VSM,1242,2074.0
Neo_Beads_CGTAAGCATGTG,Neo_Beads,Neonatal_Beads,7,Pericytes/VSM,1152,2024.0
Neo_Beads_GCTGGCTTCGCT,Neo_Beads,Neonatal_Beads,9,Schwann cells,1527,2782.0
Neo_Beads_CCGCGATTTTAC,Neo_Beads,Neonatal_Beads,9,Schwann cells,1038,1709.0
Neo_Beads_CTTTCAGTATTG,Neo_Beads,Neonatal_Beads,7,Pericytes/VSM,1056,1910.0
Neo_Beads_TGCCCGACCCCA,Neo_Beads,Neonatal_Beads,0,Mesenchymal cells,1135,2218.0
Neo_Beads_ACCTGCCTTAGA,Neo_Beads,Neonatal_Beads,2,Schwann cells,1494,2547.0
Neo_Beads_GCCTCACCAGTC,Neo_Beads,Neonatal_Beads,9,Schwann cells,1142,1968.0
Neo_Beads_CCGAGATTTTGC,Neo_Beads,Neonatal_Beads,9,Schwann cells,1044,1525.0
Neo_Beads_CTCGTTCATCGT,Neo_Beads,Neonatal_Beads,11,Macrophages,910,1784.0
Neo_Beads_ACCACGTTTTAT,Neo_Beads,Neonatal_Beads,10,Schwann cells,1019,1597.0
Neo_Beads_CTCTGTACAGAT,Neo_Beads,Neonatal_Beads,2,Schwann cells,1269,1998.0
Neo_Beads_CAACCCCACCCG,Neo_Beads,Neonatal_Beads,10,Schwann cells,1253,2134.0
Neo_Beads_GCCCAGAGATGT,Neo_Beads,Neonatal_Beads,3,Mesenchymal cells,958,1721.0
Neo_Beads_TCTTTAGTATTT,Neo_Beads,Neonatal_Beads,13,Endothelial cells,1182,2089.0
Neo_Beads_GTGATTCTGCCC,Neo_Beads,Neonatal_Beads,12,Schwann cells,1397,2638.0
Neo_Beads_CTCTAACTTATT,Neo_Beads,Neonatal_Beads,9,Schwann cells,1148,1693.0
Neo_Beads_GCCTAACTGGTC,Neo_Beads,Neonatal_Beads,9,Schwann cells,1069,1777.0
Neo_Beads_CACTTGGTCGAT,Neo_Beads,Neonatal_Beads,4,Endothelial cells,1211,2241.0
Neo_Beads_AAAGCAAATATC,Neo_Beads,Neonatal_Beads,9,Schwann cells,946,1385.0
Neo_Beads_AGTGGTAAGCCG,Neo_Beads,Neonatal_Beads,4,Endothelial cells,1332,2440.0
Neo_Beads_GTATGGTAGAAC,Neo_Beads,Neonatal_Beads,4,Endothelial cells,1064,1739.0
Neo_Beads_ATCCTATAATGG,Neo_Beads,Neonatal_Beads,2,Schwann cells,1291,2248.0
Neo_Beads_CGTACAGGACGC,Neo_Beads,Neonatal_Beads,10,Schwann cells,1142,1838.0
Neo_Beads_CCCTTATTAATC,Neo_Beads,Neonatal_Beads,9,Schwann cells,912,1540.0
Neo_Beads_TACTTATACAGA,Neo_Beads,Neonatal_Beads,4,Endothelial cells,1216,1808.0
Neo_Beads_TGTATGGGGCGT,Neo_Beads,Neonatal_Beads,4,Endothelial cells,1418,2837.0
Neo_Beads_TGGCACTTGTCA,Neo_Beads,Neonatal_Beads,5,Endothelial cells,1219,2049.0
Neo_Beads_CGCGCGCACTCG,Neo_Beads,Neonatal_Beads,0,Mesenchymal cells,1145,2623.0
Neo_Beads_TAGAATCCGTTA,Neo_Beads,Neonatal_Beads,9,Schwann cells,1237,2041.0
Neo_Beads_AGACGTCGTGAC,Neo_Beads,Neonatal_Beads,7,Pericytes/VSM,1042,1894.0
Neo_Beads_AGGGCAATCACC,Neo_Beads,Neonatal_Beads,2,Schwann cells,1448,2499.0
Neo_Beads_GAAGGAAATTCA,Neo_Beads,Neonatal_Beads,3,Mesenchymal cells,1140,1862.0
Neo_Beads_CTACAAATCTCT,Neo_Beads,Neonatal_Beads,2,Schwann cells,1224,1888.0
Neo_Beads_CTGATAAGGCAC,Neo_Beads,Neonatal_Beads,5,Endothelial cells,1100,1771.0
Neo_Beads_CCGAAGACAGCC,Neo_Beads,Neonatal_Beads,4,Endothelial cells,1243,2267.0
Neo_Beads_GTCTCGCAACGG,Neo_Beads,Neonatal_Beads,0,Mesenchymal cells,1222,2735.0
Neo_Beads_CCTCGATGCAGC,Neo_Beads,Neonatal_Beads,6,Endothelial cells,1197,1899.0
Neo_Beads_CGTTCATGGAGT,Neo_Beads,Neonatal_Beads,10,Schwann cells,1173,1798.0
Neo_Beads_CTCGCCGTGTCT,Neo_Beads,Neonatal_Beads,0,Mesenchymal cells,851,1788.0
Neo_Beads_ACTAAGGTCCGG,Neo_Beads,Neonatal_Beads,7,Pericytes/VSM,1160,2133.0
Neo_Beads_ACTGAAGTCCCT,Neo_Beads,Neonatal_Beads,0,Mesenchymal cells,1014,1995.0
Neo_Beads_TTAAGTCCCCGA,Neo_Beads,Neonatal_Beads,2,Schwann cells,1141,1724.0
Neo_Beads_ACTTCTCAGCTC,Neo_Beads,Neonatal_Beads,9,Schwann cells,1135,1948.0
Neo_Beads_ATTAAGGATTTC,Neo_Beads,Neonatal_Beads,9,Schwann cells,1093,1740.0
Neo_Beads_GGATAGGCACCG,Neo_Beads,Neonatal_Beads,9,Schwann cells,1302,2231.0
Neo_Beads_CCGCTCCACTCT,Neo_Beads,Neonatal_Beads,9,Schwann cells,1141,1767.0
Neo_Beads_CTCAAGTGACAC,Neo_Beads,Neonatal_Beads,10,Schwann cells,1409,2486.0
Neo_Beads_GCTGGGCTCATG,Neo_Beads,Neonatal_Beads,10,Schwann cells,1045,1582.0
Neo_Beads_GGTCTCCACCTA,Neo_Beads,Neonatal_Beads,7,Pericytes/VSM,1297,2050.0
Neo_Beads_AATTTTTTCATT,Neo_Beads,Neonatal_Beads,7,Pericytes/VSM,1021,1827.0
Neo_Beads_AGTGGTTACTTT,Neo_Beads,Neonatal_Beads,9,Schwann cells,1348,2303.0
Neo_Beads_AACGGGCGAGCT,Neo_Beads,Neonatal_Beads,4,Endothelial cells,1168,1951.0
Neo_Beads_CACAAGGCTCCG,Neo_Beads,Neonatal_Beads,2,Schwann cells,1201,2007.0
Neo_Beads_CGCAAGAATGAC,Neo_Beads,Neonatal_Beads,2,Schwann cells,1223,2102.0
Neo_Beads_CGCGGGGGTCGG,Neo_Beads,Neonatal_Beads,12,Schwann cells,1178,2143.0
Neo_Beads_GCCTAACGTGTT,Neo_Beads,Neonatal_Beads,9,Schwann cells,1224,2136.0
Neo_Beads_GACATCAACGGC,Neo_Beads,Neonatal_Beads,12,Schwann cells,1251,2293.0
Neo_Beads_CTTAATGACTCT,Neo_Beads,Neonatal_Beads,3,Mesenchymal cells,924,1834.0
Neo_Beads_GTTGGGTGCTTC,Neo_Beads,Neonatal_Beads,9,Schwann cells,1201,2228.0
Neo_Beads_ACCTCGTTCGCT,Neo_Beads,Neonatal_Beads,3,Mesenchymal cells,1035,1868.0
Neo_Beads_CGCTGACCAGTA,Neo_Beads,Neonatal_Beads,6,Endothelial cells,1413,2479.0
Neo_Beads_CTGAATCGATGT,Neo_Beads,Neonatal_Beads,10,Schwann cells,1039,1698.0
Neo_Beads_AGTAGTCGATAA,Neo_Beads,Neonatal_Beads,2,Schwann cells,1310,2054.0
Neo_Beads_AAATTTACCTTA,Neo_Beads,Neonatal_Beads,9,Schwann cells,888,1369.0
Neo_Beads_AGGAGCTCTATT,Neo_Beads,Neonatal_Beads,2,Schwann cells,1420,2440.0
Neo_Beads_TCTCAGGTCGTT,Neo_Beads,Neonatal_Beads,5,Endothelial cells,1030,1642.0
Neo_Beads_CGCAGCATAGCG,Neo_Beads,Neonatal_Beads,3,Mesenchymal cells,1209,2645.0
Neo_Beads_ACCATCGCGCAT,Neo_Beads,Neonatal_Beads,13,Endothelial cells,1115,1921.0
Neo_Beads_CTCAAGGATGGC,Neo_Beads,Neonatal_Beads,10,Schwann cells,990,1544.0
Neo_Beads_ACCATTAGCACG,Neo_Beads,Neonatal_Beads,3,Mesenchymal cells,1453,2869.0
Neo_Beads_AACCTTTGAAAC,Neo_Beads,Neonatal_Beads,9,Schwann cells,949,1442.0
Neo_Beads_ACGCGAGTAGCC,Neo_Beads,Neonatal_Beads,0,Mesenchymal cells,1098,2772.0
Neo_Beads_ACGCATCCCGTG,Neo_Beads,Neonatal_Beads,1,Mesenchymal cells,929,1886.0
Neo_Beads_CTTGGCTTGGCT,Neo_Beads,Neonatal_Beads,3,Mesenchymal cells,1250,2583.0
Neo_Beads_ATATGAAGTGTC,Neo_Beads,Neonatal_Beads,9,Schwann cells,1260,1987.0
Neo_Beads_TACAGGGATTCG,Neo_Beads,Neonatal_Beads,2,Schwann cells,1205,2004.0
Neo_Beads_TCTACACGGCAA,Neo_Beads,Neonatal_Beads,10,Schwann cells,1212,2018.0
Neo_Beads_CTTAGATTCTAT,Neo_Beads,Neonatal_Beads,6,Endothelial cells,1117,1828.0
Neo_Beads_TGGGTGAGAAGN,Neo_Beads,Neonatal_Beads,9,Schwann cells,1162,1756.0
Neo_Beads_CTTCCTTTGCCG,Neo_Beads,Neonatal_Beads,0,Mesenchymal cells,897,1754.0
Neo_Beads_CGCGACGCCAGA,Neo_Beads,Neonatal_Beads,10,Schwann cells,1106,1819.0
Neo_Beads_GCCTTCGAGGTC,Neo_Beads,Neonatal_Beads,2,Schwann cells,994,1495.0
Neo_Beads_GTCACCCAATTG,Neo_Beads,Neonatal_Beads,12,Schwann cells,1078,1653.0
Neo_Beads_TGTTCATCACTC,Neo_Beads,Neonatal_Beads,2,Schwann cells,1384,2249.0
Neo_Beads_CTATCTCCTGAC,Neo_Beads,Neonatal_Beads,2,Schwann cells,1130,1909.0
Neo_Beads_GGCATTCCTATA,Neo_Beads,Neonatal_Beads,0,Mesenchymal cells,1055,2023.0
Neo_Beads_CTGCTTAGCTTA,Neo_Beads,Neonatal_Beads,13,Endothelial cells,1016,1541.0
Neo_Beads_TCCGTTATCTCC,Neo_Beads,Neonatal_Beads,2,Schwann cells,1175,1830.0
Neo_Beads_TACATGTTATAC,Neo_Beads,Neonatal_Beads,9,Schwann cells,1174,1841.0
Neo_Beads_GGCGGACATTTG,Neo_Beads,Neonatal_Beads,2,Schwann cells,1501,2726.0
Neo_Beads_GGCCTTATGCGC,Neo_Beads,Neonatal_Beads,12,Schwann cells,1205,2128.0
Neo_Beads_CCTTAAGCCTCC,Neo_Beads,Neonatal_Beads,1,Mesenchymal cells,774,1411.0
Neo_Beads_TCGTGTGGGCCA,Neo_Beads,Neonatal_Beads,2,Schwann cells,1314,2577.0
Neo_Beads_CAAAGGCAAAGG,Neo_Beads,Neonatal_Beads,0,Mesenchymal cells,838,1760.0
Neo_Beads_TACTAACTTTGT,Neo_Beads,Neonatal_Beads,9,Schwann cells,1030,1637.0
Neo_Beads_ACGCTGTTAACG,Neo_Beads,Neonatal_Beads,9,Schwann cells,1301,2503.0
Neo_Beads_TGCCGCCACACG,Neo_Beads,Neonatal_Beads,3,Mesenchymal cells,1219,2592.0
Neo_Beads_CAGGTATAGCGA,Neo_Beads,Neonatal_Beads,13,Endothelial cells,1063,1741.0
Neo_Beads_CTTCTACTCCGG,Neo_Beads,Neonatal_Beads,0,Mesenchymal cells,1000,2195.0
Neo_Beads_CGTCTGATTCGG,Neo_Beads,Neonatal_Beads,7,Pericytes/VSM,990,1825.0
Neo_Beads_ACGGAAGACCGA,Neo_Beads,Neonatal_Beads,12,Schwann cells,1145,1870.0
Neo_Beads_CGGATACTTCGT,Neo_Beads,Neonatal_Beads,10,Schwann cells,1212,2092.0
Neo_Beads_CTTTCCATATTC,Neo_Beads,Neonatal_Beads,2,Schwann cells,1034,1535.0
Neo_Beads_TGCTTACAGTCT,Neo_Beads,Neonatal_Beads,2,Schwann cells,1202,1964.0
Neo_Beads_TGCACACGGAAC,Neo_Beads,Neonatal_Beads,13,Endothelial cells,1055,1735.0
Neo_Beads_GCTATTTGACAA,Neo_Beads,Neonatal_Beads,2,Schwann cells,1211,1992.0
Neo_Beads_TGCGTTGCAATT,Neo_Beads,Neonatal_Beads,3,Mesenchymal cells,980,1831.0
Neo_Beads_AGTTTACAGATG,Neo_Beads,Neonatal_Beads,9,Schwann cells,1129,1748.0
Neo_Beads_CTGGACTTACGG,Neo_Beads,Neonatal_Beads,10,Schwann cells,1063,1696.0
Neo_Beads_TTTTGTGCACGC,Neo_Beads,Neonatal_Beads,10,Schwann cells,1197,2069.0
Neo_Beads_AGTCTCCTTGCA,Neo_Beads,Neonatal_Beads,4,Endothelial cells,1174,1844.0
Neo_Beads_TTCAAGAATATA,Neo_Beads,Neonatal_Beads,10,Schwann cells,1104,1681.0
Neo_Beads_AATCGATTAGCG,Neo_Beads,Neonatal_Beads,9,Schwann cells,1057,1646.0
Neo_Beads_TCCCCAAAGGAT,Neo_Beads,Neonatal_Beads,9,Schwann cells,1027,2607.0
Neo_Beads_GTCCGGCCGGCA,Neo_Beads,Neonatal_Beads,9,Schwann cells,1154,2128.0
Neo_Beads_CGTTACTGTCAC,Neo_Beads,Neonatal_Beads,16,Mast cells,827,1817.0
Neo_Beads_GGTCCGGCGGAA,Neo_Beads,Neonatal_Beads,4,Endothelial cells,1059,1695.0
Neo_Beads_TGAATCAGCCCG,Neo_Beads,Neonatal_Beads,0,Mesenchymal cells,871,1940.0
Neo_Beads_AGTAAAGAGCCA,Neo_Beads,Neonatal_Beads,3,Mesenchymal cells,1268,2301.0
Neo_Beads_GAGAGTACTTTT,Neo_Beads,Neonatal_Beads,13,Endothelial cells,1178,2042.0
Neo_Beads_AAACTCCAAGGC,Neo_Beads,Neonatal_Beads,3,Mesenchymal cells,995,1792.0
Neo_Beads_TATCGGAACGGT,Neo_Beads,Neonatal_Beads,13,Endothelial cells,1212,1937.0
Neo_Beads_GAGTCGAGATAG,Neo_Beads,Neonatal_Beads,10,Schwann cells,1111,1754.0
Neo_Beads_TGCTCCGACTCC,Neo_Beads,Neonatal_Beads,10,Schwann cells,1321,2447.0
Neo_Beads_GCTCGCCATGTG,Neo_Beads,Neonatal_Beads,9,Schwann cells,1138,2021.0
Neo_Beads_TCGCTGGCGGCA,Neo_Beads,Neonatal_Beads,7,Pericytes/VSM,1075,2145.0
Neo_Beads_GCCTGTGCCTTA,Neo_Beads,Neonatal_Beads,0,Mesenchymal cells,1118,2415.0
Neo_Beads_ATCCAGCCCACA,Neo_Beads,Neonatal_Beads,3,Mesenchymal cells,1086,1956.0
Neo_Beads_GCACTTCGGGTA,Neo_Beads,Neonatal_Beads,6,Endothelial cells,1251,2133.0
Neo_Beads_GGCCCCGTAGTC,Neo_Beads,Neonatal_Beads,7,Pericytes/VSM,1260,2280.0
Neo_Beads_TCTGCTCTCTCG,Neo_Beads,Neonatal_Beads,2,Schwann cells,1040,1673.0
Neo_Beads_CTGCTTTCTTGT,Neo_Beads,Neonatal_Beads,0,Mesenchymal cells,968,2271.0
Neo_Beads_TGGTCCGAATGG,Neo_Beads,Neonatal_Beads,13,Endothelial cells,1131,1994.0
Neo_Beads_CCACTGGCTAGG,Neo_Beads,Neonatal_Beads,10,Schwann cells,1118,1947.0
Neo_Beads_ATTTATTCAGAC,Neo_Beads,Neonatal_Beads,10,Schwann cells,1049,1775.0
Neo_Beads_TTTGCATAACCC,Neo_Beads,Neonatal_Beads,6,Endothelial cells,1256,2217.0
Neo_Beads_CTTTCTAATCGC,Neo_Beads,Neonatal_Beads,3,Mesenchymal cells,1102,1981.0
Neo_Beads_GTGGCTTTGGTT,Neo_Beads,Neonatal_Beads,7,Pericytes/VSM,1330,2757.0
Neo_Beads_CTTAGGCCAGGA,Neo_Beads,Neonatal_Beads,4,Endothelial cells,1057,1711.0
Neo_Beads_TATCAGGGGTTG,Neo_Beads,Neonatal_Beads,10,Schwann cells,1198,1939.0
Neo_Beads_CTTTGTGGGAAA,Neo_Beads,Neonatal_Beads,7,Pericytes/VSM,1168,1892.0
Neo_Beads_CGTCTAGCCACC,Neo_Beads,Neonatal_Beads,2,Schwann cells,1225,2216.0
Neo_Beads_CGGCGACTATCC,Neo_Beads,Neonatal_Beads,2,Schwann cells,1367,2624.0
Neo_Beads_CCCGTCCTGTAG,Neo_Beads,Neonatal_Beads,2,Schwann cells,959,1496.0
Neo_Beads_GACGAACTCCCA,Neo_Beads,Neonatal_Beads,7,Pericytes/VSM,1104,1912.0
Neo_Beads_GTGAAGGGGGCA,Neo_Beads,Neonatal_Beads,3,Mesenchymal cells,986,1749.0
Neo_Beads_ATGTCGCTCCGG,Neo_Beads,Neonatal_Beads,2,Schwann cells,994,1514.0
Neo_Beads_GACGCGGCGAAC,Neo_Beads,Neonatal_Beads,4,Endothelial cells,1234,2484.0
Neo_Beads_ACTTGGGGGAGG,Neo_Beads,Neonatal_Beads,6,Endothelial cells,966,1694.0
Neo_Beads_CGTTTACCTTTA,Neo_Beads,Neonatal_Beads,9,Schwann cells,1135,1776.0
Neo_Beads_CTTTGAGTATCC,Neo_Beads,Neonatal_Beads,9,Schwann cells,1102,1807.0
Neo_Beads_ACTTCGGAGGGG,Neo_Beads,Neonatal_Beads,4,Endothelial cells,1134,1907.0
Neo_Beads_AACAGGGTTCAG,Neo_Beads,Neonatal_Beads,12,Schwann cells,1125,1713.0
Neo_Beads_TTGCGTTGCATT,Neo_Beads,Neonatal_Beads,0,Mesenchymal cells,868,1837.0
Neo_Beads_TCAGACGCGCTA,Neo_Beads,Neonatal_Beads,12,Schwann cells,1291,2351.0
Neo_Beads_GACTGAGAAAAC,Neo_Beads,Neonatal_Beads,0,Mesenchymal cells,774,1584.0
Neo_Beads_ACTTGCACATGA,Neo_Beads,Neonatal_Beads,13,Endothelial cells,1172,1886.0
Neo_Beads_GCTTGAGTCTCG,Neo_Beads,Neonatal_Beads,9,Schwann cells,1017,1578.0
Neo_Beads_AATCCAGCACGT,Neo_Beads,Neonatal_Beads,2,Schwann cells,1063,1502.0
Neo_Beads_GGTTCTTCGTGT,Neo_Beads,Neonatal_Beads,4,Endothelial cells,1143,2118.0
Neo_Beads_ACTCCACGAGTA,Neo_Beads,Neonatal_Beads,12,Schwann cells,1152,1814.0
Neo_Beads_TATATGCCCAGG,Neo_Beads,Neonatal_Beads,13,Endothelial cells,1206,2079.0
Neo_Beads_ACCTGCCTTTCT,Neo_Beads,Neonatal_Beads,2,Schwann cells,1182,1996.0
Neo_Beads_CTTGATATTCAC,Neo_Beads,Neonatal_Beads,9,Schwann cells,975,1501.0
Neo_Beads_GTGGATCGATTG,Neo_Beads,Neonatal_Beads,3,Mesenchymal cells,973,1634.0
Neo_Beads_GTGGTGTCGCTA,Neo_Beads,Neonatal_Beads,9,Schwann cells,1361,2325.0
Neo_Beads_TTTCAGGCTTAT,Neo_Beads,Neonatal_Beads,10,Schwann cells,1087,1866.0
Neo_Beads_AGTTAAGCTCTC,Neo_Beads,Neonatal_Beads,0,Mesenchymal cells,1186,2304.0
Neo_Beads_CATGTCCATCCT,Neo_Beads,Neonatal_Beads,9,Schwann cells,920,1370.0
Neo_Beads_GATAATGACCTC,Neo_Beads,Neonatal_Beads,13,Endothelial cells,1185,1956.0
Neo_Beads_ATGGAGTCAGTC,Neo_Beads,Neonatal_Beads,9,Schwann cells,1118,1702.0
Neo_Beads_ACGTCCGACCCA,Neo_Beads,Neonatal_Beads,3,Mesenchymal cells,1310,2831.0
Neo_Beads_CGATGTGTCATC,Neo_Beads,Neonatal_Beads,2,Schwann cells,1140,1682.0
Neo_Beads_GCGAACTCGGAC,Neo_Beads,Neonatal_Beads,10,Schwann cells,994,1644.0
Neo_Beads_TACCCTTTTAAC,Neo_Beads,Neonatal_Beads,9,Schwann cells,963,1539.0
Neo_Beads_CTGCAGGGACTG,Neo_Beads,Neonatal_Beads,2,Schwann cells,1037,1533.0
Neo_Beads_CACCGGCGCTAA,Neo_Beads,Neonatal_Beads,12,Schwann cells,1057,1785.0
Neo_Beads_GCCTTGCGACTT,Neo_Beads,Neonatal_Beads,12,Schwann cells,949,1587.0
Neo_Beads_GGCCTGAGATGA,Neo_Beads,Neonatal_Beads,13,Endothelial cells,1166,1926.0
Neo_Beads_GAGTCGTGTTAG,Neo_Beads,Neonatal_Beads,9,Schwann cells,1160,2061.0
Neo_Beads_GTTACTTGTTAT,Neo_Beads,Neonatal_Beads,2,Schwann cells,1180,1785.0
Neo_Beads_TGGCGTATCGTT,Neo_Beads,Neonatal_Beads,7,Pericytes/VSM,1111,1909.0
Neo_Beads_CGTTCTAGTCAC,Neo_Beads,Neonatal_Beads,12,Schwann cells,1080,1718.0
Neo_Beads_TTGCCTCCTCCG,Neo_Beads,Neonatal_Beads,9,Schwann cells,1125,2015.0
Neo_Beads_GAACCCGGCCCG,Neo_Beads,Neonatal_Beads,7,Pericytes/VSM,1257,2688.0
Neo_Beads_AGTGCCTTCTCA,Neo_Beads,Neonatal_Beads,12,Schwann cells,1252,2224.0
Neo_Beads_CACCCCAGCATT,Neo_Beads,Neonatal_Beads,7,Pericytes/VSM,1136,1966.0
Neo_Beads_AAGCACGGTGCT,Neo_Beads,Neonatal_Beads,2,Schwann cells,1385,2303.0
Neo_Beads_CGGAGCTGAAAG,Neo_Beads,Neonatal_Beads,13,Endothelial cells,965,1548.0
Neo_Beads_TACTGATATTGG,Neo_Beads,Neonatal_Beads,9,Schwann cells,975,1530.0
Neo_Beads_TTGCCATCCCGC,Neo_Beads,Neonatal_Beads,10,Schwann cells,1160,2154.0
Neo_Beads_AATCTTCATCTA,Neo_Beads,Neonatal_Beads,2,Schwann cells,1175,1832.0
Neo_Beads_TCTCAGAGCTTG,Neo_Beads,Neonatal_Beads,10,Schwann cells,1073,1912.0
Neo_Beads_GGAGATATGTTG,Neo_Beads,Neonatal_Beads,3,Mesenchymal cells,1124,1926.0
Neo_Beads_GACTGAAGTACA,Neo_Beads,Neonatal_Beads,0,Mesenchymal cells,843,1633.0
Neo_Beads_GTCGATTGCACT,Neo_Beads,Neonatal_Beads,9,Schwann cells,970,1521.0
Neo_Beads_ACGCAGCTCAAG,Neo_Beads,Neonatal_Beads,10,Schwann cells,1006,1613.0
Neo_Beads_GGTCAGTGAATT,Neo_Beads,Neonatal_Beads,9,Schwann cells,1034,1702.0
Neo_Beads_GGTGTCCGTGTC,Neo_Beads,Neonatal_Beads,9,Schwann cells,1149,1849.0
Neo_Beads_CGTACTGACATC,Neo_Beads,Neonatal_Beads,10,Schwann cells,1157,2056.0
Neo_Beads_TGATTTCCGACA,Neo_Beads,Neonatal_Beads,9,Schwann cells,1061,1618.0
Neo_Beads_TTTCGTCAATGC,Neo_Beads,Neonatal_Beads,9,Schwann cells,1091,1704.0
Neo_Beads_GGCGGCCACGTT,Neo_Beads,Neonatal_Beads,9,Schwann cells,1553,3044.0
Neo_Beads_TTAGTCCCACCC,Neo_Beads,Neonatal_Beads,9,Schwann cells,1096,1926.0
Neo_Beads_CTGAATCCTCAC,Neo_Beads,Neonatal_Beads,9,Schwann cells,1018,1655.0
Neo_Beads_ATGCCCAGGTTA,Neo_Beads,Neonatal_Beads,7,Pericytes/VSM,1085,1826.0
Neo_Beads_CTTACTGATTCG,Neo_Beads,Neonatal_Beads,2,Schwann cells,1206,1897.0
Neo_Beads_CGTTTCTAGGAT,Neo_Beads,Neonatal_Beads,3,Mesenchymal cells,990,1718.0
Neo_Beads_AGAGTATATTTT,Neo_Beads,Neonatal_Beads,13,Endothelial cells,1222,2007.0
Neo_Beads_AAATTTTAGCGG,Neo_Beads,Neonatal_Beads,2,Schwann cells,968,1421.0
Neo_Beads_AGACACTCTCGC,Neo_Beads,Neonatal_Beads,2,Schwann cells,1113,1623.0
Neo_Beads_CGCTAACCGGCA,Neo_Beads,Neonatal_Beads,2,Schwann cells,1104,1737.0
Neo_Beads_TGGACCTCGTTT,Neo_Beads,Neonatal_Beads,7,Pericytes/VSM,1211,2169.0
Neo_Beads_TGTCACATCGAA,Neo_Beads,Neonatal_Beads,7,Pericytes/VSM,1013,1731.0
Neo_Beads_ATCATTCTCGCG,Neo_Beads,Neonatal_Beads,13,Endothelial cells,964,1626.0
Neo_Beads_AGTTTCCCCGCC,Neo_Beads,Neonatal_Beads,9,Schwann cells,1238,2235.0
Neo_Beads_GCTCACCCGTAA,Neo_Beads,Neonatal_Beads,9,Schwann cells,968,1478.0
Neo_Beads_CCTTAGAAAACC,Neo_Beads,Neonatal_Beads,9,Schwann cells,910,1338.0
Neo_Beads_CCGCTGTTGGGT,Neo_Beads,Neonatal_Beads,3,Mesenchymal cells,1073,1958.0
Neo_Beads_TGTTGGTCCGAT,Neo_Beads,Neonatal_Beads,10,Schwann cells,1204,1901.0
Neo_Beads_GGCCCGTGCTGC,Neo_Beads,Neonatal_Beads,9,Schwann cells,1152,2103.0
Neo_Beads_TCGTATACCGAG,Neo_Beads,Neonatal_Beads,3,Mesenchymal cells,1111,1955.0
Neo_Beads_CTGCTACAGGCA,Neo_Beads,Neonatal_Beads,10,Schwann cells,954,1535.0
Neo_Beads_CTATAACAATGA,Neo_Beads,Neonatal_Beads,7,Pericytes/VSM,1131,1808.0
Neo_Beads_TATTGTCCTGAC,Neo_Beads,Neonatal_Beads,9,Schwann cells,1194,1980.0
Neo_Beads_GCCTCAAATGTT,Neo_Beads,Neonatal_Beads,10,Schwann cells,1035,1730.0
Neo_Beads_AAGCAAGCAACA,Neo_Beads,Neonatal_Beads,9,Schwann cells,1024,1511.0
Neo_Beads_GGCGTTGGATGG,Neo_Beads,Neonatal_Beads,2,Schwann cells,1462,2535.0
Neo_Beads_CACGCCAGAAGG,Neo_Beads,Neonatal_Beads,2,Schwann cells,927,1330.0
Neo_Beads_CACGAGGTCACT,Neo_Beads,Neonatal_Beads,0,Mesenchymal cells,1276,2427.0
Neo_Beads_CTCTAGCCACTC,Neo_Beads,Neonatal_Beads,2,Schwann cells,1314,2201.0
Neo_Beads_CACTTTTACTAC,Neo_Beads,Neonatal_Beads,10,Schwann cells,1042,1645.0
Neo_Beads_TGGATCATATTC,Neo_Beads,Neonatal_Beads,2,Schwann cells,1201,1999.0
Neo_Beads_CTGACCTCTCCC,Neo_Beads,Neonatal_Beads,9,Schwann cells,992,1583.0
Neo_Beads_CTCAACGCGACG,Neo_Beads,Neonatal_Beads,9,Schwann cells,1183,1923.0
Neo_Beads_AGAGAATCATGG,Neo_Beads,Neonatal_Beads,2,Schwann cells,908,1344.0
Neo_Beads_AGATATCATGTT,Neo_Beads,Neonatal_Beads,2,Schwann cells,1070,1665.0
Neo_Beads_TATATTCAATGC,Neo_Beads,Neonatal_Beads,4,Endothelial cells,1156,2166.0
Neo_Beads_TGTTGGCGGCAG,Neo_Beads,Neonatal_Beads,5,Endothelial cells,1080,2000.0
Neo_Beads_TACCGGTACACG,Neo_Beads,Neonatal_Beads,6,Endothelial cells,1009,1450.0
Neo_Beads_TGCTACAAACAA,Neo_Beads,Neonatal_Beads,7,Pericytes/VSM,1008,1555.0
Neo_Beads_GGGTCCCGCGCG,Neo_Beads,Neonatal_Beads,10,Schwann cells,1057,1679.0
Neo_Beads_ATGCGAGCGGAA,Neo_Beads,Neonatal_Beads,3,Mesenchymal cells,1019,1834.0
Neo_Beads_GGACGAGCAACC,Neo_Beads,Neonatal_Beads,10,Schwann cells,1142,1860.0
Neo_Beads_TGCCACGTTACG,Neo_Beads,Neonatal_Beads,7,Pericytes/VSM,1172,2049.0
Neo_Beads_CAGGCAAGCAGT,Neo_Beads,Neonatal_Beads,10,Schwann cells,1114,1817.0
Neo_Beads_GAACCTATGTGC,Neo_Beads,Neonatal_Beads,7,Pericytes/VSM,997,1506.0
Neo_Beads_CTGGGGCCGCTA,Neo_Beads,Neonatal_Beads,2,Schwann cells,1230,2037.0
Neo_Beads_ACTCCTTGTTGA,Neo_Beads,Neonatal_Beads,10,Schwann cells,1030,1636.0
Neo_Beads_GTAAATATAATG,Neo_Beads,Neonatal_Beads,9,Schwann cells,1134,1703.0
Neo_Beads_GTCTCAATGTTA,Neo_Beads,Neonatal_Beads,10,Schwann cells,927,1466.0
Neo_Beads_CGCTTGGGGTTT,Neo_Beads,Neonatal_Beads,2,Schwann cells,1071,1541.0
Neo_Beads_ATCGGGCCCCCC,Neo_Beads,Neonatal_Beads,10,Schwann cells,1015,1873.0
Neo_Beads_TCCTATCAGACT,Neo_Beads,Neonatal_Beads,3,Mesenchymal cells,1034,1975.0
Neo_Beads_TATCAGTACCCA,Neo_Beads,Neonatal_Beads,13,Endothelial cells,1119,1919.0
Neo_Beads_ACGTGACCCTGT,Neo_Beads,Neonatal_Beads,7,Pericytes/VSM,1244,2167.0
Neo_Beads_GCTTTCTTACGA,Neo_Beads,Neonatal_Beads,10,Schwann cells,997,1735.0
Neo_Beads_GACATAGACCAC,Neo_Beads,Neonatal_Beads,12,Schwann cells,1228,2125.0
Neo_Beads_TTGACGCTATCT,Neo_Beads,Neonatal_Beads,7,Pericytes/VSM,835,1293.0
Neo_Beads_GCCGTGCCTATN,Neo_Beads,Neonatal_Beads,10,Schwann cells,1174,1839.0
Neo_Beads_TCCAAAGCTTTA,Neo_Beads,Neonatal_Beads,12,Schwann cells,1098,1784.0
Neo_Beads_TCCAGTTGCGCC,Neo_Beads,Neonatal_Beads,13,Endothelial cells,952,1495.0
Neo_Beads_TCCTACCTTGGT,Neo_Beads,Neonatal_Beads,4,Endothelial cells,1081,1616.0
Neo_Beads_TCGGCTAGTTTG,Neo_Beads,Neonatal_Beads,9,Schwann cells,1046,1760.0
Neo_Beads_GTTGTTCGTAAT,Neo_Beads,Neonatal_Beads,6,Endothelial cells,1148,2018.0
Neo_Beads_GACTACACATCC,Neo_Beads,Neonatal_Beads,10,Schwann cells,982,1490.0
Neo_Beads_CTCCCGCACGGG,Neo_Beads,Neonatal_Beads,10,Schwann cells,993,1632.0
Neo_Beads_GGCTAAGAGCTC,Neo_Beads,Neonatal_Beads,10,Schwann cells,1082,1729.0
Neo_Beads_AGGCGGTCCGAC,Neo_Beads,Neonatal_Beads,13,Endothelial cells,1066,1780.0
Neo_Beads_CACAATCTCAGT,Neo_Beads,Neonatal_Beads,9,Schwann cells,1044,1590.0
Neo_Beads_TTGTATGTGTGG,Neo_Beads,Neonatal_Beads,9,Schwann cells,1158,1980.0
Neo_Beads_GTTATTCGGTTT,Neo_Beads,Neonatal_Beads,9,Schwann cells,1105,1751.0
Neo_Beads_AACCCGCTATCT,Neo_Beads,Neonatal_Beads,6,Endothelial cells,1056,1691.0
Neo_Beads_GCCAGGGCCGGT,Neo_Beads,Neonatal_Beads,7,Pericytes/VSM,1143,2038.0
Neo_Beads_GGGCCGCTTAAA,Neo_Beads,Neonatal_Beads,2,Schwann cells,1286,2177.0
Neo_Beads_AATTCAAACAGC,Neo_Beads,Neonatal_Beads,5,Endothelial cells,1167,1775.0
Neo_Beads_TCTCCCCCCGTC,Neo_Beads,Neonatal_Beads,2,Schwann cells,1120,1820.0
Neo_Beads_TTACGCGGTTAT,Neo_Beads,Neonatal_Beads,0,Mesenchymal cells,916,1404.0
Neo_Beads_GATTCGCCGCTC,Neo_Beads,Neonatal_Beads,3,Mesenchymal cells,845,1752.0
Neo_Beads_CTCCTGGATACT,Neo_Beads,Neonatal_Beads,2,Schwann cells,1166,2328.0
Neo_Beads_TACGCTCAGGTC,Neo_Beads,Neonatal_Beads,9,Schwann cells,1135,2022.0
Neo_Beads_TACATAACTTAC,Neo_Beads,Neonatal_Beads,10,Schwann cells,1050,1636.0
Neo_Beads_CGCGAACGACTN,Neo_Beads,Neonatal_Beads,12,Schwann cells,1090,1797.0
Neo_Beads_TATCGCGACTCG,Neo_Beads,Neonatal_Beads,9,Schwann cells,1020,1696.0
Neo_Beads_TCTTTAGGTGTG,Neo_Beads,Neonatal_Beads,7,Pericytes/VSM,1026,1648.0
Neo_Beads_ATTTTCAGGTGC,Neo_Beads,Neonatal_Beads,9,Schwann cells,1231,2018.0
Neo_Beads_GTTCTTATCCAG,Neo_Beads,Neonatal_Beads,10,Schwann cells,1076,1655.0
Neo_Beads_ATTGTATCGTGC,Neo_Beads,Neonatal_Beads,10,Schwann cells,1196,1932.0
Neo_Beads_CTGTGTAAGGTC,Neo_Beads,Neonatal_Beads,10,Schwann cells,1188,2158.0
Neo_Beads_ATTTCGCTCTGC,Neo_Beads,Neonatal_Beads,9,Schwann cells,985,1483.0
Neo_Beads_TAATACATCCTC,Neo_Beads,Neonatal_Beads,2,Schwann cells,1322,2248.0
Neo_Beads_CCTGGCCTCTTT,Neo_Beads,Neonatal_Beads,9,Schwann cells,1081,1785.0
Neo_Beads_CCGGACTTGGCT,Neo_Beads,Neonatal_Beads,9,Schwann cells,1091,1750.0
Neo_Beads_CGCTTCTCACCA,Neo_Beads,Neonatal_Beads,9,Schwann cells,1151,1974.0
Neo_Beads_GGAGTATTTAGA,Neo_Beads,Neonatal_Beads,12,Schwann cells,1237,2256.0
Neo_Beads_ACCGTAGTAACA,Neo_Beads,Neonatal_Beads,0,Mesenchymal cells,1159,2336.0
Neo_Beads_GTACAGCGTGAA,Neo_Beads,Neonatal_Beads,4,Endothelial cells,1152,1913.0
Neo_Beads_AAACCTATGTCT,Neo_Beads,Neonatal_Beads,13,Endothelial cells,1103,1722.0
Neo_Beads_ATCGGTAATCTT,Neo_Beads,Neonatal_Beads,9,Schwann cells,849,1307.0
Neo_Beads_CCAGGTGTGAGC,Neo_Beads,Neonatal_Beads,0,Mesenchymal cells,917,1874.0
Neo_Beads_GTCCCCAGACCG,Neo_Beads,Neonatal_Beads,7,Pericytes/VSM,1137,1997.0
Neo_Beads_GAGTATCCATAG,Neo_Beads,Neonatal_Beads,7,Pericytes/VSM,1132,1920.0
Neo_Beads_CGTATTGCAGCC,Neo_Beads,Neonatal_Beads,7,Pericytes/VSM,1107,2046.0
Neo_Beads_AGACTCACAAGA,Neo_Beads,Neonatal_Beads,13,Endothelial cells,1008,1598.0
Neo_Beads_GTGTCTCGCTTA,Neo_Beads,Neonatal_Beads,10,Schwann cells,1084,1661.0
Neo_Beads_GACGTCGCCGGT,Neo_Beads,Neonatal_Beads,0,Mesenchymal cells,938,1910.0
Neo_Beads_GTGGTTCAAATG,Neo_Beads,Neonatal_Beads,4,Endothelial cells,1387,2266.0
Neo_Beads_GACCTTTATTCC,Neo_Beads,Neonatal_Beads,10,Schwann cells,1077,1770.0
Neo_Beads_CTTGACAATAGT,Neo_Beads,Neonatal_Beads,9,Schwann cells,860,1374.0
Neo_Beads_AACGAACGAATG,Neo_Beads,Neonatal_Beads,0,Mesenchymal cells,946,1549.0
Neo_Beads_TTGTATCAGTGT,Neo_Beads,Neonatal_Beads,10,Schwann cells,990,1556.0
Neo_Beads_CGGTAATCCCCA,Neo_Beads,Neonatal_Beads,7,Pericytes/VSM,1156,2127.0
Neo_Beads_CTGTCAGATAAC,Neo_Beads,Neonatal_Beads,7,Pericytes/VSM,900,1480.0
Neo_Beads_ATCGTCCCCTCC,Neo_Beads,Neonatal_Beads,9,Schwann cells,1016,1568.0
Neo_Beads_AACTCGACCGGC,Neo_Beads,Neonatal_Beads,10,Schwann cells,958,1649.0
Neo_Beads_AGTCTTTTAAAT,Neo_Beads,Neonatal_Beads,10,Schwann cells,1176,1841.0
Neo_Beads_TTCGTTCTAGAG,Neo_Beads,Neonatal_Beads,2,Schwann cells,1065,1578.0
Neo_Beads_CACAGAAGACGG,Neo_Beads,Neonatal_Beads,7,Pericytes/VSM,981,1754.0
Neo_Beads_GGTATAGACTAG,Neo_Beads,Neonatal_Beads,13,Endothelial cells,1179,2008.0
Neo_Beads_ATGAGGTAGCAT,Neo_Beads,Neonatal_Beads,9,Schwann cells,1053,1668.0
Neo_Beads_GTAAGAGACCCA,Neo_Beads,Neonatal_Beads,1,Mesenchymal cells,1173,2099.0
Neo_Beads_TTGCTGTAACAG,Neo_Beads,Neonatal_Beads,10,Schwann cells,1248,2168.0
Neo_Beads_CACCAATAAACT,Neo_Beads,Neonatal_Beads,2,Schwann cells,1076,1650.0
Neo_Beads_TGTACCCAAGGA,Neo_Beads,Neonatal_Beads,13,Endothelial cells,1104,1866.0
Neo_Beads_GTTAAGCGGCAC,Neo_Beads,Neonatal_Beads,2,Schwann cells,1084,1736.0
Neo_Beads_AACGAGCCGGAC,Neo_Beads,Neonatal_Beads,13,Endothelial cells,1019,1663.0
Neo_Beads_CGTTCAGCCCGT,Neo_Beads,Neonatal_Beads,7,Pericytes/VSM,1097,1959.0
Neo_Beads_TTCCTCCCTAGC,Neo_Beads,Neonatal_Beads,10,Schwann cells,1078,1676.0
Neo_Beads_TTCATCGACTGA,Neo_Beads,Neonatal_Beads,7,Pericytes/VSM,1027,1927.0
Neo_Beads_AGCCATCAACAC,Neo_Beads,Neonatal_Beads,12,Schwann cells,1144,1878.0
Neo_Beads_CCCTCTTTGTGG,Neo_Beads,Neonatal_Beads,9,Schwann cells,964,1490.0
Neo_Beads_ATGATGAACACG,Neo_Beads,Neonatal_Beads,12,Schwann cells,1086,1691.0
Neo_Beads_CGCTCTCCCGCA,Neo_Beads,Neonatal_Beads,9,Schwann cells,1132,1768.0
Neo_Beads_ATGGTGGTTTTA,Neo_Beads,Neonatal_Beads,9,Schwann cells,1008,1628.0
Neo_Beads_TTTTCTGCAACA,Neo_Beads,Neonatal_Beads,7,Pericytes/VSM,980,1686.0
Neo_Beads_AACAGCGGCAGC,Neo_Beads,Neonatal_Beads,2,Schwann cells,1016,1612.0
Neo_Beads_GGATCTCCTTTA,Neo_Beads,Neonatal_Beads,10,Schwann cells,1056,1677.0
Neo_Beads_CGGACCTATTAA,Neo_Beads,Neonatal_Beads,2,Schwann cells,1085,1585.0
Neo_Beads_AAGTTATTTTTA,Neo_Beads,Neonatal_Beads,9,Schwann cells,929,1371.0
Neo_Beads_AGTCACCTTCAC,Neo_Beads,Neonatal_Beads,9,Schwann cells,1058,1654.0
Neo_Beads_CCAGAGGATGTC,Neo_Beads,Neonatal_Beads,3,Mesenchymal cells,1079,1971.0
Neo_Beads_AACGTTACAACC,Neo_Beads,Neonatal_Beads,9,Schwann cells,1035,1637.0
Neo_Beads_GGGCTACATTAG,Neo_Beads,Neonatal_Beads,9,Schwann cells,1199,1847.0
Neo_Beads_TCTTTGCGCTGT,Neo_Beads,Neonatal_Beads,0,Mesenchymal cells,1002,1696.0
Neo_Beads_GTATTATATTGA,Neo_Beads,Neonatal_Beads,3,Mesenchymal cells,1056,1854.0
Neo_Beads_CGAGCGGGCCTT,Neo_Beads,Neonatal_Beads,6,Endothelial cells,1054,1675.0
Neo_Beads_GTGCTACTAGAA,Neo_Beads,Neonatal_Beads,2,Schwann cells,934,1504.0
Neo_Beads_GTTTGTAGTAGG,Neo_Beads,Neonatal_Beads,9,Schwann cells,1043,1600.0
Neo_Beads_CAATAGATTTCG,Neo_Beads,Neonatal_Beads,9,Schwann cells,782,1171.0
Neo_Beads_GAGGGAACTGCA,Neo_Beads,Neonatal_Beads,9,Schwann cells,1146,1667.0
Neo_Beads_TTGCAGCTTCTC,Neo_Beads,Neonatal_Beads,10,Schwann cells,840,1290.0
Neo_Beads_CCGAGCCCAATT,Neo_Beads,Neonatal_Beads,7,Pericytes/VSM,990,1721.0
Neo_Beads_CTGTCTAAGTTT,Neo_Beads,Neonatal_Beads,9,Schwann cells,1136,1725.0
Neo_Beads_GATACAGAACCA,Neo_Beads,Neonatal_Beads,10,Schwann cells,988,1537.0
Neo_Beads_GGTTCGCTCGCC,Neo_Beads,Neonatal_Beads,2,Schwann cells,1187,1951.0
Neo_Beads_CCTGTGCTTCAG,Neo_Beads,Neonatal_Beads,9,Schwann cells,1015,1503.0
Neo_Beads_AACGTGGCAGAG,Neo_Beads,Neonatal_Beads,4,Endothelial cells,907,1628.0
Neo_Beads_CCCTCTGAGCTG,Neo_Beads,Neonatal_Beads,9,Schwann cells,1244,2081.0
Neo_Beads_CGTTTTATCAGG,Neo_Beads,Neonatal_Beads,9,Schwann cells,914,1442.0
Neo_Beads_GGCGTAGGGCCT,Neo_Beads,Neonatal_Beads,9,Schwann cells,1073,1714.0
Neo_Beads_TACGGATGACTG,Neo_Beads,Neonatal_Beads,10,Schwann cells,1235,2056.0
Neo_Beads_ATAGATTTTTTC,Neo_Beads,Neonatal_Beads,13,Endothelial cells,916,1437.0
Neo_Beads_CGTCCCCCGTCT,Neo_Beads,Neonatal_Beads,6,Endothelial cells,1099,2021.0
Neo_Beads_ATAACGAACCGA,Neo_Beads,Neonatal_Beads,9,Schwann cells,805,1223.0
Neo_Beads_ATCGGTGTGTAC,Neo_Beads,Neonatal_Beads,10,Schwann cells,1283,2071.0
Neo_Beads_GAAGGCTGGCAC,Neo_Beads,Neonatal_Beads,2,Schwann cells,1079,1741.0
Neo_Beads_TAGAACAGGATA,Neo_Beads,Neonatal_Beads,4,Endothelial cells,933,1456.0
Neo_Beads_AAGACGGCCTCA,Neo_Beads,Neonatal_Beads,9,Schwann cells,950,1503.0
Neo_Beads_CGTCAGATTTAG,Neo_Beads,Neonatal_Beads,9,Schwann cells,841,1209.0
Neo_Beads_CATGCATCTGAA,Neo_Beads,Neonatal_Beads,5,Endothelial cells,1069,1578.0
Neo_Beads_GCATTATGTGCA,Neo_Beads,Neonatal_Beads,9,Schwann cells,1111,1818.0
Neo_Beads_TGATGAATTTGG,Neo_Beads,Neonatal_Beads,2,Schwann cells,1060,1594.0
Neo_Beads_TCCCGATGTCAC,Neo_Beads,Neonatal_Beads,13,Endothelial cells,1085,2054.0
Neo_Beads_AGGTTTCGCCCG,Neo_Beads,Neonatal_Beads,10,Schwann cells,1117,1940.0
Neo_Beads_GTTTATTTCCCC,Neo_Beads,Neonatal_Beads,12,Schwann cells,995,1699.0
Neo_Beads_TTCAACGGGCAG,Neo_Beads,Neonatal_Beads,9,Schwann cells,1025,1753.0
Neo_Beads_GACTGGAGTTAC,Neo_Beads,Neonatal_Beads,4,Endothelial cells,1029,1624.0
Neo_Beads_TTTCCGCCACAC,Neo_Beads,Neonatal_Beads,2,Schwann cells,1037,1551.0
Neo_Beads_AGGGATACCAAA,Neo_Beads,Neonatal_Beads,9,Schwann cells,1211,2029.0
Neo_Beads_CCTCTGAATGAA,Neo_Beads,Neonatal_Beads,9,Schwann cells,1084,1782.0
Neo_Beads_AACTGAACTGAG,Neo_Beads,Neonatal_Beads,10,Schwann cells,899,1383.0
Neo_Beads_TCTTTTAGATGA,Neo_Beads,Neonatal_Beads,4,Endothelial cells,1056,1738.0
Neo_Beads_TAGGCGGCGTAA,Neo_Beads,Neonatal_Beads,13,Endothelial cells,1202,1940.0
Neo_Beads_CCCTGACTGTCA,Neo_Beads,Neonatal_Beads,2,Schwann cells,1103,1864.0
Neo_Beads_AATGTCTCCGTG,Neo_Beads,Neonatal_Beads,12,Schwann cells,1116,1858.0
Neo_Beads_GAAATGGAAACT,Neo_Beads,Neonatal_Beads,9,Schwann cells,942,1446.0
Neo_Beads_GCGACCCAGAGA,Neo_Beads,Neonatal_Beads,3,Mesenchymal cells,1039,2025.0
Neo_Beads_GAATTCGTGATA,Neo_Beads,Neonatal_Beads,2,Schwann cells,957,1450.0
Neo_Beads_GATATGAAGAAG,Neo_Beads,Neonatal_Beads,0,Mesenchymal cells,890,1608.0
Neo_Beads_ACCCCATAGTGC,Neo_Beads,Neonatal_Beads,0,Mesenchymal cells,1050,1887.0
Neo_Beads_TAACTATTGGTT,Neo_Beads,Neonatal_Beads,4,Endothelial cells,1011,1763.0
Neo_Beads_GTAAGCATTTTT,Neo_Beads,Neonatal_Beads,10,Schwann cells,953,1547.0
Neo_Beads_TACCCCCTTGGT,Neo_Beads,Neonatal_Beads,12,Schwann cells,1288,2179.0
Neo_Beads_GAACTCCCGCTC,Neo_Beads,Neonatal_Beads,13,Endothelial cells,1012,1659.0
Neo_Beads_AACTCTGGAGAT,Neo_Beads,Neonatal_Beads,13,Endothelial cells,780,1307.0
Neo_Beads_CCTCGGATCTTG,Neo_Beads,Neonatal_Beads,4,Endothelial cells,876,1318.0
Neo_Beads_CTAAGTATATTC,Neo_Beads,Neonatal_Beads,6,Endothelial cells,932,1345.0
Neo_Beads_TTGATGTGTTAA,Neo_Beads,Neonatal_Beads,9,Schwann cells,1087,1649.0
Neo_Beads_GTTCTGTCCAGG,Neo_Beads,Neonatal_Beads,5,Endothelial cells,1154,2044.0
Neo_Beads_GACCGCTAGTGT,Neo_Beads,Neonatal_Beads,10,Schwann cells,972,1570.0
Neo_Beads_AACTCCCGAGAT,Neo_Beads,Neonatal_Beads,10,Schwann cells,881,1361.0
Neo_Beads_CAACCGTGGCAG,Neo_Beads,Neonatal_Beads,0,Mesenchymal cells,667,1333.0
Neo_Beads_GCGAAAGTAGAG,Neo_Beads,Neonatal_Beads,10,Schwann cells,1001,1502.0
Neo_Beads_GGCTGGGATAAC,Neo_Beads,Neonatal_Beads,5,Endothelial cells,1150,1973.0
Neo_Beads_TTTATAAGCATA,Neo_Beads,Neonatal_Beads,10,Schwann cells,1016,1598.0
Neo_Beads_CCAAGGGCGAAC,Neo_Beads,Neonatal_Beads,10,Schwann cells,860,1279.0
Neo_Beads_TACGATCGCATA,Neo_Beads,Neonatal_Beads,2,Schwann cells,1171,1905.0
Neo_Beads_CTAAAGCCTCTT,Neo_Beads,Neonatal_Beads,10,Schwann cells,1009,1582.0
Neo_Beads_CCAAAGCGCACT,Neo_Beads,Neonatal_Beads,5,Endothelial cells,1156,1923.0
Neo_Beads_GACTAGCATACT,Neo_Beads,Neonatal_Beads,9,Schwann cells,1052,1826.0
Neo_Beads_GAGCCGTCTCCA,Neo_Beads,Neonatal_Beads,9,Schwann cells,803,1244.0
Neo_Beads_CCGCGTCATTCG,Neo_Beads,Neonatal_Beads,10,Schwann cells,982,1510.0
Neo_Beads_TGGTCAACTTTC,Neo_Beads,Neonatal_Beads,12,Schwann cells,917,1449.0
Neo_Beads_CCCGATCCTTAC,Neo_Beads,Neonatal_Beads,0,Mesenchymal cells,853,1801.0
Neo_Beads_CGACTTCATCGG,Neo_Beads,Neonatal_Beads,3,Mesenchymal cells,920,1689.0
Neo_Beads_CGAAGTGCGGCT,Neo_Beads,Neonatal_Beads,4,Endothelial cells,1027,1636.0
Neo_Beads_GGTGTTCACTCC,Neo_Beads,Neonatal_Beads,2,Schwann cells,1182,2166.0
Neo_Beads_AACAGGCATCGG,Neo_Beads,Neonatal_Beads,4,Endothelial cells,997,1344.0
Neo_Beads_GGCGTCAGCTTT,Neo_Beads,Neonatal_Beads,4,Endothelial cells,1068,1590.0
Neo_Beads_AGAGCCTTTGCC,Neo_Beads,Neonatal_Beads,10,Schwann cells,1114,1855.0
Neo_Beads_ATTAATCCGCCG,Neo_Beads,Neonatal_Beads,2,Schwann cells,834,1245.0
Neo_Beads_GACGCTATCTCT,Neo_Beads,Neonatal_Beads,10,Schwann cells,1033,1589.0
Neo_Beads_AGCAGGTCATCA,Neo_Beads,Neonatal_Beads,10,Schwann cells,1161,1965.0
Neo_Beads_TCCCCCCAATAG,Neo_Beads,Neonatal_Beads,2,Schwann cells,1159,1931.0
Neo_Beads_CGATACGAACAC,Neo_Beads,Neonatal_Beads,3,Mesenchymal cells,846,1679.0
Neo_Beads_TTACCTAGAGCG,Neo_Beads,Neonatal_Beads,13,Endothelial cells,912,1716.0
Neo_Beads_CAATCCTGGTTG,Neo_Beads,Neonatal_Beads,3,Mesenchymal cells,1018,1768.0
Neo_Beads_TGGGCCTCGCGA,Neo_Beads,Neonatal_Beads,2,Schwann cells,1512,2903.0
Neo_Beads_GCTAGGTTGCCA,Neo_Beads,Neonatal_Beads,4,Endothelial cells,1363,2553.0
Neo_Beads_TTCTGTGTGTCC,Neo_Beads,Neonatal_Beads,0,Mesenchymal cells,986,1918.0
Neo_Beads_ATACGCCGCTTG,Neo_Beads,Neonatal_Beads,10,Schwann cells,974,1511.0
Neo_Beads_AGGCTACCCATA,Neo_Beads,Neonatal_Beads,3,Mesenchymal cells,1003,1721.0
Neo_Beads_CGCCGGTGATGT,Neo_Beads,Neonatal_Beads,10,Schwann cells,1005,1526.0
Neo_Beads_TTCAGGTTCCTT,Neo_Beads,Neonatal_Beads,3,Mesenchymal cells,1010,1720.0
Neo_Beads_GACCCTACGTGC,Neo_Beads,Neonatal_Beads,3,Mesenchymal cells,1040,1929.0
Neo_Beads_GCGACCCTGTTC,Neo_Beads,Neonatal_Beads,9,Schwann cells,1218,2225.0
Neo_Beads_TTATACAAAGTC,Neo_Beads,Neonatal_Beads,9,Schwann cells,989,1448.0
Neo_Beads_GTTACATTGCAA,Neo_Beads,Neonatal_Beads,12,Schwann cells,1127,1784.0
Neo_Beads_CTGGCCCAACAT,Neo_Beads,Neonatal_Beads,7,Pericytes/VSM,931,1520.0
Neo_Beads_GTGTCCCGTGTG,Neo_Beads,Neonatal_Beads,9,Schwann cells,1136,2068.0
Neo_Beads_CCGAGTCGCCTA,Neo_Beads,Neonatal_Beads,7,Pericytes/VSM,1133,2086.0
Neo_Beads_CTCTTCAAATCC,Neo_Beads,Neonatal_Beads,10,Schwann cells,1023,1524.0
Neo_Beads_TATAGCGCTATG,Neo_Beads,Neonatal_Beads,2,Schwann cells,1045,1519.0
Neo_Beads_ACTTATGGCGCG,Neo_Beads,Neonatal_Beads,9,Schwann cells,1065,1871.0
Neo_Beads_GGACTTAGGGTT,Neo_Beads,Neonatal_Beads,13,Endothelial cells,1145,2065.0
Neo_Beads_AAAGCATCTTTC,Neo_Beads,Neonatal_Beads,10,Schwann cells,961,1468.0
Neo_Beads_ATGACGCTGCCT,Neo_Beads,Neonatal_Beads,7,Pericytes/VSM,888,1523.0
Neo_Beads_AGATTAACACGN,Neo_Beads,Neonatal_Beads,12,Schwann cells,1015,1533.0
Neo_Beads_GAAACGTCTTAG,Neo_Beads,Neonatal_Beads,10,Schwann cells,959,1457.0
Neo_Beads_ACCCCGGGATCC,Neo_Beads,Neonatal_Beads,10,Schwann cells,1090,2067.0
Neo_Beads_ATTCTTGTAGTG,Neo_Beads,Neonatal_Beads,2,Schwann cells,1207,2062.0
Neo_Beads_CTAGCAGAACCT,Neo_Beads,Neonatal_Beads,10,Schwann cells,1047,1620.0
Neo_Beads_GCTCATTTCAAC,Neo_Beads,Neonatal_Beads,2,Schwann cells,990,1543.0
Neo_Beads_GCCGCCTGAACG,Neo_Beads,Neonatal_Beads,12,Schwann cells,1153,1931.0
Neo_Beads_GTTTCTATTGCA,Neo_Beads,Neonatal_Beads,13,Endothelial cells,1027,1703.0
Neo_Beads_GCGATACGTTAT,Neo_Beads,Neonatal_Beads,7,Pericytes/VSM,922,1543.0
Neo_Beads_TCTAATGGAACA,Neo_Beads,Neonatal_Beads,2,Schwann cells,995,1471.0
Neo_Beads_CCAGCCTTAACC,Neo_Beads,Neonatal_Beads,9,Schwann cells,927,1644.0
Neo_Beads_AGGCTGCTGAGT,Neo_Beads,Neonatal_Beads,7,Pericytes/VSM,1047,2015.0
Neo_Beads_GCCTGTGCACCT,Neo_Beads,Neonatal_Beads,10,Schwann cells,1005,1604.0
Neo_Beads_TCATCACTGGAC,Neo_Beads,Neonatal_Beads,5,Endothelial cells,976,1514.0
Neo_Beads_GTAACACGGACC,Neo_Beads,Neonatal_Beads,2,Schwann cells,1092,1700.0
Neo_Beads_GGTACGCTTACG,Neo_Beads,Neonatal_Beads,10,Schwann cells,1038,1685.0
Neo_Beads_GCAGACCATATC,Neo_Beads,Neonatal_Beads,12,Schwann cells,1115,1874.0
Neo_Beads_GTCAATATGGAA,Neo_Beads,Neonatal_Beads,9,Schwann cells,933,1388.0
Neo_Beads_GTAGCTTGGAGG,Neo_Beads,Neonatal_Beads,10,Schwann cells,913,1453.0
Neo_Beads_GAGCACTCTCAT,Neo_Beads,Neonatal_Beads,9,Schwann cells,968,1601.0
Neo_Beads_GCCGCTTCTGAT,Neo_Beads,Neonatal_Beads,0,Mesenchymal cells,910,1579.0
Neo_Beads_ACGGTCCCCGGT,Neo_Beads,Neonatal_Beads,10,Schwann cells,979,1433.0
Neo_Beads_CCCCTTCGCAAC,Neo_Beads,Neonatal_Beads,12,Schwann cells,1115,1909.0
Neo_Beads_ACATCCTCCTAG,Neo_Beads,Neonatal_Beads,2,Schwann cells,1207,1975.0
Neo_Beads_AGTTGCGCCCGT,Neo_Beads,Neonatal_Beads,12,Schwann cells,1229,2379.0
Neo_Beads_AAGATCTTTAGT,Neo_Beads,Neonatal_Beads,3,Mesenchymal cells,907,1482.0
Neo_Beads_TTGTTAATCATA,Neo_Beads,Neonatal_Beads,7,Pericytes/VSM,919,1537.0
Neo_Beads_GCGACAGGTGCA,Neo_Beads,Neonatal_Beads,2,Schwann cells,1150,2035.0
Neo_Beads_AAGAGTCACCCC,Neo_Beads,Neonatal_Beads,13,Endothelial cells,1002,1798.0
Neo_Beads_CGGAGCGTGGAT,Neo_Beads,Neonatal_Beads,10,Schwann cells,1205,2056.0
Neo_Beads_ACGACTTTAATT,Neo_Beads,Neonatal_Beads,9,Schwann cells,1089,1715.0
Neo_Beads_GAATAAGCTTCG,Neo_Beads,Neonatal_Beads,12,Schwann cells,840,1348.0
Neo_Beads_ATGAGATTCCGG,Neo_Beads,Neonatal_Beads,9,Schwann cells,752,1126.0
Neo_Beads_AGTTCAAGAATT,Neo_Beads,Neonatal_Beads,7,Pericytes/VSM,918,1448.0
Neo_Beads_GTGTAACCCCAA,Neo_Beads,Neonatal_Beads,7,Pericytes/VSM,1093,1752.0
Neo_Beads_ACATCCGTCTCG,Neo_Beads,Neonatal_Beads,7,Pericytes/VSM,1026,1688.0
Neo_Beads_CCGTCTCGCACT,Neo_Beads,Neonatal_Beads,9,Schwann cells,981,1454.0
Neo_Beads_TCCCCAGTAACG,Neo_Beads,Neonatal_Beads,9,Schwann cells,959,1490.0
Neo_Beads_GTATCGAACTAG,Neo_Beads,Neonatal_Beads,9,Schwann cells,862,1353.0
Neo_Beads_GTTACATTTTCC,Neo_Beads,Neonatal_Beads,10,Schwann cells,862,1369.0
Neo_Beads_AGCCATCGGAGA,Neo_Beads,Neonatal_Beads,9,Schwann cells,798,1172.0
Neo_Beads_ATAATCTCCGTT,Neo_Beads,Neonatal_Beads,13,Endothelial cells,890,1397.0
Neo_Beads_GTTTACGCGGAA,Neo_Beads,Neonatal_Beads,2,Schwann cells,1109,1836.0
Neo_Beads_TTTGGTGAATCA,Neo_Beads,Neonatal_Beads,12,Schwann cells,986,1628.0
Neo_Beads_TCGATAAGAGGC,Neo_Beads,Neonatal_Beads,10,Schwann cells,962,1437.0
Neo_Beads_AGTCAACCACAA,Neo_Beads,Neonatal_Beads,4,Endothelial cells,933,1631.0
Neo_Beads_AATCAAACTCGT,Neo_Beads,Neonatal_Beads,12,Schwann cells,876,1272.0
Neo_Beads_ACCCTGTAGTCT,Neo_Beads,Neonatal_Beads,10,Schwann cells,1177,1988.0
Neo_Beads_TAACCCCCCAGA,Neo_Beads,Neonatal_Beads,2,Schwann cells,1203,2013.0
Neo_Beads_CGCAACGAAATT,Neo_Beads,Neonatal_Beads,10,Schwann cells,870,1352.0
Neo_Beads_AGGCCGGACCAT,Neo_Beads,Neonatal_Beads,4,Endothelial cells,1144,2106.0
Neo_Beads_CGAGATGTGTGA,Neo_Beads,Neonatal_Beads,10,Schwann cells,1085,1757.0
Neo_Beads_AAGATGAACGAT,Neo_Beads,Neonatal_Beads,9,Schwann cells,1110,1726.0
Neo_Beads_GCTTTCCCAAAT,Neo_Beads,Neonatal_Beads,7,Pericytes/VSM,1106,1845.0
Neo_Beads_GTTCAATGGTCG,Neo_Beads,Neonatal_Beads,10,Schwann cells,1026,1545.0
Neo_Beads_TGGGACGTTTGN,Neo_Beads,Neonatal_Beads,13,Endothelial cells,767,1515.0
Neo_Beads_ACCCCGATTTGA,Neo_Beads,Neonatal_Beads,2,Schwann cells,1017,1608.0
Neo_Beads_CAACGGCTGTGT,Neo_Beads,Neonatal_Beads,10,Schwann cells,911,1399.0
Neo_Beads_GTCGACCCCGCT,Neo_Beads,Neonatal_Beads,9,Schwann cells,1140,2027.0
Neo_Beads_CACGGCTGTAAT,Neo_Beads,Neonatal_Beads,2,Schwann cells,1173,1941.0
Neo_Beads_ATTGAAACCGTT,Neo_Beads,Neonatal_Beads,12,Schwann cells,904,1336.0
Neo_Beads_CTCGCGGGGGCA,Neo_Beads,Neonatal_Beads,2,Schwann cells,1060,1817.0
Neo_Beads_GAATTTTTTTCT,Neo_Beads,Neonatal_Beads,9,Schwann cells,787,1146.0
Neo_Beads_CCCGCTTAATCC,Neo_Beads,Neonatal_Beads,9,Schwann cells,914,1441.0
Neo_Beads_CCAGAGTCTCTA,Neo_Beads,Neonatal_Beads,9,Schwann cells,953,1466.0
Neo_Beads_CCTTAACGACGT,Neo_Beads,Neonatal_Beads,0,Mesenchymal cells,871,1553.0
Neo_Beads_AGCAGGGCATGC,Neo_Beads,Neonatal_Beads,2,Schwann cells,1042,1546.0
Neo_Beads_ACATAAGGAGAT,Neo_Beads,Neonatal_Beads,9,Schwann cells,1059,1541.0
Neo_Beads_AATGAGGAGAAG,Neo_Beads,Neonatal_Beads,10,Schwann cells,844,1307.0
Neo_Beads_CACTCTCTAAGA,Neo_Beads,Neonatal_Beads,9,Schwann cells,997,1460.0
Neo_Beads_TAGTACAGAGAG,Neo_Beads,Neonatal_Beads,13,Endothelial cells,1013,1525.0
Neo_Beads_ATCGCTAGAGGC,Neo_Beads,Neonatal_Beads,12,Schwann cells,1062,1791.0
Neo_Beads_ACTGCGAACGTG,Neo_Beads,Neonatal_Beads,1,Mesenchymal cells,1015,1724.0
Neo_Beads_TGTCTGTAGACG,Neo_Beads,Neonatal_Beads,2,Schwann cells,1087,1607.0
Neo_Beads_AAGGGATTCAAA,Neo_Beads,Neonatal_Beads,3,Mesenchymal cells,810,1373.0
Neo_Beads_CTATAACTATGA,Neo_Beads,Neonatal_Beads,5,Endothelial cells,1086,1637.0
Neo_Beads_GCCGCTAGTGGC,Neo_Beads,Neonatal_Beads,3,Mesenchymal cells,951,1748.0
Neo_Beads_TTTTCCCCTCGA,Neo_Beads,Neonatal_Beads,10,Schwann cells,888,1351.0
Neo_Beads_CTCGGTGGAGAC,Neo_Beads,Neonatal_Beads,2,Schwann cells,1051,1723.0
Neo_Beads_ATTGAAACAGCT,Neo_Beads,Neonatal_Beads,10,Schwann cells,934,1460.0
Neo_Beads_CGTAACCCTGAC,Neo_Beads,Neonatal_Beads,10,Schwann cells,1130,1808.0
Neo_Beads_ACCCCGCTGGTA,Neo_Beads,Neonatal_Beads,10,Schwann cells,994,1582.0
Neo_Beads_GCGCGCACCCAA,Neo_Beads,Neonatal_Beads,9,Schwann cells,1253,2517.0
Neo_Beads_CCGAACGATCTA,Neo_Beads,Neonatal_Beads,7,Pericytes/VSM,996,1680.0
Neo_Beads_TGTCTAAAGCAG,Neo_Beads,Neonatal_Beads,10,Schwann cells,1066,1722.0
Neo_Beads_GCTTCTCGGACT,Neo_Beads,Neonatal_Beads,3,Mesenchymal cells,964,1938.0
Neo_Beads_TTCGCCCTATCG,Neo_Beads,Neonatal_Beads,12,Schwann cells,919,1373.0
Neo_Beads_CGTCAATTTCTT,Neo_Beads,Neonatal_Beads,5,Endothelial cells,906,1311.0
Neo_Beads_GCGTAACAGGTC,Neo_Beads,Neonatal_Beads,2,Schwann cells,995,1490.0
Neo_Beads_GGTTTGCCCGCG,Neo_Beads,Neonatal_Beads,4,Endothelial cells,1083,2214.0
Neo_Beads_GGTACTGACAGT,Neo_Beads,Neonatal_Beads,9,Schwann cells,923,1378.0
Neo_Beads_ATTCGTCTCCCG,Neo_Beads,Neonatal_Beads,12,Schwann cells,1040,1761.0
Neo_Beads_CCAGCATGTGGA,Neo_Beads,Neonatal_Beads,12,Schwann cells,942,1398.0
Neo_Beads_CGGCGCCCTTTC,Neo_Beads,Neonatal_Beads,3,Mesenchymal cells,870,1618.0
Neo_Beads_GCGTCTCCCAGT,Neo_Beads,Neonatal_Beads,13,Endothelial cells,958,1903.0
Neo_Beads_CTAACGTAGAAC,Neo_Beads,Neonatal_Beads,7,Pericytes/VSM,1020,1688.0
Neo_Beads_TTATTGGACAGA,Neo_Beads,Neonatal_Beads,4,Endothelial cells,1091,1969.0
Neo_Beads_ATTGCGATCACT,Neo_Beads,Neonatal_Beads,10,Schwann cells,939,1392.0
Neo_Beads_ACTGGTGAGGAA,Neo_Beads,Neonatal_Beads,6,Endothelial cells,957,1484.0
Neo_Beads_GTTACTTCTTCC,Neo_Beads,Neonatal_Beads,9,Schwann cells,886,1417.0
Neo_Beads_CGTGATCTATGG,Neo_Beads,Neonatal_Beads,10,Schwann cells,1146,1923.0
Neo_Beads_GTATGCTAGCGT,Neo_Beads,Neonatal_Beads,3,Mesenchymal cells,951,1604.0
Neo_Beads_ATGAGCGCATCG,Neo_Beads,Neonatal_Beads,9,Schwann cells,953,1484.0
Neo_Beads_TGTGCGAGCGTA,Neo_Beads,Neonatal_Beads,2,Schwann cells,1143,1823.0
Neo_Beads_TTTGCAAAACCT,Neo_Beads,Neonatal_Beads,2,Schwann cells,1055,1645.0
Neo_Beads_TTCTCTGTCGAA,Neo_Beads,Neonatal_Beads,13,Endothelial cells,832,1243.0
Neo_Beads_CGGGCCTCATAA,Neo_Beads,Neonatal_Beads,9,Schwann cells,945,1486.0
Neo_Beads_TCAGCTTATATA,Neo_Beads,Neonatal_Beads,1,Mesenchymal cells,972,1715.0
Neo_Beads_CTAGACTTAATA,Neo_Beads,Neonatal_Beads,4,Endothelial cells,1044,1594.0
Neo_Beads_CGTGTCGGCACG,Neo_Beads,Neonatal_Beads,12,Schwann cells,914,1387.0
Neo_Beads_CTCAGACTCCCT,Neo_Beads,Neonatal_Beads,9,Schwann cells,960,1442.0
Neo_Beads_TGCTTGTGCTAG,Neo_Beads,Neonatal_Beads,2,Schwann cells,1269,2033.0
Neo_Beads_TCCGACCGTCCC,Neo_Beads,Neonatal_Beads,3,Mesenchymal cells,1038,2032.0
Neo_Beads_GCCCCGCGGTGA,Neo_Beads,Neonatal_Beads,6,Endothelial cells,987,1694.0
Neo_Beads_ACCCGAACACAG,Neo_Beads,Neonatal_Beads,0,Mesenchymal cells,994,2091.0
Neo_Beads_GCGATGCTACCA,Neo_Beads,Neonatal_Beads,2,Schwann cells,1208,1923.0
Neo_Beads_GACAACTACGAC,Neo_Beads,Neonatal_Beads,10,Schwann cells,907,1413.0
Neo_Beads_TTCAATCCCTGA,Neo_Beads,Neonatal_Beads,1,Mesenchymal cells,948,1853.0
Neo_Beads_TAGTCAATACGC,Neo_Beads,Neonatal_Beads,9,Schwann cells,948,1435.0
Neo_Beads_ACCGACAAGGAC,Neo_Beads,Neonatal_Beads,9,Schwann cells,853,1232.0
Neo_Beads_TCCTTGCCGCAA,Neo_Beads,Neonatal_Beads,13,Endothelial cells,860,1384.0
Neo_Beads_CGTGAACCATGG,Neo_Beads,Neonatal_Beads,7,Pericytes/VSM,1008,1696.0
Neo_Beads_TTCGTGGGTGAA,Neo_Beads,Neonatal_Beads,10,Schwann cells,977,1720.0
Neo_Beads_CCTGGCTCAGCG,Neo_Beads,Neonatal_Beads,0,Mesenchymal cells,970,1648.0
Neo_Beads_TGCCTCCCTTGA,Neo_Beads,Neonatal_Beads,0,Mesenchymal cells,815,1265.0
Neo_Beads_CACCCAAGTGGT,Neo_Beads,Neonatal_Beads,1,Mesenchymal cells,993,1819.0
Neo_Beads_TGATTTAGCGGA,Neo_Beads,Neonatal_Beads,10,Schwann cells,954,1499.0
Neo_Beads_GTACGCACGCTT,Neo_Beads,Neonatal_Beads,10,Schwann cells,996,1667.0
Neo_Beads_AGGTCTAGCTGC,Neo_Beads,Neonatal_Beads,10,Schwann cells,1029,1871.0
Neo_Beads_CATATGCGCTAG,Neo_Beads,Neonatal_Beads,12,Schwann cells,1069,1744.0
Neo_Beads_TGGCCGTTGGTC,Neo_Beads,Neonatal_Beads,9,Schwann cells,973,1723.0
Neo_Beads_ATGAGGTTCCTT,Neo_Beads,Neonatal_Beads,9,Schwann cells,895,1380.0
Neo_Beads_CAGGCTAGCACG,Neo_Beads,Neonatal_Beads,2,Schwann cells,985,1494.0
Neo_Beads_GCCTCAGTTCTG,Neo_Beads,Neonatal_Beads,2,Schwann cells,1095,1654.0
Neo_Beads_TAAAAACTACAC,Neo_Beads,Neonatal_Beads,2,Schwann cells,991,1368.0
Neo_Beads_GTCTGATAACTG,Neo_Beads,Neonatal_Beads,13,Endothelial cells,787,1180.0
Neo_Beads_CGCCACCCAGCG,Neo_Beads,Neonatal_Beads,4,Endothelial cells,762,1220.0
Neo_Beads_CTGATCGCAATT,Neo_Beads,Neonatal_Beads,10,Schwann cells,1006,1703.0
Neo_Beads_AGGGAGGGTGAA,Neo_Beads,Neonatal_Beads,7,Pericytes/VSM,1103,2024.0
Neo_Beads_CTGCCCCTATAA,Neo_Beads,Neonatal_Beads,12,Schwann cells,939,1446.0
Neo_Beads_AGTTCATCAGCA,Neo_Beads,Neonatal_Beads,3,Mesenchymal cells,1009,1752.0
Neo_Beads_AGCAGATGATTG,Neo_Beads,Neonatal_Beads,1,Mesenchymal cells,974,1759.0
Neo_Beads_CAGTTTCGGCGA,Neo_Beads,Neonatal_Beads,3,Mesenchymal cells,856,1544.0
Neo_Beads_TTGACCGTCAGA,Neo_Beads,Neonatal_Beads,7,Pericytes/VSM,1000,1739.0
Neo_Beads_GGCCGCCCGGCT,Neo_Beads,Neonatal_Beads,9,Schwann cells,1034,1827.0
Neo_Beads_CTCCCGATAAGC,Neo_Beads,Neonatal_Beads,3,Mesenchymal cells,904,1700.0
Neo_Beads_CCCTCATACGCT,Neo_Beads,Neonatal_Beads,3,Mesenchymal cells,901,1662.0
Neo_Beads_TGACCCATTCCT,Neo_Beads,Neonatal_Beads,9,Schwann cells,1033,1664.0
Neo_Beads_ATCCGTAAAGCC,Neo_Beads,Neonatal_Beads,10,Schwann cells,957,1434.0
Neo_Beads_AAGCCGTTCTAG,Neo_Beads,Neonatal_Beads,10,Schwann cells,828,1147.0
Neo_Beads_GCCCGGAGGCTA,Neo_Beads,Neonatal_Beads,13,Endothelial cells,845,1363.0
Neo_Beads_GTTCTTAGGTGC,Neo_Beads,Neonatal_Beads,2,Schwann cells,1198,2169.0
Neo_Beads_ATGTGCTTAGCT,Neo_Beads,Neonatal_Beads,2,Schwann cells,1099,1776.0
Neo_Beads_CCGCTAGACTTC,Neo_Beads,Neonatal_Beads,9,Schwann cells,886,1354.0
Neo_Beads_CCGGGATTCACT,Neo_Beads,Neonatal_Beads,10,Schwann cells,823,1271.0
Neo_Beads_ACTTCTTATCCA,Neo_Beads,Neonatal_Beads,10,Schwann cells,939,1395.0
Neo_Beads_GAACGCCCCTCA,Neo_Beads,Neonatal_Beads,7,Pericytes/VSM,1107,2005.0
Neo_Beads_CACTAAGATAGT,Neo_Beads,Neonatal_Beads,10,Schwann cells,998,1565.0
Neo_Beads_CGCTGGCGGCGG,Neo_Beads,Neonatal_Beads,0,Mesenchymal cells,1017,1981.0
Neo_Beads_GCTATTTGCCGA,Neo_Beads,Neonatal_Beads,10,Schwann cells,840,1227.0
Neo_Beads_CATAATACTACC,Neo_Beads,Neonatal_Beads,10,Schwann cells,945,1542.0
Neo_Beads_AACGATGCGGTC,Neo_Beads,Neonatal_Beads,13,Endothelial cells,703,1380.0
Neo_Beads_GAGACGCCGAAT,Neo_Beads,Neonatal_Beads,10,Schwann cells,859,1314.0
Neo_Beads_GTTTCTAACCGC,Neo_Beads,Neonatal_Beads,10,Schwann cells,892,1347.0
Neo_Beads_CTTTTCATGTGG,Neo_Beads,Neonatal_Beads,12,Schwann cells,937,1409.0
Neo_Beads_CGATGGCCACCA,Neo_Beads,Neonatal_Beads,10,Schwann cells,982,1552.0
Neo_Beads_ACTACGTTGTCT,Neo_Beads,Neonatal_Beads,9,Schwann cells,895,1396.0
Neo_Beads_CACCCTCTATGT,Neo_Beads,Neonatal_Beads,9,Schwann cells,988,1584.0
Neo_Beads_GACCTGGCAGAC,Neo_Beads,Neonatal_Beads,2,Schwann cells,974,1538.0
Neo_Beads_ATTACTGACCGG,Neo_Beads,Neonatal_Beads,10,Schwann cells,916,1356.0
Neo_Beads_CCTAGAGAGCTG,Neo_Beads,Neonatal_Beads,2,Schwann cells,1045,1623.0
Neo_Beads_GTTTTTCCTTCG,Neo_Beads,Neonatal_Beads,12,Schwann cells,891,1358.0
Neo_Beads_CCGAGCAACTTG,Neo_Beads,Neonatal_Beads,10,Schwann cells,941,1534.0
Neo_Beads_TCCCAGTACGGG,Neo_Beads,Neonatal_Beads,10,Schwann cells,1033,1700.0
Neo_Beads_CCCACAGAAACG,Neo_Beads,Neonatal_Beads,4,Endothelial cells,752,1090.0
Neo_Beads_GGCTAGACTATA,Neo_Beads,Neonatal_Beads,3,Mesenchymal cells,1065,1900.0
Neo_Beads_CCGCATAGGTGT,Neo_Beads,Neonatal_Beads,9,Schwann cells,956,1459.0
Neo_Beads_TCGCCTTCAAGA,Neo_Beads,Neonatal_Beads,1,Mesenchymal cells,807,1268.0
Neo_Beads_CCTAGTCTGGCA,Neo_Beads,Neonatal_Beads,2,Schwann cells,887,1300.0
Neo_Beads_CGTCTCCCAAAT,Neo_Beads,Neonatal_Beads,2,Schwann cells,995,1548.0
Neo_Beads_ACCCGCCAATCA,Neo_Beads,Neonatal_Beads,9,Schwann cells,968,1452.0
Neo_Beads_GAGTGCCTCGGT,Neo_Beads,Neonatal_Beads,2,Schwann cells,1099,1779.0
Neo_Beads_CTTCGAGATCGT,Neo_Beads,Neonatal_Beads,10,Schwann cells,950,1504.0
Neo_Beads_AAATCCACCAGC,Neo_Beads,Neonatal_Beads,10,Schwann cells,962,1404.0
Neo_Beads_AAGGCCCTGGGG,Neo_Beads,Neonatal_Beads,10,Schwann cells,1009,1602.0
Neo_Beads_GGCGTTGAAACA,Neo_Beads,Neonatal_Beads,13,Endothelial cells,979,1496.0
Neo_Beads_GAGTAACTTGAG,Neo_Beads,Neonatal_Beads,7,Pericytes/VSM,795,1196.0
Neo_Beads_GACTAGAGAATG,Neo_Beads,Neonatal_Beads,7,Pericytes/VSM,851,1349.0
Neo_Beads_CCGTGCTTAGAA,Neo_Beads,Neonatal_Beads,9,Schwann cells,1013,1506.0
Neo_Beads_CCTGACTATTGG,Neo_Beads,Neonatal_Beads,10,Schwann cells,830,1325.0
Neo_Beads_GTGTCGAGGGAA,Neo_Beads,Neonatal_Beads,3,Mesenchymal cells,926,1797.0
Neo_Beads_ATGGTAGACACC,Neo_Beads,Neonatal_Beads,9,Schwann cells,966,1440.0
Neo_Beads_TGCGAATACTCA,Neo_Beads,Neonatal_Beads,10,Schwann cells,914,1358.0
Neo_Beads_CATGTACGAAAA,Neo_Beads,Neonatal_Beads,9,Schwann cells,712,1076.0
Neo_Beads_CCATCGAGCGCG,Neo_Beads,Neonatal_Beads,12,Schwann cells,840,1227.0
Neo_Beads_TATCAAAGCGGG,Neo_Beads,Neonatal_Beads,3,Mesenchymal cells,922,1470.0
Neo_Beads_CCAGTCACGTGG,Neo_Beads,Neonatal_Beads,2,Schwann cells,1200,2131.0
Neo_Beads_CACGGATATCAG,Neo_Beads,Neonatal_Beads,2,Schwann cells,962,1482.0
Neo_Beads_CTGCTACCAACT,Neo_Beads,Neonatal_Beads,10,Schwann cells,982,1550.0
Neo_Beads_ATGAGCAATTAT,Neo_Beads,Neonatal_Beads,3,Mesenchymal cells,852,1290.0
Neo_Beads_ATGAGACTGTGT,Neo_Beads,Neonatal_Beads,12,Schwann cells,1050,1751.0
Neo_Beads_GCGACTTTCTTC,Neo_Beads,Neonatal_Beads,7,Pericytes/VSM,946,1570.0
Neo_Beads_ATACGAGTCTCT,Neo_Beads,Neonatal_Beads,10,Schwann cells,974,1462.0
Neo_Beads_AACGTGGGACAC,Neo_Beads,Neonatal_Beads,3,Mesenchymal cells,973,1629.0
Neo_Beads_CCCCATGACGCC,Neo_Beads,Neonatal_Beads,7,Pericytes/VSM,967,1953.0
Neo_Beads_ACGCCCATACTC,Neo_Beads,Neonatal_Beads,2,Schwann cells,1061,1723.0
Neo_Beads_GTTGGTTACGGT,Neo_Beads,Neonatal_Beads,9,Schwann cells,978,1430.0
Neo_Beads_AACTTTCTTTAA,Neo_Beads,Neonatal_Beads,2,Schwann cells,978,1489.0
Neo_Beads_CTCCCGCACACG,Neo_Beads,Neonatal_Beads,9,Schwann cells,923,1465.0
Neo_Beads_ATACTGATCGTC,Neo_Beads,Neonatal_Beads,0,Mesenchymal cells,629,1515.0
Neo_Beads_TCGGCTGTATGA,Neo_Beads,Neonatal_Beads,16,Mast cells,841,1734.0
Neo_Beads_TAGATGGCGGGC,Neo_Beads,Neonatal_Beads,9,Schwann cells,951,1772.0
Neo_Beads_CGGGGGGTGTAG,Neo_Beads,Neonatal_Beads,2,Schwann cells,1161,1737.0
Neo_Beads_TCTTGGTGGTAT,Neo_Beads,Neonatal_Beads,7,Pericytes/VSM,853,1258.0
Neo_Beads_CTTGCTCCGATA,Neo_Beads,Neonatal_Beads,10,Schwann cells,981,1553.0
Neo_Beads_ATAAACATAGTC,Neo_Beads,Neonatal_Beads,9,Schwann cells,881,1308.0
Neo_Beads_GTGAATGAACAC,Neo_Beads,Neonatal_Beads,9,Schwann cells,811,1274.0
Neo_Beads_GTTATGCCCACT,Neo_Beads,Neonatal_Beads,13,Endothelial cells,1078,1815.0
Neo_Beads_CTCAGGAAGTGT,Neo_Beads,Neonatal_Beads,10,Schwann cells,903,1382.0
Neo_Beads_GCGTTGGCTCGC,Neo_Beads,Neonatal_Beads,6,Endothelial cells,940,1514.0
Neo_Beads_TCTTCACACCTT,Neo_Beads,Neonatal_Beads,10,Schwann cells,919,1440.0
Neo_Beads_TTCGATGTTCAA,Neo_Beads,Neonatal_Beads,4,Endothelial cells,985,1513.0
Neo_Beads_CTGTTGACCCAA,Neo_Beads,Neonatal_Beads,10,Schwann cells,916,1551.0
Neo_Beads_GTAATCTATGGC,Neo_Beads,Neonatal_Beads,3,Mesenchymal cells,763,1515.0
Neo_Beads_TCCGGCAAACGC,Neo_Beads,Neonatal_Beads,9,Schwann cells,963,1676.0
Neo_Beads_CGAGGAATAATC,Neo_Beads,Neonatal_Beads,13,Endothelial cells,813,1324.0
Neo_Beads_TGCATTGTTTGG,Neo_Beads,Neonatal_Beads,9,Schwann cells,995,1522.0
Neo_Beads_GACTGACAAGAA,Neo_Beads,Neonatal_Beads,10,Schwann cells,948,1470.0
Neo_Beads_GCTCGTCGGCAG,Neo_Beads,Neonatal_Beads,7,Pericytes/VSM,791,1343.0
Neo_Beads_AGCGGACCTGGA,Neo_Beads,Neonatal_Beads,1,Mesenchymal cells,960,1927.0
Neo_Beads_GCATTCTGACTT,Neo_Beads,Neonatal_Beads,2,Schwann cells,972,1561.0
Neo_Beads_TTTCATGGCCGG,Neo_Beads,Neonatal_Beads,10,Schwann cells,1054,1921.0
Neo_Beads_TCTTGATCGGAT,Neo_Beads,Neonatal_Beads,10,Schwann cells,1099,1778.0
Neo_Beads_CTTTACAAACGG,Neo_Beads,Neonatal_Beads,7,Pericytes/VSM,926,1506.0
Neo_Beads_TCATCACATCTC,Neo_Beads,Neonatal_Beads,13,Endothelial cells,947,1507.0
Neo_Beads_GACCAACAGTTG,Neo_Beads,Neonatal_Beads,13,Endothelial cells,890,1393.0
Neo_Beads_TCGTCCAGCAAT,Neo_Beads,Neonatal_Beads,10,Schwann cells,886,1323.0
Neo_Beads_GACATATTTGGC,Neo_Beads,Neonatal_Beads,2,Schwann cells,1016,1587.0
Neo_Beads_TGTAGCATCCTG,Neo_Beads,Neonatal_Beads,12,Schwann cells,1054,1624.0
Neo_Beads_TGTCCTCCTTTG,Neo_Beads,Neonatal_Beads,10,Schwann cells,927,1452.0
Neo_Beads_GTGTCCGTTGTC,Neo_Beads,Neonatal_Beads,13,Endothelial cells,1003,1596.0
Neo_Beads_GTGAGCGCCCGG,Neo_Beads,Neonatal_Beads,10,Schwann cells,964,1565.0
Neo_Beads_ATCCTTACCGGT,Neo_Beads,Neonatal_Beads,7,Pericytes/VSM,1010,1471.0
Neo_Beads_GGAGTGTTTGCN,Neo_Beads,Neonatal_Beads,12,Schwann cells,1060,1780.0
Neo_Beads_GTTCTTGAAGGT,Neo_Beads,Neonatal_Beads,9,Schwann cells,816,1215.0
Neo_Beads_GTTGGCAATTCG,Neo_Beads,Neonatal_Beads,12,Schwann cells,1088,1949.0
Neo_Beads_TTAACGATAGTG,Neo_Beads,Neonatal_Beads,10,Schwann cells,915,1402.0
Neo_Beads_GTACCGAGAGAC,Neo_Beads,Neonatal_Beads,9,Schwann cells,870,1244.0
Neo_Beads_TGAGAACTACAC,Neo_Beads,Neonatal_Beads,10,Schwann cells,921,1519.0
Neo_Beads_AGCGTTTCAATC,Neo_Beads,Neonatal_Beads,13,Endothelial cells,875,1353.0
Neo_Beads_CCCTCTTCCCCG,Neo_Beads,Neonatal_Beads,12,Schwann cells,901,1320.0
Neo_Beads_GCTTACCTCTTA,Neo_Beads,Neonatal_Beads,2,Schwann cells,958,1407.0
Neo_Beads_AAGTTTTAGTGC,Neo_Beads,Neonatal_Beads,10,Schwann cells,697,1092.0
Neo_Beads_ACCCTAGTTCGG,Neo_Beads,Neonatal_Beads,9,Schwann cells,1036,1583.0
Neo_Beads_GTACTACAACAG,Neo_Beads,Neonatal_Beads,9,Schwann cells,1004,1488.0
Neo_Beads_TGGACCTGACGG,Neo_Beads,Neonatal_Beads,10,Schwann cells,1127,1780.0
Neo_Beads_GCAACATTTGAC,Neo_Beads,Neonatal_Beads,10,Schwann cells,940,1519.0
Neo_Beads_AGATCAAGCGAC,Neo_Beads,Neonatal_Beads,13,Endothelial cells,908,1328.0
Neo_Beads_TATCTTGTTCGT,Neo_Beads,Neonatal_Beads,9,Schwann cells,1047,1652.0
Neo_Beads_ACGACATTACAT,Neo_Beads,Neonatal_Beads,12,Schwann cells,1079,1660.0
Neo_Beads_CCGCAACATTGT,Neo_Beads,Neonatal_Beads,12,Schwann cells,953,1525.0
Neo_Beads_ACTGGTTGAAAG,Neo_Beads,Neonatal_Beads,9,Schwann cells,959,1420.0
Neo_Beads_CAGAAGTTGCAA,Neo_Beads,Neonatal_Beads,9,Schwann cells,797,1099.0
Neo_Beads_AGCTACACACCT,Neo_Beads,Neonatal_Beads,9,Schwann cells,910,1434.0
Neo_Beads_CTATTGGGTTAA,Neo_Beads,Neonatal_Beads,10,Schwann cells,912,1412.0
Neo_Beads_TCAGTACTAAGT,Neo_Beads,Neonatal_Beads,10,Schwann cells,1054,1641.0
Neo_Beads_GCTTCCTTCGGT,Neo_Beads,Neonatal_Beads,12,Schwann cells,803,1188.0
Neo_Beads_CCGGAGGCACGG,Neo_Beads,Neonatal_Beads,10,Schwann cells,1034,1705.0
Neo_Beads_CGTAGAGCTCGT,Neo_Beads,Neonatal_Beads,2,Schwann cells,1045,1435.0
Neo_Beads_GATGAAACATAC,Neo_Beads,Neonatal_Beads,10,Schwann cells,997,1579.0
Neo_Beads_CAGAGAGACCGG,Neo_Beads,Neonatal_Beads,2,Schwann cells,1062,1806.0
Neo_Beads_GTCCTTGCATGA,Neo_Beads,Neonatal_Beads,2,Schwann cells,964,1444.0
Neo_Beads_GAAAGGGATCGG,Neo_Beads,Neonatal_Beads,10,Schwann cells,942,1474.0
Neo_Beads_TGGTGCCCGGCG,Neo_Beads,Neonatal_Beads,9,Schwann cells,1021,1912.0
Neo_Beads_GATTTTCATATN,Neo_Beads,Neonatal_Beads,10,Schwann cells,662,981.0
Neo_Beads_CCCGATGTCCGG,Neo_Beads,Neonatal_Beads,9,Schwann cells,782,1179.0
Neo_Beads_CATACGCCCGCA,Neo_Beads,Neonatal_Beads,6,Endothelial cells,1025,1875.0
Neo_Beads_AATATCAATCCT,Neo_Beads,Neonatal_Beads,10,Schwann cells,1090,1719.0
Neo_Beads_CCAACGGGCCAT,Neo_Beads,Neonatal_Beads,10,Schwann cells,978,1725.0
Neo_Beads_ACTTTAAATCCG,Neo_Beads,Neonatal_Beads,2,Schwann cells,955,1473.0
Neo_Beads_ACTAGCGCTAAG,Neo_Beads,Neonatal_Beads,12,Schwann cells,837,1339.0
Neo_Beads_GCAAAATTTACC,Neo_Beads,Neonatal_Beads,10,Schwann cells,683,995.0
Neo_Beads_CCCAGACAAGCT,Neo_Beads,Neonatal_Beads,3,Mesenchymal cells,558,966.0
Neo_Beads_GGAATGGTAGTA,Neo_Beads,Neonatal_Beads,10,Schwann cells,1041,1535.0
Neo_Beads_TAAGTCTAAGTA,Neo_Beads,Neonatal_Beads,6,Endothelial cells,940,1382.0
Neo_Beads_GAGAAAGGGAAC,Neo_Beads,Neonatal_Beads,9,Schwann cells,824,1241.0
Neo_Beads_ATCCGTGAGCGG,Neo_Beads,Neonatal_Beads,13,Endothelial cells,925,1328.0
Neo_Beads_AGCACATCTCAA,Neo_Beads,Neonatal_Beads,9,Schwann cells,955,1423.0
Neo_Beads_AACCCTTTTCGC,Neo_Beads,Neonatal_Beads,9,Schwann cells,996,1671.0
Neo_Beads_AAGATATGACTT,Neo_Beads,Neonatal_Beads,4,Endothelial cells,1047,1624.0
Neo_Beads_GACTGATGCGAG,Neo_Beads,Neonatal_Beads,13,Endothelial cells,955,1826.0
Neo_Beads_CGTCCGCTCTTG,Neo_Beads,Neonatal_Beads,7,Pericytes/VSM,1031,1876.0
Neo_Beads_AATCGCCCAGTC,Neo_Beads,Neonatal_Beads,3,Mesenchymal cells,1062,1768.0
Neo_Beads_AGCGGCAATTTG,Neo_Beads,Neonatal_Beads,3,Mesenchymal cells,685,1216.0
Neo_Beads_AGACTGCGCAGG,Neo_Beads,Neonatal_Beads,13,Endothelial cells,1064,1911.0
Neo_Beads_ATGGTGTACTCT,Neo_Beads,Neonatal_Beads,3,Mesenchymal cells,946,1644.0
Neo_Beads_CAAGCCTGCGCT,Neo_Beads,Neonatal_Beads,9,Schwann cells,926,1327.0
Neo_Beads_ACGCCCGGCAGG,Neo_Beads,Neonatal_Beads,10,Schwann cells,810,1252.0
Neo_Beads_TTATCTTTGTGC,Neo_Beads,Neonatal_Beads,9,Schwann cells,883,1288.0
Neo_Beads_TTAATCTTACGC,Neo_Beads,Neonatal_Beads,0,Mesenchymal cells,732,1280.0
Neo_Beads_ACGTCGAACTAC,Neo_Beads,Neonatal_Beads,0,Mesenchymal cells,825,1597.0
Neo_Beads_CGTGCGGGCGTG,Neo_Beads,Neonatal_Beads,2,Schwann cells,1125,1899.0
Neo_Beads_ATTAAGGGCTCG,Neo_Beads,Neonatal_Beads,3,Mesenchymal cells,728,1321.0
Neo_Beads_AACATGTATTCT,Neo_Beads,Neonatal_Beads,2,Schwann cells,613,912.0
Neo_Beads_AGTTAAGATGCT,Neo_Beads,Neonatal_Beads,9,Schwann cells,865,1252.0
Neo_Beads_AGCAATCCGAGT,Neo_Beads,Neonatal_Beads,9,Schwann cells,823,1182.0
Neo_Beads_CTGCCAGTTATT,Neo_Beads,Neonatal_Beads,9,Schwann cells,676,920.0
Neo_Beads_CGTATCCTGTAG,Neo_Beads,Neonatal_Beads,10,Schwann cells,1003,1677.0
Neo_Beads_CCTCCTTCACTG,Neo_Beads,Neonatal_Beads,3,Mesenchymal cells,1038,1674.0
Neo_Beads_GTCTCACCTGCC,Neo_Beads,Neonatal_Beads,10,Schwann cells,913,1446.0
Neo_Beads_CCTTCTCATCAG,Neo_Beads,Neonatal_Beads,9,Schwann cells,871,1249.0
Neo_Beads_AGTAGAACCATT,Neo_Beads,Neonatal_Beads,12,Schwann cells,952,1416.0
Neo_Beads_TTGTCACGAGTG,Neo_Beads,Neonatal_Beads,6,Endothelial cells,994,1601.0
Neo_Beads_TCATAAGACGTG,Neo_Beads,Neonatal_Beads,3,Mesenchymal cells,899,1711.0
Neo_Beads_CGACTTCTACTC,Neo_Beads,Neonatal_Beads,9,Schwann cells,911,1356.0
Neo_Beads_TTTGGACGGCTG,Neo_Beads,Neonatal_Beads,0,Mesenchymal cells,759,1818.0
Neo_Beads_CGTGGGCACATT,Neo_Beads,Neonatal_Beads,2,Schwann cells,1086,1731.0
Neo_Beads_TAGCCCTTTTCA,Neo_Beads,Neonatal_Beads,9,Schwann cells,873,1446.0
Neo_Beads_CTTAATCTAGGT,Neo_Beads,Neonatal_Beads,9,Schwann cells,878,1246.0
Neo_Beads_TTATAGGGACGT,Neo_Beads,Neonatal_Beads,12,Schwann cells,1008,1555.0
Neo_Beads_AAATCACGAGGC,Neo_Beads,Neonatal_Beads,2,Schwann cells,865,1264.0
Neo_Beads_AACATAGCGTAA,Neo_Beads,Neonatal_Beads,10,Schwann cells,850,1207.0
Neo_Beads_CACAGATAGAGA,Neo_Beads,Neonatal_Beads,2,Schwann cells,951,1401.0
Neo_Beads_GGTCTTTTGACC,Neo_Beads,Neonatal_Beads,2,Schwann cells,1038,1567.0
Neo_Beads_CGGCTGATTTAA,Neo_Beads,Neonatal_Beads,3,Mesenchymal cells,853,1480.0
Neo_Beads_CCGGCGGGCGTA,Neo_Beads,Neonatal_Beads,9,Schwann cells,883,1340.0
Neo_Beads_TTATCTTCTCAA,Neo_Beads,Neonatal_Beads,9,Schwann cells,823,1218.0
Neo_Beads_TTAACTCTTTTG,Neo_Beads,Neonatal_Beads,13,Endothelial cells,858,1474.0
Neo_Beads_CTTTTCACACCC,Neo_Beads,Neonatal_Beads,10,Schwann cells,955,1428.0
Neo_Beads_GCCAGCCTCTGA,Neo_Beads,Neonatal_Beads,9,Schwann cells,947,1509.0
Neo_Beads_CGTGCGCGAGCC,Neo_Beads,Neonatal_Beads,2,Schwann cells,947,1389.0
Neo_Beads_TGAACAGCCTCC,Neo_Beads,Neonatal_Beads,9,Schwann cells,938,1445.0
Neo_Beads_GCTATCTCGGGC,Neo_Beads,Neonatal_Beads,2,Schwann cells,881,1418.0
Neo_Beads_CAAATCACCCGC,Neo_Beads,Neonatal_Beads,10,Schwann cells,859,1287.0
Neo_Beads_GGCTGTCATTCG,Neo_Beads,Neonatal_Beads,7,Pericytes/VSM,1024,1523.0
Neo_Beads_TCCGGAGCATGT,Neo_Beads,Neonatal_Beads,7,Pericytes/VSM,888,1393.0
Neo_Beads_CTAACCTGCTCG,Neo_Beads,Neonatal_Beads,9,Schwann cells,859,1311.0
Neo_Beads_GAAGAGAAGAGC,Neo_Beads,Neonatal_Beads,9,Schwann cells,759,1161.0
Neo_Beads_GTAGGATGGCCC,Neo_Beads,Neonatal_Beads,7,Pericytes/VSM,1043,1773.0
Neo_Beads_AATAGACCCAAG,Neo_Beads,Neonatal_Beads,9,Schwann cells,909,1412.0
Neo_Beads_ACTAAAGGGCCA,Neo_Beads,Neonatal_Beads,4,Endothelial cells,1059,1634.0
Neo_Beads_GCATAGTCGATA,Neo_Beads,Neonatal_Beads,9,Schwann cells,825,1211.0
Neo_Beads_CCTCCGCGAGTC,Neo_Beads,Neonatal_Beads,0,Mesenchymal cells,898,1679.0
Neo_Beads_CGGCTCACTTTC,Neo_Beads,Neonatal_Beads,12,Schwann cells,1040,1626.0
Neo_Beads_ACTCATTATCGG,Neo_Beads,Neonatal_Beads,9,Schwann cells,916,1523.0
Neo_Beads_CAAAAACCTCAT,Neo_Beads,Neonatal_Beads,10,Schwann cells,795,1168.0
Neo_Beads_TATAATCGGACC,Neo_Beads,Neonatal_Beads,10,Schwann cells,1004,1665.0
Neo_Beads_AGGCGTGCTGGA,Neo_Beads,Neonatal_Beads,7,Pericytes/VSM,1185,1829.0
Neo_Beads_CTAACCAGAGAT,Neo_Beads,Neonatal_Beads,9,Schwann cells,728,1073.0
Neo_Beads_ATTCACGCCCGC,Neo_Beads,Neonatal_Beads,9,Schwann cells,936,1654.0
Neo_Beads_CACCGTAAACCT,Neo_Beads,Neonatal_Beads,9,Schwann cells,955,1549.0
Neo_Beads_CGTATGTGTACA,Neo_Beads,Neonatal_Beads,7,Pericytes/VSM,831,1555.0
Neo_Beads_CTAAGATCTTAC,Neo_Beads,Neonatal_Beads,9,Schwann cells,858,1224.0
Neo_Beads_TGTTCACCGTAA,Neo_Beads,Neonatal_Beads,10,Schwann cells,1032,1759.0
Neo_Beads_CTGTTTGATCCC,Neo_Beads,Neonatal_Beads,10,Schwann cells,906,1373.0
Neo_Beads_CGGAACAGACGC,Neo_Beads,Neonatal_Beads,7,Pericytes/VSM,926,1503.0
Neo_Beads_GCAATTTCACCA,Neo_Beads,Neonatal_Beads,7,Pericytes/VSM,799,1190.0
Neo_Beads_GCGATGGTCTAG,Neo_Beads,Neonatal_Beads,10,Schwann cells,986,1709.0
Neo_Beads_CAGTTAGCCCGA,Neo_Beads,Neonatal_Beads,10,Schwann cells,965,1511.0
Neo_Beads_CGTTCGTGGACC,Neo_Beads,Neonatal_Beads,9,Schwann cells,866,1342.0
Neo_Beads_GGTCACCTATGT,Neo_Beads,Neonatal_Beads,9,Schwann cells,1014,1637.0
Neo_Beads_GAGTAACGCGTG,Neo_Beads,Neonatal_Beads,10,Schwann cells,993,1566.0
Neo_Beads_CGGTAACCGCTC,Neo_Beads,Neonatal_Beads,10,Schwann cells,817,1378.0
Neo_Beads_GCGAAAGCAGAA,Neo_Beads,Neonatal_Beads,5,Endothelial cells,781,1158.0
Neo_Beads_CGTGTTTCTGTA,Neo_Beads,Neonatal_Beads,10,Schwann cells,970,1652.0
Neo_Beads_CTTCTATTACCT,Neo_Beads,Neonatal_Beads,10,Schwann cells,885,1316.0
Neo_Beads_ATCCCTTGCCAG,Neo_Beads,Neonatal_Beads,2,Schwann cells,1047,1712.0
Neo_Beads_AGCATCCCGATT,Neo_Beads,Neonatal_Beads,10,Schwann cells,865,1287.0
Neo_Beads_AAAATATCGATC,Neo_Beads,Neonatal_Beads,9,Schwann cells,788,1122.0
Neo_Beads_GACCTCACCCAA,Neo_Beads,Neonatal_Beads,2,Schwann cells,946,1324.0
Neo_Beads_TATGAGCTGCCA,Neo_Beads,Neonatal_Beads,2,Schwann cells,821,1195.0
Neo_Beads_AATAAACGGAAA,Neo_Beads,Neonatal_Beads,12,Schwann cells,529,786.0
Neo_Beads_TGGCCCACCAGT,Neo_Beads,Neonatal_Beads,10,Schwann cells,1044,1831.0
Neo_Beads_TGGGTATGTAGG,Neo_Beads,Neonatal_Beads,9,Schwann cells,998,1752.0
Neo_Beads_GAGAAGACAAAC,Neo_Beads,Neonatal_Beads,3,Mesenchymal cells,573,967.0
Neo_Beads_CCACACGGGTGG,Neo_Beads,Neonatal_Beads,10,Schwann cells,848,1293.0
Neo_Beads_TAACAGGTCTTG,Neo_Beads,Neonatal_Beads,2,Schwann cells,905,1351.0
Neo_Beads_TCTTGTGGGAAC,Neo_Beads,Neonatal_Beads,9,Schwann cells,848,1146.0
Neo_Beads_CTCAAGCTACAA,Neo_Beads,Neonatal_Beads,3,Mesenchymal cells,913,1684.0
Neo_Beads_ATACTTCCTTTC,Neo_Beads,Neonatal_Beads,10,Schwann cells,1050,1693.0
Neo_Beads_AGAATTTTAGTG,Neo_Beads,Neonatal_Beads,10,Schwann cells,803,1161.0
Neo_Beads_TCGGAACAACTT,Neo_Beads,Neonatal_Beads,9,Schwann cells,745,1135.0
Neo_Beads_TGGTCCGTCATA,Neo_Beads,Neonatal_Beads,2,Schwann cells,1075,1556.0
Neo_Beads_TTTGATTGATCG,Neo_Beads,Neonatal_Beads,10,Schwann cells,854,1341.0
Neo_Beads_ACCTTGCAGCCG,Neo_Beads,Neonatal_Beads,13,Endothelial cells,894,1367.0
Neo_Beads_GGCTAGACGTAA,Neo_Beads,Neonatal_Beads,9,Schwann cells,945,1440.0
Neo_Beads_CTTCTGATCTCG,Neo_Beads,Neonatal_Beads,4,Endothelial cells,1069,1872.0
Neo_Beads_TACGCGACGAAG,Neo_Beads,Neonatal_Beads,9,Schwann cells,769,1202.0
Neo_Beads_CGTGACCCTTAT,Neo_Beads,Neonatal_Beads,7,Pericytes/VSM,1014,1814.0
Neo_Beads_CTCGCACCTCCC,Neo_Beads,Neonatal_Beads,9,Schwann cells,1003,1917.0
Neo_Beads_CACTCTATGTCT,Neo_Beads,Neonatal_Beads,9,Schwann cells,945,1455.0
Neo_Beads_CATAAACCTTGC,Neo_Beads,Neonatal_Beads,7,Pericytes/VSM,964,1469.0
Neo_Beads_CGTGAACTTCAA,Neo_Beads,Neonatal_Beads,9,Schwann cells,846,1367.0
Neo_Beads_TGGCTCTGACCG,Neo_Beads,Neonatal_Beads,2,Schwann cells,946,1363.0
Neo_Beads_GTGATCTTTTAA,Neo_Beads,Neonatal_Beads,9,Schwann cells,800,1169.0
Neo_Beads_TTGTTTAAACAT,Neo_Beads,Neonatal_Beads,10,Schwann cells,820,1205.0
Neo_Beads_ACCTGAAAAGCG,Neo_Beads,Neonatal_Beads,2,Schwann cells,864,1251.0
Neo_Beads_CTCAGAAGGCAG,Neo_Beads,Neonatal_Beads,7,Pericytes/VSM,661,1149.0
Neo_Beads_CGGAGCGATACT,Neo_Beads,Neonatal_Beads,10,Schwann cells,997,1670.0
Neo_Beads_GCCCGCGGTTTG,Neo_Beads,Neonatal_Beads,2,Schwann cells,1101,1866.0
Neo_Beads_GCGTCGCCAGCC,Neo_Beads,Neonatal_Beads,9,Schwann cells,957,1524.0
Neo_Beads_CCCTGCATGACT,Neo_Beads,Neonatal_Beads,2,Schwann cells,1069,1816.0
Neo_Beads_ATTGTGCTCTTA,Neo_Beads,Neonatal_Beads,12,Schwann cells,986,1548.0
Neo_Beads_TCCTTAAGGGTC,Neo_Beads,Neonatal_Beads,10,Schwann cells,986,1558.0
Neo_Beads_CGCTCAGGAGGT,Neo_Beads,Neonatal_Beads,11,Macrophages,893,1642.0
Neo_Beads_CGAGACATAGCC,Neo_Beads,Neonatal_Beads,10,Schwann cells,1016,1638.0
Neo_Beads_ATGGTCGCTCAG,Neo_Beads,Neonatal_Beads,12,Schwann cells,854,1412.0
Neo_Beads_TAAACTAAAGGC,Neo_Beads,Neonatal_Beads,9,Schwann cells,886,1323.0
Neo_Beads_TATACAAAGCGG,Neo_Beads,Neonatal_Beads,12,Schwann cells,1129,2017.0
Neo_Beads_GGTCTGAAGTTC,Neo_Beads,Neonatal_Beads,6,Endothelial cells,923,1491.0
Neo_Beads_CGTTGCCCGCGT,Neo_Beads,Neonatal_Beads,10,Schwann cells,1107,2081.0
Neo_Beads_AGATACCACATG,Neo_Beads,Neonatal_Beads,3,Mesenchymal cells,976,1862.0
Neo_Beads_CCAATTTGGCCC,Neo_Beads,Neonatal_Beads,10,Schwann cells,785,1327.0
Neo_Beads_CGCAAGGGAGGC,Neo_Beads,Neonatal_Beads,0,Mesenchymal cells,1125,2088.0
Neo_Beads_GTTTTTAGTTTA,Neo_Beads,Neonatal_Beads,10,Schwann cells,893,1292.0
Neo_Beads_AAAGTTAAGTCT,Neo_Beads,Neonatal_Beads,2,Schwann cells,864,1213.0
Neo_Beads_TCGCCTATGGTG,Neo_Beads,Neonatal_Beads,4,Endothelial cells,879,1434.0
Neo_Beads_ATACTTCGCCTA,Neo_Beads,Neonatal_Beads,10,Schwann cells,961,1499.0
Neo_Beads_GCGTACGCTCCT,Neo_Beads,Neonatal_Beads,10,Schwann cells,993,1583.0
Neo_Beads_AGTTCTCTTTTG,Neo_Beads,Neonatal_Beads,12,Schwann cells,801,1229.0
Neo_Beads_CTAGTTCCGCCN,Neo_Beads,Neonatal_Beads,12,Schwann cells,898,1374.0
Neo_Beads_TATGTCTTCCAC,Neo_Beads,Neonatal_Beads,2,Schwann cells,933,1334.0
Neo_Beads_GCTTCTACGAGT,Neo_Beads,Neonatal_Beads,9,Schwann cells,861,1295.0
Neo_Beads_CACTACAACTTT,Neo_Beads,Neonatal_Beads,9,Schwann cells,876,1272.0
Neo_Beads_CAAAAGTAGTGT,Neo_Beads,Neonatal_Beads,13,Endothelial cells,795,1181.0
Neo_Beads_TCTTACGTAACA,Neo_Beads,Neonatal_Beads,7,Pericytes/VSM,967,1580.0
Neo_Beads_CGACCTCGTACG,Neo_Beads,Neonatal_Beads,10,Schwann cells,1217,2351.0
Neo_Beads_GGCACGGCCTTT,Neo_Beads,Neonatal_Beads,2,Schwann cells,1095,1780.0
Neo_Beads_CCATCTTTGTCG,Neo_Beads,Neonatal_Beads,10,Schwann cells,917,1370.0
Neo_Beads_GGCAACTCCATC,Neo_Beads,Neonatal_Beads,2,Schwann cells,853,1219.0
Neo_Beads_CCTCATCTGCCC,Neo_Beads,Neonatal_Beads,10,Schwann cells,846,1350.0
Neo_Beads_CTCTATATTTAT,Neo_Beads,Neonatal_Beads,9,Schwann cells,940,1424.0
Neo_Beads_ACGGTAGCACCC,Neo_Beads,Neonatal_Beads,9,Schwann cells,927,1389.0
Neo_Beads_GCTGTCATGGCC,Neo_Beads,Neonatal_Beads,7,Pericytes/VSM,800,1191.0
Neo_Beads_GGTCTGACTGCT,Neo_Beads,Neonatal_Beads,10,Schwann cells,896,1542.0
Neo_Beads_CTTCTAGCTGGG,Neo_Beads,Neonatal_Beads,9,Schwann cells,793,1182.0
Neo_Beads_CACCTCAGGTCG,Neo_Beads,Neonatal_Beads,2,Schwann cells,968,1471.0
Neo_Beads_GTCACGCGCTTG,Neo_Beads,Neonatal_Beads,9,Schwann cells,947,1576.0
Neo_Beads_ACGGCACTTGGG,Neo_Beads,Neonatal_Beads,9,Schwann cells,795,1098.0
Neo_Beads_GCGAAAATTGAG,Neo_Beads,Neonatal_Beads,9,Schwann cells,701,992.0
Neo_Beads_TAACCCCACCGA,Neo_Beads,Neonatal_Beads,6,Endothelial cells,991,1452.0
Neo_Beads_ATTTACGGCGGT,Neo_Beads,Neonatal_Beads,10,Schwann cells,739,1182.0
Neo_Beads_CAGACTCCGTTC,Neo_Beads,Neonatal_Beads,12,Schwann cells,911,1455.0
Neo_Beads_AGGGACCAGGAT,Neo_Beads,Neonatal_Beads,9,Schwann cells,906,1284.0
Neo_Beads_CTCCAAACACGG,Neo_Beads,Neonatal_Beads,2,Schwann cells,800,1143.0
Neo_Beads_AAACCTCCTGCA,Neo_Beads,Neonatal_Beads,9,Schwann cells,816,1138.0
Neo_Beads_CATTTATGTCGG,Neo_Beads,Neonatal_Beads,4,Endothelial cells,959,1527.0
Neo_Beads_CCGCTGACACCG,Neo_Beads,Neonatal_Beads,0,Mesenchymal cells,904,1552.0
Neo_Beads_TCACGCATACGA,Neo_Beads,Neonatal_Beads,12,Schwann cells,892,1503.0
Neo_Beads_TCGTATCCATGG,Neo_Beads,Neonatal_Beads,10,Schwann cells,858,1228.0
Neo_Beads_GCTGTCATGTTG,Neo_Beads,Neonatal_Beads,10,Schwann cells,885,1309.0
Neo_Beads_CCTTCGCTCGGA,Neo_Beads,Neonatal_Beads,7,Pericytes/VSM,960,1527.0
Neo_Beads_CACCTTACACTT,Neo_Beads,Neonatal_Beads,10,Schwann cells,988,1526.0
Neo_Beads_GATTAACCCAGT,Neo_Beads,Neonatal_Beads,9,Schwann cells,714,1111.0
Neo_Beads_TGTAACCCAAGT,Neo_Beads,Neonatal_Beads,9,Schwann cells,774,1131.0
Neo_Beads_TAGTGTCAGAAA,Neo_Beads,Neonatal_Beads,2,Schwann cells,783,1143.0
Neo_Beads_GCATGCTGCCAC,Neo_Beads,Neonatal_Beads,2,Schwann cells,884,1459.0
Neo_Beads_ATCCCGCCCATC,Neo_Beads,Neonatal_Beads,9,Schwann cells,861,1489.0
Neo_Beads_GGTATCTCTTTG,Neo_Beads,Neonatal_Beads,9,Schwann cells,905,1357.0
Neo_Beads_TCCTGCCTGTCA,Neo_Beads,Neonatal_Beads,10,Schwann cells,805,1323.0
Neo_Beads_GCGACCCTTGCT,Neo_Beads,Neonatal_Beads,2,Schwann cells,970,1539.0
Neo_Beads_GCCGGAGAGCCA,Neo_Beads,Neonatal_Beads,10,Schwann cells,1038,1721.0
Neo_Beads_CTATGGTCCTCT,Neo_Beads,Neonatal_Beads,2,Schwann cells,912,1293.0
Neo_Beads_TTTATATAAACC,Neo_Beads,Neonatal_Beads,7,Pericytes/VSM,949,1450.0
Neo_Beads_CCGACTTATGAG,Neo_Beads,Neonatal_Beads,7,Pericytes/VSM,864,1470.0
Neo_Beads_GGTGCCAATTTG,Neo_Beads,Neonatal_Beads,0,Mesenchymal cells,758,1307.0
Neo_Beads_CCAGCACTTGCT,Neo_Beads,Neonatal_Beads,12,Schwann cells,952,1542.0
Neo_Beads_ACTATCGACCAC,Neo_Beads,Neonatal_Beads,13,Endothelial cells,1049,1673.0
Neo_Beads_CGGATTGAATCC,Neo_Beads,Neonatal_Beads,6,Endothelial cells,707,1038.0
Neo_Beads_GCCGCTTACTAA,Neo_Beads,Neonatal_Beads,10,Schwann cells,856,1478.0
Neo_Beads_CAGCCAAGTACC,Neo_Beads,Neonatal_Beads,2,Schwann cells,1022,1811.0
Neo_Beads_GTCACAGGAATG,Neo_Beads,Neonatal_Beads,10,Schwann cells,812,1144.0
Neo_Beads_ACAATTCTAACG,Neo_Beads,Neonatal_Beads,3,Mesenchymal cells,849,1444.0
Neo_Beads_GTTTCGAGTCGA,Neo_Beads,Neonatal_Beads,9,Schwann cells,783,1328.0
Neo_Beads_TCAAGTAAACCC,Neo_Beads,Neonatal_Beads,3,Mesenchymal cells,785,1289.0
Neo_Beads_CACGATGGTTAG,Neo_Beads,Neonatal_Beads,7,Pericytes/VSM,863,1226.0
Neo_Beads_TCGTCCAGGTCA,Neo_Beads,Neonatal_Beads,12,Schwann cells,857,1300.0
Neo_Beads_GACGTGTCGTAC,Neo_Beads,Neonatal_Beads,12,Schwann cells,833,1296.0
Neo_Beads_CGACGTAACCTG,Neo_Beads,Neonatal_Beads,5,Endothelial cells,1034,1716.0
Neo_Beads_CCGTAATCTGTT,Neo_Beads,Neonatal_Beads,10,Schwann cells,742,1082.0
Neo_Beads_AGGCGGCCCGTA,Neo_Beads,Neonatal_Beads,13,Endothelial cells,1072,1629.0
Neo_Beads_CAGCCGCCGATC,Neo_Beads,Neonatal_Beads,10,Schwann cells,875,1475.0
Neo_Beads_CTACTATGTTGG,Neo_Beads,Neonatal_Beads,7,Pericytes/VSM,926,1582.0
Neo_Beads_CGGACCTCTCGA,Neo_Beads,Neonatal_Beads,9,Schwann cells,1100,1842.0
Neo_Beads_AGCGCACGCGAT,Neo_Beads,Neonatal_Beads,10,Schwann cells,887,1343.0
Neo_Beads_GCTCTCCCTCTG,Neo_Beads,Neonatal_Beads,10,Schwann cells,978,1663.0
Neo_Beads_TCTTTTGTGGTT,Neo_Beads,Neonatal_Beads,10,Schwann cells,888,1460.0
Neo_Beads_TATGCAACACCT,Neo_Beads,Neonatal_Beads,9,Schwann cells,1070,1668.0
Neo_Beads_ATGGCATAACCT,Neo_Beads,Neonatal_Beads,9,Schwann cells,884,1428.0
Neo_Beads_CCTGCAGAGGAA,Neo_Beads,Neonatal_Beads,2,Schwann cells,852,1240.0
Neo_Beads_TGTTTGGCACCG,Neo_Beads,Neonatal_Beads,10,Schwann cells,1059,1627.0
Neo_Beads_GACTCTGCCATG,Neo_Beads,Neonatal_Beads,2,Schwann cells,1078,1668.0
Neo_Beads_AGTGTCACTCCT,Neo_Beads,Neonatal_Beads,13,Endothelial cells,749,1370.0
Neo_Beads_GCTTCGTGCTAT,Neo_Beads,Neonatal_Beads,10,Schwann cells,1048,1697.0
Neo_Beads_GCTCATGCTATT,Neo_Beads,Neonatal_Beads,13,Endothelial cells,828,1269.0
Neo_Beads_TACCATAGATAC,Neo_Beads,Neonatal_Beads,10,Schwann cells,871,1292.0
Neo_Beads_GCGAATATCCGA,Neo_Beads,Neonatal_Beads,7,Pericytes/VSM,893,1513.0
Neo_Beads_CTGTAAAACGTC,Neo_Beads,Neonatal_Beads,2,Schwann cells,776,1094.0
Neo_Beads_GGCCCCAGAACT,Neo_Beads,Neonatal_Beads,4,Endothelial cells,976,1698.0
Neo_Beads_CGAAAGGTGTCA,Neo_Beads,Neonatal_Beads,7,Pericytes/VSM,789,1286.0
Neo_Beads_AGGCAATAGTTA,Neo_Beads,Neonatal_Beads,12,Schwann cells,901,1372.0
Neo_Beads_CCAGTGCCTTCA,Neo_Beads,Neonatal_Beads,10,Schwann cells,764,1086.0
Neo_Beads_TGGGCGGGCCAA,Neo_Beads,Neonatal_Beads,10,Schwann cells,871,1245.0
Neo_Beads_GTGGTTATGCTA,Neo_Beads,Neonatal_Beads,9,Schwann cells,1012,1688.0
Neo_Beads_AGTGCAGAGCAT,Neo_Beads,Neonatal_Beads,13,Endothelial cells,1022,1602.0
Neo_Beads_CCAGTCCAAGTG,Neo_Beads,Neonatal_Beads,4,Endothelial cells,524,681.0
Neo_Beads_CCGTACTGAGGC,Neo_Beads,Neonatal_Beads,10,Schwann cells,885,1469.0
Neo_Beads_AGCAGCTCTTTA,Neo_Beads,Neonatal_Beads,9,Schwann cells,861,1226.0
Neo_Beads_AGATGGGCGTAC,Neo_Beads,Neonatal_Beads,9,Schwann cells,867,1248.0
Neo_Beads_AGTTGTGTCAGT,Neo_Beads,Neonatal_Beads,9,Schwann cells,744,1113.0
Neo_Beads_TCGGTTCATGGC,Neo_Beads,Neonatal_Beads,10,Schwann cells,810,1213.0
Neo_Beads_AGGTGATAGATT,Neo_Beads,Neonatal_Beads,9,Schwann cells,879,1382.0
Neo_Beads_TACTAAGTCAGT,Neo_Beads,Neonatal_Beads,9,Schwann cells,863,1218.0
Neo_Beads_AAGAAAGCGATT,Neo_Beads,Neonatal_Beads,3,Mesenchymal cells,904,1510.0
Neo_Beads_GTATAAGCGTGA,Neo_Beads,Neonatal_Beads,1,Mesenchymal cells,812,1215.0
Neo_Beads_AGTGAGATGCTG,Neo_Beads,Neonatal_Beads,10,Schwann cells,884,1326.0
Neo_Beads_TACGCGTCGTTG,Neo_Beads,Neonatal_Beads,9,Schwann cells,745,1095.0
Neo_Beads_CTTCAACCCTGG,Neo_Beads,Neonatal_Beads,2,Schwann cells,930,1433.0
Neo_Beads_AAGCTGAAAAAC,Neo_Beads,Neonatal_Beads,4,Endothelial cells,870,1361.0
Neo_Beads_ATTCATGAACCA,Neo_Beads,Neonatal_Beads,2,Schwann cells,895,1303.0
Neo_Beads_AAATCCTGACGC,Neo_Beads,Neonatal_Beads,6,Endothelial cells,697,1006.0
Neo_Beads_TGGCTTTACTTA,Neo_Beads,Neonatal_Beads,12,Schwann cells,896,1352.0
Neo_Beads_CCCCATGGGCAA,Neo_Beads,Neonatal_Beads,10,Schwann cells,878,1341.0
Neo_Beads_ACGATCCGGTAC,Neo_Beads,Neonatal_Beads,10,Schwann cells,846,1238.0
Neo_Beads_CATCTACATGAT,Neo_Beads,Neonatal_Beads,9,Schwann cells,857,1326.0
Neo_Beads_GTGGATGTCGAT,Neo_Beads,Neonatal_Beads,7,Pericytes/VSM,1001,1725.0
Neo_Beads_CGCCAGGGCGTG,Neo_Beads,Neonatal_Beads,10,Schwann cells,970,1571.0
Neo_Beads_CCGTACCTAGTG,Neo_Beads,Neonatal_Beads,0,Mesenchymal cells,796,1383.0
Neo_Beads_CCGCGGAGTTAA,Neo_Beads,Neonatal_Beads,12,Schwann cells,882,1395.0
Neo_Beads_ACGTAGTCGTAT,Neo_Beads,Neonatal_Beads,10,Schwann cells,930,1484.0
Neo_Beads_GATCCCCACAGT,Neo_Beads,Neonatal_Beads,9,Schwann cells,880,1451.0
Neo_Beads_GATTTAACACAC,Neo_Beads,Neonatal_Beads,2,Schwann cells,461,639.0
Neo_Beads_TCCGCACCCCGA,Neo_Beads,Neonatal_Beads,2,Schwann cells,1063,2003.0
Neo_Beads_GTTCGGTTCAAC,Neo_Beads,Neonatal_Beads,10,Schwann cells,907,1292.0
Neo_Beads_CCACACGCTATG,Neo_Beads,Neonatal_Beads,7,Pericytes/VSM,847,1269.0
Neo_Beads_GATTACTCGCGT,Neo_Beads,Neonatal_Beads,10,Schwann cells,884,1376.0
Neo_Beads_GACAAAAACTGG,Neo_Beads,Neonatal_Beads,2,Schwann cells,854,1285.0
Neo_Beads_AAACGTTGGGAT,Neo_Beads,Neonatal_Beads,3,Mesenchymal cells,878,1506.0
Neo_Beads_TTTTGGAACGGG,Neo_Beads,Neonatal_Beads,0,Mesenchymal cells,534,986.0
Neo_Beads_ATAAACCAAATC,Neo_Beads,Neonatal_Beads,0,Mesenchymal cells,594,1017.0
Neo_Beads_TGTTAATAAGGC,Neo_Beads,Neonatal_Beads,13,Endothelial cells,960,1474.0
Neo_Beads_TATAGGTCAGAT,Neo_Beads,Neonatal_Beads,10,Schwann cells,926,1485.0
Neo_Beads_TAGCCCGTGGGT,Neo_Beads,Neonatal_Beads,2,Schwann cells,973,1398.0
Neo_Beads_AATTTGGGTTTG,Neo_Beads,Neonatal_Beads,9,Schwann cells,682,991.0
Neo_Beads_GGTCGCGGCGGG,Neo_Beads,Neonatal_Beads,10,Schwann cells,946,1496.0
Neo_Beads_CTCCTCATGCGT,Neo_Beads,Neonatal_Beads,12,Schwann cells,855,1460.0
Neo_Beads_TCTGCTCATAAG,Neo_Beads,Neonatal_Beads,13,Endothelial cells,766,1295.0
Neo_Beads_ACGGAGATGATC,Neo_Beads,Neonatal_Beads,2,Schwann cells,928,1387.0
Neo_Beads_GGCAATAGAACC,Neo_Beads,Neonatal_Beads,10,Schwann cells,754,1110.0
Neo_Beads_ACATATGATAAG,Neo_Beads,Neonatal_Beads,5,Endothelial cells,974,1452.0
Neo_Beads_GACTTCAGCACG,Neo_Beads,Neonatal_Beads,12,Schwann cells,970,1773.0
Neo_Beads_CATAGTAAGTAC,Neo_Beads,Neonatal_Beads,9,Schwann cells,685,984.0
Neo_Beads_TCCAAGAGACGA,Neo_Beads,Neonatal_Beads,10,Schwann cells,727,1032.0
Neo_Beads_GGTCCAGCAGGT,Neo_Beads,Neonatal_Beads,10,Schwann cells,939,1364.0
Neo_Beads_TCAAGGTGCATG,Neo_Beads,Neonatal_Beads,10,Schwann cells,808,1139.0
Neo_Beads_GTGCTCTACGGC,Neo_Beads,Neonatal_Beads,10,Schwann cells,907,1439.0
Neo_Beads_TTATCGCAAGGT,Neo_Beads,Neonatal_Beads,12,Schwann cells,903,1626.0
Neo_Beads_CCATCACTAATA,Neo_Beads,Neonatal_Beads,9,Schwann cells,884,1226.0
Neo_Beads_TCCAACTAGAAC,Neo_Beads,Neonatal_Beads,10,Schwann cells,835,1382.0
Neo_Beads_GCCCTATTGCCT,Neo_Beads,Neonatal_Beads,2,Schwann cells,881,1312.0
Neo_Beads_AGGATTAGTTTG,Neo_Beads,Neonatal_Beads,10,Schwann cells,809,1232.0
Neo_Beads_TTTCACTACAAA,Neo_Beads,Neonatal_Beads,12,Schwann cells,754,1098.0
Neo_Beads_TGTTGCAAGCAC,Neo_Beads,Neonatal_Beads,10,Schwann cells,854,1281.0
Neo_Beads_CGCATAAGGGAG,Neo_Beads,Neonatal_Beads,9,Schwann cells,768,1131.0
Neo_Beads_TGTACGGCCTGG,Neo_Beads,Neonatal_Beads,7,Pericytes/VSM,836,1470.0
Neo_Beads_CTACTGTTTTCC,Neo_Beads,Neonatal_Beads,10,Schwann cells,821,1273.0
Neo_Beads_CGTCCGCTTGCG,Neo_Beads,Neonatal_Beads,13,Endothelial cells,979,1597.0
Neo_Beads_CAGGTTATTGCC,Neo_Beads,Neonatal_Beads,2,Schwann cells,1087,1969.0
Neo_Beads_TACTCAGACATG,Neo_Beads,Neonatal_Beads,13,Endothelial cells,781,1202.0
Neo_Beads_CCTACGTAGCAA,Neo_Beads,Neonatal_Beads,10,Schwann cells,895,1411.0
Neo_Beads_GCACGAGCGTGA,Neo_Beads,Neonatal_Beads,10,Schwann cells,954,1579.0
Neo_Beads_GCGGACCTTCTC,Neo_Beads,Neonatal_Beads,9,Schwann cells,833,1224.0
Neo_Beads_GTAAGAGCCCGC,Neo_Beads,Neonatal_Beads,2,Schwann cells,1011,1651.0
Neo_Beads_AGCCGCTTGCAA,Neo_Beads,Neonatal_Beads,10,Schwann cells,1026,1639.0
Neo_Beads_GGGCCTCAGCTT,Neo_Beads,Neonatal_Beads,2,Schwann cells,1039,1760.0
Neo_Beads_CAAATTGGCGAA,Neo_Beads,Neonatal_Beads,2,Schwann cells,638,874.0
Neo_Beads_GACTGAACTTCG,Neo_Beads,Neonatal_Beads,2,Schwann cells,850,1252.0
Neo_Beads_AGGCGATTCAGA,Neo_Beads,Neonatal_Beads,10,Schwann cells,845,1416.0
Neo_Beads_CGATCCCTCGTT,Neo_Beads,Neonatal_Beads,9,Schwann cells,790,1162.0
Neo_Beads_AACCGCGGCGGT,Neo_Beads,Neonatal_Beads,9,Schwann cells,867,1569.0
Neo_Beads_TAGTTGAAGCAA,Neo_Beads,Neonatal_Beads,9,Schwann cells,690,1062.0
Neo_Beads_GGTGCACCGGAA,Neo_Beads,Neonatal_Beads,9,Schwann cells,1094,1949.0
Neo_Beads_ATACAAGTCCCT,Neo_Beads,Neonatal_Beads,9,Schwann cells,978,1506.0
Neo_Beads_TCATCACAGACC,Neo_Beads,Neonatal_Beads,9,Schwann cells,796,1296.0
Neo_Beads_GGGCTTATGCAT,Neo_Beads,Neonatal_Beads,7,Pericytes/VSM,894,1454.0
Neo_Beads_TCAATATAGGAC,Neo_Beads,Neonatal_Beads,13,Endothelial cells,1057,1705.0
Neo_Beads_GGTTCCCTCATA,Neo_Beads,Neonatal_Beads,12,Schwann cells,934,1537.0
Neo_Beads_TTTTATATCAGC,Neo_Beads,Neonatal_Beads,0,Mesenchymal cells,620,1230.0
Neo_Beads_TACCGACAGTCG,Neo_Beads,Neonatal_Beads,12,Schwann cells,878,1430.0
Neo_Beads_GGTCCGCGTTAG,Neo_Beads,Neonatal_Beads,9,Schwann cells,971,1513.0
Neo_Beads_AGGTAAACAGCA,Neo_Beads,Neonatal_Beads,10,Schwann cells,846,1311.0
Neo_Beads_TACCCTTAGGAC,Neo_Beads,Neonatal_Beads,5,Endothelial cells,914,1265.0
Neo_Beads_TCCTCCGTAGTG,Neo_Beads,Neonatal_Beads,9,Schwann cells,764,1063.0
Neo_Beads_GTGACTTCCCGA,Neo_Beads,Neonatal_Beads,9,Schwann cells,748,1076.0
Neo_Beads_TTAGCGAAGCAA,Neo_Beads,Neonatal_Beads,7,Pericytes/VSM,648,974.0
Neo_Beads_TTGATGAAGCCG,Neo_Beads,Neonatal_Beads,3,Mesenchymal cells,851,1698.0
Neo_Beads_GTTATACACGGA,Neo_Beads,Neonatal_Beads,9,Schwann cells,790,1206.0
Neo_Beads_CACTACCTAGAT,Neo_Beads,Neonatal_Beads,9,Schwann cells,784,1127.0
Neo_Beads_GTTGTGGGTAAC,Neo_Beads,Neonatal_Beads,9,Schwann cells,846,1255.0
Neo_Beads_AAGTCCACGCCG,Neo_Beads,Neonatal_Beads,2,Schwann cells,1042,1655.0
Neo_Beads_TGGTCAATTGAT,Neo_Beads,Neonatal_Beads,12,Schwann cells,856,1347.0
Neo_Beads_GCATCGCTTTCG,Neo_Beads,Neonatal_Beads,2,Schwann cells,811,1140.0
Neo_Beads_GCGATCCTCGCG,Neo_Beads,Neonatal_Beads,13,Endothelial cells,735,1190.0
Neo_Beads_CGCCAGGTACTG,Neo_Beads,Neonatal_Beads,9,Schwann cells,701,994.0
Neo_Beads_ACAGACATCATC,Neo_Beads,Neonatal_Beads,7,Pericytes/VSM,821,1182.0
Neo_Beads_GGTCTCCTTTTA,Neo_Beads,Neonatal_Beads,2,Schwann cells,926,1376.0
Neo_Beads_GAAGTGCGTAGT,Neo_Beads,Neonatal_Beads,9,Schwann cells,927,1280.0
Neo_Beads_CAGCACCATTCT,Neo_Beads,Neonatal_Beads,9,Schwann cells,792,1234.0
Neo_Beads_CCTTTCCTCCTG,Neo_Beads,Neonatal_Beads,10,Schwann cells,809,1139.0
Neo_Beads_CTCCGGAGTTAT,Neo_Beads,Neonatal_Beads,5,Endothelial cells,786,1197.0
Neo_Beads_TGCTATTAGTTG,Neo_Beads,Neonatal_Beads,4,Endothelial cells,810,1291.0
Neo_Beads_ATGGAGGCTCGC,Neo_Beads,Neonatal_Beads,10,Schwann cells,839,1267.0
Neo_Beads_GCTGAATGCGAT,Neo_Beads,Neonatal_Beads,0,Mesenchymal cells,789,1556.0
Neo_Beads_GTGTTTATAGCA,Neo_Beads,Neonatal_Beads,13,Endothelial cells,805,1215.0
Neo_Beads_TCCAAGACTTTG,Neo_Beads,Neonatal_Beads,0,Mesenchymal cells,521,867.0
Neo_Beads_GCCGCTGAATAA,Neo_Beads,Neonatal_Beads,10,Schwann cells,894,1318.0
Neo_Beads_TACCACGGCCTA,Neo_Beads,Neonatal_Beads,13,Endothelial cells,1066,1862.0
Neo_Beads_GACCTCAAGATG,Neo_Beads,Neonatal_Beads,7,Pericytes/VSM,850,1372.0
Neo_Beads_GAACTCCCCACG,Neo_Beads,Neonatal_Beads,12,Schwann cells,899,1407.0
Neo_Beads_ACCGCGTGAAGG,Neo_Beads,Neonatal_Beads,2,Schwann cells,1058,1620.0
Neo_Beads_TTTAGGCACCGG,Neo_Beads,Neonatal_Beads,7,Pericytes/VSM,806,1211.0
Neo_Beads_ATTCAGGAGCGG,Neo_Beads,Neonatal_Beads,4,Endothelial cells,1035,1624.0
Neo_Beads_AAGCTATAATCA,Neo_Beads,Neonatal_Beads,0,Mesenchymal cells,724,1133.0
Neo_Beads_CTTTCCTGATTT,Neo_Beads,Neonatal_Beads,9,Schwann cells,829,1171.0
Neo_Beads_ACCAGTAACCGT,Neo_Beads,Neonatal_Beads,13,Endothelial cells,1024,1685.0
Neo_Beads_GTCTTGGCTGTC,Neo_Beads,Neonatal_Beads,9,Schwann cells,669,1088.0
Neo_Beads_GACGTAACCCAA,Neo_Beads,Neonatal_Beads,10,Schwann cells,851,1323.0
Neo_Beads_GATAAAGGCTCT,Neo_Beads,Neonatal_Beads,9,Schwann cells,803,1171.0
Neo_Beads_GGTTAGGGTGTC,Neo_Beads,Neonatal_Beads,15,Macrophages,753,1582.0
Neo_Beads_GATTAAATGGTT,Neo_Beads,Neonatal_Beads,0,Mesenchymal cells,370,543.0
Neo_Beads_TCGAGTTATCCT,Neo_Beads,Neonatal_Beads,9,Schwann cells,806,1329.0
Neo_Beads_GTAGCCCTTCCT,Neo_Beads,Neonatal_Beads,7,Pericytes/VSM,782,1223.0
Neo_Beads_CCGTCTCCTGGT,Neo_Beads,Neonatal_Beads,2,Schwann cells,806,1135.0
Neo_Beads_AGAATGGGCGGT,Neo_Beads,Neonatal_Beads,3,Mesenchymal cells,839,1462.0
Neo_Beads_CAACTGCAACAG,Neo_Beads,Neonatal_Beads,9,Schwann cells,760,1081.0
Neo_Beads_AGGACAACGTCG,Neo_Beads,Neonatal_Beads,10,Schwann cells,894,1354.0
Neo_Beads_TGGCAGCGGGAA,Neo_Beads,Neonatal_Beads,1,Mesenchymal cells,911,1663.0
Neo_Beads_TCTCTGCCGTAA,Neo_Beads,Neonatal_Beads,2,Schwann cells,869,1320.0
Neo_Beads_CAGTCGGTCGAC,Neo_Beads,Neonatal_Beads,10,Schwann cells,787,1182.0
Neo_Beads_GACCCAGCGCCC,Neo_Beads,Neonatal_Beads,2,Schwann cells,774,1196.0
Neo_Beads_GCATGTCGGTGT,Neo_Beads,Neonatal_Beads,3,Mesenchymal cells,912,1893.0
Neo_Beads_GAATGGGAGCTA,Neo_Beads,Neonatal_Beads,10,Schwann cells,819,1163.0
Neo_Beads_GACTCGTGGCAG,Neo_Beads,Neonatal_Beads,9,Schwann cells,823,1306.0
Neo_Beads_TGCCTAGGCCGT,Neo_Beads,Neonatal_Beads,4,Endothelial cells,854,1606.0
Neo_Beads_GTAACTTGGATT,Neo_Beads,Neonatal_Beads,2,Schwann cells,896,1307.0
Neo_Beads_TGTAATCATCTA,Neo_Beads,Neonatal_Beads,7,Pericytes/VSM,897,1392.0
Neo_Beads_AACACCCTACAT,Neo_Beads,Neonatal_Beads,9,Schwann cells,796,1194.0
Neo_Beads_ACAATCAAAAGT,Neo_Beads,Neonatal_Beads,6,Endothelial cells,558,758.0
Neo_Beads_CCCGCCATGCGG,Neo_Beads,Neonatal_Beads,2,Schwann cells,544,911.0
Neo_Beads_CTGAAGTCAGGA,Neo_Beads,Neonatal_Beads,10,Schwann cells,792,1157.0
Neo_Beads_TACGCCACCCTG,Neo_Beads,Neonatal_Beads,0,Mesenchymal cells,810,1347.0
Neo_Beads_TTCCTCTCGTAT,Neo_Beads,Neonatal_Beads,7,Pericytes/VSM,883,1455.0
Neo_Beads_TAAGTGGGCTAT,Neo_Beads,Neonatal_Beads,10,Schwann cells,906,1350.0
Neo_Beads_ACGTGCAACGGA,Neo_Beads,Neonatal_Beads,9,Schwann cells,933,1378.0
Neo_Beads_CTTTGTAGCGTC,Neo_Beads,Neonatal_Beads,0,Mesenchymal cells,635,1344.0
Neo_Beads_TCGCATTAGCCC,Neo_Beads,Neonatal_Beads,10,Schwann cells,901,1361.0
Neo_Beads_CCAATTACGATC,Neo_Beads,Neonatal_Beads,13,Endothelial cells,728,1313.0
Neo_Beads_GCCTTTTCTTTC,Neo_Beads,Neonatal_Beads,9,Schwann cells,726,1049.0
Neo_Beads_CGCTCCGTGGCT,Neo_Beads,Neonatal_Beads,2,Schwann cells,1033,1891.0
Neo_Beads_GCTGAACCACGA,Neo_Beads,Neonatal_Beads,2,Schwann cells,918,1574.0
Neo_Beads_CTTAGCCCGGTT,Neo_Beads,Neonatal_Beads,10,Schwann cells,904,1366.0
Neo_Beads_GTACCTAATTCG,Neo_Beads,Neonatal_Beads,10,Schwann cells,749,1050.0
Neo_Beads_ATACCGTGGAGA,Neo_Beads,Neonatal_Beads,4,Endothelial cells,868,1263.0
Neo_Beads_CTACTCAATTCT,Neo_Beads,Neonatal_Beads,2,Schwann cells,915,1305.0
Neo_Beads_ACCTCCGCTTCC,Neo_Beads,Neonatal_Beads,9,Schwann cells,808,1131.0
Neo_Beads_AACGGCTCGATC,Neo_Beads,Neonatal_Beads,9,Schwann cells,929,1556.0
Neo_Beads_CCTCCCCTACGT,Neo_Beads,Neonatal_Beads,5,Endothelial cells,936,1484.0
Neo_Beads_TTTCACGCCCGA,Neo_Beads,Neonatal_Beads,13,Endothelial cells,725,1135.0
Neo_Beads_AAGGGACGACGC,Neo_Beads,Neonatal_Beads,10,Schwann cells,931,1385.0
Neo_Beads_CAATGCCTCCTG,Neo_Beads,Neonatal_Beads,14,Lymphocytes,708,964.0
Neo_Beads_TACGTCAGACAC,Neo_Beads,Neonatal_Beads,10,Schwann cells,820,1137.0
Neo_Beads_GGCGTCTTGGGC,Neo_Beads,Neonatal_Beads,10,Schwann cells,1116,2069.0
Neo_Beads_GGCGCCTCGGGG,Neo_Beads,Neonatal_Beads,9,Schwann cells,944,1739.0
Neo_Beads_TCGCTGGTTGCC,Neo_Beads,Neonatal_Beads,10,Schwann cells,800,1139.0
Neo_Beads_TAGGTATCGACT,Neo_Beads,Neonatal_Beads,9,Schwann cells,917,1380.0
Neo_Beads_GCGGTAAAATGG,Neo_Beads,Neonatal_Beads,2,Schwann cells,896,1392.0
Neo_Beads_CGCCCCACGATT,Neo_Beads,Neonatal_Beads,9,Schwann cells,914,1612.0
Neo_Beads_GGGTGCGTGACT,Neo_Beads,Neonatal_Beads,6,Endothelial cells,903,1429.0
Neo_Beads_AGCCAATGACCC,Neo_Beads,Neonatal_Beads,9,Schwann cells,814,1138.0
Neo_Beads_CGTAGAGCCCCA,Neo_Beads,Neonatal_Beads,2,Schwann cells,932,1532.0
Neo_Beads_AAACAATTCGGT,Neo_Beads,Neonatal_Beads,13,Endothelial cells,846,1278.0
Neo_Beads_CCTTGCTGACAA,Neo_Beads,Neonatal_Beads,9,Schwann cells,891,1403.0
Neo_Beads_TTGGCTGCAAGT,Neo_Beads,Neonatal_Beads,9,Schwann cells,792,1146.0
Neo_Beads_GCCACTCGTCCT,Neo_Beads,Neonatal_Beads,10,Schwann cells,873,1542.0
Neo_Beads_TTGCGATCGCGA,Neo_Beads,Neonatal_Beads,9,Schwann cells,898,1312.0
Neo_Beads_CGTAACCGTCAG,Neo_Beads,Neonatal_Beads,9,Schwann cells,760,1008.0
Neo_Beads_CTGTTCCGTTCG,Neo_Beads,Neonatal_Beads,9,Schwann cells,853,1366.0
Neo_Beads_GGGTAGTCAACT,Neo_Beads,Neonatal_Beads,9,Schwann cells,801,1199.0
Neo_Beads_CCGAGGTAAAGT,Neo_Beads,Neonatal_Beads,3,Mesenchymal cells,586,1059.0
Neo_Beads_ATCAGTCGTAAC,Neo_Beads,Neonatal_Beads,9,Schwann cells,792,1157.0
Neo_Beads_TCTAGCATGCCN,Neo_Beads,Neonatal_Beads,9,Schwann cells,982,1613.0
Neo_Beads_AAGCATGCGAGC,Neo_Beads,Neonatal_Beads,10,Schwann cells,927,1495.0
Neo_Beads_TGGGTCACGCAG,Neo_Beads,Neonatal_Beads,0,Mesenchymal cells,745,1628.0
Neo_Beads_CCGTCCCTGAAC,Neo_Beads,Neonatal_Beads,9,Schwann cells,862,1322.0
Neo_Beads_GGACGATATTCC,Neo_Beads,Neonatal_Beads,7,Pericytes/VSM,897,1498.0
Neo_Beads_CTGCGACTTTTA,Neo_Beads,Neonatal_Beads,9,Schwann cells,758,1102.0
Neo_Beads_CCCAACTTGGTA,Neo_Beads,Neonatal_Beads,9,Schwann cells,595,877.0
Neo_Beads_TACCATTACTAG,Neo_Beads,Neonatal_Beads,9,Schwann cells,826,1223.0
Neo_Beads_CCTTAAGGTATA,Neo_Beads,Neonatal_Beads,6,Endothelial cells,914,1417.0
Neo_Beads_GGTAACGGGTAT,Neo_Beads,Neonatal_Beads,9,Schwann cells,844,1384.0
Neo_Beads_TTGACCGGGTGT,Neo_Beads,Neonatal_Beads,17,Schwann cells,722,2126.0
Neo_Beads_GGAGAGCCTCTA,Neo_Beads,Neonatal_Beads,7,Pericytes/VSM,904,1547.0
Neo_Beads_AAAGAGTTATCA,Neo_Beads,Neonatal_Beads,7,Pericytes/VSM,756,1214.0
Neo_Beads_CCTCGGCCCAAA,Neo_Beads,Neonatal_Beads,0,Mesenchymal cells,494,1265.0
Neo_Beads_GTGTTGAGGCCA,Neo_Beads,Neonatal_Beads,2,Schwann cells,1169,1901.0
Neo_Beads_TGTTAGGTCGAA,Neo_Beads,Neonatal_Beads,9,Schwann cells,882,1310.0
Neo_Beads_CACTCCTCTAAT,Neo_Beads,Neonatal_Beads,10,Schwann cells,917,1332.0
Neo_Beads_AACGCCTGCTAT,Neo_Beads,Neonatal_Beads,9,Schwann cells,851,1233.0
Neo_Beads_GGAAGTACCTCG,Neo_Beads,Neonatal_Beads,4,Endothelial cells,769,1107.0
Neo_Beads_TGGGCGACCTGC,Neo_Beads,Neonatal_Beads,10,Schwann cells,1213,2283.0
Neo_Beads_TCCGTTTCTCGC,Neo_Beads,Neonatal_Beads,10,Schwann cells,743,1050.0
Neo_Beads_AGGAGTAATCGG,Neo_Beads,Neonatal_Beads,12,Schwann cells,990,1604.0
Neo_Beads_GGTCGATAGCTC,Neo_Beads,Neonatal_Beads,9,Schwann cells,802,1184.0
Neo_Beads_GGGACTCAAGCA,Neo_Beads,Neonatal_Beads,10,Schwann cells,745,1147.0
Neo_Beads_TTCGGACCCCAT,Neo_Beads,Neonatal_Beads,9,Schwann cells,1033,1879.0
Neo_Beads_GTACGGTGATTA,Neo_Beads,Neonatal_Beads,5,Endothelial cells,869,1267.0
Neo_Beads_TTGGTAACAATC,Neo_Beads,Neonatal_Beads,4,Endothelial cells,723,1035.0
Neo_Beads_ACTAGAGAAATT,Neo_Beads,Neonatal_Beads,7,Pericytes/VSM,801,1247.0
Neo_Beads_CCGAGCAGTTGG,Neo_Beads,Neonatal_Beads,5,Endothelial cells,636,1037.0
Neo_Beads_GCGTGGCAAAAG,Neo_Beads,Neonatal_Beads,10,Schwann cells,1126,1927.0
Neo_Beads_CAAGCCTCGGAC,Neo_Beads,Neonatal_Beads,2,Schwann cells,832,1185.0
Neo_Beads_GACTTTTTTCCT,Neo_Beads,Neonatal_Beads,1,Mesenchymal cells,768,1204.0
Neo_Beads_CTGCAAGGAAGC,Neo_Beads,Neonatal_Beads,0,Mesenchymal cells,829,1356.0
Neo_Beads_TATTCGGCTTTG,Neo_Beads,Neonatal_Beads,10,Schwann cells,769,1148.0
Neo_Beads_AACTGTTTGGTT,Neo_Beads,Neonatal_Beads,12,Schwann cells,793,1289.0
Neo_Beads_GGCTGACCTACT,Neo_Beads,Neonatal_Beads,7,Pericytes/VSM,890,1361.0
Neo_Beads_AGCAGGGAAATA,Neo_Beads,Neonatal_Beads,9,Schwann cells,711,1009.0
Neo_Beads_CTTTACCAGGCA,Neo_Beads,Neonatal_Beads,2,Schwann cells,884,1369.0
Neo_Beads_AACGCTCGGACA,Neo_Beads,Neonatal_Beads,10,Schwann cells,830,1351.0
Neo_Beads_GCGTCGTCCTGN,Neo_Beads,Neonatal_Beads,10,Schwann cells,993,1512.0
Neo_Beads_TATTCGACAAAT,Neo_Beads,Neonatal_Beads,13,Endothelial cells,861,1279.0
Neo_Beads_CGGTTGTACGAA,Neo_Beads,Neonatal_Beads,2,Schwann cells,725,1047.0
Neo_Beads_CCACCCGCTGGA,Neo_Beads,Neonatal_Beads,10,Schwann cells,825,1223.0
Neo_Beads_AGTAAGGTGCAT,Neo_Beads,Neonatal_Beads,10,Schwann cells,921,1455.0
Neo_Beads_CGGCCCATTTAA,Neo_Beads,Neonatal_Beads,9,Schwann cells,893,1363.0
Neo_Beads_ACGGATCCAGTC,Neo_Beads,Neonatal_Beads,0,Mesenchymal cells,961,1693.0
Neo_Beads_CACTTGCATGCT,Neo_Beads,Neonatal_Beads,11,Macrophages,801,1423.0
Neo_Beads_CGCGATTTAATC,Neo_Beads,Neonatal_Beads,0,Mesenchymal cells,627,1285.0
Neo_Beads_ATGTAAGGACCA,Neo_Beads,Neonatal_Beads,9,Schwann cells,852,1242.0
Neo_Beads_TCATGGTCTGCC,Neo_Beads,Neonatal_Beads,13,Endothelial cells,812,1292.0
Neo_Beads_TCGTCAAATTTC,Neo_Beads,Neonatal_Beads,12,Schwann cells,662,985.0
Neo_Beads_TCCGGAGCAAGC,Neo_Beads,Neonatal_Beads,2,Schwann cells,890,1269.0
Neo_Beads_AAGCGATGTTTA,Neo_Beads,Neonatal_Beads,2,Schwann cells,876,1250.0
Neo_Beads_GGTTCAAGAGAT,Neo_Beads,Neonatal_Beads,10,Schwann cells,715,1066.0
Neo_Beads_TTTTACGCGATC,Neo_Beads,Neonatal_Beads,10,Schwann cells,688,983.0
Neo_Beads_CCCTGCCGCTTG,Neo_Beads,Neonatal_Beads,9,Schwann cells,815,1171.0
Neo_Beads_CGATGCCGCGCC,Neo_Beads,Neonatal_Beads,17,Schwann cells,628,1929.0
Neo_Beads_AGTAAATGCGCT,Neo_Beads,Neonatal_Beads,17,Schwann cells,632,1846.0
Neo_Beads_ATTTCTGCGATG,Neo_Beads,Neonatal_Beads,2,Schwann cells,730,1045.0
Neo_Beads_CCTGGGCAATCT,Neo_Beads,Neonatal_Beads,7,Pericytes/VSM,876,1393.0
Neo_Beads_AAATAGTTTTGG,Neo_Beads,Neonatal_Beads,2,Schwann cells,761,987.0
Neo_Beads_AGTATGCACTGA,Neo_Beads,Neonatal_Beads,0,Mesenchymal cells,860,1622.0
Neo_Beads_TATCAGCGTACT,Neo_Beads,Neonatal_Beads,7,Pericytes/VSM,831,1310.0
Neo_Beads_TGGCGAGCGTTT,Neo_Beads,Neonatal_Beads,10,Schwann cells,841,1219.0
Neo_Beads_GGTATAAATCTT,Neo_Beads,Neonatal_Beads,1,Mesenchymal cells,422,780.0
Neo_Beads_GTCGGTTGCCCC,Neo_Beads,Neonatal_Beads,10,Schwann cells,871,1355.0
Neo_Beads_AAGAAAACCGGC,Neo_Beads,Neonatal_Beads,10,Schwann cells,779,1076.0
Neo_Beads_ACTCGGCTTGTT,Neo_Beads,Neonatal_Beads,9,Schwann cells,809,1343.0
Neo_Beads_TCCGTACAGTAT,Neo_Beads,Neonatal_Beads,2,Schwann cells,1015,1461.0
Neo_Beads_TATCGCCGGTTG,Neo_Beads,Neonatal_Beads,14,Lymphocytes,800,1335.0
Neo_Beads_GGAAGCCTTAGG,Neo_Beads,Neonatal_Beads,7,Pericytes/VSM,782,1142.0
Neo_Beads_GACGTGATGCCA,Neo_Beads,Neonatal_Beads,9,Schwann cells,745,1097.0
Neo_Beads_TCGCTTAGTTCA,Neo_Beads,Neonatal_Beads,9,Schwann cells,756,1113.0
Neo_Beads_ATCGTGTGTTTG,Neo_Beads,Neonatal_Beads,5,Endothelial cells,758,1005.0
Neo_Beads_CTAATCAATCGC,Neo_Beads,Neonatal_Beads,10,Schwann cells,811,1211.0
Neo_Beads_GTCGCGGGCCTT,Neo_Beads,Neonatal_Beads,12,Schwann cells,930,1407.0
Neo_Beads_GAGTAGGGTAAG,Neo_Beads,Neonatal_Beads,9,Schwann cells,795,1205.0
Neo_Beads_ACCCGTATCTGT,Neo_Beads,Neonatal_Beads,7,Pericytes/VSM,845,1404.0
Neo_Beads_GTTATAAACGCA,Neo_Beads,Neonatal_Beads,7,Pericytes/VSM,774,1143.0
Neo_Beads_AAACCCATTTTC,Neo_Beads,Neonatal_Beads,9,Schwann cells,734,1000.0
Neo_Beads_ACTCTCCACTAC,Neo_Beads,Neonatal_Beads,9,Schwann cells,885,1438.0
Neo_Beads_ATGTGAGAAACT,Neo_Beads,Neonatal_Beads,10,Schwann cells,607,919.0
Neo_Beads_AGGAGAAACTTT,Neo_Beads,Neonatal_Beads,9,Schwann cells,765,1131.0
Neo_Beads_GGCAAGCACTTT,Neo_Beads,Neonatal_Beads,9,Schwann cells,683,981.0
Neo_Beads_GGTCCCCTGCTT,Neo_Beads,Neonatal_Beads,9,Schwann cells,871,1361.0
Neo_Beads_TTCGCATTGGCC,Neo_Beads,Neonatal_Beads,10,Schwann cells,970,1682.0
Neo_Beads_CAGGGCAGTGGA,Neo_Beads,Neonatal_Beads,2,Schwann cells,918,1379.0
Neo_Beads_GGTTTGAGTGCT,Neo_Beads,Neonatal_Beads,7,Pericytes/VSM,833,1627.0
Neo_Beads_TCGCTCTGGGAC,Neo_Beads,Neonatal_Beads,9,Schwann cells,786,1192.0
Neo_Beads_TTACCTTGAACA,Neo_Beads,Neonatal_Beads,9,Schwann cells,853,1236.0
Neo_Beads_CGGACTCCGTAG,Neo_Beads,Neonatal_Beads,9,Schwann cells,789,1212.0
Neo_Beads_TTGAGGAGTTTC,Neo_Beads,Neonatal_Beads,2,Schwann cells,738,1075.0
Neo_Beads_ACCGTGTGGCTT,Neo_Beads,Neonatal_Beads,10,Schwann cells,862,1303.0
Neo_Beads_GCGTTTAGGTAG,Neo_Beads,Neonatal_Beads,10,Schwann cells,869,1401.0
Neo_Beads_TTAGTCGCAGCT,Neo_Beads,Neonatal_Beads,10,Schwann cells,899,1446.0
Neo_Beads_ACAGGTCTATGG,Neo_Beads,Neonatal_Beads,10,Schwann cells,897,1401.0
Neo_Beads_ATTGCATAACCA,Neo_Beads,Neonatal_Beads,3,Mesenchymal cells,935,1535.0
Neo_Beads_GAGGCGAAATGA,Neo_Beads,Neonatal_Beads,0,Mesenchymal cells,685,1434.0
Neo_Beads_GCACGGCGAAGC,Neo_Beads,Neonatal_Beads,12,Schwann cells,736,1065.0
Neo_Beads_AATGAAGACAAA,Neo_Beads,Neonatal_Beads,9,Schwann cells,694,973.0
Neo_Beads_TGCTTCGCTTGG,Neo_Beads,Neonatal_Beads,7,Pericytes/VSM,816,1310.0
Neo_Beads_CACCGTAAGGTG,Neo_Beads,Neonatal_Beads,9,Schwann cells,724,1060.0
Neo_Beads_GTGATCCTAGTA,Neo_Beads,Neonatal_Beads,0,Mesenchymal cells,573,1049.0
Neo_Beads_CCAAAGTGCTCC,Neo_Beads,Neonatal_Beads,10,Schwann cells,685,1056.0
Neo_Beads_GTCTCGGTCATC,Neo_Beads,Neonatal_Beads,2,Schwann cells,739,1109.0
Neo_Beads_ACCTGGTTAAGG,Neo_Beads,Neonatal_Beads,0,Mesenchymal cells,746,1412.0
Neo_Beads_CGAACTCAATCG,Neo_Beads,Neonatal_Beads,2,Schwann cells,836,1182.0
Neo_Beads_TTTGTCCCTTTC,Neo_Beads,Neonatal_Beads,7,Pericytes/VSM,773,1189.0
Neo_Beads_TTGTAGTGCTGA,Neo_Beads,Neonatal_Beads,10,Schwann cells,830,1265.0
Neo_Beads_CCGGCGCCATCA,Neo_Beads,Neonatal_Beads,10,Schwann cells,782,1260.0
Neo_Beads_CAAACCGTAGTA,Neo_Beads,Neonatal_Beads,9,Schwann cells,701,994.0
Neo_Beads_CACTTGGTACGT,Neo_Beads,Neonatal_Beads,12,Schwann cells,670,955.0
Neo_Beads_TAAGTCACACCA,Neo_Beads,Neonatal_Beads,7,Pericytes/VSM,817,1450.0
Neo_Beads_TTTCACAATAGA,Neo_Beads,Neonatal_Beads,7,Pericytes/VSM,676,1021.0
Neo_Beads_CTCGTGTATGCC,Neo_Beads,Neonatal_Beads,9,Schwann cells,755,1032.0
Neo_Beads_GCCCGAGTTTGC,Neo_Beads,Neonatal_Beads,9,Schwann cells,803,1293.0
Neo_Beads_AGTTCGCTCGAA,Neo_Beads,Neonatal_Beads,2,Schwann cells,802,1119.0
Neo_Beads_TGTCCATCATTA,Neo_Beads,Neonatal_Beads,9,Schwann cells,786,1176.0
Neo_Beads_ATCAACAATTCG,Neo_Beads,Neonatal_Beads,9,Schwann cells,787,1094.0
Neo_Beads_CTTAGAACACTA,Neo_Beads,Neonatal_Beads,10,Schwann cells,894,1396.0
Neo_Beads_AGTGAAGGTTCT,Neo_Beads,Neonatal_Beads,4,Endothelial cells,823,1368.0
Neo_Beads_AGAAACGTTAAG,Neo_Beads,Neonatal_Beads,9,Schwann cells,793,1142.0
Neo_Beads_CAAGCCCTCCGC,Neo_Beads,Neonatal_Beads,2,Schwann cells,871,1439.0
Neo_Beads_ACCTACGAGGCC,Neo_Beads,Neonatal_Beads,9,Schwann cells,829,1283.0
Neo_Beads_GGATCGCAACCC,Neo_Beads,Neonatal_Beads,10,Schwann cells,845,1363.0
Neo_Beads_AGAGCCTACTGT,Neo_Beads,Neonatal_Beads,10,Schwann cells,967,1425.0
Neo_Beads_TTGATACATAGG,Neo_Beads,Neonatal_Beads,2,Schwann cells,829,1206.0
Neo_Beads_GACAATCCGCCA,Neo_Beads,Neonatal_Beads,10,Schwann cells,760,1266.0
Neo_Beads_CAATAATCGCAA,Neo_Beads,Neonatal_Beads,10,Schwann cells,651,897.0
Neo_Beads_TTGCTTTCATCG,Neo_Beads,Neonatal_Beads,9,Schwann cells,825,1218.0
Neo_Beads_TCATTACGCGTT,Neo_Beads,Neonatal_Beads,10,Schwann cells,772,1201.0
Neo_Beads_CTTGCGCCGTAA,Neo_Beads,Neonatal_Beads,9,Schwann cells,770,1081.0
Neo_Beads_AGCATTCGCTAC,Neo_Beads,Neonatal_Beads,9,Schwann cells,719,995.0
Neo_Beads_TATGGCAACACT,Neo_Beads,Neonatal_Beads,13,Endothelial cells,922,1461.0
Neo_Beads_CGGACATAACAT,Neo_Beads,Neonatal_Beads,6,Endothelial cells,865,1325.0
Neo_Beads_CTTCAACAAGGT,Neo_Beads,Neonatal_Beads,10,Schwann cells,735,1023.0
Neo_Beads_CCTGGTAACTAG,Neo_Beads,Neonatal_Beads,3,Mesenchymal cells,884,1244.0
Neo_Beads_CCTCTGCAGGAT,Neo_Beads,Neonatal_Beads,9,Schwann cells,758,1085.0
Neo_Beads_AAACTTAGAACC,Neo_Beads,Neonatal_Beads,2,Schwann cells,760,1067.0
Neo_Beads_TATTCTGCTGCG,Neo_Beads,Neonatal_Beads,9,Schwann cells,875,1310.0
Neo_Beads_GCATAGATCCAG,Neo_Beads,Neonatal_Beads,7,Pericytes/VSM,719,1102.0
Neo_Beads_CGCCGTATGCCC,Neo_Beads,Neonatal_Beads,9,Schwann cells,837,1330.0
Neo_Beads_GCTAACCATTGC,Neo_Beads,Neonatal_Beads,9,Schwann cells,884,1347.0
Neo_Beads_GCGGTCTTGCCT,Neo_Beads,Neonatal_Beads,2,Schwann cells,1093,1818.0
Neo_Beads_GTAAGACATTAG,Neo_Beads,Neonatal_Beads,9,Schwann cells,739,1092.0
Neo_Beads_TCGATTTGGCAC,Neo_Beads,Neonatal_Beads,2,Schwann cells,990,1561.0
Neo_Beads_AGCATCACATAT,Neo_Beads,Neonatal_Beads,6,Endothelial cells,894,1527.0
Neo_Beads_CACTCATCTCGC,Neo_Beads,Neonatal_Beads,10,Schwann cells,829,1382.0
Neo_Beads_TCTTCTTCGCAC,Neo_Beads,Neonatal_Beads,3,Mesenchymal cells,860,1615.0
Neo_Beads_TATAGAGTTCGT,Neo_Beads,Neonatal_Beads,9,Schwann cells,889,1342.0
Neo_Beads_TTTCACTCAGGA,Neo_Beads,Neonatal_Beads,3,Mesenchymal cells,875,1453.0
Neo_Beads_GCCTGCTGGAGA,Neo_Beads,Neonatal_Beads,9,Schwann cells,859,1276.0
Neo_Beads_CGCAGACACCAG,Neo_Beads,Neonatal_Beads,9,Schwann cells,903,1553.0
Neo_Beads_TAGAAGACTTTT,Neo_Beads,Neonatal_Beads,9,Schwann cells,617,851.0
Neo_Beads_TAGCTCCCCGGT,Neo_Beads,Neonatal_Beads,10,Schwann cells,922,1476.0
Neo_Beads_AGGCGCCGTAAG,Neo_Beads,Neonatal_Beads,10,Schwann cells,874,1296.0
Neo_Beads_GGTTCAACTGGA,Neo_Beads,Neonatal_Beads,2,Schwann cells,774,1219.0
Neo_Beads_CCACTCCTCCGC,Neo_Beads,Neonatal_Beads,4,Endothelial cells,864,1725.0
Neo_Beads_TGTCGTCTTTAA,Neo_Beads,Neonatal_Beads,12,Schwann cells,823,1261.0
Neo_Beads_CGTTACCAGAAA,Neo_Beads,Neonatal_Beads,3,Mesenchymal cells,779,1339.0
Neo_Beads_GCATCCGGCAAT,Neo_Beads,Neonatal_Beads,9,Schwann cells,731,1070.0
Neo_Beads_AGGCGCTGCCGA,Neo_Beads,Neonatal_Beads,3,Mesenchymal cells,921,1622.0
Neo_Beads_GAAGCCCGGATA,Neo_Beads,Neonatal_Beads,12,Schwann cells,890,1493.0
Neo_Beads_TTAGGGATCCGT,Neo_Beads,Neonatal_Beads,3,Mesenchymal cells,922,1511.0
Neo_Beads_TAGGAATCCTTC,Neo_Beads,Neonatal_Beads,10,Schwann cells,699,1095.0
Neo_Beads_GTGTTCCCTGGC,Neo_Beads,Neonatal_Beads,10,Schwann cells,757,1181.0
Neo_Beads_TAGCGACTCAGC,Neo_Beads,Neonatal_Beads,10,Schwann cells,724,1034.0
Neo_Beads_TTGAGTGTATAT,Neo_Beads,Neonatal_Beads,12,Schwann cells,864,1296.0
Neo_Beads_TAGATTTCCTGG,Neo_Beads,Neonatal_Beads,7,Pericytes/VSM,679,1051.0
Neo_Beads_TTTCCGCAATTA,Neo_Beads,Neonatal_Beads,10,Schwann cells,807,1265.0
Neo_Beads_CTAGTCGTGCAA,Neo_Beads,Neonatal_Beads,9,Schwann cells,737,1184.0
Neo_Beads_GACTGCCGAGCC,Neo_Beads,Neonatal_Beads,9,Schwann cells,943,1693.0
Neo_Beads_GTGGGAGCCGTA,Neo_Beads,Neonatal_Beads,5,Endothelial cells,1018,1602.0
Neo_Beads_AATCGGGTATGG,Neo_Beads,Neonatal_Beads,6,Endothelial cells,821,1241.0
Neo_Beads_CGCTCTTCGTGA,Neo_Beads,Neonatal_Beads,10,Schwann cells,828,1334.0
Neo_Beads_TCTCCCAATGCT,Neo_Beads,Neonatal_Beads,5,Endothelial cells,696,1048.0
Neo_Beads_ATTCGAAGGATC,Neo_Beads,Neonatal_Beads,10,Schwann cells,698,978.0
Neo_Beads_ATGGTAGAATGA,Neo_Beads,Neonatal_Beads,13,Endothelial cells,624,1082.0
Neo_Beads_GATGTCGAGCTG,Neo_Beads,Neonatal_Beads,10,Schwann cells,875,1367.0
Neo_Beads_ATTATCCCGTAG,Neo_Beads,Neonatal_Beads,6,Endothelial cells,854,1240.0
Neo_Beads_ATAAATGAATTA,Neo_Beads,Neonatal_Beads,9,Schwann cells,777,1120.0
Neo_Beads_TAACTTACCGTG,Neo_Beads,Neonatal_Beads,0,Mesenchymal cells,554,997.0
Neo_Beads_TGCACTTGTTTG,Neo_Beads,Neonatal_Beads,10,Schwann cells,909,1377.0
Neo_Beads_CTAAGGAATGTT,Neo_Beads,Neonatal_Beads,10,Schwann cells,625,972.0
Neo_Beads_ATGCCGTGGCAA,Neo_Beads,Neonatal_Beads,0,Mesenchymal cells,737,1176.0
Neo_Beads_ACAGTGTTTGGG,Neo_Beads,Neonatal_Beads,9,Schwann cells,830,1300.0
Neo_Beads_TCGTTCTCGCCC,Neo_Beads,Neonatal_Beads,10,Schwann cells,976,1739.0
Neo_Beads_CGATACTCCTTA,Neo_Beads,Neonatal_Beads,10,Schwann cells,881,1323.0
Neo_Beads_TAGCGATATACA,Neo_Beads,Neonatal_Beads,9,Schwann cells,884,1317.0
Neo_Beads_AACCGCACCCGA,Neo_Beads,Neonatal_Beads,10,Schwann cells,794,1173.0
Neo_Beads_GGGAGAGGTAGA,Neo_Beads,Neonatal_Beads,9,Schwann cells,915,1322.0
Neo_Beads_CAAGTTCCTCAT,Neo_Beads,Neonatal_Beads,0,Mesenchymal cells,821,1528.0
Neo_Beads_ATTCAACAATCT,Neo_Beads,Neonatal_Beads,9,Schwann cells,723,1062.0
Neo_Beads_CCTTTACCACAT,Neo_Beads,Neonatal_Beads,9,Schwann cells,835,1276.0
Neo_Beads_TAAACCAGCGTG,Neo_Beads,Neonatal_Beads,4,Endothelial cells,814,1268.0
Neo_Beads_CGTAGCGACGTG,Neo_Beads,Neonatal_Beads,7,Pericytes/VSM,835,1226.0
Neo_Beads_AACAGCTCCGGG,Neo_Beads,Neonatal_Beads,7,Pericytes/VSM,839,1481.0
Neo_Beads_TCCTTTTTTACC,Neo_Beads,Neonatal_Beads,0,Mesenchymal cells,612,1124.0
Neo_Beads_TCTCTGACTACC,Neo_Beads,Neonatal_Beads,12,Schwann cells,903,1539.0
Neo_Beads_ATCCCAAGATCC,Neo_Beads,Neonatal_Beads,3,Mesenchymal cells,717,1337.0
Neo_Beads_GGCCCAGGAGAT,Neo_Beads,Neonatal_Beads,12,Schwann cells,1004,1819.0
Neo_Beads_GCATTGTTGAGT,Neo_Beads,Neonatal_Beads,6,Endothelial cells,756,1119.0
Neo_Beads_TGTTGACAAGGA,Neo_Beads,Neonatal_Beads,10,Schwann cells,842,1250.0
Neo_Beads_CTTTGATTGGAA,Neo_Beads,Neonatal_Beads,10,Schwann cells,923,1502.0
Neo_Beads_ACGTACCCGCAA,Neo_Beads,Neonatal_Beads,6,Endothelial cells,690,979.0
Neo_Beads_ATACTGGAATAG,Neo_Beads,Neonatal_Beads,10,Schwann cells,734,1042.0
Neo_Beads_GGTTGGGTGCGC,Neo_Beads,Neonatal_Beads,6,Endothelial cells,882,1370.0
Neo_Beads_AGTTTCCGATAT,Neo_Beads,Neonatal_Beads,7,Pericytes/VSM,768,1158.0
Neo_Beads_TGCGCAGCCGCA,Neo_Beads,Neonatal_Beads,4,Endothelial cells,1001,1754.0
Neo_Beads_GTTACACGCCAA,Neo_Beads,Neonatal_Beads,9,Schwann cells,817,1145.0
Neo_Beads_TCTCGGTTGTTG,Neo_Beads,Neonatal_Beads,9,Schwann cells,828,1145.0
Neo_Beads_GGCAGAGGCAAG,Neo_Beads,Neonatal_Beads,12,Schwann cells,801,1217.0
Neo_Beads_GTCAGTTAGTCC,Neo_Beads,Neonatal_Beads,9,Schwann cells,674,934.0
Neo_Beads_TTATGTACGACC,Neo_Beads,Neonatal_Beads,9,Schwann cells,938,1413.0
Neo_Beads_GGTATTCAATAG,Neo_Beads,Neonatal_Beads,7,Pericytes/VSM,784,1208.0
Neo_Beads_CCGCGACTTCGT,Neo_Beads,Neonatal_Beads,12,Schwann cells,772,1210.0
Neo_Beads_CGTCCCGCCTCT,Neo_Beads,Neonatal_Beads,1,Mesenchymal cells,572,909.0
Neo_Beads_TGTAGGCAATTA,Neo_Beads,Neonatal_Beads,9,Schwann cells,763,1045.0
Neo_Beads_CGACAACACGAG,Neo_Beads,Neonatal_Beads,7,Pericytes/VSM,770,1131.0
Neo_Beads_CTTCTATAATGA,Neo_Beads,Neonatal_Beads,9,Schwann cells,676,912.0
Neo_Beads_AGCTACTGTACG,Neo_Beads,Neonatal_Beads,3,Mesenchymal cells,892,1490.0
Neo_Beads_TGGATCACGACA,Neo_Beads,Neonatal_Beads,9,Schwann cells,799,1182.0
Neo_Beads_ACGCTGCTTTTG,Neo_Beads,Neonatal_Beads,10,Schwann cells,873,1308.0
Neo_Beads_GCGTAATGTCCG,Neo_Beads,Neonatal_Beads,12,Schwann cells,829,1215.0
Neo_Beads_TTCTCGGGGCGT,Neo_Beads,Neonatal_Beads,9,Schwann cells,823,1190.0
Neo_Beads_CACGCGCGATTG,Neo_Beads,Neonatal_Beads,2,Schwann cells,840,1164.0
Neo_Beads_TGCTTTATACTT,Neo_Beads,Neonatal_Beads,1,Mesenchymal cells,740,1236.0
Neo_Beads_CGAGTCACTCGG,Neo_Beads,Neonatal_Beads,7,Pericytes/VSM,890,1362.0
Neo_Beads_TGTTGTCTACCA,Neo_Beads,Neonatal_Beads,9,Schwann cells,913,1491.0
Neo_Beads_CCCAGCCTCGTG,Neo_Beads,Neonatal_Beads,7,Pericytes/VSM,855,1413.0
Neo_Beads_GGAGTATGCCAC,Neo_Beads,Neonatal_Beads,9,Schwann cells,890,1292.0
Neo_Beads_CTGCTGATCGCG,Neo_Beads,Neonatal_Beads,9,Schwann cells,875,1345.0
Neo_Beads_GTGTACTCCGTT,Neo_Beads,Neonatal_Beads,2,Schwann cells,830,1208.0
Neo_Beads_TTCCCCGTAGGT,Neo_Beads,Neonatal_Beads,9,Schwann cells,821,1294.0
Neo_Beads_AGAATCAACTAG,Neo_Beads,Neonatal_Beads,10,Schwann cells,764,1164.0
Neo_Beads_TCATCCATTGAC,Neo_Beads,Neonatal_Beads,10,Schwann cells,827,1160.0
Neo_Beads_AACAGAGCCATG,Neo_Beads,Neonatal_Beads,4,Endothelial cells,780,1188.0
Neo_Beads_ATGCTTCGCACA,Neo_Beads,Neonatal_Beads,9,Schwann cells,844,1224.0
Neo_Beads_GTACATGTGCCC,Neo_Beads,Neonatal_Beads,2,Schwann cells,811,1128.0
Neo_Beads_CTGACATATTCA,Neo_Beads,Neonatal_Beads,7,Pericytes/VSM,746,1243.0
Neo_Beads_GCGCACGTTGAA,Neo_Beads,Neonatal_Beads,0,Mesenchymal cells,680,1487.0
Neo_Beads_AACACAAGCTGT,Neo_Beads,Neonatal_Beads,10,Schwann cells,909,1430.0
Neo_Beads_GCCCGTGTTACT,Neo_Beads,Neonatal_Beads,9,Schwann cells,806,1221.0
Neo_Beads_CATCGCAATCTT,Neo_Beads,Neonatal_Beads,9,Schwann cells,729,1088.0
Neo_Beads_GTTTACCATAGT,Neo_Beads,Neonatal_Beads,9,Schwann cells,894,1313.0
Neo_Beads_TAAATCAATTCA,Neo_Beads,Neonatal_Beads,10,Schwann cells,725,1035.0
Neo_Beads_CGGCAATGCTTT,Neo_Beads,Neonatal_Beads,5,Endothelial cells,612,835.0
Neo_Beads_TAGTAGAGTCGA,Neo_Beads,Neonatal_Beads,9,Schwann cells,745,1088.0
Neo_Beads_GCGGTAGAGTTA,Neo_Beads,Neonatal_Beads,12,Schwann cells,943,1539.0
Neo_Beads_GTCTAGTCCTTT,Neo_Beads,Neonatal_Beads,10,Schwann cells,744,1107.0
Neo_Beads_GTCTACATTGAA,Neo_Beads,Neonatal_Beads,3,Mesenchymal cells,751,1280.0
Neo_Beads_CGACCGACCGCG,Neo_Beads,Neonatal_Beads,4,Endothelial cells,788,1385.0
Neo_Beads_CCGAGCTGCTAG,Neo_Beads,Neonatal_Beads,13,Endothelial cells,517,966.0
Neo_Beads_GAATCCCTATTG,Neo_Beads,Neonatal_Beads,10,Schwann cells,901,1429.0
Neo_Beads_CTGGTTGTCTCG,Neo_Beads,Neonatal_Beads,12,Schwann cells,739,1148.0
Neo_Beads_GCTTACACTAGC,Neo_Beads,Neonatal_Beads,10,Schwann cells,744,1091.0
Neo_Beads_CGCCACATATAA,Neo_Beads,Neonatal_Beads,0,Mesenchymal cells,699,1223.0
Neo_Beads_GCGTAGGGATAT,Neo_Beads,Neonatal_Beads,10,Schwann cells,802,1195.0
Neo_Beads_TTGACGGCGCTA,Neo_Beads,Neonatal_Beads,9,Schwann cells,849,1360.0
Neo_Beads_CCTCCTCCCAAT,Neo_Beads,Neonatal_Beads,10,Schwann cells,814,1224.0
Neo_Beads_GTCGGTTCACTG,Neo_Beads,Neonatal_Beads,4,Endothelial cells,775,1156.0
Neo_Beads_CGCGTGTTATAA,Neo_Beads,Neonatal_Beads,9,Schwann cells,855,1231.0
Neo_Beads_TTAGGTCAGAGG,Neo_Beads,Neonatal_Beads,10,Schwann cells,725,1115.0
Neo_Beads_CGTTCGACTCCG,Neo_Beads,Neonatal_Beads,7,Pericytes/VSM,789,1362.0
Neo_Beads_TACGAAGCGGTC,Neo_Beads,Neonatal_Beads,10,Schwann cells,1007,1611.0
Neo_Beads_TGGCCTCGATTA,Neo_Beads,Neonatal_Beads,4,Endothelial cells,816,1311.0
Neo_Beads_TTCAAAATGTCG,Neo_Beads,Neonatal_Beads,13,Endothelial cells,826,1352.0
Neo_Beads_TCCTGAGCGTGC,Neo_Beads,Neonatal_Beads,10,Schwann cells,897,1413.0
Neo_Beads_AAGTATGCATAC,Neo_Beads,Neonatal_Beads,3,Mesenchymal cells,726,1197.0
Neo_Beads_GTCCTTTTAGCC,Neo_Beads,Neonatal_Beads,4,Endothelial cells,832,1403.0
Neo_Beads_TGTCGACCAGTA,Neo_Beads,Neonatal_Beads,7,Pericytes/VSM,705,1191.0
Neo_Beads_CGCATATCCGTA,Neo_Beads,Neonatal_Beads,7,Pericytes/VSM,739,1165.0
Neo_Beads_CGTCATGCTTCT,Neo_Beads,Neonatal_Beads,10,Schwann cells,660,985.0
Neo_Beads_CTTCGAGACTGA,Neo_Beads,Neonatal_Beads,9,Schwann cells,768,1102.0
Neo_Beads_CTTATACAGCGC,Neo_Beads,Neonatal_Beads,10,Schwann cells,1125,1937.0
Neo_Beads_CATTTGGACCTC,Neo_Beads,Neonatal_Beads,10,Schwann cells,752,1072.0
Neo_Beads_CATCCTTGTCGG,Neo_Beads,Neonatal_Beads,10,Schwann cells,749,1198.0
Neo_Beads_CACGGCGATAGT,Neo_Beads,Neonatal_Beads,10,Schwann cells,735,1098.0
Neo_Beads_CCGTAACCATCG,Neo_Beads,Neonatal_Beads,2,Schwann cells,844,1198.0
Neo_Beads_TCACACAAAATC,Neo_Beads,Neonatal_Beads,0,Mesenchymal cells,572,1063.0
Neo_Beads_TAACTGGAATCC,Neo_Beads,Neonatal_Beads,10,Schwann cells,742,1051.0
Neo_Beads_TTCCGCGTTGTG,Neo_Beads,Neonatal_Beads,6,Endothelial cells,902,1452.0
Neo_Beads_CGACGTAAAGAT,Neo_Beads,Neonatal_Beads,10,Schwann cells,913,1445.0
Neo_Beads_TGCCACGTTCTT,Neo_Beads,Neonatal_Beads,7,Pericytes/VSM,854,1462.0
Neo_Beads_CATATGTAATAA,Neo_Beads,Neonatal_Beads,2,Schwann cells,839,1176.0
Neo_Beads_AGTGCCTTTGGC,Neo_Beads,Neonatal_Beads,10,Schwann cells,933,1500.0
Neo_Beads_CTATGCCAACAT,Neo_Beads,Neonatal_Beads,7,Pericytes/VSM,607,914.0
Neo_Beads_TAAGTGGTGACC,Neo_Beads,Neonatal_Beads,10,Schwann cells,873,1238.0
Neo_Beads_TAGCCACCCATG,Neo_Beads,Neonatal_Beads,13,Endothelial cells,765,1279.0
Neo_Beads_GTCACTCCACTG,Neo_Beads,Neonatal_Beads,10,Schwann cells,776,1195.0
Neo_Beads_TGCTTGGGCTAT,Neo_Beads,Neonatal_Beads,7,Pericytes/VSM,730,1133.0
Neo_Beads_TCCATTAGGGCT,Neo_Beads,Neonatal_Beads,2,Schwann cells,884,1271.0
Neo_Beads_ACTCTGACTTTA,Neo_Beads,Neonatal_Beads,4,Endothelial cells,729,1077.0
Neo_Beads_GTCTAGCTTCAC,Neo_Beads,Neonatal_Beads,10,Schwann cells,776,1114.0
Neo_Beads_GACTGTATCCGG,Neo_Beads,Neonatal_Beads,0,Mesenchymal cells,589,1111.0
Neo_Beads_GGCCTTGGTGTC,Neo_Beads,Neonatal_Beads,9,Schwann cells,825,1189.0
Neo_Beads_GAATCTCCATTA,Neo_Beads,Neonatal_Beads,5,Endothelial cells,537,747.0
Neo_Beads_GCCCATTTTTAC,Neo_Beads,Neonatal_Beads,9,Schwann cells,793,1166.0
Neo_Beads_ACTCTCATCCGC,Neo_Beads,Neonatal_Beads,13,Endothelial cells,714,1108.0
Neo_Beads_AGTCCAGTGACC,Neo_Beads,Neonatal_Beads,9,Schwann cells,830,1261.0
Neo_Beads_AAATCAATCTGG,Neo_Beads,Neonatal_Beads,10,Schwann cells,763,1135.0
Neo_Beads_TAATCTAGGATG,Neo_Beads,Neonatal_Beads,13,Endothelial cells,968,1678.0
Neo_Beads_GGATAACGGAAC,Neo_Beads,Neonatal_Beads,5,Endothelial cells,742,1048.0
Neo_Beads_GTCCAAAATGAG,Neo_Beads,Neonatal_Beads,10,Schwann cells,711,1015.0
Neo_Beads_CTAAGGTGTCAC,Neo_Beads,Neonatal_Beads,6,Endothelial cells,656,956.0
Neo_Beads_TTTCCATGAATA,Neo_Beads,Neonatal_Beads,9,Schwann cells,664,1029.0
Neo_Beads_GGGATGTGGGTG,Neo_Beads,Neonatal_Beads,9,Schwann cells,948,1480.0
Neo_Beads_TTACGGCTAATT,Neo_Beads,Neonatal_Beads,3,Mesenchymal cells,863,1396.0
Neo_Beads_TGGCGCCTTGTT,Neo_Beads,Neonatal_Beads,9,Schwann cells,816,1219.0
Neo_Beads_AAGAAAAGAGGG,Neo_Beads,Neonatal_Beads,3,Mesenchymal cells,620,982.0
Neo_Beads_CTGAAGTCTTGC,Neo_Beads,Neonatal_Beads,9,Schwann cells,619,879.0
Neo_Beads_TCTGGTGTACTC,Neo_Beads,Neonatal_Beads,5,Endothelial cells,877,1315.0
Neo_Beads_TGCTCCGAATAG,Neo_Beads,Neonatal_Beads,4,Endothelial cells,930,1533.0
Neo_Beads_TATCCATAGCAG,Neo_Beads,Neonatal_Beads,9,Schwann cells,676,896.0
Neo_Beads_AACACCCACCTC,Neo_Beads,Neonatal_Beads,9,Schwann cells,740,1055.0
Neo_Beads_GTCAAGACCACC,Neo_Beads,Neonatal_Beads,9,Schwann cells,794,1276.0
Neo_Beads_GCCTGATTTCCG,Neo_Beads,Neonatal_Beads,10,Schwann cells,699,988.0
Neo_Beads_CACAGGACATAA,Neo_Beads,Neonatal_Beads,10,Schwann cells,763,1070.0
Neo_Beads_CATAAATGATTA,Neo_Beads,Neonatal_Beads,9,Schwann cells,796,1107.0
Neo_Beads_TTACCTAATGGG,Neo_Beads,Neonatal_Beads,2,Schwann cells,784,1130.0
Neo_Beads_CCTTCTGAGCGC,Neo_Beads,Neonatal_Beads,17,Schwann cells,754,1296.0
Neo_Beads_AGGGTATTGCTC,Neo_Beads,Neonatal_Beads,10,Schwann cells,992,1461.0
Neo_Beads_CTTTCATAAACT,Neo_Beads,Neonatal_Beads,10,Schwann cells,639,912.0
Neo_Beads_CTTACTCAACAC,Neo_Beads,Neonatal_Beads,17,Schwann cells,817,1270.0
Neo_Beads_TCTGTTGGTTCT,Neo_Beads,Neonatal_Beads,9,Schwann cells,739,1065.0
Neo_Beads_AGTGCCTGCCAC,Neo_Beads,Neonatal_Beads,2,Schwann cells,976,1588.0
Neo_Beads_CTAATAAGAAAC,Neo_Beads,Neonatal_Beads,4,Endothelial cells,425,498.0
Neo_Beads_CATCACGTATCT,Neo_Beads,Neonatal_Beads,3,Mesenchymal cells,656,1087.0
Neo_Beads_TACCTGCCCTAT,Neo_Beads,Neonatal_Beads,9,Schwann cells,759,1108.0
Neo_Beads_CGGTGGATCGTG,Neo_Beads,Neonatal_Beads,0,Mesenchymal cells,597,1125.0
Neo_Beads_ATCCTGCTCTAT,Neo_Beads,Neonatal_Beads,7,Pericytes/VSM,696,1033.0
Neo_Beads_CCGAAGCGGGTC,Neo_Beads,Neonatal_Beads,13,Endothelial cells,682,957.0
Neo_Beads_TCGGCACGATGC,Neo_Beads,Neonatal_Beads,10,Schwann cells,942,1481.0
Neo_Beads_TTTAGACCCTGC,Neo_Beads,Neonatal_Beads,3,Mesenchymal cells,904,1593.0
Neo_Beads_GAAGATTTGGTT,Neo_Beads,Neonatal_Beads,9,Schwann cells,693,993.0
Neo_Beads_ACCGACATTGGG,Neo_Beads,Neonatal_Beads,9,Schwann cells,817,1229.0
Neo_Beads_TACCGTCGAAGA,Neo_Beads,Neonatal_Beads,10,Schwann cells,676,1022.0
Neo_Beads_CACCTCACCTGA,Neo_Beads,Neonatal_Beads,12,Schwann cells,826,1255.0
Neo_Beads_TCTACTTTAACC,Neo_Beads,Neonatal_Beads,13,Endothelial cells,763,1215.0
Neo_Beads_ATACCTATCTCG,Neo_Beads,Neonatal_Beads,10,Schwann cells,790,1163.0
Neo_Beads_GCAGCGTCCTGA,Neo_Beads,Neonatal_Beads,0,Mesenchymal cells,718,1408.0
Neo_Beads_TTATGCATAACA,Neo_Beads,Neonatal_Beads,2,Schwann cells,869,1245.0
Neo_Beads_GTTGTGGGTAGG,Neo_Beads,Neonatal_Beads,0,Mesenchymal cells,723,1071.0
Neo_Beads_CCCCGTATCCTT,Neo_Beads,Neonatal_Beads,10,Schwann cells,828,1198.0
Neo_Beads_GGGGTTCGGCGG,Neo_Beads,Neonatal_Beads,0,Mesenchymal cells,932,2253.0
Neo_Beads_ACAATCAGCCAA,Neo_Beads,Neonatal_Beads,10,Schwann cells,861,1328.0
Neo_Beads_ACCCCCATTGGC,Neo_Beads,Neonatal_Beads,4,Endothelial cells,990,1873.0
Neo_Beads_GGCTAAGTGCCT,Neo_Beads,Neonatal_Beads,10,Schwann cells,734,1122.0
Neo_Beads_CACTTTTCTTCG,Neo_Beads,Neonatal_Beads,4,Endothelial cells,713,1143.0
Neo_Beads_TCGCTTGTCGTT,Neo_Beads,Neonatal_Beads,2,Schwann cells,735,1158.0
Neo_Beads_CCAAAGTCCACC,Neo_Beads,Neonatal_Beads,2,Schwann cells,735,994.0
Neo_Beads_GCATCGCTCGTT,Neo_Beads,Neonatal_Beads,7,Pericytes/VSM,746,1160.0
Neo_Beads_TTTACTGCATCA,Neo_Beads,Neonatal_Beads,12,Schwann cells,811,1182.0
Neo_Beads_TCATATCCAAGG,Neo_Beads,Neonatal_Beads,3,Mesenchymal cells,652,1137.0
Neo_Beads_GCAAAGCCGACC,Neo_Beads,Neonatal_Beads,10,Schwann cells,668,1042.0
Neo_Beads_CGGCTGGTGCGG,Neo_Beads,Neonatal_Beads,10,Schwann cells,1035,1886.0
Neo_Beads_AGGGCGGTTTAG,Neo_Beads,Neonatal_Beads,10,Schwann cells,965,1468.0
Neo_Beads_CTGGTCTCGTGT,Neo_Beads,Neonatal_Beads,3,Mesenchymal cells,740,1244.0
Neo_Beads_GGAGGTTCTGCA,Neo_Beads,Neonatal_Beads,9,Schwann cells,825,1168.0
Neo_Beads_TCTTGTAGGTAA,Neo_Beads,Neonatal_Beads,13,Endothelial cells,837,1261.0
Neo_Beads_CTCCACTGGAAT,Neo_Beads,Neonatal_Beads,10,Schwann cells,733,1137.0
Neo_Beads_AAATCCGCGATA,Neo_Beads,Neonatal_Beads,9,Schwann cells,704,1084.0
Neo_Beads_TGGTGAAAAGGA,Neo_Beads,Neonatal_Beads,9,Schwann cells,848,1233.0
Neo_Beads_AGGCTGTGTTTT,Neo_Beads,Neonatal_Beads,0,Mesenchymal cells,786,1354.0
Neo_Beads_GATCGACTAGGC,Neo_Beads,Neonatal_Beads,2,Schwann cells,696,977.0
Neo_Beads_CCGTGTATGGAA,Neo_Beads,Neonatal_Beads,9,Schwann cells,802,1264.0
Neo_Beads_AGGGGATGAGAC,Neo_Beads,Neonatal_Beads,12,Schwann cells,853,1370.0
Neo_Beads_TCCGTCAAATTG,Neo_Beads,Neonatal_Beads,5,Endothelial cells,722,1053.0
Neo_Beads_TCCTAGCTGTAC,Neo_Beads,Neonatal_Beads,2,Schwann cells,921,1366.0
Neo_Beads_TCCTCTTAGCTA,Neo_Beads,Neonatal_Beads,9,Schwann cells,898,1362.0
Neo_Beads_AGCCGGGATTTG,Neo_Beads,Neonatal_Beads,7,Pericytes/VSM,742,1342.0
Neo_Beads_AGCTCGTAATCG,Neo_Beads,Neonatal_Beads,10,Schwann cells,861,1321.0
Neo_Beads_ACAGGAAGTAAA,Neo_Beads,Neonatal_Beads,7,Pericytes/VSM,771,1236.0
Neo_Beads_GAAAAGTCCGCG,Neo_Beads,Neonatal_Beads,10,Schwann cells,869,1419.0
Neo_Beads_AGATGGAATTAT,Neo_Beads,Neonatal_Beads,4,Endothelial cells,831,1198.0
Neo_Beads_CTGGGTGACTAC,Neo_Beads,Neonatal_Beads,10,Schwann cells,791,1259.0
Neo_Beads_CATGGATTCCCA,Neo_Beads,Neonatal_Beads,12,Schwann cells,812,1254.0
Neo_Beads_ATCAGGGAACTG,Neo_Beads,Neonatal_Beads,10,Schwann cells,761,1167.0
Neo_Beads_TTTCTCAAATAC,Neo_Beads,Neonatal_Beads,10,Schwann cells,642,933.0
Neo_Beads_TCATAGCTTTTT,Neo_Beads,Neonatal_Beads,9,Schwann cells,827,1190.0
Neo_Beads_GCGTCTACCCAC,Neo_Beads,Neonatal_Beads,12,Schwann cells,751,1138.0
Neo_Beads_GAGCCTATACCG,Neo_Beads,Neonatal_Beads,10,Schwann cells,948,1398.0
Neo_Beads_TAGAACCTGTAG,Neo_Beads,Neonatal_Beads,9,Schwann cells,821,1172.0
Neo_Beads_AGGCCGCTTGGA,Neo_Beads,Neonatal_Beads,10,Schwann cells,774,1217.0
Neo_Beads_GAAACTCCTAGT,Neo_Beads,Neonatal_Beads,9,Schwann cells,736,1136.0
Neo_Beads_CGTCAGCAGTCT,Neo_Beads,Neonatal_Beads,9,Schwann cells,681,984.0
Neo_Beads_TGAGGCCCAGAA,Neo_Beads,Neonatal_Beads,10,Schwann cells,813,1248.0
Neo_Beads_TGAAAGCATAAT,Neo_Beads,Neonatal_Beads,0,Mesenchymal cells,689,1065.0
Neo_Beads_GCCGCTTTGCTG,Neo_Beads,Neonatal_Beads,9,Schwann cells,667,913.0
Neo_Beads_AGCGCATTCCTG,Neo_Beads,Neonatal_Beads,4,Endothelial cells,791,1072.0
Neo_Beads_TTACTTCTAAAG,Neo_Beads,Neonatal_Beads,7,Pericytes/VSM,833,1249.0
Neo_Beads_GTTGCAGTCTGC,Neo_Beads,Neonatal_Beads,4,Endothelial cells,749,1162.0
Neo_Beads_GATTGACGGCTC,Neo_Beads,Neonatal_Beads,7,Pericytes/VSM,714,1184.0
Neo_Beads_GTTGTTCGCAGC,Neo_Beads,Neonatal_Beads,9,Schwann cells,760,1222.0
Neo_Beads_GTTAGCCCTAAG,Neo_Beads,Neonatal_Beads,0,Mesenchymal cells,786,1282.0
Neo_Beads_CTCTTCCGTATT,Neo_Beads,Neonatal_Beads,1,Mesenchymal cells,766,1313.0
Neo_Beads_GAGTTACCAATG,Neo_Beads,Neonatal_Beads,13,Endothelial cells,740,1271.0
Neo_Beads_CAATAGATGCCG,Neo_Beads,Neonatal_Beads,9,Schwann cells,736,1004.0
Neo_Beads_GCCGGTACTCTC,Neo_Beads,Neonatal_Beads,2,Schwann cells,889,1336.0
Neo_Beads_ACCCATAAAACG,Neo_Beads,Neonatal_Beads,4,Endothelial cells,720,1013.0
Neo_Beads_CAAACAAAAAGT,Neo_Beads,Neonatal_Beads,3,Mesenchymal cells,582,906.0
Neo_Beads_CCCCCGATTTCA,Neo_Beads,Neonatal_Beads,0,Mesenchymal cells,540,811.0
Neo_Beads_AGGACGTAATTA,Neo_Beads,Neonatal_Beads,10,Schwann cells,769,1082.0
Neo_Beads_ATTGACTGTCAC,Neo_Beads,Neonatal_Beads,10,Schwann cells,736,1085.0
Neo_Beads_ACCCTTGTAGAA,Neo_Beads,Neonatal_Beads,3,Mesenchymal cells,757,1384.0
Neo_Beads_ATTTAGACACTT,Neo_Beads,Neonatal_Beads,9,Schwann cells,792,1193.0
Neo_Beads_CCCGGGTTGTTC,Neo_Beads,Neonatal_Beads,10,Schwann cells,724,1092.0
Neo_Beads_GGTCCGTGATAA,Neo_Beads,Neonatal_Beads,2,Schwann cells,782,1186.0
Neo_Beads_AAATCCTACAGA,Neo_Beads,Neonatal_Beads,10,Schwann cells,623,870.0
Neo_Beads_GGGCGCGACTCT,Neo_Beads,Neonatal_Beads,10,Schwann cells,880,1364.0
Neo_Beads_ATTTCCCCAAGT,Neo_Beads,Neonatal_Beads,2,Schwann cells,739,1003.0
Neo_Beads_ACCGTGTTTCCG,Neo_Beads,Neonatal_Beads,12,Schwann cells,940,1595.0
Neo_Beads_GTTGCCACGCGC,Neo_Beads,Neonatal_Beads,10,Schwann cells,906,1404.0
Neo_Beads_TTGAAACACCCG,Neo_Beads,Neonatal_Beads,10,Schwann cells,669,966.0
Neo_Beads_GCCAGTCGCCGT,Neo_Beads,Neonatal_Beads,6,Endothelial cells,908,1577.0
Neo_Beads_TTGCGTTAGCGG,Neo_Beads,Neonatal_Beads,7,Pericytes/VSM,785,1238.0
Neo_Beads_GGCGGTATATAT,Neo_Beads,Neonatal_Beads,9,Schwann cells,1051,1680.0
Neo_Beads_AACTCGCTAATT,Neo_Beads,Neonatal_Beads,4,Endothelial cells,611,910.0
Neo_Beads_TGGCTGGCTGCT,Neo_Beads,Neonatal_Beads,12,Schwann cells,1063,1794.0
Neo_Beads_AAAGTGTCAACG,Neo_Beads,Neonatal_Beads,10,Schwann cells,650,938.0
Neo_Beads_AGTGAGATGTCT,Neo_Beads,Neonatal_Beads,10,Schwann cells,752,1089.0
Neo_Beads_CAGAGCGCCTGC,Neo_Beads,Neonatal_Beads,9,Schwann cells,782,1257.0
Neo_Beads_CATAGCGCTGTT,Neo_Beads,Neonatal_Beads,10,Schwann cells,731,1097.0
Neo_Beads_CTGAGGATCATT,Neo_Beads,Neonatal_Beads,12,Schwann cells,557,790.0
Neo_Beads_CTTTATCATTGN,Neo_Beads,Neonatal_Beads,9,Schwann cells,782,1134.0
Neo_Beads_TGCCTAGCGTAT,Neo_Beads,Neonatal_Beads,9,Schwann cells,729,1010.0
Neo_Beads_ATGCAGAAATGA,Neo_Beads,Neonatal_Beads,12,Schwann cells,647,924.0
Neo_Beads_CGTTGCGAAATC,Neo_Beads,Neonatal_Beads,9,Schwann cells,764,1083.0
Neo_Beads_TCAAAGATTTCG,Neo_Beads,Neonatal_Beads,9,Schwann cells,604,784.0
Neo_Beads_GCCTCCCATAAC,Neo_Beads,Neonatal_Beads,9,Schwann cells,799,1265.0
Neo_Beads_CGTTCAACGTCA,Neo_Beads,Neonatal_Beads,12,Schwann cells,821,1341.0
Neo_Beads_GCCTGAGGCCGA,Neo_Beads,Neonatal_Beads,12,Schwann cells,683,1020.0
Neo_Beads_TAAATAGCGCTC,Neo_Beads,Neonatal_Beads,13,Endothelial cells,843,1293.0
Neo_Beads_CGGTGTCCTAAC,Neo_Beads,Neonatal_Beads,10,Schwann cells,889,1435.0
Neo_Beads_CTGGGAGCACAG,Neo_Beads,Neonatal_Beads,10,Schwann cells,929,1427.0
Neo_Beads_AGCCGTCTAGTG,Neo_Beads,Neonatal_Beads,2,Schwann cells,885,1358.0
Neo_Beads_CTGTGTTCGTGT,Neo_Beads,Neonatal_Beads,12,Schwann cells,866,1401.0
Neo_Beads_CGTATGATGAAC,Neo_Beads,Neonatal_Beads,1,Mesenchymal cells,685,1086.0
Neo_Beads_CCTGGGAGCTTA,Neo_Beads,Neonatal_Beads,10,Schwann cells,714,1070.0
Neo_Beads_TCCTTGTCCAGA,Neo_Beads,Neonatal_Beads,10,Schwann cells,551,780.0
Neo_Beads_CGAGCCCTTTTG,Neo_Beads,Neonatal_Beads,9,Schwann cells,815,1198.0
Neo_Beads_GTTCTTAGTAGA,Neo_Beads,Neonatal_Beads,1,Mesenchymal cells,691,1033.0
Neo_Beads_AGCCCAGCTTAT,Neo_Beads,Neonatal_Beads,9,Schwann cells,779,1216.0
Neo_Beads_TTTTATATGCGG,Neo_Beads,Neonatal_Beads,10,Schwann cells,715,1052.0
Neo_Beads_TTGGAATAAGCT,Neo_Beads,Neonatal_Beads,10,Schwann cells,848,1268.0
Neo_Beads_CCCGCAGAATAA,Neo_Beads,Neonatal_Beads,10,Schwann cells,691,1041.0
Neo_Beads_GGTGGCGGTTGT,Neo_Beads,Neonatal_Beads,9,Schwann cells,868,1270.0
Neo_Beads_ATGACGAGTGGC,Neo_Beads,Neonatal_Beads,13,Endothelial cells,770,1261.0
Neo_Beads_GCTTCGGGAAAG,Neo_Beads,Neonatal_Beads,7,Pericytes/VSM,747,1176.0
Neo_Beads_TCTTTGGCGAAA,Neo_Beads,Neonatal_Beads,10,Schwann cells,648,957.0
Neo_Beads_TAAGCTCTCGGT,Neo_Beads,Neonatal_Beads,10,Schwann cells,764,1135.0
Neo_Beads_CCCCTCGCTGGA,Neo_Beads,Neonatal_Beads,10,Schwann cells,793,1396.0
Neo_Beads_CTGTACCGATAA,Neo_Beads,Neonatal_Beads,13,Endothelial cells,690,960.0
Neo_Beads_CACAAGGCCGCG,Neo_Beads,Neonatal_Beads,2,Schwann cells,959,1694.0
Neo_Beads_AGGTATTGTTCG,Neo_Beads,Neonatal_Beads,0,Mesenchymal cells,782,1255.0
Neo_Beads_CACTTCGTATAC,Neo_Beads,Neonatal_Beads,7,Pericytes/VSM,695,1030.0
Neo_Beads_ATGTTTCCACCT,Neo_Beads,Neonatal_Beads,2,Schwann cells,771,1128.0
Neo_Beads_ACACCCAGATCC,Neo_Beads,Neonatal_Beads,3,Mesenchymal cells,795,1461.0
Neo_Beads_GATAGGTAGGTG,Neo_Beads,Neonatal_Beads,9,Schwann cells,645,878.0
Neo_Beads_CGGCAATCTTCT,Neo_Beads,Neonatal_Beads,6,Endothelial cells,646,957.0
Neo_Beads_AGACCTGCAGCC,Neo_Beads,Neonatal_Beads,0,Mesenchymal cells,760,1775.0
Neo_Beads_AACCACATAAAA,Neo_Beads,Neonatal_Beads,0,Mesenchymal cells,512,969.0
Neo_Beads_GGCCCAAACTGT,Neo_Beads,Neonatal_Beads,2,Schwann cells,663,1002.0
Neo_Beads_GACATTGGTGCG,Neo_Beads,Neonatal_Beads,10,Schwann cells,823,1324.0
Neo_Beads_GACATCTAGGAA,Neo_Beads,Neonatal_Beads,10,Schwann cells,714,993.0
Neo_Beads_TAGCGCGGACGT,Neo_Beads,Neonatal_Beads,9,Schwann cells,857,1387.0
Neo_Beads_TTCTGTTTCCAG,Neo_Beads,Neonatal_Beads,9,Schwann cells,647,952.0
Neo_Beads_ATATCTAGATCC,Neo_Beads,Neonatal_Beads,9,Schwann cells,644,922.0
Neo_Beads_CTGGCGTCTTGC,Neo_Beads,Neonatal_Beads,17,Schwann cells,647,924.0
Neo_Beads_CTGGGCGGTGGT,Neo_Beads,Neonatal_Beads,13,Endothelial cells,934,1742.0
Neo_Beads_TCCGTAGCCCGG,Neo_Beads,Neonatal_Beads,9,Schwann cells,655,980.0
Neo_Beads_TCTTCGCCTACA,Neo_Beads,Neonatal_Beads,13,Endothelial cells,789,1181.0
Neo_Beads_CTGACTCGAATA,Neo_Beads,Neonatal_Beads,7,Pericytes/VSM,785,1420.0
Neo_Beads_CCCACGTGTCTG,Neo_Beads,Neonatal_Beads,10,Schwann cells,791,1278.0
Neo_Beads_TGGCTCCTATCA,Neo_Beads,Neonatal_Beads,10,Schwann cells,834,1225.0
Neo_Beads_AGTACCGCACTA,Neo_Beads,Neonatal_Beads,12,Schwann cells,755,1175.0
Neo_Beads_TGCGACCTTGAG,Neo_Beads,Neonatal_Beads,4,Endothelial cells,771,1118.0
Neo_Beads_ACGTGCCGGAAG,Neo_Beads,Neonatal_Beads,10,Schwann cells,735,1056.0
Neo_Beads_GTTTTTTGCTGT,Neo_Beads,Neonatal_Beads,0,Mesenchymal cells,510,928.0
Neo_Beads_TGGAGGCCCACC,Neo_Beads,Neonatal_Beads,2,Schwann cells,739,1127.0
Neo_Beads_GTAGTCGAGAGG,Neo_Beads,Neonatal_Beads,3,Mesenchymal cells,668,1134.0
Neo_Beads_CGCAACCTAGTA,Neo_Beads,Neonatal_Beads,10,Schwann cells,725,1091.0
Neo_Beads_GCTAACCCGCAC,Neo_Beads,Neonatal_Beads,10,Schwann cells,689,1009.0
Neo_Beads_TCCCGCGAGGCT,Neo_Beads,Neonatal_Beads,2,Schwann cells,914,1554.0
Neo_Beads_TCTTCAACTGAA,Neo_Beads,Neonatal_Beads,4,Endothelial cells,819,1278.0
Neo_Beads_GTCTTTCACACA,Neo_Beads,Neonatal_Beads,4,Endothelial cells,748,981.0
Neo_Beads_TCGTAATACTGA,Neo_Beads,Neonatal_Beads,2,Schwann cells,775,1149.0
Neo_Beads_ATGCCGGCTGCA,Neo_Beads,Neonatal_Beads,17,Schwann cells,706,976.0
Neo_Beads_ACGTCAGCTTGT,Neo_Beads,Neonatal_Beads,9,Schwann cells,713,1130.0
Neo_Beads_TAGCGAATACGT,Neo_Beads,Neonatal_Beads,10,Schwann cells,721,1099.0
Neo_Beads_TGTAATCGAGGG,Neo_Beads,Neonatal_Beads,7,Pericytes/VSM,721,1159.0
Neo_Beads_CTTTTTTTAACA,Neo_Beads,Neonatal_Beads,9,Schwann cells,623,845.0
Neo_Beads_ATTGAAAGACTT,Neo_Beads,Neonatal_Beads,9,Schwann cells,656,980.0
Neo_Beads_ATGGTTTCCTCT,Neo_Beads,Neonatal_Beads,9,Schwann cells,633,918.0
Neo_Beads_CCGGTTTGAAGA,Neo_Beads,Neonatal_Beads,10,Schwann cells,807,1275.0
Neo_Beads_ACCCCCCTGGTA,Neo_Beads,Neonatal_Beads,9,Schwann cells,924,1615.0
Neo_Beads_CTAACGACATCT,Neo_Beads,Neonatal_Beads,13,Endothelial cells,742,1162.0
Neo_Beads_ATAACCTCAACT,Neo_Beads,Neonatal_Beads,10,Schwann cells,796,1170.0
Neo_Beads_TGACAATATTAA,Neo_Beads,Neonatal_Beads,12,Schwann cells,740,1081.0
Neo_Beads_CTATTTATAATG,Neo_Beads,Neonatal_Beads,3,Mesenchymal cells,738,1214.0
Neo_Beads_CCCCGCAAGGTC,Neo_Beads,Neonatal_Beads,1,Mesenchymal cells,602,966.0
Neo_Beads_TTTAATGCCTGT,Neo_Beads,Neonatal_Beads,10,Schwann cells,850,1406.0
Neo_Beads_CAATAGTAGTGA,Neo_Beads,Neonatal_Beads,10,Schwann cells,683,1022.0
Neo_Beads_CGGTCTTCACGC,Neo_Beads,Neonatal_Beads,10,Schwann cells,786,1239.0
Neo_Beads_CGGCAACCAATA,Neo_Beads,Neonatal_Beads,10,Schwann cells,797,1220.0
Neo_Beads_CCAATTCTCGGG,Neo_Beads,Neonatal_Beads,0,Mesenchymal cells,615,989.0
Neo_Beads_TGTTTCGAAAAT,Neo_Beads,Neonatal_Beads,10,Schwann cells,620,866.0
Neo_Beads_ACGGCAGAACAT,Neo_Beads,Neonatal_Beads,9,Schwann cells,872,1383.0
Neo_Beads_TGAAGCGGCGCG,Neo_Beads,Neonatal_Beads,0,Mesenchymal cells,610,1069.0
Neo_Beads_GCTCCAAGGCGC,Neo_Beads,Neonatal_Beads,9,Schwann cells,706,973.0
Neo_Beads_CAAATGTATGGT,Neo_Beads,Neonatal_Beads,10,Schwann cells,749,1090.0
Neo_Beads_TGGCCCGAGATT,Neo_Beads,Neonatal_Beads,9,Schwann cells,652,955.0
Neo_Beads_TACCAATTCCAG,Neo_Beads,Neonatal_Beads,1,Mesenchymal cells,640,962.0
Neo_Beads_TAAGGATCCATT,Neo_Beads,Neonatal_Beads,9,Schwann cells,616,893.0
Neo_Beads_CGGCTAGTAGGG,Neo_Beads,Neonatal_Beads,4,Endothelial cells,698,1029.0
Neo_Beads_CAGGATATAATA,Neo_Beads,Neonatal_Beads,13,Endothelial cells,864,1185.0
Neo_Beads_GCCTCCTGAAGT,Neo_Beads,Neonatal_Beads,10,Schwann cells,849,1332.0
Neo_Beads_AGTAAGTTAACG,Neo_Beads,Neonatal_Beads,10,Schwann cells,687,971.0
Neo_Beads_CGCCTACTACTC,Neo_Beads,Neonatal_Beads,7,Pericytes/VSM,808,1326.0
Neo_Beads_CGGTTCAGTTCC,Neo_Beads,Neonatal_Beads,10,Schwann cells,759,1066.0
Neo_Beads_GGTAATTGATCC,Neo_Beads,Neonatal_Beads,9,Schwann cells,733,1130.0
Neo_Beads_GTCGGTCTTCAA,Neo_Beads,Neonatal_Beads,2,Schwann cells,789,1098.0
Neo_Beads_GTATAGTTTCAT,Neo_Beads,Neonatal_Beads,9,Schwann cells,735,1010.0
Neo_Beads_CGCTCTCGAGCA,Neo_Beads,Neonatal_Beads,10,Schwann cells,895,1389.0
Neo_Beads_CGTGAAGTGTTT,Neo_Beads,Neonatal_Beads,10,Schwann cells,809,1158.0
Neo_Beads_CGTGTACCGAAT,Neo_Beads,Neonatal_Beads,2,Schwann cells,891,1385.0
Neo_Beads_CAATTGCATATG,Neo_Beads,Neonatal_Beads,10,Schwann cells,651,904.0
Neo_Beads_TACGAAAGATGC,Neo_Beads,Neonatal_Beads,9,Schwann cells,688,1012.0
Neo_Beads_GCATTGAATATG,Neo_Beads,Neonatal_Beads,10,Schwann cells,676,925.0
Neo_Beads_GACAACGACGAA,Neo_Beads,Neonatal_Beads,10,Schwann cells,809,1292.0
Neo_Beads_GCTTTATGTTCG,Neo_Beads,Neonatal_Beads,10,Schwann cells,703,998.0
Neo_Beads_TCTATGCCTTTG,Neo_Beads,Neonatal_Beads,9,Schwann cells,834,1247.0
Neo_Beads_AGTTTCCCCACG,Neo_Beads,Neonatal_Beads,12,Schwann cells,683,1073.0
Neo_Beads_CGGTCCCTTTCC,Neo_Beads,Neonatal_Beads,2,Schwann cells,739,1044.0
Neo_Beads_ATGCAGGGTTTG,Neo_Beads,Neonatal_Beads,10,Schwann cells,769,1136.0
Neo_Beads_GAGAGGATAAGC,Neo_Beads,Neonatal_Beads,10,Schwann cells,708,974.0
Neo_Beads_TGGACGGGTGTA,Neo_Beads,Neonatal_Beads,10,Schwann cells,957,1571.0
Neo_Beads_CCAGGTACGTGG,Neo_Beads,Neonatal_Beads,2,Schwann cells,838,1286.0
Neo_Beads_CGATACTCCATA,Neo_Beads,Neonatal_Beads,13,Endothelial cells,556,1017.0
Neo_Beads_TGCTCCGCTTGC,Neo_Beads,Neonatal_Beads,2,Schwann cells,813,1176.0
Neo_Beads_GCACAGTCCCGG,Neo_Beads,Neonatal_Beads,2,Schwann cells,697,988.0
Neo_Beads_CCCGGCCGATGT,Neo_Beads,Neonatal_Beads,9,Schwann cells,867,1433.0
Neo_Beads_TGACATCTACGT,Neo_Beads,Neonatal_Beads,7,Pericytes/VSM,682,1109.0
Neo_Beads_ACCTAATCGGGC,Neo_Beads,Neonatal_Beads,9,Schwann cells,751,1156.0
Neo_Beads_GCCATAAGTCCT,Neo_Beads,Neonatal_Beads,10,Schwann cells,788,1178.0
Neo_Beads_AGAACAGAAAGC,Neo_Beads,Neonatal_Beads,10,Schwann cells,765,1138.0
Neo_Beads_CGTAGTGGTGTC,Neo_Beads,Neonatal_Beads,9,Schwann cells,793,1146.0
Neo_Beads_TTTTAAAACGTC,Neo_Beads,Neonatal_Beads,0,Mesenchymal cells,703,1099.0
Neo_Beads_CTCGTTGCCGCC,Neo_Beads,Neonatal_Beads,7,Pericytes/VSM,567,841.0
Neo_Beads_GCGCCCGGTGCA,Neo_Beads,Neonatal_Beads,5,Endothelial cells,873,1418.0
Neo_Beads_GCTATTCCGCGT,Neo_Beads,Neonatal_Beads,10,Schwann cells,641,915.0
Neo_Beads_TGAGCCAAATGA,Neo_Beads,Neonatal_Beads,6,Endothelial cells,618,899.0
Neo_Beads_AACTCAGACTCC,Neo_Beads,Neonatal_Beads,9,Schwann cells,833,1258.0
Neo_Beads_TCATAATCACGA,Neo_Beads,Neonatal_Beads,2,Schwann cells,747,1023.0
Neo_Beads_GACTGGGTAAAT,Neo_Beads,Neonatal_Beads,7,Pericytes/VSM,809,1252.0
Neo_Beads_TTTGAATGTAGC,Neo_Beads,Neonatal_Beads,10,Schwann cells,686,1051.0
Neo_Beads_TCGAATACCATG,Neo_Beads,Neonatal_Beads,10,Schwann cells,534,697.0
Neo_Beads_TAAAGACCAGTT,Neo_Beads,Neonatal_Beads,10,Schwann cells,791,1081.0
Neo_Beads_TTAACTGGGGTA,Neo_Beads,Neonatal_Beads,9,Schwann cells,793,1146.0
Neo_Beads_TTTCTGATTTTA,Neo_Beads,Neonatal_Beads,10,Schwann cells,642,903.0
Neo_Beads_GACGTCGCTTTA,Neo_Beads,Neonatal_Beads,9,Schwann cells,718,1068.0
Neo_Beads_TCCCTCCTCACT,Neo_Beads,Neonatal_Beads,9,Schwann cells,789,1180.0
Neo_Beads_TCGGTGTCTTAC,Neo_Beads,Neonatal_Beads,10,Schwann cells,859,1300.0
Neo_Beads_TATTGCGCTGGA,Neo_Beads,Neonatal_Beads,13,Endothelial cells,862,1352.0
Neo_Beads_CACGTCTTGGTC,Neo_Beads,Neonatal_Beads,9,Schwann cells,714,1060.0
Neo_Beads_ATTATGCGAGCA,Neo_Beads,Neonatal_Beads,4,Endothelial cells,716,1072.0
Neo_Beads_CTACCAGATGGC,Neo_Beads,Neonatal_Beads,9,Schwann cells,712,1033.0
Neo_Beads_GCGATCTGATTG,Neo_Beads,Neonatal_Beads,10,Schwann cells,731,1167.0
Neo_Beads_CTAGGCACGTTA,Neo_Beads,Neonatal_Beads,0,Mesenchymal cells,443,1032.0
Neo_Beads_GGAAAACTCTCA,Neo_Beads,Neonatal_Beads,10,Schwann cells,644,856.0
Neo_Beads_TAAGCACCCCCC,Neo_Beads,Neonatal_Beads,0,Mesenchymal cells,812,2166.0
Neo_Beads_AAGTGATGACGT,Neo_Beads,Neonatal_Beads,2,Schwann cells,787,1093.0
Neo_Beads_GGACTATGATGG,Neo_Beads,Neonatal_Beads,2,Schwann cells,975,1511.0
Neo_Beads_ACGAGCCTAGGC,Neo_Beads,Neonatal_Beads,9,Schwann cells,792,1174.0
Neo_Beads_CGTGTCTGATAC,Neo_Beads,Neonatal_Beads,10,Schwann cells,743,1045.0
Neo_Beads_GGGGAGCTGGTG,Neo_Beads,Neonatal_Beads,12,Schwann cells,675,877.0
Neo_Beads_TTCGCCGTGAGG,Neo_Beads,Neonatal_Beads,9,Schwann cells,716,992.0
Neo_Beads_CCCTCAGACACC,Neo_Beads,Neonatal_Beads,10,Schwann cells,805,1300.0
Neo_Beads_TGCATTCCACTA,Neo_Beads,Neonatal_Beads,2,Schwann cells,956,1405.0
Neo_Beads_TCGGGTGAGACA,Neo_Beads,Neonatal_Beads,13,Endothelial cells,774,1293.0
Neo_Beads_CAACCTTGACTT,Neo_Beads,Neonatal_Beads,2,Schwann cells,685,968.0
Neo_Beads_TTCTTGATTTCT,Neo_Beads,Neonatal_Beads,10,Schwann cells,734,1122.0
Neo_Beads_GTGGCATGCAGC,Neo_Beads,Neonatal_Beads,0,Mesenchymal cells,529,982.0
Neo_Beads_GTAAGTGGGGCT,Neo_Beads,Neonatal_Beads,2,Schwann cells,821,1260.0
Neo_Beads_GCGTTCTGTCGT,Neo_Beads,Neonatal_Beads,12,Schwann cells,797,1134.0
Neo_Beads_TAGCGACTTAAG,Neo_Beads,Neonatal_Beads,10,Schwann cells,671,948.0
Neo_Beads_CTTCGTCGAGGC,Neo_Beads,Neonatal_Beads,9,Schwann cells,709,1065.0
Neo_Beads_TCTTTTTAATCG,Neo_Beads,Neonatal_Beads,12,Schwann cells,612,800.0
Neo_Beads_ATTTGCGAATCA,Neo_Beads,Neonatal_Beads,13,Endothelial cells,687,1115.0
Neo_Beads_AGGGTCTAGATG,Neo_Beads,Neonatal_Beads,3,Mesenchymal cells,793,1313.0
Neo_Beads_CGACAGGAACGA,Neo_Beads,Neonatal_Beads,9,Schwann cells,560,748.0
Neo_Beads_GTTCCGGCCGGC,Neo_Beads,Neonatal_Beads,10,Schwann cells,659,968.0
Neo_Beads_GGGCGCCTTGAC,Neo_Beads,Neonatal_Beads,9,Schwann cells,942,1507.0
Neo_Beads_ACCGATCACCTA,Neo_Beads,Neonatal_Beads,10,Schwann cells,823,1278.0
Neo_Beads_TCGGACGCTCAA,Neo_Beads,Neonatal_Beads,10,Schwann cells,634,906.0
Neo_Beads_GGCAACCCCGTG,Neo_Beads,Neonatal_Beads,9,Schwann cells,620,917.0
Neo_Beads_CATCCCTTGTCC,Neo_Beads,Neonatal_Beads,9,Schwann cells,658,1011.0
Neo_Beads_TAACTCCCGTTG,Neo_Beads,Neonatal_Beads,9,Schwann cells,580,895.0
Neo_Beads_GACTCGTGGCCC,Neo_Beads,Neonatal_Beads,10,Schwann cells,663,986.0
Neo_Beads_GCCAGTAATTTA,Neo_Beads,Neonatal_Beads,10,Schwann cells,789,1145.0
Neo_Beads_TCCTGATGCTCT,Neo_Beads,Neonatal_Beads,9,Schwann cells,583,852.0
Neo_Beads_TTCCTGAACTCT,Neo_Beads,Neonatal_Beads,2,Schwann cells,735,1055.0
Neo_Beads_CAACCTGCCTAT,Neo_Beads,Neonatal_Beads,2,Schwann cells,703,995.0
Neo_Beads_CTAACCAAGCTG,Neo_Beads,Neonatal_Beads,10,Schwann cells,562,815.0
Neo_Beads_GCGCTGGAGACA,Neo_Beads,Neonatal_Beads,9,Schwann cells,696,1074.0
Neo_Beads_CACTATAAAGGT,Neo_Beads,Neonatal_Beads,9,Schwann cells,665,994.0
Neo_Beads_AGGAGGCAGCTC,Neo_Beads,Neonatal_Beads,0,Mesenchymal cells,838,1363.0
Neo_Beads_CCCATACACTGC,Neo_Beads,Neonatal_Beads,10,Schwann cells,818,1241.0
Neo_Beads_GGGGCACACTCG,Neo_Beads,Neonatal_Beads,4,Endothelial cells,850,1390.0
Neo_Beads_TTCGGTACCGGA,Neo_Beads,Neonatal_Beads,2,Schwann cells,654,885.0
Neo_Beads_AATGCGCCATTT,Neo_Beads,Neonatal_Beads,9,Schwann cells,684,1018.0
Neo_Beads_ATGAAAACTATC,Neo_Beads,Neonatal_Beads,9,Schwann cells,620,840.0
Neo_Beads_GGGCAGATCCTG,Neo_Beads,Neonatal_Beads,4,Endothelial cells,735,1224.0
Neo_Beads_GAAACCTCACGC,Neo_Beads,Neonatal_Beads,2,Schwann cells,690,910.0
Neo_Beads_GCCTTTGATGGA,Neo_Beads,Neonatal_Beads,2,Schwann cells,832,1296.0
Neo_Beads_TCGTACGGAGGG,Neo_Beads,Neonatal_Beads,10,Schwann cells,639,877.0
Neo_Beads_CCAAGTACCTCA,Neo_Beads,Neonatal_Beads,15,Macrophages,364,995.0
Neo_Beads_TGCCGTAGTTCG,Neo_Beads,Neonatal_Beads,9,Schwann cells,952,1407.0
Neo_Beads_ATATCTTCCCCC,Neo_Beads,Neonatal_Beads,9,Schwann cells,895,1537.0
Neo_Beads_TGAACGTTTCCT,Neo_Beads,Neonatal_Beads,9,Schwann cells,731,1023.0
Neo_Beads_AGTAAATCACTT,Neo_Beads,Neonatal_Beads,9,Schwann cells,505,686.0
Neo_Beads_GGATAGGATTCA,Neo_Beads,Neonatal_Beads,12,Schwann cells,698,975.0
Neo_Beads_GTGAAGTACATG,Neo_Beads,Neonatal_Beads,5,Endothelial cells,679,960.0
Neo_Beads_TGACTCGCCACA,Neo_Beads,Neonatal_Beads,10,Schwann cells,748,1117.0
Neo_Beads_CTCATTATCGCC,Neo_Beads,Neonatal_Beads,9,Schwann cells,711,1050.0
Neo_Beads_TATACAGCGGAA,Neo_Beads,Neonatal_Beads,9,Schwann cells,833,1264.0
Neo_Beads_CAGCAAGACGGC,Neo_Beads,Neonatal_Beads,9,Schwann cells,756,1105.0
Neo_Beads_GAAAGGGCAAGA,Neo_Beads,Neonatal_Beads,10,Schwann cells,605,784.0
Neo_Beads_GGTATCATACGC,Neo_Beads,Neonatal_Beads,9,Schwann cells,802,1234.0
Neo_Beads_TTTGTACGGATA,Neo_Beads,Neonatal_Beads,9,Schwann cells,642,893.0
Neo_Beads_ACCGAAGTTTAT,Neo_Beads,Neonatal_Beads,6,Endothelial cells,657,966.0
Neo_Beads_ATTATTACAAAC,Neo_Beads,Neonatal_Beads,9,Schwann cells,669,912.0
Neo_Beads_TTGTGTTCTGAG,Neo_Beads,Neonatal_Beads,7,Pericytes/VSM,693,1065.0
Neo_Beads_CGGAGAGAGCAG,Neo_Beads,Neonatal_Beads,0,Mesenchymal cells,628,1147.0
Neo_Beads_GATGGATGGTTA,Neo_Beads,Neonatal_Beads,13,Endothelial cells,590,997.0
Neo_Beads_CGAAGCTAGGTT,Neo_Beads,Neonatal_Beads,2,Schwann cells,716,1069.0
Neo_Beads_TAGCAACGGTCC,Neo_Beads,Neonatal_Beads,9,Schwann cells,831,1269.0
Neo_Beads_ATTCCTCATATG,Neo_Beads,Neonatal_Beads,9,Schwann cells,649,895.0
Neo_Beads_TTTGACCATTAC,Neo_Beads,Neonatal_Beads,9,Schwann cells,672,974.0
Neo_Beads_TCACCGTAGACA,Neo_Beads,Neonatal_Beads,9,Schwann cells,782,1181.0
Neo_Beads_GATATGACATAG,Neo_Beads,Neonatal_Beads,10,Schwann cells,641,884.0
Neo_Beads_TATGCAGCTCGT,Neo_Beads,Neonatal_Beads,17,Schwann cells,852,1270.0
Neo_Beads_ACGCAACCGGGT,Neo_Beads,Neonatal_Beads,7,Pericytes/VSM,709,1122.0
Neo_Beads_TCGGCGATCATA,Neo_Beads,Neonatal_Beads,10,Schwann cells,787,1161.0
Neo_Beads_GACTAATATACA,Neo_Beads,Neonatal_Beads,2,Schwann cells,620,853.0
Neo_Beads_AGGTCCGCTGAC,Neo_Beads,Neonatal_Beads,9,Schwann cells,724,1028.0
Neo_Beads_CATACAATACCC,Neo_Beads,Neonatal_Beads,9,Schwann cells,846,1263.0
Neo_Beads_GCTCGGGGCCTA,Neo_Beads,Neonatal_Beads,2,Schwann cells,978,1788.0
Neo_Beads_CCCACTGGGCCA,Neo_Beads,Neonatal_Beads,3,Mesenchymal cells,684,1047.0
Neo_Beads_TAATTGGACGCT,Neo_Beads,Neonatal_Beads,9,Schwann cells,678,1039.0
Neo_Beads_CCTCGGCTCCGA,Neo_Beads,Neonatal_Beads,4,Endothelial cells,693,1144.0
Neo_Beads_CGCGCAGGAGTT,Neo_Beads,Neonatal_Beads,3,Mesenchymal cells,664,1114.0
Neo_Beads_ACTTTGTGAGAA,Neo_Beads,Neonatal_Beads,9,Schwann cells,736,1053.0
Neo_Beads_CATTCACCAGAG,Neo_Beads,Neonatal_Beads,2,Schwann cells,698,963.0
Neo_Beads_ATCACCCTGGGA,Neo_Beads,Neonatal_Beads,2,Schwann cells,787,1193.0
Neo_Beads_CGCGCCTTCCGC,Neo_Beads,Neonatal_Beads,12,Schwann cells,946,1608.0
Neo_Beads_ACATGATTATCA,Neo_Beads,Neonatal_Beads,10,Schwann cells,728,1119.0
Neo_Beads_GTATGAGGCCAT,Neo_Beads,Neonatal_Beads,13,Endothelial cells,793,1147.0
Neo_Beads_CACAGGCGCTGG,Neo_Beads,Neonatal_Beads,9,Schwann cells,882,1465.0
Neo_Beads_AGTATATATAGC,Neo_Beads,Neonatal_Beads,2,Schwann cells,792,1174.0
Neo_Beads_TGATGGTCGCTC,Neo_Beads,Neonatal_Beads,10,Schwann cells,721,1166.0
Neo_Beads_TCGTAAGCTGTC,Neo_Beads,Neonatal_Beads,9,Schwann cells,575,766.0
Neo_Beads_AAACATCCCTCT,Neo_Beads,Neonatal_Beads,9,Schwann cells,633,937.0
Neo_Beads_CTCATCAGGTCG,Neo_Beads,Neonatal_Beads,3,Mesenchymal cells,703,1074.0
Neo_Beads_ACTACGGGATTG,Neo_Beads,Neonatal_Beads,12,Schwann cells,700,1026.0
Neo_Beads_GAGCGATATAAA,Neo_Beads,Neonatal_Beads,9,Schwann cells,735,1001.0
Neo_Beads_CTGTATGCGTAA,Neo_Beads,Neonatal_Beads,9,Schwann cells,670,1000.0
Neo_Beads_GCTGCATTGGGC,Neo_Beads,Neonatal_Beads,9,Schwann cells,783,1254.0
Neo_Beads_CCCTAGGCTTGT,Neo_Beads,Neonatal_Beads,9,Schwann cells,729,1059.0
Neo_Beads_TTCTGTCGTCAG,Neo_Beads,Neonatal_Beads,0,Mesenchymal cells,647,1048.0
Neo_Beads_CTCTGTCGAATG,Neo_Beads,Neonatal_Beads,7,Pericytes/VSM,643,947.0
Neo_Beads_AACTGATAACCT,Neo_Beads,Neonatal_Beads,10,Schwann cells,700,1022.0
Neo_Beads_CATCGTAAGTGT,Neo_Beads,Neonatal_Beads,9,Schwann cells,655,972.0
Neo_Beads_CCATTACGCAAA,Neo_Beads,Neonatal_Beads,8,Schwann cells,225,1130.0
Neo_Beads_CCGATCCCGGAT,Neo_Beads,Neonatal_Beads,1,Mesenchymal cells,676,1128.0
Neo_Beads_CAAATGCGAGTA,Neo_Beads,Neonatal_Beads,0,Mesenchymal cells,565,833.0
Neo_Beads_CAGAAAGAGCGG,Neo_Beads,Neonatal_Beads,10,Schwann cells,498,676.0
Neo_Beads_AGAGCGATATGT,Neo_Beads,Neonatal_Beads,10,Schwann cells,711,1014.0
Neo_Beads_AGATTGTCTTCA,Neo_Beads,Neonatal_Beads,17,Schwann cells,599,811.0
Neo_Beads_TGCAATTACTTA,Neo_Beads,Neonatal_Beads,9,Schwann cells,718,980.0
Neo_Beads_CGCTACGGTCTT,Neo_Beads,Neonatal_Beads,10,Schwann cells,705,1084.0
Neo_Beads_GGGCATGTAGAT,Neo_Beads,Neonatal_Beads,3,Mesenchymal cells,658,1114.0
Neo_Beads_CGTGCCGATCCA,Neo_Beads,Neonatal_Beads,3,Mesenchymal cells,634,1071.0
Neo_Beads_TGCGTTAAATGT,Neo_Beads,Neonatal_Beads,4,Endothelial cells,587,862.0
Neo_Beads_CTCAAACGAAAC,Neo_Beads,Neonatal_Beads,12,Schwann cells,314,455.0
Neo_Beads_TACTAATACAAT,Neo_Beads,Neonatal_Beads,9,Schwann cells,693,985.0
Neo_Beads_AAATAGCATAAT,Neo_Beads,Neonatal_Beads,12,Schwann cells,664,982.0
Neo_Beads_ATAGCCTCCAAG,Neo_Beads,Neonatal_Beads,0,Mesenchymal cells,392,798.0
Neo_Beads_AAACGGGTTCGC,Neo_Beads,Neonatal_Beads,3,Mesenchymal cells,701,1166.0
Neo_Beads_AAGAACGTGTAA,Neo_Beads,Neonatal_Beads,9,Schwann cells,698,1004.0
Neo_Beads_TAACTTGGGCGA,Neo_Beads,Neonatal_Beads,9,Schwann cells,493,705.0
Neo_Beads_TACGGGACGAGG,Neo_Beads,Neonatal_Beads,10,Schwann cells,712,1124.0
Neo_Beads_AGTGAACCCCTG,Neo_Beads,Neonatal_Beads,10,Schwann cells,719,1024.0
Neo_Beads_GTGCGGTGTGGG,Neo_Beads,Neonatal_Beads,2,Schwann cells,985,1530.0
Neo_Beads_TCGCGATAAACC,Neo_Beads,Neonatal_Beads,10,Schwann cells,758,1139.0
Neo_Beads_CAGTAATGGAGT,Neo_Beads,Neonatal_Beads,17,Schwann cells,692,1025.0
Neo_Beads_CGGTCCCGCGTC,Neo_Beads,Neonatal_Beads,10,Schwann cells,814,1389.0
Neo_Beads_TAAGATGGCCCT,Neo_Beads,Neonatal_Beads,9,Schwann cells,666,898.0
Neo_Beads_AAAAGGGTAAAG,Neo_Beads,Neonatal_Beads,0,Mesenchymal cells,572,804.0
Neo_Beads_CATACTGTCATA,Neo_Beads,Neonatal_Beads,9,Schwann cells,769,1063.0
Neo_Beads_GCAGAAGCCGAG,Neo_Beads,Neonatal_Beads,2,Schwann cells,681,901.0
Neo_Beads_TGCGGGTAGGGT,Neo_Beads,Neonatal_Beads,2,Schwann cells,960,1470.0
Neo_Beads_CAGAATTCAGCA,Neo_Beads,Neonatal_Beads,12,Schwann cells,634,911.0
Neo_Beads_CCTTGGGATGAA,Neo_Beads,Neonatal_Beads,4,Endothelial cells,727,1053.0
Neo_Beads_TCATTGTAGAGT,Neo_Beads,Neonatal_Beads,9,Schwann cells,608,824.0
Neo_Beads_TACTGGTGAGTG,Neo_Beads,Neonatal_Beads,2,Schwann cells,745,1020.0
Neo_Beads_GGACATTCCGGC,Neo_Beads,Neonatal_Beads,9,Schwann cells,725,1206.0
Neo_Beads_ACGGGCCATTTG,Neo_Beads,Neonatal_Beads,10,Schwann cells,701,1051.0
Neo_Beads_GGGATATCACAA,Neo_Beads,Neonatal_Beads,4,Endothelial cells,703,1115.0
Neo_Beads_ACCACATCGAAA,Neo_Beads,Neonatal_Beads,13,Endothelial cells,506,853.0
Neo_Beads_ACGCTGCCTCAT,Neo_Beads,Neonatal_Beads,9,Schwann cells,656,980.0
Neo_Beads_TCAGAGAGGCTT,Neo_Beads,Neonatal_Beads,9,Schwann cells,635,894.0
Neo_Beads_TAGACCAGTAGG,Neo_Beads,Neonatal_Beads,0,Mesenchymal cells,637,1208.0
Neo_Beads_AGAAATCTTCCT,Neo_Beads,Neonatal_Beads,9,Schwann cells,743,1035.0
Neo_Beads_GCAGACTACATA,Neo_Beads,Neonatal_Beads,10,Schwann cells,790,1126.0
Neo_Beads_CGCGACACCATA,Neo_Beads,Neonatal_Beads,7,Pericytes/VSM,742,1054.0
Neo_Beads_TCCGCTACCTGG,Neo_Beads,Neonatal_Beads,0,Mesenchymal cells,605,1087.0
Neo_Beads_ACGGAAGCGACT,Neo_Beads,Neonatal_Beads,0,Mesenchymal cells,427,774.0
Neo_Beads_TCAATGATGTCC,Neo_Beads,Neonatal_Beads,10,Schwann cells,687,999.0
Neo_Beads_TGTGTCTAGTGA,Neo_Beads,Neonatal_Beads,4,Endothelial cells,728,1159.0
Neo_Beads_TAGGAAAGCCTC,Neo_Beads,Neonatal_Beads,10,Schwann cells,723,987.0
Neo_Beads_GTCCAACTGAGT,Neo_Beads,Neonatal_Beads,7,Pericytes/VSM,725,953.0
Neo_Beads_CTGTATCGCCTA,Neo_Beads,Neonatal_Beads,3,Mesenchymal cells,649,1154.0
Neo_Beads_CATCCGCGCCCG,Neo_Beads,Neonatal_Beads,9,Schwann cells,728,1301.0
Neo_Beads_GAAATTGAGCGC,Neo_Beads,Neonatal_Beads,2,Schwann cells,686,1012.0
Neo_Beads_AGTTAACGGGGC,Neo_Beads,Neonatal_Beads,4,Endothelial cells,723,1124.0
Neo_Beads_AAAGAAGGTGTA,Neo_Beads,Neonatal_Beads,9,Schwann cells,600,777.0
Neo_Beads_GTTGCTCTGCAG,Neo_Beads,Neonatal_Beads,12,Schwann cells,707,1033.0
Neo_Beads_AACCACACGTCC,Neo_Beads,Neonatal_Beads,4,Endothelial cells,566,690.0
Neo_Beads_TCCATAGCCGCG,Neo_Beads,Neonatal_Beads,9,Schwann cells,720,1113.0
Neo_Beads_TGGTTCCCGACA,Neo_Beads,Neonatal_Beads,9,Schwann cells,636,893.0
Neo_Beads_CGGAAATGTAGG,Neo_Beads,Neonatal_Beads,17,Schwann cells,636,918.0
Neo_Beads_CTAGGCGGCTCC,Neo_Beads,Neonatal_Beads,13,Endothelial cells,682,1057.0
Neo_Beads_GCCTCTCGATGT,Neo_Beads,Neonatal_Beads,9,Schwann cells,711,1172.0
Neo_Beads_ATAGGAATAACG,Neo_Beads,Neonatal_Beads,10,Schwann cells,834,1139.0
Neo_Beads_CGGTTTCCAGGG,Neo_Beads,Neonatal_Beads,12,Schwann cells,725,1049.0
Neo_Beads_GCATGGTTATGA,Neo_Beads,Neonatal_Beads,10,Schwann cells,750,1106.0
Neo_Beads_GAATTCGCACGT,Neo_Beads,Neonatal_Beads,7,Pericytes/VSM,652,1008.0
Neo_Beads_GCCTGCGCGCAA,Neo_Beads,Neonatal_Beads,5,Endothelial cells,766,991.0
Neo_Beads_GCATCAGACTGG,Neo_Beads,Neonatal_Beads,9,Schwann cells,646,906.0
Neo_Beads_CTGATGAAGCGT,Neo_Beads,Neonatal_Beads,9,Schwann cells,761,1060.0
Neo_Beads_CAAACCCTCCTG,Neo_Beads,Neonatal_Beads,9,Schwann cells,600,858.0
Neo_Beads_GGTGTACAACAG,Neo_Beads,Neonatal_Beads,3,Mesenchymal cells,793,1286.0
Neo_Beads_TGGCAGGTGCTA,Neo_Beads,Neonatal_Beads,9,Schwann cells,843,1399.0
Neo_Beads_CCCTAGCACATT,Neo_Beads,Neonatal_Beads,10,Schwann cells,733,1021.0
Neo_Beads_TATGCGGGCTCT,Neo_Beads,Neonatal_Beads,9,Schwann cells,750,1087.0
Neo_Beads_TACATCTGGACC,Neo_Beads,Neonatal_Beads,9,Schwann cells,788,1076.0
Neo_Beads_CGCCGACGGTTT,Neo_Beads,Neonatal_Beads,10,Schwann cells,919,1522.0
Neo_Beads_GACGTGCTGAAT,Neo_Beads,Neonatal_Beads,1,Mesenchymal cells,614,910.0
Neo_Beads_AGTCGCCGTTAC,Neo_Beads,Neonatal_Beads,2,Schwann cells,744,1084.0
Neo_Beads_ACATGACTATTT,Neo_Beads,Neonatal_Beads,6,Endothelial cells,541,713.0
Neo_Beads_TACTATGACTTT,Neo_Beads,Neonatal_Beads,9,Schwann cells,645,953.0
Neo_Beads_GTTTACTCATGC,Neo_Beads,Neonatal_Beads,10,Schwann cells,783,1232.0
Neo_Beads_TCGTAATGCTCA,Neo_Beads,Neonatal_Beads,10,Schwann cells,689,912.0
Neo_Beads_CGTAGGAATAAT,Neo_Beads,Neonatal_Beads,10,Schwann cells,668,991.0
Neo_Beads_ACCTATTGCTCC,Neo_Beads,Neonatal_Beads,10,Schwann cells,716,1095.0
Neo_Beads_GAATTTTAAGCA,Neo_Beads,Neonatal_Beads,10,Schwann cells,603,853.0
Neo_Beads_GTCCCTCGGCCC,Neo_Beads,Neonatal_Beads,12,Schwann cells,455,665.0
Neo_Beads_CGCATATTGTGT,Neo_Beads,Neonatal_Beads,12,Schwann cells,474,643.0
Neo_Beads_GGGCTGCGGAGG,Neo_Beads,Neonatal_Beads,10,Schwann cells,883,1454.0
Neo_Beads_ATTCAGCCCGGA,Neo_Beads,Neonatal_Beads,10,Schwann cells,636,908.0
Neo_Beads_CCTGAGTCACTG,Neo_Beads,Neonatal_Beads,9,Schwann cells,593,769.0
Neo_Beads_GTTTGCGGTAAG,Neo_Beads,Neonatal_Beads,4,Endothelial cells,597,894.0
Neo_Beads_ATCTGACAGCGC,Neo_Beads,Neonatal_Beads,10,Schwann cells,733,1065.0
Neo_Beads_ATGTATACCAAT,Neo_Beads,Neonatal_Beads,7,Pericytes/VSM,768,1161.0
Neo_Beads_AAGGGGAGAGAA,Neo_Beads,Neonatal_Beads,7,Pericytes/VSM,835,1408.0
Neo_Beads_ACTCCCCCAAAT,Neo_Beads,Neonatal_Beads,4,Endothelial cells,723,1001.0
Neo_Beads_TACAGGACCGAT,Neo_Beads,Neonatal_Beads,10,Schwann cells,772,1143.0
Neo_Beads_CGGAGTGGCCAA,Neo_Beads,Neonatal_Beads,9,Schwann cells,709,1069.0
Neo_Beads_GACACTCTGTGA,Neo_Beads,Neonatal_Beads,2,Schwann cells,656,906.0
Neo_Beads_AACTTAGATAAT,Neo_Beads,Neonatal_Beads,9,Schwann cells,519,715.0
Neo_Beads_AACTGCGCATAA,Neo_Beads,Neonatal_Beads,9,Schwann cells,644,845.0
Neo_Beads_CTGGATACTTCC,Neo_Beads,Neonatal_Beads,9,Schwann cells,730,1013.0
Neo_Beads_TTTGCTACTAAA,Neo_Beads,Neonatal_Beads,12,Schwann cells,636,891.0
Neo_Beads_AAGACTGTTGTC,Neo_Beads,Neonatal_Beads,9,Schwann cells,635,864.0
Neo_Beads_CAATATTAGACA,Neo_Beads,Neonatal_Beads,9,Schwann cells,656,945.0
Neo_Beads_CAGCCCGACGAC,Neo_Beads,Neonatal_Beads,9,Schwann cells,663,980.0
Neo_Beads_GTTACCAGCGTT,Neo_Beads,Neonatal_Beads,2,Schwann cells,678,978.0
Neo_Beads_CGACGAGAAAGC,Neo_Beads,Neonatal_Beads,3,Mesenchymal cells,643,928.0
Neo_Beads_CCTGAGCATATA,Neo_Beads,Neonatal_Beads,9,Schwann cells,713,998.0
Neo_Beads_CGGGCGCGATTA,Neo_Beads,Neonatal_Beads,3,Mesenchymal cells,858,1496.0
Neo_Beads_AACGACCGCAGA,Neo_Beads,Neonatal_Beads,10,Schwann cells,652,931.0
Neo_Beads_TATTCCCTATGG,Neo_Beads,Neonatal_Beads,7,Pericytes/VSM,823,1228.0
Neo_Beads_AATTTCAGGACC,Neo_Beads,Neonatal_Beads,9,Schwann cells,585,812.0
Neo_Beads_GCCACCTCCTGT,Neo_Beads,Neonatal_Beads,10,Schwann cells,711,1041.0
Neo_Beads_AACGTACCTGCT,Neo_Beads,Neonatal_Beads,9,Schwann cells,734,1028.0
Neo_Beads_ACGGTGATACTT,Neo_Beads,Neonatal_Beads,1,Mesenchymal cells,695,1142.0
Neo_Beads_GCGTATCAGCCC,Neo_Beads,Neonatal_Beads,9,Schwann cells,812,1324.0
Neo_Beads_GCTGTATGGTTG,Neo_Beads,Neonatal_Beads,2,Schwann cells,938,1555.0
Neo_Beads_CTTTGAACGGTG,Neo_Beads,Neonatal_Beads,7,Pericytes/VSM,770,1197.0
Neo_Beads_TTGGTGCCCATT,Neo_Beads,Neonatal_Beads,9,Schwann cells,713,1053.0
Neo_Beads_GTATCGGTGGTG,Neo_Beads,Neonatal_Beads,9,Schwann cells,715,986.0
Neo_Beads_CGCGCTTACTAC,Neo_Beads,Neonatal_Beads,7,Pericytes/VSM,769,1207.0
Neo_Beads_TGTCCTTTCGAA,Neo_Beads,Neonatal_Beads,9,Schwann cells,822,1218.0
Neo_Beads_GCTTTCCTAACC,Neo_Beads,Neonatal_Beads,2,Schwann cells,572,813.0
Neo_Beads_AAAATTCAATTT,Neo_Beads,Neonatal_Beads,9,Schwann cells,543,777.0
Neo_Beads_CGTCTCAACGGA,Neo_Beads,Neonatal_Beads,6,Endothelial cells,680,1023.0
Neo_Beads_AAGTTCATGGTC,Neo_Beads,Neonatal_Beads,9,Schwann cells,626,913.0
Neo_Beads_GAGTCTGGTTGC,Neo_Beads,Neonatal_Beads,10,Schwann cells,679,1027.0
Neo_Beads_GGTAGTGAGGGC,Neo_Beads,Neonatal_Beads,2,Schwann cells,746,1032.0
Neo_Beads_CGCCATCTCCGA,Neo_Beads,Neonatal_Beads,9,Schwann cells,711,1116.0
Neo_Beads_GTCTTGGGCACA,Neo_Beads,Neonatal_Beads,10,Schwann cells,728,1073.0
Neo_Beads_CATGGATGAGCC,Neo_Beads,Neonatal_Beads,9,Schwann cells,815,1123.0
Neo_Beads_AGAACTCGACTT,Neo_Beads,Neonatal_Beads,0,Mesenchymal cells,611,919.0
Neo_Beads_TTAGCCTAGGCA,Neo_Beads,Neonatal_Beads,3,Mesenchymal cells,601,905.0
Neo_Beads_AGACTCATTTGC,Neo_Beads,Neonatal_Beads,9,Schwann cells,684,953.0
Neo_Beads_CATTACGTGTGT,Neo_Beads,Neonatal_Beads,10,Schwann cells,733,1105.0
Neo_Beads_AGGGCGACCTAA,Neo_Beads,Neonatal_Beads,2,Schwann cells,738,1132.0
Neo_Beads_CTTGGTTTGATA,Neo_Beads,Neonatal_Beads,10,Schwann cells,709,1066.0
Neo_Beads_TATAGTCCCGTC,Neo_Beads,Neonatal_Beads,9,Schwann cells,907,1423.0
Neo_Beads_CTGCGCCCATTT,Neo_Beads,Neonatal_Beads,9,Schwann cells,611,843.0
Neo_Beads_TAAAAACTGGTG,Neo_Beads,Neonatal_Beads,9,Schwann cells,652,928.0
Neo_Beads_ACTGGCCATCCC,Neo_Beads,Neonatal_Beads,10,Schwann cells,828,1313.0
Neo_Beads_GTACTATTTCTA,Neo_Beads,Neonatal_Beads,10,Schwann cells,739,1152.0
Neo_Beads_GTGACTAACGTT,Neo_Beads,Neonatal_Beads,10,Schwann cells,728,1000.0
Neo_Beads_TTGGGCCGGTCG,Neo_Beads,Neonatal_Beads,10,Schwann cells,756,1249.0
Neo_Beads_AATTCCCTTACG,Neo_Beads,Neonatal_Beads,9,Schwann cells,532,736.0
Neo_Beads_AGGCCAGTCATT,Neo_Beads,Neonatal_Beads,9,Schwann cells,698,1013.0
Neo_Beads_GTGGAACGATAC,Neo_Beads,Neonatal_Beads,10,Schwann cells,754,1115.0
Neo_Beads_CTGGTTCCTGTT,Neo_Beads,Neonatal_Beads,10,Schwann cells,671,985.0
Neo_Beads_GGTCGTCACTGC,Neo_Beads,Neonatal_Beads,7,Pericytes/VSM,788,1338.0
Neo_Beads_AGCTCGGTACTN,Neo_Beads,Neonatal_Beads,9,Schwann cells,682,953.0
Neo_Beads_CGTTTTATCTGG,Neo_Beads,Neonatal_Beads,10,Schwann cells,778,1127.0
Neo_Beads_CTTGTACAGGAT,Neo_Beads,Neonatal_Beads,9,Schwann cells,807,1219.0
Neo_Beads_TACCACGTAGAA,Neo_Beads,Neonatal_Beads,7,Pericytes/VSM,606,920.0
Neo_Beads_GCTGGAGTCGCC,Neo_Beads,Neonatal_Beads,2,Schwann cells,803,1246.0
Neo_Beads_ACGTCGCAAGAA,Neo_Beads,Neonatal_Beads,9,Schwann cells,622,917.0
Neo_Beads_CCCCGGTATATG,Neo_Beads,Neonatal_Beads,12,Schwann cells,845,1443.0
Neo_Beads_ACCATAGGACTA,Neo_Beads,Neonatal_Beads,13,Endothelial cells,822,1225.0
Neo_Beads_CGATGACGGTTC,Neo_Beads,Neonatal_Beads,2,Schwann cells,833,1234.0
Neo_Beads_CAAAGTGCAACA,Neo_Beads,Neonatal_Beads,10,Schwann cells,640,922.0
Neo_Beads_CGGAAACCCAGA,Neo_Beads,Neonatal_Beads,3,Mesenchymal cells,677,1023.0
Neo_Beads_ACTTTGTCAGAC,Neo_Beads,Neonatal_Beads,9,Schwann cells,717,1052.0
Neo_Beads_TCCATAGGTCCT,Neo_Beads,Neonatal_Beads,3,Mesenchymal cells,687,1077.0
Neo_Beads_GGCCGTGGCTTA,Neo_Beads,Neonatal_Beads,9,Schwann cells,683,1041.0
Neo_Beads_ACCGGGAGAACG,Neo_Beads,Neonatal_Beads,13,Endothelial cells,736,1218.0
Neo_Beads_GTGCAGGTAACA,Neo_Beads,Neonatal_Beads,10,Schwann cells,623,866.0
Neo_Beads_GATTTTTCAGGG,Neo_Beads,Neonatal_Beads,9,Schwann cells,515,709.0
Neo_Beads_TTGCTACCAACC,Neo_Beads,Neonatal_Beads,9,Schwann cells,679,960.0
Neo_Beads_TACAGCCCCGTT,Neo_Beads,Neonatal_Beads,3,Mesenchymal cells,635,940.0
Neo_Beads_GCATACCGTACC,Neo_Beads,Neonatal_Beads,13,Endothelial cells,754,1139.0
Neo_Beads_AGTCGGTGGTGG,Neo_Beads,Neonatal_Beads,9,Schwann cells,595,897.0
Neo_Beads_GCATGTCCTTCT,Neo_Beads,Neonatal_Beads,9,Schwann cells,775,1181.0
Neo_Beads_TAGGGATGAATT,Neo_Beads,Neonatal_Beads,0,Mesenchymal cells,568,1187.0
Neo_Beads_CAGGTTGTTACG,Neo_Beads,Neonatal_Beads,10,Schwann cells,686,966.0
Neo_Beads_CACCGTTCGGGT,Neo_Beads,Neonatal_Beads,4,Endothelial cells,725,1136.0
Neo_Beads_CACATGCTATGC,Neo_Beads,Neonatal_Beads,10,Schwann cells,717,1075.0
Neo_Beads_CGAAATGGAGAC,Neo_Beads,Neonatal_Beads,2,Schwann cells,658,862.0
Neo_Beads_TGGTTCACCCGT,Neo_Beads,Neonatal_Beads,9,Schwann cells,754,1203.0
Neo_Beads_TTTCTGACCTGA,Neo_Beads,Neonatal_Beads,9,Schwann cells,626,808.0
Neo_Beads_GAAGCCCCATAC,Neo_Beads,Neonatal_Beads,10,Schwann cells,689,992.0
Neo_Beads_CAGGTCTGCATG,Neo_Beads,Neonatal_Beads,10,Schwann cells,740,1113.0
Neo_Beads_CATAGATATCAA,Neo_Beads,Neonatal_Beads,9,Schwann cells,664,898.0
Neo_Beads_AAATGCGGACCC,Neo_Beads,Neonatal_Beads,9,Schwann cells,713,1094.0
Neo_Beads_AGTTGGGAGTCG,Neo_Beads,Neonatal_Beads,2,Schwann cells,912,1571.0
Neo_Beads_CGCGGCGTCAGA,Neo_Beads,Neonatal_Beads,9,Schwann cells,736,1056.0
Neo_Beads_TCCCGTTTGGGT,Neo_Beads,Neonatal_Beads,9,Schwann cells,694,1032.0
Neo_Beads_TGGCTCCATGTT,Neo_Beads,Neonatal_Beads,10,Schwann cells,783,1135.0
Neo_Beads_CTAACATGCTAC,Neo_Beads,Neonatal_Beads,9,Schwann cells,620,800.0
Neo_Beads_GCAACCGTATAT,Neo_Beads,Neonatal_Beads,10,Schwann cells,708,998.0
Neo_Beads_CGCTTAATCTAG,Neo_Beads,Neonatal_Beads,9,Schwann cells,829,1191.0
Neo_Beads_TGATTCCTCTGA,Neo_Beads,Neonatal_Beads,12,Schwann cells,737,1107.0
Neo_Beads_ACCGAGCGACAT,Neo_Beads,Neonatal_Beads,7,Pericytes/VSM,752,1294.0
Neo_Beads_CAAAAGGCTTCT,Neo_Beads,Neonatal_Beads,13,Endothelial cells,674,1111.0
Neo_Beads_TTTATCCATGTA,Neo_Beads,Neonatal_Beads,9,Schwann cells,677,927.0
Neo_Beads_AAGCCTATTTAC,Neo_Beads,Neonatal_Beads,10,Schwann cells,826,1260.0
Neo_Beads_ACCACTACGCAA,Neo_Beads,Neonatal_Beads,10,Schwann cells,854,1230.0
Neo_Beads_ATCGGTCAGTAA,Neo_Beads,Neonatal_Beads,7,Pericytes/VSM,576,888.0
Neo_Beads_AAGCAGTCATCA,Neo_Beads,Neonatal_Beads,13,Endothelial cells,527,720.0
Neo_Beads_TCAGGCACTATT,Neo_Beads,Neonatal_Beads,10,Schwann cells,657,920.0
Neo_Beads_TTTCTACCCGAT,Neo_Beads,Neonatal_Beads,0,Mesenchymal cells,420,667.0
Neo_Beads_TCATAGAGAACC,Neo_Beads,Neonatal_Beads,7,Pericytes/VSM,627,1020.0
Neo_Beads_CGTCCGTCCCCT,Neo_Beads,Neonatal_Beads,9,Schwann cells,730,1229.0
Neo_Beads_ACCTACACTAGG,Neo_Beads,Neonatal_Beads,10,Schwann cells,609,860.0
Neo_Beads_TACAGTCTGTAT,Neo_Beads,Neonatal_Beads,10,Schwann cells,857,1286.0
Neo_Beads_GAAGTTCTAGTG,Neo_Beads,Neonatal_Beads,9,Schwann cells,677,944.0
Neo_Beads_CTTTATAGGAGA,Neo_Beads,Neonatal_Beads,10,Schwann cells,660,976.0
Neo_Beads_GAATGCCCAAGA,Neo_Beads,Neonatal_Beads,2,Schwann cells,608,786.0
Neo_Beads_CAAGAACCTTAG,Neo_Beads,Neonatal_Beads,9,Schwann cells,540,742.0
Neo_Beads_TCATCCTAACCT,Neo_Beads,Neonatal_Beads,0,Mesenchymal cells,502,1016.0
Neo_Beads_CGCCGATCTGGA,Neo_Beads,Neonatal_Beads,12,Schwann cells,741,1174.0
Neo_Beads_TCGCAGTAAGCC,Neo_Beads,Neonatal_Beads,7,Pericytes/VSM,765,1355.0
Neo_Beads_CGTATTCGCCAT,Neo_Beads,Neonatal_Beads,9,Schwann cells,630,905.0
Neo_Beads_GGTTTCCTCTTG,Neo_Beads,Neonatal_Beads,10,Schwann cells,842,1230.0
Neo_Beads_TCCAGTAGCCCG,Neo_Beads,Neonatal_Beads,9,Schwann cells,758,1233.0
Neo_Beads_CAAAAGTTATTC,Neo_Beads,Neonatal_Beads,9,Schwann cells,617,870.0
Neo_Beads_CAAACTGAGGGA,Neo_Beads,Neonatal_Beads,7,Pericytes/VSM,573,823.0
Neo_Beads_CTTGCTGTTGCG,Neo_Beads,Neonatal_Beads,9,Schwann cells,710,1027.0
Neo_Beads_AGGATAGAACAT,Neo_Beads,Neonatal_Beads,10,Schwann cells,780,1101.0
Neo_Beads_AATTAGCATACT,Neo_Beads,Neonatal_Beads,9,Schwann cells,634,880.0
Neo_Beads_TCTTCTCCCGCC,Neo_Beads,Neonatal_Beads,9,Schwann cells,811,1346.0
Neo_Beads_ACCGGTACCTAC,Neo_Beads,Neonatal_Beads,6,Endothelial cells,732,1093.0
Neo_Beads_TATTACCTTCCT,Neo_Beads,Neonatal_Beads,13,Endothelial cells,826,1207.0
Neo_Beads_AGGAAGAGGTAG,Neo_Beads,Neonatal_Beads,5,Endothelial cells,677,981.0
Neo_Beads_GCATCCCTATTC,Neo_Beads,Neonatal_Beads,10,Schwann cells,645,878.0
Neo_Beads_CGACATAAGGAG,Neo_Beads,Neonatal_Beads,17,Schwann cells,589,772.0
Neo_Beads_GAACGCGCAGTA,Neo_Beads,Neonatal_Beads,3,Mesenchymal cells,378,686.0
Neo_Beads_GTGACGGCCGCA,Neo_Beads,Neonatal_Beads,0,Mesenchymal cells,335,980.0
Neo_Beads_GGCTCCCGAGGG,Neo_Beads,Neonatal_Beads,9,Schwann cells,780,1290.0
Neo_Beads_TTGTCCGCGACT,Neo_Beads,Neonatal_Beads,10,Schwann cells,722,1046.0
Neo_Beads_AGTCCACACGAA,Neo_Beads,Neonatal_Beads,2,Schwann cells,671,969.0
Neo_Beads_GTGCTAGTGAAG,Neo_Beads,Neonatal_Beads,3,Mesenchymal cells,666,1132.0
Neo_Beads_TGGCCAGCTTGC,Neo_Beads,Neonatal_Beads,10,Schwann cells,855,1460.0
Neo_Beads_CTGTGACGGGGG,Neo_Beads,Neonatal_Beads,9,Schwann cells,666,937.0
Neo_Beads_CGTACCAAGGGC,Neo_Beads,Neonatal_Beads,10,Schwann cells,719,1034.0
Neo_Beads_TGGGTTTCTGCA,Neo_Beads,Neonatal_Beads,6,Endothelial cells,679,991.0
Neo_Beads_AACCGGAGGATN,Neo_Beads,Neonatal_Beads,10,Schwann cells,681,956.0
Neo_Beads_CTGTTGTCGAGT,Neo_Beads,Neonatal_Beads,10,Schwann cells,655,1001.0
Neo_Beads_TCACTATGAAAC,Neo_Beads,Neonatal_Beads,9,Schwann cells,710,963.0
Neo_Beads_GAAATTAGGTAT,Neo_Beads,Neonatal_Beads,9,Schwann cells,605,806.0
Neo_Beads_TGTCCGAATGTG,Neo_Beads,Neonatal_Beads,10,Schwann cells,691,980.0
Neo_Beads_TAGCATAATGGT,Neo_Beads,Neonatal_Beads,3,Mesenchymal cells,460,663.0
Neo_Beads_GTTCCTGGTAAG,Neo_Beads,Neonatal_Beads,9,Schwann cells,685,991.0
Neo_Beads_GTCATATGGGGG,Neo_Beads,Neonatal_Beads,0,Mesenchymal cells,690,1135.0
Neo_Beads_GCCGCGTTTCAT,Neo_Beads,Neonatal_Beads,17,Schwann cells,647,929.0
Neo_Beads_CTCTCTAAGCCC,Neo_Beads,Neonatal_Beads,12,Schwann cells,690,999.0
Neo_Beads_GCTCTTGTACTT,Neo_Beads,Neonatal_Beads,9,Schwann cells,703,1049.0
Neo_Beads_AATAGTGTATAG,Neo_Beads,Neonatal_Beads,10,Schwann cells,1036,1489.0
Neo_Beads_CATGGGAAGACT,Neo_Beads,Neonatal_Beads,12,Schwann cells,710,1025.0
Neo_Beads_ACGCGGTCCATA,Neo_Beads,Neonatal_Beads,10,Schwann cells,764,1088.0
Neo_Beads_AGTAACAGCCGA,Neo_Beads,Neonatal_Beads,9,Schwann cells,709,1017.0
Neo_Beads_AGTGTGTGCATG,Neo_Beads,Neonatal_Beads,10,Schwann cells,808,1194.0
Neo_Beads_AGGGCCCATAGG,Neo_Beads,Neonatal_Beads,4,Endothelial cells,941,1497.0
Neo_Beads_AGCTAACCCGGA,Neo_Beads,Neonatal_Beads,9,Schwann cells,657,877.0
Neo_Beads_AGAATAGCCAAC,Neo_Beads,Neonatal_Beads,0,Mesenchymal cells,689,990.0
Neo_Beads_GCACTCGGGCTG,Neo_Beads,Neonatal_Beads,12,Schwann cells,734,1131.0
Neo_Beads_GCTGGCACAAGT,Neo_Beads,Neonatal_Beads,9,Schwann cells,753,1172.0
Neo_Beads_TGTTCACAGAGT,Neo_Beads,Neonatal_Beads,10,Schwann cells,721,1019.0
Neo_Beads_CTCCGCAATTAA,Neo_Beads,Neonatal_Beads,2,Schwann cells,715,1025.0
Neo_Beads_GGTGTATCACTA,Neo_Beads,Neonatal_Beads,9,Schwann cells,660,917.0
Neo_Beads_TCGATTTGACTC,Neo_Beads,Neonatal_Beads,4,Endothelial cells,612,912.0
Neo_Beads_GCGTCCGGGAGG,Neo_Beads,Neonatal_Beads,9,Schwann cells,549,730.0
Neo_Beads_GTGTCTTTACAC,Neo_Beads,Neonatal_Beads,4,Endothelial cells,632,949.0
Neo_Beads_GTTAGGGAAAGC,Neo_Beads,Neonatal_Beads,7,Pericytes/VSM,794,1177.0
Neo_Beads_TACCACACCGGA,Neo_Beads,Neonatal_Beads,9,Schwann cells,729,1061.0
Neo_Beads_CGGCCTGTACAT,Neo_Beads,Neonatal_Beads,9,Schwann cells,798,1362.0
Neo_Beads_TCCTCAGAAGTC,Neo_Beads,Neonatal_Beads,10,Schwann cells,692,1034.0
Neo_Beads_GACTATTCTCTA,Neo_Beads,Neonatal_Beads,0,Mesenchymal cells,518,841.0
Neo_Beads_AACAAGGTTAAT,Neo_Beads,Neonatal_Beads,10,Schwann cells,622,822.0
Neo_Beads_ACGCAGCCAAAC,Neo_Beads,Neonatal_Beads,7,Pericytes/VSM,647,955.0
Neo_Beads_GAAATCTGTTTC,Neo_Beads,Neonatal_Beads,9,Schwann cells,569,734.0
Neo_Beads_TGATCTCATGGA,Neo_Beads,Neonatal_Beads,7,Pericytes/VSM,566,803.0
Neo_Beads_TGGACTTAGAGC,Neo_Beads,Neonatal_Beads,9,Schwann cells,617,866.0
Neo_Beads_GGCATGTTATGC,Neo_Beads,Neonatal_Beads,2,Schwann cells,691,891.0
Neo_Beads_GCGGTCCCATGC,Neo_Beads,Neonatal_Beads,10,Schwann cells,677,1013.0
Neo_Beads_AGGTACAGTAAT,Neo_Beads,Neonatal_Beads,9,Schwann cells,638,920.0
Neo_Beads_CCTCGACTCTAC,Neo_Beads,Neonatal_Beads,9,Schwann cells,729,1104.0
Neo_Beads_GGGTCGGACGGC,Neo_Beads,Neonatal_Beads,2,Schwann cells,713,969.0
Neo_Beads_CGCAATGTGTCC,Neo_Beads,Neonatal_Beads,9,Schwann cells,793,1143.0
Neo_Beads_TTTTTCTCTGGG,Neo_Beads,Neonatal_Beads,17,Schwann cells,532,742.0
Neo_Beads_GTATCTCTGATA,Neo_Beads,Neonatal_Beads,10,Schwann cells,630,848.0
Neo_Beads_GGCTGGACCTCC,Neo_Beads,Neonatal_Beads,10,Schwann cells,698,1066.0
Neo_Beads_GCTATCAAACAC,Neo_Beads,Neonatal_Beads,7,Pericytes/VSM,671,1097.0
Neo_Beads_TCGCTCTCAATA,Neo_Beads,Neonatal_Beads,9,Schwann cells,662,918.0
Neo_Beads_AAAGTGTGTGGT,Neo_Beads,Neonatal_Beads,5,Endothelial cells,673,929.0
Neo_Beads_TAGATGCCCAAA,Neo_Beads,Neonatal_Beads,9,Schwann cells,658,923.0
Neo_Beads_TGATGCTATAAT,Neo_Beads,Neonatal_Beads,3,Mesenchymal cells,462,794.0
Neo_Beads_AGTCCAAGGTTT,Neo_Beads,Neonatal_Beads,17,Schwann cells,698,1030.0
Neo_Beads_CGTGTACCCTGG,Neo_Beads,Neonatal_Beads,3,Mesenchymal cells,750,1302.0
Neo_Beads_GGGAGTCTAAGC,Neo_Beads,Neonatal_Beads,9,Schwann cells,865,1289.0
Neo_Beads_TACATCCCTCGG,Neo_Beads,Neonatal_Beads,2,Schwann cells,667,882.0
Neo_Beads_CATACCACTCAG,Neo_Beads,Neonatal_Beads,7,Pericytes/VSM,653,958.0
Neo_Beads_GAAGGTGTCCCC,Neo_Beads,Neonatal_Beads,10,Schwann cells,732,1101.0
Neo_Beads_GTTAATACACCC,Neo_Beads,Neonatal_Beads,9,Schwann cells,850,1231.0
Neo_Beads_TTTACGTCAAAG,Neo_Beads,Neonatal_Beads,10,Schwann cells,554,773.0
Neo_Beads_GAATGGGTCGAG,Neo_Beads,Neonatal_Beads,7,Pericytes/VSM,573,794.0
Neo_Beads_CGAAGACAATAT,Neo_Beads,Neonatal_Beads,9,Schwann cells,605,845.0
Neo_Beads_ACGAAGAAGTTG,Neo_Beads,Neonatal_Beads,9,Schwann cells,614,854.0
Neo_Beads_TTAGCTGGCTAA,Neo_Beads,Neonatal_Beads,2,Schwann cells,614,834.0
Neo_Beads_AAATCTAATGCC,Neo_Beads,Neonatal_Beads,10,Schwann cells,605,911.0
Neo_Beads_TGCCAGATACTC,Neo_Beads,Neonatal_Beads,10,Schwann cells,741,1121.0
Neo_Beads_CTAACATGACCA,Neo_Beads,Neonatal_Beads,7,Pericytes/VSM,674,990.0
Neo_Beads_GGAAGGCCCTTT,Neo_Beads,Neonatal_Beads,9,Schwann cells,691,1026.0
Neo_Beads_TTATACGTATCC,Neo_Beads,Neonatal_Beads,9,Schwann cells,683,964.0
Neo_Beads_ACCAAATAGCAG,Neo_Beads,Neonatal_Beads,9,Schwann cells,523,681.0
Neo_Beads_ACCTTAGCGGTG,Neo_Beads,Neonatal_Beads,10,Schwann cells,677,977.0
Neo_Beads_ATAACCAGAGTA,Neo_Beads,Neonatal_Beads,10,Schwann cells,647,866.0
Neo_Beads_GATCCCTGGGGT,Neo_Beads,Neonatal_Beads,10,Schwann cells,629,896.0
Neo_Beads_CTAGGCACCGTG,Neo_Beads,Neonatal_Beads,10,Schwann cells,734,1061.0
Neo_Beads_CCGCGAAGAAAT,Neo_Beads,Neonatal_Beads,9,Schwann cells,676,1016.0
Neo_Beads_ATTCCGACCGGA,Neo_Beads,Neonatal_Beads,10,Schwann cells,599,841.0
Neo_Beads_GCAAAGATCGCC,Neo_Beads,Neonatal_Beads,6,Endothelial cells,466,588.0
Neo_Beads_GCCGAGCATAGT,Neo_Beads,Neonatal_Beads,4,Endothelial cells,677,1031.0
Neo_Beads_GTAGCCGTCAGA,Neo_Beads,Neonatal_Beads,1,Mesenchymal cells,667,1022.0
Neo_Beads_AGAGGACTGCCC,Neo_Beads,Neonatal_Beads,10,Schwann cells,885,1460.0
Neo_Beads_ATAACCACTTCG,Neo_Beads,Neonatal_Beads,10,Schwann cells,586,783.0
Neo_Beads_GTCCCTAATTGA,Neo_Beads,Neonatal_Beads,5,Endothelial cells,654,849.0
Neo_Beads_AGGTGACATCCG,Neo_Beads,Neonatal_Beads,1,Mesenchymal cells,616,1171.0
Neo_Beads_CTCTTGGCGATT,Neo_Beads,Neonatal_Beads,10,Schwann cells,596,834.0
Neo_Beads_GTATTAAAACAT,Neo_Beads,Neonatal_Beads,9,Schwann cells,576,775.0
Neo_Beads_CGAACGTCGAGC,Neo_Beads,Neonatal_Beads,2,Schwann cells,754,1259.0
Neo_Beads_TGCGAAGTATGG,Neo_Beads,Neonatal_Beads,10,Schwann cells,657,946.0
Neo_Beads_CGAGCCCTCGGT,Neo_Beads,Neonatal_Beads,7,Pericytes/VSM,590,915.0
Neo_Beads_GCATGTTCCGGG,Neo_Beads,Neonatal_Beads,2,Schwann cells,690,987.0
Neo_Beads_GGTGGCATTTGG,Neo_Beads,Neonatal_Beads,2,Schwann cells,846,1294.0
Neo_Beads_TGACAGTGTTGG,Neo_Beads,Neonatal_Beads,10,Schwann cells,646,949.0
Neo_Beads_CCTCCGCTTAAA,Neo_Beads,Neonatal_Beads,7,Pericytes/VSM,702,1010.0
Neo_Beads_AACGTAATGCCA,Neo_Beads,Neonatal_Beads,9,Schwann cells,638,950.0
Neo_Beads_TTCCCTGAGTGT,Neo_Beads,Neonatal_Beads,0,Mesenchymal cells,595,889.0
Neo_Beads_CTCATCGCAACG,Neo_Beads,Neonatal_Beads,9,Schwann cells,663,946.0
Neo_Beads_ACCACCTAGTCT,Neo_Beads,Neonatal_Beads,3,Mesenchymal cells,724,1179.0
Neo_Beads_TGGGCTAGTGTG,Neo_Beads,Neonatal_Beads,10,Schwann cells,804,1123.0
Neo_Beads_AAGATTTAGCTG,Neo_Beads,Neonatal_Beads,10,Schwann cells,663,918.0
Neo_Beads_GCGGGGCGAGAT,Neo_Beads,Neonatal_Beads,7,Pericytes/VSM,994,1897.0
Neo_Beads_ATTGGGACGCAA,Neo_Beads,Neonatal_Beads,9,Schwann cells,566,800.0
Neo_Beads_GCATACGGATGG,Neo_Beads,Neonatal_Beads,9,Schwann cells,562,805.0
Neo_Beads_CCCATACCACGG,Neo_Beads,Neonatal_Beads,9,Schwann cells,583,881.0
Neo_Beads_AGTTGCAAAATG,Neo_Beads,Neonatal_Beads,9,Schwann cells,525,673.0
Neo_Beads_GGCTATTATACG,Neo_Beads,Neonatal_Beads,6,Endothelial cells,769,1130.0
Neo_Beads_AATCCCAGTTAA,Neo_Beads,Neonatal_Beads,9,Schwann cells,587,881.0
Neo_Beads_GCTCCAGTAACA,Neo_Beads,Neonatal_Beads,9,Schwann cells,610,826.0
Neo_Beads_CACTCCACAGCT,Neo_Beads,Neonatal_Beads,12,Schwann cells,651,939.0
Neo_Beads_ACTCCGGCACCA,Neo_Beads,Neonatal_Beads,10,Schwann cells,694,1014.0
Neo_Beads_GAAACACCCGAC,Neo_Beads,Neonatal_Beads,12,Schwann cells,628,873.0
Neo_Beads_CGTCATCGCTTT,Neo_Beads,Neonatal_Beads,9,Schwann cells,629,908.0
Neo_Beads_TACTTTAAATAT,Neo_Beads,Neonatal_Beads,9,Schwann cells,619,834.0
Neo_Beads_TCACACTCATGC,Neo_Beads,Neonatal_Beads,10,Schwann cells,681,945.0
Neo_Beads_ACGTTGACTACA,Neo_Beads,Neonatal_Beads,6,Endothelial cells,669,948.0
Neo_Beads_AAGATGTGGAAA,Neo_Beads,Neonatal_Beads,0,Mesenchymal cells,542,858.0
Neo_Beads_GACGGGACGTCA,Neo_Beads,Neonatal_Beads,0,Mesenchymal cells,477,812.0
Neo_Beads_AAAGCCCCAAAT,Neo_Beads,Neonatal_Beads,12,Schwann cells,664,1018.0
Neo_Beads_CCCCCCTATGAC,Neo_Beads,Neonatal_Beads,2,Schwann cells,709,1008.0
Neo_Beads_AAGCTCTCAGTG,Neo_Beads,Neonatal_Beads,9,Schwann cells,654,949.0
Neo_Beads_CGCACCGGCGCA,Neo_Beads,Neonatal_Beads,10,Schwann cells,605,869.0
Neo_Beads_GACGACAGGCGA,Neo_Beads,Neonatal_Beads,10,Schwann cells,715,1077.0
Neo_Beads_GACAAACTCACT,Neo_Beads,Neonatal_Beads,9,Schwann cells,440,596.0
Neo_Beads_AAGTAATCGTTG,Neo_Beads,Neonatal_Beads,9,Schwann cells,497,1103.0
Neo_Beads_GTAGTCCTGGCT,Neo_Beads,Neonatal_Beads,9,Schwann cells,617,869.0
Neo_Beads_CGTTCCACTGGA,Neo_Beads,Neonatal_Beads,2,Schwann cells,690,974.0
Neo_Beads_AGTCAATTCCGC,Neo_Beads,Neonatal_Beads,9,Schwann cells,679,1020.0
Neo_Beads_CGTGACCACAAG,Neo_Beads,Neonatal_Beads,10,Schwann cells,822,1326.0
Neo_Beads_CGAGAAGCATCA,Neo_Beads,Neonatal_Beads,2,Schwann cells,690,996.0
Neo_Beads_AACAGTTCGACG,Neo_Beads,Neonatal_Beads,3,Mesenchymal cells,384,817.0
Neo_Beads_GTGGGTGATAGN,Neo_Beads,Neonatal_Beads,10,Schwann cells,783,1127.0
Neo_Beads_AGACCAGGTTAG,Neo_Beads,Neonatal_Beads,7,Pericytes/VSM,638,972.0
Neo_Beads_GCGAAGCTGGAA,Neo_Beads,Neonatal_Beads,2,Schwann cells,721,997.0
Neo_Beads_CGAGGGTCATTT,Neo_Beads,Neonatal_Beads,0,Mesenchymal cells,575,899.0
Neo_Beads_TAATACGCGGCT,Neo_Beads,Neonatal_Beads,12,Schwann cells,678,914.0
Neo_Beads_GGCTTATGTCAT,Neo_Beads,Neonatal_Beads,10,Schwann cells,682,994.0
Neo_Beads_TGACTCAGCGGA,Neo_Beads,Neonatal_Beads,3,Mesenchymal cells,544,829.0
Neo_Beads_AGTCTACAAACC,Neo_Beads,Neonatal_Beads,2,Schwann cells,786,1139.0
Neo_Beads_TAGCTGCGAGGT,Neo_Beads,Neonatal_Beads,4,Endothelial cells,766,1228.0
Neo_Beads_AGTATACTTCAG,Neo_Beads,Neonatal_Beads,9,Schwann cells,816,1150.0
Neo_Beads_TTGAGTTCTTTT,Neo_Beads,Neonatal_Beads,10,Schwann cells,611,872.0
Neo_Beads_CCCGGTGGGTGG,Neo_Beads,Neonatal_Beads,3,Mesenchymal cells,715,1197.0
Neo_Beads_AATAGCGGCGTC,Neo_Beads,Neonatal_Beads,9,Schwann cells,810,1290.0
Neo_Beads_GTGTCGCAAACC,Neo_Beads,Neonatal_Beads,10,Schwann cells,692,1015.0
Neo_Beads_TATTTGTCACGT,Neo_Beads,Neonatal_Beads,3,Mesenchymal cells,696,1244.0
Neo_Beads_CGCACAGTAAGT,Neo_Beads,Neonatal_Beads,5,Endothelial cells,535,702.0
Neo_Beads_ACCTACTCGGAT,Neo_Beads,Neonatal_Beads,12,Schwann cells,613,845.0
Neo_Beads_CAAGTACATGTG,Neo_Beads,Neonatal_Beads,10,Schwann cells,633,879.0
Neo_Beads_ACGTAAGCTTGG,Neo_Beads,Neonatal_Beads,6,Endothelial cells,558,741.0
Neo_Beads_ACCTATATGCGC,Neo_Beads,Neonatal_Beads,2,Schwann cells,809,1176.0
Neo_Beads_GTTTCGCAAGCT,Neo_Beads,Neonatal_Beads,10,Schwann cells,718,1098.0
Neo_Beads_ACTCCGGTGAGA,Neo_Beads,Neonatal_Beads,12,Schwann cells,724,1106.0
Neo_Beads_GAGATTGTAGAA,Neo_Beads,Neonatal_Beads,2,Schwann cells,683,896.0
Neo_Beads_AGCTAGCGAGTA,Neo_Beads,Neonatal_Beads,2,Schwann cells,701,960.0
Neo_Beads_CCAATGAATACT,Neo_Beads,Neonatal_Beads,10,Schwann cells,666,956.0
Neo_Beads_TTTGAAGGTTTT,Neo_Beads,Neonatal_Beads,4,Endothelial cells,537,723.0
Neo_Beads_CGCAAAAAGCCT,Neo_Beads,Neonatal_Beads,10,Schwann cells,542,704.0
Neo_Beads_CCAATTGGGGTT,Neo_Beads,Neonatal_Beads,0,Mesenchymal cells,447,702.0
Neo_Beads_AACCCACCAATT,Neo_Beads,Neonatal_Beads,7,Pericytes/VSM,714,1149.0
Neo_Beads_TTAGCCTCACGA,Neo_Beads,Neonatal_Beads,2,Schwann cells,667,887.0
Neo_Beads_TCATGCGGACGG,Neo_Beads,Neonatal_Beads,0,Mesenchymal cells,563,878.0
Neo_Beads_TTTCAAAGGTGG,Neo_Beads,Neonatal_Beads,9,Schwann cells,493,628.0
Neo_Beads_TTCACGCCGTGA,Neo_Beads,Neonatal_Beads,9,Schwann cells,611,822.0
Neo_Beads_GCTTACGTTCAG,Neo_Beads,Neonatal_Beads,9,Schwann cells,551,780.0
Neo_Beads_CTATCCAGATAT,Neo_Beads,Neonatal_Beads,9,Schwann cells,616,886.0
Neo_Beads_TGAGCTACGGAA,Neo_Beads,Neonatal_Beads,6,Endothelial cells,644,913.0
Neo_Beads_GAGCAGGTGCTA,Neo_Beads,Neonatal_Beads,7,Pericytes/VSM,687,1001.0
Neo_Beads_GACGTCGTCCCT,Neo_Beads,Neonatal_Beads,3,Mesenchymal cells,626,1034.0
Neo_Beads_GTGCTGGCCCGA,Neo_Beads,Neonatal_Beads,4,Endothelial cells,887,1438.0
Neo_Beads_AATGGCTCAGGT,Neo_Beads,Neonatal_Beads,10,Schwann cells,795,1244.0
Neo_Beads_CTAGACAGCCAG,Neo_Beads,Neonatal_Beads,17,Schwann cells,722,1050.0
Neo_Beads_ACATTATAACCG,Neo_Beads,Neonatal_Beads,0,Mesenchymal cells,662,961.0
Neo_Beads_AAGGAGGAAGGC,Neo_Beads,Neonatal_Beads,9,Schwann cells,622,874.0
Neo_Beads_AACAAGGTGACT,Neo_Beads,Neonatal_Beads,9,Schwann cells,547,746.0
Neo_Beads_AGCTCGAACATC,Neo_Beads,Neonatal_Beads,9,Schwann cells,779,1206.0
Neo_Beads_TGCGTGCGAATA,Neo_Beads,Neonatal_Beads,10,Schwann cells,799,1128.0
Neo_Beads_AGGGCATTGTAG,Neo_Beads,Neonatal_Beads,16,Mast cells,597,1184.0
Neo_Beads_AGAGCATCGGCC,Neo_Beads,Neonatal_Beads,10,Schwann cells,658,920.0
Neo_Beads_TCTCAATCGTCC,Neo_Beads,Neonatal_Beads,9,Schwann cells,526,718.0
Neo_Beads_GAATCCCGAGCG,Neo_Beads,Neonatal_Beads,9,Schwann cells,652,957.0
Neo_Beads_CGGCACGGGTAG,Neo_Beads,Neonatal_Beads,10,Schwann cells,711,1129.0
Neo_Beads_TGCTGAAAATCC,Neo_Beads,Neonatal_Beads,13,Endothelial cells,501,662.0
Neo_Beads_ATGGCGCTAGGA,Neo_Beads,Neonatal_Beads,9,Schwann cells,643,909.0
Neo_Beads_CTACACACCTGC,Neo_Beads,Neonatal_Beads,12,Schwann cells,653,907.0
Neo_Beads_ACCGCTAGATCG,Neo_Beads,Neonatal_Beads,4,Endothelial cells,624,801.0
Neo_Beads_TTTGATATATTT,Neo_Beads,Neonatal_Beads,0,Mesenchymal cells,544,1078.0
Neo_Beads_ACGAGGCAGCTA,Neo_Beads,Neonatal_Beads,10,Schwann cells,696,1065.0
Neo_Beads_CGCAATGACCCC,Neo_Beads,Neonatal_Beads,10,Schwann cells,761,1122.0
Neo_Beads_CTGCAGCCGCCC,Neo_Beads,Neonatal_Beads,10,Schwann cells,657,988.0
Neo_Beads_GGTCTTCGAAGT,Neo_Beads,Neonatal_Beads,10,Schwann cells,668,970.0
Neo_Beads_TGCCTGTACGCT,Neo_Beads,Neonatal_Beads,10,Schwann cells,659,962.0
Neo_Beads_CCAGGCGCGATC,Neo_Beads,Neonatal_Beads,9,Schwann cells,802,1268.0
Neo_Beads_ATAATCGTTGTC,Neo_Beads,Neonatal_Beads,10,Schwann cells,674,943.0
Neo_Beads_CACAAAAGAGGT,Neo_Beads,Neonatal_Beads,0,Mesenchymal cells,532,875.0
Neo_Beads_CAGATCATCGCG,Neo_Beads,Neonatal_Beads,17,Schwann cells,612,878.0
Neo_Beads_GGAGTTACTGCC,Neo_Beads,Neonatal_Beads,9,Schwann cells,648,896.0
Neo_Beads_GTTGACGCAGCT,Neo_Beads,Neonatal_Beads,10,Schwann cells,532,745.0
Neo_Beads_GCCAAGGTGTAT,Neo_Beads,Neonatal_Beads,12,Schwann cells,675,1024.0
Neo_Beads_AGCGACTGACCG,Neo_Beads,Neonatal_Beads,12,Schwann cells,668,957.0
Neo_Beads_TGGGGGCCACAA,Neo_Beads,Neonatal_Beads,0,Mesenchymal cells,965,1664.0
Neo_Beads_TTCTGTGTGGAT,Neo_Beads,Neonatal_Beads,13,Endothelial cells,630,873.0
Neo_Beads_ATTGTATTAACT,Neo_Beads,Neonatal_Beads,10,Schwann cells,679,920.0
Neo_Beads_CATCTTGAAAGA,Neo_Beads,Neonatal_Beads,9,Schwann cells,517,722.0
Neo_Beads_GTCTATTTTCCG,Neo_Beads,Neonatal_Beads,9,Schwann cells,725,1104.0
Neo_Beads_GCGCTCAACACT,Neo_Beads,Neonatal_Beads,9,Schwann cells,574,803.0
Neo_Beads_AGGCGCTTCGTA,Neo_Beads,Neonatal_Beads,7,Pericytes/VSM,832,1460.0
Neo_Beads_CCTCCGCCACCA,Neo_Beads,Neonatal_Beads,10,Schwann cells,624,913.0
Neo_Beads_ATGCTGATCTGA,Neo_Beads,Neonatal_Beads,9,Schwann cells,713,1017.0
Neo_Beads_AGCCTTGGGTTC,Neo_Beads,Neonatal_Beads,7,Pericytes/VSM,716,1058.0
Neo_Beads_GCTACCACTTAC,Neo_Beads,Neonatal_Beads,10,Schwann cells,564,813.0
Neo_Beads_TTGTGCCCGCAA,Neo_Beads,Neonatal_Beads,2,Schwann cells,579,829.0
Neo_Beads_CGGCTGCATTGG,Neo_Beads,Neonatal_Beads,12,Schwann cells,581,772.0
Neo_Beads_TGGCGACCGTGT,Neo_Beads,Neonatal_Beads,10,Schwann cells,728,1038.0
Neo_Beads_GCACCAGTCTAT,Neo_Beads,Neonatal_Beads,0,Mesenchymal cells,639,898.0
Neo_Beads_TGCCCCCGACAA,Neo_Beads,Neonatal_Beads,7,Pericytes/VSM,702,1031.0
Neo_Beads_GTCTAACTGTCG,Neo_Beads,Neonatal_Beads,9,Schwann cells,659,936.0
Neo_Beads_CAATGTTTACCT,Neo_Beads,Neonatal_Beads,2,Schwann cells,745,1102.0
Neo_Beads_CTCAAGGGATCA,Neo_Beads,Neonatal_Beads,10,Schwann cells,604,852.0
Neo_Beads_CACCACCCAGCC,Neo_Beads,Neonatal_Beads,7,Pericytes/VSM,810,1417.0
Neo_Beads_TCGTCGGCCCCG,Neo_Beads,Neonatal_Beads,0,Mesenchymal cells,603,1157.0
Neo_Beads_AAACAGAGAATA,Neo_Beads,Neonatal_Beads,10,Schwann cells,636,907.0
Neo_Beads_GCGTTCCTACGA,Neo_Beads,Neonatal_Beads,9,Schwann cells,651,986.0
Neo_Beads_GAGAGGTTTTTG,Neo_Beads,Neonatal_Beads,7,Pericytes/VSM,603,872.0
Neo_Beads_TCGTGTGCAAAG,Neo_Beads,Neonatal_Beads,7,Pericytes/VSM,604,845.0
Neo_Beads_ACCCTTAAATAG,Neo_Beads,Neonatal_Beads,9,Schwann cells,659,892.0
Neo_Beads_TCGAGTACAGGA,Neo_Beads,Neonatal_Beads,9,Schwann cells,563,767.0
Neo_Beads_ACACATCTCGTG,Neo_Beads,Neonatal_Beads,3,Mesenchymal cells,614,1104.0
Neo_Beads_TGGGCAAACCGA,Neo_Beads,Neonatal_Beads,10,Schwann cells,698,978.0
Neo_Beads_CATGGAGTATCG,Neo_Beads,Neonatal_Beads,9,Schwann cells,694,953.0
Neo_Beads_GAATAAACAAGC,Neo_Beads,Neonatal_Beads,9,Schwann cells,588,876.0
Neo_Beads_CAACACCAGCAT,Neo_Beads,Neonatal_Beads,10,Schwann cells,650,947.0
Neo_Beads_GTTCCTGTCACC,Neo_Beads,Neonatal_Beads,7,Pericytes/VSM,694,1141.0
Neo_Beads_CCGGCGAGCTAT,Neo_Beads,Neonatal_Beads,10,Schwann cells,730,1080.0
Neo_Beads_TTAGTTATGTCG,Neo_Beads,Neonatal_Beads,10,Schwann cells,574,804.0
Neo_Beads_CGGACTCCCTAC,Neo_Beads,Neonatal_Beads,10,Schwann cells,582,797.0
Neo_Beads_ATAATGAGCGCG,Neo_Beads,Neonatal_Beads,9,Schwann cells,577,822.0
Neo_Beads_AACAAGCCCTTC,Neo_Beads,Neonatal_Beads,2,Schwann cells,747,1067.0
Neo_Beads_ACTTCGATGGGA,Neo_Beads,Neonatal_Beads,10,Schwann cells,520,728.0
Neo_Beads_TAATTGGGGGTC,Neo_Beads,Neonatal_Beads,2,Schwann cells,564,741.0
Neo_Beads_GATGATCCGATA,Neo_Beads,Neonatal_Beads,10,Schwann cells,524,704.0
Neo_Beads_ACTATCAAACCT,Neo_Beads,Neonatal_Beads,9,Schwann cells,587,824.0
Neo_Beads_GATAGGTAATGT,Neo_Beads,Neonatal_Beads,9,Schwann cells,529,741.0
Neo_Beads_ACCGGACCCTGA,Neo_Beads,Neonatal_Beads,9,Schwann cells,621,815.0
Neo_Beads_GTGTATAAAGAC,Neo_Beads,Neonatal_Beads,7,Pericytes/VSM,579,846.0
Neo_Beads_CTGCGGAATGGA,Neo_Beads,Neonatal_Beads,0,Mesenchymal cells,509,803.0
Neo_Beads_GTTCATTGGCAA,Neo_Beads,Neonatal_Beads,0,Mesenchymal cells,732,1250.0
Neo_Beads_GAGAGAGCCAGT,Neo_Beads,Neonatal_Beads,1,Mesenchymal cells,706,1151.0
Neo_Beads_CAGTAGCAAGGA,Neo_Beads,Neonatal_Beads,13,Endothelial cells,608,953.0
Neo_Beads_GAAAGGCAGTGA,Neo_Beads,Neonatal_Beads,17,Schwann cells,784,1176.0
Neo_Beads_TTAGCGTATGGT,Neo_Beads,Neonatal_Beads,9,Schwann cells,678,972.0
Neo_Beads_ATTAAACCCAAT,Neo_Beads,Neonatal_Beads,0,Mesenchymal cells,531,883.0
Neo_Beads_CACCTCTAGGGA,Neo_Beads,Neonatal_Beads,10,Schwann cells,600,845.0
Neo_Beads_AACCGGTTCTCT,Neo_Beads,Neonatal_Beads,10,Schwann cells,549,736.0
Neo_Beads_GAACGCGGAGTC,Neo_Beads,Neonatal_Beads,9,Schwann cells,484,644.0
Neo_Beads_TTTCAATTGCCA,Neo_Beads,Neonatal_Beads,9,Schwann cells,531,775.0
Neo_Beads_AACGCTTGCGGT,Neo_Beads,Neonatal_Beads,7,Pericytes/VSM,676,1091.0
Neo_Beads_CCATTTACACCT,Neo_Beads,Neonatal_Beads,10,Schwann cells,634,934.0
Neo_Beads_CGTGAAACAAAT,Neo_Beads,Neonatal_Beads,3,Mesenchymal cells,635,1013.0
Neo_Beads_CACACATTGTTG,Neo_Beads,Neonatal_Beads,9,Schwann cells,726,997.0
Neo_Beads_CGTCTAGGAGGC,Neo_Beads,Neonatal_Beads,10,Schwann cells,562,778.0
Neo_Beads_GTTCGATAGCGG,Neo_Beads,Neonatal_Beads,2,Schwann cells,571,777.0
Neo_Beads_TCTATCACTTGA,Neo_Beads,Neonatal_Beads,10,Schwann cells,635,877.0
Neo_Beads_TGTTACCGTGAT,Neo_Beads,Neonatal_Beads,9,Schwann cells,520,709.0
Neo_Beads_GAAGGCACGTGG,Neo_Beads,Neonatal_Beads,9,Schwann cells,620,835.0
Neo_Beads_TAGGTGTTGAGT,Neo_Beads,Neonatal_Beads,2,Schwann cells,751,1132.0
Neo_Beads_ATATTGAAATGT,Neo_Beads,Neonatal_Beads,12,Schwann cells,652,974.0
Neo_Beads_AGAATCGTATAG,Neo_Beads,Neonatal_Beads,6,Endothelial cells,680,1026.0
Neo_Beads_AAAATTATAACT,Neo_Beads,Neonatal_Beads,4,Endothelial cells,623,832.0
Neo_Beads_AAAATTGCGAAA,Neo_Beads,Neonatal_Beads,9,Schwann cells,548,815.0
Neo_Beads_CGGCAGGTGCAG,Neo_Beads,Neonatal_Beads,12,Schwann cells,639,927.0
Neo_Beads_CTAGCTCTCAAC,Neo_Beads,Neonatal_Beads,9,Schwann cells,569,792.0
Neo_Beads_ATGCTCGACCTA,Neo_Beads,Neonatal_Beads,10,Schwann cells,780,1154.0
Neo_Beads_GTCGTGTACACA,Neo_Beads,Neonatal_Beads,7,Pericytes/VSM,791,1263.0
Neo_Beads_ATCGCACCGCAC,Neo_Beads,Neonatal_Beads,10,Schwann cells,698,1114.0
Neo_Beads_TACTCCGGTCCA,Neo_Beads,Neonatal_Beads,10,Schwann cells,732,1095.0
Neo_Beads_TCATTGTCACTG,Neo_Beads,Neonatal_Beads,10,Schwann cells,506,695.0
Neo_Beads_GTGGGGATCTCA,Neo_Beads,Neonatal_Beads,2,Schwann cells,764,1137.0
Neo_Beads_AATGCAAAACGA,Neo_Beads,Neonatal_Beads,10,Schwann cells,639,930.0
Neo_Beads_CAGGACGAAGGC,Neo_Beads,Neonatal_Beads,9,Schwann cells,751,1148.0
Neo_Beads_AATAAACGGTCG,Neo_Beads,Neonatal_Beads,10,Schwann cells,846,1348.0
Neo_Beads_TGCTCAGTAGCG,Neo_Beads,Neonatal_Beads,9,Schwann cells,691,1032.0
Neo_Beads_GTCTATAGGCAG,Neo_Beads,Neonatal_Beads,17,Schwann cells,516,728.0
Neo_Beads_GAATTACCCTTT,Neo_Beads,Neonatal_Beads,9,Schwann cells,618,828.0
Neo_Beads_AATTATAGACTG,Neo_Beads,Neonatal_Beads,2,Schwann cells,628,805.0
Neo_Beads_CCAATCGACTGN,Neo_Beads,Neonatal_Beads,10,Schwann cells,603,861.0
Neo_Beads_GTACAAATAGGC,Neo_Beads,Neonatal_Beads,2,Schwann cells,520,690.0
Neo_Beads_AACATCACACTA,Neo_Beads,Neonatal_Beads,10,Schwann cells,653,922.0
Neo_Beads_CCTATAATATGC,Neo_Beads,Neonatal_Beads,9,Schwann cells,642,868.0
Neo_Beads_CGACTGTAGATA,Neo_Beads,Neonatal_Beads,10,Schwann cells,598,844.0
Neo_Beads_AACTAATACACA,Neo_Beads,Neonatal_Beads,7,Pericytes/VSM,624,970.0
Neo_Beads_GGTAGAATCGAG,Neo_Beads,Neonatal_Beads,0,Mesenchymal cells,340,825.0
Neo_Beads_ACACCTTGCTAC,Neo_Beads,Neonatal_Beads,12,Schwann cells,749,1179.0
Neo_Beads_AACGATTCCTAT,Neo_Beads,Neonatal_Beads,9,Schwann cells,645,886.0
Neo_Beads_CGGACGATACCT,Neo_Beads,Neonatal_Beads,9,Schwann cells,680,1012.0
Neo_Beads_ACGACCCATACA,Neo_Beads,Neonatal_Beads,9,Schwann cells,774,1150.0
Neo_Beads_CGAGTTATGTCG,Neo_Beads,Neonatal_Beads,9,Schwann cells,603,784.0
Neo_Beads_GGACTGAAATCT,Neo_Beads,Neonatal_Beads,9,Schwann cells,503,717.0
Neo_Beads_ACTACCTGGGGT,Neo_Beads,Neonatal_Beads,13,Endothelial cells,659,1025.0
Neo_Beads_CCCATAGTCGAA,Neo_Beads,Neonatal_Beads,10,Schwann cells,670,1006.0
Neo_Beads_TCAACTACGTGG,Neo_Beads,Neonatal_Beads,9,Schwann cells,395,507.0
Neo_Beads_GGGAAATCGGAA,Neo_Beads,Neonatal_Beads,10,Schwann cells,581,865.0
Neo_Beads_AGGCTCTCTAAC,Neo_Beads,Neonatal_Beads,10,Schwann cells,623,888.0
Neo_Beads_CTACAGCAAGTA,Neo_Beads,Neonatal_Beads,10,Schwann cells,580,778.0
Neo_Beads_AGAGCAGAGCCG,Neo_Beads,Neonatal_Beads,7,Pericytes/VSM,690,1017.0
Neo_Beads_GCGTTCTTGGCA,Neo_Beads,Neonatal_Beads,10,Schwann cells,666,1055.0
Neo_Beads_TCTAGTCTTCGT,Neo_Beads,Neonatal_Beads,10,Schwann cells,753,1041.0
Neo_Beads_ATCTGTTATGGG,Neo_Beads,Neonatal_Beads,9,Schwann cells,535,783.0
Neo_Beads_GTTGTTTTAAAT,Neo_Beads,Neonatal_Beads,10,Schwann cells,638,894.0
Neo_Beads_TGTGATACTGCA,Neo_Beads,Neonatal_Beads,10,Schwann cells,718,1064.0
Neo_Beads_GTAGTCAGGAAA,Neo_Beads,Neonatal_Beads,10,Schwann cells,507,656.0
Neo_Beads_GGTTATGGTCAG,Neo_Beads,Neonatal_Beads,9,Schwann cells,612,925.0
Neo_Beads_GCTCGCGTGTTG,Neo_Beads,Neonatal_Beads,17,Schwann cells,579,814.0
Neo_Beads_GGTGCTCCTTTT,Neo_Beads,Neonatal_Beads,10,Schwann cells,689,1018.0
Neo_Beads_TAAATGGCTCGG,Neo_Beads,Neonatal_Beads,10,Schwann cells,637,989.0
Neo_Beads_TCCAGCCGCCCC,Neo_Beads,Neonatal_Beads,10,Schwann cells,778,1294.0
Neo_Beads_TGTAGCCCGGTA,Neo_Beads,Neonatal_Beads,9,Schwann cells,610,829.0
Neo_Beads_TCATCTAGCCCC,Neo_Beads,Neonatal_Beads,10,Schwann cells,659,937.0
Neo_Beads_ACTACTTTATCT,Neo_Beads,Neonatal_Beads,12,Schwann cells,683,1040.0
Neo_Beads_TTGGATATATAA,Neo_Beads,Neonatal_Beads,0,Mesenchymal cells,359,721.0
Neo_Beads_GCACTTAAAGCG,Neo_Beads,Neonatal_Beads,4,Endothelial cells,688,979.0
Neo_Beads_CTTTCTAATTAA,Neo_Beads,Neonatal_Beads,9,Schwann cells,646,873.0
Neo_Beads_TAATCCGAATTA,Neo_Beads,Neonatal_Beads,17,Schwann cells,448,1212.0
Neo_Beads_ACTGCTCGCTCC,Neo_Beads,Neonatal_Beads,2,Schwann cells,675,960.0
Neo_Beads_TACGCGATGGTG,Neo_Beads,Neonatal_Beads,6,Endothelial cells,695,888.0
Neo_Beads_GCAAACAAAAAC,Neo_Beads,Neonatal_Beads,2,Schwann cells,491,644.0
Neo_Beads_TCGTTACAGAGC,Neo_Beads,Neonatal_Beads,1,Mesenchymal cells,472,655.0
Neo_Beads_GTCAATGTTGAG,Neo_Beads,Neonatal_Beads,10,Schwann cells,593,851.0
Neo_Beads_ATCTCCAGCGTT,Neo_Beads,Neonatal_Beads,10,Schwann cells,687,929.0
Neo_Beads_GTGATATCCGAG,Neo_Beads,Neonatal_Beads,10,Schwann cells,627,907.0
Neo_Beads_GGGCGACCTCAA,Neo_Beads,Neonatal_Beads,2,Schwann cells,773,1194.0
Neo_Beads_GGCTTCGCAACG,Neo_Beads,Neonatal_Beads,9,Schwann cells,672,937.0
Neo_Beads_CGTCGCTCGCCA,Neo_Beads,Neonatal_Beads,2,Schwann cells,706,1142.0
Neo_Beads_CGCCGGTTTACG,Neo_Beads,Neonatal_Beads,9,Schwann cells,624,873.0
Neo_Beads_TGTTCGTAAGTC,Neo_Beads,Neonatal_Beads,10,Schwann cells,698,1003.0
Neo_Beads_CGCCCCTAGATT,Neo_Beads,Neonatal_Beads,10,Schwann cells,661,944.0
Neo_Beads_TTCGGGGCACAC,Neo_Beads,Neonatal_Beads,9,Schwann cells,714,1205.0
Neo_Beads_CATCAGATGCTA,Neo_Beads,Neonatal_Beads,6,Endothelial cells,595,845.0
Neo_Beads_AGCGAATAGACT,Neo_Beads,Neonatal_Beads,2,Schwann cells,698,948.0
Neo_Beads_GTCCTCGACAAT,Neo_Beads,Neonatal_Beads,10,Schwann cells,635,904.0
Neo_Beads_GATGAAGACGGG,Neo_Beads,Neonatal_Beads,2,Schwann cells,526,741.0
Neo_Beads_GCGTGTCGGGTG,Neo_Beads,Neonatal_Beads,13,Endothelial cells,661,1223.0
Neo_Beads_CACCGCAGCATT,Neo_Beads,Neonatal_Beads,2,Schwann cells,582,731.0
Neo_Beads_TACACATCGGGC,Neo_Beads,Neonatal_Beads,9,Schwann cells,553,751.0
Neo_Beads_ACTGCTAAGATT,Neo_Beads,Neonatal_Beads,9,Schwann cells,471,625.0
Neo_Beads_AGCAGGTGACCC,Neo_Beads,Neonatal_Beads,10,Schwann cells,648,872.0
Neo_Beads_GGGTAATGCTGA,Neo_Beads,Neonatal_Beads,9,Schwann cells,576,794.0
Neo_Beads_ACTTCATCGGCT,Neo_Beads,Neonatal_Beads,9,Schwann cells,583,864.0
Neo_Beads_GGTTCTCCGTCG,Neo_Beads,Neonatal_Beads,13,Endothelial cells,739,1129.0
Neo_Beads_AGTGGATAAGGA,Neo_Beads,Neonatal_Beads,12,Schwann cells,445,596.0
Neo_Beads_TATTCCGCCCAA,Neo_Beads,Neonatal_Beads,10,Schwann cells,765,1138.0
Neo_Beads_TTGAGCATCAGT,Neo_Beads,Neonatal_Beads,10,Schwann cells,578,805.0
Neo_Beads_AACGAAGGGTCT,Neo_Beads,Neonatal_Beads,10,Schwann cells,731,1118.0
Neo_Beads_GAGAAAAGGGCT,Neo_Beads,Neonatal_Beads,9,Schwann cells,529,729.0
Neo_Beads_ATATAGATCAAT,Neo_Beads,Neonatal_Beads,10,Schwann cells,652,864.0
Neo_Beads_AGTGTCATTGGC,Neo_Beads,Neonatal_Beads,6,Endothelial cells,660,965.0
Neo_Beads_TAGCGTCCAAAG,Neo_Beads,Neonatal_Beads,9,Schwann cells,593,835.0
Neo_Beads_TCCTCGCGTTAA,Neo_Beads,Neonatal_Beads,10,Schwann cells,738,1094.0
Neo_Beads_GTTCGGTCTGAA,Neo_Beads,Neonatal_Beads,10,Schwann cells,609,918.0
Neo_Beads_ATCTAGCCCGTA,Neo_Beads,Neonatal_Beads,9,Schwann cells,626,950.0
Neo_Beads_TCGGTTTGCTTG,Neo_Beads,Neonatal_Beads,10,Schwann cells,643,951.0
Neo_Beads_AGTGTATACTTG,Neo_Beads,Neonatal_Beads,10,Schwann cells,818,1226.0
Neo_Beads_ATAATAAGGGCC,Neo_Beads,Neonatal_Beads,9,Schwann cells,688,922.0
Neo_Beads_GCCACGCTGAAT,Neo_Beads,Neonatal_Beads,13,Endothelial cells,733,1093.0
Neo_Beads_TCTCTCTGACGG,Neo_Beads,Neonatal_Beads,2,Schwann cells,626,783.0
Neo_Beads_CTGCATTACCGG,Neo_Beads,Neonatal_Beads,10,Schwann cells,601,866.0
Neo_Beads_AGACGAACATGT,Neo_Beads,Neonatal_Beads,10,Schwann cells,606,837.0
Neo_Beads_ATATCGCGGCCT,Neo_Beads,Neonatal_Beads,7,Pericytes/VSM,626,970.0
Neo_Beads_GACGATCGGTGC,Neo_Beads,Neonatal_Beads,7,Pericytes/VSM,583,833.0
Neo_Beads_GCACAACTGGCG,Neo_Beads,Neonatal_Beads,9,Schwann cells,606,853.0
Neo_Beads_TTGAACCCCCTC,Neo_Beads,Neonatal_Beads,12,Schwann cells,638,907.0
Neo_Beads_CGTTTGCGTCCC,Neo_Beads,Neonatal_Beads,10,Schwann cells,574,817.0
Neo_Beads_CCGGCTGACTGN,Neo_Beads,Neonatal_Beads,17,Schwann cells,568,811.0
Neo_Beads_ACAAGTTGCTTG,Neo_Beads,Neonatal_Beads,7,Pericytes/VSM,593,873.0
Neo_Beads_CATATGTCATTG,Neo_Beads,Neonatal_Beads,9,Schwann cells,579,820.0
Neo_Beads_TTTCATGGTTTT,Neo_Beads,Neonatal_Beads,9,Schwann cells,522,757.0
Neo_Beads_CGCAGCGCTCTA,Neo_Beads,Neonatal_Beads,9,Schwann cells,678,975.0
Neo_Beads_TACCTTGCACGA,Neo_Beads,Neonatal_Beads,9,Schwann cells,602,862.0
Neo_Beads_TGCAGTGCAGAG,Neo_Beads,Neonatal_Beads,9,Schwann cells,663,922.0
Neo_Beads_TCCACGGGTCTC,Neo_Beads,Neonatal_Beads,9,Schwann cells,717,1103.0
Neo_Beads_TCACGCAGTATA,Neo_Beads,Neonatal_Beads,4,Endothelial cells,695,1057.0
Neo_Beads_CACTCCGCCCGC,Neo_Beads,Neonatal_Beads,7,Pericytes/VSM,611,913.0
Neo_Beads_GGTATCCCATAC,Neo_Beads,Neonatal_Beads,10,Schwann cells,710,994.0
Neo_Beads_TGAGCTTCTGGG,Neo_Beads,Neonatal_Beads,7,Pericytes/VSM,682,1060.0
Neo_Beads_GAATGATAGCAC,Neo_Beads,Neonatal_Beads,3,Mesenchymal cells,624,1030.0
Neo_Beads_TAAAGGCCGCGC,Neo_Beads,Neonatal_Beads,2,Schwann cells,521,668.0
Neo_Beads_ATATTGAGATTG,Neo_Beads,Neonatal_Beads,17,Schwann cells,653,895.0
Neo_Beads_GACACTGGATTG,Neo_Beads,Neonatal_Beads,3,Mesenchymal cells,484,712.0
Neo_Beads_TACTAAAGGGGT,Neo_Beads,Neonatal_Beads,10,Schwann cells,652,934.0
Neo_Beads_TGCAATGCGCCC,Neo_Beads,Neonatal_Beads,7,Pericytes/VSM,585,991.0
Neo_Beads_CATGCATAGATT,Neo_Beads,Neonatal_Beads,0,Mesenchymal cells,342,741.0
Neo_Beads_CTTAGGTCACAG,Neo_Beads,Neonatal_Beads,10,Schwann cells,716,1043.0
Neo_Beads_AGAAGTTACAAT,Neo_Beads,Neonatal_Beads,9,Schwann cells,526,750.0
Neo_Beads_AACGATGGTGTG,Neo_Beads,Neonatal_Beads,6,Endothelial cells,613,808.0
Neo_Beads_AGCCGGGTCTAA,Neo_Beads,Neonatal_Beads,4,Endothelial cells,639,967.0
Neo_Beads_CTCGGGACTGGC,Neo_Beads,Neonatal_Beads,9,Schwann cells,579,891.0
Neo_Beads_TAAATGCCCGCC,Neo_Beads,Neonatal_Beads,10,Schwann cells,722,1048.0
Neo_Beads_AGAACCGAGGTC,Neo_Beads,Neonatal_Beads,9,Schwann cells,720,1082.0
Neo_Beads_ATATCATTTGGC,Neo_Beads,Neonatal_Beads,3,Mesenchymal cells,464,733.0
Neo_Beads_CTGAATACGGAC,Neo_Beads,Neonatal_Beads,7,Pericytes/VSM,598,902.0
Neo_Beads_AACCGTAAGTGT,Neo_Beads,Neonatal_Beads,11,Macrophages,518,904.0
Neo_Beads_GGTTTTGGCATC,Neo_Beads,Neonatal_Beads,7,Pericytes/VSM,557,767.0
Neo_Beads_TCTTAGGTATCA,Neo_Beads,Neonatal_Beads,12,Schwann cells,540,732.0
Neo_Beads_ATCCGTAAGCAT,Neo_Beads,Neonatal_Beads,9,Schwann cells,575,767.0
Neo_Beads_ACCTGGCCAGCG,Neo_Beads,Neonatal_Beads,10,Schwann cells,783,1192.0
Neo_Beads_TACCTGGTGCAA,Neo_Beads,Neonatal_Beads,7,Pericytes/VSM,612,942.0
Neo_Beads_TCGGGGTAAACA,Neo_Beads,Neonatal_Beads,10,Schwann cells,631,855.0
Neo_Beads_GTAGTAGCCGCC,Neo_Beads,Neonatal_Beads,9,Schwann cells,689,1031.0
Neo_Beads_AGTACCGGATTG,Neo_Beads,Neonatal_Beads,10,Schwann cells,715,1008.0
Neo_Beads_GCTCTGGTAGGC,Neo_Beads,Neonatal_Beads,12,Schwann cells,666,1042.0
Neo_Beads_CGTCGTAGTGCG,Neo_Beads,Neonatal_Beads,10,Schwann cells,626,915.0
Neo_Beads_AGATTACTGAAA,Neo_Beads,Neonatal_Beads,3,Mesenchymal cells,431,736.0
Neo_Beads_ATTAAAGAGTTG,Neo_Beads,Neonatal_Beads,10,Schwann cells,560,772.0
Neo_Beads_CCCTCCCCTCAG,Neo_Beads,Neonatal_Beads,9,Schwann cells,621,880.0
Neo_Beads_CAAAGTGAGCGG,Neo_Beads,Neonatal_Beads,7,Pericytes/VSM,603,891.0
Neo_Beads_ATCTTTAGCATC,Neo_Beads,Neonatal_Beads,2,Schwann cells,659,904.0
Neo_Beads_ATTCGTCACCAC,Neo_Beads,Neonatal_Beads,9,Schwann cells,668,984.0
Neo_Beads_AAAGTTCGCTGG,Neo_Beads,Neonatal_Beads,0,Mesenchymal cells,503,866.0
Neo_Beads_CACAAGTCTCGA,Neo_Beads,Neonatal_Beads,13,Endothelial cells,539,750.0
Neo_Beads_CGATCCTACCCG,Neo_Beads,Neonatal_Beads,10,Schwann cells,565,771.0
Neo_Beads_TAGCGCGCGTCA,Neo_Beads,Neonatal_Beads,9,Schwann cells,627,864.0
Neo_Beads_TACCTTGTAGTG,Neo_Beads,Neonatal_Beads,10,Schwann cells,654,903.0
Neo_Beads_TACCATGCGTGC,Neo_Beads,Neonatal_Beads,5,Endothelial cells,700,881.0
Neo_Beads_ATTAACCTCTTT,Neo_Beads,Neonatal_Beads,10,Schwann cells,605,811.0
Neo_Beads_ATGTATACCTAG,Neo_Beads,Neonatal_Beads,9,Schwann cells,626,897.0
Neo_Beads_TTCATGCCACAC,Neo_Beads,Neonatal_Beads,0,Mesenchymal cells,500,806.0
Neo_Beads_ACAAATTACTAG,Neo_Beads,Neonatal_Beads,17,Schwann cells,484,609.0
Neo_Beads_TAGGGGGTGGTT,Neo_Beads,Neonatal_Beads,7,Pericytes/VSM,705,1019.0
Neo_Beads_ATTGGTCGCTGC,Neo_Beads,Neonatal_Beads,10,Schwann cells,532,753.0
Neo_Beads_GCCGGCATCCCT,Neo_Beads,Neonatal_Beads,9,Schwann cells,634,949.0
Neo_Beads_TGGCACTGCTAA,Neo_Beads,Neonatal_Beads,2,Schwann cells,681,907.0
Neo_Beads_ATTATACTCCGG,Neo_Beads,Neonatal_Beads,9,Schwann cells,635,934.0
Neo_Beads_GGTTCTTATCCC,Neo_Beads,Neonatal_Beads,10,Schwann cells,653,927.0
Neo_Beads_TCTCTTCGCTAA,Neo_Beads,Neonatal_Beads,3,Mesenchymal cells,337,527.0
Neo_Beads_CTCAGTTAAAAG,Neo_Beads,Neonatal_Beads,2,Schwann cells,631,892.0
Neo_Beads_GGGTAAAGGCGA,Neo_Beads,Neonatal_Beads,9,Schwann cells,586,863.0
Neo_Beads_GGCGTTACGGGT,Neo_Beads,Neonatal_Beads,10,Schwann cells,722,1032.0
Neo_Beads_TCATAAGGCCGT,Neo_Beads,Neonatal_Beads,17,Schwann cells,508,721.0
Neo_Beads_CGTTTATCACAC,Neo_Beads,Neonatal_Beads,17,Schwann cells,611,879.0
Neo_Beads_CTTAGGCAAGTT,Neo_Beads,Neonatal_Beads,7,Pericytes/VSM,612,843.0
Neo_Beads_GTCTTTAGGACA,Neo_Beads,Neonatal_Beads,9,Schwann cells,520,702.0
Neo_Beads_GGTTTCGAGTTA,Neo_Beads,Neonatal_Beads,10,Schwann cells,568,768.0
Neo_Beads_GCTTGGGTTTGG,Neo_Beads,Neonatal_Beads,13,Endothelial cells,531,829.0
Neo_Beads_CCAGCGACTGCC,Neo_Beads,Neonatal_Beads,2,Schwann cells,438,555.0
Neo_Beads_TGTGAGCTCGCA,Neo_Beads,Neonatal_Beads,10,Schwann cells,689,1046.0
Neo_Beads_AACCAGGCCTCG,Neo_Beads,Neonatal_Beads,10,Schwann cells,683,1009.0
Neo_Beads_ACTTCACGGCTA,Neo_Beads,Neonatal_Beads,10,Schwann cells,634,948.0
Neo_Beads_GGTGGTATGCGC,Neo_Beads,Neonatal_Beads,0,Mesenchymal cells,664,1132.0
Neo_Beads_GACCTGTGAGCT,Neo_Beads,Neonatal_Beads,12,Schwann cells,490,731.0
Neo_Beads_CAAAGTCAGAGG,Neo_Beads,Neonatal_Beads,10,Schwann cells,554,724.0
Neo_Beads_ATCTAGGTGGCT,Neo_Beads,Neonatal_Beads,4,Endothelial cells,605,890.0
Neo_Beads_TGAACGTCCTGG,Neo_Beads,Neonatal_Beads,10,Schwann cells,596,827.0
Neo_Beads_CATACCACTTGA,Neo_Beads,Neonatal_Beads,7,Pericytes/VSM,264,1163.0
Neo_Beads_CGGGCACCTTGG,Neo_Beads,Neonatal_Beads,9,Schwann cells,617,939.0
Neo_Beads_TAAGAGTTCTAA,Neo_Beads,Neonatal_Beads,13,Endothelial cells,482,657.0
Neo_Beads_TTTTCCCGAGGC,Neo_Beads,Neonatal_Beads,2,Schwann cells,522,670.0
Neo_Beads_TCGGAACGAAGA,Neo_Beads,Neonatal_Beads,12,Schwann cells,617,849.0
Neo_Beads_CCCGAGCGGACT,Neo_Beads,Neonatal_Beads,10,Schwann cells,631,949.0
Neo_Beads_GTTTTCGGGGGT,Neo_Beads,Neonatal_Beads,0,Mesenchymal cells,554,805.0
Neo_Beads_AGATTATAGTCA,Neo_Beads,Neonatal_Beads,9,Schwann cells,577,779.0
Neo_Beads_GGGAACGCCCGA,Neo_Beads,Neonatal_Beads,10,Schwann cells,649,942.0
Neo_Beads_AAAGCCGCGCGG,Neo_Beads,Neonatal_Beads,12,Schwann cells,703,1027.0
Neo_Beads_ATAAACGTCGGG,Neo_Beads,Neonatal_Beads,9,Schwann cells,605,825.0
Neo_Beads_GTCGATCCATCC,Neo_Beads,Neonatal_Beads,12,Schwann cells,541,790.0
Neo_Beads_CTTAGTCCCAGG,Neo_Beads,Neonatal_Beads,9,Schwann cells,574,833.0
Neo_Beads_TCCCAGGCCCAA,Neo_Beads,Neonatal_Beads,9,Schwann cells,647,969.0
Neo_Beads_AGCCTAGATACA,Neo_Beads,Neonatal_Beads,2,Schwann cells,620,837.0
Neo_Beads_CACTGTCTCCGC,Neo_Beads,Neonatal_Beads,9,Schwann cells,608,958.0
Neo_Beads_GGGCTGCCAGAC,Neo_Beads,Neonatal_Beads,9,Schwann cells,618,903.0
Neo_Beads_CCCACGTCATCG,Neo_Beads,Neonatal_Beads,10,Schwann cells,571,824.0
Neo_Beads_CGGGGCATGCCT,Neo_Beads,Neonatal_Beads,9,Schwann cells,734,1068.0
Neo_Beads_CTGTCGCCAAAC,Neo_Beads,Neonatal_Beads,9,Schwann cells,652,954.0
Neo_Beads_GGGAATATTAGG,Neo_Beads,Neonatal_Beads,3,Mesenchymal cells,536,809.0
Neo_Beads_CACTAGCTACAG,Neo_Beads,Neonatal_Beads,9,Schwann cells,538,732.0
Neo_Beads_TTCCGAGAATCG,Neo_Beads,Neonatal_Beads,9,Schwann cells,544,780.0
Neo_Beads_GACGACCGATTG,Neo_Beads,Neonatal_Beads,7,Pericytes/VSM,579,964.0
Neo_Beads_CGAGTGGGAGAA,Neo_Beads,Neonatal_Beads,9,Schwann cells,582,844.0
Neo_Beads_AAGCGCGGCCAG,Neo_Beads,Neonatal_Beads,9,Schwann cells,599,810.0
Neo_Beads_TCTGACCCTTTG,Neo_Beads,Neonatal_Beads,10,Schwann cells,612,891.0
Neo_Beads_ACGCTCTCGCAT,Neo_Beads,Neonatal_Beads,10,Schwann cells,727,1133.0
Neo_Beads_TAGCGCACCAAT,Neo_Beads,Neonatal_Beads,10,Schwann cells,623,843.0
Neo_Beads_GAATATATGGGT,Neo_Beads,Neonatal_Beads,2,Schwann cells,600,764.0
Neo_Beads_GGAATTGAAAAT,Neo_Beads,Neonatal_Beads,9,Schwann cells,554,781.0
Neo_Beads_CCAAGAGAGCCC,Neo_Beads,Neonatal_Beads,10,Schwann cells,639,982.0
Neo_Beads_TCAATCAGCACT,Neo_Beads,Neonatal_Beads,2,Schwann cells,512,728.0
Neo_Beads_AAAATTGGGCAG,Neo_Beads,Neonatal_Beads,10,Schwann cells,586,815.0
Neo_Beads_GGTCGACAACTT,Neo_Beads,Neonatal_Beads,9,Schwann cells,531,772.0
Neo_Beads_ATGGTCGGGTAG,Neo_Beads,Neonatal_Beads,7,Pericytes/VSM,608,848.0
Neo_Beads_TAGTTCGTCATG,Neo_Beads,Neonatal_Beads,2,Schwann cells,590,837.0
Neo_Beads_ACTAGAGGAAGT,Neo_Beads,Neonatal_Beads,2,Schwann cells,575,791.0
Neo_Beads_TGTGTGGTAACT,Neo_Beads,Neonatal_Beads,10,Schwann cells,678,917.0
Neo_Beads_TGTGGACTACGC,Neo_Beads,Neonatal_Beads,5,Endothelial cells,573,787.0
Neo_Beads_GTCGCGTCGCAA,Neo_Beads,Neonatal_Beads,9,Schwann cells,571,788.0
Neo_Beads_CTTATAACGCTG,Neo_Beads,Neonatal_Beads,9,Schwann cells,639,863.0
Neo_Beads_TGAGGGTCCTAG,Neo_Beads,Neonatal_Beads,2,Schwann cells,645,907.0
Neo_Beads_AAACCCATTTAC,Neo_Beads,Neonatal_Beads,10,Schwann cells,648,930.0
Neo_Beads_GTGCTGTCCCGA,Neo_Beads,Neonatal_Beads,2,Schwann cells,664,1042.0
Neo_Beads_AGGTGATCGCAG,Neo_Beads,Neonatal_Beads,10,Schwann cells,619,831.0
Neo_Beads_GCAGTACCGGTT,Neo_Beads,Neonatal_Beads,2,Schwann cells,495,705.0
Neo_Beads_AAACCGTCGGGC,Neo_Beads,Neonatal_Beads,2,Schwann cells,535,714.0
Neo_Beads_CGATTAGGAGCT,Neo_Beads,Neonatal_Beads,4,Endothelial cells,576,806.0
Neo_Beads_AGCACCTGTCCC,Neo_Beads,Neonatal_Beads,10,Schwann cells,816,1314.0
Neo_Beads_GGTGAAAATACC,Neo_Beads,Neonatal_Beads,10,Schwann cells,635,888.0
Neo_Beads_CGTAGATAAAGN,Neo_Beads,Neonatal_Beads,3,Mesenchymal cells,291,418.0
Neo_Beads_CAAAAAGTCGCA,Neo_Beads,Neonatal_Beads,17,Schwann cells,514,713.0
Neo_Beads_GACCTTGTCGGA,Neo_Beads,Neonatal_Beads,12,Schwann cells,610,1000.0
Neo_Beads_TCCTAGGCTCCC,Neo_Beads,Neonatal_Beads,12,Schwann cells,678,1032.0
Neo_Beads_ATTTCCGATACT,Neo_Beads,Neonatal_Beads,12,Schwann cells,595,918.0
Neo_Beads_CGTAGTCTCCCA,Neo_Beads,Neonatal_Beads,10,Schwann cells,654,867.0
Neo_Beads_TCTGCGCGATCT,Neo_Beads,Neonatal_Beads,9,Schwann cells,611,864.0
Neo_Beads_GTATATCCGTGC,Neo_Beads,Neonatal_Beads,11,Macrophages,575,948.0
Neo_Beads_TAAAATCAACCT,Neo_Beads,Neonatal_Beads,10,Schwann cells,580,813.0
Neo_Beads_GATTTCTTAAAC,Neo_Beads,Neonatal_Beads,9,Schwann cells,499,619.0
Neo_Beads_ATAATTCATAAA,Neo_Beads,Neonatal_Beads,2,Schwann cells,705,909.0
Neo_Beads_AGTAGGGACGCC,Neo_Beads,Neonatal_Beads,10,Schwann cells,594,786.0
Neo_Beads_AGCTCACCCATG,Neo_Beads,Neonatal_Beads,10,Schwann cells,546,697.0
Neo_Beads_TACCATACTCAG,Neo_Beads,Neonatal_Beads,9,Schwann cells,589,795.0
Neo_Beads_CTCTCCCCACGG,Neo_Beads,Neonatal_Beads,9,Schwann cells,671,983.0
Neo_Beads_CTCTGCCTTGCC,Neo_Beads,Neonatal_Beads,3,Mesenchymal cells,673,1126.0
Neo_Beads_TAGTGTCGACAN,Neo_Beads,Neonatal_Beads,2,Schwann cells,597,813.0
Neo_Beads_TACCACCCAGTC,Neo_Beads,Neonatal_Beads,7,Pericytes/VSM,647,1119.0
Neo_Beads_GGTCCTGTCGCA,Neo_Beads,Neonatal_Beads,10,Schwann cells,658,945.0
Neo_Beads_TATGGCCCTGGC,Neo_Beads,Neonatal_Beads,2,Schwann cells,655,891.0
Neo_Beads_AGGCTAGGCTTA,Neo_Beads,Neonatal_Beads,4,Endothelial cells,703,1093.0
Neo_Beads_CTTGAACGGCAC,Neo_Beads,Neonatal_Beads,10,Schwann cells,602,932.0
Neo_Beads_TGTACGGAGTCG,Neo_Beads,Neonatal_Beads,9,Schwann cells,689,1097.0
Neo_Beads_CCATCTGCGAAA,Neo_Beads,Neonatal_Beads,9,Schwann cells,522,671.0
Neo_Beads_CCCCCGGCAGCA,Neo_Beads,Neonatal_Beads,10,Schwann cells,613,946.0
Neo_Beads_AGTTGGACGAGA,Neo_Beads,Neonatal_Beads,7,Pericytes/VSM,573,798.0
Neo_Beads_CGAAGGAGGCGA,Neo_Beads,Neonatal_Beads,13,Endothelial cells,514,693.0
Neo_Beads_ACCACCCCGAAT,Neo_Beads,Neonatal_Beads,2,Schwann cells,572,800.0
Neo_Beads_GGGGCATGTCAA,Neo_Beads,Neonatal_Beads,10,Schwann cells,915,1565.0
Neo_Beads_CCTTAGAGCGTA,Neo_Beads,Neonatal_Beads,3,Mesenchymal cells,690,1055.0
Neo_Beads_GTTAAATGGCCC,Neo_Beads,Neonatal_Beads,5,Endothelial cells,449,658.0
Neo_Beads_GACAGCAGGGGG,Neo_Beads,Neonatal_Beads,9,Schwann cells,611,870.0
Neo_Beads_CCGGTCGGAGCA,Neo_Beads,Neonatal_Beads,9,Schwann cells,578,792.0
Neo_Beads_GTAGGGACCCCT,Neo_Beads,Neonatal_Beads,7,Pericytes/VSM,582,868.0
Neo_Beads_TCCTCGCTTTAT,Neo_Beads,Neonatal_Beads,10,Schwann cells,631,972.0
Neo_Beads_AGAAGGGTAAAA,Neo_Beads,Neonatal_Beads,9,Schwann cells,571,777.0
Neo_Beads_TGTGAAGAGGGT,Neo_Beads,Neonatal_Beads,6,Endothelial cells,620,921.0
Neo_Beads_CTCTTTCCGGGG,Neo_Beads,Neonatal_Beads,10,Schwann cells,695,1115.0
Neo_Beads_CTACAAGTGCAA,Neo_Beads,Neonatal_Beads,2,Schwann cells,567,780.0
Neo_Beads_CCCCCTAAGGAC,Neo_Beads,Neonatal_Beads,6,Endothelial cells,763,1081.0
Neo_Beads_TATCATATGTGC,Neo_Beads,Neonatal_Beads,10,Schwann cells,673,990.0
Neo_Beads_CGTTGGAGGCTC,Neo_Beads,Neonatal_Beads,10,Schwann cells,750,1216.0
Neo_Beads_TACGGTATGTCC,Neo_Beads,Neonatal_Beads,10,Schwann cells,606,832.0
Neo_Beads_ACAACGTTTACA,Neo_Beads,Neonatal_Beads,10,Schwann cells,663,907.0
Neo_Beads_CAATCTACTCTG,Neo_Beads,Neonatal_Beads,2,Schwann cells,566,719.0
Neo_Beads_CTGAGAGTCCCT,Neo_Beads,Neonatal_Beads,10,Schwann cells,569,802.0
Neo_Beads_CTTTAGTGGGTA,Neo_Beads,Neonatal_Beads,5,Endothelial cells,510,710.0
Neo_Beads_AATCCGTATGGG,Neo_Beads,Neonatal_Beads,9,Schwann cells,552,747.0
Neo_Beads_TCGACTGCCCGT,Neo_Beads,Neonatal_Beads,1,Mesenchymal cells,565,913.0
Neo_Beads_AGTTACTCTGCC,Neo_Beads,Neonatal_Beads,17,Schwann cells,574,733.0
Neo_Beads_TTTAACGGTTGA,Neo_Beads,Neonatal_Beads,2,Schwann cells,560,748.0
Neo_Beads_TTTAAGCGACGT,Neo_Beads,Neonatal_Beads,4,Endothelial cells,563,798.0
Neo_Beads_ACGGTACCCGCC,Neo_Beads,Neonatal_Beads,4,Endothelial cells,716,1237.0
Neo_Beads_GACGAGGGTCCA,Neo_Beads,Neonatal_Beads,6,Endothelial cells,595,863.0
Neo_Beads_GCTGTATTATAT,Neo_Beads,Neonatal_Beads,9,Schwann cells,725,1099.0
Neo_Beads_CCCTCCGTCAAC,Neo_Beads,Neonatal_Beads,6,Endothelial cells,608,869.0
Neo_Beads_TCGGCGGGTCTT,Neo_Beads,Neonatal_Beads,2,Schwann cells,739,1162.0
Neo_Beads_GGGCTTTATTGC,Neo_Beads,Neonatal_Beads,10,Schwann cells,595,835.0
Neo_Beads_GAGTAAACGGTA,Neo_Beads,Neonatal_Beads,3,Mesenchymal cells,484,713.0
Neo_Beads_TAGACGAGAAAA,Neo_Beads,Neonatal_Beads,10,Schwann cells,539,738.0
Neo_Beads_ACCCGCTGTAAC,Neo_Beads,Neonatal_Beads,1,Mesenchymal cells,486,723.0
Neo_Beads_AGATTTACCGAG,Neo_Beads,Neonatal_Beads,7,Pericytes/VSM,574,816.0
Neo_Beads_GTATGACCGGTG,Neo_Beads,Neonatal_Beads,2,Schwann cells,649,910.0
Neo_Beads_ATGTATCAAAAC,Neo_Beads,Neonatal_Beads,9,Schwann cells,617,836.0
Neo_Beads_CACTTGCAAGAC,Neo_Beads,Neonatal_Beads,9,Schwann cells,506,644.0
Neo_Beads_ATAATAAGAGGT,Neo_Beads,Neonatal_Beads,2,Schwann cells,645,897.0
Neo_Beads_CGTAACGAAGTA,Neo_Beads,Neonatal_Beads,12,Schwann cells,527,748.0
Neo_Beads_AGAGTTAAGAAA,Neo_Beads,Neonatal_Beads,10,Schwann cells,592,806.0
Neo_Beads_AGTCTCGAATTT,Neo_Beads,Neonatal_Beads,0,Mesenchymal cells,426,797.0
Neo_Beads_TGGAGCCAAAAA,Neo_Beads,Neonatal_Beads,7,Pericytes/VSM,549,851.0
Neo_Beads_GACCCGTACCTA,Neo_Beads,Neonatal_Beads,17,Schwann cells,687,987.0
Neo_Beads_AGTGCGGTTTTG,Neo_Beads,Neonatal_Beads,17,Schwann cells,629,910.0
Neo_Beads_ATTAGTAGTACC,Neo_Beads,Neonatal_Beads,4,Endothelial cells,642,868.0
Neo_Beads_TGTTGCCGTATT,Neo_Beads,Neonatal_Beads,4,Endothelial cells,605,952.0
Neo_Beads_GGGTCTATTCGT,Neo_Beads,Neonatal_Beads,17,Schwann cells,639,940.0
Neo_Beads_AGGAACCGACTA,Neo_Beads,Neonatal_Beads,7,Pericytes/VSM,586,835.0
Neo_Beads_AAAGCGACGACC,Neo_Beads,Neonatal_Beads,10,Schwann cells,560,742.0
Neo_Beads_AGTAAGACACAT,Neo_Beads,Neonatal_Beads,13,Endothelial cells,687,986.0
Neo_Beads_ATGGTTAAAACN,Neo_Beads,Neonatal_Beads,2,Schwann cells,551,755.0
Neo_Beads_AAATGGAGTGTT,Neo_Beads,Neonatal_Beads,9,Schwann cells,598,826.0
Neo_Beads_ACTTACAACCTA,Neo_Beads,Neonatal_Beads,10,Schwann cells,534,766.0
Neo_Beads_CTACCTGGGACT,Neo_Beads,Neonatal_Beads,10,Schwann cells,623,887.0
Neo_Beads_CCGAGGATTGCG,Neo_Beads,Neonatal_Beads,9,Schwann cells,552,799.0
Neo_Beads_CGACCTTTGTGT,Neo_Beads,Neonatal_Beads,4,Endothelial cells,517,783.0
Neo_Beads_GTCTGTTAAAAA,Neo_Beads,Neonatal_Beads,2,Schwann cells,484,611.0
Neo_Beads_TATGACGTTGTT,Neo_Beads,Neonatal_Beads,9,Schwann cells,525,679.0
Neo_Beads_TTAGATTAGTGT,Neo_Beads,Neonatal_Beads,10,Schwann cells,621,795.0
Neo_Beads_TGGATATCGATA,Neo_Beads,Neonatal_Beads,7,Pericytes/VSM,564,775.0
Neo_Beads_TAAAGTCACTGT,Neo_Beads,Neonatal_Beads,12,Schwann cells,666,941.0
Neo_Beads_TTCGGACTGATA,Neo_Beads,Neonatal_Beads,10,Schwann cells,507,666.0
Neo_Beads_CCATCGGACAAC,Neo_Beads,Neonatal_Beads,9,Schwann cells,654,964.0
Neo_Beads_TTTCTTATCTCA,Neo_Beads,Neonatal_Beads,10,Schwann cells,565,811.0
Neo_Beads_GAACCTGCTTCG,Neo_Beads,Neonatal_Beads,10,Schwann cells,608,891.0
Neo_Beads_TGAAGGTGACCG,Neo_Beads,Neonatal_Beads,3,Mesenchymal cells,611,971.0
Neo_Beads_GACTAACACGAG,Neo_Beads,Neonatal_Beads,9,Schwann cells,580,869.0
Neo_Beads_TGTAAATGCATA,Neo_Beads,Neonatal_Beads,12,Schwann cells,525,705.0
Neo_Beads_TTAGCGATCGAG,Neo_Beads,Neonatal_Beads,2,Schwann cells,526,724.0
Neo_Beads_TATTCCAACGAA,Neo_Beads,Neonatal_Beads,9,Schwann cells,498,697.0
Neo_Beads_TCTTTCCGCAAC,Neo_Beads,Neonatal_Beads,17,Schwann cells,506,721.0
Neo_Beads_TTGCGTTTAGAC,Neo_Beads,Neonatal_Beads,10,Schwann cells,660,955.0
Neo_Beads_CCCTTGACCCGA,Neo_Beads,Neonatal_Beads,7,Pericytes/VSM,447,568.0
Neo_Beads_CGTCGCACGTAC,Neo_Beads,Neonatal_Beads,2,Schwann cells,642,825.0
Neo_Beads_AACCTTGTAGTC,Neo_Beads,Neonatal_Beads,10,Schwann cells,589,841.0
Neo_Beads_CACCCCGAATAT,Neo_Beads,Neonatal_Beads,17,Schwann cells,575,782.0
Neo_Beads_TTGACCTAAAAA,Neo_Beads,Neonatal_Beads,3,Mesenchymal cells,412,565.0
Neo_Beads_CGTCTGGTGGCT,Neo_Beads,Neonatal_Beads,0,Mesenchymal cells,429,613.0
Neo_Beads_GCATAGTAAGTG,Neo_Beads,Neonatal_Beads,9,Schwann cells,535,699.0
Neo_Beads_ACTGCTATATCA,Neo_Beads,Neonatal_Beads,9,Schwann cells,565,766.0
Neo_Beads_GTTGTCGCTAGT,Neo_Beads,Neonatal_Beads,9,Schwann cells,526,746.0
Neo_Beads_TAGTGTCGTTGG,Neo_Beads,Neonatal_Beads,10,Schwann cells,632,993.0
Neo_Beads_TGCACTGACATG,Neo_Beads,Neonatal_Beads,9,Schwann cells,556,722.0
Neo_Beads_ATTCATGTCAAA,Neo_Beads,Neonatal_Beads,10,Schwann cells,508,682.0
Neo_Beads_GGAGTAGTAACC,Neo_Beads,Neonatal_Beads,9,Schwann cells,529,688.0
Neo_Beads_ACGATTTGCCAC,Neo_Beads,Neonatal_Beads,2,Schwann cells,742,1044.0
Neo_Beads_TAAAACCGTCGT,Neo_Beads,Neonatal_Beads,10,Schwann cells,725,1068.0
Neo_Beads_GGTCAAGTTTTC,Neo_Beads,Neonatal_Beads,9,Schwann cells,613,875.0
Neo_Beads_CGGTAATGGCTT,Neo_Beads,Neonatal_Beads,2,Schwann cells,536,743.0
Neo_Beads_TGTAAAGGACAT,Neo_Beads,Neonatal_Beads,17,Schwann cells,661,872.0
Neo_Beads_CTTACTTACGTG,Neo_Beads,Neonatal_Beads,9,Schwann cells,545,799.0
Neo_Beads_TTCTCCCAGCCG,Neo_Beads,Neonatal_Beads,10,Schwann cells,526,689.0
Neo_Beads_ATACTGTTGAAC,Neo_Beads,Neonatal_Beads,2,Schwann cells,676,912.0
Neo_Beads_GGCATCCGCGTG,Neo_Beads,Neonatal_Beads,5,Endothelial cells,544,727.0
Neo_Beads_ACGCGCATGTAC,Neo_Beads,Neonatal_Beads,10,Schwann cells,641,986.0
Neo_Beads_TATTCAGCCTCT,Neo_Beads,Neonatal_Beads,0,Mesenchymal cells,601,1059.0
Neo_Beads_GAGACCTTATAA,Neo_Beads,Neonatal_Beads,2,Schwann cells,661,872.0
Neo_Beads_AGGGAATTATTC,Neo_Beads,Neonatal_Beads,7,Pericytes/VSM,607,796.0
Neo_Beads_CGTCGCGAATAG,Neo_Beads,Neonatal_Beads,0,Mesenchymal cells,636,1059.0
Neo_Beads_CTTGAAGTATTG,Neo_Beads,Neonatal_Beads,9,Schwann cells,506,713.0
Neo_Beads_ACGTATTCATAG,Neo_Beads,Neonatal_Beads,9,Schwann cells,582,818.0
Neo_Beads_CCGGAGACCGAA,Neo_Beads,Neonatal_Beads,0,Mesenchymal cells,415,584.0
Neo_Beads_CCACACCATAAC,Neo_Beads,Neonatal_Beads,9,Schwann cells,545,723.0
Neo_Beads_TTCCTGAGCGGC,Neo_Beads,Neonatal_Beads,9,Schwann cells,493,637.0
Neo_Beads_AGTACGGGATAG,Neo_Beads,Neonatal_Beads,2,Schwann cells,721,1034.0
Neo_Beads_CTACACCTGCTC,Neo_Beads,Neonatal_Beads,9,Schwann cells,588,855.0
Neo_Beads_TGATCCCCACGA,Neo_Beads,Neonatal_Beads,7,Pericytes/VSM,579,869.0
Neo_Beads_CTCCGCGGCTGA,Neo_Beads,Neonatal_Beads,1,Mesenchymal cells,706,1233.0
Neo_Beads_AAATTATCTCTT,Neo_Beads,Neonatal_Beads,9,Schwann cells,605,819.0
Neo_Beads_GGTGGTCTAATT,Neo_Beads,Neonatal_Beads,9,Schwann cells,628,879.0
Neo_Beads_ACTTTACTAAGC,Neo_Beads,Neonatal_Beads,9,Schwann cells,610,878.0
Neo_Beads_GCCCCGCGGGGG,Neo_Beads,Neonatal_Beads,10,Schwann cells,477,658.0
Neo_Beads_ATCCTGGCCTTA,Neo_Beads,Neonatal_Beads,13,Endothelial cells,582,831.0
Neo_Beads_CATGAGTGTGAG,Neo_Beads,Neonatal_Beads,0,Mesenchymal cells,431,858.0
Neo_Beads_AGTCAAGATAGC,Neo_Beads,Neonatal_Beads,7,Pericytes/VSM,516,719.0
Neo_Beads_GATAAAGGGGTA,Neo_Beads,Neonatal_Beads,10,Schwann cells,623,826.0
Neo_Beads_CTGTAGAGGAAG,Neo_Beads,Neonatal_Beads,7,Pericytes/VSM,502,677.0
Neo_Beads_AAGTGACGAGCG,Neo_Beads,Neonatal_Beads,9,Schwann cells,484,630.0
Neo_Beads_GCCTATCTTGCC,Neo_Beads,Neonatal_Beads,10,Schwann cells,524,693.0
Neo_Beads_TCGCAGTTTCGT,Neo_Beads,Neonatal_Beads,9,Schwann cells,585,842.0
Neo_Beads_TGTGCGATCGGA,Neo_Beads,Neonatal_Beads,9,Schwann cells,698,974.0
Neo_Beads_CCCAAATGTTTT,Neo_Beads,Neonatal_Beads,9,Schwann cells,247,331.0
Neo_Beads_CTTGTATCACTA,Neo_Beads,Neonatal_Beads,2,Schwann cells,622,827.0
Neo_Beads_GATGATATATTA,Neo_Beads,Neonatal_Beads,10,Schwann cells,565,755.0
Neo_Beads_AGTACTTGTATC,Neo_Beads,Neonatal_Beads,7,Pericytes/VSM,552,731.0
Neo_Beads_TGGGCTCCAATT,Neo_Beads,Neonatal_Beads,10,Schwann cells,610,861.0
Neo_Beads_GTCAGGTACATT,Neo_Beads,Neonatal_Beads,17,Schwann cells,532,729.0
Neo_Beads_CTTACTCCAGCG,Neo_Beads,Neonatal_Beads,7,Pericytes/VSM,613,1052.0
Neo_Beads_AACTTATAACCG,Neo_Beads,Neonatal_Beads,10,Schwann cells,614,871.0
Neo_Beads_AGTGACGGTACG,Neo_Beads,Neonatal_Beads,4,Endothelial cells,421,624.0
Neo_Beads_GCATTGTTGCGT,Neo_Beads,Neonatal_Beads,12,Schwann cells,618,880.0
Neo_Beads_GCACTCGACGCC,Neo_Beads,Neonatal_Beads,12,Schwann cells,601,829.0
Neo_Beads_GACCTCCGGCTC,Neo_Beads,Neonatal_Beads,9,Schwann cells,568,914.0
Neo_Beads_AGGTACTACATT,Neo_Beads,Neonatal_Beads,7,Pericytes/VSM,573,816.0
Neo_Beads_CGGGGTCATCAA,Neo_Beads,Neonatal_Beads,9,Schwann cells,740,1192.0
Neo_Beads_AAGATGCGGAGA,Neo_Beads,Neonatal_Beads,12,Schwann cells,605,872.0
Neo_Beads_GCTCTGAAGTTT,Neo_Beads,Neonatal_Beads,10,Schwann cells,545,771.0
Neo_Beads_GCCCTACCTGGA,Neo_Beads,Neonatal_Beads,4,Endothelial cells,621,981.0
Neo_Beads_ACAGGATAACTT,Neo_Beads,Neonatal_Beads,9,Schwann cells,512,704.0
Neo_Beads_AGATACTACCGG,Neo_Beads,Neonatal_Beads,10,Schwann cells,609,793.0
Neo_Beads_TCTTAAACTCAC,Neo_Beads,Neonatal_Beads,9,Schwann cells,542,803.0
Neo_Beads_CCACGGTCGTGG,Neo_Beads,Neonatal_Beads,10,Schwann cells,669,1044.0
Neo_Beads_CTAAATGCTCTC,Neo_Beads,Neonatal_Beads,17,Schwann cells,578,783.0
Neo_Beads_TCGGGGGTCAGA,Neo_Beads,Neonatal_Beads,9,Schwann cells,542,762.0
Neo_Beads_TTAACCCCCAGG,Neo_Beads,Neonatal_Beads,10,Schwann cells,530,708.0
Neo_Beads_GAAGGGTAGGCC,Neo_Beads,Neonatal_Beads,10,Schwann cells,568,757.0
Neo_Beads_TGTCGACGGTCA,Neo_Beads,Neonatal_Beads,1,Mesenchymal cells,336,591.0
Neo_Beads_AGCGCGTTCAAT,Neo_Beads,Neonatal_Beads,9,Schwann cells,530,688.0
Neo_Beads_AACCTGAGGGCA,Neo_Beads,Neonatal_Beads,13,Endothelial cells,366,535.0
Neo_Beads_ACTGAGACCGTT,Neo_Beads,Neonatal_Beads,2,Schwann cells,608,857.0
Neo_Beads_CACACGTCGGGC,Neo_Beads,Neonatal_Beads,9,Schwann cells,642,941.0
Neo_Beads_AATCTGAACGGG,Neo_Beads,Neonatal_Beads,17,Schwann cells,532,689.0
Neo_Beads_GTCTTGGAGTCA,Neo_Beads,Neonatal_Beads,3,Mesenchymal cells,462,627.0
Neo_Beads_CTTCCGCACGCC,Neo_Beads,Neonatal_Beads,9,Schwann cells,524,720.0
Neo_Beads_GTGGTCGTATAA,Neo_Beads,Neonatal_Beads,9,Schwann cells,573,791.0
Neo_Beads_CTTATGCGATAG,Neo_Beads,Neonatal_Beads,9,Schwann cells,541,732.0
Neo_Beads_TACATCCTCTGT,Neo_Beads,Neonatal_Beads,9,Schwann cells,496,670.0
Neo_Beads_TCATCGACAACC,Neo_Beads,Neonatal_Beads,7,Pericytes/VSM,517,686.0
Neo_Beads_AGTTAACGACAA,Neo_Beads,Neonatal_Beads,3,Mesenchymal cells,536,779.0
Neo_Beads_TACGAACTCGAC,Neo_Beads,Neonatal_Beads,10,Schwann cells,620,849.0
Neo_Beads_CCTTCTGCTCCC,Neo_Beads,Neonatal_Beads,9,Schwann cells,741,1119.0
Neo_Beads_TAGCTGCCGTTT,Neo_Beads,Neonatal_Beads,10,Schwann cells,523,736.0
Neo_Beads_CGAGTTTGCAGA,Neo_Beads,Neonatal_Beads,7,Pericytes/VSM,426,669.0
Neo_Beads_TAAAAGGAGATC,Neo_Beads,Neonatal_Beads,10,Schwann cells,472,633.0
Neo_Beads_TAATACTCTAGC,Neo_Beads,Neonatal_Beads,10,Schwann cells,565,755.0
Neo_Beads_CTTCAAGAAAAG,Neo_Beads,Neonatal_Beads,10,Schwann cells,511,673.0
Neo_Beads_TGTCACGGTGGA,Neo_Beads,Neonatal_Beads,12,Schwann cells,559,782.0
Neo_Beads_CGAAGGGCGAAC,Neo_Beads,Neonatal_Beads,12,Schwann cells,551,765.0
Neo_Beads_AGGTGTTGACAA,Neo_Beads,Neonatal_Beads,7,Pericytes/VSM,597,835.0
Neo_Beads_AGAACTTGCCGT,Neo_Beads,Neonatal_Beads,10,Schwann cells,619,899.0
Neo_Beads_TGGAATCCCTGA,Neo_Beads,Neonatal_Beads,12,Schwann cells,530,708.0
Neo_Beads_AGTTAAGAGAGT,Neo_Beads,Neonatal_Beads,6,Endothelial cells,588,980.0
Neo_Beads_GTCTCGCTTCCA,Neo_Beads,Neonatal_Beads,9,Schwann cells,611,911.0
Neo_Beads_CCCGGAATTTAA,Neo_Beads,Neonatal_Beads,10,Schwann cells,514,733.0
Neo_Beads_CTCACGTCTGGT,Neo_Beads,Neonatal_Beads,9,Schwann cells,552,754.0
Neo_Beads_GCTCAGGAGGCG,Neo_Beads,Neonatal_Beads,9,Schwann cells,561,834.0
Neo_Beads_GTACGCCCTTGA,Neo_Beads,Neonatal_Beads,0,Mesenchymal cells,311,621.0
Neo_Beads_GGAGTTCATAGG,Neo_Beads,Neonatal_Beads,9,Schwann cells,576,822.0
Neo_Beads_AAAGATCCCGAA,Neo_Beads,Neonatal_Beads,2,Schwann cells,541,701.0
Neo_Beads_TGGTTTCTAGGG,Neo_Beads,Neonatal_Beads,10,Schwann cells,700,1002.0
Neo_Beads_GGTAAGAATTGG,Neo_Beads,Neonatal_Beads,9,Schwann cells,493,644.0
Neo_Beads_TGATGTTGCTCT,Neo_Beads,Neonatal_Beads,10,Schwann cells,613,860.0
Neo_Beads_GGGCTACGCCTT,Neo_Beads,Neonatal_Beads,5,Endothelial cells,510,634.0
Neo_Beads_ATTATCGGAGCT,Neo_Beads,Neonatal_Beads,12,Schwann cells,524,734.0
Neo_Beads_CGCGTATTAGCT,Neo_Beads,Neonatal_Beads,10,Schwann cells,614,880.0
Neo_Beads_AAGTCGACTTTG,Neo_Beads,Neonatal_Beads,7,Pericytes/VSM,334,481.0
Neo_Beads_CACGTTGCTGCA,Neo_Beads,Neonatal_Beads,12,Schwann cells,612,893.0
Neo_Beads_TTGTTGCGAGAT,Neo_Beads,Neonatal_Beads,12,Schwann cells,624,932.0
Neo_Beads_ATCGTATAATAC,Neo_Beads,Neonatal_Beads,1,Mesenchymal cells,402,623.0
Neo_Beads_GGGCCTCGCCTT,Neo_Beads,Neonatal_Beads,10,Schwann cells,604,855.0
Neo_Beads_AACGGGTCAAAG,Neo_Beads,Neonatal_Beads,6,Endothelial cells,467,628.0
Neo_Beads_GACGTCGTAGTG,Neo_Beads,Neonatal_Beads,9,Schwann cells,545,762.0
Neo_Beads_TCATAGATACTT,Neo_Beads,Neonatal_Beads,10,Schwann cells,498,662.0
Neo_Beads_TACTTCATGCTA,Neo_Beads,Neonatal_Beads,9,Schwann cells,535,756.0
Neo_Beads_TAGTGGGAGACC,Neo_Beads,Neonatal_Beads,10,Schwann cells,612,846.0
Neo_Beads_GTTTGCATATGT,Neo_Beads,Neonatal_Beads,10,Schwann cells,630,878.0
Neo_Beads_GGGATTCGCCCA,Neo_Beads,Neonatal_Beads,9,Schwann cells,671,1053.0
Neo_Beads_TCGACGTGGGTA,Neo_Beads,Neonatal_Beads,9,Schwann cells,516,744.0
Neo_Beads_CACCAGATGTCC,Neo_Beads,Neonatal_Beads,10,Schwann cells,593,911.0
Neo_Beads_ACAATGATACAC,Neo_Beads,Neonatal_Beads,13,Endothelial cells,669,920.0
Neo_Beads_AACTCGGGACAT,Neo_Beads,Neonatal_Beads,13,Endothelial cells,471,778.0
Neo_Beads_AAGTATGGGTTA,Neo_Beads,Neonatal_Beads,9,Schwann cells,575,801.0
Neo_Beads_CGTCTATTACTG,Neo_Beads,Neonatal_Beads,9,Schwann cells,550,748.0
Neo_Beads_AGGAGAGAGCCC,Neo_Beads,Neonatal_Beads,10,Schwann cells,597,810.0
Neo_Beads_TTTGATACCGGA,Neo_Beads,Neonatal_Beads,9,Schwann cells,611,763.0
Neo_Beads_CGTAGCTGAGTG,Neo_Beads,Neonatal_Beads,7,Pericytes/VSM,336,423.0
Neo_Beads_AGATCCGTATTC,Neo_Beads,Neonatal_Beads,9,Schwann cells,481,671.0
Neo_Beads_GTGTCCCGTAAA,Neo_Beads,Neonatal_Beads,10,Schwann cells,588,811.0
Neo_Beads_AGGCGATGATTA,Neo_Beads,Neonatal_Beads,9,Schwann cells,656,923.0
Neo_Beads_ACGCTATCACTA,Neo_Beads,Neonatal_Beads,12,Schwann cells,657,1001.0
Neo_Beads_TTGGCTGGCCAC,Neo_Beads,Neonatal_Beads,12,Schwann cells,610,927.0
Neo_Beads_ATTTTTGGCGAA,Neo_Beads,Neonatal_Beads,10,Schwann cells,347,415.0
Neo_Beads_GTGCGCGTCGGA,Neo_Beads,Neonatal_Beads,10,Schwann cells,571,786.0
Neo_Beads_CCGTCTACTACA,Neo_Beads,Neonatal_Beads,7,Pericytes/VSM,541,763.0
Neo_Beads_CCTTAGAATGAA,Neo_Beads,Neonatal_Beads,17,Schwann cells,453,612.0
Neo_Beads_ATTGCAAATCGA,Neo_Beads,Neonatal_Beads,9,Schwann cells,483,640.0
Neo_Beads_TAGACTTGATTT,Neo_Beads,Neonatal_Beads,3,Mesenchymal cells,537,827.0
Neo_Beads_ACTCGACGACGT,Neo_Beads,Neonatal_Beads,10,Schwann cells,556,699.0
Neo_Beads_CCGGGTTGGCGG,Neo_Beads,Neonatal_Beads,9,Schwann cells,655,1006.0
Neo_Beads_ACTCTACGCCTC,Neo_Beads,Neonatal_Beads,10,Schwann cells,620,833.0
Neo_Beads_CGGAGCTCATGT,Neo_Beads,Neonatal_Beads,17,Schwann cells,622,980.0
Neo_Beads_TGGTTCAGCTAT,Neo_Beads,Neonatal_Beads,10,Schwann cells,618,922.0
Neo_Beads_GAAGGTAACTTC,Neo_Beads,Neonatal_Beads,0,Mesenchymal cells,521,767.0
Neo_Beads_AGCTAAGGAGCC,Neo_Beads,Neonatal_Beads,12,Schwann cells,347,520.0
Neo_Beads_GTGCTCACTATG,Neo_Beads,Neonatal_Beads,9,Schwann cells,647,915.0
Neo_Beads_GCCGGCTAAGGC,Neo_Beads,Neonatal_Beads,9,Schwann cells,701,1035.0
Neo_Beads_GGAAAAACTATA,Neo_Beads,Neonatal_Beads,0,Mesenchymal cells,497,766.0
Neo_Beads_CGACGTCCGGGT,Neo_Beads,Neonatal_Beads,12,Schwann cells,661,1043.0
Neo_Beads_AAGGACAGCGGT,Neo_Beads,Neonatal_Beads,7,Pericytes/VSM,640,977.0
Neo_Beads_CTGTGGCCCGAN,Neo_Beads,Neonatal_Beads,10,Schwann cells,517,740.0
Neo_Beads_TGAACAAGCCGA,Neo_Beads,Neonatal_Beads,10,Schwann cells,586,813.0
Neo_Beads_CTCCTTGACAAG,Neo_Beads,Neonatal_Beads,9,Schwann cells,596,856.0
Neo_Beads_GGCACTCGACGA,Neo_Beads,Neonatal_Beads,9,Schwann cells,568,825.0
Neo_Beads_TAACATTCTATA,Neo_Beads,Neonatal_Beads,9,Schwann cells,470,606.0
Neo_Beads_TGAGTCAAAGCA,Neo_Beads,Neonatal_Beads,9,Schwann cells,569,738.0
Neo_Beads_ATCGTGAGGCGT,Neo_Beads,Neonatal_Beads,9,Schwann cells,661,955.0
Neo_Beads_TCTCTAAGGCGC,Neo_Beads,Neonatal_Beads,9,Schwann cells,508,707.0
Neo_Beads_GAATTCCTACAT,Neo_Beads,Neonatal_Beads,9,Schwann cells,442,600.0
Neo_Beads_TTTTTTGGGCAA,Neo_Beads,Neonatal_Beads,1,Mesenchymal cells,413,607.0
Neo_Beads_TTAGTCGGCTAN,Neo_Beads,Neonatal_Beads,17,Schwann cells,570,794.0
Neo_Beads_GTTAGGCGTTCC,Neo_Beads,Neonatal_Beads,10,Schwann cells,506,666.0
Neo_Beads_AGAAGTGTGCTT,Neo_Beads,Neonatal_Beads,9,Schwann cells,605,841.0
Neo_Beads_CGTCTGCACGTT,Neo_Beads,Neonatal_Beads,13,Endothelial cells,513,753.0
Neo_Beads_GGTCAATTGGGA,Neo_Beads,Neonatal_Beads,10,Schwann cells,511,678.0
Neo_Beads_TAGTGAGTTGTG,Neo_Beads,Neonatal_Beads,9,Schwann cells,548,795.0
Neo_Beads_CGGGCAAAGCGG,Neo_Beads,Neonatal_Beads,9,Schwann cells,660,1053.0
Neo_Beads_ATTCCATATTCC,Neo_Beads,Neonatal_Beads,0,Mesenchymal cells,486,735.0
Neo_Beads_TAGGAAGACTTG,Neo_Beads,Neonatal_Beads,10,Schwann cells,513,681.0
Neo_Beads_TTTCCGAGCTTG,Neo_Beads,Neonatal_Beads,10,Schwann cells,685,1019.0
Neo_Beads_CTTAAATTATAA,Neo_Beads,Neonatal_Beads,9,Schwann cells,533,698.0
Neo_Beads_TACCCACCTTTC,Neo_Beads,Neonatal_Beads,17,Schwann cells,492,665.0
Neo_Beads_GCGCAGCTCCTA,Neo_Beads,Neonatal_Beads,2,Schwann cells,590,904.0
Neo_Beads_AGCGCGATCAAG,Neo_Beads,Neonatal_Beads,9,Schwann cells,506,720.0
Neo_Beads_ACTGTCTTGATG,Neo_Beads,Neonatal_Beads,7,Pericytes/VSM,672,1011.0
Neo_Beads_TGCGTCCTGACC,Neo_Beads,Neonatal_Beads,10,Schwann cells,615,848.0
Neo_Beads_CTTTAGTAATCT,Neo_Beads,Neonatal_Beads,9,Schwann cells,502,687.0
Neo_Beads_TAGATTATCCGA,Neo_Beads,Neonatal_Beads,12,Schwann cells,577,784.0
Neo_Beads_AAGAGCGGTTAC,Neo_Beads,Neonatal_Beads,9,Schwann cells,627,877.0
Neo_Beads_GACGGACTCGGA,Neo_Beads,Neonatal_Beads,9,Schwann cells,518,674.0
Neo_Beads_CTACGTTAACAA,Neo_Beads,Neonatal_Beads,10,Schwann cells,440,579.0
Neo_Beads_TAACCATGAATT,Neo_Beads,Neonatal_Beads,10,Schwann cells,479,613.0
Neo_Beads_ATTCAATGTCTT,Neo_Beads,Neonatal_Beads,0,Mesenchymal cells,573,922.0
Neo_Beads_TCTTTGATGGAG,Neo_Beads,Neonatal_Beads,12,Schwann cells,545,745.0
Neo_Beads_TAAGTGTGGGAG,Neo_Beads,Neonatal_Beads,2,Schwann cells,514,704.0
Neo_Beads_ATAAGACGAGAA,Neo_Beads,Neonatal_Beads,9,Schwann cells,548,756.0
Neo_Beads_GCCGATGTGCTA,Neo_Beads,Neonatal_Beads,10,Schwann cells,631,855.0
Neo_Beads_GAGCCTGTGGTT,Neo_Beads,Neonatal_Beads,9,Schwann cells,537,707.0
Neo_Beads_GTGAGGATAGAG,Neo_Beads,Neonatal_Beads,7,Pericytes/VSM,574,864.0
Neo_Beads_GATCTGCCGTAC,Neo_Beads,Neonatal_Beads,10,Schwann cells,542,725.0
Neo_Beads_TTAGTTCGGCGT,Neo_Beads,Neonatal_Beads,9,Schwann cells,491,647.0
Neo_Beads_TACGTTTTTTTA,Neo_Beads,Neonatal_Beads,17,Schwann cells,463,662.0
Neo_Beads_GCAACAACCGGG,Neo_Beads,Neonatal_Beads,9,Schwann cells,490,686.0
Neo_Beads_CCTGCGGGGAAC,Neo_Beads,Neonatal_Beads,9,Schwann cells,449,581.0
Neo_Beads_CGGGATTTTACA,Neo_Beads,Neonatal_Beads,9,Schwann cells,610,804.0
Neo_Beads_GATGCGTTAAAT,Neo_Beads,Neonatal_Beads,4,Endothelial cells,504,814.0
Neo_Beads_GTCCATCGACTA,Neo_Beads,Neonatal_Beads,2,Schwann cells,480,554.0
Neo_Beads_AGATTCACTTAC,Neo_Beads,Neonatal_Beads,17,Schwann cells,653,898.0
Neo_Beads_CAAGCCGGAATG,Neo_Beads,Neonatal_Beads,0,Mesenchymal cells,456,647.0
Neo_Beads_AAGCCCTAGCCC,Neo_Beads,Neonatal_Beads,9,Schwann cells,787,1225.0
Neo_Beads_ATCAACGGCCTT,Neo_Beads,Neonatal_Beads,10,Schwann cells,470,629.0
Neo_Beads_AATACGGTATGC,Neo_Beads,Neonatal_Beads,9,Schwann cells,647,964.0
Neo_Beads_TACCTACGCGAA,Neo_Beads,Neonatal_Beads,9,Schwann cells,519,699.0
Neo_Beads_TGGATGTTACTG,Neo_Beads,Neonatal_Beads,7,Pericytes/VSM,648,941.0
Neo_Beads_CACATGTTTCCA,Neo_Beads,Neonatal_Beads,17,Schwann cells,525,733.0
Neo_Beads_GGCCGTAAGAGG,Neo_Beads,Neonatal_Beads,10,Schwann cells,566,835.0
Neo_Beads_GCTGCTTTGTAG,Neo_Beads,Neonatal_Beads,10,Schwann cells,598,896.0
Neo_Beads_GTTGGACAAAAC,Neo_Beads,Neonatal_Beads,12,Schwann cells,560,720.0
Neo_Beads_AAGTTTCCCTCA,Neo_Beads,Neonatal_Beads,10,Schwann cells,529,721.0
Neo_Beads_ATACCACGATTC,Neo_Beads,Neonatal_Beads,10,Schwann cells,559,801.0
Neo_Beads_CTTTAGCCCCCA,Neo_Beads,Neonatal_Beads,6,Endothelial cells,580,923.0
Neo_Beads_AAAGCGAGGGGC,Neo_Beads,Neonatal_Beads,3,Mesenchymal cells,512,696.0
Neo_Beads_CAAGCTATGTAA,Neo_Beads,Neonatal_Beads,10,Schwann cells,560,729.0
Neo_Beads_TTATGAGCTCCC,Neo_Beads,Neonatal_Beads,10,Schwann cells,615,838.0
Neo_Beads_ATTGTATGGCTG,Neo_Beads,Neonatal_Beads,0,Mesenchymal cells,342,977.0
Neo_Beads_AAAACTATCCCT,Neo_Beads,Neonatal_Beads,9,Schwann cells,427,559.0
Neo_Beads_AAGAATTATCTG,Neo_Beads,Neonatal_Beads,10,Schwann cells,503,665.0
Neo_Beads_TTTGATGCAGAA,Neo_Beads,Neonatal_Beads,12,Schwann cells,573,800.0
Neo_Beads_TGACGGTGTCGG,Neo_Beads,Neonatal_Beads,10,Schwann cells,616,874.0
Neo_Beads_AAAGCAAGATAG,Neo_Beads,Neonatal_Beads,0,Mesenchymal cells,326,509.0
Neo_Beads_TTGCAAGACCTG,Neo_Beads,Neonatal_Beads,7,Pericytes/VSM,555,766.0
Neo_Beads_ACTTAAAGTCTC,Neo_Beads,Neonatal_Beads,9,Schwann cells,518,716.0
Neo_Beads_CCGCTGCTGTCT,Neo_Beads,Neonatal_Beads,10,Schwann cells,630,934.0
Neo_Beads_AAGGATGCGCTA,Neo_Beads,Neonatal_Beads,10,Schwann cells,555,768.0
Neo_Beads_AGTTACCATCCC,Neo_Beads,Neonatal_Beads,10,Schwann cells,502,654.0
Neo_Beads_CAATTCGTACAG,Neo_Beads,Neonatal_Beads,9,Schwann cells,491,700.0
Neo_Beads_GTCGGTGCCGGT,Neo_Beads,Neonatal_Beads,17,Schwann cells,530,724.0
Neo_Beads_TCCAATCATGAA,Neo_Beads,Neonatal_Beads,4,Endothelial cells,626,895.0
Neo_Beads_TGCACGGTCCAG,Neo_Beads,Neonatal_Beads,10,Schwann cells,702,1043.0
Neo_Beads_ATCCGGAGGTCA,Neo_Beads,Neonatal_Beads,10,Schwann cells,567,810.0
Neo_Beads_ACGCGGGAAAGG,Neo_Beads,Neonatal_Beads,10,Schwann cells,520,782.0
Neo_Beads_CTGTATTCCTGA,Neo_Beads,Neonatal_Beads,9,Schwann cells,603,801.0
Neo_Beads_ACCCTATGCAAA,Neo_Beads,Neonatal_Beads,10,Schwann cells,545,717.0
Neo_Beads_TCTAAGCCCGGT,Neo_Beads,Neonatal_Beads,2,Schwann cells,510,745.0
Neo_Beads_GCTAGCGAAAAT,Neo_Beads,Neonatal_Beads,10,Schwann cells,587,802.0
Neo_Beads_TCTAGCTAGAGC,Neo_Beads,Neonatal_Beads,3,Mesenchymal cells,429,656.0
Neo_Beads_GTACGAGTGTGC,Neo_Beads,Neonatal_Beads,13,Endothelial cells,620,1010.0
Neo_Beads_GGACCTTAGTAC,Neo_Beads,Neonatal_Beads,9,Schwann cells,673,915.0
Neo_Beads_AGCTCGGTAAGC,Neo_Beads,Neonatal_Beads,10,Schwann cells,555,815.0
Neo_Beads_TGATCACGTTTT,Neo_Beads,Neonatal_Beads,10,Schwann cells,528,649.0
Neo_Beads_TTGAGACGTTAA,Neo_Beads,Neonatal_Beads,9,Schwann cells,567,820.0
Neo_Beads_TGGGAAAACACT,Neo_Beads,Neonatal_Beads,2,Schwann cells,490,629.0
Neo_Beads_TCCCGGTGGTTG,Neo_Beads,Neonatal_Beads,10,Schwann cells,536,748.0
Neo_Beads_GGTATAAATTAA,Neo_Beads,Neonatal_Beads,9,Schwann cells,574,765.0
Neo_Beads_CTCGCATAGTTC,Neo_Beads,Neonatal_Beads,10,Schwann cells,630,947.0
Neo_Beads_GATCTGGCGCAA,Neo_Beads,Neonatal_Beads,9,Schwann cells,644,1000.0
Neo_Beads_AAGCCTGGAGAG,Neo_Beads,Neonatal_Beads,1,Mesenchymal cells,343,585.0
Neo_Beads_GGAGCGAAATAT,Neo_Beads,Neonatal_Beads,2,Schwann cells,565,786.0
Neo_Beads_TAATGTAACATC,Neo_Beads,Neonatal_Beads,17,Schwann cells,378,484.0
Neo_Beads_ATAGTTTAGGTC,Neo_Beads,Neonatal_Beads,9,Schwann cells,624,886.0
Neo_Beads_CCGATCATGGGT,Neo_Beads,Neonatal_Beads,3,Mesenchymal cells,570,856.0
Neo_Beads_ACCGTGCTATTC,Neo_Beads,Neonatal_Beads,10,Schwann cells,628,867.0
Neo_Beads_TTCAAAGAAGCC,Neo_Beads,Neonatal_Beads,17,Schwann cells,553,769.0
Neo_Beads_AAAATCAGCCAA,Neo_Beads,Neonatal_Beads,10,Schwann cells,585,792.0
Neo_Beads_CCATACCATACG,Neo_Beads,Neonatal_Beads,10,Schwann cells,624,867.0
Neo_Beads_CCCAGGGTAACT,Neo_Beads,Neonatal_Beads,4,Endothelial cells,470,604.0
Neo_Beads_GCGTGGGTTTGG,Neo_Beads,Neonatal_Beads,12,Schwann cells,626,958.0
Neo_Beads_GACGCGAAGGCG,Neo_Beads,Neonatal_Beads,17,Schwann cells,422,835.0
Neo_Beads_CAACCACAACTG,Neo_Beads,Neonatal_Beads,9,Schwann cells,438,582.0
Neo_Beads_TCCCTATTCAAC,Neo_Beads,Neonatal_Beads,12,Schwann cells,552,751.0
Neo_Beads_CACGGATACATA,Neo_Beads,Neonatal_Beads,2,Schwann cells,597,844.0
Neo_Beads_GTTTCGTAAGGG,Neo_Beads,Neonatal_Beads,10,Schwann cells,488,655.0
Neo_Beads_TGGGTTACTACT,Neo_Beads,Neonatal_Beads,12,Schwann cells,658,873.0
Neo_Beads_AAATAGAAGTCC,Neo_Beads,Neonatal_Beads,10,Schwann cells,487,645.0
Neo_Beads_GTTCGCTGGGAA,Neo_Beads,Neonatal_Beads,0,Mesenchymal cells,486,910.0
Neo_Beads_TCGACGGACTAT,Neo_Beads,Neonatal_Beads,9,Schwann cells,535,716.0
Neo_Beads_GCTTGGGGAGTT,Neo_Beads,Neonatal_Beads,9,Schwann cells,722,1082.0
Neo_Beads_GTATATACGGCG,Neo_Beads,Neonatal_Beads,13,Endothelial cells,647,1026.0
Neo_Beads_CTACTGGTTGTC,Neo_Beads,Neonatal_Beads,0,Mesenchymal cells,360,648.0
Neo_Beads_TCACCTACAAAA,Neo_Beads,Neonatal_Beads,3,Mesenchymal cells,373,548.0
Neo_Beads_CTTCTGACAATT,Neo_Beads,Neonatal_Beads,9,Schwann cells,544,751.0
Neo_Beads_GTGCGACCAACA,Neo_Beads,Neonatal_Beads,9,Schwann cells,554,733.0
Neo_Beads_CGCGTGGAGGTC,Neo_Beads,Neonatal_Beads,7,Pericytes/VSM,665,1070.0
Neo_Beads_CATACTATATCG,Neo_Beads,Neonatal_Beads,10,Schwann cells,633,832.0
Neo_Beads_CTGAGATCACGC,Neo_Beads,Neonatal_Beads,10,Schwann cells,502,679.0
Neo_Beads_TGCGTTCCGTTC,Neo_Beads,Neonatal_Beads,9,Schwann cells,633,947.0
Neo_Beads_TGGGTCTAGGAG,Neo_Beads,Neonatal_Beads,10,Schwann cells,671,991.0
Neo_Beads_CAGTTTACGACA,Neo_Beads,Neonatal_Beads,7,Pericytes/VSM,486,653.0
Neo_Beads_TCTCCATTATAG,Neo_Beads,Neonatal_Beads,10,Schwann cells,658,912.0
Neo_Beads_GCGGCTTATTGT,Neo_Beads,Neonatal_Beads,6,Endothelial cells,602,829.0
Neo_Beads_GAATGCAGATCG,Neo_Beads,Neonatal_Beads,9,Schwann cells,521,703.0
Neo_Beads_TGGGCTTCTTGT,Neo_Beads,Neonatal_Beads,12,Schwann cells,586,859.0
Neo_Beads_ACAACCTTGCAC,Neo_Beads,Neonatal_Beads,9,Schwann cells,547,726.0
Neo_Beads_CTCGTGACCCGT,Neo_Beads,Neonatal_Beads,10,Schwann cells,617,905.0
Neo_Beads_ATGACGCTGAAC,Neo_Beads,Neonatal_Beads,6,Endothelial cells,616,896.0
Neo_Beads_CATCAGTTTGTC,Neo_Beads,Neonatal_Beads,9,Schwann cells,568,766.0
Neo_Beads_GGCCCCCGCCTG,Neo_Beads,Neonatal_Beads,10,Schwann cells,565,813.0
Neo_Beads_TTCATCCCACTA,Neo_Beads,Neonatal_Beads,7,Pericytes/VSM,519,732.0
Neo_Beads_CCTCTGAAGTCG,Neo_Beads,Neonatal_Beads,0,Mesenchymal cells,321,464.0
Neo_Beads_ACTTAGGGTCGC,Neo_Beads,Neonatal_Beads,12,Schwann cells,503,692.0
Neo_Beads_GGCTAAGGAGTT,Neo_Beads,Neonatal_Beads,15,Macrophages,328,988.0
Neo_Beads_TTTTCGAAGCAC,Neo_Beads,Neonatal_Beads,4,Endothelial cells,497,699.0
Neo_Beads_TGCATATACAGT,Neo_Beads,Neonatal_Beads,9,Schwann cells,677,911.0
Neo_Beads_AAGCTCAACTAG,Neo_Beads,Neonatal_Beads,7,Pericytes/VSM,547,867.0
Neo_Beads_GTAGGGCCGGCT,Neo_Beads,Neonatal_Beads,10,Schwann cells,570,799.0
Neo_Beads_ACTCCATTATTC,Neo_Beads,Neonatal_Beads,7,Pericytes/VSM,445,620.0
Neo_Beads_CCCCTTTGACAG,Neo_Beads,Neonatal_Beads,10,Schwann cells,576,808.0
Neo_Beads_TCATAAACAACA,Neo_Beads,Neonatal_Beads,9,Schwann cells,490,645.0
Neo_Beads_AAGTTCTAACTA,Neo_Beads,Neonatal_Beads,9,Schwann cells,445,611.0
Neo_Beads_CCGGGATGCTTC,Neo_Beads,Neonatal_Beads,9,Schwann cells,509,702.0
Neo_Beads_AATCTCGAAGTA,Neo_Beads,Neonatal_Beads,10,Schwann cells,445,568.0
Neo_Beads_CGCGTGCAGAAA,Neo_Beads,Neonatal_Beads,9,Schwann cells,443,597.0
Neo_Beads_GTGGCTTGCTCG,Neo_Beads,Neonatal_Beads,9,Schwann cells,750,1190.0
Neo_Beads_CACTATCCTGGG,Neo_Beads,Neonatal_Beads,7,Pericytes/VSM,414,584.0
Neo_Beads_GGATTGTTATTT,Neo_Beads,Neonatal_Beads,17,Schwann cells,536,757.0
Neo_Beads_GTCGATACGCCT,Neo_Beads,Neonatal_Beads,9,Schwann cells,450,598.0
Neo_Beads_ATGAGGTAACAC,Neo_Beads,Neonatal_Beads,0,Mesenchymal cells,380,651.0
Neo_Beads_CATGAACTGAGG,Neo_Beads,Neonatal_Beads,10,Schwann cells,563,796.0
Neo_Beads_CACAGCCCTCCG,Neo_Beads,Neonatal_Beads,10,Schwann cells,691,1009.0
Neo_Beads_TTTACATATAGG,Neo_Beads,Neonatal_Beads,9,Schwann cells,548,756.0
Neo_Beads_GTATTCAAACGT,Neo_Beads,Neonatal_Beads,5,Endothelial cells,406,486.0
Neo_Beads_TCAACCCAACCA,Neo_Beads,Neonatal_Beads,10,Schwann cells,504,724.0
Neo_Beads_GTTATTCGGCGG,Neo_Beads,Neonatal_Beads,10,Schwann cells,528,789.0
Neo_Beads_CCGCCCATCCCG,Neo_Beads,Neonatal_Beads,10,Schwann cells,551,935.0
Neo_Beads_TCACGCTGTGTT,Neo_Beads,Neonatal_Beads,4,Endothelial cells,495,669.0
Neo_Beads_AAATCGGACCTA,Neo_Beads,Neonatal_Beads,10,Schwann cells,507,661.0
Neo_Beads_GCCTCTAAATCA,Neo_Beads,Neonatal_Beads,2,Schwann cells,318,926.0
Neo_Beads_TGAGCGCTAAGT,Neo_Beads,Neonatal_Beads,2,Schwann cells,548,699.0
Neo_Beads_ACTTGTTGCACG,Neo_Beads,Neonatal_Beads,7,Pericytes/VSM,414,537.0
Neo_Beads_CCTCGTACCCCT,Neo_Beads,Neonatal_Beads,1,Mesenchymal cells,614,1118.0
Neo_Beads_AAAGAGCCCTCG,Neo_Beads,Neonatal_Beads,9,Schwann cells,389,495.0
Neo_Beads_TTCGTTCCGCTG,Neo_Beads,Neonatal_Beads,7,Pericytes/VSM,499,691.0
Neo_Beads_CCGCGCGGTTCG,Neo_Beads,Neonatal_Beads,9,Schwann cells,570,823.0
Neo_Beads_CCGGACCATTCG,Neo_Beads,Neonatal_Beads,9,Schwann cells,468,655.0
Neo_Beads_GAGCGTGAGAAC,Neo_Beads,Neonatal_Beads,17,Schwann cells,450,604.0
Neo_Beads_CAAAAAGCGTCA,Neo_Beads,Neonatal_Beads,10,Schwann cells,449,588.0
Neo_Beads_TCCAATCTTGCA,Neo_Beads,Neonatal_Beads,9,Schwann cells,518,731.0
Neo_Beads_ACCGAAATGTCC,Neo_Beads,Neonatal_Beads,9,Schwann cells,347,495.0
Neo_Beads_GAATGGCTCCGG,Neo_Beads,Neonatal_Beads,2,Schwann cells,729,1048.0
Neo_Beads_CCAGGCCGCAAA,Neo_Beads,Neonatal_Beads,9,Schwann cells,459,681.0
Neo_Beads_GGTGGACGTAGC,Neo_Beads,Neonatal_Beads,2,Schwann cells,714,1252.0
Neo_Beads_ATATTGGCGCAT,Neo_Beads,Neonatal_Beads,12,Schwann cells,589,894.0
Neo_Beads_GGAGGGAGTCTA,Neo_Beads,Neonatal_Beads,9,Schwann cells,516,685.0
Neo_Beads_TGGATATTCAGA,Neo_Beads,Neonatal_Beads,10,Schwann cells,512,716.0
Neo_Beads_ATATCAACGCGA,Neo_Beads,Neonatal_Beads,9,Schwann cells,486,653.0
Neo_Beads_GTCGCTAGATTC,Neo_Beads,Neonatal_Beads,10,Schwann cells,538,818.0
Neo_Beads_ACTTTCTTAGCT,Neo_Beads,Neonatal_Beads,10,Schwann cells,444,622.0
Neo_Beads_CTTGCTCACTGG,Neo_Beads,Neonatal_Beads,2,Schwann cells,461,580.0
Neo_Beads_CCAAGTTCCGTG,Neo_Beads,Neonatal_Beads,5,Endothelial cells,493,710.0
Neo_Beads_CTTCCCAAATTA,Neo_Beads,Neonatal_Beads,10,Schwann cells,421,586.0
Neo_Beads_CACCATCAGATG,Neo_Beads,Neonatal_Beads,10,Schwann cells,436,592.0
Neo_Beads_CTGGTCCAAGTT,Neo_Beads,Neonatal_Beads,10,Schwann cells,499,720.0
Neo_Beads_CTAGGCTGACAT,Neo_Beads,Neonatal_Beads,10,Schwann cells,443,586.0
Neo_Beads_TTGCGTCAATGG,Neo_Beads,Neonatal_Beads,9,Schwann cells,513,756.0
Neo_Beads_TTGCCTTCACAT,Neo_Beads,Neonatal_Beads,3,Mesenchymal cells,447,657.0
Neo_Beads_AGAGGGAAATTT,Neo_Beads,Neonatal_Beads,0,Mesenchymal cells,565,889.0
Neo_Beads_GGGAGGCTAATC,Neo_Beads,Neonatal_Beads,0,Mesenchymal cells,403,688.0
Neo_Beads_TAGTTAGAGTGG,Neo_Beads,Neonatal_Beads,0,Mesenchymal cells,484,963.0
Neo_Beads_CTGTAATAAATA,Neo_Beads,Neonatal_Beads,9,Schwann cells,459,600.0
Neo_Beads_CTTGGCCTAAAT,Neo_Beads,Neonatal_Beads,17,Schwann cells,567,801.0
Neo_Beads_TGTATTAGGGCC,Neo_Beads,Neonatal_Beads,17,Schwann cells,561,771.0
Neo_Beads_AAGGATAACGCA,Neo_Beads,Neonatal_Beads,10,Schwann cells,609,821.0
Neo_Beads_GGAAGCACCGTA,Neo_Beads,Neonatal_Beads,2,Schwann cells,630,843.0
Neo_Beads_ATCAGCATGAAT,Neo_Beads,Neonatal_Beads,2,Schwann cells,501,664.0
Neo_Beads_GTACTTTTACCA,Neo_Beads,Neonatal_Beads,10,Schwann cells,455,590.0
Neo_Beads_GTAGGGGAACAG,Neo_Beads,Neonatal_Beads,12,Schwann cells,585,810.0
Neo_Beads_ACAGCATCCTTG,Neo_Beads,Neonatal_Beads,7,Pericytes/VSM,532,748.0
Neo_Beads_GTGGGAGCGTAG,Neo_Beads,Neonatal_Beads,9,Schwann cells,692,1084.0
Neo_Beads_TCTCTGTAATGG,Neo_Beads,Neonatal_Beads,10,Schwann cells,592,771.0
Neo_Beads_TGCCCAGTATTC,Neo_Beads,Neonatal_Beads,17,Schwann cells,521,686.0
Neo_Beads_GCTGAGTTTATT,Neo_Beads,Neonatal_Beads,3,Mesenchymal cells,317,531.0
Neo_Beads_GTGGCAAAATAC,Neo_Beads,Neonatal_Beads,2,Schwann cells,522,732.0
Neo_Beads_CAAGGTTGAGTC,Neo_Beads,Neonatal_Beads,0,Mesenchymal cells,453,687.0
Neo_Beads_CATGTCGGCCAG,Neo_Beads,Neonatal_Beads,6,Endothelial cells,585,873.0
Neo_Beads_CGTAATGGTCAT,Neo_Beads,Neonatal_Beads,9,Schwann cells,500,715.0
Neo_Beads_CGTCACGGTGTA,Neo_Beads,Neonatal_Beads,2,Schwann cells,557,777.0
Neo_Beads_AGTTGGGAGCTA,Neo_Beads,Neonatal_Beads,9,Schwann cells,426,563.0
Neo_Beads_CGCATTTCTAGC,Neo_Beads,Neonatal_Beads,10,Schwann cells,413,533.0
Neo_Beads_ACGCCATAAACT,Neo_Beads,Neonatal_Beads,10,Schwann cells,548,765.0
Neo_Beads_CTTTGGTGCTCT,Neo_Beads,Neonatal_Beads,9,Schwann cells,488,656.0
Neo_Beads_TGGTGTAACTAT,Neo_Beads,Neonatal_Beads,10,Schwann cells,599,875.0
Neo_Beads_TGCGCCTAAACC,Neo_Beads,Neonatal_Beads,9,Schwann cells,698,977.0
Neo_Beads_ACTCGAATAGCT,Neo_Beads,Neonatal_Beads,2,Schwann cells,360,508.0
Neo_Beads_TCACTACTGCCA,Neo_Beads,Neonatal_Beads,2,Schwann cells,652,969.0
Neo_Beads_AACATGACTCGC,Neo_Beads,Neonatal_Beads,12,Schwann cells,459,600.0
Neo_Beads_GGGAACGTGCAG,Neo_Beads,Neonatal_Beads,2,Schwann cells,548,743.0
Neo_Beads_GGTGGACATTAG,Neo_Beads,Neonatal_Beads,9,Schwann cells,556,820.0
Neo_Beads_GCAGCCTAAGTT,Neo_Beads,Neonatal_Beads,9,Schwann cells,491,651.0
Neo_Beads_GACCCGCCCTCG,Neo_Beads,Neonatal_Beads,3,Mesenchymal cells,544,963.0
Neo_Beads_TGAAGCCAACGT,Neo_Beads,Neonatal_Beads,10,Schwann cells,528,689.0
Neo_Beads_AGGCCTCGGTGG,Neo_Beads,Neonatal_Beads,7,Pericytes/VSM,641,967.0
Neo_Beads_AAAAGTTAGCCG,Neo_Beads,Neonatal_Beads,1,Mesenchymal cells,377,524.0
Neo_Beads_AGCCGCTTACTG,Neo_Beads,Neonatal_Beads,4,Endothelial cells,639,881.0
Neo_Beads_GTGATCTCCGGA,Neo_Beads,Neonatal_Beads,7,Pericytes/VSM,519,744.0
Neo_Beads_CTAGTTCCTGTG,Neo_Beads,Neonatal_Beads,12,Schwann cells,310,401.0
Neo_Beads_CCGTCTAACCTA,Neo_Beads,Neonatal_Beads,10,Schwann cells,566,814.0
Neo_Beads_TCAGCTAATAAA,Neo_Beads,Neonatal_Beads,17,Schwann cells,514,661.0
Neo_Beads_CCGTTAGCGCTC,Neo_Beads,Neonatal_Beads,6,Endothelial cells,437,623.0
Neo_Beads_CGACAAAGAGCT,Neo_Beads,Neonatal_Beads,4,Endothelial cells,453,642.0
Neo_Beads_AGCCTGGGATCC,Neo_Beads,Neonatal_Beads,17,Schwann cells,467,667.0
Neo_Beads_AAGGCGCACAGG,Neo_Beads,Neonatal_Beads,2,Schwann cells,540,718.0
Neo_Beads_AGGACGGGCTAT,Neo_Beads,Neonatal_Beads,10,Schwann cells,610,955.0
Neo_Beads_CGCGTGGTTCAG,Neo_Beads,Neonatal_Beads,2,Schwann cells,667,1080.0
Neo_Beads_ATAAGGGAATAC,Neo_Beads,Neonatal_Beads,12,Schwann cells,553,771.0
Neo_Beads_CGAGTGCCCTAG,Neo_Beads,Neonatal_Beads,9,Schwann cells,500,679.0
Neo_Beads_ATGAGCTATCTA,Neo_Beads,Neonatal_Beads,9,Schwann cells,470,647.0
Neo_Beads_CGGAACGGCGGG,Neo_Beads,Neonatal_Beads,9,Schwann cells,547,793.0
Neo_Beads_CGGGCAGGCCTA,Neo_Beads,Neonatal_Beads,10,Schwann cells,721,1131.0
Neo_Beads_TTTGACTGCTAC,Neo_Beads,Neonatal_Beads,12,Schwann cells,644,969.0
Neo_Beads_CCTCTCTGATAG,Neo_Beads,Neonatal_Beads,10,Schwann cells,415,542.0
Neo_Beads_GCACATTTAACT,Neo_Beads,Neonatal_Beads,10,Schwann cells,472,650.0
Neo_Beads_CTTAAATCAGGA,Neo_Beads,Neonatal_Beads,10,Schwann cells,505,662.0
Neo_Beads_ACTTGCACCCGG,Neo_Beads,Neonatal_Beads,10,Schwann cells,550,798.0
Neo_Beads_CCTGTACCTTAA,Neo_Beads,Neonatal_Beads,10,Schwann cells,552,712.0
Neo_Beads_CAGGAAAGTGGG,Neo_Beads,Neonatal_Beads,10,Schwann cells,443,607.0
Neo_Beads_TGTGAGGGATAA,Neo_Beads,Neonatal_Beads,9,Schwann cells,458,596.0
Neo_Beads_CGACTGGGGATT,Neo_Beads,Neonatal_Beads,10,Schwann cells,514,724.0
Neo_Beads_TTTCTACCAATT,Neo_Beads,Neonatal_Beads,17,Schwann cells,404,521.0
Neo_Beads_ATGGGATCATAC,Neo_Beads,Neonatal_Beads,9,Schwann cells,556,731.0
Neo_Beads_CTCGATCGGCTT,Neo_Beads,Neonatal_Beads,9,Schwann cells,590,841.0
Neo_Beads_GGTGCACTGCGC,Neo_Beads,Neonatal_Beads,6,Endothelial cells,636,1003.0
Neo_Beads_AGGGAGGTGGCC,Neo_Beads,Neonatal_Beads,10,Schwann cells,560,758.0
Neo_Beads_ACCTCCGTTCGG,Neo_Beads,Neonatal_Beads,10,Schwann cells,460,645.0
Neo_Beads_TGCATCGCCTGT,Neo_Beads,Neonatal_Beads,10,Schwann cells,641,881.0
Neo_Beads_GTGCTAGCCCAG,Neo_Beads,Neonatal_Beads,10,Schwann cells,511,717.0
Neo_Beads_CTGTTAGCTGAC,Neo_Beads,Neonatal_Beads,9,Schwann cells,479,635.0
Neo_Beads_TGGCGGTCCCAG,Neo_Beads,Neonatal_Beads,10,Schwann cells,533,790.0
Neo_Beads_ACTTTATGCTCC,Neo_Beads,Neonatal_Beads,9,Schwann cells,466,718.0
Neo_Beads_CCACGTCCTCGT,Neo_Beads,Neonatal_Beads,3,Mesenchymal cells,417,599.0
Neo_Beads_CGTTCTCGGGGT,Neo_Beads,Neonatal_Beads,12,Schwann cells,569,833.0
Neo_Beads_GAAGTAATCGTC,Neo_Beads,Neonatal_Beads,7,Pericytes/VSM,306,415.0
Neo_Beads_TACGTCATCGGA,Neo_Beads,Neonatal_Beads,0,Mesenchymal cells,469,697.0
Neo_Beads_AAGGGACCTTGG,Neo_Beads,Neonatal_Beads,7,Pericytes/VSM,486,734.0
Neo_Beads_TGAGGGTTTACC,Neo_Beads,Neonatal_Beads,9,Schwann cells,448,599.0
Neo_Beads_CTCTCATATCGG,Neo_Beads,Neonatal_Beads,7,Pericytes/VSM,500,756.0
Neo_Beads_TAGCACGCTAGT,Neo_Beads,Neonatal_Beads,7,Pericytes/VSM,540,781.0
Neo_Beads_CTCATCCAGCGC,Neo_Beads,Neonatal_Beads,4,Endothelial cells,460,571.0
Neo_Beads_TTTCCATAAACA,Neo_Beads,Neonatal_Beads,7,Pericytes/VSM,537,734.0
Neo_Beads_TGGCTGTCCAAC,Neo_Beads,Neonatal_Beads,12,Schwann cells,510,685.0
Neo_Beads_TATCTTCATCCG,Neo_Beads,Neonatal_Beads,17,Schwann cells,478,671.0
Neo_Beads_TTGCCAATCCGA,Neo_Beads,Neonatal_Beads,10,Schwann cells,379,475.0
Neo_Beads_ACTGTCCCAGGC,Neo_Beads,Neonatal_Beads,10,Schwann cells,624,926.0
Neo_Beads_GATAGGCATTGG,Neo_Beads,Neonatal_Beads,10,Schwann cells,559,762.0
Neo_Beads_ACACTAGTATTA,Neo_Beads,Neonatal_Beads,10,Schwann cells,595,776.0
Neo_Beads_CGATAATTCAGT,Neo_Beads,Neonatal_Beads,9,Schwann cells,482,642.0
Neo_Beads_CATCACAACACC,Neo_Beads,Neonatal_Beads,9,Schwann cells,527,796.0
Neo_Beads_GTGGTGTTCTAC,Neo_Beads,Neonatal_Beads,10,Schwann cells,621,926.0
Neo_Beads_TAAAACGGTCGT,Neo_Beads,Neonatal_Beads,10,Schwann cells,612,823.0
Neo_Beads_TGACGTTCGAAC,Neo_Beads,Neonatal_Beads,0,Mesenchymal cells,468,700.0
Neo_Beads_ATGATCCATCGG,Neo_Beads,Neonatal_Beads,9,Schwann cells,538,706.0
Neo_Beads_TTATGTACTCCC,Neo_Beads,Neonatal_Beads,10,Schwann cells,506,655.0
Neo_Beads_GAACTCCAACTG,Neo_Beads,Neonatal_Beads,6,Endothelial cells,482,635.0
Neo_Beads_GTATCCGAATCG,Neo_Beads,Neonatal_Beads,2,Schwann cells,512,693.0
Neo_Beads_AGCTAATCAACC,Neo_Beads,Neonatal_Beads,9,Schwann cells,497,693.0
Neo_Beads_GCGTGAGCGATC,Neo_Beads,Neonatal_Beads,7,Pericytes/VSM,624,926.0
Neo_Beads_GGCCCTGATTCG,Neo_Beads,Neonatal_Beads,9,Schwann cells,493,729.0
Neo_Beads_TAAAGCAAGTTA,Neo_Beads,Neonatal_Beads,9,Schwann cells,396,502.0
Neo_Beads_GGCACGGTACAA,Neo_Beads,Neonatal_Beads,17,Schwann cells,576,779.0
Neo_Beads_TTCCCAACTCCG,Neo_Beads,Neonatal_Beads,10,Schwann cells,407,511.0
Neo_Beads_CCAGCGGAAGCT,Neo_Beads,Neonatal_Beads,2,Schwann cells,500,678.0
Neo_Beads_CATGGGCTAGCC,Neo_Beads,Neonatal_Beads,10,Schwann cells,579,797.0
Neo_Beads_CCTAGGCTTCGC,Neo_Beads,Neonatal_Beads,17,Schwann cells,460,656.0
Neo_Beads_GTTCAACGTTAC,Neo_Beads,Neonatal_Beads,9,Schwann cells,460,636.0
Neo_Beads_CTGGCTCAAAAG,Neo_Beads,Neonatal_Beads,10,Schwann cells,525,724.0
Neo_Beads_CTTACACCAGGC,Neo_Beads,Neonatal_Beads,3,Mesenchymal cells,551,768.0
Neo_Beads_GTCGGAGTAAAG,Neo_Beads,Neonatal_Beads,9,Schwann cells,490,643.0
Neo_Beads_AGGAACCAGACT,Neo_Beads,Neonatal_Beads,10,Schwann cells,552,764.0
Neo_Beads_CGGCTGGGTGAG,Neo_Beads,Neonatal_Beads,10,Schwann cells,603,916.0
Neo_Beads_CGGCATTAGCTG,Neo_Beads,Neonatal_Beads,17,Schwann cells,461,630.0
Neo_Beads_GGTTCGTTCGCC,Neo_Beads,Neonatal_Beads,10,Schwann cells,539,734.0
Neo_Beads_AACAGGCCAAGG,Neo_Beads,Neonatal_Beads,10,Schwann cells,554,805.0
Neo_Beads_ATCAAGTTTGCG,Neo_Beads,Neonatal_Beads,0,Mesenchymal cells,477,949.0
Neo_Beads_ACCCGACAAGTG,Neo_Beads,Neonatal_Beads,7,Pericytes/VSM,466,629.0
Neo_Beads_TCCTTGCGGTTG,Neo_Beads,Neonatal_Beads,17,Schwann cells,504,755.0
Neo_Beads_GTTAATAACGCC,Neo_Beads,Neonatal_Beads,7,Pericytes/VSM,430,647.0
Neo_Beads_ACCAGTCCATGG,Neo_Beads,Neonatal_Beads,17,Schwann cells,558,849.0
Neo_Beads_TAGTGGACACCG,Neo_Beads,Neonatal_Beads,10,Schwann cells,528,701.0
Neo_Beads_AGCTCTCATTGA,Neo_Beads,Neonatal_Beads,10,Schwann cells,518,683.0
Neo_Beads_ATTGTTTCGGAA,Neo_Beads,Neonatal_Beads,2,Schwann cells,459,652.0
Neo_Beads_CCTCAGCGATTA,Neo_Beads,Neonatal_Beads,9,Schwann cells,505,674.0
Neo_Beads_ACTTGTCTGCAA,Neo_Beads,Neonatal_Beads,7,Pericytes/VSM,468,634.0
Neo_Beads_GAATAGAGGGGT,Neo_Beads,Neonatal_Beads,13,Endothelial cells,513,742.0
Neo_Beads_TCCTGAGCTCCG,Neo_Beads,Neonatal_Beads,12,Schwann cells,506,724.0
Neo_Beads_GGACAACTAATA,Neo_Beads,Neonatal_Beads,2,Schwann cells,467,573.0
Neo_Beads_AAAATAAAGCAG,Neo_Beads,Neonatal_Beads,12,Schwann cells,431,544.0
Neo_Beads_ACTCCCAAAGGA,Neo_Beads,Neonatal_Beads,9,Schwann cells,470,609.0
Neo_Beads_AGTGAATAGGAA,Neo_Beads,Neonatal_Beads,10,Schwann cells,559,703.0
Neo_Beads_GATTGAGGTCTT,Neo_Beads,Neonatal_Beads,1,Mesenchymal cells,303,493.0
Neo_Beads_GCCATCATCGAT,Neo_Beads,Neonatal_Beads,9,Schwann cells,457,642.0
Neo_Beads_TCAGGACCTATT,Neo_Beads,Neonatal_Beads,12,Schwann cells,568,809.0
Neo_Beads_CTCCATCGTTCC,Neo_Beads,Neonatal_Beads,4,Endothelial cells,428,514.0
Neo_Beads_TGGTGGGATTAC,Neo_Beads,Neonatal_Beads,10,Schwann cells,484,624.0
Neo_Beads_AGACCATCACAT,Neo_Beads,Neonatal_Beads,17,Schwann cells,564,788.0
Neo_Beads_TGCGGCGTGCAA,Neo_Beads,Neonatal_Beads,9,Schwann cells,461,663.0
Neo_Beads_ATACACGAGCGG,Neo_Beads,Neonatal_Beads,0,Mesenchymal cells,313,653.0
Neo_Beads_CTGGACAAGGAA,Neo_Beads,Neonatal_Beads,10,Schwann cells,554,743.0
Neo_Beads_TCTATGTACGCT,Neo_Beads,Neonatal_Beads,9,Schwann cells,520,729.0
Neo_Beads_GCGGTGATTTGG,Neo_Beads,Neonatal_Beads,12,Schwann cells,360,479.0
Neo_Beads_CTGGTCACTATA,Neo_Beads,Neonatal_Beads,10,Schwann cells,487,651.0
Neo_Beads_CAGCGTGAAACG,Neo_Beads,Neonatal_Beads,17,Schwann cells,461,617.0
Neo_Beads_TTGCTGTACGGT,Neo_Beads,Neonatal_Beads,9,Schwann cells,512,764.0
Neo_Beads_GGGCATGGGAAT,Neo_Beads,Neonatal_Beads,10,Schwann cells,456,603.0
Neo_Beads_GGGTCCTAACGC,Neo_Beads,Neonatal_Beads,3,Mesenchymal cells,630,1178.0
Neo_Beads_GTTATGGCAGAG,Neo_Beads,Neonatal_Beads,9,Schwann cells,610,867.0
Neo_Beads_ATGGGAGACCCA,Neo_Beads,Neonatal_Beads,10,Schwann cells,514,700.0
Neo_Beads_GGAGCAAAGCAA,Neo_Beads,Neonatal_Beads,7,Pericytes/VSM,446,599.0
Neo_Beads_GGTGCGCCAGAA,Neo_Beads,Neonatal_Beads,9,Schwann cells,550,882.0
Neo_Beads_GCGACGACATGC,Neo_Beads,Neonatal_Beads,10,Schwann cells,641,1040.0
Neo_Beads_TGGCACTCAGCC,Neo_Beads,Neonatal_Beads,9,Schwann cells,623,918.0
Neo_Beads_ATACGAACGCCG,Neo_Beads,Neonatal_Beads,10,Schwann cells,580,764.0
Neo_Beads_TGTGAGATACTT,Neo_Beads,Neonatal_Beads,7,Pericytes/VSM,436,651.0
Neo_Beads_TTGGTGAGGCAT,Neo_Beads,Neonatal_Beads,9,Schwann cells,522,763.0
Neo_Beads_ACTACGGAAGCC,Neo_Beads,Neonatal_Beads,2,Schwann cells,526,730.0
Neo_Beads_ACAGTCCCGATC,Neo_Beads,Neonatal_Beads,9,Schwann cells,495,622.0
Neo_Beads_ATTAGCACAGCC,Neo_Beads,Neonatal_Beads,2,Schwann cells,585,793.0
Neo_Beads_CTGCCAACCCTA,Neo_Beads,Neonatal_Beads,17,Schwann cells,486,698.0
Neo_Beads_GCTGCTTAGTGA,Neo_Beads,Neonatal_Beads,12,Schwann cells,563,793.0
Neo_Beads_ATGCGTACATCG,Neo_Beads,Neonatal_Beads,0,Mesenchymal cells,479,863.0
Neo_Beads_TACACTAAGGTG,Neo_Beads,Neonatal_Beads,1,Mesenchymal cells,494,734.0
Neo_Beads_TCCTTGGTGTAA,Neo_Beads,Neonatal_Beads,7,Pericytes/VSM,422,657.0
Neo_Beads_GTGATAGCACTA,Neo_Beads,Neonatal_Beads,9,Schwann cells,490,624.0
Neo_Beads_CTCTGTTGCTCG,Neo_Beads,Neonatal_Beads,9,Schwann cells,456,591.0
Neo_Beads_CATTCCAGGAGT,Neo_Beads,Neonatal_Beads,10,Schwann cells,489,638.0
Neo_Beads_TGTTACGCGCTG,Neo_Beads,Neonatal_Beads,10,Schwann cells,579,839.0
Neo_Beads_CGAGTTGGACCG,Neo_Beads,Neonatal_Beads,3,Mesenchymal cells,613,1052.0
Neo_Beads_ACGGTTAGTAAG,Neo_Beads,Neonatal_Beads,10,Schwann cells,645,923.0
Neo_Beads_TACAGCCGTCGA,Neo_Beads,Neonatal_Beads,10,Schwann cells,545,787.0
Neo_Beads_CACAAAGGCTGA,Neo_Beads,Neonatal_Beads,9,Schwann cells,419,538.0
Neo_Beads_CTTCCGCTCTTC,Neo_Beads,Neonatal_Beads,2,Schwann cells,369,480.0
Neo_Beads_CTCCTTTCGAGG,Neo_Beads,Neonatal_Beads,9,Schwann cells,586,813.0
Neo_Beads_TCGCAAATGAGT,Neo_Beads,Neonatal_Beads,17,Schwann cells,486,681.0
Neo_Beads_ATTGGCGCAGGG,Neo_Beads,Neonatal_Beads,9,Schwann cells,507,733.0
Neo_Beads_ATGAACCGGGTC,Neo_Beads,Neonatal_Beads,17,Schwann cells,606,874.0
Neo_Beads_TGGGTCGAAGCA,Neo_Beads,Neonatal_Beads,1,Mesenchymal cells,435,744.0
Neo_Beads_GGAGGAACAGTC,Neo_Beads,Neonatal_Beads,9,Schwann cells,535,725.0
Neo_Beads_TTCGGAGGTTCT,Neo_Beads,Neonatal_Beads,0,Mesenchymal cells,431,614.0
Neo_Beads_TTTGGAAGCTCA,Neo_Beads,Neonatal_Beads,17,Schwann cells,524,738.0
Neo_Beads_AAACGATGGGTG,Neo_Beads,Neonatal_Beads,2,Schwann cells,594,792.0
Neo_Beads_ACAGGCAGTGCT,Neo_Beads,Neonatal_Beads,9,Schwann cells,504,634.0
Neo_Beads_AGGGTCCAACTA,Neo_Beads,Neonatal_Beads,12,Schwann cells,525,704.0
Neo_Beads_CGATTAGGTTGT,Neo_Beads,Neonatal_Beads,10,Schwann cells,395,484.0
Neo_Beads_CCGTATGCACGT,Neo_Beads,Neonatal_Beads,9,Schwann cells,519,737.0
Neo_Beads_TATTTTAACCGG,Neo_Beads,Neonatal_Beads,9,Schwann cells,493,626.0
Neo_Beads_AGCAATCTGAAG,Neo_Beads,Neonatal_Beads,9,Schwann cells,469,570.0
Neo_Beads_ATTGGAAAACTT,Neo_Beads,Neonatal_Beads,2,Schwann cells,466,618.0
Neo_Beads_AACTGTCCCTAT,Neo_Beads,Neonatal_Beads,9,Schwann cells,566,856.0
Neo_Beads_CTCTGACCAATC,Neo_Beads,Neonatal_Beads,10,Schwann cells,408,517.0
Neo_Beads_TGTGGACGCGGT,Neo_Beads,Neonatal_Beads,7,Pericytes/VSM,507,710.0
Neo_Beads_TGTTCAAAGTCA,Neo_Beads,Neonatal_Beads,9,Schwann cells,420,574.0
Neo_Beads_GTCAGCCAGTGA,Neo_Beads,Neonatal_Beads,9,Schwann cells,435,601.0
Neo_Beads_TACGATCCTACC,Neo_Beads,Neonatal_Beads,9,Schwann cells,475,613.0
Neo_Beads_GTTCCACGACGT,Neo_Beads,Neonatal_Beads,9,Schwann cells,519,693.0
Neo_Beads_AAAAGGGTCTTT,Neo_Beads,Neonatal_Beads,7,Pericytes/VSM,448,603.0
Neo_Beads_ATTAGCTTAGCG,Neo_Beads,Neonatal_Beads,17,Schwann cells,485,663.0
Neo_Beads_TGTGCATCCCCT,Neo_Beads,Neonatal_Beads,17,Schwann cells,500,659.0
Neo_Beads_TGCGGGTCTTAT,Neo_Beads,Neonatal_Beads,0,Mesenchymal cells,503,889.0
Neo_Beads_GACGAGGCCCGG,Neo_Beads,Neonatal_Beads,10,Schwann cells,674,1056.0
Neo_Beads_AGGGTTGCCTCT,Neo_Beads,Neonatal_Beads,10,Schwann cells,615,874.0
Neo_Beads_GACTACTCTTGC,Neo_Beads,Neonatal_Beads,10,Schwann cells,390,496.0
Neo_Beads_TGCCTGTGGTAG,Neo_Beads,Neonatal_Beads,17,Schwann cells,581,750.0
Neo_Beads_GTGCGAGCACGT,Neo_Beads,Neonatal_Beads,6,Endothelial cells,485,625.0
Neo_Beads_ACTACCTAAACC,Neo_Beads,Neonatal_Beads,10,Schwann cells,525,736.0
Neo_Beads_CTATATTAGCCG,Neo_Beads,Neonatal_Beads,10,Schwann cells,577,847.0
Neo_Beads_CTACATTAATTC,Neo_Beads,Neonatal_Beads,2,Schwann cells,449,596.0
Neo_Beads_CGATAGGTAGGA,Neo_Beads,Neonatal_Beads,10,Schwann cells,461,572.0
Neo_Beads_TCGCCGAAATCC,Neo_Beads,Neonatal_Beads,9,Schwann cells,529,742.0
Neo_Beads_TAGAAGTAGGGC,Neo_Beads,Neonatal_Beads,4,Endothelial cells,487,622.0
Neo_Beads_CCTCTTGATAAA,Neo_Beads,Neonatal_Beads,7,Pericytes/VSM,477,600.0
Neo_Beads_CCGGTGGGAGTT,Neo_Beads,Neonatal_Beads,7,Pericytes/VSM,515,786.0
Neo_Beads_ATGATTGCCGTA,Neo_Beads,Neonatal_Beads,0,Mesenchymal cells,429,660.0
Neo_Beads_AGGCCTCAAACA,Neo_Beads,Neonatal_Beads,17,Schwann cells,439,565.0
Neo_Beads_ATTCTCGTCGGT,Neo_Beads,Neonatal_Beads,0,Mesenchymal cells,377,640.0
Neo_Beads_GGATTTTCAACA,Neo_Beads,Neonatal_Beads,17,Schwann cells,505,666.0
Neo_Beads_CAGGAACACCCG,Neo_Beads,Neonatal_Beads,12,Schwann cells,365,549.0
Neo_Beads_GCCTGATGGATA,Neo_Beads,Neonatal_Beads,16,Mast cells,445,872.0
Neo_Beads_TCAGAACGGTTA,Neo_Beads,Neonatal_Beads,10,Schwann cells,434,587.0
Neo_Beads_ATCCTCGGAACG,Neo_Beads,Neonatal_Beads,17,Schwann cells,491,689.0
Neo_Beads_CTAATCAAACGG,Neo_Beads,Neonatal_Beads,9,Schwann cells,368,480.0
Neo_Beads_TGATTATTAGTT,Neo_Beads,Neonatal_Beads,17,Schwann cells,481,665.0
Neo_Beads_CGCCGGAAGGCT,Neo_Beads,Neonatal_Beads,17,Schwann cells,568,805.0
Neo_Beads_GCTAAATCGATG,Neo_Beads,Neonatal_Beads,7,Pericytes/VSM,394,546.0
Neo_Beads_ACCGAACAATAT,Neo_Beads,Neonatal_Beads,10,Schwann cells,439,580.0
Neo_Beads_CAACGTGGAGCA,Neo_Beads,Neonatal_Beads,10,Schwann cells,571,791.0
Neo_Beads_AATTAGCCGTTA,Neo_Beads,Neonatal_Beads,10,Schwann cells,479,691.0
Neo_Beads_CACTATTGCTTC,Neo_Beads,Neonatal_Beads,13,Endothelial cells,490,627.0
Neo_Beads_TGACGAAAGATC,Neo_Beads,Neonatal_Beads,9,Schwann cells,476,675.0
Neo_Beads_GGTACGGATTCT,Neo_Beads,Neonatal_Beads,17,Schwann cells,477,677.0
Neo_Beads_GCACGCAGCGAT,Neo_Beads,Neonatal_Beads,9,Schwann cells,462,586.0
Neo_Beads_GATATGCCAAGA,Neo_Beads,Neonatal_Beads,10,Schwann cells,427,551.0
Neo_Beads_TGTCTCTCTCAA,Neo_Beads,Neonatal_Beads,9,Schwann cells,505,671.0
Neo_Beads_GGACACGTTAAA,Neo_Beads,Neonatal_Beads,2,Schwann cells,472,617.0
Neo_Beads_CTTAGCACAGCC,Neo_Beads,Neonatal_Beads,10,Schwann cells,512,736.0
Neo_Beads_CGACTCAGGCAG,Neo_Beads,Neonatal_Beads,17,Schwann cells,446,599.0
Neo_Beads_GACGACGGGACA,Neo_Beads,Neonatal_Beads,9,Schwann cells,454,611.0
Neo_Beads_CGATCGACAACA,Neo_Beads,Neonatal_Beads,17,Schwann cells,484,640.0
Neo_Beads_CACTGTAGGTTC,Neo_Beads,Neonatal_Beads,12,Schwann cells,570,760.0
Neo_Beads_GTTCTTCAGAAT,Neo_Beads,Neonatal_Beads,10,Schwann cells,464,597.0
Neo_Beads_ATGTTCTCAGCC,Neo_Beads,Neonatal_Beads,3,Mesenchymal cells,469,581.0
Neo_Beads_TACCCGTGCTAT,Neo_Beads,Neonatal_Beads,9,Schwann cells,432,550.0
Neo_Beads_TGCGCAGGTTGC,Neo_Beads,Neonatal_Beads,10,Schwann cells,611,829.0
Neo_Beads_CCCCCGCCGAGC,Neo_Beads,Neonatal_Beads,0,Mesenchymal cells,299,459.0
Neo_Beads_GGCATACGGCTA,Neo_Beads,Neonatal_Beads,12,Schwann cells,681,1073.0
Neo_Beads_TTGAACAAGGTA,Neo_Beads,Neonatal_Beads,12,Schwann cells,467,600.0
Neo_Beads_TGTTTAATTGTC,Neo_Beads,Neonatal_Beads,9,Schwann cells,528,706.0
Neo_Beads_GTACCTGTTAGC,Neo_Beads,Neonatal_Beads,7,Pericytes/VSM,559,833.0
Neo_Beads_AGACATATCCCT,Neo_Beads,Neonatal_Beads,9,Schwann cells,507,715.0
Neo_Beads_GATAGTTTGGTT,Neo_Beads,Neonatal_Beads,2,Schwann cells,367,458.0
Neo_Beads_TACCAGTCTGGC,Neo_Beads,Neonatal_Beads,10,Schwann cells,401,528.0
Neo_Beads_GGTTCTCGTGGG,Neo_Beads,Neonatal_Beads,13,Endothelial cells,640,915.0
Neo_Beads_GGGGCGGGACTC,Neo_Beads,Neonatal_Beads,2,Schwann cells,653,930.0
Neo_Beads_CAATGCCCGCAT,Neo_Beads,Neonatal_Beads,10,Schwann cells,385,496.0
Neo_Beads_AAATGTGAAGCA,Neo_Beads,Neonatal_Beads,9,Schwann cells,448,568.0
Neo_Beads_CCACCCTGCTGA,Neo_Beads,Neonatal_Beads,2,Schwann cells,548,742.0
Neo_Beads_GTTCTCGTAAGT,Neo_Beads,Neonatal_Beads,9,Schwann cells,407,539.0
Neo_Beads_CAGACCGCTTGG,Neo_Beads,Neonatal_Beads,7,Pericytes/VSM,529,770.0
Neo_Beads_CAAATGCACATC,Neo_Beads,Neonatal_Beads,7,Pericytes/VSM,435,647.0
Neo_Beads_AGACGCGAATTG,Neo_Beads,Neonatal_Beads,10,Schwann cells,433,586.0
Neo_Beads_CTGTCCGTTTGC,Neo_Beads,Neonatal_Beads,9,Schwann cells,485,668.0
Neo_Beads_CACTCAGTAGCG,Neo_Beads,Neonatal_Beads,0,Mesenchymal cells,375,694.0
Neo_Beads_GTCTACCGTACT,Neo_Beads,Neonatal_Beads,17,Schwann cells,441,539.0
Neo_Beads_GGCGTCATAGTC,Neo_Beads,Neonatal_Beads,9,Schwann cells,519,727.0
Neo_Beads_CACGGAACGCAA,Neo_Beads,Neonatal_Beads,0,Mesenchymal cells,386,721.0
Neo_Beads_TGAGCGCTTCGC,Neo_Beads,Neonatal_Beads,2,Schwann cells,660,941.0
Neo_Beads_ACTATCAGTTGG,Neo_Beads,Neonatal_Beads,9,Schwann cells,515,756.0
Neo_Beads_TTAACGCTGATA,Neo_Beads,Neonatal_Beads,12,Schwann cells,431,578.0
Neo_Beads_AGTTTAGCTCCT,Neo_Beads,Neonatal_Beads,13,Endothelial cells,536,757.0
Neo_Beads_GCATGCAGAGGG,Neo_Beads,Neonatal_Beads,7,Pericytes/VSM,451,638.0
Neo_Beads_CTACCCGGTTAC,Neo_Beads,Neonatal_Beads,10,Schwann cells,480,684.0
Neo_Beads_GCCCGGTCAAGC,Neo_Beads,Neonatal_Beads,12,Schwann cells,431,578.0
Neo_Beads_CAACTGCCGTGC,Neo_Beads,Neonatal_Beads,0,Mesenchymal cells,537,819.0
Neo_Beads_GAGCCGCGTGTA,Neo_Beads,Neonatal_Beads,17,Schwann cells,532,847.0
Neo_Beads_GTTAACCTGTCG,Neo_Beads,Neonatal_Beads,17,Schwann cells,534,701.0
Neo_Beads_ATAGGTGGTAGA,Neo_Beads,Neonatal_Beads,9,Schwann cells,623,846.0
Neo_Beads_TCCTGTTATAGT,Neo_Beads,Neonatal_Beads,3,Mesenchymal cells,378,581.0
Neo_Beads_CCACGCGTACGT,Neo_Beads,Neonatal_Beads,17,Schwann cells,466,633.0
Neo_Beads_GCTGTTGTCGGG,Neo_Beads,Neonatal_Beads,7,Pericytes/VSM,581,898.0
Neo_Beads_GGATATCGCCCC,Neo_Beads,Neonatal_Beads,10,Schwann cells,524,767.0
Neo_Beads_GTGCCTGGGCAA,Neo_Beads,Neonatal_Beads,2,Schwann cells,510,696.0
Neo_Beads_AGCTAGTCTCTN,Neo_Beads,Neonatal_Beads,17,Schwann cells,399,512.0
Neo_Beads_CTTGACCAGTAA,Neo_Beads,Neonatal_Beads,10,Schwann cells,561,753.0
Neo_Beads_ACGACCTACCGA,Neo_Beads,Neonatal_Beads,9,Schwann cells,409,547.0
Neo_Beads_TACAATCAATTC,Neo_Beads,Neonatal_Beads,10,Schwann cells,534,716.0
Neo_Beads_TCACAACAATTC,Neo_Beads,Neonatal_Beads,0,Mesenchymal cells,313,503.0
Neo_Beads_TCATCACGGTCC,Neo_Beads,Neonatal_Beads,10,Schwann cells,468,684.0
Neo_Beads_ACATACATAGGT,Neo_Beads,Neonatal_Beads,9,Schwann cells,540,689.0
Neo_Beads_TTCACCGAAGCA,Neo_Beads,Neonatal_Beads,5,Endothelial cells,440,511.0
Neo_Beads_GACTAGCGCTGG,Neo_Beads,Neonatal_Beads,5,Endothelial cells,436,648.0
Neo_Beads_TACGTTATGAAG,Neo_Beads,Neonatal_Beads,9,Schwann cells,480,617.0
Neo_Beads_GCTAGTCAGGGA,Neo_Beads,Neonatal_Beads,12,Schwann cells,531,711.0
Neo_Beads_TAAGGATGGGTT,Neo_Beads,Neonatal_Beads,13,Endothelial cells,492,741.0
Neo_Beads_TGGTAAAGGGAA,Neo_Beads,Neonatal_Beads,12,Schwann cells,501,671.0
Neo_Beads_CGTTGGCATTCG,Neo_Beads,Neonatal_Beads,10,Schwann cells,453,587.0
Neo_Beads_AAATACTCAACA,Neo_Beads,Neonatal_Beads,0,Mesenchymal cells,432,574.0
Neo_Beads_GGACTCGAATAG,Neo_Beads,Neonatal_Beads,17,Schwann cells,543,755.0
Neo_Beads_TTATAATTCTTG,Neo_Beads,Neonatal_Beads,17,Schwann cells,375,487.0
Neo_Beads_ATGACTAAATAT,Neo_Beads,Neonatal_Beads,9,Schwann cells,471,621.0
Neo_Beads_CTTTTATCCAAG,Neo_Beads,Neonatal_Beads,17,Schwann cells,441,639.0
Neo_Beads_TTCGGTGTGTGG,Neo_Beads,Neonatal_Beads,10,Schwann cells,581,870.0
Neo_Beads_TTGCCCGTGATA,Neo_Beads,Neonatal_Beads,17,Schwann cells,545,756.0
Neo_Beads_AATATCTCCTCG,Neo_Beads,Neonatal_Beads,2,Schwann cells,464,590.0
Neo_Beads_ATTAGTGCGATT,Neo_Beads,Neonatal_Beads,9,Schwann cells,485,614.0
Neo_Beads_GTTGTGTCAGAC,Neo_Beads,Neonatal_Beads,10,Schwann cells,486,663.0
Neo_Beads_AAATTTTCATCG,Neo_Beads,Neonatal_Beads,9,Schwann cells,404,516.0
Neo_Beads_AGATAGCGCCCT,Neo_Beads,Neonatal_Beads,7,Pericytes/VSM,487,634.0
Neo_Beads_TGGTATAACCTG,Neo_Beads,Neonatal_Beads,9,Schwann cells,514,704.0
Neo_Beads_GACTATCCGGCT,Neo_Beads,Neonatal_Beads,9,Schwann cells,482,657.0
Neo_Beads_GTAAGCTGGGTG,Neo_Beads,Neonatal_Beads,10,Schwann cells,374,495.0
Neo_Beads_TTTCACTGTTCC,Neo_Beads,Neonatal_Beads,17,Schwann cells,423,550.0
Neo_Beads_AATGGAGATCAG,Neo_Beads,Neonatal_Beads,2,Schwann cells,306,408.0
Neo_Beads_CCGAGTGCGTTA,Neo_Beads,Neonatal_Beads,10,Schwann cells,478,667.0
Neo_Beads_TCCCTAGTACTA,Neo_Beads,Neonatal_Beads,2,Schwann cells,593,799.0
Neo_Beads_CTCAACACCACC,Neo_Beads,Neonatal_Beads,12,Schwann cells,587,841.0
Neo_Beads_TAATCCCATCAA,Neo_Beads,Neonatal_Beads,0,Mesenchymal cells,335,430.0
Neo_Beads_CTTTTATGACGC,Neo_Beads,Neonatal_Beads,10,Schwann cells,471,615.0
Neo_Beads_CAAAACCCGCAA,Neo_Beads,Neonatal_Beads,12,Schwann cells,246,329.0
Neo_Beads_TCATCACTCTGT,Neo_Beads,Neonatal_Beads,10,Schwann cells,570,790.0
Neo_Beads_GAGAACGGTCGC,Neo_Beads,Neonatal_Beads,17,Schwann cells,360,461.0
Neo_Beads_TAAAACCGCATA,Neo_Beads,Neonatal_Beads,10,Schwann cells,354,466.0
Neo_Beads_CAGTAGTACACC,Neo_Beads,Neonatal_Beads,9,Schwann cells,502,749.0
Neo_Beads_CCTTGGTTCGCC,Neo_Beads,Neonatal_Beads,17,Schwann cells,511,762.0
Neo_Beads_AATTCATGACCC,Neo_Beads,Neonatal_Beads,17,Schwann cells,574,777.0
Neo_Beads_TCAGTCTCCGCG,Neo_Beads,Neonatal_Beads,9,Schwann cells,407,507.0
Neo_Beads_CTTACTTGATTT,Neo_Beads,Neonatal_Beads,9,Schwann cells,433,574.0
Neo_Beads_TGTGGCATCTAT,Neo_Beads,Neonatal_Beads,9,Schwann cells,593,854.0
Neo_Beads_CTAAGATGGCGG,Neo_Beads,Neonatal_Beads,9,Schwann cells,422,525.0
Neo_Beads_ATTTTGTTCCTG,Neo_Beads,Neonatal_Beads,4,Endothelial cells,379,488.0
Neo_Beads_GTGTACCCACGG,Neo_Beads,Neonatal_Beads,2,Schwann cells,522,650.0
Neo_Beads_TTGTGATAAACT,Neo_Beads,Neonatal_Beads,2,Schwann cells,520,691.0
Neo_Beads_TTAACGGGGCAG,Neo_Beads,Neonatal_Beads,2,Schwann cells,471,650.0
Neo_Beads_AATGCTGTAACC,Neo_Beads,Neonatal_Beads,12,Schwann cells,473,613.0
Neo_Beads_CAACTCGTTCTT,Neo_Beads,Neonatal_Beads,2,Schwann cells,543,807.0
Neo_Beads_TATTAATCTGTA,Neo_Beads,Neonatal_Beads,12,Schwann cells,482,582.0
Neo_Beads_ATCACCAACCAA,Neo_Beads,Neonatal_Beads,17,Schwann cells,414,548.0
Neo_Beads_TACAATTGAGAC,Neo_Beads,Neonatal_Beads,17,Schwann cells,507,653.0
Neo_Beads_GGGGCCCCCTTA,Neo_Beads,Neonatal_Beads,9,Schwann cells,840,1325.0
Neo_Beads_AGCCGGTACTAA,Neo_Beads,Neonatal_Beads,9,Schwann cells,455,591.0
Neo_Beads_CAAGTTACCGTA,Neo_Beads,Neonatal_Beads,10,Schwann cells,509,686.0
Neo_Beads_TTTGCTCAAAAT,Neo_Beads,Neonatal_Beads,9,Schwann cells,441,560.0
Neo_Beads_ACAACTAAGCTA,Neo_Beads,Neonatal_Beads,9,Schwann cells,407,545.0
Neo_Beads_GCAGGAATCGGA,Neo_Beads,Neonatal_Beads,10,Schwann cells,337,414.0
Neo_Beads_GACCGTAGCGTG,Neo_Beads,Neonatal_Beads,9,Schwann cells,581,902.0
Neo_Beads_ATGTCTTCTAAC,Neo_Beads,Neonatal_Beads,10,Schwann cells,471,597.0
Neo_Beads_GGTTGCGGATCA,Neo_Beads,Neonatal_Beads,17,Schwann cells,490,640.0
Neo_Beads_GTGCGATAGAAA,Neo_Beads,Neonatal_Beads,17,Schwann cells,433,599.0
Neo_Beads_GGTATCATGTAG,Neo_Beads,Neonatal_Beads,9,Schwann cells,514,698.0
Neo_Beads_GTTTTCTCTCGC,Neo_Beads,Neonatal_Beads,0,Mesenchymal cells,275,429.0
Neo_Beads_AAGGACGTCCTC,Neo_Beads,Neonatal_Beads,9,Schwann cells,440,593.0
Neo_Beads_CATCCACCGGGC,Neo_Beads,Neonatal_Beads,7,Pericytes/VSM,486,673.0
Neo_Beads_CGAAACTTGGTG,Neo_Beads,Neonatal_Beads,12,Schwann cells,477,650.0
Neo_Beads_CTAAATTAACTG,Neo_Beads,Neonatal_Beads,9,Schwann cells,418,552.0
Neo_Beads_GTTTGATGGCCA,Neo_Beads,Neonatal_Beads,7,Pericytes/VSM,497,772.0
Neo_Beads_CGTGAACTCCGT,Neo_Beads,Neonatal_Beads,10,Schwann cells,401,534.0
Neo_Beads_CCGATACAAGCA,Neo_Beads,Neonatal_Beads,10,Schwann cells,474,656.0
Neo_Beads_TTGCATTGCCGC,Neo_Beads,Neonatal_Beads,9,Schwann cells,524,725.0
Neo_Beads_AGGACTGCAGAC,Neo_Beads,Neonatal_Beads,9,Schwann cells,409,559.0
Neo_Beads_GTTGTGATGTGT,Neo_Beads,Neonatal_Beads,9,Schwann cells,393,480.0
Neo_Beads_AGAAATGTCCTT,Neo_Beads,Neonatal_Beads,2,Schwann cells,336,399.0
Neo_Beads_CCCTAAACGGGC,Neo_Beads,Neonatal_Beads,17,Schwann cells,473,692.0
Neo_Beads_TAGTTCATGTGA,Neo_Beads,Neonatal_Beads,10,Schwann cells,392,513.0
Neo_Beads_ACAAGGCATTAT,Neo_Beads,Neonatal_Beads,17,Schwann cells,490,599.0
Neo_Beads_GCTATCCAACTT,Neo_Beads,Neonatal_Beads,9,Schwann cells,436,573.0
Neo_Beads_CAGGAACAGGGT,Neo_Beads,Neonatal_Beads,10,Schwann cells,450,566.0
Neo_Beads_ACCAGAGCCAAG,Neo_Beads,Neonatal_Beads,5,Endothelial cells,555,845.0
Neo_Beads_GTACACAGGCGA,Neo_Beads,Neonatal_Beads,9,Schwann cells,378,473.0
Neo_Beads_CTAGGGACGAGC,Neo_Beads,Neonatal_Beads,10,Schwann cells,471,616.0
Neo_Beads_CGATGCTGCGAT,Neo_Beads,Neonatal_Beads,17,Schwann cells,465,607.0
Neo_Beads_GGAAGCGCAGTG,Neo_Beads,Neonatal_Beads,7,Pericytes/VSM,522,819.0
Neo_Beads_GGAGATATACCG,Neo_Beads,Neonatal_Beads,10,Schwann cells,519,676.0
Neo_Beads_GAGCTGCAGGGG,Neo_Beads,Neonatal_Beads,2,Schwann cells,655,968.0
Neo_Beads_GTAATAACGGGC,Neo_Beads,Neonatal_Beads,10,Schwann cells,410,534.0
Neo_Beads_TCGTCTGCGTGG,Neo_Beads,Neonatal_Beads,10,Schwann cells,479,698.0
Neo_Beads_CACGATAGAGAA,Neo_Beads,Neonatal_Beads,3,Mesenchymal cells,354,513.0
Neo_Beads_CATCCTCGAGAC,Neo_Beads,Neonatal_Beads,10,Schwann cells,368,483.0
Neo_Beads_CGCAAACCGGAT,Neo_Beads,Neonatal_Beads,2,Schwann cells,470,635.0
Neo_Beads_AGAAGTTCCGTA,Neo_Beads,Neonatal_Beads,17,Schwann cells,408,538.0
Neo_Beads_CATACTTCGGAG,Neo_Beads,Neonatal_Beads,2,Schwann cells,524,667.0
Neo_Beads_GGTGTCTCCTGA,Neo_Beads,Neonatal_Beads,7,Pericytes/VSM,513,758.0
Neo_Beads_AGTACTACGCCG,Neo_Beads,Neonatal_Beads,9,Schwann cells,440,885.0
Neo_Beads_GGGCTCATCTTC,Neo_Beads,Neonatal_Beads,4,Endothelial cells,484,836.0
Neo_Beads_GCTTTACAAGGG,Neo_Beads,Neonatal_Beads,10,Schwann cells,448,608.0
Neo_Beads_GTGATCGCATAG,Neo_Beads,Neonatal_Beads,10,Schwann cells,453,579.0
Neo_Beads_CACCGAGGGGGC,Neo_Beads,Neonatal_Beads,9,Schwann cells,434,576.0
Neo_Beads_GCCCAGTTGAAT,Neo_Beads,Neonatal_Beads,17,Schwann cells,459,576.0
Neo_Beads_ACGAGAACATTA,Neo_Beads,Neonatal_Beads,9,Schwann cells,362,466.0
Neo_Beads_CTATCTGTAGCA,Neo_Beads,Neonatal_Beads,17,Schwann cells,505,654.0
Neo_Beads_GATTTTAGAGAC,Neo_Beads,Neonatal_Beads,10,Schwann cells,457,610.0
Neo_Beads_GTACTATCTTTG,Neo_Beads,Neonatal_Beads,17,Schwann cells,428,559.0
Neo_Beads_ACCTCTGGACGT,Neo_Beads,Neonatal_Beads,2,Schwann cells,486,619.0
Neo_Beads_TCGGCGATTCAA,Neo_Beads,Neonatal_Beads,9,Schwann cells,428,558.0
Neo_Beads_ATGGCCCTGAAG,Neo_Beads,Neonatal_Beads,1,Mesenchymal cells,478,833.0
Neo_Beads_AAACGCGACCCG,Neo_Beads,Neonatal_Beads,10,Schwann cells,510,733.0
Neo_Beads_GCGTATGGAAGT,Neo_Beads,Neonatal_Beads,10,Schwann cells,473,639.0
Neo_Beads_ATTCTACAGTGT,Neo_Beads,Neonatal_Beads,7,Pericytes/VSM,528,747.0
Neo_Beads_CTGAATCCGCCT,Neo_Beads,Neonatal_Beads,3,Mesenchymal cells,328,540.0
Neo_Beads_CAATCCATAGCA,Neo_Beads,Neonatal_Beads,17,Schwann cells,410,523.0
Neo_Beads_CCACTATCAAGG,Neo_Beads,Neonatal_Beads,10,Schwann cells,494,609.0
Neo_Beads_CAGACGCTCATG,Neo_Beads,Neonatal_Beads,17,Schwann cells,415,530.0
Neo_Beads_GCCACTTCGGCG,Neo_Beads,Neonatal_Beads,12,Schwann cells,369,552.0
Neo_Beads_TCTGAACCAGTT,Neo_Beads,Neonatal_Beads,17,Schwann cells,464,600.0
Neo_Beads_AGGATAAGAGGG,Neo_Beads,Neonatal_Beads,9,Schwann cells,492,678.0
Neo_Beads_GATGGATGCGCA,Neo_Beads,Neonatal_Beads,13,Endothelial cells,402,575.0
Neo_Beads_CCTTCACCTATT,Neo_Beads,Neonatal_Beads,12,Schwann cells,584,803.0
Neo_Beads_CTACAGAAACGA,Neo_Beads,Neonatal_Beads,9,Schwann cells,340,435.0
Neo_Beads_CATATTTTTGGG,Neo_Beads,Neonatal_Beads,10,Schwann cells,452,566.0
Neo_Beads_TTTATTTGGGAT,Neo_Beads,Neonatal_Beads,2,Schwann cells,541,726.0
Neo_Beads_ATGCTCCCTTTA,Neo_Beads,Neonatal_Beads,12,Schwann cells,546,768.0
Neo_Beads_TCTGCGGGAGGC,Neo_Beads,Neonatal_Beads,17,Schwann cells,460,609.0
Neo_Beads_ACCGGCCTGCCG,Neo_Beads,Neonatal_Beads,16,Mast cells,359,751.0
Neo_Beads_TTAAAAGATAAC,Neo_Beads,Neonatal_Beads,12,Schwann cells,555,737.0
Neo_Beads_CTAGGTACTTGT,Neo_Beads,Neonatal_Beads,9,Schwann cells,427,524.0
Neo_Beads_TAGGTTCCAGTG,Neo_Beads,Neonatal_Beads,9,Schwann cells,523,718.0
Neo_Beads_CAGAGACCTATT,Neo_Beads,Neonatal_Beads,0,Mesenchymal cells,337,466.0
Neo_Beads_GACCGACTACCC,Neo_Beads,Neonatal_Beads,17,Schwann cells,461,604.0
Neo_Beads_AGGGCGGCCCCT,Neo_Beads,Neonatal_Beads,9,Schwann cells,604,932.0
Neo_Beads_GTATAAGCTGGG,Neo_Beads,Neonatal_Beads,9,Schwann cells,463,596.0
Neo_Beads_AAGAAACACCGA,Neo_Beads,Neonatal_Beads,6,Endothelial cells,257,332.0
Neo_Beads_TACAACCTTCCA,Neo_Beads,Neonatal_Beads,2,Schwann cells,397,482.0
Neo_Beads_GTCGACCACACC,Neo_Beads,Neonatal_Beads,13,Endothelial cells,497,637.0
Neo_Beads_ATGGCACGCTAG,Neo_Beads,Neonatal_Beads,6,Endothelial cells,479,664.0
Neo_Beads_TGGCGGACGTTT,Neo_Beads,Neonatal_Beads,9,Schwann cells,443,661.0
Neo_Beads_ATTACTGACAAT,Neo_Beads,Neonatal_Beads,13,Endothelial cells,348,483.0
Neo_Beads_TCAAGGGAACGC,Neo_Beads,Neonatal_Beads,17,Schwann cells,413,541.0
Neo_Beads_CTTTAGCTAGGA,Neo_Beads,Neonatal_Beads,0,Mesenchymal cells,305,417.0
Neo_Beads_TACAATTTTGCA,Neo_Beads,Neonatal_Beads,10,Schwann cells,436,567.0
Neo_Beads_TCGTATGGTACC,Neo_Beads,Neonatal_Beads,10,Schwann cells,402,512.0
Neo_Beads_ACAGGTGACCCG,Neo_Beads,Neonatal_Beads,2,Schwann cells,488,603.0
Neo_Beads_TCGCCTCACAAA,Neo_Beads,Neonatal_Beads,10,Schwann cells,497,695.0
Neo_Beads_GGCCATCAAAAC,Neo_Beads,Neonatal_Beads,10,Schwann cells,458,626.0
Neo_Beads_GTTGTTGGCTTG,Neo_Beads,Neonatal_Beads,10,Schwann cells,452,589.0
Neo_Beads_AGGCTCTTGCCT,Neo_Beads,Neonatal_Beads,10,Schwann cells,537,708.0
Neo_Beads_CCGCTGCCGTGA,Neo_Beads,Neonatal_Beads,9,Schwann cells,464,664.0
Neo_Beads_ACCTGCGTACTT,Neo_Beads,Neonatal_Beads,1,Mesenchymal cells,489,757.0
Neo_Beads_CGCTATCAGTGG,Neo_Beads,Neonatal_Beads,9,Schwann cells,434,610.0
Neo_Beads_GAAAATGGTAAC,Neo_Beads,Neonatal_Beads,9,Schwann cells,454,617.0
Neo_Beads_TGCATCCAACAG,Neo_Beads,Neonatal_Beads,0,Mesenchymal cells,446,532.0
Neo_Beads_CCTGGGGTGTAA,Neo_Beads,Neonatal_Beads,10,Schwann cells,440,553.0
Neo_Beads_CTTGGACCGTGA,Neo_Beads,Neonatal_Beads,7,Pericytes/VSM,496,752.0
Neo_Beads_CTAACTGCAAGA,Neo_Beads,Neonatal_Beads,14,Lymphocytes,398,523.0
Neo_Beads_CTTTGGGTGTTT,Neo_Beads,Neonatal_Beads,17,Schwann cells,382,498.0
Neo_Beads_CACTTACAATCA,Neo_Beads,Neonatal_Beads,12,Schwann cells,281,360.0
Neo_Beads_GACGCACTTAAG,Neo_Beads,Neonatal_Beads,9,Schwann cells,389,488.0
Neo_Beads_CAACCGTCTTAA,Neo_Beads,Neonatal_Beads,17,Schwann cells,416,539.0
Neo_Beads_TTCAGCTGACCG,Neo_Beads,Neonatal_Beads,14,Lymphocytes,505,775.0
Neo_Beads_GTGATGTGACCA,Neo_Beads,Neonatal_Beads,2,Schwann cells,451,652.0
Neo_Beads_TGGGAGATGCAC,Neo_Beads,Neonatal_Beads,9,Schwann cells,479,736.0
Neo_Beads_CATGAAGTTGAC,Neo_Beads,Neonatal_Beads,9,Schwann cells,487,677.0
Neo_Beads_AAATGCTGGTTG,Neo_Beads,Neonatal_Beads,2,Schwann cells,470,635.0
Neo_Beads_TCTCAATAAGCA,Neo_Beads,Neonatal_Beads,7,Pericytes/VSM,409,594.0
Neo_Beads_TCAGCACCTCTG,Neo_Beads,Neonatal_Beads,10,Schwann cells,453,574.0
Neo_Beads_GGATCCTGACGA,Neo_Beads,Neonatal_Beads,17,Schwann cells,377,480.0
Neo_Beads_GTAAAAGAAGCT,Neo_Beads,Neonatal_Beads,7,Pericytes/VSM,433,576.0
Neo_Beads_CTGGCAGTCCAG,Neo_Beads,Neonatal_Beads,9,Schwann cells,484,697.0
Neo_Beads_TGTTTGCCATAA,Neo_Beads,Neonatal_Beads,17,Schwann cells,440,577.0
Neo_Beads_TTCCTCTTCATA,Neo_Beads,Neonatal_Beads,10,Schwann cells,488,666.0
Neo_Beads_CCATCTGGACAA,Neo_Beads,Neonatal_Beads,10,Schwann cells,253,322.0
Neo_Beads_TAACACACTTGA,Neo_Beads,Neonatal_Beads,9,Schwann cells,404,522.0
Neo_Beads_GAATCGGCAAAT,Neo_Beads,Neonatal_Beads,12,Schwann cells,427,545.0
Neo_Beads_TTGAGATAGTCG,Neo_Beads,Neonatal_Beads,9,Schwann cells,459,609.0
Neo_Beads_GGAGCGGTTCAT,Neo_Beads,Neonatal_Beads,10,Schwann cells,497,668.0
Neo_Beads_GTGGAGGGAACG,Neo_Beads,Neonatal_Beads,6,Endothelial cells,528,845.0
Neo_Beads_CAGCGGGCGTTT,Neo_Beads,Neonatal_Beads,12,Schwann cells,266,375.0
Neo_Beads_TACCGCGAATAT,Neo_Beads,Neonatal_Beads,10,Schwann cells,423,574.0
Neo_Beads_CAGACCAATACT,Neo_Beads,Neonatal_Beads,9,Schwann cells,381,498.0
Neo_Beads_CTAAGCTCGAGA,Neo_Beads,Neonatal_Beads,16,Mast cells,368,601.0
Neo_Beads_AGCGCGTCAGTG,Neo_Beads,Neonatal_Beads,9,Schwann cells,513,668.0
Neo_Beads_GCCCTACGAAGT,Neo_Beads,Neonatal_Beads,12,Schwann cells,322,432.0
Neo_Beads_CAGATTCATATA,Neo_Beads,Neonatal_Beads,9,Schwann cells,469,618.0
Neo_Beads_TTTCACCTGTGG,Neo_Beads,Neonatal_Beads,10,Schwann cells,431,563.0
Neo_Beads_GTGTGTATCGTA,Neo_Beads,Neonatal_Beads,10,Schwann cells,645,947.0
Neo_Beads_CTGGGTGAATGC,Neo_Beads,Neonatal_Beads,10,Schwann cells,684,1065.0
Neo_Beads_CTCTGTCACCAT,Neo_Beads,Neonatal_Beads,10,Schwann cells,356,431.0
Neo_Beads_CCCCGTTATTCA,Neo_Beads,Neonatal_Beads,9,Schwann cells,484,660.0
Neo_Beads_AACCCAATGGTT,Neo_Beads,Neonatal_Beads,6,Endothelial cells,468,581.0
Neo_Beads_CGATGTAGGTAT,Neo_Beads,Neonatal_Beads,17,Schwann cells,426,568.0
Neo_Beads_TAGCCGCAACCT,Neo_Beads,Neonatal_Beads,7,Pericytes/VSM,436,659.0
Neo_Beads_TTTAGACGAGTA,Neo_Beads,Neonatal_Beads,17,Schwann cells,496,635.0
Neo_Beads_GTTTGAGGATCC,Neo_Beads,Neonatal_Beads,12,Schwann cells,511,724.0
Neo_Beads_GTGGGGGATGTG,Neo_Beads,Neonatal_Beads,10,Schwann cells,676,993.0
Neo_Beads_CTCAGCGATAGG,Neo_Beads,Neonatal_Beads,4,Endothelial cells,441,515.0
Neo_Beads_TATATCACAGCG,Neo_Beads,Neonatal_Beads,2,Schwann cells,575,803.0
Neo_Beads_GGAACGGCCAGC,Neo_Beads,Neonatal_Beads,10,Schwann cells,484,686.0
Neo_Beads_TTGTGTTTCGCG,Neo_Beads,Neonatal_Beads,12,Schwann cells,364,495.0
Neo_Beads_TCGCGAGTCAGG,Neo_Beads,Neonatal_Beads,10,Schwann cells,552,776.0
Neo_Beads_TAATGAAGGTGG,Neo_Beads,Neonatal_Beads,0,Mesenchymal cells,501,741.0
Neo_Beads_ATTATCCCATCA,Neo_Beads,Neonatal_Beads,12,Schwann cells,471,625.0
Neo_Beads_AGCAGTTTAATG,Neo_Beads,Neonatal_Beads,9,Schwann cells,460,627.0
Neo_Beads_CTATACGGATAC,Neo_Beads,Neonatal_Beads,10,Schwann cells,479,621.0
Neo_Beads_CTTGTCGGGAAA,Neo_Beads,Neonatal_Beads,12,Schwann cells,503,780.0
Neo_Beads_GTGCTGAGCCGT,Neo_Beads,Neonatal_Beads,17,Schwann cells,481,615.0
Neo_Beads_TGCGTGGTCGGG,Neo_Beads,Neonatal_Beads,6,Endothelial cells,547,816.0
Neo_Beads_TGCATCCGAGAG,Neo_Beads,Neonatal_Beads,10,Schwann cells,430,562.0
Neo_Beads_ACGTCGCCTAAC,Neo_Beads,Neonatal_Beads,9,Schwann cells,426,574.0
Neo_Beads_TATCTGTACTTG,Neo_Beads,Neonatal_Beads,0,Mesenchymal cells,384,586.0
Neo_Beads_AACTTGCCGGAA,Neo_Beads,Neonatal_Beads,17,Schwann cells,413,561.0
Neo_Beads_GAGTAGTGCCAC,Neo_Beads,Neonatal_Beads,10,Schwann cells,506,700.0
Neo_Beads_TGTACTGGCAGA,Neo_Beads,Neonatal_Beads,17,Schwann cells,518,646.0
Neo_Beads_ATGCCCGTGGTT,Neo_Beads,Neonatal_Beads,11,Macrophages,628,925.0
Neo_Beads_GGGGCCCGTGAT,Neo_Beads,Neonatal_Beads,10,Schwann cells,612,906.0
Neo_Beads_AGGTCTTTAAGG,Neo_Beads,Neonatal_Beads,10,Schwann cells,456,636.0
Neo_Beads_TGCGAGAATGAA,Neo_Beads,Neonatal_Beads,10,Schwann cells,479,592.0
Neo_Beads_GCAGAGTAGTAA,Neo_Beads,Neonatal_Beads,5,Endothelial cells,332,682.0
Neo_Beads_ACCACTCCAGCC,Neo_Beads,Neonatal_Beads,9,Schwann cells,586,859.0
Neo_Beads_GTAGACTCATGA,Neo_Beads,Neonatal_Beads,7,Pericytes/VSM,426,630.0
Neo_Beads_GTAAGGCAGAAG,Neo_Beads,Neonatal_Beads,9,Schwann cells,403,498.0
Neo_Beads_TGTGGCCGGACG,Neo_Beads,Neonatal_Beads,9,Schwann cells,463,579.0
Neo_Beads_TCTGTCACGCAA,Neo_Beads,Neonatal_Beads,10,Schwann cells,398,555.0
Neo_Beads_GCAGGGACCACG,Neo_Beads,Neonatal_Beads,12,Schwann cells,599,794.0
Neo_Beads_ATTTTACATGAG,Neo_Beads,Neonatal_Beads,3,Mesenchymal cells,465,661.0
Neo_Beads_GGTCACGGAACT,Neo_Beads,Neonatal_Beads,9,Schwann cells,486,678.0
Neo_Beads_TAATCGGGATGG,Neo_Beads,Neonatal_Beads,17,Schwann cells,394,511.0
Neo_Beads_CCCGCGTGCGGG,Neo_Beads,Neonatal_Beads,7,Pericytes/VSM,465,646.0
Neo_Beads_TTAGCCGCTCTT,Neo_Beads,Neonatal_Beads,10,Schwann cells,411,495.0
Neo_Beads_ATAGAAGGACGC,Neo_Beads,Neonatal_Beads,17,Schwann cells,525,705.0
Neo_Beads_GCGAGGCTGACG,Neo_Beads,Neonatal_Beads,9,Schwann cells,442,558.0
Neo_Beads_ATATTAACTGTT,Neo_Beads,Neonatal_Beads,10,Schwann cells,482,603.0
Neo_Beads_TCCGCCGTCTAG,Neo_Beads,Neonatal_Beads,12,Schwann cells,269,392.0
Neo_Beads_AACCCCACTAAC,Neo_Beads,Neonatal_Beads,17,Schwann cells,396,558.0
Neo_Beads_AGGACGGAGTAT,Neo_Beads,Neonatal_Beads,17,Schwann cells,569,771.0
Neo_Beads_AACGTGCGGTCC,Neo_Beads,Neonatal_Beads,1,Mesenchymal cells,313,507.0
Neo_Beads_TGCACACCGGGG,Neo_Beads,Neonatal_Beads,9,Schwann cells,399,488.0
Neo_Beads_TGGATCTGTTGG,Neo_Beads,Neonatal_Beads,7,Pericytes/VSM,394,502.0
Neo_Beads_CGCGACGTGTGC,Neo_Beads,Neonatal_Beads,4,Endothelial cells,467,607.0
Neo_Beads_CTTTTCCTACTC,Neo_Beads,Neonatal_Beads,9,Schwann cells,499,697.0
Neo_Beads_AGCTATGATAGT,Neo_Beads,Neonatal_Beads,10,Schwann cells,497,666.0
Neo_Beads_AACAGAGCAAAC,Neo_Beads,Neonatal_Beads,9,Schwann cells,426,581.0
Neo_Beads_CTTTCTAAAGAA,Neo_Beads,Neonatal_Beads,7,Pericytes/VSM,407,560.0
Neo_Beads_TTCAGACTAAGG,Neo_Beads,Neonatal_Beads,9,Schwann cells,399,540.0
Neo_Beads_ATATGACTCTGT,Neo_Beads,Neonatal_Beads,12,Schwann cells,437,578.0
Neo_Beads_CGCGAAGAATAT,Neo_Beads,Neonatal_Beads,17,Schwann cells,532,724.0
Neo_Beads_CAACAGTATTTA,Neo_Beads,Neonatal_Beads,9,Schwann cells,459,616.0
Neo_Beads_AGAATGTTGCAC,Neo_Beads,Neonatal_Beads,12,Schwann cells,575,836.0
Neo_Beads_GCACTCCTGGAT,Neo_Beads,Neonatal_Beads,17,Schwann cells,504,701.0
Neo_Beads_CCATGTGTACTA,Neo_Beads,Neonatal_Beads,17,Schwann cells,357,454.0
Neo_Beads_GATAATCTCGTA,Neo_Beads,Neonatal_Beads,7,Pericytes/VSM,503,680.0
Neo_Beads_CGTTGGGATGAA,Neo_Beads,Neonatal_Beads,9,Schwann cells,457,560.0
Neo_Beads_TCTCGGAAAGCC,Neo_Beads,Neonatal_Beads,17,Schwann cells,392,536.0
Neo_Beads_GGTCCGGCCCAC,Neo_Beads,Neonatal_Beads,17,Schwann cells,467,629.0
Neo_Beads_TTTTTGGGCGGG,Neo_Beads,Neonatal_Beads,17,Schwann cells,475,715.0
Neo_Beads_GGTGCCTCTAAC,Neo_Beads,Neonatal_Beads,10,Schwann cells,601,900.0
Neo_Beads_TGAGCAATTTGA,Neo_Beads,Neonatal_Beads,9,Schwann cells,496,672.0
Neo_Beads_CATACTGTGCAG,Neo_Beads,Neonatal_Beads,0,Mesenchymal cells,532,911.0
Neo_Beads_ATTGGGGCCAAG,Neo_Beads,Neonatal_Beads,10,Schwann cells,406,517.0
Neo_Beads_TCATCGAATCAC,Neo_Beads,Neonatal_Beads,10,Schwann cells,456,616.0
Neo_Beads_TCCTTCCCATAG,Neo_Beads,Neonatal_Beads,17,Schwann cells,450,605.0
Neo_Beads_GTATGTAGTGTA,Neo_Beads,Neonatal_Beads,10,Schwann cells,450,553.0
Neo_Beads_TTTGAGCATTGC,Neo_Beads,Neonatal_Beads,0,Mesenchymal cells,303,410.0
Neo_Beads_TTATACAACGGC,Neo_Beads,Neonatal_Beads,6,Endothelial cells,460,570.0
Neo_Beads_ATCAATATCCAA,Neo_Beads,Neonatal_Beads,4,Endothelial cells,388,499.0
Neo_Beads_CGTCCCTACTAG,Neo_Beads,Neonatal_Beads,9,Schwann cells,408,511.0
Neo_Beads_CGCGACATTGGG,Neo_Beads,Neonatal_Beads,9,Schwann cells,524,701.0
Neo_Beads_GCAACCACTTCT,Neo_Beads,Neonatal_Beads,17,Schwann cells,359,498.0
Neo_Beads_TTATTGGACCAC,Neo_Beads,Neonatal_Beads,9,Schwann cells,491,658.0
Neo_Beads_TGGTGGATAACG,Neo_Beads,Neonatal_Beads,10,Schwann cells,516,662.0
Neo_Beads_AGCTGCTAGGAT,Neo_Beads,Neonatal_Beads,17,Schwann cells,507,741.0
Neo_Beads_GTACTATGATTT,Neo_Beads,Neonatal_Beads,9,Schwann cells,307,411.0
Neo_Beads_TAGTTCTCCAGT,Neo_Beads,Neonatal_Beads,10,Schwann cells,300,384.0
Neo_Beads_GCGCAAGAAGTT,Neo_Beads,Neonatal_Beads,17,Schwann cells,239,318.0
Neo_Beads_GTGTAGCCGTGT,Neo_Beads,Neonatal_Beads,6,Endothelial cells,552,831.0
Neo_Beads_TGTCTGAAGTTT,Neo_Beads,Neonatal_Beads,10,Schwann cells,461,603.0
Neo_Beads_GGACAGGGCGAT,Neo_Beads,Neonatal_Beads,7,Pericytes/VSM,478,680.0
Neo_Beads_AGCCAATTCCCA,Neo_Beads,Neonatal_Beads,10,Schwann cells,433,578.0
Neo_Beads_GGTTTGCACAAC,Neo_Beads,Neonatal_Beads,17,Schwann cells,405,531.0
Neo_Beads_ATTCAGCGGTGT,Neo_Beads,Neonatal_Beads,9,Schwann cells,352,441.0
Neo_Beads_ACACCGTGAGAA,Neo_Beads,Neonatal_Beads,5,Endothelial cells,499,660.0
Neo_Beads_TGCTTCTGAATA,Neo_Beads,Neonatal_Beads,2,Schwann cells,535,742.0
Neo_Beads_TGCCCTAGTTTG,Neo_Beads,Neonatal_Beads,2,Schwann cells,503,653.0
Neo_Beads_CTGCGCGCAAAA,Neo_Beads,Neonatal_Beads,13,Endothelial cells,421,614.0
Neo_Beads_ACATCGACCGCG,Neo_Beads,Neonatal_Beads,17,Schwann cells,466,595.0
Neo_Beads_GACATTCCTGGT,Neo_Beads,Neonatal_Beads,10,Schwann cells,454,648.0
Neo_Beads_CGTCGACTCTTC,Neo_Beads,Neonatal_Beads,17,Schwann cells,481,689.0
Neo_Beads_GCACGAGGGCTA,Neo_Beads,Neonatal_Beads,3,Mesenchymal cells,303,475.0
Neo_Beads_CGAAGATCATCT,Neo_Beads,Neonatal_Beads,9,Schwann cells,414,515.0
Neo_Beads_GCCTCCTGAGAA,Neo_Beads,Neonatal_Beads,17,Schwann cells,487,694.0
Neo_Beads_CTGAAAGGTTGT,Neo_Beads,Neonatal_Beads,7,Pericytes/VSM,396,546.0
Neo_Beads_CTGCCAGAACAG,Neo_Beads,Neonatal_Beads,9,Schwann cells,381,479.0
Neo_Beads_ATTTCATGATCG,Neo_Beads,Neonatal_Beads,17,Schwann cells,406,513.0
Neo_Beads_TCCATATGCACA,Neo_Beads,Neonatal_Beads,0,Mesenchymal cells,234,387.0
Neo_Beads_TCACCCAGGCTA,Neo_Beads,Neonatal_Beads,17,Schwann cells,397,503.0
Neo_Beads_GGTTGGGGACTG,Neo_Beads,Neonatal_Beads,10,Schwann cells,545,778.0
Neo_Beads_CTCATGGCACAC,Neo_Beads,Neonatal_Beads,10,Schwann cells,452,653.0
Neo_Beads_GTATACAGGGAC,Neo_Beads,Neonatal_Beads,17,Schwann cells,393,496.0
Neo_Beads_TACTGAGGTAGN,Neo_Beads,Neonatal_Beads,10,Schwann cells,370,464.0
Neo_Beads_AAGTCAAAGCAA,Neo_Beads,Neonatal_Beads,6,Endothelial cells,312,438.0
Neo_Beads_TTCCCACCTAGC,Neo_Beads,Neonatal_Beads,9,Schwann cells,427,578.0
Neo_Beads_TTCTTCCTGGCA,Neo_Beads,Neonatal_Beads,3,Mesenchymal cells,434,547.0
Neo_Beads_TAAATGGGCACT,Neo_Beads,Neonatal_Beads,9,Schwann cells,436,547.0
Neo_Beads_GTCAGTGGCATG,Neo_Beads,Neonatal_Beads,17,Schwann cells,384,468.0
Neo_Beads_AGCCGTACGTGC,Neo_Beads,Neonatal_Beads,9,Schwann cells,510,685.0
Neo_Beads_CTTGAAGGCTCT,Neo_Beads,Neonatal_Beads,17,Schwann cells,407,552.0
Neo_Beads_AGATTCTGCGGG,Neo_Beads,Neonatal_Beads,17,Schwann cells,483,691.0
Neo_Beads_CGTGGGTAGTGC,Neo_Beads,Neonatal_Beads,0,Mesenchymal cells,392,637.0
Neo_Beads_CACGTATGATAG,Neo_Beads,Neonatal_Beads,12,Schwann cells,345,460.0
Neo_Beads_TAATACTAAATA,Neo_Beads,Neonatal_Beads,3,Mesenchymal cells,551,839.0
Neo_Beads_TCAGAAGAGTCA,Neo_Beads,Neonatal_Beads,10,Schwann cells,448,561.0
Neo_Beads_AGTCAAGACCCC,Neo_Beads,Neonatal_Beads,2,Schwann cells,511,658.0
Neo_Beads_TTTGGTTGCGCT,Neo_Beads,Neonatal_Beads,10,Schwann cells,434,621.0
Neo_Beads_TGGGTCATTACG,Neo_Beads,Neonatal_Beads,10,Schwann cells,455,613.0
Neo_Beads_CCGTAACTAACA,Neo_Beads,Neonatal_Beads,8,Schwann cells,384,507.0
Neo_Beads_AATTTGAACCTT,Neo_Beads,Neonatal_Beads,9,Schwann cells,387,529.0
Neo_Beads_ACGTAGACGCCT,Neo_Beads,Neonatal_Beads,12,Schwann cells,512,707.0
Neo_Beads_ACTCAAATTTCA,Neo_Beads,Neonatal_Beads,7,Pericytes/VSM,404,565.0
Neo_Beads_ACTGATTGTTTG,Neo_Beads,Neonatal_Beads,12,Schwann cells,228,313.0
Neo_Beads_GGGGTCGGAAGG,Neo_Beads,Neonatal_Beads,17,Schwann cells,717,1193.0
Neo_Beads_TACAACGTCTGG,Neo_Beads,Neonatal_Beads,10,Schwann cells,506,706.0
Neo_Beads_ACGCTGTTACAT,Neo_Beads,Neonatal_Beads,9,Schwann cells,436,599.0
Neo_Beads_TCGCTCCATATT,Neo_Beads,Neonatal_Beads,2,Schwann cells,430,546.0
Neo_Beads_TTGTATCATAAA,Neo_Beads,Neonatal_Beads,3,Mesenchymal cells,335,530.0
Neo_Beads_AAATCCTGGACG,Neo_Beads,Neonatal_Beads,9,Schwann cells,490,654.0
Neo_Beads_CTACGCTCCTGG,Neo_Beads,Neonatal_Beads,9,Schwann cells,459,638.0
Neo_Beads_ATTGCCTGCAAN,Neo_Beads,Neonatal_Beads,10,Schwann cells,437,566.0
Neo_Beads_AGATCTAACCGG,Neo_Beads,Neonatal_Beads,4,Endothelial cells,481,714.0
Neo_Beads_AAACCTTGAACA,Neo_Beads,Neonatal_Beads,10,Schwann cells,402,537.0
Neo_Beads_TAATATGAAGCC,Neo_Beads,Neonatal_Beads,12,Schwann cells,274,386.0
Neo_Beads_GCTACTTGAACC,Neo_Beads,Neonatal_Beads,4,Endothelial cells,452,608.0
Neo_Beads_ATCGTCTCATGC,Neo_Beads,Neonatal_Beads,4,Endothelial cells,283,331.0
Neo_Beads_AGGGGTGGTTCA,Neo_Beads,Neonatal_Beads,9,Schwann cells,523,776.0
Neo_Beads_GTCTCGGGAAAT,Neo_Beads,Neonatal_Beads,13,Endothelial cells,267,357.0
Neo_Beads_TCGACTGCTTAT,Neo_Beads,Neonatal_Beads,1,Mesenchymal cells,382,548.0
Neo_Beads_TGCGCTGGAGTT,Neo_Beads,Neonatal_Beads,2,Schwann cells,481,596.0
Neo_Beads_CCCCCACGTCAA,Neo_Beads,Neonatal_Beads,9,Schwann cells,480,645.0
Neo_Beads_CGCCCAGCCCCT,Neo_Beads,Neonatal_Beads,9,Schwann cells,456,607.0
Neo_Beads_CTCAGCCGAGGA,Neo_Beads,Neonatal_Beads,3,Mesenchymal cells,313,438.0
Neo_Beads_ACGCTAGACAGC,Neo_Beads,Neonatal_Beads,17,Schwann cells,427,532.0
Neo_Beads_CCGTTATGGAAC,Neo_Beads,Neonatal_Beads,10,Schwann cells,304,409.0
Neo_Beads_GACGTGCCTCGG,Neo_Beads,Neonatal_Beads,10,Schwann cells,332,414.0
Neo_Beads_GCTCGATTAGGG,Neo_Beads,Neonatal_Beads,9,Schwann cells,566,803.0
Neo_Beads_ATTCAGTTTCAG,Neo_Beads,Neonatal_Beads,2,Schwann cells,428,528.0
Neo_Beads_GGTGGATAGCCA,Neo_Beads,Neonatal_Beads,12,Schwann cells,543,737.0
Neo_Beads_GGGACTAGAATG,Neo_Beads,Neonatal_Beads,10,Schwann cells,476,619.0
Neo_Beads_TAAGTCCCACGC,Neo_Beads,Neonatal_Beads,9,Schwann cells,463,642.0
Neo_Beads_TGCTCACTTGAA,Neo_Beads,Neonatal_Beads,17,Schwann cells,493,630.0
Neo_Beads_AACATAAGGGTG,Neo_Beads,Neonatal_Beads,10,Schwann cells,378,518.0
Neo_Beads_ACCGTTCTATTC,Neo_Beads,Neonatal_Beads,17,Schwann cells,478,635.0
Neo_Beads_AACCCCCTCATA,Neo_Beads,Neonatal_Beads,9,Schwann cells,414,505.0
Neo_Beads_GTAGAGTCCCGT,Neo_Beads,Neonatal_Beads,11,Macrophages,413,529.0
Neo_Beads_GCCTTCGCACTT,Neo_Beads,Neonatal_Beads,17,Schwann cells,414,549.0
Neo_Beads_CCGCCGCGACCC,Neo_Beads,Neonatal_Beads,0,Mesenchymal cells,363,758.0
Neo_Beads_TGCGCATGCTAA,Neo_Beads,Neonatal_Beads,17,Schwann cells,407,514.0
Neo_Beads_TCGCGGGAGCCA,Neo_Beads,Neonatal_Beads,9,Schwann cells,461,644.0
Neo_Beads_CTAGATCAACTA,Neo_Beads,Neonatal_Beads,9,Schwann cells,393,496.0
Neo_Beads_GCTAGAATATAT,Neo_Beads,Neonatal_Beads,10,Schwann cells,453,582.0
Neo_Beads_GTTGTGAAGAGA,Neo_Beads,Neonatal_Beads,9,Schwann cells,431,570.0
Neo_Beads_CCTCTGCGCTTT,Neo_Beads,Neonatal_Beads,17,Schwann cells,519,660.0
Neo_Beads_GCTGATATTCGG,Neo_Beads,Neonatal_Beads,13,Endothelial cells,362,579.0
Neo_Beads_CAACCCGCGCAG,Neo_Beads,Neonatal_Beads,3,Mesenchymal cells,379,508.0
Neo_Beads_ATATGATCATGT,Neo_Beads,Neonatal_Beads,9,Schwann cells,480,618.0
Neo_Beads_GCACTCCTACCG,Neo_Beads,Neonatal_Beads,10,Schwann cells,346,472.0
Neo_Beads_GAAGCGGCCTCC,Neo_Beads,Neonatal_Beads,4,Endothelial cells,345,477.0
Neo_Beads_ATGACCTGATCC,Neo_Beads,Neonatal_Beads,9,Schwann cells,398,516.0
Neo_Beads_ACGATTTGGTCG,Neo_Beads,Neonatal_Beads,9,Schwann cells,405,545.0
Neo_Beads_GGTGTATATGGT,Neo_Beads,Neonatal_Beads,17,Schwann cells,543,739.0
Neo_Beads_TACAGCGCCCCA,Neo_Beads,Neonatal_Beads,10,Schwann cells,497,672.0
Neo_Beads_TACTATCAACAA,Neo_Beads,Neonatal_Beads,10,Schwann cells,457,574.0
Neo_Beads_AGATCTCCTCCC,Neo_Beads,Neonatal_Beads,11,Macrophages,455,725.0
Neo_Beads_GTACCAATAAGG,Neo_Beads,Neonatal_Beads,10,Schwann cells,327,388.0
Neo_Beads_CGAGCACTATAA,Neo_Beads,Neonatal_Beads,9,Schwann cells,396,517.0
Neo_Beads_CTAGCGAGCGAA,Neo_Beads,Neonatal_Beads,17,Schwann cells,449,590.0
Neo_Beads_CCGTACTACCGA,Neo_Beads,Neonatal_Beads,17,Schwann cells,459,602.0
Neo_Beads_CTCATTAACCCC,Neo_Beads,Neonatal_Beads,10,Schwann cells,417,492.0
Neo_Beads_TAGGCGCGACCA,Neo_Beads,Neonatal_Beads,10,Schwann cells,490,643.0
Neo_Beads_ACGCTCGTGGCC,Neo_Beads,Neonatal_Beads,9,Schwann cells,369,449.0
Neo_Beads_GGCGTAGCCCTA,Neo_Beads,Neonatal_Beads,10,Schwann cells,400,499.0
Neo_Beads_GGGGCTCATTCC,Neo_Beads,Neonatal_Beads,9,Schwann cells,737,1225.0
Neo_Beads_AACCTCAAGTGC,Neo_Beads,Neonatal_Beads,1,Mesenchymal cells,319,452.0
Neo_Beads_CCCGAGGTTAGA,Neo_Beads,Neonatal_Beads,12,Schwann cells,356,464.0
Neo_Beads_AGGGGGACCCCG,Neo_Beads,Neonatal_Beads,2,Schwann cells,469,624.0
Neo_Beads_AACACCCCAAAT,Neo_Beads,Neonatal_Beads,10,Schwann cells,345,439.0
Neo_Beads_GTCCGGCGAGTA,Neo_Beads,Neonatal_Beads,9,Schwann cells,341,444.0
Neo_Beads_ACAGATATCAGC,Neo_Beads,Neonatal_Beads,9,Schwann cells,366,496.0
Neo_Beads_TATTACAGGACA,Neo_Beads,Neonatal_Beads,10,Schwann cells,398,524.0
Neo_Beads_AGGGTCTAGAAT,Neo_Beads,Neonatal_Beads,17,Schwann cells,490,653.0
Neo_Beads_CACTGTGTTTCG,Neo_Beads,Neonatal_Beads,16,Mast cells,352,577.0
Neo_Beads_GCATGTGAAGCG,Neo_Beads,Neonatal_Beads,17,Schwann cells,539,785.0
Neo_Beads_TAGCGGTTACCT,Neo_Beads,Neonatal_Beads,4,Endothelial cells,483,676.0
Neo_Beads_CCCTCGGCAATG,Neo_Beads,Neonatal_Beads,12,Schwann cells,437,549.0
Neo_Beads_AGACCCCTCCCA,Neo_Beads,Neonatal_Beads,12,Schwann cells,479,647.0
Neo_Beads_TGCGTGAAGCGT,Neo_Beads,Neonatal_Beads,10,Schwann cells,250,309.0
Neo_Beads_GCTCTGAAAACG,Neo_Beads,Neonatal_Beads,10,Schwann cells,407,529.0
Neo_Beads_AGTATTCGAGGG,Neo_Beads,Neonatal_Beads,12,Schwann cells,476,687.0
Neo_Beads_GACAACCAGGAG,Neo_Beads,Neonatal_Beads,10,Schwann cells,465,621.0
Neo_Beads_AGTCGGTACTCT,Neo_Beads,Neonatal_Beads,17,Schwann cells,331,396.0
Neo_Beads_TAATGGGTAGAC,Neo_Beads,Neonatal_Beads,2,Schwann cells,376,482.0
Neo_Beads_GCGGTCGAATGT,Neo_Beads,Neonatal_Beads,8,Schwann cells,374,522.0
Neo_Beads_GATCCGCCCGGG,Neo_Beads,Neonatal_Beads,0,Mesenchymal cells,234,301.0
Neo_Beads_TCGCCTCCGGCC,Neo_Beads,Neonatal_Beads,0,Mesenchymal cells,403,559.0
Neo_Beads_ATCAAACGAACG,Neo_Beads,Neonatal_Beads,4,Endothelial cells,371,422.0
Neo_Beads_TAACCCGTTTGC,Neo_Beads,Neonatal_Beads,10,Schwann cells,353,460.0
Neo_Beads_TGGACTGTCTCA,Neo_Beads,Neonatal_Beads,13,Endothelial cells,333,513.0
Neo_Beads_CAGGGGCTGTTC,Neo_Beads,Neonatal_Beads,4,Endothelial cells,434,590.0
Neo_Beads_TATGGAGCGTAC,Neo_Beads,Neonatal_Beads,10,Schwann cells,506,710.0
Neo_Beads_TGAATGGCGGCT,Neo_Beads,Neonatal_Beads,10,Schwann cells,420,570.0
Neo_Beads_ACACCGCACGGG,Neo_Beads,Neonatal_Beads,7,Pericytes/VSM,466,642.0
Neo_Beads_CAGACATAGCTC,Neo_Beads,Neonatal_Beads,9,Schwann cells,367,500.0
Neo_Beads_TGTTACTAAAGG,Neo_Beads,Neonatal_Beads,7,Pericytes/VSM,416,508.0
Neo_Beads_GTATTCCCTCTT,Neo_Beads,Neonatal_Beads,9,Schwann cells,495,677.0
Neo_Beads_CCAGTGCGTTGC,Neo_Beads,Neonatal_Beads,17,Schwann cells,360,459.0
Neo_Beads_ATACAAAGAACA,Neo_Beads,Neonatal_Beads,10,Schwann cells,370,490.0
Neo_Beads_GTTTACCCACGC,Neo_Beads,Neonatal_Beads,2,Schwann cells,379,548.0
Neo_Beads_CTTGTTGGGGGT,Neo_Beads,Neonatal_Beads,9,Schwann cells,497,701.0
Neo_Beads_GGGCTGCCTCAA,Neo_Beads,Neonatal_Beads,10,Schwann cells,488,663.0
Neo_Beads_ATATCGGAAAAC,Neo_Beads,Neonatal_Beads,9,Schwann cells,344,453.0
Neo_Beads_GAGCGACTGTTA,Neo_Beads,Neonatal_Beads,3,Mesenchymal cells,335,494.0
Neo_Beads_GGCATAGCCATA,Neo_Beads,Neonatal_Beads,12,Schwann cells,372,474.0
Neo_Beads_TGCTGTGGGCAG,Neo_Beads,Neonatal_Beads,17,Schwann cells,481,629.0
Neo_Beads_CTCCCCCTGCCC,Neo_Beads,Neonatal_Beads,17,Schwann cells,393,580.0
Neo_Beads_ATCAGGAATCGG,Neo_Beads,Neonatal_Beads,10,Schwann cells,483,630.0
Neo_Beads_CCAGGCAGAATA,Neo_Beads,Neonatal_Beads,7,Pericytes/VSM,352,525.0
Neo_Beads_ACGTGTGACTCG,Neo_Beads,Neonatal_Beads,10,Schwann cells,460,610.0
Neo_Beads_TCTCGGAATAGC,Neo_Beads,Neonatal_Beads,3,Mesenchymal cells,317,456.0
Neo_Beads_GACCAGCCCTGA,Neo_Beads,Neonatal_Beads,2,Schwann cells,351,432.0
Neo_Beads_CCCAAACTACGA,Neo_Beads,Neonatal_Beads,9,Schwann cells,355,455.0
Neo_Beads_TACAGATATCCT,Neo_Beads,Neonatal_Beads,6,Endothelial cells,398,478.0
Neo_Beads_GGAGCTCACCAG,Neo_Beads,Neonatal_Beads,10,Schwann cells,462,602.0
Neo_Beads_GGCCCAAGATTA,Neo_Beads,Neonatal_Beads,4,Endothelial cells,395,594.0
Neo_Beads_GGTGCAATGAGT,Neo_Beads,Neonatal_Beads,3,Mesenchymal cells,374,561.0
Neo_Beads_TGCCACCGATTG,Neo_Beads,Neonatal_Beads,7,Pericytes/VSM,411,557.0
Neo_Beads_CATTTCAGGACT,Neo_Beads,Neonatal_Beads,17,Schwann cells,372,482.0
Neo_Beads_TTTGTGAGTTAA,Neo_Beads,Neonatal_Beads,17,Schwann cells,358,474.0
Neo_Beads_TGCTATGCGATC,Neo_Beads,Neonatal_Beads,17,Schwann cells,416,505.0
Neo_Beads_TGTGCCTAACGC,Neo_Beads,Neonatal_Beads,10,Schwann cells,338,460.0
Neo_Beads_CTCTGTGTGCGT,Neo_Beads,Neonatal_Beads,12,Schwann cells,485,686.0
Neo_Beads_AACCAGGGAATT,Neo_Beads,Neonatal_Beads,17,Schwann cells,439,543.0
Neo_Beads_GAGATGGAGCCC,Neo_Beads,Neonatal_Beads,3,Mesenchymal cells,365,534.0
Neo_Beads_TCCTGCAGTATC,Neo_Beads,Neonatal_Beads,12,Schwann cells,412,550.0
Neo_Beads_ACCTTGCGAGTT,Neo_Beads,Neonatal_Beads,17,Schwann cells,306,411.0
Neo_Beads_ATACTCAGCGAG,Neo_Beads,Neonatal_Beads,9,Schwann cells,416,569.0
Neo_Beads_GTTGCTGTAACG,Neo_Beads,Neonatal_Beads,10,Schwann cells,372,492.0
Neo_Beads_TCGTGGTGAACA,Neo_Beads,Neonatal_Beads,2,Schwann cells,326,398.0
Neo_Beads_CTTTATTTAGTG,Neo_Beads,Neonatal_Beads,17,Schwann cells,371,494.0
Neo_Beads_GATTCATACGGG,Neo_Beads,Neonatal_Beads,4,Endothelial cells,455,695.0
Neo_Beads_AGATGAGTCTTG,Neo_Beads,Neonatal_Beads,10,Schwann cells,464,584.0
Neo_Beads_GAATTCTGCACT,Neo_Beads,Neonatal_Beads,17,Schwann cells,457,587.0
Neo_Beads_TAGTTGAGGATG,Neo_Beads,Neonatal_Beads,9,Schwann cells,397,517.0
Neo_Beads_TGAATGGGGGCC,Neo_Beads,Neonatal_Beads,9,Schwann cells,454,634.0
Neo_Beads_ACTCTAAAAAGG,Neo_Beads,Neonatal_Beads,17,Schwann cells,354,436.0
Neo_Beads_AAAGAAGCGCTT,Neo_Beads,Neonatal_Beads,7,Pericytes/VSM,380,511.0
Neo_Beads_TCCCAAGACACA,Neo_Beads,Neonatal_Beads,17,Schwann cells,409,531.0
Neo_Beads_AGGGTTGCTCTG,Neo_Beads,Neonatal_Beads,12,Schwann cells,495,672.0
Neo_Beads_GACATAAGGTGC,Neo_Beads,Neonatal_Beads,9,Schwann cells,442,598.0
Neo_Beads_ATTAAAACAGCG,Neo_Beads,Neonatal_Beads,10,Schwann cells,419,525.0
Neo_Beads_CACGGCGTCGGA,Neo_Beads,Neonatal_Beads,17,Schwann cells,334,427.0
Neo_Beads_TATAGGAGTTGA,Neo_Beads,Neonatal_Beads,13,Endothelial cells,494,644.0
Neo_Beads_TTCTCCCAGTCC,Neo_Beads,Neonatal_Beads,9,Schwann cells,403,535.0
Neo_Beads_AGGGTTCCATAG,Neo_Beads,Neonatal_Beads,9,Schwann cells,466,646.0
Neo_Beads_GGTAGCCCAAGC,Neo_Beads,Neonatal_Beads,12,Schwann cells,344,495.0
Neo_Beads_AGAGAGGAAGGG,Neo_Beads,Neonatal_Beads,9,Schwann cells,452,602.0
Neo_Beads_CGTGTTGCGTAC,Neo_Beads,Neonatal_Beads,9,Schwann cells,401,506.0
Neo_Beads_AGAGAGATCTTC,Neo_Beads,Neonatal_Beads,10,Schwann cells,334,398.0
Neo_Beads_GCGAGTTATTCC,Neo_Beads,Neonatal_Beads,12,Schwann cells,335,595.0
Neo_Beads_GTGTCCGAGATT,Neo_Beads,Neonatal_Beads,7,Pericytes/VSM,366,563.0
Neo_Beads_GAAGGTATTTCT,Neo_Beads,Neonatal_Beads,9,Schwann cells,407,514.0
Neo_Beads_TAATACCAAAAC,Neo_Beads,Neonatal_Beads,0,Mesenchymal cells,200,345.0
Neo_Beads_GCCGCCGCGCAT,Neo_Beads,Neonatal_Beads,1,Mesenchymal cells,477,743.0
Neo_Beads_GTTGGGTATCAG,Neo_Beads,Neonatal_Beads,9,Schwann cells,384,495.0
Neo_Beads_CCGGGTTGGATT,Neo_Beads,Neonatal_Beads,17,Schwann cells,425,565.0
Neo_Beads_GTGACGGATGCA,Neo_Beads,Neonatal_Beads,9,Schwann cells,494,682.0
Neo_Beads_AAGCTGTGAATC,Neo_Beads,Neonatal_Beads,1,Mesenchymal cells,413,594.0
Neo_Beads_GTTGGCACGAGG,Neo_Beads,Neonatal_Beads,9,Schwann cells,364,474.0
Neo_Beads_CTTTCGTGCGTT,Neo_Beads,Neonatal_Beads,1,Mesenchymal cells,265,469.0
Neo_Beads_GTCAACGCCTTA,Neo_Beads,Neonatal_Beads,7,Pericytes/VSM,358,434.0
Neo_Beads_GGCTCTGAGCGC,Neo_Beads,Neonatal_Beads,10,Schwann cells,452,622.0
Neo_Beads_ACGAGATCCAAT,Neo_Beads,Neonatal_Beads,7,Pericytes/VSM,421,553.0
Neo_Beads_TCCACTTAGACA,Neo_Beads,Neonatal_Beads,10,Schwann cells,374,483.0
Neo_Beads_AAAACCGATACC,Neo_Beads,Neonatal_Beads,2,Schwann cells,250,314.0
Neo_Beads_AAGCGGTGTGCC,Neo_Beads,Neonatal_Beads,2,Schwann cells,307,379.0
Neo_Beads_TACTGGAACTCT,Neo_Beads,Neonatal_Beads,10,Schwann cells,297,371.0
Neo_Beads_CGTCGCGTAGCG,Neo_Beads,Neonatal_Beads,2,Schwann cells,398,521.0
Neo_Beads_GGAGAGGGTTGC,Neo_Beads,Neonatal_Beads,2,Schwann cells,435,594.0
Neo_Beads_ATGACACTAATC,Neo_Beads,Neonatal_Beads,10,Schwann cells,512,697.0
Neo_Beads_AGAACCTCATAG,Neo_Beads,Neonatal_Beads,2,Schwann cells,478,583.0
Neo_Beads_CACAGAGTGAGN,Neo_Beads,Neonatal_Beads,9,Schwann cells,361,469.0
Neo_Beads_GACTGATCCATC,Neo_Beads,Neonatal_Beads,0,Mesenchymal cells,324,473.0
Neo_Beads_GCCAGACCGACT,Neo_Beads,Neonatal_Beads,2,Schwann cells,341,451.0
Neo_Beads_GATGACCGGTCC,Neo_Beads,Neonatal_Beads,17,Schwann cells,459,602.0
Neo_Beads_ATGAACCTCAAC,Neo_Beads,Neonatal_Beads,12,Schwann cells,417,558.0
Neo_Beads_AGTTGGTCATCC,Neo_Beads,Neonatal_Beads,17,Schwann cells,441,576.0
Neo_Beads_GTGGGCGGGACG,Neo_Beads,Neonatal_Beads,9,Schwann cells,521,711.0
Neo_Beads_TAAACCAGGACG,Neo_Beads,Neonatal_Beads,9,Schwann cells,396,490.0
Neo_Beads_CTTGCAGGCATG,Neo_Beads,Neonatal_Beads,4,Endothelial cells,395,552.0
Neo_Beads_TAATGGCCCTTC,Neo_Beads,Neonatal_Beads,12,Schwann cells,246,311.0
Neo_Beads_ATCGGTCGTCCA,Neo_Beads,Neonatal_Beads,12,Schwann cells,455,619.0
Neo_Beads_GAATATCCCCGC,Neo_Beads,Neonatal_Beads,17,Schwann cells,390,480.0
Neo_Beads_CAAGTATATAAC,Neo_Beads,Neonatal_Beads,13,Endothelial cells,526,661.0
Neo_Beads_GCACTCGGTGTA,Neo_Beads,Neonatal_Beads,0,Mesenchymal cells,424,670.0
Neo_Beads_CCATTCTAGCGC,Neo_Beads,Neonatal_Beads,13,Endothelial cells,220,435.0
Neo_Beads_AGTCCATAGTCC,Neo_Beads,Neonatal_Beads,10,Schwann cells,432,554.0
Neo_Beads_CCATCTTGCGCC,Neo_Beads,Neonatal_Beads,17,Schwann cells,386,513.0
Neo_Beads_GCTGAGTCTACG,Neo_Beads,Neonatal_Beads,4,Endothelial cells,313,396.0
Neo_Beads_GTGACTCATTTA,Neo_Beads,Neonatal_Beads,17,Schwann cells,430,563.0
Neo_Beads_CTCTCTCCTGAC,Neo_Beads,Neonatal_Beads,3,Mesenchymal cells,375,485.0
Neo_Beads_TTTGCTGAACAG,Neo_Beads,Neonatal_Beads,2,Schwann cells,459,610.0
Neo_Beads_TCTGCTCGGTGT,Neo_Beads,Neonatal_Beads,0,Mesenchymal cells,469,730.0
Neo_Beads_GGCCTGCTCATA,Neo_Beads,Neonatal_Beads,17,Schwann cells,357,455.0
Neo_Beads_TCGTCGACGCGC,Neo_Beads,Neonatal_Beads,10,Schwann cells,466,694.0
Neo_Beads_CTTCATTAGGCC,Neo_Beads,Neonatal_Beads,10,Schwann cells,376,506.0
Neo_Beads_TAGACGGGCTGA,Neo_Beads,Neonatal_Beads,3,Mesenchymal cells,441,589.0
Neo_Beads_AGCTACCGAAAT,Neo_Beads,Neonatal_Beads,9,Schwann cells,429,575.0
Neo_Beads_GAGTGCAAGTAT,Neo_Beads,Neonatal_Beads,17,Schwann cells,398,491.0
Neo_Beads_CGACATGGATCG,Neo_Beads,Neonatal_Beads,12,Schwann cells,256,326.0
Neo_Beads_CCACACAACAAA,Neo_Beads,Neonatal_Beads,9,Schwann cells,364,472.0
Neo_Beads_CATGCATGTCAC,Neo_Beads,Neonatal_Beads,17,Schwann cells,389,484.0
Neo_Beads_ACCTGCAAGAGA,Neo_Beads,Neonatal_Beads,17,Schwann cells,422,559.0
Neo_Beads_GCTCAAAACAGT,Neo_Beads,Neonatal_Beads,7,Pericytes/VSM,391,533.0
Neo_Beads_GTTGGACCGAAT,Neo_Beads,Neonatal_Beads,7,Pericytes/VSM,387,491.0
Neo_Beads_CTCTCGCATGGA,Neo_Beads,Neonatal_Beads,3,Mesenchymal cells,280,377.0
Neo_Beads_CTTCAGGCAGGG,Neo_Beads,Neonatal_Beads,9,Schwann cells,482,658.0
Neo_Beads_TACGCACATATA,Neo_Beads,Neonatal_Beads,9,Schwann cells,453,623.0
Neo_Beads_ACGAATCTTAGA,Neo_Beads,Neonatal_Beads,6,Endothelial cells,316,437.0
Neo_Beads_TTCCGCCGTCAC,Neo_Beads,Neonatal_Beads,17,Schwann cells,344,420.0
Neo_Beads_TCCATCTCACGA,Neo_Beads,Neonatal_Beads,17,Schwann cells,336,495.0
Neo_Beads_ACAGCAAGAGTT,Neo_Beads,Neonatal_Beads,10,Schwann cells,389,525.0
Neo_Beads_CGAACGCCGGTT,Neo_Beads,Neonatal_Beads,0,Mesenchymal cells,405,606.0
Neo_Beads_GTATAGTTCGGG,Neo_Beads,Neonatal_Beads,17,Schwann cells,397,507.0
Neo_Beads_TCATGCTCTTAT,Neo_Beads,Neonatal_Beads,9,Schwann cells,367,481.0
Neo_Beads_GCATCTCTGAAT,Neo_Beads,Neonatal_Beads,17,Schwann cells,392,514.0
Neo_Beads_TACGTGTCATCA,Neo_Beads,Neonatal_Beads,0,Mesenchymal cells,274,352.0
Neo_Beads_CCTCGGACGTTC,Neo_Beads,Neonatal_Beads,4,Endothelial cells,288,405.0
Neo_Beads_GGATATGGGCGG,Neo_Beads,Neonatal_Beads,13,Endothelial cells,366,500.0
Neo_Beads_CATGACCGGTGG,Neo_Beads,Neonatal_Beads,17,Schwann cells,410,562.0
Neo_Beads_CCGAGTGGGGGT,Neo_Beads,Neonatal_Beads,17,Schwann cells,364,486.0
Neo_Beads_GGATGTCGATCA,Neo_Beads,Neonatal_Beads,17,Schwann cells,454,598.0
Neo_Beads_GTTTGTGGGCCT,Neo_Beads,Neonatal_Beads,9,Schwann cells,486,727.0
Neo_Beads_TCTCATAAGAGC,Neo_Beads,Neonatal_Beads,17,Schwann cells,302,393.0
Neo_Beads_GGTTGCGTCGTA,Neo_Beads,Neonatal_Beads,17,Schwann cells,401,530.0
Neo_Beads_GGGGTACAACTT,Neo_Beads,Neonatal_Beads,5,Endothelial cells,330,425.0
Neo_Beads_CTTACAAATTTT,Neo_Beads,Neonatal_Beads,10,Schwann cells,260,321.0
Neo_Beads_AACGCGAAAGCC,Neo_Beads,Neonatal_Beads,17,Schwann cells,339,425.0
Neo_Beads_CTGTGTGTGTAT,Neo_Beads,Neonatal_Beads,10,Schwann cells,437,578.0
Neo_Beads_GGACTTCCATGG,Neo_Beads,Neonatal_Beads,17,Schwann cells,356,447.0
Neo_Beads_CGTCTCTAAGTC,Neo_Beads,Neonatal_Beads,7,Pericytes/VSM,368,512.0
Neo_Beads_TCCGATTTTGAC,Neo_Beads,Neonatal_Beads,6,Endothelial cells,339,440.0
Neo_Beads_TTTAGTTCGGCT,Neo_Beads,Neonatal_Beads,0,Mesenchymal cells,285,503.0
Neo_Beads_CCTACGCGCCAC,Neo_Beads,Neonatal_Beads,17,Schwann cells,273,355.0
Neo_Beads_ATAAATGAAGTT,Neo_Beads,Neonatal_Beads,2,Schwann cells,444,570.0
Neo_Beads_TAATGGTCAATC,Neo_Beads,Neonatal_Beads,17,Schwann cells,411,539.0
Neo_Beads_TACGCCGAGTCC,Neo_Beads,Neonatal_Beads,9,Schwann cells,466,594.0
Neo_Beads_GCCACGCTTCCG,Neo_Beads,Neonatal_Beads,6,Endothelial cells,374,450.0
Neo_Beads_ACAATCACTGAC,Neo_Beads,Neonatal_Beads,10,Schwann cells,363,452.0
Neo_Beads_TAGTTTGGCCTT,Neo_Beads,Neonatal_Beads,2,Schwann cells,241,309.0
Neo_Beads_AGAGGTGAGCAT,Neo_Beads,Neonatal_Beads,17,Schwann cells,504,719.0
Neo_Beads_CGGTAGTAATTG,Neo_Beads,Neonatal_Beads,2,Schwann cells,267,343.0
Neo_Beads_GGACGAGTATGA,Neo_Beads,Neonatal_Beads,9,Schwann cells,422,540.0
Neo_Beads_CGACTTCTACGA,Neo_Beads,Neonatal_Beads,17,Schwann cells,380,487.0
Neo_Beads_TCCGGTACCAGC,Neo_Beads,Neonatal_Beads,12,Schwann cells,396,519.0
Neo_Beads_CTGGGAGTCGCT,Neo_Beads,Neonatal_Beads,12,Schwann cells,512,789.0
Neo_Beads_GGGATGTGACCC,Neo_Beads,Neonatal_Beads,9,Schwann cells,416,588.0
Neo_Beads_GCAGCCTCCTCC,Neo_Beads,Neonatal_Beads,9,Schwann cells,403,529.0
Neo_Beads_GAATCTTCAATT,Neo_Beads,Neonatal_Beads,17,Schwann cells,285,392.0
Neo_Beads_AAGCGGTTTAAG,Neo_Beads,Neonatal_Beads,12,Schwann cells,495,679.0
Neo_Beads_CAACAAGCGGCC,Neo_Beads,Neonatal_Beads,10,Schwann cells,511,730.0
Neo_Beads_ACGTAGGTGGTA,Neo_Beads,Neonatal_Beads,9,Schwann cells,421,559.0
Neo_Beads_ACAATAGCTGAG,Neo_Beads,Neonatal_Beads,2,Schwann cells,427,541.0
Neo_Beads_AGGGTTTCAGAT,Neo_Beads,Neonatal_Beads,10,Schwann cells,435,574.0
Neo_Beads_CAGCGCCATGAA,Neo_Beads,Neonatal_Beads,17,Schwann cells,375,494.0
Neo_Beads_TCGATGTATTGT,Neo_Beads,Neonatal_Beads,17,Schwann cells,349,471.0
Neo_Beads_TTATATCAACCC,Neo_Beads,Neonatal_Beads,9,Schwann cells,433,565.0
Neo_Beads_CGGCGGCTATAT,Neo_Beads,Neonatal_Beads,7,Pericytes/VSM,443,610.0
Neo_Beads_AACTTGGGTCAC,Neo_Beads,Neonatal_Beads,2,Schwann cells,320,377.0
Neo_Beads_GGTCTCCATTGG,Neo_Beads,Neonatal_Beads,9,Schwann cells,442,606.0
Neo_Beads_TAACATAGGGCC,Neo_Beads,Neonatal_Beads,12,Schwann cells,232,288.0
Neo_Beads_GAGGGATAAAAC,Neo_Beads,Neonatal_Beads,10,Schwann cells,415,538.0
Neo_Beads_ATGTTACATGAG,Neo_Beads,Neonatal_Beads,0,Mesenchymal cells,243,515.0
Neo_Beads_GACCGCCCCTCA,Neo_Beads,Neonatal_Beads,7,Pericytes/VSM,463,640.0
Neo_Beads_GCATCTAGGAAA,Neo_Beads,Neonatal_Beads,17,Schwann cells,303,397.0
Neo_Beads_CAGTGGAGGAGT,Neo_Beads,Neonatal_Beads,9,Schwann cells,376,491.0
Neo_Beads_TACCGGTGTCAT,Neo_Beads,Neonatal_Beads,9,Schwann cells,223,272.0
Neo_Beads_GGGAAGAAATAG,Neo_Beads,Neonatal_Beads,17,Schwann cells,377,486.0
Neo_Beads_CGCCGTGTACTA,Neo_Beads,Neonatal_Beads,10,Schwann cells,491,729.0
Neo_Beads_CCCGACCATAGT,Neo_Beads,Neonatal_Beads,7,Pericytes/VSM,243,359.0
Neo_Beads_CTTGCTCTATGA,Neo_Beads,Neonatal_Beads,4,Endothelial cells,435,627.0
Neo_Beads_TAAGATAACACT,Neo_Beads,Neonatal_Beads,1,Mesenchymal cells,431,581.0
Neo_Beads_GGTACCGCGTAT,Neo_Beads,Neonatal_Beads,17,Schwann cells,412,558.0
Neo_Beads_TTGTGTGTGCAG,Neo_Beads,Neonatal_Beads,10,Schwann cells,385,471.0
Neo_Beads_CGGGGTTCTCCA,Neo_Beads,Neonatal_Beads,3,Mesenchymal cells,477,663.0
Neo_Beads_AAGCCTCGACGG,Neo_Beads,Neonatal_Beads,6,Endothelial cells,438,631.0
Neo_Beads_ATAATCCAAATT,Neo_Beads,Neonatal_Beads,12,Schwann cells,384,492.0
Neo_Beads_GCTCCGGGGACC,Neo_Beads,Neonatal_Beads,17,Schwann cells,393,557.0
Neo_Beads_AAGACATGACGA,Neo_Beads,Neonatal_Beads,17,Schwann cells,352,442.0
Neo_Beads_GTGACACGGACT,Neo_Beads,Neonatal_Beads,17,Schwann cells,408,499.0
Neo_Beads_ACGGCCTAAAGG,Neo_Beads,Neonatal_Beads,2,Schwann cells,439,548.0
Neo_Beads_GGCAATAGATCT,Neo_Beads,Neonatal_Beads,9,Schwann cells,336,416.0
Neo_Beads_CTACCTCGACTC,Neo_Beads,Neonatal_Beads,7,Pericytes/VSM,322,420.0
Neo_Beads_TGACAACCACAC,Neo_Beads,Neonatal_Beads,1,Mesenchymal cells,362,492.0
Neo_Beads_TTTTTCGGATCC,Neo_Beads,Neonatal_Beads,12,Schwann cells,285,362.0
Neo_Beads_GGATAGAAAACT,Neo_Beads,Neonatal_Beads,3,Mesenchymal cells,254,339.0
Neo_Beads_ATTCACGAAGAG,Neo_Beads,Neonatal_Beads,13,Endothelial cells,253,334.0
Neo_Beads_TGCTGTCACAGA,Neo_Beads,Neonatal_Beads,7,Pericytes/VSM,368,468.0
Neo_Beads_CATAGGGTAGAC,Neo_Beads,Neonatal_Beads,17,Schwann cells,421,533.0
Neo_Beads_AGGACGCGTAAC,Neo_Beads,Neonatal_Beads,12,Schwann cells,460,661.0
Neo_Beads_TGCCTCCGACTA,Neo_Beads,Neonatal_Beads,17,Schwann cells,322,432.0
Neo_Beads_GCCTCTCAACAG,Neo_Beads,Neonatal_Beads,2,Schwann cells,298,393.0
Neo_Beads_TGTGCTTATGGG,Neo_Beads,Neonatal_Beads,17,Schwann cells,386,505.0
Neo_Beads_GAGTGCCCGTTC,Neo_Beads,Neonatal_Beads,17,Schwann cells,425,567.0
Neo_Beads_TGTCATAACTGC,Neo_Beads,Neonatal_Beads,9,Schwann cells,409,544.0
Neo_Beads_AAAGAATCAGCC,Neo_Beads,Neonatal_Beads,17,Schwann cells,316,384.0
Neo_Beads_GTGATCCGGGCG,Neo_Beads,Neonatal_Beads,17,Schwann cells,415,531.0
Neo_Beads_TATATTCTCCTA,Neo_Beads,Neonatal_Beads,10,Schwann cells,364,471.0
Neo_Beads_ATCCCCGTGTTA,Neo_Beads,Neonatal_Beads,10,Schwann cells,485,686.0
Neo_Beads_TTCTACAATCGA,Neo_Beads,Neonatal_Beads,10,Schwann cells,378,474.0
Neo_Beads_AGTAAGTAGAAC,Neo_Beads,Neonatal_Beads,9,Schwann cells,374,479.0
Neo_Beads_GCCTTGTCGCGC,Neo_Beads,Neonatal_Beads,9,Schwann cells,396,552.0
Neo_Beads_AGTTAGCCGAAC,Neo_Beads,Neonatal_Beads,0,Mesenchymal cells,356,530.0
Neo_Beads_GATACCTATTAC,Neo_Beads,Neonatal_Beads,9,Schwann cells,442,548.0
Neo_Beads_TGTCGTACAAGC,Neo_Beads,Neonatal_Beads,9,Schwann cells,411,535.0
Neo_Beads_CTTATCCAGTCG,Neo_Beads,Neonatal_Beads,9,Schwann cells,311,392.0
Neo_Beads_AAGGCGACGGTA,Neo_Beads,Neonatal_Beads,0,Mesenchymal cells,333,472.0
Neo_Beads_CACCGGATAAGA,Neo_Beads,Neonatal_Beads,6,Endothelial cells,375,430.0
Neo_Beads_AACTCTGCACGC,Neo_Beads,Neonatal_Beads,7,Pericytes/VSM,426,588.0
Neo_Beads_TATAGAAATGGC,Neo_Beads,Neonatal_Beads,10,Schwann cells,408,515.0
Neo_Beads_ACGCTTATCACG,Neo_Beads,Neonatal_Beads,17,Schwann cells,421,587.0
Neo_Beads_AGTATAACGCAA,Neo_Beads,Neonatal_Beads,17,Schwann cells,406,529.0
Neo_Beads_ATTTAACCTTCT,Neo_Beads,Neonatal_Beads,9,Schwann cells,313,410.0
Neo_Beads_CAGACTGTTGTA,Neo_Beads,Neonatal_Beads,13,Endothelial cells,397,488.0
Neo_Beads_CCCTGTTCACGC,Neo_Beads,Neonatal_Beads,9,Schwann cells,443,615.0
Neo_Beads_CGCCTGAGACCA,Neo_Beads,Neonatal_Beads,17,Schwann cells,399,532.0
Neo_Beads_AAACCGGATTAA,Neo_Beads,Neonatal_Beads,9,Schwann cells,387,482.0
Neo_Beads_TTATGATAGCGC,Neo_Beads,Neonatal_Beads,9,Schwann cells,370,493.0
Neo_Beads_AACGTTACGTCT,Neo_Beads,Neonatal_Beads,10,Schwann cells,412,569.0
Neo_Beads_ATCGCTGTGGGA,Neo_Beads,Neonatal_Beads,17,Schwann cells,414,563.0
Neo_Beads_TGGTCTCTGAGG,Neo_Beads,Neonatal_Beads,17,Schwann cells,427,587.0
Neo_Beads_ACCTGCGGTTCT,Neo_Beads,Neonatal_Beads,12,Schwann cells,399,560.0
Neo_Beads_GATCCTTCCCAC,Neo_Beads,Neonatal_Beads,17,Schwann cells,362,475.0
Neo_Beads_TAGGAAATTATA,Neo_Beads,Neonatal_Beads,10,Schwann cells,336,413.0
Neo_Beads_CCGGGTACTTAG,Neo_Beads,Neonatal_Beads,7,Pericytes/VSM,354,467.0
Neo_Beads_ATATCCCTACGC,Neo_Beads,Neonatal_Beads,17,Schwann cells,388,502.0
Neo_Beads_CTATTGATAGCC,Neo_Beads,Neonatal_Beads,12,Schwann cells,279,389.0
Neo_Beads_GTTGAACCCGAA,Neo_Beads,Neonatal_Beads,9,Schwann cells,393,548.0
Neo_Beads_GCATTGATTAGG,Neo_Beads,Neonatal_Beads,2,Schwann cells,254,294.0
Neo_Beads_TATCGCCTGGAT,Neo_Beads,Neonatal_Beads,1,Mesenchymal cells,300,403.0
Neo_Beads_TAACCTGCACAG,Neo_Beads,Neonatal_Beads,10,Schwann cells,270,330.0
Neo_Beads_ACATTTAAGAAC,Neo_Beads,Neonatal_Beads,9,Schwann cells,445,591.0
Neo_Beads_TCATGACTCTAA,Neo_Beads,Neonatal_Beads,17,Schwann cells,399,477.0
Neo_Beads_TCACAACGGAGC,Neo_Beads,Neonatal_Beads,17,Schwann cells,451,601.0
Neo_Beads_CGTTGGAAGGCC,Neo_Beads,Neonatal_Beads,7,Pericytes/VSM,385,549.0
Neo_Beads_ACGACGGAGACG,Neo_Beads,Neonatal_Beads,17,Schwann cells,375,515.0
Neo_Beads_GGCAGGTAACAT,Neo_Beads,Neonatal_Beads,12,Schwann cells,408,536.0
Neo_Beads_GCCTCTAGATGC,Neo_Beads,Neonatal_Beads,9,Schwann cells,396,537.0
Neo_Beads_CTAAAATCTTGA,Neo_Beads,Neonatal_Beads,17,Schwann cells,217,277.0
Neo_Beads_CTATAAGCTGAG,Neo_Beads,Neonatal_Beads,9,Schwann cells,464,630.0
Neo_Beads_GACGGCCGTTAC,Neo_Beads,Neonatal_Beads,17,Schwann cells,307,357.0
Neo_Beads_TCGGTGGCGGTG,Neo_Beads,Neonatal_Beads,12,Schwann cells,260,348.0
Neo_Beads_CGGGACAGGGGC,Neo_Beads,Neonatal_Beads,9,Schwann cells,491,765.0
Neo_Beads_AAAGGCTTGTTC,Neo_Beads,Neonatal_Beads,9,Schwann cells,327,416.0
Neo_Beads_CCCCACACTGCG,Neo_Beads,Neonatal_Beads,10,Schwann cells,362,453.0
Neo_Beads_CAGGATAGATTC,Neo_Beads,Neonatal_Beads,3,Mesenchymal cells,223,326.0
Neo_Beads_CGCGCAAGAAAC,Neo_Beads,Neonatal_Beads,17,Schwann cells,308,385.0
Neo_Beads_TACGCGTGCCTC,Neo_Beads,Neonatal_Beads,2,Schwann cells,427,546.0
Neo_Beads_TCCGGGACTATT,Neo_Beads,Neonatal_Beads,7,Pericytes/VSM,396,465.0
Neo_Beads_CCCAGTAATGAG,Neo_Beads,Neonatal_Beads,3,Mesenchymal cells,318,462.0
Neo_Beads_TTCGCGTGACGG,Neo_Beads,Neonatal_Beads,17,Schwann cells,327,421.0
Neo_Beads_ATCAGTGACTGC,Neo_Beads,Neonatal_Beads,10,Schwann cells,340,493.0
Neo_Beads_TGATAACCATGA,Neo_Beads,Neonatal_Beads,10,Schwann cells,380,499.0
Neo_Beads_CGGTGCAAGTAT,Neo_Beads,Neonatal_Beads,11,Macrophages,464,578.0
Neo_Beads_CGGACCGAAAAC,Neo_Beads,Neonatal_Beads,10,Schwann cells,229,290.0
Neo_Beads_GGTAACTTGTAC,Neo_Beads,Neonatal_Beads,9,Schwann cells,400,528.0
Neo_Beads_AGCATTATACGC,Neo_Beads,Neonatal_Beads,17,Schwann cells,489,675.0
Neo_Beads_CGCGAAGAATGC,Neo_Beads,Neonatal_Beads,17,Schwann cells,419,560.0
Neo_Beads_GACGCGGGGCGC,Neo_Beads,Neonatal_Beads,17,Schwann cells,443,616.0
Neo_Beads_GTTAGTGAAGTG,Neo_Beads,Neonatal_Beads,17,Schwann cells,365,462.0
Neo_Beads_CTGTGCTTCGAC,Neo_Beads,Neonatal_Beads,17,Schwann cells,266,359.0
Neo_Beads_TAACCAGAAATC,Neo_Beads,Neonatal_Beads,17,Schwann cells,354,441.0
Neo_Beads_TCCATGTCGGGA,Neo_Beads,Neonatal_Beads,10,Schwann cells,324,428.0
Neo_Beads_TTTAAACCGACT,Neo_Beads,Neonatal_Beads,3,Mesenchymal cells,293,368.0
Neo_Beads_CTTTATTACACC,Neo_Beads,Neonatal_Beads,0,Mesenchymal cells,243,369.0
Neo_Beads_GAGTTAAGGACT,Neo_Beads,Neonatal_Beads,17,Schwann cells,215,464.0
Neo_Beads_GCGCTACTCACG,Neo_Beads,Neonatal_Beads,5,Endothelial cells,370,499.0
Neo_Beads_AACTAGGGGAGA,Neo_Beads,Neonatal_Beads,17,Schwann cells,389,485.0
Neo_Beads_GCCGATAGCCCG,Neo_Beads,Neonatal_Beads,17,Schwann cells,302,377.0
Neo_Beads_AACGGTACTTCG,Neo_Beads,Neonatal_Beads,17,Schwann cells,347,466.0
Neo_Beads_GTCTAAGTCGCG,Neo_Beads,Neonatal_Beads,7,Pericytes/VSM,323,647.0
Neo_Beads_AGTTCACTATAG,Neo_Beads,Neonatal_Beads,9,Schwann cells,358,455.0
Neo_Beads_ACGCCTACGCGC,Neo_Beads,Neonatal_Beads,2,Schwann cells,422,554.0
Neo_Beads_AATGCCCCAAGA,Neo_Beads,Neonatal_Beads,7,Pericytes/VSM,404,558.0
Neo_Beads_ATAGTTGCTTGC,Neo_Beads,Neonatal_Beads,9,Schwann cells,430,560.0
Neo_Beads_CATCTCCTAATC,Neo_Beads,Neonatal_Beads,4,Endothelial cells,315,432.0
Neo_Beads_CCCTCACGTTGT,Neo_Beads,Neonatal_Beads,7,Pericytes/VSM,318,455.0
Neo_Beads_TATTAGCCCGGC,Neo_Beads,Neonatal_Beads,9,Schwann cells,385,522.0
Neo_Beads_ATGCTGATAAAA,Neo_Beads,Neonatal_Beads,12,Schwann cells,346,411.0
Neo_Beads_CGGCTCGGTACT,Neo_Beads,Neonatal_Beads,3,Mesenchymal cells,315,398.0
Neo_Beads_CTCCTCAATTCT,Neo_Beads,Neonatal_Beads,17,Schwann cells,362,430.0
Neo_Beads_TCAGTGGGAAAC,Neo_Beads,Neonatal_Beads,17,Schwann cells,339,466.0
Neo_Beads_GTATTCTGAGTC,Neo_Beads,Neonatal_Beads,17,Schwann cells,313,398.0
Neo_Beads_GAAATTTTATCT,Neo_Beads,Neonatal_Beads,0,Mesenchymal cells,233,344.0
Neo_Beads_TTATAGTAGAAA,Neo_Beads,Neonatal_Beads,17,Schwann cells,349,419.0
Neo_Beads_CCCGACGACTAC,Neo_Beads,Neonatal_Beads,5,Endothelial cells,313,427.0
Neo_Beads_TTCCAACCGCTG,Neo_Beads,Neonatal_Beads,3,Mesenchymal cells,291,367.0
Neo_Beads_CTGTCGGAACAA,Neo_Beads,Neonatal_Beads,9,Schwann cells,393,518.0
Neo_Beads_TTTCGGTTAGAA,Neo_Beads,Neonatal_Beads,10,Schwann cells,419,550.0
Neo_Beads_AAACATTGCATT,Neo_Beads,Neonatal_Beads,9,Schwann cells,314,387.0
Neo_Beads_TAGGACCAGAGC,Neo_Beads,Neonatal_Beads,17,Schwann cells,419,591.0
Neo_Beads_TAGAGGCACAAA,Neo_Beads,Neonatal_Beads,10,Schwann cells,340,437.0
Neo_Beads_AATAATCATCCG,Neo_Beads,Neonatal_Beads,9,Schwann cells,414,528.0
Neo_Beads_CGAAGCGGCTCC,Neo_Beads,Neonatal_Beads,17,Schwann cells,335,445.0
Neo_Beads_ACGGTCGCACAC,Neo_Beads,Neonatal_Beads,9,Schwann cells,409,511.0
Neo_Beads_CGTTTATTACTG,Neo_Beads,Neonatal_Beads,10,Schwann cells,240,280.0
Neo_Beads_GTACCGGGTCCC,Neo_Beads,Neonatal_Beads,6,Endothelial cells,261,314.0
Neo_Beads_CTCGCGATGGGA,Neo_Beads,Neonatal_Beads,9,Schwann cells,386,515.0
Neo_Beads_AAGGGCTCGATA,Neo_Beads,Neonatal_Beads,1,Mesenchymal cells,369,515.0
Neo_Beads_CAACACTTATTA,Neo_Beads,Neonatal_Beads,17,Schwann cells,338,420.0
Neo_Beads_TAAAGCTATATA,Neo_Beads,Neonatal_Beads,9,Schwann cells,400,509.0
Neo_Beads_GTTCAAACGGCG,Neo_Beads,Neonatal_Beads,8,Schwann cells,340,452.0
Neo_Beads_TCACGCAGCGGA,Neo_Beads,Neonatal_Beads,12,Schwann cells,307,368.0
Neo_Beads_ATCCACGACGAA,Neo_Beads,Neonatal_Beads,0,Mesenchymal cells,297,425.0
Neo_Beads_TTTAGCACCGAC,Neo_Beads,Neonatal_Beads,7,Pericytes/VSM,324,404.0
Neo_Beads_GTCTATCCTATT,Neo_Beads,Neonatal_Beads,3,Mesenchymal cells,286,382.0
Neo_Beads_CGCTATACTCAG,Neo_Beads,Neonatal_Beads,3,Mesenchymal cells,308,472.0
Neo_Beads_AACCAAGAATCT,Neo_Beads,Neonatal_Beads,9,Schwann cells,288,369.0
Neo_Beads_AAAACAGGGTAT,Neo_Beads,Neonatal_Beads,0,Mesenchymal cells,219,316.0
Neo_Beads_GGATTCCGCACC,Neo_Beads,Neonatal_Beads,10,Schwann cells,345,459.0
Neo_Beads_AAGTCGGGTCCA,Neo_Beads,Neonatal_Beads,4,Endothelial cells,333,456.0
Neo_Beads_GGGCTCTACTCC,Neo_Beads,Neonatal_Beads,0,Mesenchymal cells,311,559.0
Neo_Beads_TGTCATGGCGAC,Neo_Beads,Neonatal_Beads,5,Endothelial cells,267,327.0
Neo_Beads_AAGATGTGACAA,Neo_Beads,Neonatal_Beads,9,Schwann cells,410,528.0
Neo_Beads_GCTACGGAGGTA,Neo_Beads,Neonatal_Beads,9,Schwann cells,325,414.0
Neo_Beads_CACAGCTGTTAG,Neo_Beads,Neonatal_Beads,13,Endothelial cells,244,346.0
Neo_Beads_GGATTCTTATGT,Neo_Beads,Neonatal_Beads,13,Endothelial cells,424,573.0
Neo_Beads_ATCAAGGACCCA,Neo_Beads,Neonatal_Beads,17,Schwann cells,263,332.0
Neo_Beads_GCCCCGACAGGG,Neo_Beads,Neonatal_Beads,12,Schwann cells,450,632.0
Neo_Beads_AGATTGGGTGGC,Neo_Beads,Neonatal_Beads,3,Mesenchymal cells,305,436.0
Neo_Beads_ACCGCATATGTA,Neo_Beads,Neonatal_Beads,2,Schwann cells,369,470.0
Neo_Beads_GTGTGAGGGCGT,Neo_Beads,Neonatal_Beads,4,Endothelial cells,474,670.0
Neo_Beads_GTTCTGGTGGGG,Neo_Beads,Neonatal_Beads,10,Schwann cells,325,458.0
Neo_Beads_GTCCAGCGTGAA,Neo_Beads,Neonatal_Beads,4,Endothelial cells,357,423.0
Neo_Beads_TACGGCTTCGTA,Neo_Beads,Neonatal_Beads,6,Endothelial cells,399,562.0
Neo_Beads_TGATCGCCACAC,Neo_Beads,Neonatal_Beads,3,Mesenchymal cells,253,354.0
Neo_Beads_GTAATGTTGGGA,Neo_Beads,Neonatal_Beads,17,Schwann cells,364,480.0
Neo_Beads_TCCAGTCGGTCG,Neo_Beads,Neonatal_Beads,17,Schwann cells,388,515.0
Neo_Beads_GGCACCCCGCGG,Neo_Beads,Neonatal_Beads,9,Schwann cells,475,663.0
Neo_Beads_CACGGTATTATT,Neo_Beads,Neonatal_Beads,10,Schwann cells,458,629.0
Neo_Beads_ACACCAGCCTAT,Neo_Beads,Neonatal_Beads,17,Schwann cells,474,646.0
Neo_Beads_ACGCCTTTATCA,Neo_Beads,Neonatal_Beads,9,Schwann cells,398,511.0
Neo_Beads_CCTGCAGTCGGG,Neo_Beads,Neonatal_Beads,9,Schwann cells,377,515.0
Neo_Beads_TAACTTAGTACG,Neo_Beads,Neonatal_Beads,9,Schwann cells,387,466.0
Neo_Beads_CACACAAATCTT,Neo_Beads,Neonatal_Beads,0,Mesenchymal cells,293,475.0
Neo_Beads_TCATCTCGTCGT,Neo_Beads,Neonatal_Beads,17,Schwann cells,319,406.0
Neo_Beads_ACCGACTATATA,Neo_Beads,Neonatal_Beads,12,Schwann cells,411,560.0
Neo_Beads_ACAGGGTCGTGC,Neo_Beads,Neonatal_Beads,17,Schwann cells,335,398.0
Neo_Beads_CCCACTACTGGG,Neo_Beads,Neonatal_Beads,17,Schwann cells,379,469.0
Neo_Beads_TTCGCCAAAAAT,Neo_Beads,Neonatal_Beads,17,Schwann cells,304,380.0
Neo_Beads_GGATCATCGTCC,Neo_Beads,Neonatal_Beads,17,Schwann cells,344,431.0
Neo_Beads_ACATAGACGGCC,Neo_Beads,Neonatal_Beads,9,Schwann cells,329,424.0
Neo_Beads_CTAACTGAACGG,Neo_Beads,Neonatal_Beads,6,Endothelial cells,282,343.0
Neo_Beads_ACAAAGAGGCCT,Neo_Beads,Neonatal_Beads,17,Schwann cells,328,430.0
Neo_Beads_GTACAACCCCAC,Neo_Beads,Neonatal_Beads,17,Schwann cells,342,435.0
Neo_Beads_TCCGCGTTCCAT,Neo_Beads,Neonatal_Beads,3,Mesenchymal cells,274,436.0
Neo_Beads_GCCTCGGATGCA,Neo_Beads,Neonatal_Beads,10,Schwann cells,369,478.0
Neo_Beads_TTAAGCCACATA,Neo_Beads,Neonatal_Beads,7,Pericytes/VSM,302,411.0
Neo_Beads_AAAATTCGGTTG,Neo_Beads,Neonatal_Beads,8,Schwann cells,287,385.0
Neo_Beads_TAAGCGGGCGTA,Neo_Beads,Neonatal_Beads,7,Pericytes/VSM,365,459.0
Neo_Beads_GCGTCAGGATAA,Neo_Beads,Neonatal_Beads,7,Pericytes/VSM,413,523.0
Neo_Beads_AACTCGCAGGGA,Neo_Beads,Neonatal_Beads,6,Endothelial cells,410,515.0
Neo_Beads_TAATAGAACACC,Neo_Beads,Neonatal_Beads,3,Mesenchymal cells,236,355.0
Neo_Beads_CTCCTGCCCCTT,Neo_Beads,Neonatal_Beads,17,Schwann cells,280,392.0
Neo_Beads_GGTTAGACTCGG,Neo_Beads,Neonatal_Beads,4,Endothelial cells,333,451.0
Neo_Beads_GCGGAACGTTAG,Neo_Beads,Neonatal_Beads,17,Schwann cells,288,368.0
Neo_Beads_AATTGAGGCTAA,Neo_Beads,Neonatal_Beads,4,Endothelial cells,359,500.0
Neo_Beads_CCCGGAAGGTGA,Neo_Beads,Neonatal_Beads,4,Endothelial cells,281,337.0
Neo_Beads_TGCCCGGGCTAA,Neo_Beads,Neonatal_Beads,10,Schwann cells,451,642.0
Neo_Beads_TCATGTCCCAAC,Neo_Beads,Neonatal_Beads,10,Schwann cells,352,427.0
Neo_Beads_AGGAACCACATA,Neo_Beads,Neonatal_Beads,9,Schwann cells,378,499.0
Neo_Beads_AAAAGTATTTAA,Neo_Beads,Neonatal_Beads,17,Schwann cells,238,315.0
Neo_Beads_TGGCAACCAATA,Neo_Beads,Neonatal_Beads,17,Schwann cells,412,535.0
Neo_Beads_AACCTGATCTCG,Neo_Beads,Neonatal_Beads,2,Schwann cells,372,457.0
Neo_Beads_AGGTTTATCGGC,Neo_Beads,Neonatal_Beads,6,Endothelial cells,243,286.0
Neo_Beads_AGATTAGCTGGG,Neo_Beads,Neonatal_Beads,10,Schwann cells,335,462.0
Neo_Beads_GCCCGGCTTGTA,Neo_Beads,Neonatal_Beads,17,Schwann cells,406,576.0
Neo_Beads_AATGTCACACCA,Neo_Beads,Neonatal_Beads,7,Pericytes/VSM,373,492.0
Neo_Beads_CGCCGCGCAATA,Neo_Beads,Neonatal_Beads,0,Mesenchymal cells,292,418.0
Neo_Beads_GGCCTTTCCCGC,Neo_Beads,Neonatal_Beads,12,Schwann cells,552,783.0
Neo_Beads_TTAGAGTCATCA,Neo_Beads,Neonatal_Beads,9,Schwann cells,371,473.0
Neo_Beads_TCGCTAGCAGAT,Neo_Beads,Neonatal_Beads,17,Schwann cells,337,443.0
Neo_Beads_AACCGGTGGTCA,Neo_Beads,Neonatal_Beads,13,Endothelial cells,334,403.0
Neo_Beads_AGCTGCGTTATT,Neo_Beads,Neonatal_Beads,17,Schwann cells,364,483.0
Neo_Beads_TAGGGCGAGAAC,Neo_Beads,Neonatal_Beads,1,Mesenchymal cells,274,432.0
Neo_Beads_AGGTTATCTCGG,Neo_Beads,Neonatal_Beads,17,Schwann cells,437,579.0
Neo_Beads_GTCGCTATATCT,Neo_Beads,Neonatal_Beads,9,Schwann cells,395,506.0
Neo_Beads_TCCGACCCTCGC,Neo_Beads,Neonatal_Beads,11,Macrophages,353,480.0
Neo_Beads_GTTGACCTGCAA,Neo_Beads,Neonatal_Beads,4,Endothelial cells,377,563.0
Neo_Beads_AAAAAAGAGTGC,Neo_Beads,Neonatal_Beads,6,Endothelial cells,359,468.0
Neo_Beads_ACAACCCTAGCT,Neo_Beads,Neonatal_Beads,17,Schwann cells,366,461.0
Neo_Beads_CTGATCAGCCAA,Neo_Beads,Neonatal_Beads,6,Endothelial cells,316,387.0
Neo_Beads_GTCTTTCCCTTG,Neo_Beads,Neonatal_Beads,4,Endothelial cells,376,513.0
Neo_Beads_TTCTCTTTGTGC,Neo_Beads,Neonatal_Beads,17,Schwann cells,314,368.0
Neo_Beads_CACGAGTTATCG,Neo_Beads,Neonatal_Beads,17,Schwann cells,347,457.0
Neo_Beads_CCTGAACCATGA,Neo_Beads,Neonatal_Beads,10,Schwann cells,257,322.0
Neo_Beads_GGCAACATGGAC,Neo_Beads,Neonatal_Beads,4,Endothelial cells,306,365.0
Neo_Beads_CAGGAATGCTTG,Neo_Beads,Neonatal_Beads,8,Schwann cells,318,416.0
Neo_Beads_AACTTCGGTTCG,Neo_Beads,Neonatal_Beads,17,Schwann cells,377,519.0
Neo_Beads_CCCACTTGCACA,Neo_Beads,Neonatal_Beads,0,Mesenchymal cells,254,351.0
Neo_Beads_GGTGCACCATTA,Neo_Beads,Neonatal_Beads,7,Pericytes/VSM,434,615.0
Neo_Beads_CTGAGCCGATGG,Neo_Beads,Neonatal_Beads,17,Schwann cells,332,464.0
Neo_Beads_TCAGTCTGAATT,Neo_Beads,Neonatal_Beads,0,Mesenchymal cells,356,465.0
Neo_Beads_TCTTTACTCACA,Neo_Beads,Neonatal_Beads,13,Endothelial cells,305,396.0
Neo_Beads_TTCAGTTAACCT,Neo_Beads,Neonatal_Beads,6,Endothelial cells,329,405.0
Neo_Beads_TGCGACTACAGA,Neo_Beads,Neonatal_Beads,10,Schwann cells,314,429.0
Neo_Beads_ACGCCGTACATA,Neo_Beads,Neonatal_Beads,9,Schwann cells,429,569.0
Neo_Beads_GACATTCGTGTT,Neo_Beads,Neonatal_Beads,17,Schwann cells,382,463.0
Neo_Beads_ACTGTGAAAGTT,Neo_Beads,Neonatal_Beads,9,Schwann cells,335,416.0
Neo_Beads_GTCGGTACAGAA,Neo_Beads,Neonatal_Beads,10,Schwann cells,403,512.0
Neo_Beads_ATGCAGCCGCGT,Neo_Beads,Neonatal_Beads,17,Schwann cells,426,612.0
Neo_Beads_TAGAACGTGCGA,Neo_Beads,Neonatal_Beads,7,Pericytes/VSM,239,289.0
Neo_Beads_TACGGAGGCCAC,Neo_Beads,Neonatal_Beads,9,Schwann cells,398,513.0
Neo_Beads_CTCGGAACCAGG,Neo_Beads,Neonatal_Beads,3,Mesenchymal cells,272,328.0
Neo_Beads_CAAGTGCCATCG,Neo_Beads,Neonatal_Beads,10,Schwann cells,224,265.0
Neo_Beads_AGCGGTTGATCT,Neo_Beads,Neonatal_Beads,10,Schwann cells,488,658.0
Neo_Beads_CCCAAGAATACA,Neo_Beads,Neonatal_Beads,3,Mesenchymal cells,243,303.0
Neo_Beads_ATTGTAAATAAT,Neo_Beads,Neonatal_Beads,12,Schwann cells,313,375.0
Neo_Beads_GGAAGCCCCATT,Neo_Beads,Neonatal_Beads,9,Schwann cells,355,458.0
Neo_Beads_GGAAATCATTCC,Neo_Beads,Neonatal_Beads,17,Schwann cells,304,373.0
Neo_Beads_GTCGAATTAACA,Neo_Beads,Neonatal_Beads,7,Pericytes/VSM,297,340.0
Neo_Beads_CTTGACATACGG,Neo_Beads,Neonatal_Beads,17,Schwann cells,295,369.0
Neo_Beads_CTATATCCTGGG,Neo_Beads,Neonatal_Beads,9,Schwann cells,449,601.0
Neo_Beads_ATCTCAATCGGG,Neo_Beads,Neonatal_Beads,3,Mesenchymal cells,248,308.0
Neo_Beads_TGCCGTATATAC,Neo_Beads,Neonatal_Beads,9,Schwann cells,368,486.0
Neo_Beads_TGAGGTGAGTAC,Neo_Beads,Neonatal_Beads,2,Schwann cells,386,491.0
Neo_Beads_GTAGTCTGTGAT,Neo_Beads,Neonatal_Beads,3,Mesenchymal cells,423,594.0
Neo_Beads_GTCAGACATTAG,Neo_Beads,Neonatal_Beads,9,Schwann cells,277,324.0
Neo_Beads_GGTCCAAGGTAA,Neo_Beads,Neonatal_Beads,17,Schwann cells,315,430.0
Neo_Beads_TGCGTGCGAGAA,Neo_Beads,Neonatal_Beads,4,Endothelial cells,404,487.0
Neo_Beads_CCCTGTGCTGCA,Neo_Beads,Neonatal_Beads,17,Schwann cells,402,525.0
Neo_Beads_CTTCTTGGGCAT,Neo_Beads,Neonatal_Beads,17,Schwann cells,326,415.0
Neo_Beads_GTATAGGGGGAG,Neo_Beads,Neonatal_Beads,3,Mesenchymal cells,391,566.0
Neo_Beads_TTATAGCACTTG,Neo_Beads,Neonatal_Beads,3,Mesenchymal cells,208,285.0
Neo_Beads_ACGCTATGCGTT,Neo_Beads,Neonatal_Beads,17,Schwann cells,359,442.0
Neo_Beads_CTCTGATAGTGC,Neo_Beads,Neonatal_Beads,3,Mesenchymal cells,284,345.0
Neo_Beads_AGTGAAATCGAA,Neo_Beads,Neonatal_Beads,17,Schwann cells,344,416.0
Neo_Beads_CCGGAGACCGTC,Neo_Beads,Neonatal_Beads,17,Schwann cells,338,448.0
Neo_Beads_GCTAGCGGCGAG,Neo_Beads,Neonatal_Beads,4,Endothelial cells,238,303.0
Neo_Beads_CGCGCTCACCCG,Neo_Beads,Neonatal_Beads,9,Schwann cells,431,629.0
Neo_Beads_GGGTTCGACAAG,Neo_Beads,Neonatal_Beads,3,Mesenchymal cells,349,452.0
Neo_Beads_GACGTAACTGCT,Neo_Beads,Neonatal_Beads,9,Schwann cells,350,480.0
Neo_Beads_AGCGTTTCATTG,Neo_Beads,Neonatal_Beads,17,Schwann cells,320,380.0
Neo_Beads_AACTTCTCCGGG,Neo_Beads,Neonatal_Beads,17,Schwann cells,337,425.0
Neo_Beads_AGATACATACCA,Neo_Beads,Neonatal_Beads,17,Schwann cells,391,474.0
Neo_Beads_AGTTTTTGACGC,Neo_Beads,Neonatal_Beads,17,Schwann cells,355,456.0
Neo_Beads_GTTTGGATTTTG,Neo_Beads,Neonatal_Beads,17,Schwann cells,356,479.0
Neo_Beads_TCAGTCTAAAGG,Neo_Beads,Neonatal_Beads,17,Schwann cells,398,500.0
Neo_Beads_GTCAGGCCGGGA,Neo_Beads,Neonatal_Beads,1,Mesenchymal cells,247,349.0
Neo_Beads_AGGGGTCCGGAA,Neo_Beads,Neonatal_Beads,10,Schwann cells,391,513.0
Neo_Beads_TTTCGCCCCACA,Neo_Beads,Neonatal_Beads,3,Mesenchymal cells,335,498.0
Neo_Beads_GAATCAGCGGCG,Neo_Beads,Neonatal_Beads,17,Schwann cells,263,326.0
Neo_Beads_TCCTAACTCGGG,Neo_Beads,Neonatal_Beads,17,Schwann cells,323,425.0
Neo_Beads_AATGCGTCGGGG,Neo_Beads,Neonatal_Beads,17,Schwann cells,279,345.0
Neo_Beads_GCAAGATAGGAA,Neo_Beads,Neonatal_Beads,17,Schwann cells,358,475.0
Neo_Beads_CGCCGACCGAGT,Neo_Beads,Neonatal_Beads,7,Pericytes/VSM,493,612.0
Neo_Beads_CGTTAGGGTACC,Neo_Beads,Neonatal_Beads,17,Schwann cells,330,421.0
Neo_Beads_ATCATCCGCTAC,Neo_Beads,Neonatal_Beads,12,Schwann cells,260,328.0
Neo_Beads_CGAACAGGGAAA,Neo_Beads,Neonatal_Beads,12,Schwann cells,353,472.0
Neo_Beads_TTGCGAAGTATA,Neo_Beads,Neonatal_Beads,0,Mesenchymal cells,263,370.0
Neo_Beads_ACCCCACAAACA,Neo_Beads,Neonatal_Beads,3,Mesenchymal cells,223,348.0
Neo_Beads_CAGCCTGTCAGC,Neo_Beads,Neonatal_Beads,9,Schwann cells,392,560.0
Neo_Beads_GGCCTTAGGGTT,Neo_Beads,Neonatal_Beads,13,Endothelial cells,427,558.0
Neo_Beads_GTCGGACAGCAT,Neo_Beads,Neonatal_Beads,2,Schwann cells,383,448.0
Neo_Beads_TCTTCCCACACT,Neo_Beads,Neonatal_Beads,7,Pericytes/VSM,328,424.0
Neo_Beads_CAAATATGGTGT,Neo_Beads,Neonatal_Beads,17,Schwann cells,353,419.0
Neo_Beads_TACTGATGGGCA,Neo_Beads,Neonatal_Beads,17,Schwann cells,443,599.0
Neo_Beads_GTCCTGGATATT,Neo_Beads,Neonatal_Beads,6,Endothelial cells,319,409.0
Neo_Beads_TTGAGTAGCATG,Neo_Beads,Neonatal_Beads,17,Schwann cells,248,320.0
Neo_Beads_GGTCGGTGGCCG,Neo_Beads,Neonatal_Beads,3,Mesenchymal cells,271,372.0
Neo_Beads_AGGGGCTAACCA,Neo_Beads,Neonatal_Beads,12,Schwann cells,458,647.0
Neo_Beads_TTTGCCTAATGC,Neo_Beads,Neonatal_Beads,0,Mesenchymal cells,255,396.0
Neo_Beads_ATAGTCCGCTCT,Neo_Beads,Neonatal_Beads,9,Schwann cells,370,457.0
Neo_Beads_TGATAAGAGTGG,Neo_Beads,Neonatal_Beads,7,Pericytes/VSM,247,348.0
Neo_Beads_AGTGCGATGTGT,Neo_Beads,Neonatal_Beads,17,Schwann cells,406,542.0
Neo_Beads_TTTGGACAAAGC,Neo_Beads,Neonatal_Beads,17,Schwann cells,280,380.0
Neo_Beads_GTACTGTTGTCC,Neo_Beads,Neonatal_Beads,17,Schwann cells,332,411.0
Neo_Beads_TTTCTCGATCGA,Neo_Beads,Neonatal_Beads,17,Schwann cells,261,338.0
Neo_Beads_GCGTCGAGTCGT,Neo_Beads,Neonatal_Beads,9,Schwann cells,404,578.0
Neo_Beads_CGCACTTCACGA,Neo_Beads,Neonatal_Beads,9,Schwann cells,378,524.0
Neo_Beads_AACGAGATCCCT,Neo_Beads,Neonatal_Beads,0,Mesenchymal cells,253,347.0
Neo_Beads_AGGTGGCCTACC,Neo_Beads,Neonatal_Beads,9,Schwann cells,375,503.0
Neo_Beads_TTCACCCGTGAC,Neo_Beads,Neonatal_Beads,13,Endothelial cells,268,381.0
Neo_Beads_ATGAGTCGGGAG,Neo_Beads,Neonatal_Beads,9,Schwann cells,352,420.0
Neo_Beads_TGGATATGCTTA,Neo_Beads,Neonatal_Beads,10,Schwann cells,350,432.0
Neo_Beads_TGGTTGCGTGCC,Neo_Beads,Neonatal_Beads,9,Schwann cells,342,456.0
Neo_Beads_AATAGTATACAG,Neo_Beads,Neonatal_Beads,17,Schwann cells,400,494.0
Neo_Beads_CTGTTGCAGGCT,Neo_Beads,Neonatal_Beads,10,Schwann cells,379,509.0
Neo_Beads_ATACTAGAATTG,Neo_Beads,Neonatal_Beads,9,Schwann cells,227,277.0
Neo_Beads_TCTATGCGCCTA,Neo_Beads,Neonatal_Beads,6,Endothelial cells,314,414.0
Neo_Beads_CCCTAAACTAAA,Neo_Beads,Neonatal_Beads,9,Schwann cells,312,379.0
Neo_Beads_ACGCAATCTCTC,Neo_Beads,Neonatal_Beads,0,Mesenchymal cells,385,507.0
Neo_Beads_CCCGATTCATCC,Neo_Beads,Neonatal_Beads,10,Schwann cells,286,387.0
Neo_Beads_TTGCGGCAAGTA,Neo_Beads,Neonatal_Beads,9,Schwann cells,330,393.0
Neo_Beads_CGATGAAATCCT,Neo_Beads,Neonatal_Beads,7,Pericytes/VSM,271,329.0
Neo_Beads_AACGGACCCGCA,Neo_Beads,Neonatal_Beads,0,Mesenchymal cells,231,329.0
Neo_Beads_GTCTATCGCAGA,Neo_Beads,Neonatal_Beads,17,Schwann cells,298,343.0
Neo_Beads_GTCTCAGCGACG,Neo_Beads,Neonatal_Beads,4,Endothelial cells,290,360.0
Neo_Beads_ACGCAGTTGGTA,Neo_Beads,Neonatal_Beads,10,Schwann cells,368,485.0
Neo_Beads_ATCCCAGCTAAT,Neo_Beads,Neonatal_Beads,17,Schwann cells,247,333.0
Neo_Beads_TGCGTCCTAATC,Neo_Beads,Neonatal_Beads,6,Endothelial cells,425,575.0
Neo_Beads_TTAAGGCTGCTG,Neo_Beads,Neonatal_Beads,17,Schwann cells,339,416.0
Neo_Beads_CTTAGCTCCCTC,Neo_Beads,Neonatal_Beads,8,Schwann cells,298,375.0
Neo_Beads_TAAACGGATGCC,Neo_Beads,Neonatal_Beads,6,Endothelial cells,231,283.0
Neo_Beads_GAAGTGGTTCGA,Neo_Beads,Neonatal_Beads,17,Schwann cells,301,362.0
Neo_Beads_GTTATTGGAAAT,Neo_Beads,Neonatal_Beads,7,Pericytes/VSM,288,387.0
Neo_Beads_GATTCCCGGGAC,Neo_Beads,Neonatal_Beads,9,Schwann cells,342,462.0
Neo_Beads_CCGAGGTACTTT,Neo_Beads,Neonatal_Beads,17,Schwann cells,312,414.0
Neo_Beads_GCGCCATTAGTA,Neo_Beads,Neonatal_Beads,3,Mesenchymal cells,213,368.0
Neo_Beads_TCGGGCTGGCAC,Neo_Beads,Neonatal_Beads,17,Schwann cells,351,450.0
Neo_Beads_TGCGATACTTCA,Neo_Beads,Neonatal_Beads,8,Schwann cells,334,452.0
Neo_Beads_ATACTATTCGGG,Neo_Beads,Neonatal_Beads,9,Schwann cells,332,410.0
Neo_Beads_AGCGGGTATTTT,Neo_Beads,Neonatal_Beads,12,Schwann cells,332,413.0
Neo_Beads_CACTACCACGTG,Neo_Beads,Neonatal_Beads,8,Schwann cells,388,505.0
Neo_Beads_AAATAGACAAGG,Neo_Beads,Neonatal_Beads,17,Schwann cells,261,316.0
Neo_Beads_GTACTTCGATCA,Neo_Beads,Neonatal_Beads,14,Lymphocytes,282,338.0
Neo_Beads_ACATATTAGGGA,Neo_Beads,Neonatal_Beads,17,Schwann cells,434,555.0
Neo_Beads_GACCCGTGACCG,Neo_Beads,Neonatal_Beads,9,Schwann cells,281,355.0
Neo_Beads_AGTGATCATGGC,Neo_Beads,Neonatal_Beads,9,Schwann cells,376,527.0
Neo_Beads_GTCCTCTCTTAA,Neo_Beads,Neonatal_Beads,12,Schwann cells,308,366.0
Neo_Beads_ATATAAATATAA,Neo_Beads,Neonatal_Beads,17,Schwann cells,365,432.0
Neo_Beads_TTCCGATGTTTC,Neo_Beads,Neonatal_Beads,8,Schwann cells,246,277.0
Neo_Beads_GTACATAATCAA,Neo_Beads,Neonatal_Beads,17,Schwann cells,282,371.0
Neo_Beads_AGCTCAAGCGAC,Neo_Beads,Neonatal_Beads,3,Mesenchymal cells,302,372.0
Neo_Beads_TGGTACCGGACA,Neo_Beads,Neonatal_Beads,17,Schwann cells,353,500.0
Neo_Beads_GAAATGGCATTG,Neo_Beads,Neonatal_Beads,7,Pericytes/VSM,335,451.0
Neo_Beads_TTACACCTCAAT,Neo_Beads,Neonatal_Beads,3,Mesenchymal cells,219,372.0
Neo_Beads_TCACCAACACGG,Neo_Beads,Neonatal_Beads,4,Endothelial cells,261,338.0
Neo_Beads_TGCTTTAAAGAC,Neo_Beads,Neonatal_Beads,17,Schwann cells,307,401.0
Neo_Beads_CTGGAATGGATT,Neo_Beads,Neonatal_Beads,0,Mesenchymal cells,230,376.0
Neo_Beads_CTCGGGATGGGG,Neo_Beads,Neonatal_Beads,17,Schwann cells,371,469.0
Neo_Beads_ATAGCCCAACCC,Neo_Beads,Neonatal_Beads,17,Schwann cells,399,503.0
Neo_Beads_ATTTTCTTATGG,Neo_Beads,Neonatal_Beads,17,Schwann cells,250,290.0
Neo_Beads_AGCCTCAGAGGA,Neo_Beads,Neonatal_Beads,17,Schwann cells,355,479.0
Neo_Beads_CATTCTAGCTTT,Neo_Beads,Neonatal_Beads,3,Mesenchymal cells,279,358.0
Neo_Beads_GGGCGACAAAAG,Neo_Beads,Neonatal_Beads,9,Schwann cells,384,542.0
Neo_Beads_GGTGGACGACAT,Neo_Beads,Neonatal_Beads,17,Schwann cells,424,567.0
Neo_Beads_AACCACCGCCCT,Neo_Beads,Neonatal_Beads,9,Schwann cells,387,507.0
Neo_Beads_ATGACGTTAAAT,Neo_Beads,Neonatal_Beads,17,Schwann cells,284,374.0
Neo_Beads_AGTTTCTAACGG,Neo_Beads,Neonatal_Beads,17,Schwann cells,354,459.0
Neo_Beads_AACCGGACATCG,Neo_Beads,Neonatal_Beads,17,Schwann cells,359,491.0
Neo_Beads_CAATGTGTAGGT,Neo_Beads,Neonatal_Beads,17,Schwann cells,202,228.0
Neo_Beads_GGGCCTTTGAAG,Neo_Beads,Neonatal_Beads,13,Endothelial cells,281,421.0
Neo_Beads_GGACTCAGACCT,Neo_Beads,Neonatal_Beads,17,Schwann cells,286,370.0
Neo_Beads_CAATATTGACAT,Neo_Beads,Neonatal_Beads,7,Pericytes/VSM,383,527.0
Neo_Beads_CTCACGTCCTAA,Neo_Beads,Neonatal_Beads,2,Schwann cells,266,314.0
Neo_Beads_CAGGGTAGTACT,Neo_Beads,Neonatal_Beads,9,Schwann cells,358,434.0
Neo_Beads_GGAGTCCATAAA,Neo_Beads,Neonatal_Beads,9,Schwann cells,364,463.0
Neo_Beads_ATAAGGCGTGGG,Neo_Beads,Neonatal_Beads,0,Mesenchymal cells,352,537.0
Neo_Beads_GTCTCGTAGTCT,Neo_Beads,Neonatal_Beads,7,Pericytes/VSM,293,406.0
Neo_Beads_CGAGTCTACACT,Neo_Beads,Neonatal_Beads,0,Mesenchymal cells,205,334.0
Neo_Beads_GACCTCCCGCTC,Neo_Beads,Neonatal_Beads,13,Endothelial cells,325,406.0
Neo_Beads_CTTATCCGAAGG,Neo_Beads,Neonatal_Beads,12,Schwann cells,208,267.0
Neo_Beads_TCGGCTGTAGCT,Neo_Beads,Neonatal_Beads,8,Schwann cells,271,339.0
Neo_Beads_GCCGCCCGGTGT,Neo_Beads,Neonatal_Beads,17,Schwann cells,374,523.0
Neo_Beads_GGGGACATATCA,Neo_Beads,Neonatal_Beads,12,Schwann cells,442,631.0
Neo_Beads_TAGAGACAGCCG,Neo_Beads,Neonatal_Beads,17,Schwann cells,418,552.0
Neo_Beads_AACCCCATTTTC,Neo_Beads,Neonatal_Beads,2,Schwann cells,274,305.0
Neo_Beads_AGTTTAAACGGA,Neo_Beads,Neonatal_Beads,17,Schwann cells,301,358.0
Neo_Beads_CCGGACGTCGAA,Neo_Beads,Neonatal_Beads,0,Mesenchymal cells,250,343.0
Neo_Beads_CTCGTCGTCGAA,Neo_Beads,Neonatal_Beads,17,Schwann cells,288,386.0
Neo_Beads_TTAAGACGCTGT,Neo_Beads,Neonatal_Beads,17,Schwann cells,225,269.0
Neo_Beads_AGGCCAACACGC,Neo_Beads,Neonatal_Beads,11,Macrophages,331,514.0
Neo_Beads_GATGACAGTACT,Neo_Beads,Neonatal_Beads,17,Schwann cells,308,399.0
Neo_Beads_CTCGGGCGTACC,Neo_Beads,Neonatal_Beads,10,Schwann cells,267,374.0
Neo_Beads_ATACGAGTGGAC,Neo_Beads,Neonatal_Beads,7,Pericytes/VSM,362,470.0
Neo_Beads_CTTCCGTCCACT,Neo_Beads,Neonatal_Beads,9,Schwann cells,322,494.0
Neo_Beads_AGTCGCTGCACT,Neo_Beads,Neonatal_Beads,17,Schwann cells,348,454.0
Neo_Beads_ACAAAACCTATG,Neo_Beads,Neonatal_Beads,9,Schwann cells,290,337.0
Neo_Beads_ACGCAGTTGCAC,Neo_Beads,Neonatal_Beads,17,Schwann cells,392,511.0
Neo_Beads_AGGCATTGACCT,Neo_Beads,Neonatal_Beads,17,Schwann cells,366,491.0
Neo_Beads_CTCAGATCTTAC,Neo_Beads,Neonatal_Beads,9,Schwann cells,247,280.0
Neo_Beads_CAATGACTACGG,Neo_Beads,Neonatal_Beads,4,Endothelial cells,331,472.0
Neo_Beads_CGGTAACATGAG,Neo_Beads,Neonatal_Beads,17,Schwann cells,291,366.0
Neo_Beads_TAGACAGTCTAG,Neo_Beads,Neonatal_Beads,17,Schwann cells,341,420.0
Neo_Beads_GTATGGTGACTG,Neo_Beads,Neonatal_Beads,17,Schwann cells,351,462.0
Neo_Beads_CCTATTTTGAGA,Neo_Beads,Neonatal_Beads,17,Schwann cells,293,395.0
Neo_Beads_GAACTGGTTGGC,Neo_Beads,Neonatal_Beads,8,Schwann cells,238,291.0
Neo_Beads_AAAAACAAATCC,Neo_Beads,Neonatal_Beads,17,Schwann cells,235,276.0
Neo_Beads_TAGCCCTGCGTA,Neo_Beads,Neonatal_Beads,17,Schwann cells,300,375.0
Neo_Beads_TGGGTTCTCAAA,Neo_Beads,Neonatal_Beads,17,Schwann cells,337,432.0
Neo_Beads_AGACGACCCAGA,Neo_Beads,Neonatal_Beads,17,Schwann cells,360,453.0
Neo_Beads_CGTATGGTGGGT,Neo_Beads,Neonatal_Beads,9,Schwann cells,307,413.0
Neo_Beads_AGATTGGGGGCT,Neo_Beads,Neonatal_Beads,8,Schwann cells,243,349.0
Neo_Beads_TCAAATACATTA,Neo_Beads,Neonatal_Beads,0,Mesenchymal cells,203,287.0
Neo_Beads_TCTGAACTGTTG,Neo_Beads,Neonatal_Beads,17,Schwann cells,333,427.0
Neo_Beads_CCCGCCGGTCAG,Neo_Beads,Neonatal_Beads,3,Mesenchymal cells,365,507.0
Neo_Beads_GCTTTGATCTCC,Neo_Beads,Neonatal_Beads,12,Schwann cells,232,344.0
Neo_Beads_GGCCCTGTCGAC,Neo_Beads,Neonatal_Beads,12,Schwann cells,369,595.0
Neo_Beads_GGGATAGTTGTA,Neo_Beads,Neonatal_Beads,9,Schwann cells,326,405.0
Neo_Beads_TCGGCAAGGCTG,Neo_Beads,Neonatal_Beads,12,Schwann cells,270,354.0
Neo_Beads_GCTCTATCGAGG,Neo_Beads,Neonatal_Beads,17,Schwann cells,324,394.0
Neo_Beads_AACTTTGCCGCA,Neo_Beads,Neonatal_Beads,12,Schwann cells,330,386.0
Neo_Beads_ATTTATTACACC,Neo_Beads,Neonatal_Beads,17,Schwann cells,310,413.0
Neo_Beads_GCGATCTAGCTT,Neo_Beads,Neonatal_Beads,17,Schwann cells,318,409.0
Neo_Beads_GGCAGACTGGAT,Neo_Beads,Neonatal_Beads,3,Mesenchymal cells,348,453.0
Neo_Beads_GTATGAATGGGC,Neo_Beads,Neonatal_Beads,7,Pericytes/VSM,266,310.0
Neo_Beads_GATCGGACACCC,Neo_Beads,Neonatal_Beads,4,Endothelial cells,299,375.0
Neo_Beads_TGCGAGCGCAGA,Neo_Beads,Neonatal_Beads,10,Schwann cells,268,341.0
Neo_Beads_ATTCGAGGTCGA,Neo_Beads,Neonatal_Beads,8,Schwann cells,269,324.0
Neo_Beads_CCAGCAGGGATC,Neo_Beads,Neonatal_Beads,17,Schwann cells,278,346.0
Neo_Beads_TTACGAACCAAT,Neo_Beads,Neonatal_Beads,17,Schwann cells,311,371.0
Neo_Beads_AGCCGATTAGCA,Neo_Beads,Neonatal_Beads,10,Schwann cells,217,257.0
Neo_Beads_ATATTTTCTAGA,Neo_Beads,Neonatal_Beads,10,Schwann cells,367,441.0
Neo_Beads_AAGTACGTTTCA,Neo_Beads,Neonatal_Beads,17,Schwann cells,255,336.0
Neo_Beads_GGACTTCCTCAT,Neo_Beads,Neonatal_Beads,17,Schwann cells,339,425.0
Neo_Beads_CTGCCATCGTGC,Neo_Beads,Neonatal_Beads,17,Schwann cells,315,423.0
Neo_Beads_TTGCAACGCTCC,Neo_Beads,Neonatal_Beads,9,Schwann cells,309,401.0
Neo_Beads_AATCTCGTAGTC,Neo_Beads,Neonatal_Beads,17,Schwann cells,289,371.0
Neo_Beads_CCGTCCACCGAG,Neo_Beads,Neonatal_Beads,2,Schwann cells,354,493.0
Neo_Beads_TGTAATCTGAAT,Neo_Beads,Neonatal_Beads,14,Lymphocytes,287,389.0
Neo_Beads_GCAGGGGTCCCT,Neo_Beads,Neonatal_Beads,7,Pericytes/VSM,310,421.0
Neo_Beads_GTTCGGAGCTCA,Neo_Beads,Neonatal_Beads,2,Schwann cells,449,610.0
Neo_Beads_AACCTAAGAGGC,Neo_Beads,Neonatal_Beads,17,Schwann cells,214,290.0
Neo_Beads_CGCGGAATAATC,Neo_Beads,Neonatal_Beads,13,Endothelial cells,263,346.0
Neo_Beads_GTCGACTACTAC,Neo_Beads,Neonatal_Beads,8,Schwann cells,262,355.0
Neo_Beads_TTATTGAAGGGT,Neo_Beads,Neonatal_Beads,17,Schwann cells,301,345.0
Neo_Beads_CACAACTGGTGC,Neo_Beads,Neonatal_Beads,9,Schwann cells,321,450.0
Neo_Beads_ACGCGTCTCGTT,Neo_Beads,Neonatal_Beads,17,Schwann cells,269,342.0
Neo_Beads_CAGGCACTACCT,Neo_Beads,Neonatal_Beads,2,Schwann cells,397,519.0
Neo_Beads_TTCCCGCGGCCC,Neo_Beads,Neonatal_Beads,12,Schwann cells,283,434.0
Neo_Beads_TATTATTTGGGT,Neo_Beads,Neonatal_Beads,1,Mesenchymal cells,342,461.0
Neo_Beads_TACCCACAGCGG,Neo_Beads,Neonatal_Beads,17,Schwann cells,354,449.0
Neo_Beads_GGCGCTTTCTAA,Neo_Beads,Neonatal_Beads,17,Schwann cells,334,466.0
Neo_Beads_GGAGCTATGCGA,Neo_Beads,Neonatal_Beads,4,Endothelial cells,330,431.0
Neo_Beads_CATAACCCATAT,Neo_Beads,Neonatal_Beads,10,Schwann cells,363,476.0
Neo_Beads_ACATGATACTGC,Neo_Beads,Neonatal_Beads,17,Schwann cells,237,301.0
Neo_Beads_CACAAAAGCTTT,Neo_Beads,Neonatal_Beads,17,Schwann cells,252,322.0
Neo_Beads_ACCGACGGTGGT,Neo_Beads,Neonatal_Beads,17,Schwann cells,332,434.0
Neo_Beads_GCGTACAGCTCC,Neo_Beads,Neonatal_Beads,17,Schwann cells,282,332.0
Neo_Beads_CAAAGGATCTCG,Neo_Beads,Neonatal_Beads,12,Schwann cells,217,279.0
Neo_Beads_GGCTATATTCAT,Neo_Beads,Neonatal_Beads,12,Schwann cells,307,353.0
Neo_Beads_CTAGACTGATAG,Neo_Beads,Neonatal_Beads,9,Schwann cells,310,368.0
Neo_Beads_TCGTTCCGCACA,Neo_Beads,Neonatal_Beads,6,Endothelial cells,299,385.0
Neo_Beads_CGATCGAAAATG,Neo_Beads,Neonatal_Beads,4,Endothelial cells,280,352.0
Neo_Beads_GGCTCGCGGCAT,Neo_Beads,Neonatal_Beads,17,Schwann cells,232,297.0
Neo_Beads_GGTTGCGAGTTT,Neo_Beads,Neonatal_Beads,5,Endothelial cells,300,383.0
Neo_Beads_ATATCAGCGGGA,Neo_Beads,Neonatal_Beads,7,Pericytes/VSM,247,323.0
Neo_Beads_AGTGCAGGCTTA,Neo_Beads,Neonatal_Beads,12,Schwann cells,222,302.0
Neo_Beads_GTATAGTGGGCT,Neo_Beads,Neonatal_Beads,9,Schwann cells,352,452.0
Neo_Beads_GTCGCTTGGAGG,Neo_Beads,Neonatal_Beads,17,Schwann cells,298,349.0
Neo_Beads_CCTTGTAAACCC,Neo_Beads,Neonatal_Beads,17,Schwann cells,260,338.0
Neo_Beads_GTCCGTACTCAG,Neo_Beads,Neonatal_Beads,17,Schwann cells,335,432.0
Neo_Beads_AGCTAATCCGCC,Neo_Beads,Neonatal_Beads,17,Schwann cells,287,371.0
Neo_Beads_AACACGTGAGAG,Neo_Beads,Neonatal_Beads,9,Schwann cells,329,402.0
Neo_Beads_AGTCATAAAAGT,Neo_Beads,Neonatal_Beads,17,Schwann cells,240,289.0
Neo_Beads_TATCACATATGA,Neo_Beads,Neonatal_Beads,10,Schwann cells,214,264.0
Neo_Beads_ATGGCCCGCCCC,Neo_Beads,Neonatal_Beads,5,Endothelial cells,281,383.0
Neo_Beads_TTAGCGTCACGA,Neo_Beads,Neonatal_Beads,17,Schwann cells,342,418.0
Neo_Beads_CCCGCGTTAATG,Neo_Beads,Neonatal_Beads,12,Schwann cells,323,404.0
Neo_Beads_CTATGCTATTGA,Neo_Beads,Neonatal_Beads,17,Schwann cells,384,493.0
Neo_Beads_ATCGTAGGAGAC,Neo_Beads,Neonatal_Beads,7,Pericytes/VSM,202,261.0
Neo_Beads_AGTTTTACAAGT,Neo_Beads,Neonatal_Beads,2,Schwann cells,272,345.0
Neo_Beads_CTCAGATGGGGG,Neo_Beads,Neonatal_Beads,9,Schwann cells,305,390.0
Neo_Beads_CTTTACTAGGGT,Neo_Beads,Neonatal_Beads,0,Mesenchymal cells,245,355.0
Neo_Beads_GTCCAGAGAGAG,Neo_Beads,Neonatal_Beads,10,Schwann cells,339,467.0
Neo_Beads_GTGACAGCAACT,Neo_Beads,Neonatal_Beads,17,Schwann cells,353,445.0
Neo_Beads_TCTCCCTGGACC,Neo_Beads,Neonatal_Beads,17,Schwann cells,309,388.0
Neo_Beads_TTATCTCAGAGA,Neo_Beads,Neonatal_Beads,17,Schwann cells,395,518.0
Neo_Beads_ACAGCATTTAGC,Neo_Beads,Neonatal_Beads,17,Schwann cells,283,332.0
Neo_Beads_AGGCTGGATCTT,Neo_Beads,Neonatal_Beads,2,Schwann cells,212,276.0
Neo_Beads_ATAAGCAGCCAT,Neo_Beads,Neonatal_Beads,17,Schwann cells,318,392.0
Neo_Beads_GAAGGTGACACC,Neo_Beads,Neonatal_Beads,17,Schwann cells,318,410.0
Neo_Beads_AGACACGCGTCG,Neo_Beads,Neonatal_Beads,10,Schwann cells,390,514.0
Neo_Beads_GTGAGGCGACCT,Neo_Beads,Neonatal_Beads,1,Mesenchymal cells,244,359.0
Neo_Beads_GAATCCCCGGTA,Neo_Beads,Neonatal_Beads,12,Schwann cells,213,259.0
Neo_Beads_CCAATGTGGTCA,Neo_Beads,Neonatal_Beads,3,Mesenchymal cells,256,337.0
Neo_Beads_GCATGTTCCAAA,Neo_Beads,Neonatal_Beads,11,Macrophages,298,388.0
Neo_Beads_AGCCAGCATGCC,Neo_Beads,Neonatal_Beads,0,Mesenchymal cells,271,450.0
Neo_Beads_GGGGAGTGACAA,Neo_Beads,Neonatal_Beads,17,Schwann cells,300,442.0
Neo_Beads_CGTTCATAATAG,Neo_Beads,Neonatal_Beads,2,Schwann cells,216,269.0
Neo_Beads_ATCTAAGTTTCA,Neo_Beads,Neonatal_Beads,1,Mesenchymal cells,298,396.0
Neo_Beads_AATAGAACATGT,Neo_Beads,Neonatal_Beads,9,Schwann cells,329,419.0
Neo_Beads_AGTCCGGACCTC,Neo_Beads,Neonatal_Beads,17,Schwann cells,358,518.0
Neo_Beads_TGTCAATGATCC,Neo_Beads,Neonatal_Beads,4,Endothelial cells,200,239.0
Neo_Beads_CCCAGGCGGTCG,Neo_Beads,Neonatal_Beads,7,Pericytes/VSM,258,343.0
Neo_Beads_ACGATATACCGC,Neo_Beads,Neonatal_Beads,4,Endothelial cells,321,466.0
Neo_Beads_GACTACCGGCTT,Neo_Beads,Neonatal_Beads,7,Pericytes/VSM,207,249.0
Neo_Beads_AGCGAATCATGG,Neo_Beads,Neonatal_Beads,2,Schwann cells,224,248.0
Neo_Beads_GTCAAACCAAGA,Neo_Beads,Neonatal_Beads,13,Endothelial cells,264,321.0
Neo_Beads_ACAGTTGAACTG,Neo_Beads,Neonatal_Beads,17,Schwann cells,333,403.0
Neo_Beads_TAGCCCTCGACA,Neo_Beads,Neonatal_Beads,17,Schwann cells,284,373.0
Neo_Beads_TACGTCTAAGTA,Neo_Beads,Neonatal_Beads,4,Endothelial cells,289,336.0
Neo_Beads_GGCTGACTACGC,Neo_Beads,Neonatal_Beads,5,Endothelial cells,320,377.0
Neo_Beads_GTTACATAGCTC,Neo_Beads,Neonatal_Beads,10,Schwann cells,247,319.0
Neo_Beads_TAAGCGATACAC,Neo_Beads,Neonatal_Beads,1,Mesenchymal cells,248,333.0
Neo_Beads_ACCGGAAGTAAA,Neo_Beads,Neonatal_Beads,7,Pericytes/VSM,298,373.0
Neo_Beads_ACTGAATTGCTN,Neo_Beads,Neonatal_Beads,10,Schwann cells,324,394.0
Neo_Beads_GGGCCATCATAG,Neo_Beads,Neonatal_Beads,4,Endothelial cells,350,461.0
Neo_Beads_AAAATTTTGTTC,Neo_Beads,Neonatal_Beads,7,Pericytes/VSM,241,295.0
Neo_Beads_TGTCCAGAACAT,Neo_Beads,Neonatal_Beads,9,Schwann cells,356,467.0
Neo_Beads_ACTCCATGTGCT,Neo_Beads,Neonatal_Beads,17,Schwann cells,255,425.0
Neo_Beads_CACTCCTGGTTG,Neo_Beads,Neonatal_Beads,3,Mesenchymal cells,302,386.0
Neo_Beads_GTTTGACAACAT,Neo_Beads,Neonatal_Beads,0,Mesenchymal cells,242,336.0
Neo_Beads_TATCATGAGTAC,Neo_Beads,Neonatal_Beads,17,Schwann cells,404,531.0
Neo_Beads_CCTGTTATAGTC,Neo_Beads,Neonatal_Beads,0,Mesenchymal cells,254,372.0
Neo_Beads_TACGTGGCACGA,Neo_Beads,Neonatal_Beads,17,Schwann cells,373,477.0
Neo_Beads_GGGGATACTGTT,Neo_Beads,Neonatal_Beads,9,Schwann cells,325,402.0
Neo_Beads_CGACGCTAATCC,Neo_Beads,Neonatal_Beads,3,Mesenchymal cells,329,446.0
Neo_Beads_TACTACTTAGAT,Neo_Beads,Neonatal_Beads,1,Mesenchymal cells,289,405.0
Neo_Beads_GTAATTCTACTT,Neo_Beads,Neonatal_Beads,4,Endothelial cells,297,392.0
Neo_Beads_GTTCGACACCGA,Neo_Beads,Neonatal_Beads,7,Pericytes/VSM,267,328.0
Neo_Beads_CGCAGATCACGG,Neo_Beads,Neonatal_Beads,17,Schwann cells,289,390.0
Neo_Beads_AAATAATATTAA,Neo_Beads,Neonatal_Beads,3,Mesenchymal cells,213,297.0
Neo_Beads_GCTGGTCCACAC,Neo_Beads,Neonatal_Beads,17,Schwann cells,329,422.0
Neo_Beads_TACGTTCTGCGG,Neo_Beads,Neonatal_Beads,0,Mesenchymal cells,266,349.0
Neo_Beads_GTCGCGCGGCCT,Neo_Beads,Neonatal_Beads,17,Schwann cells,334,400.0
Neo_Beads_AAGGTTGCGACC,Neo_Beads,Neonatal_Beads,5,Endothelial cells,246,319.0
Neo_Beads_GCTAGCCTAGAC,Neo_Beads,Neonatal_Beads,8,Schwann cells,246,299.0
Neo_Beads_CCCGTGAAACCG,Neo_Beads,Neonatal_Beads,4,Endothelial cells,237,282.0
Neo_Beads_ATCCAGCATGAA,Neo_Beads,Neonatal_Beads,17,Schwann cells,273,350.0
Neo_Beads_CCCATGGCGCTC,Neo_Beads,Neonatal_Beads,3,Mesenchymal cells,271,345.0
Neo_Beads_ATCCAAGTCCCT,Neo_Beads,Neonatal_Beads,9,Schwann cells,276,319.0
Neo_Beads_GACGTAGGCCAA,Neo_Beads,Neonatal_Beads,9,Schwann cells,353,454.0
Neo_Beads_AGCGGGTTATTA,Neo_Beads,Neonatal_Beads,2,Schwann cells,270,347.0
Neo_Beads_AGCATACAAAAC,Neo_Beads,Neonatal_Beads,6,Endothelial cells,227,270.0
Neo_Beads_AGCCGTCGTGAC,Neo_Beads,Neonatal_Beads,7,Pericytes/VSM,302,367.0
Neo_Beads_ATCCCATACCTT,Neo_Beads,Neonatal_Beads,5,Endothelial cells,310,418.0
Neo_Beads_CGTTCCTCTTCA,Neo_Beads,Neonatal_Beads,1,Mesenchymal cells,279,427.0
Neo_Beads_ACGGACGGGAAG,Neo_Beads,Neonatal_Beads,2,Schwann cells,253,310.0
Neo_Beads_ACCTCACAATCA,Neo_Beads,Neonatal_Beads,7,Pericytes/VSM,263,337.0
Neo_Beads_CTACAAAAAAGA,Neo_Beads,Neonatal_Beads,12,Schwann cells,269,317.0
Neo_Beads_CTCGACCGAGGG,Neo_Beads,Neonatal_Beads,12,Schwann cells,273,321.0
Neo_Beads_GACTTTCTCGCT,Neo_Beads,Neonatal_Beads,17,Schwann cells,278,352.0
Neo_Beads_GAACGCTGTGCA,Neo_Beads,Neonatal_Beads,17,Schwann cells,338,456.0
Neo_Beads_GAGTGCAGACGC,Neo_Beads,Neonatal_Beads,12,Schwann cells,329,421.0
Neo_Beads_GAATGATGAAAC,Neo_Beads,Neonatal_Beads,17,Schwann cells,274,328.0
Neo_Beads_TTTAAGCATATT,Neo_Beads,Neonatal_Beads,12,Schwann cells,366,444.0
Neo_Beads_GACCCTGAACTG,Neo_Beads,Neonatal_Beads,4,Endothelial cells,247,308.0
Neo_Beads_GACTTCTGTGCC,Neo_Beads,Neonatal_Beads,4,Endothelial cells,307,366.0
Neo_Beads_AGGAAGATGGGG,Neo_Beads,Neonatal_Beads,17,Schwann cells,297,363.0
Neo_Beads_TGTGGAAAACCG,Neo_Beads,Neonatal_Beads,7,Pericytes/VSM,357,497.0
Neo_Beads_GGGGCACCTCTT,Neo_Beads,Neonatal_Beads,17,Schwann cells,426,572.0
Neo_Beads_AGGTCCCCTAGT,Neo_Beads,Neonatal_Beads,10,Schwann cells,335,421.0
Neo_Beads_ATGACCTTATGG,Neo_Beads,Neonatal_Beads,8,Schwann cells,304,373.0
Neo_Beads_CGTGACGTAAGG,Neo_Beads,Neonatal_Beads,3,Mesenchymal cells,289,386.0
Neo_Beads_AGGGCCCAGACT,Neo_Beads,Neonatal_Beads,2,Schwann cells,270,324.0
Neo_Beads_AGCTTCCTAGGT,Neo_Beads,Neonatal_Beads,2,Schwann cells,238,265.0
Neo_Beads_TCTACACTTTTG,Neo_Beads,Neonatal_Beads,17,Schwann cells,216,280.0
Neo_Beads_AGGCCGGCTCCG,Neo_Beads,Neonatal_Beads,0,Mesenchymal cells,251,320.0
Neo_Beads_TTACTCTAAACG,Neo_Beads,Neonatal_Beads,17,Schwann cells,295,371.0
Neo_Beads_CACTACACATGA,Neo_Beads,Neonatal_Beads,2,Schwann cells,278,315.0
Neo_Beads_AGTAAAAAACGT,Neo_Beads,Neonatal_Beads,17,Schwann cells,274,314.0
Neo_Beads_GTGCGCAACACT,Neo_Beads,Neonatal_Beads,17,Schwann cells,228,316.0
Neo_Beads_GTCTGGTAGAAC,Neo_Beads,Neonatal_Beads,6,Endothelial cells,242,283.0
Neo_Beads_AGCGTCTGACAT,Neo_Beads,Neonatal_Beads,17,Schwann cells,284,330.0
Neo_Beads_CCTGTCTCTCAC,Neo_Beads,Neonatal_Beads,1,Mesenchymal cells,262,394.0
Neo_Beads_CGCAGTGGAACT,Neo_Beads,Neonatal_Beads,17,Schwann cells,278,334.0
Neo_Beads_TATGGAATCTAC,Neo_Beads,Neonatal_Beads,5,Endothelial cells,295,367.0
Neo_Beads_TTACAACCATCA,Neo_Beads,Neonatal_Beads,17,Schwann cells,312,384.0
Neo_Beads_CGCACCGTATAA,Neo_Beads,Neonatal_Beads,2,Schwann cells,362,506.0
Neo_Beads_GGCCACCGGCTT,Neo_Beads,Neonatal_Beads,17,Schwann cells,414,472.0
Neo_Beads_CACTGCAGTAAT,Neo_Beads,Neonatal_Beads,2,Schwann cells,320,393.0
Neo_Beads_TCCCTTGTTCAT,Neo_Beads,Neonatal_Beads,17,Schwann cells,307,424.0
Neo_Beads_TCTGTGCGGGAT,Neo_Beads,Neonatal_Beads,12,Schwann cells,301,373.0
Neo_Beads_CGGATTGAGACG,Neo_Beads,Neonatal_Beads,0,Mesenchymal cells,214,298.0
Neo_Beads_CAATTCTCAAAG,Neo_Beads,Neonatal_Beads,17,Schwann cells,252,317.0
Neo_Beads_GAGACCAATTGA,Neo_Beads,Neonatal_Beads,12,Schwann cells,280,355.0
Neo_Beads_CCGTTCCCCCCT,Neo_Beads,Neonatal_Beads,17,Schwann cells,273,400.0
Neo_Beads_CGTAAGCAGCCT,Neo_Beads,Neonatal_Beads,6,Endothelial cells,284,363.0
Neo_Beads_GAGGCTATTGCA,Neo_Beads,Neonatal_Beads,7,Pericytes/VSM,297,381.0
Neo_Beads_ATATGGGGACAG,Neo_Beads,Neonatal_Beads,17,Schwann cells,309,381.0
Neo_Beads_AAATAGCAGAGT,Neo_Beads,Neonatal_Beads,9,Schwann cells,247,310.0
Neo_Beads_AGGCAGGTTTGG,Neo_Beads,Neonatal_Beads,13,Endothelial cells,273,367.0
Neo_Beads_TGACTCTCACCC,Neo_Beads,Neonatal_Beads,9,Schwann cells,365,490.0
Neo_Beads_CACGCCCTCCGC,Neo_Beads,Neonatal_Beads,17,Schwann cells,306,375.0
Neo_Beads_TCCTTGCGTTAG,Neo_Beads,Neonatal_Beads,17,Schwann cells,322,401.0
Neo_Beads_TAACATCACTGT,Neo_Beads,Neonatal_Beads,2,Schwann cells,256,333.0
Neo_Beads_CTTTTACAGTAG,Neo_Beads,Neonatal_Beads,8,Schwann cells,242,289.0
Neo_Beads_GGTGCTTGGCGG,Neo_Beads,Neonatal_Beads,5,Endothelial cells,354,541.0
Neo_Beads_AGTACCGTCGGA,Neo_Beads,Neonatal_Beads,2,Schwann cells,206,246.0
Neo_Beads_TCAGGTAAACAA,Neo_Beads,Neonatal_Beads,17,Schwann cells,244,301.0
Neo_Beads_CCTGCGAGCTGT,Neo_Beads,Neonatal_Beads,17,Schwann cells,323,428.0
Neo_Beads_CTGACCACGTGG,Neo_Beads,Neonatal_Beads,7,Pericytes/VSM,251,321.0
Neo_Beads_TGCACACAGGGG,Neo_Beads,Neonatal_Beads,17,Schwann cells,344,419.0
Neo_Beads_GGTTGCTTTACA,Neo_Beads,Neonatal_Beads,9,Schwann cells,375,488.0
Neo_Beads_TAAGCGTTGTGT,Neo_Beads,Neonatal_Beads,2,Schwann cells,234,275.0
Neo_Beads_GACAAGACCTCA,Neo_Beads,Neonatal_Beads,17,Schwann cells,246,283.0
Neo_Beads_CGCCCTGTGAAA,Neo_Beads,Neonatal_Beads,10,Schwann cells,297,353.0
Neo_Beads_ACGAACCACGGC,Neo_Beads,Neonatal_Beads,6,Endothelial cells,238,277.0
Neo_Beads_GGCATTCACTCT,Neo_Beads,Neonatal_Beads,17,Schwann cells,278,339.0
Neo_Beads_CCCCACGACCGT,Neo_Beads,Neonatal_Beads,17,Schwann cells,281,382.0
Neo_Beads_AACTTCGTGGAA,Neo_Beads,Neonatal_Beads,17,Schwann cells,226,272.0
Neo_Beads_ACCATCCAGTTT,Neo_Beads,Neonatal_Beads,12,Schwann cells,250,310.0
Neo_Beads_TGACTCATCCGT,Neo_Beads,Neonatal_Beads,17,Schwann cells,235,276.0
Neo_Beads_TGGTTCTGGCAG,Neo_Beads,Neonatal_Beads,17,Schwann cells,360,492.0
Neo_Beads_GCGTGGATACGA,Neo_Beads,Neonatal_Beads,5,Endothelial cells,244,296.0
Neo_Beads_TACAAGAGATGA,Neo_Beads,Neonatal_Beads,17,Schwann cells,222,247.0
Neo_Beads_AAGTCACACGGG,Neo_Beads,Neonatal_Beads,9,Schwann cells,221,277.0
Neo_Beads_AATCTCGTGCCG,Neo_Beads,Neonatal_Beads,2,Schwann cells,272,362.0
Neo_Beads_GACTGTATGACT,Neo_Beads,Neonatal_Beads,7,Pericytes/VSM,231,260.0
Neo_Beads_CAATAGGGGTGT,Neo_Beads,Neonatal_Beads,12,Schwann cells,268,334.0
Neo_Beads_TAGAGAGAACAT,Neo_Beads,Neonatal_Beads,10,Schwann cells,301,357.0
Neo_Beads_CGCATCAGGGCG,Neo_Beads,Neonatal_Beads,17,Schwann cells,251,280.0
Neo_Beads_TTGGCTGATACG,Neo_Beads,Neonatal_Beads,17,Schwann cells,317,407.0
Neo_Beads_AAGTGAGTTGCG,Neo_Beads,Neonatal_Beads,17,Schwann cells,336,470.0
Neo_Beads_AAGCTATGTGAA,Neo_Beads,Neonatal_Beads,17,Schwann cells,283,342.0
Neo_Beads_AAGTAGATAGGT,Neo_Beads,Neonatal_Beads,7,Pericytes/VSM,256,321.0
Neo_Beads_GAGGCATACGCT,Neo_Beads,Neonatal_Beads,12,Schwann cells,264,391.0
Neo_Beads_AGCGAATATGCT,Neo_Beads,Neonatal_Beads,4,Endothelial cells,344,485.0
Neo_Beads_GAGGGCCTTCGA,Neo_Beads,Neonatal_Beads,10,Schwann cells,342,459.0
Neo_Beads_CACTCTGACGGA,Neo_Beads,Neonatal_Beads,7,Pericytes/VSM,250,354.0
Neo_Beads_AACCTTTTCCGC,Neo_Beads,Neonatal_Beads,17,Schwann cells,217,273.0
Neo_Beads_GGCGGCCTCAGC,Neo_Beads,Neonatal_Beads,17,Schwann cells,337,430.0
Neo_Beads_TCAGCGTGTCCG,Neo_Beads,Neonatal_Beads,0,Mesenchymal cells,270,340.0
Neo_Beads_TACATCTGCCTC,Neo_Beads,Neonatal_Beads,3,Mesenchymal cells,235,299.0
Neo_Beads_TATTTAATGATC,Neo_Beads,Neonatal_Beads,17,Schwann cells,357,447.0
Neo_Beads_GTTGGGTAATGA,Neo_Beads,Neonatal_Beads,10,Schwann cells,300,383.0
Neo_Beads_CTCCTGTCTAAG,Neo_Beads,Neonatal_Beads,3,Mesenchymal cells,259,335.0
Neo_Beads_AACAGCCTCATA,Neo_Beads,Neonatal_Beads,2,Schwann cells,322,375.0
Neo_Beads_GCGTCCCGCCGG,Neo_Beads,Neonatal_Beads,17,Schwann cells,323,430.0
Neo_Beads_GCCTGAGGTCCA,Neo_Beads,Neonatal_Beads,7,Pericytes/VSM,259,304.0
Neo_Beads_GTCCATGTGCCC,Neo_Beads,Neonatal_Beads,17,Schwann cells,276,312.0
Neo_Beads_AAGAGTGGAGGT,Neo_Beads,Neonatal_Beads,17,Schwann cells,222,426.0
Neo_Beads_GAGGGTACCAAG,Neo_Beads,Neonatal_Beads,17,Schwann cells,299,378.0
Neo_Beads_GTCTATAGTGCA,Neo_Beads,Neonatal_Beads,7,Pericytes/VSM,314,418.0
Neo_Beads_TGGGTAAAATCC,Neo_Beads,Neonatal_Beads,2,Schwann cells,223,274.0
Neo_Beads_GTTACCATATAT,Neo_Beads,Neonatal_Beads,7,Pericytes/VSM,248,309.0
Neo_Beads_AGCAAAATTGAT,Neo_Beads,Neonatal_Beads,3,Mesenchymal cells,233,289.0
Neo_Beads_ATATACAGTGTG,Neo_Beads,Neonatal_Beads,2,Schwann cells,475,596.0
Neo_Beads_TGCGGAGGCTAA,Neo_Beads,Neonatal_Beads,9,Schwann cells,289,347.0
Neo_Beads_GCAGGACCGGGA,Neo_Beads,Neonatal_Beads,14,Lymphocytes,268,388.0
Neo_Beads_TACGTCATAAAT,Neo_Beads,Neonatal_Beads,2,Schwann cells,255,336.0
Neo_Beads_TACTACGACTCG,Neo_Beads,Neonatal_Beads,17,Schwann cells,278,338.0
Neo_Beads_GAATATGATTTG,Neo_Beads,Neonatal_Beads,17,Schwann cells,276,387.0
Neo_Beads_GAAATTGTCTCC,Neo_Beads,Neonatal_Beads,4,Endothelial cells,230,345.0
Neo_Beads_GGTCAGTCGTGT,Neo_Beads,Neonatal_Beads,6,Endothelial cells,316,453.0
Neo_Beads_TACTCATCCTAA,Neo_Beads,Neonatal_Beads,13,Endothelial cells,244,306.0
Neo_Beads_TTATATAGATCT,Neo_Beads,Neonatal_Beads,2,Schwann cells,230,284.0
Neo_Beads_GTTAGTATCGGG,Neo_Beads,Neonatal_Beads,4,Endothelial cells,249,331.0
Neo_Beads_ATGGAGGGTGTT,Neo_Beads,Neonatal_Beads,17,Schwann cells,214,271.0
Neo_Beads_TGACAAGGGGTG,Neo_Beads,Neonatal_Beads,17,Schwann cells,234,303.0
Neo_Beads_GAAATTAAAAAA,Neo_Beads,Neonatal_Beads,7,Pericytes/VSM,207,263.0
Neo_Beads_GTCTCGGTCAAC,Neo_Beads,Neonatal_Beads,7,Pericytes/VSM,225,262.0
Neo_Beads_AGACATCACATN,Neo_Beads,Neonatal_Beads,17,Schwann cells,291,353.0
Neo_Beads_GGTACCATTCAT,Neo_Beads,Neonatal_Beads,17,Schwann cells,306,360.0
Neo_Beads_AAACAGCCTGAT,Neo_Beads,Neonatal_Beads,17,Schwann cells,242,323.0
Neo_Beads_TCGCCAAGATGT,Neo_Beads,Neonatal_Beads,9,Schwann cells,275,336.0
Neo_Beads_TCTTAATGAAAA,Neo_Beads,Neonatal_Beads,8,Schwann cells,229,267.0
Neo_Beads_GTCCGCACCAAC,Neo_Beads,Neonatal_Beads,3,Mesenchymal cells,217,310.0
Neo_Beads_GCCCTTAAAGCG,Neo_Beads,Neonatal_Beads,4,Endothelial cells,278,331.0
Neo_Beads_TTAAAAAAGTAA,Neo_Beads,Neonatal_Beads,17,Schwann cells,273,331.0
Neo_Beads_ACTAGAAGTAAG,Neo_Beads,Neonatal_Beads,9,Schwann cells,224,275.0
Neo_Beads_TCTTGCCGCTAC,Neo_Beads,Neonatal_Beads,17,Schwann cells,305,387.0
Neo_Beads_GTCCACCATCGG,Neo_Beads,Neonatal_Beads,8,Schwann cells,278,340.0
Neo_Beads_CTTTCAGTTAAT,Neo_Beads,Neonatal_Beads,17,Schwann cells,282,350.0
Neo_Beads_GTAACTTGGAGC,Neo_Beads,Neonatal_Beads,8,Schwann cells,294,367.0
Neo_Beads_TACAATATACCT,Neo_Beads,Neonatal_Beads,2,Schwann cells,239,300.0
Neo_Beads_GATGTGCCCGGG,Neo_Beads,Neonatal_Beads,4,Endothelial cells,226,284.0
Neo_Beads_TTATGACCACTG,Neo_Beads,Neonatal_Beads,4,Endothelial cells,299,406.0
Neo_Beads_GAACGACTGTCG,Neo_Beads,Neonatal_Beads,17,Schwann cells,282,372.0
Neo_Beads_CCTGCGTAAACA,Neo_Beads,Neonatal_Beads,10,Schwann cells,290,384.0
Neo_Beads_AACCTCCAAGGC,Neo_Beads,Neonatal_Beads,3,Mesenchymal cells,241,302.0
Neo_Beads_CGTCGTAATCGC,Neo_Beads,Neonatal_Beads,8,Schwann cells,294,378.0
Neo_Beads_TGGCCAAGTAGC,Neo_Beads,Neonatal_Beads,17,Schwann cells,249,289.0
Neo_Beads_TAGCGTCTCGAA,Neo_Beads,Neonatal_Beads,2,Schwann cells,293,356.0
Neo_Beads_TGTATCGACCCA,Neo_Beads,Neonatal_Beads,17,Schwann cells,236,288.0
Neo_Beads_GGACTTAGCACG,Neo_Beads,Neonatal_Beads,0,Mesenchymal cells,244,332.0
Neo_Beads_CTTAGAGCCGCC,Neo_Beads,Neonatal_Beads,10,Schwann cells,367,514.0
Neo_Beads_CGGGCGCCTGAT,Neo_Beads,Neonatal_Beads,1,Mesenchymal cells,216,346.0
Neo_Beads_GTCGAGGCTCCC,Neo_Beads,Neonatal_Beads,17,Schwann cells,282,390.0
Neo_Beads_AATTATGAGTGG,Neo_Beads,Neonatal_Beads,10,Schwann cells,324,401.0
Neo_Beads_CACAGGATTGGT,Neo_Beads,Neonatal_Beads,17,Schwann cells,209,232.0
Neo_Beads_GCAATTGGATTG,Neo_Beads,Neonatal_Beads,9,Schwann cells,223,283.0
Neo_Beads_GTTAGCCTCAAT,Neo_Beads,Neonatal_Beads,17,Schwann cells,275,333.0
Neo_Beads_GGCCTATGATGG,Neo_Beads,Neonatal_Beads,2,Schwann cells,334,405.0
Neo_Beads_ACGGAATGAGGG,Neo_Beads,Neonatal_Beads,17,Schwann cells,256,333.0
Neo_Beads_AAATATTAGATT,Neo_Beads,Neonatal_Beads,9,Schwann cells,324,401.0
Neo_Beads_ATGTCTGCTCTC,Neo_Beads,Neonatal_Beads,17,Schwann cells,305,394.0
Neo_Beads_ACATGACAAATG,Neo_Beads,Neonatal_Beads,17,Schwann cells,249,307.0
Neo_Beads_TTATCTACACGT,Neo_Beads,Neonatal_Beads,17,Schwann cells,227,276.0
Neo_Beads_GGAGAATATGCC,Neo_Beads,Neonatal_Beads,17,Schwann cells,209,269.0
Neo_Beads_AGCATCGGGTCG,Neo_Beads,Neonatal_Beads,3,Mesenchymal cells,225,298.0
Neo_Beads_CTCGTCTAAGTT,Neo_Beads,Neonatal_Beads,0,Mesenchymal cells,220,276.0
Neo_Beads_TAACCGCGATCT,Neo_Beads,Neonatal_Beads,0,Mesenchymal cells,268,366.0
Neo_Beads_CTACCATGTACG,Neo_Beads,Neonatal_Beads,2,Schwann cells,213,273.0
Neo_Beads_GTCCCTAATTCG,Neo_Beads,Neonatal_Beads,12,Schwann cells,227,247.0
Neo_Beads_GGCCCCATATCC,Neo_Beads,Neonatal_Beads,0,Mesenchymal cells,236,310.0
Neo_Beads_ACCTAATCATAG,Neo_Beads,Neonatal_Beads,0,Mesenchymal cells,221,305.0
Neo_Beads_ATCCGGCTCCAG,Neo_Beads,Neonatal_Beads,8,Schwann cells,278,328.0
Neo_Beads_TTCCTATACTCC,Neo_Beads,Neonatal_Beads,17,Schwann cells,258,290.0
Neo_Beads_GAATACCTTGCG,Neo_Beads,Neonatal_Beads,17,Schwann cells,243,306.0
Neo_Beads_AATCACAGGGGT,Neo_Beads,Neonatal_Beads,17,Schwann cells,213,277.0
Neo_Beads_ATCAGTGTAATC,Neo_Beads,Neonatal_Beads,17,Schwann cells,256,315.0
Neo_Beads_CACCCAACGTCA,Neo_Beads,Neonatal_Beads,13,Endothelial cells,226,277.0
Neo_Beads_TCGATTCACATA,Neo_Beads,Neonatal_Beads,17,Schwann cells,247,304.0
Neo_Beads_ATCGAAGTTCGG,Neo_Beads,Neonatal_Beads,17,Schwann cells,247,310.0
Neo_Beads_GTCAGAGACCCA,Neo_Beads,Neonatal_Beads,0,Mesenchymal cells,240,300.0
Neo_Beads_AGCGGAACATCA,Neo_Beads,Neonatal_Beads,0,Mesenchymal cells,229,303.0
Neo_Beads_ATAATTTTTAGC,Neo_Beads,Neonatal_Beads,8,Schwann cells,217,269.0
Neo_Beads_TGATGATCAAAA,Neo_Beads,Neonatal_Beads,17,Schwann cells,283,342.0
Neo_Beads_TGGTACTGTCCA,Neo_Beads,Neonatal_Beads,2,Schwann cells,303,358.0
Neo_Beads_AAAGCAGTTGTA,Neo_Beads,Neonatal_Beads,8,Schwann cells,281,361.0
Neo_Beads_CCTTGCGGCTAA,Neo_Beads,Neonatal_Beads,11,Macrophages,255,313.0
Neo_Beads_GTCGTGTACGGA,Neo_Beads,Neonatal_Beads,17,Schwann cells,237,290.0
Neo_Beads_GACACACGAGAC,Neo_Beads,Neonatal_Beads,17,Schwann cells,233,257.0
Neo_Beads_AACGTACCTTTA,Neo_Beads,Neonatal_Beads,6,Endothelial cells,203,281.0
Neo_Beads_ATCTCGATTGGT,Neo_Beads,Neonatal_Beads,0,Mesenchymal cells,207,247.0
Neo_Beads_TTCCCAACTACT,Neo_Beads,Neonatal_Beads,17,Schwann cells,230,297.0
Neo_Beads_GGTCCCTCGTGT,Neo_Beads,Neonatal_Beads,8,Schwann cells,225,311.0
Neo_Beads_TGCATTTCGGGG,Neo_Beads,Neonatal_Beads,7,Pericytes/VSM,257,317.0
Neo_Beads_AACCTATTCTCA,Neo_Beads,Neonatal_Beads,17,Schwann cells,204,229.0
Neo_Beads_ATATGGACCTGG,Neo_Beads,Neonatal_Beads,17,Schwann cells,308,395.0
Neo_Beads_GAGGGACTCCTT,Neo_Beads,Neonatal_Beads,17,Schwann cells,253,310.0
Neo_Beads_CGCCACTCATCC,Neo_Beads,Neonatal_Beads,8,Schwann cells,268,393.0
Neo_Beads_TACGTCTTAGGT,Neo_Beads,Neonatal_Beads,7,Pericytes/VSM,278,379.0
Neo_Beads_TTAGACTCAGTT,Neo_Beads,Neonatal_Beads,17,Schwann cells,249,324.0
Neo_Beads_GTCATAATCCCG,Neo_Beads,Neonatal_Beads,8,Schwann cells,219,238.0
Neo_Beads_ATGAGAGATGGC,Neo_Beads,Neonatal_Beads,11,Macrophages,291,373.0
Neo_Beads_CGCTCCCTCGTT,Neo_Beads,Neonatal_Beads,9,Schwann cells,249,285.0
Neo_Beads_GTGAGGGGCACA,Neo_Beads,Neonatal_Beads,10,Schwann cells,244,304.0
Neo_Beads_CTTGTTGACGGA,Neo_Beads,Neonatal_Beads,17,Schwann cells,255,335.0
Neo_Beads_TGAATTGTGAGA,Neo_Beads,Neonatal_Beads,12,Schwann cells,237,318.0
Neo_Beads_GTGTTGTACGCC,Neo_Beads,Neonatal_Beads,17,Schwann cells,210,245.0
Neo_Beads_GACTAAGGCATC,Neo_Beads,Neonatal_Beads,17,Schwann cells,236,301.0
Neo_Beads_GTCGACAGATAG,Neo_Beads,Neonatal_Beads,0,Mesenchymal cells,235,279.0
Neo_Beads_ATCCCAGGGGCT,Neo_Beads,Neonatal_Beads,1,Mesenchymal cells,225,388.0
Neo_Beads_CGCACTTTCATT,Neo_Beads,Neonatal_Beads,17,Schwann cells,297,369.0
Neo_Beads_TACTTGATCATT,Neo_Beads,Neonatal_Beads,4,Endothelial cells,227,252.0
Neo_Beads_AGACATGCCCGT,Neo_Beads,Neonatal_Beads,17,Schwann cells,270,347.0
Neo_Beads_GCTTTTCTTTTG,Neo_Beads,Neonatal_Beads,17,Schwann cells,222,275.0
Neo_Beads_CGTAGGGCATGA,Neo_Beads,Neonatal_Beads,17,Schwann cells,235,280.0
Neo_Beads_AATGACGACTTT,Neo_Beads,Neonatal_Beads,2,Schwann cells,239,287.0
Neo_Beads_AGGACGGCGACC,Neo_Beads,Neonatal_Beads,17,Schwann cells,253,308.0
Neo_Beads_CGGCCGTTTCCT,Neo_Beads,Neonatal_Beads,5,Endothelial cells,263,372.0
Neo_Beads_CGCTTCTGAATA,Neo_Beads,Neonatal_Beads,2,Schwann cells,257,325.0
Neo_Beads_TGCACAGCCTCC,Neo_Beads,Neonatal_Beads,10,Schwann cells,254,299.0
Neo_Beads_CTCTACGGAGAC,Neo_Beads,Neonatal_Beads,2,Schwann cells,241,283.0
Neo_Beads_GCCATGGAAGGG,Neo_Beads,Neonatal_Beads,0,Mesenchymal cells,228,327.0
Neo_Beads_GTCCGTAGTAAA,Neo_Beads,Neonatal_Beads,17,Schwann cells,261,314.0
Neo_Beads_AGCCCTTCTGAT,Neo_Beads,Neonatal_Beads,4,Endothelial cells,261,359.0
Neo_Beads_GTAGCATGAAGT,Neo_Beads,Neonatal_Beads,17,Schwann cells,272,350.0
Neo_Beads_AAACACAGGTGG,Neo_Beads,Neonatal_Beads,8,Schwann cells,202,253.0
Neo_Beads_GTCGGGGAGTGG,Neo_Beads,Neonatal_Beads,17,Schwann cells,317,441.0
Neo_Beads_TTCGGTCAGAGG,Neo_Beads,Neonatal_Beads,17,Schwann cells,216,258.0
Neo_Beads_AAAAAACGCGCG,Neo_Beads,Neonatal_Beads,17,Schwann cells,240,311.0
Neo_Beads_CCATTAACTGGT,Neo_Beads,Neonatal_Beads,1,Mesenchymal cells,223,279.0
Neo_Beads_CGTAACCAGCCA,Neo_Beads,Neonatal_Beads,17,Schwann cells,226,264.0
Neo_Beads_GACCCGACTATA,Neo_Beads,Neonatal_Beads,13,Endothelial cells,277,342.0
Neo_Beads_CTTAGTAATATC,Neo_Beads,Neonatal_Beads,17,Schwann cells,266,335.0
Neo_Beads_AGCACTAGATTG,Neo_Beads,Neonatal_Beads,5,Endothelial cells,295,336.0
Neo_Beads_ATGCAGGCCTCA,Neo_Beads,Neonatal_Beads,3,Mesenchymal cells,232,306.0
Neo_Beads_ATCATCTCCGTT,Neo_Beads,Neonatal_Beads,0,Mesenchymal cells,209,247.0
Neo_Beads_CGCGGCAGCGGG,Neo_Beads,Neonatal_Beads,8,Schwann cells,215,279.0
Neo_Beads_ACCACTGACCAA,Neo_Beads,Neonatal_Beads,6,Endothelial cells,232,270.0
Neo_Beads_ATAGTGTACACA,Neo_Beads,Neonatal_Beads,17,Schwann cells,292,361.0
Neo_Beads_TTGCAGACTTAT,Neo_Beads,Neonatal_Beads,0,Mesenchymal cells,205,286.0
Neo_Beads_TGCTATTGCCGC,Neo_Beads,Neonatal_Beads,2,Schwann cells,211,278.0
Neo_Beads_ACCAAATCAGTC,Neo_Beads,Neonatal_Beads,8,Schwann cells,230,310.0
Neo_Beads_AGGGCATAAGTC,Neo_Beads,Neonatal_Beads,7,Pericytes/VSM,234,281.0
Neo_Beads_ATTACATGGTTG,Neo_Beads,Neonatal_Beads,17,Schwann cells,269,326.0
Neo_Beads_TTCTGACGAGGG,Neo_Beads,Neonatal_Beads,2,Schwann cells,242,290.0
Neo_Beads_ACTAGGTCCTGC,Neo_Beads,Neonatal_Beads,17,Schwann cells,215,266.0
Neo_Beads_GCCATTTCACCA,Neo_Beads,Neonatal_Beads,7,Pericytes/VSM,205,248.0
Neo_Beads_AGAGTTATACAA,Neo_Beads,Neonatal_Beads,17,Schwann cells,232,277.0
Neo_Beads_TCCATTCCTACT,Neo_Beads,Neonatal_Beads,17,Schwann cells,224,280.0
Neo_Beads_GTCATCTATGGC,Neo_Beads,Neonatal_Beads,3,Mesenchymal cells,202,280.0
Neo_Beads_GAACTAGGGGCA,Neo_Beads,Neonatal_Beads,17,Schwann cells,245,312.0
Neo_Beads_CATGGTTCAGGA,Neo_Beads,Neonatal_Beads,17,Schwann cells,245,283.0
Neo_Beads_CGTTTGTCGTAG,Neo_Beads,Neonatal_Beads,17,Schwann cells,219,299.0
Neo_Beads_CTACTTAGCTCA,Neo_Beads,Neonatal_Beads,17,Schwann cells,278,340.0
Neo_Beads_TTCAGTCCCCGA,Neo_Beads,Neonatal_Beads,8,Schwann cells,223,246.0
Neo_Beads_AATGTGACATAA,Neo_Beads,Neonatal_Beads,17,Schwann cells,244,290.0
Neo_Beads_CGTGATCAGACG,Neo_Beads,Neonatal_Beads,0,Mesenchymal cells,242,310.0
Neo_Beads_CTGTCCCGAGCG,Neo_Beads,Neonatal_Beads,0,Mesenchymal cells,244,477.0
Neo_Beads_GGCTTTTTGCAC,Neo_Beads,Neonatal_Beads,8,Schwann cells,263,294.0
Neo_Beads_GTCGCTGGAGAC,Neo_Beads,Neonatal_Beads,6,Endothelial cells,257,317.0
Neo_Beads_ATGGGGAGAATG,Neo_Beads,Neonatal_Beads,12,Schwann cells,272,335.0
Neo_Beads_CGAAGCAGTGGA,Neo_Beads,Neonatal_Beads,17,Schwann cells,231,275.0
Neo_Beads_AGGGAACACGGG,Neo_Beads,Neonatal_Beads,12,Schwann cells,288,373.0
Neo_Beads_CTCTCCATTATC,Neo_Beads,Neonatal_Beads,8,Schwann cells,211,283.0
Neo_Beads_TTCTGGCCCAGC,Neo_Beads,Neonatal_Beads,0,Mesenchymal cells,216,306.0
Neo_Beads_CAGTGCAGGGCT,Neo_Beads,Neonatal_Beads,17,Schwann cells,266,350.0
Neo_Beads_GGTGCCGGTCTA,Neo_Beads,Neonatal_Beads,9,Schwann cells,265,301.0
Neo_Beads_AACAGTGCAGAA,Neo_Beads,Neonatal_Beads,3,Mesenchymal cells,255,295.0
Neo_Beads_GACGGAATGTAC,Neo_Beads,Neonatal_Beads,17,Schwann cells,254,314.0
Neo_Beads_ATGAATCACCAT,Neo_Beads,Neonatal_Beads,17,Schwann cells,245,293.0
Neo_Beads_GATCTAGTACCT,Neo_Beads,Neonatal_Beads,8,Schwann cells,204,301.0
Neo_Beads_ATTTCATATGTG,Neo_Beads,Neonatal_Beads,1,Mesenchymal cells,279,358.0
Neo_Beads_ACCGCTATATAA,Neo_Beads,Neonatal_Beads,17,Schwann cells,239,290.0
Neo_Beads_GACGGAAATTCA,Neo_Beads,Neonatal_Beads,3,Mesenchymal cells,224,266.0
Neo_Beads_AATAGTTCGACG,Neo_Beads,Neonatal_Beads,7,Pericytes/VSM,271,341.0
Neo_Beads_GACCCTATGTGC,Neo_Beads,Neonatal_Beads,7,Pericytes/VSM,214,247.0
Neo_Beads_ACATATTTATAA,Neo_Beads,Neonatal_Beads,17,Schwann cells,332,404.0
Neo_Beads_CGTATAACAGTG,Neo_Beads,Neonatal_Beads,5,Endothelial cells,268,308.0
Neo_Beads_TGTTTGCGCCAG,Neo_Beads,Neonatal_Beads,17,Schwann cells,232,297.0
Neo_Beads_CTAGACCAAAGC,Neo_Beads,Neonatal_Beads,17,Schwann cells,266,333.0
Neo_Beads_TAGCGTTCAAGC,Neo_Beads,Neonatal_Beads,17,Schwann cells,233,301.0
Neo_Beads_CCGTTATGACTT,Neo_Beads,Neonatal_Beads,3,Mesenchymal cells,209,267.0
Neo_Beads_GTGGGAGTAGCG,Neo_Beads,Neonatal_Beads,0,Mesenchymal cells,271,370.0
Neo_Beads_CCCGACTCTGCT,Neo_Beads,Neonatal_Beads,17,Schwann cells,267,387.0
Neo_Beads_ACCTAATTCATG,Neo_Beads,Neonatal_Beads,8,Schwann cells,223,261.0
Neo_Beads_GCCTACCGTACC,Neo_Beads,Neonatal_Beads,13,Endothelial cells,200,226.0
Neo_Beads_GGCCGAGCAACC,Neo_Beads,Neonatal_Beads,8,Schwann cells,343,406.0
Neo_Beads_GTATGGGGTAGT,Neo_Beads,Neonatal_Beads,17,Schwann cells,205,243.0
Neo_Beads_AACTTTGAACAC,Neo_Beads,Neonatal_Beads,8,Schwann cells,231,289.0
Neo_Beads_AACTCACGACTC,Neo_Beads,Neonatal_Beads,6,Endothelial cells,214,277.0
Neo_Beads_AAGTATGTCGAC,Neo_Beads,Neonatal_Beads,17,Schwann cells,250,300.0
Neo_Beads_CGGCCGGGCACC,Neo_Beads,Neonatal_Beads,17,Schwann cells,328,470.0
Neo_Beads_AACCCTACGCAG,Neo_Beads,Neonatal_Beads,2,Schwann cells,240,259.0
Neo_Beads_GGTGGGTACACT,Neo_Beads,Neonatal_Beads,10,Schwann cells,303,410.0
Neo_Beads_GAGGCTCGGCCC,Neo_Beads,Neonatal_Beads,17,Schwann cells,265,330.0
Neo_Beads_TGGAGGATATCG,Neo_Beads,Neonatal_Beads,13,Endothelial cells,209,245.0
Neo_Beads_ATAGTTGGGCCT,Neo_Beads,Neonatal_Beads,12,Schwann cells,251,334.0
Neo_Beads_GGGATACCCAGA,Neo_Beads,Neonatal_Beads,17,Schwann cells,260,342.0
Neo_Beads_GGCTTCGAGGTG,Neo_Beads,Neonatal_Beads,5,Endothelial cells,254,359.0
Neo_Beads_TGCTGGTCGGGC,Neo_Beads,Neonatal_Beads,17,Schwann cells,240,300.0
Neo_Beads_TGATAAGGTGTA,Neo_Beads,Neonatal_Beads,17,Schwann cells,235,284.0
Neo_Beads_GTAATATCAAGA,Neo_Beads,Neonatal_Beads,9,Schwann cells,259,296.0
Neo_Beads_TAGCCCGACCGA,Neo_Beads,Neonatal_Beads,17,Schwann cells,207,252.0
Neo_Beads_CAAAGTGTCGCT,Neo_Beads,Neonatal_Beads,17,Schwann cells,204,264.0
Neo_Beads_CACGACTTAGTG,Neo_Beads,Neonatal_Beads,17,Schwann cells,225,283.0
Neo_Beads_AGCCACAGAAGT,Neo_Beads,Neonatal_Beads,5,Endothelial cells,231,275.0
Neo_Beads_GACTTTCGATCC,Neo_Beads,Neonatal_Beads,2,Schwann cells,213,233.0
Neo_Beads_AGCGTATATTTT,Neo_Beads,Neonatal_Beads,0,Mesenchymal cells,231,271.0
Neo_Beads_TAATCCATAAGG,Neo_Beads,Neonatal_Beads,17,Schwann cells,217,258.0
Neo_Beads_CTAAAAATAGAT,Neo_Beads,Neonatal_Beads,9,Schwann cells,232,272.0
Neo_Beads_TAATCATACCGG,Neo_Beads,Neonatal_Beads,7,Pericytes/VSM,223,271.0
Neo_Beads_ATTATAAAGAAA,Neo_Beads,Neonatal_Beads,17,Schwann cells,221,260.0
Neo_Beads_CCACCTTATATT,Neo_Beads,Neonatal_Beads,9,Schwann cells,238,279.0
Neo_Beads_GCCCTACACGCC,Neo_Beads,Neonatal_Beads,17,Schwann cells,254,285.0
Neo_Beads_AGCGCCTTTGCC,Neo_Beads,Neonatal_Beads,17,Schwann cells,289,357.0
Neo_Beads_GCCGACCATATC,Neo_Beads,Neonatal_Beads,12,Schwann cells,232,269.0
Neo_Beads_GGATGCGGCCTT,Neo_Beads,Neonatal_Beads,17,Schwann cells,257,309.0
Neo_Beads_TTCCTTATGGTG,Neo_Beads,Neonatal_Beads,17,Schwann cells,286,361.0
Neo_Beads_TGCGGTTAACAA,Neo_Beads,Neonatal_Beads,14,Lymphocytes,247,304.0
Neo_Beads_TTCTAGGGACGT,Neo_Beads,Neonatal_Beads,17,Schwann cells,216,247.0
Neo_Beads_TTTCCGGTCAAT,Neo_Beads,Neonatal_Beads,3,Mesenchymal cells,221,300.0
Neo_Beads_ACTATCCTCCAT,Neo_Beads,Neonatal_Beads,10,Schwann cells,225,286.0
Neo_Beads_AGCTGGTTACGT,Neo_Beads,Neonatal_Beads,7,Pericytes/VSM,209,278.0
Neo_Beads_AGCGAAGAAAGC,Neo_Beads,Neonatal_Beads,17,Schwann cells,219,240.0
Neo_Beads_ACTGAATCTCTA,Neo_Beads,Neonatal_Beads,8,Schwann cells,212,255.0
Neo_Beads_TACTTTGTGGAC,Neo_Beads,Neonatal_Beads,0,Mesenchymal cells,241,270.0
Neo_Beads_AGCTACCACATG,Neo_Beads,Neonatal_Beads,3,Mesenchymal cells,226,290.0
Neo_Beads_GGTGATGGAACA,Neo_Beads,Neonatal_Beads,4,Endothelial cells,220,254.0
Neo_Beads_TATCGCCGCTCG,Neo_Beads,Neonatal_Beads,8,Schwann cells,232,300.0
Neo_Beads_GTAATTTACGAC,Neo_Beads,Neonatal_Beads,7,Pericytes/VSM,249,316.0
Neo_Beads_CTTAAAGAATAT,Neo_Beads,Neonatal_Beads,8,Schwann cells,264,332.0
Neo_Beads_CAAGACCCCGGA,Neo_Beads,Neonatal_Beads,17,Schwann cells,274,359.0
Neo_Beads_CCGCGGCAATAA,Neo_Beads,Neonatal_Beads,2,Schwann cells,228,329.0
Neo_Beads_CGCTTAGCCTAA,Neo_Beads,Neonatal_Beads,8,Schwann cells,220,252.0
Neo_Beads_CGTACTGCGACA,Neo_Beads,Neonatal_Beads,9,Schwann cells,220,272.0
Neo_Beads_ACCCCCAGATCC,Neo_Beads,Neonatal_Beads,3,Mesenchymal cells,248,336.0
Neo_Beads_TGCGCTAAGATA,Neo_Beads,Neonatal_Beads,17,Schwann cells,291,356.0
Neo_Beads_CCAGCGGCTCAG,Neo_Beads,Neonatal_Beads,17,Schwann cells,296,387.0
Neo_Beads_CCCGCACTTGCT,Neo_Beads,Neonatal_Beads,17,Schwann cells,266,311.0
Neo_Beads_GTCACACGGACC,Neo_Beads,Neonatal_Beads,2,Schwann cells,236,268.0
Neo_Beads_CGCATCACCATG,Neo_Beads,Neonatal_Beads,17,Schwann cells,213,292.0
Neo_Beads_TTTATGCTCCGA,Neo_Beads,Neonatal_Beads,17,Schwann cells,215,279.0
Neo_Beads_GTTGTCCTGGGT,Neo_Beads,Neonatal_Beads,8,Schwann cells,252,321.0
Neo_Beads_TCTCTAGGAGTA,Neo_Beads,Neonatal_Beads,17,Schwann cells,244,300.0
Neo_Beads_AGGCCGAGCCGG,Neo_Beads,Neonatal_Beads,2,Schwann cells,240,440.0
Neo_Beads_GTTCGATACTGC,Neo_Beads,Neonatal_Beads,17,Schwann cells,216,260.0
Neo_Beads_GCTAGTTTGCAT,Neo_Beads,Neonatal_Beads,0,Mesenchymal cells,209,256.0
Neo_Beads_ACGCGTAAAAGC,Neo_Beads,Neonatal_Beads,6,Endothelial cells,233,306.0
Neo_Beads_CTCAGGCCGCAC,Neo_Beads,Neonatal_Beads,6,Endothelial cells,232,320.0
Neo_Beads_TCGGCGTTCAGG,Neo_Beads,Neonatal_Beads,17,Schwann cells,255,376.0
Neo_Beads_GTTGCTCCCACG,Neo_Beads,Neonatal_Beads,2,Schwann cells,320,410.0
Neo_Beads_ATACCCTCCGGG,Neo_Beads,Neonatal_Beads,17,Schwann cells,263,332.0
Neo_Beads_AGCAACAGAGGG,Neo_Beads,Neonatal_Beads,17,Schwann cells,210,251.0
Neo_Beads_GTCCTACAACAG,Neo_Beads,Neonatal_Beads,17,Schwann cells,223,246.0
Neo_Beads_AACACGTTTCAG,Neo_Beads,Neonatal_Beads,17,Schwann cells,224,281.0
Neo_Beads_TAGGGCCAGTTG,Neo_Beads,Neonatal_Beads,17,Schwann cells,292,371.0
Neo_Beads_AGCAGTTACAAT,Neo_Beads,Neonatal_Beads,17,Schwann cells,215,237.0
Neo_Beads_TCGGCTAACAAC,Neo_Beads,Neonatal_Beads,5,Endothelial cells,209,245.0
Neo_Beads_CGTACATATGAG,Neo_Beads,Neonatal_Beads,8,Schwann cells,222,284.0
Neo_Beads_ATCTCCCGAATA,Neo_Beads,Neonatal_Beads,17,Schwann cells,211,237.0
Neo_Beads_CAAGCGGCAATA,Neo_Beads,Neonatal_Beads,7,Pericytes/VSM,224,308.0
Neo_Beads_CGCCCTCGTACG,Neo_Beads,Neonatal_Beads,17,Schwann cells,440,573.0
Neo_Beads_AGATGCGCTTGA,Neo_Beads,Neonatal_Beads,17,Schwann cells,280,353.0
Neo_Beads_ATAAGAGAACCC,Neo_Beads,Neonatal_Beads,12,Schwann cells,264,315.0
Neo_Beads_AGGAAGTCGCCT,Neo_Beads,Neonatal_Beads,17,Schwann cells,221,309.0
Neo_Beads_GGCTAGGCACCG,Neo_Beads,Neonatal_Beads,17,Schwann cells,221,247.0
Neo_Beads_GGATGCGGATCT,Neo_Beads,Neonatal_Beads,8,Schwann cells,216,255.0
Neo_Beads_TCTGATCATCGG,Neo_Beads,Neonatal_Beads,17,Schwann cells,231,288.0
Neo_Beads_TGATAGGTTCCG,Neo_Beads,Neonatal_Beads,17,Schwann cells,324,392.0
Neo_Beads_TGGGCTCAATAA,Neo_Beads,Neonatal_Beads,17,Schwann cells,240,295.0
Neo_Beads_CGCCTTCATCGG,Neo_Beads,Neonatal_Beads,3,Mesenchymal cells,220,314.0
Neo_Beads_TACTTATGGTAT,Neo_Beads,Neonatal_Beads,17,Schwann cells,253,317.0
Neo_Beads_TTCCCTTGAACA,Neo_Beads,Neonatal_Beads,17,Schwann cells,209,241.0
Neo_Beads_GTTAGTGTCGGT,Neo_Beads,Neonatal_Beads,3,Mesenchymal cells,207,264.0
Neo_Beads_AGGGGCAGACCG,Neo_Beads,Neonatal_Beads,17,Schwann cells,209,262.0
Neo_Beads_TACGCTGGTATA,Neo_Beads,Neonatal_Beads,8,Schwann cells,260,285.0
Neo_Beads_GCCACATTTGAC,Neo_Beads,Neonatal_Beads,17,Schwann cells,221,248.0
Neo_Beads_TGCGGGAAAAGT,Neo_Beads,Neonatal_Beads,17,Schwann cells,287,345.0
Neo_Beads_CCCGTCACGTGG,Neo_Beads,Neonatal_Beads,2,Schwann cells,248,296.0
Neo_Beads_GGGTCGTCTTAC,Neo_Beads,Neonatal_Beads,17,Schwann cells,221,268.0
Neo_Beads_CGTAAGGGTGGA,Neo_Beads,Neonatal_Beads,6,Endothelial cells,212,266.0
Neo_Beads_TAGGGTTGGGCC,Neo_Beads,Neonatal_Beads,12,Schwann cells,230,387.0
Neo_Beads_GCCAATGGAGTA,Neo_Beads,Neonatal_Beads,10,Schwann cells,214,263.0
Neo_Beads_GGCATGGTAGTA,Neo_Beads,Neonatal_Beads,17,Schwann cells,239,273.0
Neo_Beads_GTTGCGCGACGT,Neo_Beads,Neonatal_Beads,17,Schwann cells,243,307.0
Neo_Beads_TATGGGACCCTA,Neo_Beads,Neonatal_Beads,17,Schwann cells,236,283.0
Neo_Beads_TACTCAGCTTTA,Neo_Beads,Neonatal_Beads,17,Schwann cells,243,309.0
Neo_Beads_TACTGATTGCTG,Neo_Beads,Neonatal_Beads,17,Schwann cells,220,275.0
Neo_Beads_CACAGAGCAGTA,Neo_Beads,Neonatal_Beads,2,Schwann cells,291,386.0
Neo_Beads_TTAGATCCGTTA,Neo_Beads,Neonatal_Beads,6,Endothelial cells,231,306.0
Neo_Beads_ACTATAGTGTTG,Neo_Beads,Neonatal_Beads,17,Schwann cells,232,261.0
Neo_Beads_GGGGCCACCTCA,Neo_Beads,Neonatal_Beads,17,Schwann cells,275,361.0
Neo_Beads_AGTTTGACCTGT,Neo_Beads,Neonatal_Beads,8,Schwann cells,244,334.0
Neo_Beads_TTTGTTGTGACT,Neo_Beads,Neonatal_Beads,8,Schwann cells,211,278.0
Neo_Beads_GCCACTCGACCT,Neo_Beads,Neonatal_Beads,17,Schwann cells,261,340.0
Neo_Beads_GGCGCGAAATAT,Neo_Beads,Neonatal_Beads,2,Schwann cells,260,295.0
Neo_Beads_CCCCACCCAACT,Neo_Beads,Neonatal_Beads,17,Schwann cells,270,313.0
Neo_Beads_TTTGTCTATCGA,Neo_Beads,Neonatal_Beads,4,Endothelial cells,207,257.0
Neo_Beads_GCCTCGCTTTCG,Neo_Beads,Neonatal_Beads,8,Schwann cells,208,221.0
Neo_Beads_ATATTTAGGTGG,Neo_Beads,Neonatal_Beads,3,Mesenchymal cells,224,269.0
Neo_Beads_TAATGGATGAGG,Neo_Beads,Neonatal_Beads,17,Schwann cells,230,270.0
Neo_Beads_AGCCTCACAAGA,Neo_Beads,Neonatal_Beads,13,Endothelial cells,229,269.0
Neo_Beads_TGGCTGGCGACG,Neo_Beads,Neonatal_Beads,6,Endothelial cells,271,376.0
Neo_Beads_GTCGTCGCCGGG,Neo_Beads,Neonatal_Beads,17,Schwann cells,210,272.0
Neo_Beads_CCTAGCATTAGG,Neo_Beads,Neonatal_Beads,17,Schwann cells,214,256.0
Neo_Beads_CTCCTGCTAAAC,Neo_Beads,Neonatal_Beads,17,Schwann cells,210,262.0
Neo_Beads_AGCCTCATTTGC,Neo_Beads,Neonatal_Beads,17,Schwann cells,205,234.0
Neo_Beads_TTTGATTAGCGG,Neo_Beads,Neonatal_Beads,17,Schwann cells,228,304.0
Neo_Beads_CTCCGCTCGAGA,Neo_Beads,Neonatal_Beads,17,Schwann cells,212,248.0
Neo_Beads_CGGGTACGAGCG,Neo_Beads,Neonatal_Beads,17,Schwann cells,227,275.0
Neo_Beads_CCGGTAGTTCAG,Neo_Beads,Neonatal_Beads,8,Schwann cells,211,286.0
Neo_Beads_TAAGAACCAGTG,Neo_Beads,Neonatal_Beads,17,Schwann cells,216,264.0
Neo_Beads_GGCGATTCGCCG,Neo_Beads,Neonatal_Beads,10,Schwann cells,201,243.0
Neo_Beads_CCGGTAGTCTGG,Neo_Beads,Neonatal_Beads,6,Endothelial cells,203,252.0
Neo_Beads_AGCACACATGCT,Neo_Beads,Neonatal_Beads,9,Schwann cells,221,266.0
Neo_Beads_AAGAGCCGGGGG,Neo_Beads,Neonatal_Beads,17,Schwann cells,255,313.0
Neo_Beads_GTCTGAGGCCAT,Neo_Beads,Neonatal_Beads,0,Mesenchymal cells,204,232.0
Neo_Beads_GGTTGTAAAAGA,Neo_Beads,Neonatal_Beads,2,Schwann cells,222,250.0
Neo_Beads_TACGCTCGCGTT,Neo_Beads,Neonatal_Beads,11,Macrophages,261,302.0
Neo_Beads_GGGCTTCTAAAG,Neo_Beads,Neonatal_Beads,6,Endothelial cells,262,322.0
Neo_Beads_AGCGGCCTGCTC,Neo_Beads,Neonatal_Beads,11,Macrophages,226,299.0
Neo_Beads_TAGCGAAGCTTG,Neo_Beads,Neonatal_Beads,17,Schwann cells,202,247.0
Neo_Beads_AGTGCTACGTGA,Neo_Beads,Neonatal_Beads,10,Schwann cells,207,249.0
Neo_Beads_CAAGATGGCAAG,Neo_Beads,Neonatal_Beads,17,Schwann cells,224,263.0
Neo_Beads_TTCAAAGATAAC,Neo_Beads,Neonatal_Beads,12,Schwann cells,226,251.0
Neo_Beads_GTCGGCAAACAG,Neo_Beads,Neonatal_Beads,17,Schwann cells,265,365.0
Neo_Beads_TACCCCGGCGAC,Neo_Beads,Neonatal_Beads,6,Endothelial cells,228,313.0
Neo_Beads_GAGGGTGGCTCA,Neo_Beads,Neonatal_Beads,17,Schwann cells,213,264.0
Neo_Beads_TTATTTTGCGCC,Neo_Beads,Neonatal_Beads,12,Schwann cells,203,272.0
Neo_Beads_CCTAGCACTCTG,Neo_Beads,Neonatal_Beads,4,Endothelial cells,226,271.0
Neo_Beads_GGGGTATGATAC,Neo_Beads,Neonatal_Beads,7,Pericytes/VSM,285,345.0
Neo_Beads_ATCCCCGGGGCC,Neo_Beads,Neonatal_Beads,17,Schwann cells,238,330.0
Neo_Beads_CGAGCCCTAGGG,Neo_Beads,Neonatal_Beads,17,Schwann cells,245,314.0
Neo_Beads_CCCTTTCTTCAA,Neo_Beads,Neonatal_Beads,17,Schwann cells,220,241.0
Neo_Beads_ACGGTTAGTACT,Neo_Beads,Neonatal_Beads,17,Schwann cells,219,253.0
Neo_Beads_AGTGCACCGTAT,Neo_Beads,Neonatal_Beads,7,Pericytes/VSM,205,252.0
Neo_Beads_AGCATCAACTAG,Neo_Beads,Neonatal_Beads,17,Schwann cells,218,251.0
Neo_Beads_TGAGACTATGAA,Neo_Beads,Neonatal_Beads,6,Endothelial cells,210,245.0
Neo_Beads_AACATTATAACT,Neo_Beads,Neonatal_Beads,6,Endothelial cells,207,223.0
Neo_Beads_GCACCCTCCTGG,Neo_Beads,Neonatal_Beads,17,Schwann cells,211,279.0
Neo_Beads_TTGCGGTAAACA,Neo_Beads,Neonatal_Beads,17,Schwann cells,222,262.0
Neo_Beads_AGCCACTCTCGC,Neo_Beads,Neonatal_Beads,2,Schwann cells,234,259.0
Neo_Beads_GGTCGCGACCTC,Neo_Beads,Neonatal_Beads,17,Schwann cells,252,321.0
Neo_Beads_GTAGGCTCCCTA,Neo_Beads,Neonatal_Beads,17,Schwann cells,219,256.0
Neo_Beads_GGCGTATTTAGA,Neo_Beads,Neonatal_Beads,12,Schwann cells,218,258.0
Neo_Beads_ATCAGCTACAAT,Neo_Beads,Neonatal_Beads,8,Schwann cells,204,248.0
Neo_Beads_TTCCCGGGTAGT,Neo_Beads,Neonatal_Beads,7,Pericytes/VSM,201,226.0
Neo_Beads_TACTTAGAAGAA,Neo_Beads,Neonatal_Beads,17,Schwann cells,233,278.0
Neo_Beads_TGGCGGCAACAT,Neo_Beads,Neonatal_Beads,8,Schwann cells,205,284.0
Neo_Beads_TGCTCGCGACTT,Neo_Beads,Neonatal_Beads,17,Schwann cells,207,229.0
Neo_Beads_ACCGGGAGGCAT,Neo_Beads,Neonatal_Beads,17,Schwann cells,242,352.0
Uninj_TCAGCAGGGTTG,Uninj,Uninjured,5,Endothelial cells,4957,19053.0
Uninj_CAGTTTAACCCT,Uninj,Uninjured,6,Endothelial cells,4897,17568.0
Uninj_TACAAGAGTAGA,Uninj,Uninjured,5,Endothelial cells,4847,16671.0
Uninj_CAACCACGGGGT,Uninj,Uninjured,6,Endothelial cells,4340,12849.0
Uninj_TGCTGCTCTCTA,Uninj,Uninjured,5,Endothelial cells,4078,13518.0
Uninj_AGTCTTGTTGCC,Uninj,Uninjured,6,Endothelial cells,4546,14931.0
Uninj_ACTATGAAGGCN,Uninj,Uninjured,5,Endothelial cells,4195,13390.0
Uninj_GCGACTTGTGTC,Uninj,Uninjured,5,Endothelial cells,4225,14708.0
Uninj_CGTAATTCTCTG,Uninj,Uninjured,6,Endothelial cells,3624,9839.0
Uninj_TAGAAATAATAT,Uninj,Uninjured,6,Endothelial cells,3616,9950.0
Uninj_ACTGATTTCAAA,Uninj,Uninjured,5,Endothelial cells,4027,12014.0
Uninj_CTCTTGCATAGC,Uninj,Uninjured,6,Endothelial cells,3094,9596.0
Uninj_TTCCCTCCCTCG,Uninj,Uninjured,5,Endothelial cells,3721,11103.0
Uninj_CACGACCGGATC,Uninj,Uninjured,6,Endothelial cells,3533,10565.0
Uninj_CGTGTTCATTGG,Uninj,Uninjured,5,Endothelial cells,3789,10663.0
Uninj_AGAAGTTGGATG,Uninj,Uninjured,6,Endothelial cells,3805,10350.0
Uninj_CTGTACTGCCTC,Uninj,Uninjured,9,Schwann cells,3549,9233.0
Uninj_ATCTGCCCCACC,Uninj,Uninjured,6,Endothelial cells,3005,9039.0
Uninj_AGCAATGACACT,Uninj,Uninjured,0,Mesenchymal cells,3219,10443.0
Uninj_ACTAATTTCGCT,Uninj,Uninjured,5,Endothelial cells,3436,8766.0
Uninj_CCTTCCTGATCC,Uninj,Uninjured,6,Endothelial cells,2929,8532.0
Uninj_CCCTATGCACCT,Uninj,Uninjured,6,Endothelial cells,3354,9588.0
Uninj_GATCCTGTTAGN,Uninj,Uninjured,4,Endothelial cells,3023,7761.0
Uninj_GCTCTTGCGCTN,Uninj,Uninjured,3,Mesenchymal cells,2575,8026.0
Uninj_AATGAAATCCGT,Uninj,Uninjured,5,Endothelial cells,2848,7892.0
Uninj_GAGCATTATCGC,Uninj,Uninjured,0,Mesenchymal cells,2520,8076.0
Uninj_AAGTTCGCTATT,Uninj,Uninjured,6,Endothelial cells,3537,9765.0
Uninj_TTCGTTATCATG,Uninj,Uninjured,5,Endothelial cells,3616,9595.0
Uninj_TTCTAAGAAGGC,Uninj,Uninjured,0,Mesenchymal cells,2728,8448.0
Uninj_CCACATTAGCCG,Uninj,Uninjured,5,Endothelial cells,3574,9916.0
Uninj_AATTCATGAATG,Uninj,Uninjured,3,Mesenchymal cells,2462,7293.0
Uninj_GACATGCGTAAT,Uninj,Uninjured,6,Endothelial cells,3146,8316.0
Uninj_CATCCGCCCGCG,Uninj,Uninjured,6,Endothelial cells,3237,9543.0
Uninj_CTGAGATATATG,Uninj,Uninjured,0,Mesenchymal cells,2837,8215.0
Uninj_CGATAATAGCAT,Uninj,Uninjured,3,Mesenchymal cells,2485,7043.0
Uninj_AGGTGCCCCCTG,Uninj,Uninjured,5,Endothelial cells,3457,9426.0
Uninj_TCCTTCGTGTTG,Uninj,Uninjured,5,Endothelial cells,3072,8384.0
Uninj_TGGGCAGTGTGC,Uninj,Uninjured,6,Endothelial cells,3764,11553.0
Uninj_ATGAGGGCACGT,Uninj,Uninjured,5,Endothelial cells,2918,7575.0
Uninj_TTGGCCAGGGCC,Uninj,Uninjured,6,Endothelial cells,3016,7844.0
Uninj_TTTAGTGACAAG,Uninj,Uninjured,0,Mesenchymal cells,2239,6407.0
Uninj_CAATCTCTGTTC,Uninj,Uninjured,6,Endothelial cells,2945,7011.0
Uninj_AGGAACATCATC,Uninj,Uninjured,5,Endothelial cells,2708,6773.0
Uninj_TTCGAACCGCCT,Uninj,Uninjured,5,Endothelial cells,2697,7632.0
Uninj_CGGCCGCCGGAC,Uninj,Uninjured,6,Endothelial cells,2813,7068.0
Uninj_CGTCGTGATCAG,Uninj,Uninjured,0,Mesenchymal cells,2035,7547.0
Uninj_TAAAATGGTTAC,Uninj,Uninjured,6,Endothelial cells,2333,5472.0
Uninj_GCACCTATAATT,Uninj,Uninjured,6,Endothelial cells,2923,7276.0
Uninj_CCACAGTTGAAT,Uninj,Uninjured,0,Mesenchymal cells,1929,6510.0
Uninj_CCATCGTTGAAT,Uninj,Uninjured,0,Mesenchymal cells,1941,6283.0
Uninj_AATCCGTGGAAT,Uninj,Uninjured,1,Mesenchymal cells,2151,5521.0
Uninj_ACGTTCTATGAG,Uninj,Uninjured,3,Mesenchymal cells,2555,7331.0
Uninj_CCATGTGCCTGT,Uninj,Uninjured,3,Mesenchymal cells,2593,6591.0
Uninj_GAGCGCTCAGCA,Uninj,Uninjured,4,Endothelial cells,2683,6253.0
Uninj_AACCCAGAGATA,Uninj,Uninjured,4,Endothelial cells,2563,5816.0
Uninj_CGTTGTTGGTGA,Uninj,Uninjured,5,Endothelial cells,2605,7512.0
Uninj_TGAGCGGGTTCT,Uninj,Uninjured,0,Mesenchymal cells,1832,5732.0
Uninj_TTCCATAGCCGG,Uninj,Uninjured,3,Mesenchymal cells,2309,5996.0
Uninj_GGGCCAACCTAC,Uninj,Uninjured,13,Endothelial cells,2647,6632.0
Uninj_CGTAATAGTAAA,Uninj,Uninjured,3,Mesenchymal cells,2312,5822.0
Uninj_TAGCCCATATAC,Uninj,Uninjured,6,Endothelial cells,2536,6529.0
Uninj_CCCGACCAGCTT,Uninj,Uninjured,3,Mesenchymal cells,2209,6485.0
Uninj_TTCCGGCACTAG,Uninj,Uninjured,5,Endothelial cells,2514,6176.0
Uninj_CGCAACACTTGT,Uninj,Uninjured,0,Mesenchymal cells,1616,5533.0
Uninj_GATTTGGGTACT,Uninj,Uninjured,3,Mesenchymal cells,2010,5440.0
Uninj_CATGAGGTGATC,Uninj,Uninjured,3,Mesenchymal cells,2425,6147.0
Uninj_TTTGATCGTTTA,Uninj,Uninjured,3,Mesenchymal cells,2257,5755.0
Uninj_TAAAATTTAACC,Uninj,Uninjured,3,Mesenchymal cells,2194,5849.0
Uninj_GGAACCTTCCTT,Uninj,Uninjured,6,Endothelial cells,2491,6241.0
Uninj_TAATCATTCTGG,Uninj,Uninjured,3,Mesenchymal cells,2082,5630.0
Uninj_TACAAGCAACAG,Uninj,Uninjured,3,Mesenchymal cells,1815,4799.0
Uninj_TCCCGGGCCATA,Uninj,Uninjured,3,Mesenchymal cells,2065,5944.0
Uninj_TCTACCTTTTCT,Uninj,Uninjured,6,Endothelial cells,2372,5884.0
Uninj_ACTTGAATATCT,Uninj,Uninjured,3,Mesenchymal cells,2026,5649.0
Uninj_CTTACTTCTCGA,Uninj,Uninjured,3,Mesenchymal cells,1924,5551.0
Uninj_TCACGCCTCGGT,Uninj,Uninjured,5,Endothelial cells,2524,5533.0
Uninj_TGCCAGTTATGN,Uninj,Uninjured,3,Mesenchymal cells,1667,4462.0
Uninj_CGTAGGCATACA,Uninj,Uninjured,3,Mesenchymal cells,2208,6548.0
Uninj_CTCAGGCCCTGT,Uninj,Uninjured,6,Endothelial cells,2641,6643.0
Uninj_CCTCACCCTTAA,Uninj,Uninjured,0,Mesenchymal cells,2080,5929.0
Uninj_TCACGTTCTCGT,Uninj,Uninjured,6,Endothelial cells,2416,5833.0
Uninj_ATAGAGATTTGN,Uninj,Uninjured,3,Mesenchymal cells,1809,4983.0
Uninj_CTAAAGATAGCN,Uninj,Uninjured,0,Mesenchymal cells,1844,5193.0
Uninj_ATGACGGGACTT,Uninj,Uninjured,0,Mesenchymal cells,1962,4777.0
Uninj_TCGTCGCTGGAT,Uninj,Uninjured,13,Endothelial cells,2058,4987.0
Uninj_CCGATAGGCGGA,Uninj,Uninjured,6,Endothelial cells,2626,5794.0
Uninj_GCCCGATCCCCC,Uninj,Uninjured,3,Mesenchymal cells,1976,6775.0
Uninj_CCCTCACCTCTC,Uninj,Uninjured,9,Schwann cells,2161,4719.0
Uninj_TGCAGCCTTCGC,Uninj,Uninjured,7,Pericytes/VSM,2493,5874.0
Uninj_CAGGCGATTTTG,Uninj,Uninjured,3,Mesenchymal cells,1888,5644.0
Uninj_TCAATCACACCN,Uninj,Uninjured,6,Endothelial cells,2092,4471.0
Uninj_TTACATAACATA,Uninj,Uninjured,5,Endothelial cells,2314,5481.0
Uninj_CTTAATGAGTCC,Uninj,Uninjured,3,Mesenchymal cells,2204,5771.0
Uninj_CTCGTCGTGCGG,Uninj,Uninjured,5,Endothelial cells,2406,6938.0
Uninj_GGAGCCCCTTTC,Uninj,Uninjured,5,Endothelial cells,3224,8299.0
Uninj_TCCCCGCCCCAC,Uninj,Uninjured,6,Endothelial cells,2285,5261.0
Uninj_TCGTCCGCGGGC,Uninj,Uninjured,3,Mesenchymal cells,2058,5043.0
Uninj_CGCTGACAGGTA,Uninj,Uninjured,13,Endothelial cells,2444,5520.0
Uninj_CGTCATGGTCGC,Uninj,Uninjured,5,Endothelial cells,2470,5753.0
Uninj_GCGTACTGTGAC,Uninj,Uninjured,3,Mesenchymal cells,1964,5486.0
Uninj_ACAATCTAATCC,Uninj,Uninjured,0,Mesenchymal cells,2223,5439.0
Uninj_TCCACGACGTCG,Uninj,Uninjured,3,Mesenchymal cells,1928,4749.0
Uninj_GGATACACGAGA,Uninj,Uninjured,3,Mesenchymal cells,2043,5443.0
Uninj_CCACGTATTCGT,Uninj,Uninjured,3,Mesenchymal cells,2080,5565.0
Uninj_TGGTTCACAACT,Uninj,Uninjured,5,Endothelial cells,2144,5253.0
Uninj_AGATTCAAGGTT,Uninj,Uninjured,1,Mesenchymal cells,2023,5410.0
Uninj_CATGTCCGACAG,Uninj,Uninjured,6,Endothelial cells,2151,4379.0
Uninj_TCCTGTCCCCAC,Uninj,Uninjured,6,Endothelial cells,2342,5316.0
Uninj_CAGAGGTCTCCC,Uninj,Uninjured,0,Mesenchymal cells,1944,4767.0
Uninj_ATTATTCTACCN,Uninj,Uninjured,3,Mesenchymal cells,1996,4794.0
Uninj_TTAGACTCGGAC,Uninj,Uninjured,3,Mesenchymal cells,1921,4958.0
Uninj_AGCAGTTGCCGG,Uninj,Uninjured,3,Mesenchymal cells,1897,5228.0
Uninj_TAGTATCACCAN,Uninj,Uninjured,0,Mesenchymal cells,2254,6035.0
Uninj_CGTCGGTAAACT,Uninj,Uninjured,3,Mesenchymal cells,1762,4840.0
Uninj_AAATCCGACATA,Uninj,Uninjured,3,Mesenchymal cells,1661,4366.0
Uninj_ATCTATGCATGA,Uninj,Uninjured,6,Endothelial cells,2131,4873.0
Uninj_CGGCCTTCTCAT,Uninj,Uninjured,5,Endothelial cells,2023,4494.0
Uninj_GCGCCCATGCCA,Uninj,Uninjured,0,Mesenchymal cells,1795,5439.0
Uninj_CGACCCCTATAA,Uninj,Uninjured,0,Mesenchymal cells,2192,6226.0
Uninj_CAGGTTACTCTC,Uninj,Uninjured,5,Endothelial cells,2270,5124.0
Uninj_CTGAGCGGTGCA,Uninj,Uninjured,6,Endothelial cells,2657,6839.0
Uninj_CATGATGAATTC,Uninj,Uninjured,3,Mesenchymal cells,1716,4074.0
Uninj_AGAGAATAACGG,Uninj,Uninjured,3,Mesenchymal cells,2108,5005.0
Uninj_TTTTACCGGATC,Uninj,Uninjured,3,Mesenchymal cells,1700,4381.0
Uninj_CCCATACCCCAN,Uninj,Uninjured,5,Endothelial cells,2252,5825.0
Uninj_CCGTTGACCTAG,Uninj,Uninjured,3,Mesenchymal cells,1583,4166.0
Uninj_CTTTGGAGGTGA,Uninj,Uninjured,3,Mesenchymal cells,1751,4493.0
Uninj_CACATCTCATCA,Uninj,Uninjured,3,Mesenchymal cells,1951,5458.0
Uninj_CAGTCTGGCTTN,Uninj,Uninjured,5,Endothelial cells,2392,5316.0
Uninj_ACGCAAGGTTGC,Uninj,Uninjured,1,Mesenchymal cells,1850,5203.0
Uninj_GACTAAGGAGGA,Uninj,Uninjured,3,Mesenchymal cells,2278,5331.0
Uninj_TGTGTCCCGTAT,Uninj,Uninjured,13,Endothelial cells,2365,5781.0
Uninj_CTCAGGTTCCGA,Uninj,Uninjured,3,Mesenchymal cells,1775,4680.0
Uninj_TCAGGCGCGGTC,Uninj,Uninjured,1,Mesenchymal cells,1867,4759.0
Uninj_GCAATTTGAATC,Uninj,Uninjured,3,Mesenchymal cells,1492,3867.0
Uninj_GCCCACTCCAGT,Uninj,Uninjured,6,Endothelial cells,2356,5501.0
Uninj_GGGTTTTAGCAA,Uninj,Uninjured,0,Mesenchymal cells,1654,5541.0
Uninj_CCACCCATCCCC,Uninj,Uninjured,0,Mesenchymal cells,1768,5220.0
Uninj_AGCGCCATGCCA,Uninj,Uninjured,3,Mesenchymal cells,1769,4332.0
Uninj_ATTTATACGTTC,Uninj,Uninjured,13,Endothelial cells,2215,4953.0
Uninj_CTACACTATCAA,Uninj,Uninjured,3,Mesenchymal cells,2266,5072.0
Uninj_ATAACGGCATTA,Uninj,Uninjured,0,Mesenchymal cells,1889,5641.0
Uninj_CAATCCGTATCC,Uninj,Uninjured,3,Mesenchymal cells,1534,4196.0
Uninj_GGCTAAGACCTC,Uninj,Uninjured,3,Mesenchymal cells,1809,4572.0
Uninj_TAACGAACTCTA,Uninj,Uninjured,3,Mesenchymal cells,1400,3845.0
Uninj_CACCAGCTTTGC,Uninj,Uninjured,5,Endothelial cells,2140,4683.0
Uninj_ACAGCAGACTCC,Uninj,Uninjured,6,Endothelial cells,2310,5607.0
Uninj_CCCAGATTGTTA,Uninj,Uninjured,3,Mesenchymal cells,1644,4206.0
Uninj_GTTCACTAATAA,Uninj,Uninjured,6,Endothelial cells,2049,4150.0
Uninj_CGTGACATTACT,Uninj,Uninjured,3,Mesenchymal cells,1791,4488.0
Uninj_TGAGCGGCAAAC,Uninj,Uninjured,9,Schwann cells,1888,4266.0
Uninj_TGACAATTAGCT,Uninj,Uninjured,13,Endothelial cells,2100,4298.0
Uninj_AGCGTAGAGACA,Uninj,Uninjured,3,Mesenchymal cells,2132,5176.0
Uninj_CACCTACCTTGC,Uninj,Uninjured,3,Mesenchymal cells,1745,4765.0
Uninj_CTTCTGGGTATA,Uninj,Uninjured,6,Endothelial cells,2051,4308.0
Uninj_TATAGGAGTTGC,Uninj,Uninjured,4,Endothelial cells,2580,5359.0
Uninj_TTCAGTCGACTA,Uninj,Uninjured,3,Mesenchymal cells,1716,3879.0
Uninj_GCTTCTTCTATG,Uninj,Uninjured,3,Mesenchymal cells,1801,4632.0
Uninj_TGGGAAATTAAC,Uninj,Uninjured,6,Endothelial cells,2265,4791.0
Uninj_TAAATTCAGATC,Uninj,Uninjured,1,Mesenchymal cells,1868,4141.0
Uninj_CAGTACCCCATT,Uninj,Uninjured,4,Endothelial cells,2074,4542.0
Uninj_ATACTACAGACC,Uninj,Uninjured,4,Endothelial cells,2517,5462.0
Uninj_TGAAGGACCGCA,Uninj,Uninjured,5,Endothelial cells,2356,5498.0
Uninj_TGATGTTTATAC,Uninj,Uninjured,0,Mesenchymal cells,1665,4433.0
Uninj_TCAGTAACATGT,Uninj,Uninjured,3,Mesenchymal cells,1694,4222.0
Uninj_CTGTATTGTATA,Uninj,Uninjured,3,Mesenchymal cells,2180,5309.0
Uninj_GTGGCATTAATA,Uninj,Uninjured,7,Pericytes/VSM,2016,4412.0
Uninj_GTGCCCGATATC,Uninj,Uninjured,0,Mesenchymal cells,2045,5106.0
Uninj_GGAAGCAGTGTC,Uninj,Uninjured,5,Endothelial cells,2023,4585.0
Uninj_ACGCATTCCATG,Uninj,Uninjured,3,Mesenchymal cells,1675,4433.0
Uninj_TAAGAAAGCTTA,Uninj,Uninjured,3,Mesenchymal cells,1794,4352.0
Uninj_TCGCTTGACGTT,Uninj,Uninjured,3,Mesenchymal cells,1411,3398.0
Uninj_CCTAAAAACGCC,Uninj,Uninjured,6,Endothelial cells,2035,4384.0
Uninj_CCAAGGTTCCAT,Uninj,Uninjured,0,Mesenchymal cells,1450,4252.0
Uninj_TCAACAGGCGAG,Uninj,Uninjured,3,Mesenchymal cells,1614,3845.0
Uninj_GTGTACATACTA,Uninj,Uninjured,0,Mesenchymal cells,1978,5494.0
Uninj_GTGCCCCAACGT,Uninj,Uninjured,7,Pericytes/VSM,1931,3908.0
Uninj_ATTCTTCCACCA,Uninj,Uninjured,6,Endothelial cells,1952,4170.0
Uninj_GGGTCACATTGT,Uninj,Uninjured,0,Mesenchymal cells,2011,5024.0
Uninj_ACTGGCTCAGTT,Uninj,Uninjured,1,Mesenchymal cells,1915,4222.0
Uninj_TAAAGATAGATT,Uninj,Uninjured,3,Mesenchymal cells,1530,3993.0
Uninj_TAGACTTCCGCG,Uninj,Uninjured,3,Mesenchymal cells,1592,4004.0
Uninj_CTATCCGCCATC,Uninj,Uninjured,3,Mesenchymal cells,1529,3672.0
Uninj_CTCTTCTTATTC,Uninj,Uninjured,3,Mesenchymal cells,1445,3487.0
Uninj_TACAGCGGGCGT,Uninj,Uninjured,3,Mesenchymal cells,1783,4697.0
Uninj_CCTGTGCGATGA,Uninj,Uninjured,4,Endothelial cells,2031,4384.0
Uninj_CGTAGTAGGAAC,Uninj,Uninjured,6,Endothelial cells,1835,3737.0
Uninj_ACGCACGTAGCT,Uninj,Uninjured,0,Mesenchymal cells,1643,4243.0
Uninj_CTCAAGCTCGGA,Uninj,Uninjured,3,Mesenchymal cells,1618,4383.0
Uninj_GACTAAAATGTA,Uninj,Uninjured,0,Mesenchymal cells,1644,3601.0
Uninj_GTGACCCGTGTC,Uninj,Uninjured,6,Endothelial cells,2250,4941.0
Uninj_GGCACCGGGTCT,Uninj,Uninjured,13,Endothelial cells,2096,4246.0
Uninj_GGAGCGCCCAAC,Uninj,Uninjured,3,Mesenchymal cells,1584,3970.0
Uninj_CCACAAGTAAAT,Uninj,Uninjured,0,Mesenchymal cells,1313,2976.0
Uninj_CGGAGGACCAGA,Uninj,Uninjured,6,Endothelial cells,2057,4575.0
Uninj_TGGGTCGGATAC,Uninj,Uninjured,6,Endothelial cells,2714,6571.0
Uninj_TACGAGCGACAC,Uninj,Uninjured,1,Mesenchymal cells,1694,3882.0
Uninj_TCTGCCCACCAN,Uninj,Uninjured,0,Mesenchymal cells,1467,3948.0
Uninj_ACGGGCGTAGTC,Uninj,Uninjured,0,Mesenchymal cells,1707,4659.0
Uninj_ATACTACGCATT,Uninj,Uninjured,1,Mesenchymal cells,1743,5098.0
Uninj_GCAGCTTTTTAT,Uninj,Uninjured,0,Mesenchymal cells,1900,3889.0
Uninj_GGCGGCATAGTT,Uninj,Uninjured,1,Mesenchymal cells,2357,5939.0
Uninj_CCGGTTTACATG,Uninj,Uninjured,5,Endothelial cells,2069,5062.0
Uninj_CCGATAGTACAC,Uninj,Uninjured,5,Endothelial cells,1889,3745.0
Uninj_TTCATTGCCCCT,Uninj,Uninjured,0,Mesenchymal cells,1893,4767.0
Uninj_ACCCGAAGTAAA,Uninj,Uninjured,5,Endothelial cells,2126,4436.0
Uninj_GCTAACACCGGA,Uninj,Uninjured,3,Mesenchymal cells,1746,4312.0
Uninj_GATTAGTGTCGC,Uninj,Uninjured,3,Mesenchymal cells,1593,3573.0
Uninj_TCGCTCCCCTAA,Uninj,Uninjured,3,Mesenchymal cells,1398,3946.0
Uninj_CACCATTCCGTG,Uninj,Uninjured,3,Mesenchymal cells,1628,3849.0
Uninj_CTATAAGACAGA,Uninj,Uninjured,3,Mesenchymal cells,1636,3979.0
Uninj_GACGACGAAAGT,Uninj,Uninjured,3,Mesenchymal cells,1417,3519.0
Uninj_TCATAAGAATCC,Uninj,Uninjured,6,Endothelial cells,1947,3958.0
Uninj_CTAACCGATGAC,Uninj,Uninjured,5,Endothelial cells,1416,3096.0
Uninj_TTGTACGATGAG,Uninj,Uninjured,6,Endothelial cells,2077,4104.0
Uninj_AGCTTGCGTCTC,Uninj,Uninjured,1,Mesenchymal cells,1769,4082.0
Uninj_GGCAGGCTCAGG,Uninj,Uninjured,3,Mesenchymal cells,1652,4049.0
Uninj_TCGCACTTTGAA,Uninj,Uninjured,3,Mesenchymal cells,1500,3583.0
Uninj_CATGCACGTCTA,Uninj,Uninjured,3,Mesenchymal cells,1601,4323.0
Uninj_TCATCATCGGAC,Uninj,Uninjured,4,Endothelial cells,1898,3774.0
Uninj_CATTCACTTAGA,Uninj,Uninjured,3,Mesenchymal cells,1438,3534.0
Uninj_TAAGGCTATGCT,Uninj,Uninjured,6,Endothelial cells,2036,4406.0
Uninj_CTACAGATCAAN,Uninj,Uninjured,0,Mesenchymal cells,1309,3220.0
Uninj_ATCACTATGAAT,Uninj,Uninjured,3,Mesenchymal cells,1463,3798.0
Uninj_GCTGATGCTGTG,Uninj,Uninjured,6,Endothelial cells,2063,4510.0
Uninj_GTTATCGTCGTC,Uninj,Uninjured,3,Mesenchymal cells,1392,3260.0
Uninj_CCTCGTCCTCGT,Uninj,Uninjured,3,Mesenchymal cells,1405,3349.0
Uninj_TTGGCTCCTCTN,Uninj,Uninjured,9,Schwann cells,1987,3916.0
Uninj_AGCCTTCCGTAA,Uninj,Uninjured,5,Endothelial cells,1919,4634.0
Uninj_ATAACCCTCATG,Uninj,Uninjured,3,Mesenchymal cells,1581,3503.0
Uninj_TACGAGTAATGN,Uninj,Uninjured,1,Mesenchymal cells,1590,3419.0
Uninj_CCGTCTGCTTCG,Uninj,Uninjured,5,Endothelial cells,1874,4263.0
Uninj_ATGCCGTCACCC,Uninj,Uninjured,0,Mesenchymal cells,1405,3825.0
Uninj_ATCTTTAGAGTT,Uninj,Uninjured,1,Mesenchymal cells,1710,3759.0
Uninj_CTGACACCCCAC,Uninj,Uninjured,3,Mesenchymal cells,1772,5202.0
Uninj_AACTTTAAACAT,Uninj,Uninjured,13,Endothelial cells,1908,3718.0
Uninj_GATGGCTGGGAA,Uninj,Uninjured,6,Endothelial cells,1739,4042.0
Uninj_ACTTCCCACCGA,Uninj,Uninjured,0,Mesenchymal cells,1486,3770.0
Uninj_GATCGACGTGGA,Uninj,Uninjured,3,Mesenchymal cells,1564,4037.0
Uninj_CAGCCAACGTTC,Uninj,Uninjured,3,Mesenchymal cells,1527,3803.0
Uninj_CCTGACTTGCAT,Uninj,Uninjured,4,Endothelial cells,1992,4310.0
Uninj_GGTTTTTACTCC,Uninj,Uninjured,3,Mesenchymal cells,1330,3242.0
Uninj_AGAACAAAGCCN,Uninj,Uninjured,3,Mesenchymal cells,1646,4299.0
Uninj_GCCAGATACTTN,Uninj,Uninjured,6,Endothelial cells,1920,3646.0
Uninj_CGTCGAGTCGCC,Uninj,Uninjured,5,Endothelial cells,1878,5439.0
Uninj_TTGTCAGATATT,Uninj,Uninjured,0,Mesenchymal cells,1470,3919.0
Uninj_GAGTTGAGCTGA,Uninj,Uninjured,16,Mast cells,1232,2871.0
Uninj_ATCAGACGGTCC,Uninj,Uninjured,6,Endothelial cells,1936,3730.0
Uninj_TATCCGACCGCT,Uninj,Uninjured,3,Mesenchymal cells,1378,3403.0
Uninj_GGATGAGAGACG,Uninj,Uninjured,3,Mesenchymal cells,1574,3828.0
Uninj_ACACGTCTAAGT,Uninj,Uninjured,4,Endothelial cells,2166,4152.0
Uninj_TGCTTAATGTCT,Uninj,Uninjured,6,Endothelial cells,2000,4460.0
Uninj_ACCCCAGGGGTG,Uninj,Uninjured,1,Mesenchymal cells,1590,3240.0
Uninj_TTCTCGTTTCCC,Uninj,Uninjured,3,Mesenchymal cells,1208,2879.0
Uninj_AAGTTCCAGGAN,Uninj,Uninjured,3,Mesenchymal cells,1347,3274.0
Uninj_CGTCCTAGCTGA,Uninj,Uninjured,7,Pericytes/VSM,1613,3669.0
Uninj_CGAATGCACTTA,Uninj,Uninjured,3,Mesenchymal cells,1488,3743.0
Uninj_AGTTCTGATAAT,Uninj,Uninjured,6,Endothelial cells,1731,3559.0
Uninj_AGCAGGTTGCAN,Uninj,Uninjured,6,Endothelial cells,1677,3640.0
Uninj_TAATCACGTTCC,Uninj,Uninjured,6,Endothelial cells,1434,2937.0
Uninj_TCCATACTCTAC,Uninj,Uninjured,3,Mesenchymal cells,1489,3467.0
Uninj_GAGCGCCTCTGC,Uninj,Uninjured,3,Mesenchymal cells,1340,3104.0
Uninj_GTAGGGAGAAAA,Uninj,Uninjured,0,Mesenchymal cells,1376,2826.0
Uninj_GTAGGCCAGTGC,Uninj,Uninjured,3,Mesenchymal cells,1932,4517.0
Uninj_CAGTTAACATCN,Uninj,Uninjured,0,Mesenchymal cells,1415,3570.0
Uninj_CTATGCCCGTGC,Uninj,Uninjured,4,Endothelial cells,1783,3820.0
Uninj_GCCTATATAGCT,Uninj,Uninjured,5,Endothelial cells,1812,4041.0
Uninj_ACTACATGTTTT,Uninj,Uninjured,5,Endothelial cells,1944,4235.0
Uninj_AACCGGCTAATG,Uninj,Uninjured,5,Endothelial cells,1612,3697.0
Uninj_CATGCCCATGCG,Uninj,Uninjured,3,Mesenchymal cells,1530,3411.0
Uninj_TGGTGACTTTTA,Uninj,Uninjured,3,Mesenchymal cells,1716,4349.0
Uninj_GAGAGTTAGTAG,Uninj,Uninjured,0,Mesenchymal cells,1649,4267.0
Uninj_CCGTTTTAGGAN,Uninj,Uninjured,3,Mesenchymal cells,1560,3863.0
Uninj_TCCCGTAAGGCG,Uninj,Uninjured,6,Endothelial cells,1904,4030.0
Uninj_GCCAATATTTGT,Uninj,Uninjured,5,Endothelial cells,1635,3052.0
Uninj_TCGATTTTATTA,Uninj,Uninjured,3,Mesenchymal cells,1566,4012.0
Uninj_GATTGTCAAAGG,Uninj,Uninjured,3,Mesenchymal cells,1491,3813.0
Uninj_GGGACGTCCCGC,Uninj,Uninjured,7,Pericytes/VSM,1725,4565.0
Uninj_AACCTACCACGA,Uninj,Uninjured,0,Mesenchymal cells,1571,3794.0
Uninj_GATCATGCGTTG,Uninj,Uninjured,5,Endothelial cells,1792,3122.0
Uninj_ACAGTCGCAAAN,Uninj,Uninjured,3,Mesenchymal cells,1537,4148.0
Uninj_TATCTTTTAATA,Uninj,Uninjured,3,Mesenchymal cells,1479,3534.0
Uninj_TGTCTTCTTATA,Uninj,Uninjured,7,Pericytes/VSM,1510,3742.0
Uninj_CGAATCCCGGGA,Uninj,Uninjured,13,Endothelial cells,1499,2950.0
Uninj_ACGTAGGCGTTG,Uninj,Uninjured,3,Mesenchymal cells,1339,3277.0
Uninj_AAACACATCTTC,Uninj,Uninjured,0,Mesenchymal cells,1589,3445.0
Uninj_TGACGGTTCTGA,Uninj,Uninjured,0,Mesenchymal cells,1672,3521.0
Uninj_GGTGTTAATCTT,Uninj,Uninjured,5,Endothelial cells,1629,3501.0
Uninj_CTGTAGCCGTTC,Uninj,Uninjured,0,Mesenchymal cells,1395,3619.0
Uninj_TAGCCTACGCAG,Uninj,Uninjured,5,Endothelial cells,1762,3562.0
Uninj_GACAGGTAAGCN,Uninj,Uninjured,3,Mesenchymal cells,1409,3626.0
Uninj_TACAGGTCAAGN,Uninj,Uninjured,0,Mesenchymal cells,1420,2973.0
Uninj_AGGAACCTTTTT,Uninj,Uninjured,0,Mesenchymal cells,1532,3545.0
Uninj_CGCCCACAGCCA,Uninj,Uninjured,3,Mesenchymal cells,1570,4090.0
Uninj_TTTAGTACACCC,Uninj,Uninjured,7,Pericytes/VSM,1520,3408.0
Uninj_GGAATTGTGTCC,Uninj,Uninjured,10,Schwann cells,1779,3111.0
Uninj_CCATACTCAATC,Uninj,Uninjured,3,Mesenchymal cells,1482,3537.0
Uninj_TCACGCAATTAT,Uninj,Uninjured,13,Endothelial cells,1613,2825.0
Uninj_TACCCACATTGC,Uninj,Uninjured,1,Mesenchymal cells,1635,3381.0
Uninj_AAAGATACTGGT,Uninj,Uninjured,4,Endothelial cells,1413,2757.0
Uninj_CTGCAGATCGGT,Uninj,Uninjured,12,Schwann cells,1372,2860.0
Uninj_TCCTTTTTGTCT,Uninj,Uninjured,3,Mesenchymal cells,1227,3173.0
Uninj_GCCACCTCATCN,Uninj,Uninjured,3,Mesenchymal cells,1474,3659.0
Uninj_AGAGAAAGTCCT,Uninj,Uninjured,3,Mesenchymal cells,1507,3326.0
Uninj_CGCACCGAACCC,Uninj,Uninjured,3,Mesenchymal cells,1535,3566.0
Uninj_TCCGATGTCTGT,Uninj,Uninjured,9,Schwann cells,1559,3135.0
Uninj_TCGAACCGGGAT,Uninj,Uninjured,3,Mesenchymal cells,1438,3561.0
Uninj_CAGGCGTCTACA,Uninj,Uninjured,7,Pericytes/VSM,1403,2604.0
Uninj_CCTTATTGTTCC,Uninj,Uninjured,6,Endothelial cells,1736,3651.0
Uninj_CTACTCACTACA,Uninj,Uninjured,3,Mesenchymal cells,1492,3403.0
Uninj_CGACGTGTTAGG,Uninj,Uninjured,6,Endothelial cells,2037,4384.0
Uninj_CAGACCCACTGT,Uninj,Uninjured,0,Mesenchymal cells,1452,3622.0
Uninj_ATGACTCCTAAG,Uninj,Uninjured,0,Mesenchymal cells,1401,3292.0
Uninj_TTGCTATTCACA,Uninj,Uninjured,9,Schwann cells,1395,2508.0
Uninj_TGGTGGAGCCGA,Uninj,Uninjured,3,Mesenchymal cells,1619,3824.0
Uninj_CGCCGTATACTC,Uninj,Uninjured,5,Endothelial cells,1941,4487.0
Uninj_TTTTGCTTCTAC,Uninj,Uninjured,14,Lymphocytes,1575,3936.0
Uninj_CCACTGCAGCAT,Uninj,Uninjured,0,Mesenchymal cells,1750,3942.0
Uninj_CCACGGTAGGTC,Uninj,Uninjured,3,Mesenchymal cells,1516,3850.0
Uninj_GGCCTTGGTCCC,Uninj,Uninjured,6,Endothelial cells,1512,2922.0
Uninj_GCCTCAGTCTAT,Uninj,Uninjured,13,Endothelial cells,1688,3385.0
Uninj_GTACCGCCTCAA,Uninj,Uninjured,3,Mesenchymal cells,1394,3321.0
Uninj_TGTCTACTCCAA,Uninj,Uninjured,0,Mesenchymal cells,1252,3321.0
Uninj_GGGACGCAGTAG,Uninj,Uninjured,3,Mesenchymal cells,1525,3913.0
Uninj_TCTCTCTAATTA,Uninj,Uninjured,13,Endothelial cells,1611,3173.0
Uninj_GCGATTCTTCCT,Uninj,Uninjured,3,Mesenchymal cells,1300,3194.0
Uninj_AATGTTCTATAT,Uninj,Uninjured,3,Mesenchymal cells,1740,4220.0
Uninj_TTTCAATTTCCC,Uninj,Uninjured,5,Endothelial cells,1480,2980.0
Uninj_CTCACCTCTCAA,Uninj,Uninjured,3,Mesenchymal cells,1276,3050.0
Uninj_GCTTCCACTCTT,Uninj,Uninjured,3,Mesenchymal cells,1386,3261.0
Uninj_GTTCAGGATTTA,Uninj,Uninjured,1,Mesenchymal cells,1531,2992.0
Uninj_GAAGACTAATTC,Uninj,Uninjured,4,Endothelial cells,1381,2667.0
Uninj_CACGCAAATGAC,Uninj,Uninjured,12,Schwann cells,1835,4089.0
Uninj_CCTTTTCCACCT,Uninj,Uninjured,0,Mesenchymal cells,1587,3760.0
Uninj_GCGTGGACTCTT,Uninj,Uninjured,13,Endothelial cells,1986,4293.0
Uninj_CTTCGACTTGCA,Uninj,Uninjured,0,Mesenchymal cells,1162,3286.0
Uninj_TCAAAAATTAAT,Uninj,Uninjured,3,Mesenchymal cells,1334,3001.0
Uninj_TCTACCCAGCGT,Uninj,Uninjured,7,Pericytes/VSM,1474,3146.0
Uninj_CGAATAGTCCCA,Uninj,Uninjured,6,Endothelial cells,1713,3417.0
Uninj_CCATGTCGTGAT,Uninj,Uninjured,9,Schwann cells,1516,2905.0
Uninj_CATCCCCTGACT,Uninj,Uninjured,3,Mesenchymal cells,1459,3799.0
Uninj_GGGGTTTTGCGA,Uninj,Uninjured,3,Mesenchymal cells,1492,3906.0
Uninj_CCTGTCCTTAGC,Uninj,Uninjured,1,Mesenchymal cells,1669,3285.0
Uninj_GGTTCTAGTCTG,Uninj,Uninjured,9,Schwann cells,1492,2805.0
Uninj_TTCATTTACGGC,Uninj,Uninjured,0,Mesenchymal cells,1609,3669.0
Uninj_GTGGACAACGAC,Uninj,Uninjured,13,Endothelial cells,2026,3937.0
Uninj_AACGCTCTGGAC,Uninj,Uninjured,0,Mesenchymal cells,1492,3463.0
Uninj_GGGCAGGCTGAC,Uninj,Uninjured,1,Mesenchymal cells,1573,4219.0
Uninj_CGGACCTTGGCA,Uninj,Uninjured,3,Mesenchymal cells,1480,3891.0
Uninj_TGTCTATTAGCC,Uninj,Uninjured,3,Mesenchymal cells,1447,3438.0
Uninj_CTCCGTTCCCGG,Uninj,Uninjured,3,Mesenchymal cells,1600,3525.0
Uninj_TGCACAACATTC,Uninj,Uninjured,1,Mesenchymal cells,1335,3015.0
Uninj_ATGACGGGCCAA,Uninj,Uninjured,6,Endothelial cells,2088,4402.0
Uninj_AGGCTTCCGGCC,Uninj,Uninjured,3,Mesenchymal cells,1425,3641.0
Uninj_CGAAGTCGTAAA,Uninj,Uninjured,6,Endothelial cells,1979,3657.0
Uninj_GCTGCTAGGCCA,Uninj,Uninjured,0,Mesenchymal cells,1165,3298.0
Uninj_CACTAGTAGGAG,Uninj,Uninjured,6,Endothelial cells,1777,3410.0
Uninj_CCATGCTTGCTC,Uninj,Uninjured,0,Mesenchymal cells,1719,3955.0
Uninj_CGCCATCAATCA,Uninj,Uninjured,0,Mesenchymal cells,1242,2391.0
Uninj_TGAGCCCACTGC,Uninj,Uninjured,3,Mesenchymal cells,1547,4512.0
Uninj_GTTGGCTCAACC,Uninj,Uninjured,0,Mesenchymal cells,1315,4044.0
Uninj_TTGGCGACGATC,Uninj,Uninjured,3,Mesenchymal cells,1288,2951.0
Uninj_GGCCAATTGCAT,Uninj,Uninjured,1,Mesenchymal cells,1551,3377.0
Uninj_ACTAGCTGAGGT,Uninj,Uninjured,0,Mesenchymal cells,1259,3598.0
Uninj_CACCAACCTTCA,Uninj,Uninjured,3,Mesenchymal cells,1349,2875.0
Uninj_TCTGCGAAAACA,Uninj,Uninjured,4,Endothelial cells,1442,2672.0
Uninj_GTAAGGTCGACG,Uninj,Uninjured,1,Mesenchymal cells,1590,3609.0
Uninj_GGATGATCCTCT,Uninj,Uninjured,3,Mesenchymal cells,1185,3055.0
Uninj_GTATCCTTGCTN,Uninj,Uninjured,4,Endothelial cells,1678,3238.0
Uninj_TAAACCGGGTAA,Uninj,Uninjured,5,Endothelial cells,1771,3367.0
Uninj_GGTCCCCGCCGC,Uninj,Uninjured,3,Mesenchymal cells,1621,4597.0
Uninj_GCCAAGTGTGCA,Uninj,Uninjured,3,Mesenchymal cells,1608,3830.0
Uninj_TACCAACAATTG,Uninj,Uninjured,3,Mesenchymal cells,1191,2908.0
Uninj_GCGCCCAGAGGG,Uninj,Uninjured,6,Endothelial cells,1559,2874.0
Uninj_GGCGGTCGGTGN,Uninj,Uninjured,3,Mesenchymal cells,1745,4080.0
Uninj_CAGCCCCCGGAA,Uninj,Uninjured,5,Endothelial cells,1876,4101.0
Uninj_AAATCGCGTGTT,Uninj,Uninjured,3,Mesenchymal cells,1099,2467.0
Uninj_TTATTACGGGCT,Uninj,Uninjured,5,Endothelial cells,1542,3046.0
Uninj_AAGTGGTATCAC,Uninj,Uninjured,0,Mesenchymal cells,1255,3576.0
Uninj_TTGCTTTAAGCT,Uninj,Uninjured,3,Mesenchymal cells,1484,2930.0
Uninj_CTGTCTTGAATT,Uninj,Uninjured,12,Schwann cells,1194,2536.0
Uninj_CTGATTGCACCA,Uninj,Uninjured,3,Mesenchymal cells,1309,2923.0
Uninj_CAATGAAAACAA,Uninj,Uninjured,1,Mesenchymal cells,1331,2835.0
Uninj_CTTAACCGCAAT,Uninj,Uninjured,0,Mesenchymal cells,1295,3358.0
Uninj_CTCTTCTTTCAG,Uninj,Uninjured,5,Endothelial cells,1427,2647.0
Uninj_CCGAGTGCCTCT,Uninj,Uninjured,3,Mesenchymal cells,1182,2470.0
Uninj_GATATTGTACTC,Uninj,Uninjured,3,Mesenchymal cells,1349,2976.0
Uninj_ACTAGTCCCCCG,Uninj,Uninjured,3,Mesenchymal cells,1301,2746.0
Uninj_CTCTACAGTCAC,Uninj,Uninjured,1,Mesenchymal cells,1797,3731.0
Uninj_TTAGAGCATTTT,Uninj,Uninjured,1,Mesenchymal cells,1505,2838.0
Uninj_AACGTGCGAGTA,Uninj,Uninjured,6,Endothelial cells,1480,3151.0
Uninj_GGACGTAGAGTA,Uninj,Uninjured,6,Endothelial cells,1567,2767.0
Uninj_CAAAAATATGGC,Uninj,Uninjured,0,Mesenchymal cells,1023,2047.0
Uninj_ACGGACATTACA,Uninj,Uninjured,3,Mesenchymal cells,1236,3099.0
Uninj_TGCACCACACAG,Uninj,Uninjured,3,Mesenchymal cells,1493,3247.0
Uninj_TGAAATTTCTTA,Uninj,Uninjured,0,Mesenchymal cells,1250,2552.0
Uninj_TCTCAAAGCTCG,Uninj,Uninjured,6,Endothelial cells,1294,2505.0
Uninj_GCGTCGATCTCG,Uninj,Uninjured,3,Mesenchymal cells,1221,3462.0
Uninj_AATGTTACTAGC,Uninj,Uninjured,3,Mesenchymal cells,1197,2930.0
Uninj_GTCCGCAACCAT,Uninj,Uninjured,3,Mesenchymal cells,1285,3234.0
Uninj_TACGTGGCATAG,Uninj,Uninjured,3,Mesenchymal cells,1222,2890.0
Uninj_TACTGGAACGGC,Uninj,Uninjured,3,Mesenchymal cells,1267,2788.0
Uninj_CCTCGCGTACCT,Uninj,Uninjured,4,Endothelial cells,1495,3050.0
Uninj_GAGGCGCCGCAC,Uninj,Uninjured,6,Endothelial cells,1644,3891.0
Uninj_CACTTCCTATTA,Uninj,Uninjured,5,Endothelial cells,1543,2973.0
Uninj_GCAGTCGGGACC,Uninj,Uninjured,7,Pericytes/VSM,1325,3036.0
Uninj_TACTCCTCCAGA,Uninj,Uninjured,4,Endothelial cells,1615,3120.0
Uninj_GACCCTTTCACG,Uninj,Uninjured,11,Macrophages,1438,3090.0
Uninj_ACTATTTGGAGA,Uninj,Uninjured,3,Mesenchymal cells,1527,3797.0
Uninj_CCTAGTCGGTTT,Uninj,Uninjured,1,Mesenchymal cells,1321,2805.0
Uninj_TCTAACGACCAC,Uninj,Uninjured,6,Endothelial cells,1635,3398.0
Uninj_CACAACGTCCAA,Uninj,Uninjured,3,Mesenchymal cells,1322,3183.0
Uninj_CTGACGTGATTG,Uninj,Uninjured,7,Pericytes/VSM,1299,2790.0
Uninj_TTGAAAAAATAT,Uninj,Uninjured,5,Endothelial cells,1499,2514.0
Uninj_TTTTACGACCCG,Uninj,Uninjured,3,Mesenchymal cells,1349,3251.0
Uninj_CCGGGTTCCTGG,Uninj,Uninjured,7,Pericytes/VSM,1341,2636.0
Uninj_CGTGGCCGGCCT,Uninj,Uninjured,0,Mesenchymal cells,1217,3489.0
Uninj_CAGATTAATGTT,Uninj,Uninjured,3,Mesenchymal cells,1393,3233.0
Uninj_GGGTATAAGTGA,Uninj,Uninjured,3,Mesenchymal cells,1322,3149.0
Uninj_CTAGATCCGCCT,Uninj,Uninjured,7,Pericytes/VSM,1373,3043.0
Uninj_GTTAAGCCCCTG,Uninj,Uninjured,7,Pericytes/VSM,1437,3367.0
Uninj_CACTTCTACTGT,Uninj,Uninjured,0,Mesenchymal cells,1219,3274.0
Uninj_TACCTCATCTTT,Uninj,Uninjured,0,Mesenchymal cells,1525,3151.0
Uninj_CGGTAGTTCGGN,Uninj,Uninjured,1,Mesenchymal cells,1453,3004.0
Uninj_CCCCTTCCTTGG,Uninj,Uninjured,0,Mesenchymal cells,1183,2521.0
Uninj_GTTAATAGTCGT,Uninj,Uninjured,3,Mesenchymal cells,1169,2718.0
Uninj_CATGCGCCGAAN,Uninj,Uninjured,12,Schwann cells,1222,2533.0
Uninj_ACGTCTTGAAAG,Uninj,Uninjured,3,Mesenchymal cells,1124,2550.0
Uninj_GCCGGGTCGTCT,Uninj,Uninjured,0,Mesenchymal cells,1390,4025.0
Uninj_GTTGCGCGCTAC,Uninj,Uninjured,1,Mesenchymal cells,1501,3400.0
Uninj_CAATTAAGACGT,Uninj,Uninjured,9,Schwann cells,1189,2212.0
Uninj_TGACCCAGCATG,Uninj,Uninjured,6,Endothelial cells,1767,3474.0
Uninj_ATTAGCGTATAT,Uninj,Uninjured,3,Mesenchymal cells,1196,3031.0
Uninj_GCGCCATTAGGG,Uninj,Uninjured,0,Mesenchymal cells,1369,4272.0
Uninj_ACCACCAATGGA,Uninj,Uninjured,3,Mesenchymal cells,1248,2853.0
Uninj_GTTCGCGGACAG,Uninj,Uninjured,1,Mesenchymal cells,1676,3812.0
Uninj_AAGACGGATTAA,Uninj,Uninjured,3,Mesenchymal cells,1116,2473.0
Uninj_TTTGACTCTCTA,Uninj,Uninjured,4,Endothelial cells,1407,2938.0
Uninj_ACGGAGGATGTA,Uninj,Uninjured,12,Schwann cells,1360,2945.0
Uninj_CATAATTTAAGG,Uninj,Uninjured,3,Mesenchymal cells,1531,3262.0
Uninj_TTTTGTACGATA,Uninj,Uninjured,0,Mesenchymal cells,1255,2645.0
Uninj_TTATTCGAAGGG,Uninj,Uninjured,5,Endothelial cells,1326,2695.0
Uninj_CCCCTAGCACCG,Uninj,Uninjured,3,Mesenchymal cells,1117,3219.0
Uninj_ACCCTCCAGAAC,Uninj,Uninjured,4,Endothelial cells,1424,2872.0
Uninj_GTCCGTCAACAA,Uninj,Uninjured,3,Mesenchymal cells,1104,2328.0
Uninj_ACCCCGCTGTAN,Uninj,Uninjured,5,Endothelial cells,1784,3619.0
Uninj_ATTTAAACCAGC,Uninj,Uninjured,0,Mesenchymal cells,1257,2433.0
Uninj_TGCTCACCGCCT,Uninj,Uninjured,3,Mesenchymal cells,1401,2911.0
Uninj_CGCCGTCGATAG,Uninj,Uninjured,0,Mesenchymal cells,1392,3067.0
Uninj_TAATGGGGGCCA,Uninj,Uninjured,4,Endothelial cells,1591,2871.0
Uninj_TTCGCGACTGGT,Uninj,Uninjured,0,Mesenchymal cells,1262,2775.0
Uninj_GTCCCGGCACGG,Uninj,Uninjured,5,Endothelial cells,1428,2764.0
Uninj_TTCCAAAAGGGG,Uninj,Uninjured,7,Pericytes/VSM,1288,2634.0
Uninj_CCACACCCAGAT,Uninj,Uninjured,3,Mesenchymal cells,1252,2959.0
Uninj_GGTGCCGGTTGT,Uninj,Uninjured,1,Mesenchymal cells,1490,3051.0
Uninj_CTTCTGGCGGCT,Uninj,Uninjured,3,Mesenchymal cells,951,2042.0
Uninj_TGACCAGAAGTA,Uninj,Uninjured,1,Mesenchymal cells,1500,2839.0
Uninj_GCCCGAAGCAAC,Uninj,Uninjured,0,Mesenchymal cells,1346,4763.0
Uninj_GATCCGCCGTAC,Uninj,Uninjured,0,Mesenchymal cells,1104,2976.0
Uninj_CACTGGTCATAG,Uninj,Uninjured,7,Pericytes/VSM,1282,2681.0
Uninj_TCTAGTTAATCN,Uninj,Uninjured,3,Mesenchymal cells,1627,3496.0
Uninj_AGAGGGAATGAA,Uninj,Uninjured,6,Endothelial cells,1542,3033.0
Uninj_TTCAGCATCCTT,Uninj,Uninjured,9,Schwann cells,1380,2819.0
Uninj_TCGTATATCTCG,Uninj,Uninjured,1,Mesenchymal cells,1396,2857.0
Uninj_CCTGAGTTCGGC,Uninj,Uninjured,1,Mesenchymal cells,1352,2861.0
Uninj_GATATTCTCAAA,Uninj,Uninjured,1,Mesenchymal cells,1428,2711.0
Uninj_GCTAGTTTAACN,Uninj,Uninjured,3,Mesenchymal cells,1210,2567.0
Uninj_CGAAGGCACGCT,Uninj,Uninjured,3,Mesenchymal cells,1157,2470.0
Uninj_CAATTACCGAGA,Uninj,Uninjured,3,Mesenchymal cells,1155,2435.0
Uninj_ATGAGCCCGAGA,Uninj,Uninjured,10,Schwann cells,1431,2630.0
Uninj_TCGAGGCGCCCA,Uninj,Uninjured,3,Mesenchymal cells,1246,3430.0
Uninj_ATTTCCCACCTT,Uninj,Uninjured,3,Mesenchymal cells,1197,2224.0
Uninj_GGTCCACGTTAG,Uninj,Uninjured,3,Mesenchymal cells,1005,2272.0
Uninj_AACTACAACCAC,Uninj,Uninjured,8,Schwann cells,233,3459.0
Uninj_TCTGACCTAACC,Uninj,Uninjured,6,Endothelial cells,1539,2973.0
Uninj_CGCAGGTGTTGT,Uninj,Uninjured,4,Endothelial cells,1412,2668.0
Uninj_ATGCGGTAACAA,Uninj,Uninjured,12,Schwann cells,1263,2457.0
Uninj_ACAATCTATATG,Uninj,Uninjured,0,Mesenchymal cells,1297,3038.0
Uninj_CTCGTAACGATT,Uninj,Uninjured,6,Endothelial cells,1007,1801.0
Uninj_CTAATTCTAACG,Uninj,Uninjured,0,Mesenchymal cells,1132,2516.0
Uninj_GCGAGTAAGACT,Uninj,Uninjured,3,Mesenchymal cells,1231,2798.0
Uninj_TCCACTTTTCCC,Uninj,Uninjured,9,Schwann cells,1355,2640.0
Uninj_CCGAAGTAATAT,Uninj,Uninjured,12,Schwann cells,1213,2415.0
Uninj_TTTCCCCGCAGC,Uninj,Uninjured,5,Endothelial cells,1217,2413.0
Uninj_TTCTGTAAGCGA,Uninj,Uninjured,3,Mesenchymal cells,1222,2461.0
Uninj_AATGATACGAGT,Uninj,Uninjured,4,Endothelial cells,1459,2497.0
Uninj_TTCCGCTGATCT,Uninj,Uninjured,0,Mesenchymal cells,1208,3180.0
Uninj_TCGACAACTCTG,Uninj,Uninjured,3,Mesenchymal cells,1235,2703.0
Uninj_TGCACGGGGATC,Uninj,Uninjured,3,Mesenchymal cells,1240,3239.0
Uninj_AGGGGACGGAAG,Uninj,Uninjured,6,Endothelial cells,1549,3395.0
Uninj_ACCAATAAGAAT,Uninj,Uninjured,10,Schwann cells,1314,2442.0
Uninj_CCGAACGAGTTT,Uninj,Uninjured,0,Mesenchymal cells,1382,2667.0
Uninj_GGTTGAGTTACA,Uninj,Uninjured,3,Mesenchymal cells,1235,2682.0
Uninj_CAAAGAAGTATT,Uninj,Uninjured,0,Mesenchymal cells,1216,2349.0
Uninj_CTCCTGGCCTTA,Uninj,Uninjured,9,Schwann cells,1533,3148.0
Uninj_ACCGCTGGCTGC,Uninj,Uninjured,1,Mesenchymal cells,1231,3060.0
Uninj_TTGTTTTACTAN,Uninj,Uninjured,3,Mesenchymal cells,1371,2440.0
Uninj_CTCGAATGGTGC,Uninj,Uninjured,13,Endothelial cells,1395,2690.0
Uninj_ATCCAATCGCCC,Uninj,Uninjured,3,Mesenchymal cells,1153,2494.0
Uninj_AACGCAAGCAAG,Uninj,Uninjured,1,Mesenchymal cells,1491,3065.0
Uninj_GTAGTGCGTCTG,Uninj,Uninjured,1,Mesenchymal cells,1343,2637.0
Uninj_TCCAAGGAAGGN,Uninj,Uninjured,1,Mesenchymal cells,1100,2450.0
Uninj_CGAGGTGCAGTG,Uninj,Uninjured,12,Schwann cells,1454,2893.0
Uninj_TTTGGGAGACCT,Uninj,Uninjured,13,Endothelial cells,1331,2646.0
Uninj_AGGTCGTGCTTA,Uninj,Uninjured,3,Mesenchymal cells,1313,2896.0
Uninj_TAAGAAACACTG,Uninj,Uninjured,0,Mesenchymal cells,1126,2407.0
Uninj_CTGGCTGAGTGA,Uninj,Uninjured,1,Mesenchymal cells,1433,3104.0
Uninj_CTAATCAAGGTG,Uninj,Uninjured,0,Mesenchymal cells,1066,2080.0
Uninj_GGAGTCCCCGGN,Uninj,Uninjured,3,Mesenchymal cells,1027,2414.0
Uninj_TCAGTGCGTCTC,Uninj,Uninjured,3,Mesenchymal cells,983,2420.0
Uninj_TACGGGGACAAC,Uninj,Uninjured,6,Endothelial cells,1700,3419.0
Uninj_TGGCGGAGTTAG,Uninj,Uninjured,0,Mesenchymal cells,1250,2773.0
Uninj_AAGGACTCTCTC,Uninj,Uninjured,0,Mesenchymal cells,1433,2950.0
Uninj_ATTTGCGTAAGA,Uninj,Uninjured,9,Schwann cells,1209,2149.0
Uninj_CGACAGTTGCTC,Uninj,Uninjured,5,Endothelial cells,1830,3278.0
Uninj_GTTAGTGCGGCT,Uninj,Uninjured,4,Endothelial cells,1585,3127.0
Uninj_AACTATCGCTGG,Uninj,Uninjured,3,Mesenchymal cells,1056,1951.0
Uninj_TTTCCCGATAGT,Uninj,Uninjured,0,Mesenchymal cells,1161,2998.0
Uninj_AGACAAGCCGAG,Uninj,Uninjured,1,Mesenchymal cells,1334,2969.0
Uninj_CCCAATCTGTGC,Uninj,Uninjured,3,Mesenchymal cells,1197,2820.0
Uninj_CCGTTCTGGCAG,Uninj,Uninjured,7,Pericytes/VSM,1159,2347.0
Uninj_GTTGGTATGAGA,Uninj,Uninjured,4,Endothelial cells,1073,1871.0
Uninj_ATAAACTTTTTG,Uninj,Uninjured,7,Pericytes/VSM,1076,2030.0
Uninj_TGAGGCACATTC,Uninj,Uninjured,1,Mesenchymal cells,1448,3001.0
Uninj_TTGTAACTTCAC,Uninj,Uninjured,6,Endothelial cells,1096,1955.0
Uninj_ACCGCAGCTGTC,Uninj,Uninjured,3,Mesenchymal cells,1070,2590.0
Uninj_CCTCCGAGCCAA,Uninj,Uninjured,7,Pericytes/VSM,1154,2636.0
Uninj_AACCTATGTGGT,Uninj,Uninjured,3,Mesenchymal cells,1242,3129.0
Uninj_CGCCACACGGAG,Uninj,Uninjured,5,Endothelial cells,1692,3782.0
Uninj_CGGTTTAACCTT,Uninj,Uninjured,3,Mesenchymal cells,1216,2856.0
Uninj_AAATGTTACAAA,Uninj,Uninjured,7,Pericytes/VSM,1012,1866.0
Uninj_ACACCACGCTTG,Uninj,Uninjured,1,Mesenchymal cells,1246,2553.0
Uninj_CGCGCATAGTCG,Uninj,Uninjured,3,Mesenchymal cells,1422,3374.0
Uninj_TAGTATGATCGG,Uninj,Uninjured,6,Endothelial cells,1728,3046.0
Uninj_TCGTACATCCGG,Uninj,Uninjured,13,Endothelial cells,1400,2580.0
Uninj_CTGAACCTGCAN,Uninj,Uninjured,3,Mesenchymal cells,1149,2480.0
Uninj_GGGAGATCTAAA,Uninj,Uninjured,5,Endothelial cells,1759,3216.0
Uninj_TCTCGACCTGTC,Uninj,Uninjured,3,Mesenchymal cells,1262,2974.0
Uninj_TCCTTCAGCGGC,Uninj,Uninjured,6,Endothelial cells,1284,2551.0
Uninj_GAGCGAAGCAAA,Uninj,Uninjured,0,Mesenchymal cells,1215,2509.0
Uninj_CTGCTATGGGCA,Uninj,Uninjured,3,Mesenchymal cells,1231,2786.0
Uninj_CAAGTCTGGCTT,Uninj,Uninjured,5,Endothelial cells,1355,2362.0
Uninj_GGCTAAACCACT,Uninj,Uninjured,1,Mesenchymal cells,1113,2359.0
Uninj_TGTGAATATCGA,Uninj,Uninjured,1,Mesenchymal cells,1172,2221.0
Uninj_ACGCCAGACCTG,Uninj,Uninjured,3,Mesenchymal cells,1195,2882.0
Uninj_CGCAATCATGAC,Uninj,Uninjured,3,Mesenchymal cells,996,2037.0
Uninj_GAAGTTCCTCAC,Uninj,Uninjured,3,Mesenchymal cells,989,2225.0
Uninj_TCGCGATATCTN,Uninj,Uninjured,0,Mesenchymal cells,1355,2650.0
Uninj_GGAGATAGGTCC,Uninj,Uninjured,1,Mesenchymal cells,1455,3059.0
Uninj_TGGGATTCTAGA,Uninj,Uninjured,3,Mesenchymal cells,1104,2748.0
Uninj_CGTGGCGTACTA,Uninj,Uninjured,7,Pericytes/VSM,1297,2929.0
Uninj_ATTGGAGTCTCC,Uninj,Uninjured,7,Pericytes/VSM,1137,2410.0
Uninj_CAGATTAACATA,Uninj,Uninjured,10,Schwann cells,1382,2315.0
Uninj_ATCCGCACTGGC,Uninj,Uninjured,7,Pericytes/VSM,1049,1908.0
Uninj_GACTTTCCCCTG,Uninj,Uninjured,1,Mesenchymal cells,1312,2728.0
Uninj_CTTCATGGCAAA,Uninj,Uninjured,0,Mesenchymal cells,1148,2269.0
Uninj_TCAGTGGTGTAG,Uninj,Uninjured,3,Mesenchymal cells,820,2104.0
Uninj_AATGCCTGTATT,Uninj,Uninjured,3,Mesenchymal cells,1313,3042.0
Uninj_TAATCCTATTCT,Uninj,Uninjured,6,Endothelial cells,1071,1902.0
Uninj_ATAATAGGAGAT,Uninj,Uninjured,6,Endothelial cells,1442,2671.0
Uninj_CGGATGACTGAA,Uninj,Uninjured,3,Mesenchymal cells,1071,2535.0
Uninj_TATCTCGCCCCC,Uninj,Uninjured,4,Endothelial cells,1534,3512.0
Uninj_TCAACTTAACCT,Uninj,Uninjured,1,Mesenchymal cells,1242,2254.0
Uninj_ATATAACATCCT,Uninj,Uninjured,7,Pericytes/VSM,1060,2239.0
Uninj_AATGTCATTAAC,Uninj,Uninjured,13,Endothelial cells,1396,2590.0
Uninj_GGGGTACTAAGC,Uninj,Uninjured,5,Endothelial cells,1516,3068.0
Uninj_CCCTTGGAGAGA,Uninj,Uninjured,6,Endothelial cells,1281,2363.0
Uninj_TACCTGTTAGGA,Uninj,Uninjured,5,Endothelial cells,1438,2635.0
Uninj_CTCCGCGTGACT,Uninj,Uninjured,1,Mesenchymal cells,1259,2383.0
Uninj_TCGCAGCGACCG,Uninj,Uninjured,3,Mesenchymal cells,1080,2108.0
Uninj_CGGTCGTTCTAT,Uninj,Uninjured,3,Mesenchymal cells,1075,2695.0
Uninj_ACGTCACAGCAC,Uninj,Uninjured,1,Mesenchymal cells,1614,3156.0
Uninj_TCGCGCAGGGTA,Uninj,Uninjured,5,Endothelial cells,1473,3167.0
Uninj_TTAGTCTTATTC,Uninj,Uninjured,9,Schwann cells,1174,2128.0
Uninj_ACAGGGTCAGCC,Uninj,Uninjured,3,Mesenchymal cells,1048,2761.0
Uninj_GAGAGAGCGGCN,Uninj,Uninjured,3,Mesenchymal cells,1085,2745.0
Uninj_TTAATACATCTG,Uninj,Uninjured,12,Schwann cells,1143,2336.0
Uninj_GTCTTTGAGAGA,Uninj,Uninjured,5,Endothelial cells,1162,2088.0
Uninj_ACAGGAGACCTT,Uninj,Uninjured,1,Mesenchymal cells,1433,3039.0
Uninj_TTTCAGATCCTG,Uninj,Uninjured,13,Endothelial cells,1076,1776.0
Uninj_TCTAGTAAATCT,Uninj,Uninjured,6,Endothelial cells,1179,2248.0
Uninj_CGTGTGGCGAAT,Uninj,Uninjured,3,Mesenchymal cells,1146,2294.0
Uninj_GGGTTCTCTCTG,Uninj,Uninjured,5,Endothelial cells,1443,2755.0
Uninj_TGAATCGAAGAT,Uninj,Uninjured,1,Mesenchymal cells,1112,1902.0
Uninj_AAGGTTGACGAT,Uninj,Uninjured,0,Mesenchymal cells,1134,2517.0
Uninj_CACCACCGTAGA,Uninj,Uninjured,7,Pericytes/VSM,1070,2186.0
Uninj_TTCGAAATGCCA,Uninj,Uninjured,16,Mast cells,986,1819.0
Uninj_CTGCCGATGTGA,Uninj,Uninjured,1,Mesenchymal cells,1333,2448.0
Uninj_CAGGACCAGTTA,Uninj,Uninjured,16,Mast cells,1165,2452.0
Uninj_GAACAGATCCCA,Uninj,Uninjured,13,Endothelial cells,1245,2278.0
Uninj_CTCCCACCTCAT,Uninj,Uninjured,9,Schwann cells,1154,1953.0
Uninj_GCTTGTTGTTTG,Uninj,Uninjured,6,Endothelial cells,1355,2604.0
Uninj_AGATTCGGTTAG,Uninj,Uninjured,3,Mesenchymal cells,873,1767.0
Uninj_AGTTATCGAGCG,Uninj,Uninjured,1,Mesenchymal cells,1337,2597.0
Uninj_AATGGTTGGATG,Uninj,Uninjured,9,Schwann cells,1161,2263.0
Uninj_TTTGCGCCCGAA,Uninj,Uninjured,4,Endothelial cells,1015,1893.0
Uninj_AGCCACGGCAGC,Uninj,Uninjured,0,Mesenchymal cells,948,2945.0
Uninj_GTTGTCAGTTAC,Uninj,Uninjured,0,Mesenchymal cells,1069,2161.0
Uninj_GGATGGGTTGCC,Uninj,Uninjured,13,Endothelial cells,1278,2305.0
Uninj_CCAACCCGGCAA,Uninj,Uninjured,7,Pericytes/VSM,1180,2408.0
Uninj_TAATTATGACAA,Uninj,Uninjured,3,Mesenchymal cells,1004,2184.0
Uninj_CTTGGACTCGAG,Uninj,Uninjured,6,Endothelial cells,1207,2153.0
Uninj_CCGGAGTTAGAG,Uninj,Uninjured,6,Endothelial cells,1796,3149.0
Uninj_TAGTCTGATATG,Uninj,Uninjured,3,Mesenchymal cells,957,1962.0
Uninj_GTCATCGTGAAA,Uninj,Uninjured,7,Pericytes/VSM,1110,1993.0
Uninj_AGGCTTCCAACA,Uninj,Uninjured,7,Pericytes/VSM,1309,2300.0
Uninj_GCTTACCCTCCC,Uninj,Uninjured,8,Schwann cells,226,3734.0
Uninj_CATGACGGTTTG,Uninj,Uninjured,3,Mesenchymal cells,1071,2032.0
Uninj_CCTATAGTGCGA,Uninj,Uninjured,3,Mesenchymal cells,1065,2520.0
Uninj_GACCAGTTTCGG,Uninj,Uninjured,0,Mesenchymal cells,799,1939.0
Uninj_ATTTGGAGGGAG,Uninj,Uninjured,0,Mesenchymal cells,910,2026.0
Uninj_TCTGAACCGGCN,Uninj,Uninjured,6,Endothelial cells,1240,2109.0
Uninj_TGAGAACTAGTG,Uninj,Uninjured,3,Mesenchymal cells,1182,2650.0
Uninj_ACATGTGAGTTA,Uninj,Uninjured,3,Mesenchymal cells,1128,2548.0
Uninj_TACGCAATTCAN,Uninj,Uninjured,0,Mesenchymal cells,1046,1943.0
Uninj_GTTCGTTACGAN,Uninj,Uninjured,6,Endothelial cells,1185,2148.0
Uninj_CCTAGGGCTTGG,Uninj,Uninjured,3,Mesenchymal cells,1075,2330.0
Uninj_CCCTGTTCAGAT,Uninj,Uninjured,1,Mesenchymal cells,1300,2500.0
Uninj_GGTCCTGTATGN,Uninj,Uninjured,4,Endothelial cells,1364,2550.0
Uninj_AAAGTATGGAGT,Uninj,Uninjured,6,Endothelial cells,1299,2260.0
Uninj_AATATGTGGCGG,Uninj,Uninjured,6,Endothelial cells,1389,2553.0
Uninj_TCACCCTTCGTC,Uninj,Uninjured,13,Endothelial cells,1251,2335.0
Uninj_GGTTCCAGCTCT,Uninj,Uninjured,3,Mesenchymal cells,1045,2091.0
Uninj_GGCCGCCTTAAG,Uninj,Uninjured,1,Mesenchymal cells,1242,2706.0
Uninj_AGAGCCCTGATC,Uninj,Uninjured,3,Mesenchymal cells,1042,2125.0
Uninj_TCACCCCCGTTC,Uninj,Uninjured,7,Pericytes/VSM,1131,2326.0
Uninj_CGGGTTAGTTAG,Uninj,Uninjured,13,Endothelial cells,1104,2227.0
Uninj_GGGAGGCTTCTG,Uninj,Uninjured,3,Mesenchymal cells,1370,3366.0
Uninj_TACCGACTCGAC,Uninj,Uninjured,3,Mesenchymal cells,1128,2361.0
Uninj_TGACGACGGAGA,Uninj,Uninjured,3,Mesenchymal cells,1135,2157.0
Uninj_GCTGGACTGCTC,Uninj,Uninjured,3,Mesenchymal cells,1332,3009.0
Uninj_GAATATATGAAC,Uninj,Uninjured,10,Schwann cells,1062,1768.0
Uninj_GAGGTTTTGCCA,Uninj,Uninjured,13,Endothelial cells,1340,2357.0
Uninj_CGTAAAAAGTTA,Uninj,Uninjured,1,Mesenchymal cells,1010,1728.0
Uninj_CATATCCCAGAC,Uninj,Uninjured,0,Mesenchymal cells,1198,2545.0
Uninj_AGTGGCCTCATT,Uninj,Uninjured,7,Pericytes/VSM,1222,2793.0
Uninj_CAAGCTAAATAT,Uninj,Uninjured,3,Mesenchymal cells,1059,2097.0
Uninj_GGCCTTCCCGTC,Uninj,Uninjured,7,Pericytes/VSM,1241,3062.0
Uninj_CATATCAGGATG,Uninj,Uninjured,6,Endothelial cells,1177,2261.0
Uninj_CGGAATACCGAC,Uninj,Uninjured,0,Mesenchymal cells,806,1879.0
Uninj_ACGTACCTTTGA,Uninj,Uninjured,7,Pericytes/VSM,1201,2320.0
Uninj_CAACACGGTTCG,Uninj,Uninjured,3,Mesenchymal cells,1035,2317.0
Uninj_CGATAGTCGTCA,Uninj,Uninjured,3,Mesenchymal cells,1013,1847.0
Uninj_TACGGGCCAATA,Uninj,Uninjured,4,Endothelial cells,1093,2019.0
Uninj_CGATTATCTTGC,Uninj,Uninjured,3,Mesenchymal cells,1105,2104.0
Uninj_ATTCTCGATTTT,Uninj,Uninjured,1,Mesenchymal cells,1012,2009.0
Uninj_AGACTAGACGGG,Uninj,Uninjured,3,Mesenchymal cells,1103,3068.0
Uninj_AATGCACGATAT,Uninj,Uninjured,0,Mesenchymal cells,1187,2171.0
Uninj_GCTGGAACTTGG,Uninj,Uninjured,3,Mesenchymal cells,988,2077.0
Uninj_GGGGTCTGGAGG,Uninj,Uninjured,0,Mesenchymal cells,1294,3939.0
Uninj_TTAAACGTAATT,Uninj,Uninjured,0,Mesenchymal cells,987,1780.0
Uninj_TCACCGGGACTG,Uninj,Uninjured,6,Endothelial cells,1296,2386.0
Uninj_AGTACTTATTAT,Uninj,Uninjured,5,Endothelial cells,1683,3273.0
Uninj_TCAGAGCGTGAT,Uninj,Uninjured,7,Pericytes/VSM,1230,2106.0
Uninj_AAAGTATAACGC,Uninj,Uninjured,4,Endothelial cells,1153,1995.0
Uninj_GTGGGTGGACGC,Uninj,Uninjured,0,Mesenchymal cells,1381,3236.0
Uninj_AAGTCTCTAGTT,Uninj,Uninjured,3,Mesenchymal cells,1048,1899.0
Uninj_GCTGCCAAGCCC,Uninj,Uninjured,5,Endothelial cells,1199,2082.0
Uninj_CCGAACGGTACT,Uninj,Uninjured,5,Endothelial cells,1107,2057.0
Uninj_CTGTCTTTTTAG,Uninj,Uninjured,1,Mesenchymal cells,1157,2273.0
Uninj_CGGAAAAGTAGG,Uninj,Uninjured,1,Mesenchymal cells,1219,2138.0
Uninj_GACCTTGGGTGT,Uninj,Uninjured,3,Mesenchymal cells,1135,2382.0
Uninj_CTGAGATGCGTT,Uninj,Uninjured,0,Mesenchymal cells,1238,2384.0
Uninj_ATAGTTCAATGN,Uninj,Uninjured,0,Mesenchymal cells,1190,2430.0
Uninj_TCTAACGCTATC,Uninj,Uninjured,3,Mesenchymal cells,911,1926.0
Uninj_AGCCATTAACAN,Uninj,Uninjured,3,Mesenchymal cells,974,1978.0
Uninj_CCACAGGCGTTC,Uninj,Uninjured,3,Mesenchymal cells,916,2265.0
Uninj_CCTTTTCACTAA,Uninj,Uninjured,1,Mesenchymal cells,1093,2183.0
Uninj_GTTCTGCCCTCA,Uninj,Uninjured,6,Endothelial cells,1369,2880.0
Uninj_GGGTAGGTTGAA,Uninj,Uninjured,0,Mesenchymal cells,1112,2132.0
Uninj_TCTGGATCTTCA,Uninj,Uninjured,4,Endothelial cells,1145,2104.0
Uninj_CCCAGAGAGCGC,Uninj,Uninjured,13,Endothelial cells,1277,2236.0
Uninj_CGGCATGACTTC,Uninj,Uninjured,0,Mesenchymal cells,1155,2173.0
Uninj_AACCGAAAAACC,Uninj,Uninjured,6,Endothelial cells,957,1571.0
Uninj_CGCCAGGTGAAA,Uninj,Uninjured,6,Endothelial cells,1148,1914.0
Uninj_CCGCAGTCCTGG,Uninj,Uninjured,4,Endothelial cells,1280,2193.0
Uninj_CACAGGCATGAT,Uninj,Uninjured,7,Pericytes/VSM,1003,2121.0
Uninj_CCTGCGCCTTAT,Uninj,Uninjured,1,Mesenchymal cells,1427,2818.0
Uninj_CTAAGCCCAAAN,Uninj,Uninjured,3,Mesenchymal cells,755,1656.0
Uninj_ATCTGACCTTAC,Uninj,Uninjured,6,Endothelial cells,1201,2153.0
Uninj_GTTAGGTGTCAC,Uninj,Uninjured,0,Mesenchymal cells,1015,2210.0
Uninj_GTATACGATAAA,Uninj,Uninjured,9,Schwann cells,1037,1705.0
Uninj_GAAACGGGGCGA,Uninj,Uninjured,9,Schwann cells,1086,1907.0
Uninj_CCCCTAGGGGAA,Uninj,Uninjured,1,Mesenchymal cells,1193,2500.0
Uninj_CTATTAACAAGG,Uninj,Uninjured,1,Mesenchymal cells,1083,2077.0
Uninj_GGAAGGGGACGT,Uninj,Uninjured,1,Mesenchymal cells,1073,1866.0
Uninj_ACGCTAGGACGT,Uninj,Uninjured,3,Mesenchymal cells,965,1836.0
Uninj_CGGGCGTCTGAT,Uninj,Uninjured,7,Pericytes/VSM,1232,2419.0
Uninj_TAACATTACATA,Uninj,Uninjured,13,Endothelial cells,1130,1940.0
Uninj_CTTGTGGACAAC,Uninj,Uninjured,3,Mesenchymal cells,810,1871.0
Uninj_TCCACTATCGAT,Uninj,Uninjured,1,Mesenchymal cells,1086,2319.0
Uninj_AGATTGTGCTCC,Uninj,Uninjured,3,Mesenchymal cells,1078,2332.0
Uninj_GGAAACCTTTTG,Uninj,Uninjured,3,Mesenchymal cells,870,1691.0
Uninj_TATATATTATAC,Uninj,Uninjured,16,Mast cells,1388,3316.0
Uninj_CTCTCGACCATC,Uninj,Uninjured,1,Mesenchymal cells,1203,2322.0
Uninj_AAGCCGGCAAGN,Uninj,Uninjured,3,Mesenchymal cells,852,1538.0
Uninj_GTGGGGAGGTCT,Uninj,Uninjured,1,Mesenchymal cells,1493,3454.0
Uninj_CAATAGAGCGCG,Uninj,Uninjured,6,Endothelial cells,1099,1769.0
Uninj_CTGCTCTTCCTA,Uninj,Uninjured,0,Mesenchymal cells,807,2200.0
Uninj_CCTGAGTATTTT,Uninj,Uninjured,12,Schwann cells,1023,2106.0
Uninj_TTGCGTAATAAC,Uninj,Uninjured,3,Mesenchymal cells,952,2043.0
Uninj_TGAGGTGGTCGA,Uninj,Uninjured,1,Mesenchymal cells,1423,3001.0
Uninj_TAGCAGCCTAGC,Uninj,Uninjured,3,Mesenchymal cells,1071,2123.0
Uninj_ATTGCCGCACCG,Uninj,Uninjured,13,Endothelial cells,1247,2306.0
Uninj_TTATTGGTTTTA,Uninj,Uninjured,16,Mast cells,1096,2312.0
Uninj_GGACACCAACCC,Uninj,Uninjured,1,Mesenchymal cells,1318,2625.0
Uninj_ACGGTCGCCGGT,Uninj,Uninjured,6,Endothelial cells,1048,1769.0
Uninj_GGAAGCCGCAAT,Uninj,Uninjured,3,Mesenchymal cells,994,2387.0
Uninj_TGCAAGTTACAC,Uninj,Uninjured,3,Mesenchymal cells,1006,2143.0
Uninj_CCTGGGGTGGTT,Uninj,Uninjured,0,Mesenchymal cells,1160,2682.0
Uninj_GCTACAGGCCAT,Uninj,Uninjured,4,Endothelial cells,1155,1993.0
Uninj_CACTTTTTTCGT,Uninj,Uninjured,0,Mesenchymal cells,980,1958.0
Uninj_CGGTGTCATTAC,Uninj,Uninjured,3,Mesenchymal cells,1031,2137.0
Uninj_TGCGGCTGAGTG,Uninj,Uninjured,0,Mesenchymal cells,1275,3278.0
Uninj_GTCGCGATTGTN,Uninj,Uninjured,5,Endothelial cells,1135,1990.0
Uninj_GGTTATTCAAGC,Uninj,Uninjured,3,Mesenchymal cells,860,1648.0
Uninj_TCGCTCCTAAGC,Uninj,Uninjured,13,Endothelial cells,992,1754.0
Uninj_GTCCTGAATCCT,Uninj,Uninjured,3,Mesenchymal cells,906,1758.0
Uninj_TTGCAACATGGC,Uninj,Uninjured,12,Schwann cells,957,1917.0
Uninj_ATAGCAGGGGTA,Uninj,Uninjured,6,Endothelial cells,1244,2171.0
Uninj_TAAGGCCGCGTC,Uninj,Uninjured,4,Endothelial cells,1071,2133.0
Uninj_ACGAACCCATTC,Uninj,Uninjured,0,Mesenchymal cells,1136,2243.0
Uninj_TACACAGTCATA,Uninj,Uninjured,9,Schwann cells,1273,2355.0
Uninj_GGTTGAGTAGTG,Uninj,Uninjured,3,Mesenchymal cells,986,2070.0
Uninj_TGGCGTCATGGG,Uninj,Uninjured,6,Endothelial cells,1310,2318.0
Uninj_ATCCGATGATGG,Uninj,Uninjured,0,Mesenchymal cells,1029,2224.0
Uninj_CCCCCTTAGCAC,Uninj,Uninjured,9,Schwann cells,1099,2117.0
Uninj_CTTGGGTTCGGT,Uninj,Uninjured,4,Endothelial cells,1304,2589.0
Uninj_TTGTTGCGCTGT,Uninj,Uninjured,4,Endothelial cells,1222,2374.0
Uninj_GTTGCGCTATGT,Uninj,Uninjured,7,Pericytes/VSM,1030,2339.0
Uninj_AGTATTCGCGGN,Uninj,Uninjured,3,Mesenchymal cells,988,2156.0
Uninj_TCTCAATTCTAG,Uninj,Uninjured,3,Mesenchymal cells,821,1625.0
Uninj_AGTCAGTAGGCA,Uninj,Uninjured,3,Mesenchymal cells,990,2203.0
Uninj_GCGCGTACCGCA,Uninj,Uninjured,3,Mesenchymal cells,981,2036.0
Uninj_GTCTCCGGAACT,Uninj,Uninjured,3,Mesenchymal cells,945,2311.0
Uninj_CTCCCTGTTAGG,Uninj,Uninjured,3,Mesenchymal cells,1157,2175.0
Uninj_GTTGGTATCCCC,Uninj,Uninjured,3,Mesenchymal cells,1103,2437.0
Uninj_GAAGGAATGACA,Uninj,Uninjured,7,Pericytes/VSM,1100,1808.0
Uninj_GGTCGCTACACA,Uninj,Uninjured,13,Endothelial cells,1380,2452.0
Uninj_CCTAATCCCAGA,Uninj,Uninjured,9,Schwann cells,731,1197.0
Uninj_GAGAGTCGGTTT,Uninj,Uninjured,9,Schwann cells,1192,2085.0
Uninj_TACGTTACACAN,Uninj,Uninjured,1,Mesenchymal cells,1140,2124.0
Uninj_AGTGTTAAGCAA,Uninj,Uninjured,13,Endothelial cells,1277,2295.0
Uninj_GACACATGGCGA,Uninj,Uninjured,7,Pericytes/VSM,1036,1708.0
Uninj_GATGTATTAACN,Uninj,Uninjured,3,Mesenchymal cells,1010,2263.0
Uninj_ATCCGGATATCA,Uninj,Uninjured,7,Pericytes/VSM,1022,1979.0
Uninj_CATTAACCGAGT,Uninj,Uninjured,3,Mesenchymal cells,806,1590.0
Uninj_TATATTTGCCGG,Uninj,Uninjured,6,Endothelial cells,1429,2533.0
Uninj_AAGTTAACCTGT,Uninj,Uninjured,0,Mesenchymal cells,903,2155.0
Uninj_TTGATGCCCATC,Uninj,Uninjured,0,Mesenchymal cells,961,1929.0
Uninj_GTTAACGCGACT,Uninj,Uninjured,3,Mesenchymal cells,940,1985.0
Uninj_GCTACACTTAGT,Uninj,Uninjured,5,Endothelial cells,1369,2453.0
Uninj_CAATATGCACCT,Uninj,Uninjured,6,Endothelial cells,1066,1949.0
Uninj_AGAGGTCCGTGA,Uninj,Uninjured,3,Mesenchymal cells,964,1795.0
Uninj_CGAACCACTCGT,Uninj,Uninjured,3,Mesenchymal cells,956,2135.0
Uninj_ATTATCGATTGC,Uninj,Uninjured,9,Schwann cells,934,1652.0
Uninj_CCATCAGTGCGT,Uninj,Uninjured,3,Mesenchymal cells,1058,2181.0
Uninj_TCCCGAGTAGTA,Uninj,Uninjured,7,Pericytes/VSM,1102,2243.0
Uninj_GGTGTAAGACCC,Uninj,Uninjured,4,Endothelial cells,1375,2580.0
Uninj_CAGCATCGGCAA,Uninj,Uninjured,5,Endothelial cells,1161,2167.0
Uninj_GGCTCCTGCGCG,Uninj,Uninjured,6,Endothelial cells,1065,1860.0
Uninj_ACTAAATAGTTN,Uninj,Uninjured,12,Schwann cells,1007,1841.0
Uninj_CTATGTGCCACA,Uninj,Uninjured,3,Mesenchymal cells,952,1791.0
Uninj_AGACGATTATTC,Uninj,Uninjured,3,Mesenchymal cells,1026,2159.0
Uninj_GGTACCATGGAC,Uninj,Uninjured,0,Mesenchymal cells,1242,2619.0
Uninj_ACAGAGGGTAGG,Uninj,Uninjured,3,Mesenchymal cells,846,2124.0
Uninj_CGCTGCGCCTAN,Uninj,Uninjured,13,Endothelial cells,1159,2046.0
Uninj_GTTGTTCTGCAA,Uninj,Uninjured,7,Pericytes/VSM,1097,2102.0
Uninj_CAGTCGCAAGTG,Uninj,Uninjured,9,Schwann cells,843,1596.0
Uninj_CCTCTCCTGGGC,Uninj,Uninjured,5,Endothelial cells,1169,2349.0
Uninj_TTCTTGCGAAGN,Uninj,Uninjured,1,Mesenchymal cells,836,1434.0
Uninj_CGAGGGCTACAG,Uninj,Uninjured,1,Mesenchymal cells,1214,2246.0
Uninj_CGCTATCTTCTT,Uninj,Uninjured,7,Pericytes/VSM,944,1833.0
Uninj_TACGAGTTTTGN,Uninj,Uninjured,5,Endothelial cells,1049,2017.0
Uninj_TATCATATGCAC,Uninj,Uninjured,9,Schwann cells,918,1688.0
Uninj_ATTGCTGTGGGG,Uninj,Uninjured,1,Mesenchymal cells,1241,2558.0
Uninj_GGTATGACCAAT,Uninj,Uninjured,7,Pericytes/VSM,1151,2550.0
Uninj_TGCTCAAATGGG,Uninj,Uninjured,1,Mesenchymal cells,1103,1963.0
Uninj_AAACCATCAACC,Uninj,Uninjured,6,Endothelial cells,1087,1598.0
Uninj_CACAGACTTTAN,Uninj,Uninjured,14,Lymphocytes,938,1514.0
Uninj_CTTCGTTGGGGA,Uninj,Uninjured,3,Mesenchymal cells,876,1699.0
Uninj_AACCAGGTTATA,Uninj,Uninjured,5,Endothelial cells,1021,1694.0
Uninj_TTGTGAACACAG,Uninj,Uninjured,8,Schwann cells,350,2625.0
Uninj_GTTTTTTGCATG,Uninj,Uninjured,9,Schwann cells,1068,1731.0
Uninj_TAAGAAAACATT,Uninj,Uninjured,13,Endothelial cells,1075,1750.0
Uninj_TCGCCTCCATGA,Uninj,Uninjured,4,Endothelial cells,858,1498.0
Uninj_GTCTGTTATAGG,Uninj,Uninjured,9,Schwann cells,921,1731.0
Uninj_AAAGGCGGCGTG,Uninj,Uninjured,0,Mesenchymal cells,874,2535.0
Uninj_CGTTTTACGAGT,Uninj,Uninjured,1,Mesenchymal cells,1172,2155.0
Uninj_CTGTCTTCCACT,Uninj,Uninjured,9,Schwann cells,966,1650.0
Uninj_GACCTTGAATTG,Uninj,Uninjured,3,Mesenchymal cells,876,2000.0
Uninj_CTCATTGTACCT,Uninj,Uninjured,3,Mesenchymal cells,1031,2256.0
Uninj_GAATAAAGTCCT,Uninj,Uninjured,1,Mesenchymal cells,1042,1952.0
Uninj_ACATTCGCAACA,Uninj,Uninjured,0,Mesenchymal cells,1154,2196.0
Uninj_CCGGCCCGATCT,Uninj,Uninjured,3,Mesenchymal cells,1157,2659.0
Uninj_GCCGAAGACCTG,Uninj,Uninjured,3,Mesenchymal cells,809,1480.0
Uninj_TTGGCCGACAAA,Uninj,Uninjured,12,Schwann cells,773,1516.0
Uninj_ACGGTATACTCC,Uninj,Uninjured,1,Mesenchymal cells,1311,2509.0
Uninj_TTGCGATCGTTC,Uninj,Uninjured,7,Pericytes/VSM,1092,2150.0
Uninj_AAAACACGGCTA,Uninj,Uninjured,3,Mesenchymal cells,984,1848.0
Uninj_CAGTGGGTAGCN,Uninj,Uninjured,0,Mesenchymal cells,782,1943.0
Uninj_ATGTGCGAGCAT,Uninj,Uninjured,6,Endothelial cells,1359,2298.0
Uninj_CATCAGACAAAN,Uninj,Uninjured,9,Schwann cells,750,1259.0
Uninj_GCGTCATACAGG,Uninj,Uninjured,1,Mesenchymal cells,1148,2382.0
Uninj_GTTAGACTGCCG,Uninj,Uninjured,1,Mesenchymal cells,1032,1943.0
Uninj_CACTTCTTACCT,Uninj,Uninjured,16,Mast cells,946,1923.0
Uninj_TTTACAGGCGCG,Uninj,Uninjured,3,Mesenchymal cells,935,2086.0
Uninj_ACGCAATGTCTA,Uninj,Uninjured,5,Endothelial cells,1080,1962.0
Uninj_CGCAACTTGCTC,Uninj,Uninjured,1,Mesenchymal cells,1088,1813.0
Uninj_ACTATTATCTTT,Uninj,Uninjured,7,Pericytes/VSM,925,1947.0
Uninj_AGATAGCCAGGT,Uninj,Uninjured,6,Endothelial cells,1039,1816.0
Uninj_TGCTTTTCCCAA,Uninj,Uninjured,3,Mesenchymal cells,813,1639.0
Uninj_TTCGTGTCTAAC,Uninj,Uninjured,5,Endothelial cells,992,1880.0
Uninj_ACACCTTCGTTN,Uninj,Uninjured,0,Mesenchymal cells,1086,2207.0
Uninj_ACCCGCCTTTCA,Uninj,Uninjured,0,Mesenchymal cells,904,1898.0
Uninj_GCCTACGGGCCC,Uninj,Uninjured,3,Mesenchymal cells,1038,2064.0
Uninj_CTAGACGGAGTN,Uninj,Uninjured,6,Endothelial cells,1114,1960.0
Uninj_CGATGGGTTATT,Uninj,Uninjured,10,Schwann cells,1074,1849.0
Uninj_TTGCTCTCCTGT,Uninj,Uninjured,3,Mesenchymal cells,885,2089.0
Uninj_TCCTCAAGCCTA,Uninj,Uninjured,13,Endothelial cells,994,1635.0
Uninj_CCTTTTGAAGCC,Uninj,Uninjured,3,Mesenchymal cells,880,2010.0
Uninj_CGCCACTATTCT,Uninj,Uninjured,13,Endothelial cells,1046,1844.0
Uninj_ACAGTAATGAGA,Uninj,Uninjured,6,Endothelial cells,1118,1920.0
Uninj_TCGCCTATTGCC,Uninj,Uninjured,0,Mesenchymal cells,975,2013.0
Uninj_GCATCAATAGGT,Uninj,Uninjured,6,Endothelial cells,943,1640.0
Uninj_AGTGAATGGTCG,Uninj,Uninjured,6,Endothelial cells,1067,2000.0
Uninj_CCGCGCGTAGGC,Uninj,Uninjured,3,Mesenchymal cells,916,1856.0
Uninj_ACCCCTCCGTGA,Uninj,Uninjured,0,Mesenchymal cells,985,2095.0
Uninj_GCTCTTATTCTT,Uninj,Uninjured,4,Endothelial cells,1079,1876.0
Uninj_ATGGTTTATCCG,Uninj,Uninjured,4,Endothelial cells,1111,1865.0
Uninj_GTAAGGATTCAA,Uninj,Uninjured,7,Pericytes/VSM,832,1564.0
Uninj_CACCTAATAAAA,Uninj,Uninjured,0,Mesenchymal cells,739,1931.0
Uninj_AACAGAGGGCAC,Uninj,Uninjured,4,Endothelial cells,1061,1835.0
Uninj_AATGTTAACACN,Uninj,Uninjured,3,Mesenchymal cells,804,1730.0
Uninj_TGCCCGCGGGAC,Uninj,Uninjured,0,Mesenchymal cells,843,1679.0
Uninj_CTGCTCACCAAT,Uninj,Uninjured,3,Mesenchymal cells,942,1754.0
Uninj_ATAGCGGATCTT,Uninj,Uninjured,7,Pericytes/VSM,928,1613.0
Uninj_ATCACTCCCCCC,Uninj,Uninjured,9,Schwann cells,1218,2229.0
Uninj_CTTTAAATGGAN,Uninj,Uninjured,7,Pericytes/VSM,884,1506.0
Uninj_AACCGGACTGTC,Uninj,Uninjured,3,Mesenchymal cells,790,2017.0
Uninj_TGGTGTTCAGAC,Uninj,Uninjured,4,Endothelial cells,1023,1875.0
Uninj_GAGCGATCCTGT,Uninj,Uninjured,12,Schwann cells,917,1650.0
Uninj_TAGCATATAACA,Uninj,Uninjured,3,Mesenchymal cells,966,1905.0
Uninj_TCGCCTTCTGTA,Uninj,Uninjured,7,Pericytes/VSM,1024,1673.0
Uninj_GTCGCCCCAGTG,Uninj,Uninjured,5,Endothelial cells,946,1651.0
Uninj_TAGTCCTGTGGA,Uninj,Uninjured,1,Mesenchymal cells,1193,2283.0
Uninj_TATCCATGATTA,Uninj,Uninjured,3,Mesenchymal cells,708,1477.0
Uninj_AATTTTGTGTGA,Uninj,Uninjured,9,Schwann cells,987,1693.0
Uninj_AATCCGCCGAAT,Uninj,Uninjured,5,Endothelial cells,998,1957.0
Uninj_ATAATCGAGGAT,Uninj,Uninjured,7,Pericytes/VSM,1066,1637.0
Uninj_AATGTAACGGGC,Uninj,Uninjured,0,Mesenchymal cells,854,1949.0
Uninj_GCGTATCATTCC,Uninj,Uninjured,3,Mesenchymal cells,743,1638.0
Uninj_GAGGTGTAAACC,Uninj,Uninjured,7,Pericytes/VSM,895,1680.0
Uninj_CATGAATCAGGA,Uninj,Uninjured,10,Schwann cells,927,1462.0
Uninj_AGCGCCCCACAA,Uninj,Uninjured,17,Schwann cells,1137,2126.0
Uninj_TTTGTACTGTCT,Uninj,Uninjured,6,Endothelial cells,1197,2181.0
Uninj_ACCAGGTTGAAC,Uninj,Uninjured,9,Schwann cells,1022,1635.0
Uninj_CAACGATACAAT,Uninj,Uninjured,0,Mesenchymal cells,1046,2077.0
Uninj_TTTAACTGTGAA,Uninj,Uninjured,7,Pericytes/VSM,902,1802.0
Uninj_TATAATGGCAGG,Uninj,Uninjured,3,Mesenchymal cells,872,1932.0
Uninj_TTGATGATTCTG,Uninj,Uninjured,9,Schwann cells,803,1304.0
Uninj_TTTGCGACATTA,Uninj,Uninjured,4,Endothelial cells,1004,1731.0
Uninj_CTAAGAAGCTGG,Uninj,Uninjured,7,Pericytes/VSM,951,1826.0
Uninj_GGATGTTTGGCC,Uninj,Uninjured,3,Mesenchymal cells,914,2040.0
Uninj_ATGCTGCGCGTA,Uninj,Uninjured,3,Mesenchymal cells,870,1760.0
Uninj_CAAATCCCCATA,Uninj,Uninjured,14,Lymphocytes,935,1832.0
Uninj_TCCCCCACGATN,Uninj,Uninjured,6,Endothelial cells,999,1616.0
Uninj_TCAAGCTAAGAG,Uninj,Uninjured,3,Mesenchymal cells,846,1711.0
Uninj_GCAGTAGCCCTG,Uninj,Uninjured,3,Mesenchymal cells,726,2001.0
Uninj_CGCGTCTACTAC,Uninj,Uninjured,4,Endothelial cells,1275,2163.0
Uninj_GATGTGAACCAA,Uninj,Uninjured,7,Pericytes/VSM,879,1661.0
Uninj_GGCCCCGGTATT,Uninj,Uninjured,9,Schwann cells,944,1755.0
Uninj_AAGGGTTACTCG,Uninj,Uninjured,4,Endothelial cells,924,1558.0
Uninj_GTTCTCACTTTA,Uninj,Uninjured,1,Mesenchymal cells,1053,1878.0
Uninj_CGCACACTGTTC,Uninj,Uninjured,9,Schwann cells,1010,1802.0
Uninj_CTCGATAGAGCC,Uninj,Uninjured,3,Mesenchymal cells,789,1748.0
Uninj_CCTCTAATTAAC,Uninj,Uninjured,3,Mesenchymal cells,831,1738.0
Uninj_AGGCTGGAGGTT,Uninj,Uninjured,4,Endothelial cells,1086,1785.0
Uninj_TGCGCGCGTGTT,Uninj,Uninjured,1,Mesenchymal cells,1132,1991.0
Uninj_AGAATCTACTAG,Uninj,Uninjured,0,Mesenchymal cells,826,1845.0
Uninj_TTTCGTAGCATG,Uninj,Uninjured,0,Mesenchymal cells,879,1722.0
Uninj_AACAAGGATATA,Uninj,Uninjured,5,Endothelial cells,927,1509.0
Uninj_AGAGGTAGTGAG,Uninj,Uninjured,3,Mesenchymal cells,978,2015.0
Uninj_TATATGATCTAN,Uninj,Uninjured,3,Mesenchymal cells,1004,2066.0
Uninj_GTGTATATTTCC,Uninj,Uninjured,1,Mesenchymal cells,1104,1927.0
Uninj_CGACACAAAAGT,Uninj,Uninjured,9,Schwann cells,822,1439.0
Uninj_CACGACCTGGGC,Uninj,Uninjured,13,Endothelial cells,948,1669.0
Uninj_TGTGATAGGCTA,Uninj,Uninjured,3,Mesenchymal cells,918,2005.0
Uninj_GCGTTTCTGTTC,Uninj,Uninjured,5,Endothelial cells,896,1574.0
Uninj_TCCAAGAAGAAT,Uninj,Uninjured,9,Schwann cells,718,1141.0
Uninj_CTTGTTCTTAGA,Uninj,Uninjured,4,Endothelial cells,849,1489.0
Uninj_GCCAGACATGGT,Uninj,Uninjured,7,Pericytes/VSM,1000,1745.0
Uninj_ACTCAAGGCCCC,Uninj,Uninjured,6,Endothelial cells,1098,1703.0
Uninj_TCACCGACCCAT,Uninj,Uninjured,3,Mesenchymal cells,818,1766.0
Uninj_TGCCTACACGTT,Uninj,Uninjured,10,Schwann cells,1028,1991.0
Uninj_TGAGTTAAAGTA,Uninj,Uninjured,3,Mesenchymal cells,951,1892.0
Uninj_TCGCCTCACCAA,Uninj,Uninjured,9,Schwann cells,908,1470.0
Uninj_CTCAGAAAGCGC,Uninj,Uninjured,1,Mesenchymal cells,894,1690.0
Uninj_CATGGGAGCTGT,Uninj,Uninjured,3,Mesenchymal cells,727,1532.0
Uninj_TCATATCATGGA,Uninj,Uninjured,4,Endothelial cells,815,1390.0
Uninj_ATGTTCCAACCC,Uninj,Uninjured,4,Endothelial cells,1012,1638.0
Uninj_TTTAACCTGGTA,Uninj,Uninjured,0,Mesenchymal cells,672,1720.0
Uninj_TAATGCGTGCAA,Uninj,Uninjured,3,Mesenchymal cells,910,2142.0
Uninj_CCCCCTTAGAGA,Uninj,Uninjured,1,Mesenchymal cells,761,1461.0
Uninj_CCCCGGCAAGCG,Uninj,Uninjured,0,Mesenchymal cells,970,2153.0
Uninj_GGAAGCTTTCTA,Uninj,Uninjured,1,Mesenchymal cells,990,1694.0
Uninj_GGGTGGTGGCGT,Uninj,Uninjured,3,Mesenchymal cells,1109,2458.0
Uninj_GAAGGATCACCT,Uninj,Uninjured,0,Mesenchymal cells,1072,2013.0
Uninj_GTTGTGTTAAGA,Uninj,Uninjured,0,Mesenchymal cells,1099,2245.0
Uninj_GCATTCGTATTT,Uninj,Uninjured,10,Schwann cells,1012,1739.0
Uninj_TCTGGACTTTTC,Uninj,Uninjured,12,Schwann cells,929,1671.0
Uninj_AAATCGCGAACG,Uninj,Uninjured,10,Schwann cells,720,1168.0
Uninj_ACATCACCTGCC,Uninj,Uninjured,0,Mesenchymal cells,684,1819.0
Uninj_CAATTCGTCCAA,Uninj,Uninjured,3,Mesenchymal cells,947,1765.0
Uninj_CACCGACGCAGC,Uninj,Uninjured,4,Endothelial cells,881,1388.0
Uninj_TGCATTCGTCAN,Uninj,Uninjured,4,Endothelial cells,992,1704.0
Uninj_TGCGCGCAGAGA,Uninj,Uninjured,3,Mesenchymal cells,810,1598.0
Uninj_ACTCTAAGCATA,Uninj,Uninjured,4,Endothelial cells,945,1652.0
Uninj_TATAACCTCCTC,Uninj,Uninjured,3,Mesenchymal cells,974,2019.0
Uninj_CCATAATGTTTA,Uninj,Uninjured,3,Mesenchymal cells,868,1659.0
Uninj_AGAACCGCCGAT,Uninj,Uninjured,3,Mesenchymal cells,822,1547.0
Uninj_ACGCCAGGGCGC,Uninj,Uninjured,3,Mesenchymal cells,784,1385.0
Uninj_GTGTCAGGTTCT,Uninj,Uninjured,4,Endothelial cells,1140,1978.0
Uninj_ACTAATTGTTAA,Uninj,Uninjured,7,Pericytes/VSM,884,1530.0
Uninj_TTCGAATGTTCT,Uninj,Uninjured,10,Schwann cells,894,1550.0
Uninj_TGCGGACCAGCC,Uninj,Uninjured,9,Schwann cells,1021,1792.0
Uninj_TAGGTTACCACN,Uninj,Uninjured,9,Schwann cells,939,1682.0
Uninj_CAACGCTCCGTA,Uninj,Uninjured,7,Pericytes/VSM,941,2003.0
Uninj_ACAAGATATAGA,Uninj,Uninjured,0,Mesenchymal cells,898,1887.0
Uninj_TAGAGATATACC,Uninj,Uninjured,9,Schwann cells,909,1496.0
Uninj_TTGGCCGATTTG,Uninj,Uninjured,9,Schwann cells,923,1559.0
Uninj_CGGTCTTATCAC,Uninj,Uninjured,7,Pericytes/VSM,1111,1920.0
Uninj_CGTCTACGTTAA,Uninj,Uninjured,0,Mesenchymal cells,902,1540.0
Uninj_GGTTAAGAACCC,Uninj,Uninjured,6,Endothelial cells,1200,2174.0
Uninj_TTCGGGACTACC,Uninj,Uninjured,3,Mesenchymal cells,887,1771.0
Uninj_AGGAATCAGTTC,Uninj,Uninjured,13,Endothelial cells,1057,1626.0
Uninj_ATTGACTTCATA,Uninj,Uninjured,10,Schwann cells,758,1353.0
Uninj_TTTGTGATAACA,Uninj,Uninjured,3,Mesenchymal cells,887,1502.0
Uninj_GCGCGCCTCCCG,Uninj,Uninjured,7,Pericytes/VSM,821,1454.0
Uninj_TATCTGAAACGC,Uninj,Uninjured,3,Mesenchymal cells,925,1543.0
Uninj_CAGCCTCACGGT,Uninj,Uninjured,1,Mesenchymal cells,998,1736.0
Uninj_AGCGCATATGTG,Uninj,Uninjured,3,Mesenchymal cells,901,2009.0
Uninj_TTCAGTTATGTT,Uninj,Uninjured,5,Endothelial cells,948,1640.0
Uninj_AGAGTTGTACTA,Uninj,Uninjured,6,Endothelial cells,1057,1694.0
Uninj_CTTACACCCATG,Uninj,Uninjured,1,Mesenchymal cells,767,1771.0
Uninj_TGCCAAAGTCCA,Uninj,Uninjured,1,Mesenchymal cells,931,1683.0
Uninj_CGTACCTGGGAA,Uninj,Uninjured,6,Endothelial cells,1221,2103.0
Uninj_AAGCTTTCATGA,Uninj,Uninjured,9,Schwann cells,895,1390.0
Uninj_TTATACCCGGTT,Uninj,Uninjured,9,Schwann cells,884,1589.0
Uninj_GTAACAGATAAC,Uninj,Uninjured,11,Macrophages,932,1527.0
Uninj_AACCGACATATT,Uninj,Uninjured,0,Mesenchymal cells,942,1751.0
Uninj_GGCAAAATTAAA,Uninj,Uninjured,3,Mesenchymal cells,817,1607.0
Uninj_GTATGGGACGGA,Uninj,Uninjured,0,Mesenchymal cells,886,1629.0
Uninj_CCGCTTGAAGAA,Uninj,Uninjured,3,Mesenchymal cells,776,1547.0
Uninj_GCCGTCAACTGT,Uninj,Uninjured,12,Schwann cells,845,1580.0
Uninj_GATTCTATGTCT,Uninj,Uninjured,0,Mesenchymal cells,757,1563.0
Uninj_TGACCACTCTAT,Uninj,Uninjured,3,Mesenchymal cells,937,1958.0
Uninj_AGAGAATTGAGC,Uninj,Uninjured,6,Endothelial cells,1032,1872.0
Uninj_ATTTGCTTGTAT,Uninj,Uninjured,12,Schwann cells,794,1429.0
Uninj_GCCGATTAGATA,Uninj,Uninjured,4,Endothelial cells,940,1578.0
Uninj_TACCACTCCAGT,Uninj,Uninjured,7,Pericytes/VSM,920,1599.0
Uninj_GGCACTAGTTGT,Uninj,Uninjured,1,Mesenchymal cells,929,1779.0
Uninj_CCCGGCGCCACA,Uninj,Uninjured,3,Mesenchymal cells,928,1905.0
Uninj_TTAATTGAATTA,Uninj,Uninjured,9,Schwann cells,896,1425.0
Uninj_GCAAGAGCTATT,Uninj,Uninjured,0,Mesenchymal cells,828,1622.0
Uninj_GTGATGGAGACG,Uninj,Uninjured,3,Mesenchymal cells,769,1930.0
Uninj_TAATGTAGGGCA,Uninj,Uninjured,0,Mesenchymal cells,965,2134.0
Uninj_GACTTGCTACTG,Uninj,Uninjured,7,Pericytes/VSM,939,1598.0
Uninj_TGTCCACACGAA,Uninj,Uninjured,6,Endothelial cells,1162,2172.0
Uninj_CTCCCGTTTTCA,Uninj,Uninjured,9,Schwann cells,717,1192.0
Uninj_GACAGGTCAGCG,Uninj,Uninjured,4,Endothelial cells,964,1632.0
Uninj_ACTTGTCGCTTA,Uninj,Uninjured,3,Mesenchymal cells,909,1710.0
Uninj_CTACCAAACGCG,Uninj,Uninjured,0,Mesenchymal cells,993,1963.0
Uninj_ATCAACAGTAGN,Uninj,Uninjured,6,Endothelial cells,739,1227.0
Uninj_CACTTACTATTG,Uninj,Uninjured,7,Pericytes/VSM,858,1348.0
Uninj_TCTAGTATATGG,Uninj,Uninjured,3,Mesenchymal cells,737,1843.0
Uninj_GAACTAAGTATT,Uninj,Uninjured,9,Schwann cells,766,1236.0
Uninj_ATTGGACCCCTA,Uninj,Uninjured,1,Mesenchymal cells,1024,2001.0
Uninj_ATCCCTTCGTGT,Uninj,Uninjured,13,Endothelial cells,1043,1807.0
Uninj_GATAACTGTTCA,Uninj,Uninjured,3,Mesenchymal cells,697,1363.0
Uninj_ATATGAGTATCG,Uninj,Uninjured,13,Endothelial cells,901,1444.0
Uninj_TAAAGCATCAAT,Uninj,Uninjured,6,Endothelial cells,904,1439.0
Uninj_GTATTTTTGGTT,Uninj,Uninjured,10,Schwann cells,907,1532.0
Uninj_AGCGACATTATT,Uninj,Uninjured,7,Pericytes/VSM,904,1413.0
Uninj_GAATGTCTAATC,Uninj,Uninjured,0,Mesenchymal cells,946,1832.0
Uninj_GCGTTAGTAGAG,Uninj,Uninjured,7,Pericytes/VSM,968,1862.0
Uninj_TACGACTACAAG,Uninj,Uninjured,0,Mesenchymal cells,768,1424.0
Uninj_ATCTGATTATTT,Uninj,Uninjured,9,Schwann cells,930,1600.0
Uninj_CGCCTTTTAAAG,Uninj,Uninjured,13,Endothelial cells,1043,1733.0
Uninj_CTAGGCTTACGA,Uninj,Uninjured,3,Mesenchymal cells,786,1778.0
Uninj_AGCGACTGGAAG,Uninj,Uninjured,3,Mesenchymal cells,840,1572.0
Uninj_AATTTTGAGTAA,Uninj,Uninjured,1,Mesenchymal cells,917,1584.0
Uninj_CTTAATTGGGGA,Uninj,Uninjured,1,Mesenchymal cells,908,1649.0
Uninj_ACGATAAGCCAG,Uninj,Uninjured,3,Mesenchymal cells,814,1643.0
Uninj_AGGACTACCCTG,Uninj,Uninjured,9,Schwann cells,1196,2182.0
Uninj_GACGCATTAGTA,Uninj,Uninjured,0,Mesenchymal cells,843,1707.0
Uninj_CATGCAACTCTA,Uninj,Uninjured,0,Mesenchymal cells,741,1268.0
Uninj_CGACACTTTCAA,Uninj,Uninjured,7,Pericytes/VSM,849,1280.0
Uninj_GTGGCGGGTTTG,Uninj,Uninjured,3,Mesenchymal cells,791,1586.0
Uninj_TCCTCACCAGAC,Uninj,Uninjured,0,Mesenchymal cells,941,1943.0
Uninj_GACTAAGCCGAT,Uninj,Uninjured,1,Mesenchymal cells,973,1661.0
Uninj_CGTGCCGGCCTN,Uninj,Uninjured,0,Mesenchymal cells,759,1655.0
Uninj_GCTCACCTCGGC,Uninj,Uninjured,1,Mesenchymal cells,904,1786.0
Uninj_CTGAGGGCCAAA,Uninj,Uninjured,3,Mesenchymal cells,798,1466.0
Uninj_GTTGATTCTAAC,Uninj,Uninjured,7,Pericytes/VSM,973,1517.0
Uninj_TGCTTCGTCCAC,Uninj,Uninjured,3,Mesenchymal cells,917,1881.0
Uninj_GCCGGATTGGCA,Uninj,Uninjured,12,Schwann cells,956,1875.0
Uninj_ATTCACGGCATT,Uninj,Uninjured,5,Endothelial cells,821,1495.0
Uninj_CGATATCTACAA,Uninj,Uninjured,9,Schwann cells,730,1198.0
Uninj_GATTAACGCACC,Uninj,Uninjured,3,Mesenchymal cells,870,1505.0
Uninj_ACATCAGGTCGG,Uninj,Uninjured,7,Pericytes/VSM,993,1728.0
Uninj_ACGTTCGATGGC,Uninj,Uninjured,3,Mesenchymal cells,837,1766.0
Uninj_TTGAGCATAAGA,Uninj,Uninjured,3,Mesenchymal cells,705,1276.0
Uninj_CAACCATAAACC,Uninj,Uninjured,6,Endothelial cells,1072,1519.0
Uninj_CTGCTCATTGTC,Uninj,Uninjured,5,Endothelial cells,986,1653.0
Uninj_CTTATACCAGTC,Uninj,Uninjured,4,Endothelial cells,931,1548.0
Uninj_GTTATTAGGTGC,Uninj,Uninjured,6,Endothelial cells,962,1546.0
Uninj_TCGGCGTGTCTA,Uninj,Uninjured,0,Mesenchymal cells,761,1588.0
Uninj_GTGCAGAACGGA,Uninj,Uninjured,13,Endothelial cells,947,1675.0
Uninj_AATAGTTCGGCA,Uninj,Uninjured,12,Schwann cells,807,1604.0
Uninj_AAGCCCCCACTG,Uninj,Uninjured,0,Mesenchymal cells,982,2101.0
Uninj_CCACCCAGCTAG,Uninj,Uninjured,1,Mesenchymal cells,940,1761.0
Uninj_ACGATATTGACC,Uninj,Uninjured,1,Mesenchymal cells,932,1755.0
Uninj_GGTCAATAAGTG,Uninj,Uninjured,6,Endothelial cells,813,1343.0
Uninj_ACGTGGGCTGCT,Uninj,Uninjured,16,Mast cells,886,1841.0
Uninj_CATAGCGCCCCA,Uninj,Uninjured,0,Mesenchymal cells,872,2118.0
Uninj_CGCGTTGCGAGT,Uninj,Uninjured,7,Pericytes/VSM,908,1725.0
Uninj_GAGCGGATCGCC,Uninj,Uninjured,4,Endothelial cells,1082,1774.0
Uninj_ATCCTAGAATGC,Uninj,Uninjured,4,Endothelial cells,974,1654.0
Uninj_TGGAGGCCTCAC,Uninj,Uninjured,1,Mesenchymal cells,1101,2129.0
Uninj_CACTTTATGTCC,Uninj,Uninjured,0,Mesenchymal cells,758,1597.0
Uninj_TCCAAAGCCGAT,Uninj,Uninjured,7,Pericytes/VSM,865,1403.0
Uninj_ATGTCGGAAGAC,Uninj,Uninjured,6,Endothelial cells,815,1291.0
Uninj_TAGGATTCCCAA,Uninj,Uninjured,1,Mesenchymal cells,895,1659.0
Uninj_TTCATCCGTGTG,Uninj,Uninjured,0,Mesenchymal cells,687,1382.0
Uninj_ACGCCAATAGCN,Uninj,Uninjured,3,Mesenchymal cells,800,1469.0
Uninj_CGATATAGTCGT,Uninj,Uninjured,7,Pericytes/VSM,943,1676.0
Uninj_AAACACCCTCAA,Uninj,Uninjured,3,Mesenchymal cells,801,1522.0
Uninj_AGAGGAGTCAAC,Uninj,Uninjured,6,Endothelial cells,1015,1777.0
Uninj_CTCTAGGAATAC,Uninj,Uninjured,3,Mesenchymal cells,755,1601.0
Uninj_CCGATCGCTTTC,Uninj,Uninjured,4,Endothelial cells,802,1221.0
Uninj_CCTGTGACGGAT,Uninj,Uninjured,12,Schwann cells,817,1539.0
Uninj_AACCGTAGATTC,Uninj,Uninjured,3,Mesenchymal cells,780,1541.0
Uninj_TACCAGGCCCCT,Uninj,Uninjured,1,Mesenchymal cells,610,1149.0
Uninj_TGGTGAAGTTAT,Uninj,Uninjured,9,Schwann cells,889,1485.0
Uninj_GTCCTCTCAAAC,Uninj,Uninjured,3,Mesenchymal cells,692,1229.0
Uninj_TCAGCCCAATGG,Uninj,Uninjured,11,Macrophages,1009,1851.0
Uninj_GGCCCAAAGGTA,Uninj,Uninjured,1,Mesenchymal cells,890,1602.0
Uninj_CGGTGCCAGTCN,Uninj,Uninjured,5,Endothelial cells,940,1691.0
Uninj_AACCGACGAGCA,Uninj,Uninjured,10,Schwann cells,847,1401.0
Uninj_TAATACCCGCAG,Uninj,Uninjured,5,Endothelial cells,1021,1701.0
Uninj_CATAGAAAGACA,Uninj,Uninjured,3,Mesenchymal cells,755,1355.0
Uninj_TTCGGTGTTTTA,Uninj,Uninjured,7,Pericytes/VSM,842,1356.0
Uninj_AATGGCTGAACC,Uninj,Uninjured,7,Pericytes/VSM,796,1482.0
Uninj_ACCGACGCCTAA,Uninj,Uninjured,1,Mesenchymal cells,820,1492.0
Uninj_TCGCACTTGACT,Uninj,Uninjured,5,Endothelial cells,888,1404.0
Uninj_TCGTCGTCGACC,Uninj,Uninjured,3,Mesenchymal cells,757,1620.0
Uninj_CATGTGCCCGCA,Uninj,Uninjured,9,Schwann cells,696,1194.0
Uninj_GATCTTATGCGT,Uninj,Uninjured,10,Schwann cells,754,1159.0
Uninj_CACGGTGTCTCC,Uninj,Uninjured,9,Schwann cells,814,1437.0
Uninj_CATGGTCGCAGA,Uninj,Uninjured,3,Mesenchymal cells,690,1246.0
Uninj_GATAGAGGCGCG,Uninj,Uninjured,4,Endothelial cells,795,1337.0
Uninj_TGTATGCCTGGT,Uninj,Uninjured,10,Schwann cells,833,1379.0
Uninj_TCATTGGCGTCC,Uninj,Uninjured,3,Mesenchymal cells,701,1535.0
Uninj_TGTCGTCACCCT,Uninj,Uninjured,3,Mesenchymal cells,563,1136.0
Uninj_GGCGATAGACGC,Uninj,Uninjured,6,Endothelial cells,960,1556.0
Uninj_ACCTTAGCGGTT,Uninj,Uninjured,4,Endothelial cells,820,1312.0
Uninj_CACATCCCAGAA,Uninj,Uninjured,9,Schwann cells,828,1423.0
Uninj_TATCGGGACTCG,Uninj,Uninjured,9,Schwann cells,816,1307.0
Uninj_AGGCCACAACCG,Uninj,Uninjured,3,Mesenchymal cells,862,1716.0
Uninj_GCAGGCACTATA,Uninj,Uninjured,7,Pericytes/VSM,947,1803.0
Uninj_CGCCCTTAGCAC,Uninj,Uninjured,4,Endothelial cells,913,1643.0
Uninj_CGTATTGACCGN,Uninj,Uninjured,3,Mesenchymal cells,766,1492.0
Uninj_ATCCAGTTTTAT,Uninj,Uninjured,1,Mesenchymal cells,643,1201.0
Uninj_CAAAATACCTCG,Uninj,Uninjured,6,Endothelial cells,703,1096.0
Uninj_CTTCCGCACATG,Uninj,Uninjured,12,Schwann cells,726,1275.0
Uninj_ACTACCGGACAC,Uninj,Uninjured,3,Mesenchymal cells,667,1313.0
Uninj_AGGTTGTTAGCC,Uninj,Uninjured,7,Pericytes/VSM,946,1518.0
Uninj_CCAGGCCTTCGG,Uninj,Uninjured,12,Schwann cells,797,1667.0
Uninj_TAATGCGGGCGN,Uninj,Uninjured,0,Mesenchymal cells,782,1460.0
Uninj_GCAGTCTTCTTC,Uninj,Uninjured,9,Schwann cells,853,1373.0
Uninj_AAACGTCTTAGA,Uninj,Uninjured,14,Lymphocytes,773,1195.0
Uninj_ACCACCACCATG,Uninj,Uninjured,1,Mesenchymal cells,867,1500.0
Uninj_AGTGATGCACGG,Uninj,Uninjured,1,Mesenchymal cells,642,1051.0
Uninj_AATGACCAGCGG,Uninj,Uninjured,1,Mesenchymal cells,942,1528.0
Uninj_TAGCTATGTGAG,Uninj,Uninjured,10,Schwann cells,759,1083.0
Uninj_TCACTATATCAC,Uninj,Uninjured,0,Mesenchymal cells,618,1454.0
Uninj_ACGAACTGATTT,Uninj,Uninjured,7,Pericytes/VSM,827,1353.0
Uninj_GCTAGTTCTGTT,Uninj,Uninjured,10,Schwann cells,736,1169.0
Uninj_GCATAGTGCGGC,Uninj,Uninjured,0,Mesenchymal cells,751,1436.0
Uninj_AGATTCAGCAGG,Uninj,Uninjured,7,Pericytes/VSM,787,1423.0
Uninj_ATACTACTCGCT,Uninj,Uninjured,7,Pericytes/VSM,938,1862.0
Uninj_AGCCGTGAGACT,Uninj,Uninjured,3,Mesenchymal cells,813,1638.0
Uninj_TAGCTACAGAAT,Uninj,Uninjured,1,Mesenchymal cells,881,1454.0
Uninj_TTTCTTAGAGGC,Uninj,Uninjured,11,Macrophages,1126,1804.0
Uninj_TCTGCCTCTCTG,Uninj,Uninjured,3,Mesenchymal cells,722,1481.0
Uninj_CCATCTCGACCT,Uninj,Uninjured,5,Endothelial cells,669,1075.0
Uninj_TTTTTTACCAAC,Uninj,Uninjured,9,Schwann cells,689,1171.0
Uninj_CGCACAGATTCT,Uninj,Uninjured,3,Mesenchymal cells,637,1166.0
Uninj_GGCTACCCCAAT,Uninj,Uninjured,12,Schwann cells,717,1401.0
Uninj_CGACCCACTATA,Uninj,Uninjured,9,Schwann cells,994,1550.0
Uninj_CCAGAGTGTGCT,Uninj,Uninjured,10,Schwann cells,736,1194.0
Uninj_AGACACTGGGAC,Uninj,Uninjured,0,Mesenchymal cells,874,1459.0
Uninj_CCGGTGGGAATT,Uninj,Uninjured,1,Mesenchymal cells,819,1408.0
Uninj_TCGCCTAGTATT,Uninj,Uninjured,9,Schwann cells,797,1400.0
Uninj_CCCCCCAGGGAT,Uninj,Uninjured,4,Endothelial cells,1104,1857.0
Uninj_TATAACACTCGG,Uninj,Uninjured,3,Mesenchymal cells,854,1576.0
Uninj_CAGCTCGAAGAG,Uninj,Uninjured,11,Macrophages,724,1105.0
Uninj_ACGCCGTCGCGG,Uninj,Uninjured,4,Endothelial cells,969,1878.0
Uninj_CTTTTGACCCCT,Uninj,Uninjured,10,Schwann cells,800,1300.0
Uninj_TCCGTATTAAGA,Uninj,Uninjured,3,Mesenchymal cells,744,1460.0
Uninj_CGAACCTCCCTC,Uninj,Uninjured,3,Mesenchymal cells,707,1342.0
Uninj_TTCGGGAAGAAT,Uninj,Uninjured,4,Endothelial cells,812,1279.0
Uninj_ACTAGACCCTGA,Uninj,Uninjured,0,Mesenchymal cells,756,1609.0
Uninj_CTACGTGTGCAT,Uninj,Uninjured,13,Endothelial cells,978,1651.0
Uninj_TTAAGATCCCAT,Uninj,Uninjured,9,Schwann cells,658,1087.0
Uninj_GACCGGGTAAAC,Uninj,Uninjured,1,Mesenchymal cells,907,1645.0
Uninj_GGAGCAGAATTA,Uninj,Uninjured,1,Mesenchymal cells,825,1425.0
Uninj_CGAGTTAACTGA,Uninj,Uninjured,13,Endothelial cells,1163,2065.0
Uninj_TTAATAGGGTGG,Uninj,Uninjured,3,Mesenchymal cells,723,1461.0
Uninj_TGGACCAGGTGA,Uninj,Uninjured,3,Mesenchymal cells,826,1303.0
Uninj_TAGGTTTACGAG,Uninj,Uninjured,13,Endothelial cells,874,1465.0
Uninj_TCCTCGACAGAT,Uninj,Uninjured,0,Mesenchymal cells,535,1249.0
Uninj_TCCCCAATCCTT,Uninj,Uninjured,6,Endothelial cells,793,1368.0
Uninj_TCCAGCCCACAC,Uninj,Uninjured,7,Pericytes/VSM,817,1689.0
Uninj_GCCTTCCTATTA,Uninj,Uninjured,10,Schwann cells,723,1099.0
Uninj_GCCATAGCGTTG,Uninj,Uninjured,5,Endothelial cells,891,1530.0
Uninj_ATTGGAGCTTTG,Uninj,Uninjured,3,Mesenchymal cells,668,1346.0
Uninj_TCTCGCAGGAGA,Uninj,Uninjured,0,Mesenchymal cells,898,1483.0
Uninj_TTATCGGGAGGA,Uninj,Uninjured,3,Mesenchymal cells,782,1424.0
Uninj_GGATAGGTTGAG,Uninj,Uninjured,6,Endothelial cells,734,1208.0
Uninj_GGTTCTTCTAGA,Uninj,Uninjured,7,Pericytes/VSM,824,1326.0
Uninj_CCCAGTATCTAA,Uninj,Uninjured,3,Mesenchymal cells,658,1312.0
Uninj_CATAACGGATCG,Uninj,Uninjured,12,Schwann cells,749,1303.0
Uninj_CTTACATTCGGT,Uninj,Uninjured,7,Pericytes/VSM,754,1134.0
Uninj_CCTCGCGCTCGT,Uninj,Uninjured,10,Schwann cells,958,1699.0
Uninj_CAGTCCCCAAAA,Uninj,Uninjured,6,Endothelial cells,773,1211.0
Uninj_GTCACGACGGAT,Uninj,Uninjured,6,Endothelial cells,753,1122.0
Uninj_TTGGCGTAGTGT,Uninj,Uninjured,7,Pericytes/VSM,721,1327.0
Uninj_GTGTCGTCGAGT,Uninj,Uninjured,10,Schwann cells,754,1152.0
Uninj_TCATGAGCGGTC,Uninj,Uninjured,10,Schwann cells,785,1380.0
Uninj_CCACGGAGTCTC,Uninj,Uninjured,7,Pericytes/VSM,816,1231.0
Uninj_AGGCACCGTTGA,Uninj,Uninjured,14,Lymphocytes,850,1425.0
Uninj_TTCTTCGCTAAT,Uninj,Uninjured,4,Endothelial cells,642,951.0
Uninj_TCACTCCAACTT,Uninj,Uninjured,13,Endothelial cells,726,1275.0
Uninj_GTTGGAATCATA,Uninj,Uninjured,0,Mesenchymal cells,639,1407.0
Uninj_CTATGTATACAA,Uninj,Uninjured,11,Macrophages,636,1168.0
Uninj_AGTTATCTTAGA,Uninj,Uninjured,3,Mesenchymal cells,744,1412.0
Uninj_TCTCCAGGACAT,Uninj,Uninjured,0,Mesenchymal cells,587,1171.0
Uninj_GCTGCGAAGTGA,Uninj,Uninjured,7,Pericytes/VSM,930,1661.0
Uninj_TCCTCATCGGTG,Uninj,Uninjured,5,Endothelial cells,565,922.0
Uninj_AATGTTTGGGTA,Uninj,Uninjured,10,Schwann cells,532,806.0
Uninj_GTGTCAGTGCAG,Uninj,Uninjured,6,Endothelial cells,857,1287.0
Uninj_GGCTCAAACAGT,Uninj,Uninjured,0,Mesenchymal cells,857,1642.0
Uninj_ATCCGACTGCTG,Uninj,Uninjured,5,Endothelial cells,932,1624.0
Uninj_TACAACAGTTTC,Uninj,Uninjured,14,Lymphocytes,707,1077.0
Uninj_TACGAGGGCATC,Uninj,Uninjured,3,Mesenchymal cells,630,1298.0
Uninj_TCGTCACTAAAG,Uninj,Uninjured,7,Pericytes/VSM,685,1251.0
Uninj_TGTTAGTGTGTC,Uninj,Uninjured,12,Schwann cells,787,1355.0
Uninj_GTACTTTTAGAA,Uninj,Uninjured,3,Mesenchymal cells,496,1161.0
Uninj_ACTCCTCCCTTA,Uninj,Uninjured,7,Pericytes/VSM,796,1373.0
Uninj_CTACCACTCCAC,Uninj,Uninjured,0,Mesenchymal cells,903,1599.0
Uninj_ACGGAGCGTGAT,Uninj,Uninjured,0,Mesenchymal cells,651,1225.0
Uninj_ATAACCTAGGGT,Uninj,Uninjured,6,Endothelial cells,953,1594.0
Uninj_GGTAACAACGAC,Uninj,Uninjured,12,Schwann cells,656,1101.0
Uninj_TGTGTACGCTAA,Uninj,Uninjured,4,Endothelial cells,876,1447.0
Uninj_GAAAATCAGGCC,Uninj,Uninjured,0,Mesenchymal cells,556,1010.0
Uninj_TGTCGGTTCGGC,Uninj,Uninjured,3,Mesenchymal cells,472,745.0
Uninj_AACCATCCCCCA,Uninj,Uninjured,4,Endothelial cells,771,1254.0
Uninj_CGAGGCCCTGTG,Uninj,Uninjured,10,Schwann cells,790,1257.0
Uninj_GACCCGAGTCGA,Uninj,Uninjured,0,Mesenchymal cells,858,1832.0
Uninj_ATATTTATGACT,Uninj,Uninjured,6,Endothelial cells,863,1369.0
Uninj_TAAGACGGGAGG,Uninj,Uninjured,6,Endothelial cells,781,1257.0
Uninj_GAACCGAGCGCC,Uninj,Uninjured,3,Mesenchymal cells,556,1333.0
Uninj_GTCCGCCGGAAC,Uninj,Uninjured,12,Schwann cells,598,1043.0
Uninj_CCGCCGCTTCTC,Uninj,Uninjured,10,Schwann cells,740,1225.0
Uninj_CCGACTTCATCG,Uninj,Uninjured,4,Endothelial cells,963,1501.0
Uninj_CATCTCGCCCAG,Uninj,Uninjured,12,Schwann cells,724,1255.0
Uninj_CCGATATAACTA,Uninj,Uninjured,4,Endothelial cells,687,1132.0
Uninj_TCGTGTTCTCCT,Uninj,Uninjured,3,Mesenchymal cells,682,1338.0
Uninj_ATCGCTAATTCG,Uninj,Uninjured,5,Endothelial cells,853,1413.0
Uninj_TGATCTTGGGAG,Uninj,Uninjured,10,Schwann cells,888,1404.0
Uninj_CATCACTAACAA,Uninj,Uninjured,6,Endothelial cells,658,1044.0
Uninj_CTTTTACTATGG,Uninj,Uninjured,7,Pericytes/VSM,780,1222.0
Uninj_CTGCATTTTCGG,Uninj,Uninjured,4,Endothelial cells,653,1042.0
Uninj_TAAATGTGCCTG,Uninj,Uninjured,9,Schwann cells,665,1080.0
Uninj_AGCGCCCCGGGC,Uninj,Uninjured,10,Schwann cells,812,1271.0
Uninj_GGCGGGTTCTCN,Uninj,Uninjured,10,Schwann cells,1027,1775.0
Uninj_AGCAGCGAGCAN,Uninj,Uninjured,7,Pericytes/VSM,857,1706.0
Uninj_TAATGTTGGGTC,Uninj,Uninjured,6,Endothelial cells,691,1143.0
Uninj_CTGTGTTAACAA,Uninj,Uninjured,0,Mesenchymal cells,812,2289.0
Uninj_CGCCGCTAATTC,Uninj,Uninjured,4,Endothelial cells,776,1316.0
Uninj_ATTACCACTCGG,Uninj,Uninjured,4,Endothelial cells,812,1273.0
Uninj_ACTCCGTACGAA,Uninj,Uninjured,6,Endothelial cells,883,1351.0
Uninj_TCCCCTCCACCC,Uninj,Uninjured,9,Schwann cells,792,1432.0
Uninj_GCGCAATAGTAC,Uninj,Uninjured,10,Schwann cells,801,1355.0
Uninj_GTAGGATAGCGA,Uninj,Uninjured,6,Endothelial cells,901,1511.0
Uninj_GGTCCTCACCTT,Uninj,Uninjured,7,Pericytes/VSM,697,1209.0
Uninj_AGCTGTATACAA,Uninj,Uninjured,3,Mesenchymal cells,845,1678.0
Uninj_ACCGTATAAAGT,Uninj,Uninjured,16,Mast cells,654,1285.0
Uninj_TCCTTCCCATCC,Uninj,Uninjured,9,Schwann cells,744,1249.0
Uninj_CCAGACCGCCCC,Uninj,Uninjured,7,Pericytes/VSM,974,1667.0
Uninj_TCTCTTGTGGTC,Uninj,Uninjured,10,Schwann cells,786,1271.0
Uninj_CGTGAACATCGA,Uninj,Uninjured,12,Schwann cells,667,1273.0
Uninj_TGCGAATTCGCC,Uninj,Uninjured,7,Pericytes/VSM,711,1160.0
Uninj_AATAACATCCTC,Uninj,Uninjured,13,Endothelial cells,691,1054.0
Uninj_TGCACCTACAGA,Uninj,Uninjured,9,Schwann cells,665,1081.0
Uninj_CGTTCATGCCAN,Uninj,Uninjured,9,Schwann cells,593,982.0
Uninj_AGTATGGCGCGG,Uninj,Uninjured,3,Mesenchymal cells,846,1632.0
Uninj_TGCCAGACGAGG,Uninj,Uninjured,3,Mesenchymal cells,537,1173.0
Uninj_ATTATCTAGGTA,Uninj,Uninjured,12,Schwann cells,748,1337.0
Uninj_TGTAATCGAATG,Uninj,Uninjured,14,Lymphocytes,608,912.0
Uninj_AGCCCAACACTC,Uninj,Uninjured,3,Mesenchymal cells,632,1192.0
Uninj_GGTCTCGAGTCC,Uninj,Uninjured,7,Pericytes/VSM,704,1269.0
Uninj_CCGCCGAATCGA,Uninj,Uninjured,4,Endothelial cells,650,1129.0
Uninj_CGTCCGATTCGC,Uninj,Uninjured,12,Schwann cells,557,1015.0
Uninj_ATACGCTTACCC,Uninj,Uninjured,0,Mesenchymal cells,881,1563.0
Uninj_ACTTCAGTACCT,Uninj,Uninjured,10,Schwann cells,799,1301.0
Uninj_TTGCTTTTCCCC,Uninj,Uninjured,10,Schwann cells,623,975.0
Uninj_ACTAGTAGAAAG,Uninj,Uninjured,3,Mesenchymal cells,580,1124.0
Uninj_TACGAATGAGCG,Uninj,Uninjured,10,Schwann cells,656,1038.0
Uninj_GTTGTGGTATTG,Uninj,Uninjured,3,Mesenchymal cells,732,1564.0
Uninj_TGGGCTTTATGG,Uninj,Uninjured,7,Pericytes/VSM,737,1271.0
Uninj_GCCCCAGCCAGC,Uninj,Uninjured,3,Mesenchymal cells,753,1387.0
Uninj_ACACCGGCCAGA,Uninj,Uninjured,4,Endothelial cells,825,1411.0
Uninj_AATTTTGAATGA,Uninj,Uninjured,5,Endothelial cells,1240,2041.0
Uninj_CACCAGTCGCGG,Uninj,Uninjured,10,Schwann cells,706,1255.0
Uninj_CTAGGGGTAGAA,Uninj,Uninjured,12,Schwann cells,647,1088.0
Uninj_CGTTTCAGACTC,Uninj,Uninjured,1,Mesenchymal cells,675,1142.0
Uninj_TCTGCGTCTCCT,Uninj,Uninjured,13,Endothelial cells,660,994.0
Uninj_TAATGATGATAT,Uninj,Uninjured,10,Schwann cells,868,1425.0
Uninj_GCACAGCTATAA,Uninj,Uninjured,1,Mesenchymal cells,813,1398.0
Uninj_CATCAGGGCCAA,Uninj,Uninjured,3,Mesenchymal cells,712,1248.0
Uninj_CCCCGACCGGGA,Uninj,Uninjured,3,Mesenchymal cells,535,943.0
Uninj_TAAAGGACTACT,Uninj,Uninjured,4,Endothelial cells,580,868.0
Uninj_TTACAGTTTTGT,Uninj,Uninjured,6,Endothelial cells,695,1199.0
Uninj_TAGCACCTAAGA,Uninj,Uninjured,0,Mesenchymal cells,612,1306.0
Uninj_CTCCGAAGAAAG,Uninj,Uninjured,9,Schwann cells,669,983.0
Uninj_ACGCTCAATCAC,Uninj,Uninjured,3,Mesenchymal cells,755,1256.0
Uninj_AGCCCGTCTAAA,Uninj,Uninjured,4,Endothelial cells,672,1125.0
Uninj_AGCCCGTCTTCT,Uninj,Uninjured,14,Lymphocytes,618,955.0
Uninj_AAGCATTTAGAA,Uninj,Uninjured,7,Pericytes/VSM,714,1164.0
Uninj_TACCAGGACGGT,Uninj,Uninjured,4,Endothelial cells,689,1096.0
Uninj_TCACCGAGTCAC,Uninj,Uninjured,6,Endothelial cells,806,1311.0
Uninj_GTTCGTTAGAGA,Uninj,Uninjured,7,Pericytes/VSM,836,1297.0
Uninj_CAATTTCTGTAG,Uninj,Uninjured,3,Mesenchymal cells,434,770.0
Uninj_AACCAAGCGCCT,Uninj,Uninjured,3,Mesenchymal cells,561,1042.0
Uninj_CAGTTACGCACT,Uninj,Uninjured,16,Mast cells,566,1028.0
Uninj_GCGAGGCGCGCN,Uninj,Uninjured,1,Mesenchymal cells,836,1611.0
Uninj_TTCCGTTCTAGC,Uninj,Uninjured,14,Lymphocytes,665,1069.0
Uninj_CATGGCCCTGCT,Uninj,Uninjured,5,Endothelial cells,907,1702.0
Uninj_GCCGCGCCTTCA,Uninj,Uninjured,0,Mesenchymal cells,672,1152.0
Uninj_CTCCCATTGGTT,Uninj,Uninjured,3,Mesenchymal cells,533,761.0
Uninj_AAACTGAAAAAG,Uninj,Uninjured,0,Mesenchymal cells,664,1065.0
Uninj_TTCAGCTTAAGG,Uninj,Uninjured,5,Endothelial cells,852,1432.0
Uninj_TTATGCCAGAAA,Uninj,Uninjured,7,Pericytes/VSM,590,976.0
Uninj_GTTAATAGCACA,Uninj,Uninjured,4,Endothelial cells,729,1139.0
Uninj_GCTTCGATCCGA,Uninj,Uninjured,10,Schwann cells,559,914.0
Uninj_ATACACACAGCG,Uninj,Uninjured,4,Endothelial cells,805,1346.0
Uninj_CCAGTTTCTCAC,Uninj,Uninjured,12,Schwann cells,646,933.0
Uninj_GATTCCTTCTTC,Uninj,Uninjured,5,Endothelial cells,803,1246.0
Uninj_TGGGTCGATGAN,Uninj,Uninjured,0,Mesenchymal cells,867,1536.0
Uninj_GCAGATAGTTTG,Uninj,Uninjured,9,Schwann cells,647,1091.0
Uninj_ACATTATATCTA,Uninj,Uninjured,13,Endothelial cells,953,1543.0
Uninj_TTATTCTGTCCT,Uninj,Uninjured,7,Pericytes/VSM,743,1234.0
Uninj_AATTATACGGAG,Uninj,Uninjured,4,Endothelial cells,709,1105.0
Uninj_ACGCAAACATTC,Uninj,Uninjured,6,Endothelial cells,671,1006.0
Uninj_ATCGCACGTATG,Uninj,Uninjured,3,Mesenchymal cells,550,1015.0
Uninj_TCCATGCCACCT,Uninj,Uninjured,9,Schwann cells,643,1098.0
Uninj_GTTCCATCCGCA,Uninj,Uninjured,6,Endothelial cells,742,1201.0
Uninj_GTTGGCACTCGN,Uninj,Uninjured,0,Mesenchymal cells,810,1496.0
Uninj_ACGAGGCAGACA,Uninj,Uninjured,6,Endothelial cells,714,1087.0
Uninj_GCGAAGTAGCCA,Uninj,Uninjured,7,Pericytes/VSM,742,1231.0
Uninj_TTCTCGGGTACG,Uninj,Uninjured,4,Endothelial cells,745,1212.0
Uninj_GAGCTTCGTTAA,Uninj,Uninjured,7,Pericytes/VSM,830,1298.0
Uninj_GCTGACCAATGC,Uninj,Uninjured,3,Mesenchymal cells,675,1241.0
Uninj_TTGTTGTACGCA,Uninj,Uninjured,0,Mesenchymal cells,682,1278.0
Uninj_TGTCTTTTGCAT,Uninj,Uninjured,12,Schwann cells,704,1269.0
Uninj_CGTACGCTGCGA,Uninj,Uninjured,3,Mesenchymal cells,626,1175.0
Uninj_CCTAGTAAATGT,Uninj,Uninjured,9,Schwann cells,649,996.0
Uninj_CTAGTTAGACCG,Uninj,Uninjured,9,Schwann cells,719,1091.0
Uninj_AAATAGCAACCC,Uninj,Uninjured,13,Endothelial cells,752,1261.0
Uninj_CTAGGGCGAAGG,Uninj,Uninjured,5,Endothelial cells,697,1058.0
Uninj_GTAAGTGTCCTT,Uninj,Uninjured,0,Mesenchymal cells,652,1094.0
Uninj_CCTCGGACAAAA,Uninj,Uninjured,12,Schwann cells,580,971.0
Uninj_CTCGCAATACTT,Uninj,Uninjured,10,Schwann cells,725,1089.0
Uninj_GGAGATTGGTCT,Uninj,Uninjured,5,Endothelial cells,1219,2104.0
Uninj_CGCGAAATTTAC,Uninj,Uninjured,1,Mesenchymal cells,773,1249.0
Uninj_TACTAGTCTCTT,Uninj,Uninjured,12,Schwann cells,631,1092.0
Uninj_AACATGTGAGGA,Uninj,Uninjured,7,Pericytes/VSM,750,1114.0
Uninj_AGTCGATACGAC,Uninj,Uninjured,9,Schwann cells,714,1125.0
Uninj_CGAGGCGCCTCG,Uninj,Uninjured,12,Schwann cells,622,1005.0
Uninj_ATCTGGAGACGA,Uninj,Uninjured,7,Pericytes/VSM,532,915.0
Uninj_TGAATCCGTACT,Uninj,Uninjured,3,Mesenchymal cells,672,1122.0
Uninj_AACCGGCGAGCA,Uninj,Uninjured,7,Pericytes/VSM,532,883.0
Uninj_ATCTCTGTGTAC,Uninj,Uninjured,9,Schwann cells,728,1129.0
Uninj_CGCGAAAGATCT,Uninj,Uninjured,7,Pericytes/VSM,684,1088.0
Uninj_GCTGTCGAGTAG,Uninj,Uninjured,1,Mesenchymal cells,809,1391.0
Uninj_GATATTCGCATA,Uninj,Uninjured,4,Endothelial cells,578,880.0
Uninj_GATGCGGCACAG,Uninj,Uninjured,0,Mesenchymal cells,567,1370.0
Uninj_TGTGCGTATGCG,Uninj,Uninjured,9,Schwann cells,722,1286.0
Uninj_AAGGCCACCCGC,Uninj,Uninjured,10,Schwann cells,671,1093.0
Uninj_AGAGAAAATTGG,Uninj,Uninjured,13,Endothelial cells,470,755.0
Uninj_ACCCAGTTCAAT,Uninj,Uninjured,4,Endothelial cells,688,1142.0
Uninj_AGAGAACAACCA,Uninj,Uninjured,4,Endothelial cells,739,1240.0
Uninj_CATCGGAGCATA,Uninj,Uninjured,7,Pericytes/VSM,583,894.0
Uninj_TCCGATCCCCAA,Uninj,Uninjured,4,Endothelial cells,693,1113.0
Uninj_TGCCGCGTACAG,Uninj,Uninjured,13,Endothelial cells,691,1064.0
Uninj_TCCGGAAGCACG,Uninj,Uninjured,3,Mesenchymal cells,574,1089.0
Uninj_GCTAGGGGGATA,Uninj,Uninjured,3,Mesenchymal cells,590,1022.0
Uninj_CCTTCCCTGGGT,Uninj,Uninjured,12,Schwann cells,621,1113.0
Uninj_ATCTGGGAAATC,Uninj,Uninjured,5,Endothelial cells,688,1005.0
Uninj_GTTGTGCGCATA,Uninj,Uninjured,3,Mesenchymal cells,708,1208.0
Uninj_ATGATTTGCATG,Uninj,Uninjured,12,Schwann cells,588,1014.0
Uninj_TTGTTGCGCACC,Uninj,Uninjured,4,Endothelial cells,684,1076.0
Uninj_AACGCGGGAACG,Uninj,Uninjured,3,Mesenchymal cells,392,822.0
Uninj_TATATACTGGGC,Uninj,Uninjured,3,Mesenchymal cells,914,1723.0
Uninj_CGTAGTTGCCTT,Uninj,Uninjured,0,Mesenchymal cells,765,1280.0
Uninj_GGTGAGGTAAGG,Uninj,Uninjured,3,Mesenchymal cells,598,1050.0
Uninj_GCTCGCGAGGAC,Uninj,Uninjured,3,Mesenchymal cells,659,1167.0
Uninj_TAACTTGTCCGG,Uninj,Uninjured,4,Endothelial cells,796,1337.0
Uninj_CATCATGAGTTG,Uninj,Uninjured,5,Endothelial cells,2371,4652.0
Uninj_ATCTGAGACAGA,Uninj,Uninjured,7,Pericytes/VSM,721,1264.0
Uninj_ATACAGACGTGG,Uninj,Uninjured,3,Mesenchymal cells,782,1549.0
Uninj_TGCATTGTGCAG,Uninj,Uninjured,3,Mesenchymal cells,678,1161.0
Uninj_GATAACAGGCTC,Uninj,Uninjured,5,Endothelial cells,696,1115.0
Uninj_ACCAACAACGTN,Uninj,Uninjured,9,Schwann cells,613,956.0
Uninj_AAGTAACGGACG,Uninj,Uninjured,10,Schwann cells,566,877.0
Uninj_CGCCGCGCCTGT,Uninj,Uninjured,7,Pericytes/VSM,731,1169.0
Uninj_GATCATGACTTG,Uninj,Uninjured,5,Endothelial cells,838,1165.0
Uninj_CTGGACCGTATA,Uninj,Uninjured,0,Mesenchymal cells,845,1588.0
Uninj_GCCGGTCGGTGT,Uninj,Uninjured,5,Endothelial cells,909,1545.0
Uninj_CAAGGAGGGGCC,Uninj,Uninjured,10,Schwann cells,778,1124.0
Uninj_CTATAGTAAATA,Uninj,Uninjured,3,Mesenchymal cells,717,1292.0
Uninj_CAAATTAAACAT,Uninj,Uninjured,10,Schwann cells,724,974.0
Uninj_TGCACAGTGAAN,Uninj,Uninjured,6,Endothelial cells,756,1035.0
Uninj_AGGCCACCAGAC,Uninj,Uninjured,16,Mast cells,694,1595.0
Uninj_TTCGTTAATATC,Uninj,Uninjured,3,Mesenchymal cells,455,1047.0
Uninj_AGAGAACCAGCG,Uninj,Uninjured,9,Schwann cells,619,1066.0
Uninj_TTAGCCGAACGA,Uninj,Uninjured,4,Endothelial cells,708,1096.0
Uninj_CTAACTGTGCAA,Uninj,Uninjured,1,Mesenchymal cells,839,1438.0
Uninj_CATCTCAGCGGC,Uninj,Uninjured,13,Endothelial cells,494,684.0
Uninj_CCGCATTATTGA,Uninj,Uninjured,4,Endothelial cells,424,671.0
Uninj_CTGTGTGAATTA,Uninj,Uninjured,12,Schwann cells,606,1010.0
Uninj_TCTTAGGCCCGT,Uninj,Uninjured,17,Schwann cells,725,1092.0
Uninj_GCTTTGTAGGGT,Uninj,Uninjured,5,Endothelial cells,805,1380.0
Uninj_TATACAACCCAC,Uninj,Uninjured,5,Endothelial cells,985,1625.0
Uninj_ACGACCAGACCT,Uninj,Uninjured,9,Schwann cells,693,1004.0
Uninj_GGCTCCTTTACA,Uninj,Uninjured,12,Schwann cells,638,1153.0
Uninj_GTACTTATAAGG,Uninj,Uninjured,9,Schwann cells,713,1068.0
Uninj_CCACCACGAGAT,Uninj,Uninjured,6,Endothelial cells,700,1118.0
Uninj_TGCGGCCGCGAA,Uninj,Uninjured,12,Schwann cells,532,933.0
Uninj_GGTACCTGGCCG,Uninj,Uninjured,3,Mesenchymal cells,611,1234.0
Uninj_TATAGGTACTTC,Uninj,Uninjured,10,Schwann cells,727,1095.0
Uninj_TTCTGACAGCGT,Uninj,Uninjured,7,Pericytes/VSM,726,1007.0
Uninj_CTTAGTGCCCGN,Uninj,Uninjured,9,Schwann cells,536,860.0
Uninj_AACTCAGTCTGG,Uninj,Uninjured,0,Mesenchymal cells,573,862.0
Uninj_ACAATGTAGCAG,Uninj,Uninjured,0,Mesenchymal cells,726,1308.0
Uninj_TCTGAATGACGA,Uninj,Uninjured,1,Mesenchymal cells,863,1368.0
Uninj_CCAATATCATCG,Uninj,Uninjured,10,Schwann cells,697,1041.0
Uninj_GCCTGGTCCACC,Uninj,Uninjured,7,Pericytes/VSM,764,1098.0
Uninj_TTAAGCCGGACA,Uninj,Uninjured,10,Schwann cells,709,1019.0
Uninj_GCTTCCGATATC,Uninj,Uninjured,12,Schwann cells,521,861.0
Uninj_GACAAGCTTGGG,Uninj,Uninjured,9,Schwann cells,587,1048.0
Uninj_GTCTGACCTTCC,Uninj,Uninjured,0,Mesenchymal cells,653,1212.0
Uninj_CCCTGGACTTTT,Uninj,Uninjured,10,Schwann cells,652,962.0
Uninj_TACACTAAGAGG,Uninj,Uninjured,7,Pericytes/VSM,681,1087.0
Uninj_TTGGCGCCTCCG,Uninj,Uninjured,6,Endothelial cells,728,1121.0
Uninj_TCCGGAGCAGGG,Uninj,Uninjured,9,Schwann cells,642,1030.0
Uninj_GATTTTCCAGGT,Uninj,Uninjured,1,Mesenchymal cells,460,731.0
Uninj_AACAATTGTAAC,Uninj,Uninjured,9,Schwann cells,521,839.0
Uninj_AGCCGTTCGCCT,Uninj,Uninjured,12,Schwann cells,665,1246.0
Uninj_GGGCGCCAGGTG,Uninj,Uninjured,5,Endothelial cells,816,1612.0
Uninj_GCCAAAGCGGCC,Uninj,Uninjured,7,Pericytes/VSM,624,1038.0
Uninj_GAGTCACACTCT,Uninj,Uninjured,5,Endothelial cells,601,865.0
Uninj_TATCGATATGTT,Uninj,Uninjured,10,Schwann cells,495,710.0
Uninj_TGTAGCTCACTA,Uninj,Uninjured,9,Schwann cells,661,1083.0
Uninj_TTTGAGCGCAAC,Uninj,Uninjured,13,Endothelial cells,672,1137.0
Uninj_TCTGACTGCAGC,Uninj,Uninjured,6,Endothelial cells,641,909.0
Uninj_TTTCAGTTTTAA,Uninj,Uninjured,10,Schwann cells,587,887.0
Uninj_CCCGCTTCCTAC,Uninj,Uninjured,0,Mesenchymal cells,504,1145.0
Uninj_TGGCCAGGGAGA,Uninj,Uninjured,9,Schwann cells,766,1083.0
Uninj_TGACAAACGTAT,Uninj,Uninjured,10,Schwann cells,390,639.0
Uninj_ATTCACGACCGG,Uninj,Uninjured,3,Mesenchymal cells,591,1066.0
Uninj_CGAGAGAACTGA,Uninj,Uninjured,3,Mesenchymal cells,574,993.0
Uninj_AAGCGGTTTAAG,Uninj,Uninjured,0,Mesenchymal cells,627,1144.0
Uninj_AAGGAGGGATAA,Uninj,Uninjured,5,Endothelial cells,663,1172.0
Uninj_GACGCCAGGAGG,Uninj,Uninjured,3,Mesenchymal cells,700,1340.0
Uninj_CTGAGAGCGCGT,Uninj,Uninjured,3,Mesenchymal cells,663,1412.0
Uninj_CACAGGATACCG,Uninj,Uninjured,1,Mesenchymal cells,728,1176.0
Uninj_AACCTGATACGG,Uninj,Uninjured,3,Mesenchymal cells,596,892.0
Uninj_CTAACTATCTAG,Uninj,Uninjured,7,Pericytes/VSM,564,925.0
Uninj_CTATTTCATGAC,Uninj,Uninjured,5,Endothelial cells,596,876.0
Uninj_AAGCCGCAGGGG,Uninj,Uninjured,14,Lymphocytes,598,844.0
Uninj_TACTGTGACATT,Uninj,Uninjured,6,Endothelial cells,646,984.0
Uninj_AGTTTCATATAN,Uninj,Uninjured,0,Mesenchymal cells,519,959.0
Uninj_ACGACAACTCCA,Uninj,Uninjured,3,Mesenchymal cells,621,1124.0
Uninj_TTCACCTCTAAT,Uninj,Uninjured,7,Pericytes/VSM,591,885.0
Uninj_GCGAATCCCGTG,Uninj,Uninjured,10,Schwann cells,588,958.0
Uninj_AGATCGTTCCCG,Uninj,Uninjured,9,Schwann cells,709,1139.0
Uninj_CCCCATCCGCGG,Uninj,Uninjured,11,Macrophages,488,783.0
Uninj_ACGTATTTTTCA,Uninj,Uninjured,3,Mesenchymal cells,512,881.0
Uninj_ACTATAAGTAAT,Uninj,Uninjured,3,Mesenchymal cells,780,1360.0
Uninj_CGCCTATCTCTA,Uninj,Uninjured,10,Schwann cells,504,833.0
Uninj_GTATGGTTAATG,Uninj,Uninjured,0,Mesenchymal cells,442,780.0
Uninj_CCGTTACCGTAG,Uninj,Uninjured,11,Macrophages,529,963.0
Uninj_GACGCAGCCCGT,Uninj,Uninjured,4,Endothelial cells,750,1145.0
Uninj_CTCGCAAGAGTG,Uninj,Uninjured,7,Pericytes/VSM,485,849.0
Uninj_TCAGTAGAGCTG,Uninj,Uninjured,7,Pericytes/VSM,673,1288.0
Uninj_ATGGCTCTCTCA,Uninj,Uninjured,7,Pericytes/VSM,667,1071.0
Uninj_ACCTATCCTCGT,Uninj,Uninjured,7,Pericytes/VSM,690,1201.0
Uninj_CGTAGGAAGACN,Uninj,Uninjured,0,Mesenchymal cells,735,1214.0
Uninj_CGTTAGACCCGG,Uninj,Uninjured,7,Pericytes/VSM,755,1233.0
Uninj_CGATAGCCGGTT,Uninj,Uninjured,12,Schwann cells,502,845.0
Uninj_GGCGTAAAACAT,Uninj,Uninjured,3,Mesenchymal cells,530,976.0
Uninj_TCGAGCAGAGCG,Uninj,Uninjured,0,Mesenchymal cells,686,1102.0
Uninj_GAATGTGGACCG,Uninj,Uninjured,6,Endothelial cells,767,1198.0
Uninj_CGAAGGATCAGA,Uninj,Uninjured,0,Mesenchymal cells,586,1065.0
Uninj_CTAAGAACCCTA,Uninj,Uninjured,5,Endothelial cells,486,715.0
Uninj_AACCACCTGCCT,Uninj,Uninjured,10,Schwann cells,675,1033.0
Uninj_GGTGTAGATGTC,Uninj,Uninjured,1,Mesenchymal cells,873,1404.0
Uninj_TGTGTTTTGATC,Uninj,Uninjured,0,Mesenchymal cells,836,1419.0
Uninj_CGCCTCGATCAA,Uninj,Uninjured,10,Schwann cells,678,967.0
Uninj_TCGTCAGACGCC,Uninj,Uninjured,1,Mesenchymal cells,733,1329.0
Uninj_CATACACTATCC,Uninj,Uninjured,4,Endothelial cells,750,1213.0
Uninj_CATAAAGGCTGG,Uninj,Uninjured,3,Mesenchymal cells,568,1008.0
Uninj_AATGATTAGCCT,Uninj,Uninjured,1,Mesenchymal cells,766,1235.0
Uninj_GTCCTCGTAATG,Uninj,Uninjured,9,Schwann cells,660,1095.0
Uninj_TCAGTACCCAAC,Uninj,Uninjured,5,Endothelial cells,633,1021.0
Uninj_GGAAGAGTGCAC,Uninj,Uninjured,3,Mesenchymal cells,542,1108.0
Uninj_ATCAACATGTAG,Uninj,Uninjured,0,Mesenchymal cells,627,1084.0
Uninj_TAGCGCTACCGC,Uninj,Uninjured,3,Mesenchymal cells,557,881.0
Uninj_GTGTATGCCAAC,Uninj,Uninjured,6,Endothelial cells,674,1022.0
Uninj_CATGAAGTTGAA,Uninj,Uninjured,14,Lymphocytes,597,945.0
Uninj_GTGGATCCTTGA,Uninj,Uninjured,10,Schwann cells,639,984.0
Uninj_TGACCTGGTCGT,Uninj,Uninjured,4,Endothelial cells,597,932.0
Uninj_GGGATAAAACCC,Uninj,Uninjured,0,Mesenchymal cells,669,1085.0
Uninj_TAGCAAAAAGCA,Uninj,Uninjured,1,Mesenchymal cells,635,979.0
Uninj_CGAGGTCGTAAA,Uninj,Uninjured,12,Schwann cells,731,1272.0
Uninj_CGTAAGCGACTG,Uninj,Uninjured,10,Schwann cells,494,752.0
Uninj_TTAATGCTTTAG,Uninj,Uninjured,5,Endothelial cells,654,983.0
Uninj_TTCCCGTCTATC,Uninj,Uninjured,12,Schwann cells,596,933.0
Uninj_AGACCGGCCCGA,Uninj,Uninjured,12,Schwann cells,541,976.0
Uninj_TCTGTCGGCGGT,Uninj,Uninjured,0,Mesenchymal cells,641,1088.0
Uninj_CGATAGACAACA,Uninj,Uninjured,1,Mesenchymal cells,669,1008.0
Uninj_TGCGTACCCCCA,Uninj,Uninjured,6,Endothelial cells,1542,2514.0
Uninj_GTGTTCCGTTAC,Uninj,Uninjured,9,Schwann cells,663,989.0
Uninj_CGACGGTATATA,Uninj,Uninjured,10,Schwann cells,764,1153.0
Uninj_ACTCGGGATTGT,Uninj,Uninjured,10,Schwann cells,605,893.0
Uninj_TTCGATGCACTA,Uninj,Uninjured,6,Endothelial cells,566,929.0
Uninj_TAAGTAGAGGAA,Uninj,Uninjured,7,Pericytes/VSM,464,666.0
Uninj_AGATACACCAGG,Uninj,Uninjured,3,Mesenchymal cells,524,1003.0
Uninj_CGCCACTCCCCC,Uninj,Uninjured,13,Endothelial cells,620,1024.0
Uninj_ACGCCAACGCCT,Uninj,Uninjured,9,Schwann cells,530,869.0
Uninj_TCGCAACGAACC,Uninj,Uninjured,7,Pericytes/VSM,561,860.0
Uninj_AACCAATTTCAT,Uninj,Uninjured,12,Schwann cells,594,969.0
Uninj_ATATTATTTTCT,Uninj,Uninjured,2,Schwann cells,705,1018.0
Uninj_TAAGAAGGTTCA,Uninj,Uninjured,10,Schwann cells,568,874.0
Uninj_TATTCTTAGGTT,Uninj,Uninjured,0,Mesenchymal cells,251,418.0
Uninj_GATCATGAGTTC,Uninj,Uninjured,5,Endothelial cells,840,1197.0
Uninj_TTGAGTTCTTTN,Uninj,Uninjured,17,Schwann cells,534,923.0
Uninj_AAGTAGAAACGA,Uninj,Uninjured,10,Schwann cells,480,692.0
Uninj_AAGTTTTACATA,Uninj,Uninjured,5,Endothelial cells,568,958.0
Uninj_TATGATTGTGCT,Uninj,Uninjured,12,Schwann cells,690,1193.0
Uninj_ACGGTACCCCTA,Uninj,Uninjured,10,Schwann cells,667,949.0
Uninj_CTCTTGCCCACT,Uninj,Uninjured,3,Mesenchymal cells,472,878.0
Uninj_CGTCAGATATTC,Uninj,Uninjured,0,Mesenchymal cells,619,1256.0
Uninj_TAGGCAGCTGCA,Uninj,Uninjured,7,Pericytes/VSM,616,970.0
Uninj_TCGTTTTATTTG,Uninj,Uninjured,7,Pericytes/VSM,657,985.0
Uninj_ATAACAATTTCG,Uninj,Uninjured,12,Schwann cells,537,915.0
Uninj_CTAGACAGGCAA,Uninj,Uninjured,7,Pericytes/VSM,635,989.0
Uninj_CCCGCATTCACC,Uninj,Uninjured,8,Schwann cells,396,944.0
Uninj_GACGATCCGCGA,Uninj,Uninjured,1,Mesenchymal cells,710,1051.0
Uninj_TCGTATTAATGC,Uninj,Uninjured,10,Schwann cells,554,799.0
Uninj_TTTGAAAGGCGT,Uninj,Uninjured,5,Endothelial cells,670,996.0
Uninj_GCGAAATACGGC,Uninj,Uninjured,7,Pericytes/VSM,442,776.0
Uninj_GTTGTGACTCTA,Uninj,Uninjured,10,Schwann cells,543,887.0
Uninj_CCTGGGAATGGT,Uninj,Uninjured,12,Schwann cells,619,1026.0
Uninj_GGGCGGGTATGG,Uninj,Uninjured,6,Endothelial cells,995,1788.0
Uninj_TATACGAGCGGC,Uninj,Uninjured,16,Mast cells,573,972.0
Uninj_TCGGTTTTCTCC,Uninj,Uninjured,12,Schwann cells,474,1049.0
Uninj_GCAGTGTTGTAA,Uninj,Uninjured,6,Endothelial cells,696,1019.0
Uninj_GGACGGATTTGA,Uninj,Uninjured,4,Endothelial cells,493,760.0
Uninj_TTCGTAACGCTT,Uninj,Uninjured,10,Schwann cells,655,1006.0
Uninj_GCGTCCGGCGGC,Uninj,Uninjured,1,Mesenchymal cells,656,1069.0
Uninj_CAAAAGCGCTCC,Uninj,Uninjured,9,Schwann cells,589,833.0
Uninj_AATTTGCGCGGA,Uninj,Uninjured,6,Endothelial cells,603,901.0
Uninj_TATAGACAGGTG,Uninj,Uninjured,10,Schwann cells,550,859.0
Uninj_CCTTAATCCGAA,Uninj,Uninjured,3,Mesenchymal cells,531,961.0
Uninj_CCATGGATTAAG,Uninj,Uninjured,17,Schwann cells,588,927.0
Uninj_GACCGCCACTCC,Uninj,Uninjured,0,Mesenchymal cells,644,1200.0
Uninj_AAAATTAGTCCT,Uninj,Uninjured,16,Mast cells,566,967.0
Uninj_GTCTGTCTGACG,Uninj,Uninjured,7,Pericytes/VSM,502,835.0
Uninj_CCAGCGGAACCA,Uninj,Uninjured,12,Schwann cells,699,1106.0
Uninj_AGAATCTGGCGT,Uninj,Uninjured,10,Schwann cells,694,1049.0
Uninj_GACACAGAACAC,Uninj,Uninjured,0,Mesenchymal cells,638,1035.0
Uninj_AGTAGTCTGCCT,Uninj,Uninjured,3,Mesenchymal cells,627,1097.0
Uninj_CATATCAGCATA,Uninj,Uninjured,10,Schwann cells,568,947.0
Uninj_GCAAGTATTACC,Uninj,Uninjured,12,Schwann cells,563,893.0
Uninj_TCACTTTGCGCT,Uninj,Uninjured,3,Mesenchymal cells,564,1001.0
Uninj_CAGCTGCGCGAC,Uninj,Uninjured,7,Pericytes/VSM,565,925.0
Uninj_AAAACACTTCGC,Uninj,Uninjured,9,Schwann cells,624,964.0
Uninj_CGGGCCAGAGGC,Uninj,Uninjured,0,Mesenchymal cells,457,855.0
Uninj_TCCAAGTGTTGG,Uninj,Uninjured,7,Pericytes/VSM,553,732.0
Uninj_GCCTCCAGCCTN,Uninj,Uninjured,7,Pericytes/VSM,586,860.0
Uninj_CTCAGCCACGTA,Uninj,Uninjured,10,Schwann cells,609,863.0
Uninj_CTTTTCAGACGA,Uninj,Uninjured,12,Schwann cells,613,981.0
Uninj_TGCTCATAATCA,Uninj,Uninjured,3,Mesenchymal cells,616,1187.0
Uninj_ATTGCGCAAACA,Uninj,Uninjured,7,Pericytes/VSM,588,951.0
Uninj_CCGTGAGTCCAC,Uninj,Uninjured,1,Mesenchymal cells,545,897.0
Uninj_GAGAGCTAGGCG,Uninj,Uninjured,9,Schwann cells,649,980.0
Uninj_TGTTAACTCTAC,Uninj,Uninjured,0,Mesenchymal cells,383,554.0
Uninj_AGTCCGTTACAG,Uninj,Uninjured,12,Schwann cells,548,921.0
Uninj_GTAACGCACTAA,Uninj,Uninjured,5,Endothelial cells,458,671.0
Uninj_TTCCTATCTAAT,Uninj,Uninjured,6,Endothelial cells,482,700.0
Uninj_TCATGAAGTAGG,Uninj,Uninjured,7,Pericytes/VSM,572,940.0
Uninj_CAGGTTGATGGA,Uninj,Uninjured,3,Mesenchymal cells,548,1096.0
Uninj_ATGTCAATACCA,Uninj,Uninjured,9,Schwann cells,643,868.0
Uninj_GGCCAATGGGGC,Uninj,Uninjured,1,Mesenchymal cells,385,537.0
Uninj_TCCCTTATGCAA,Uninj,Uninjured,4,Endothelial cells,511,754.0
Uninj_ATAGTCATTGGC,Uninj,Uninjured,7,Pericytes/VSM,609,993.0
Uninj_TCGATGAATATT,Uninj,Uninjured,0,Mesenchymal cells,422,654.0
Uninj_CAGCCGACAGGG,Uninj,Uninjured,12,Schwann cells,637,1105.0
Uninj_ACTGGTTCACTG,Uninj,Uninjured,3,Mesenchymal cells,491,935.0
Uninj_TATCTACCAAGA,Uninj,Uninjured,7,Pericytes/VSM,395,566.0
Uninj_ATGCGAGGTTCC,Uninj,Uninjured,1,Mesenchymal cells,569,1009.0
Uninj_TTCCAAGTGATN,Uninj,Uninjured,0,Mesenchymal cells,1011,1702.0
Uninj_TATGTTGTAATT,Uninj,Uninjured,4,Endothelial cells,565,944.0
Uninj_TAACAGGCCGCA,Uninj,Uninjured,3,Mesenchymal cells,537,968.0
Uninj_ATCGGACATGAC,Uninj,Uninjured,7,Pericytes/VSM,758,1215.0
Uninj_AATAACTCGGTC,Uninj,Uninjured,7,Pericytes/VSM,646,921.0
Uninj_GTTTTTCAGCTT,Uninj,Uninjured,7,Pericytes/VSM,340,576.0
Uninj_TGGTGTTCTAAG,Uninj,Uninjured,3,Mesenchymal cells,596,951.0
Uninj_ACTGGTCATTCA,Uninj,Uninjured,0,Mesenchymal cells,584,988.0
Uninj_GGGTCCGAGGCT,Uninj,Uninjured,13,Endothelial cells,669,1002.0
Uninj_GTTGCATCTCTA,Uninj,Uninjured,4,Endothelial cells,668,999.0
Uninj_CTATGCATTGCG,Uninj,Uninjured,1,Mesenchymal cells,616,1006.0
Uninj_AGTCCCGGCAAG,Uninj,Uninjured,0,Mesenchymal cells,723,1219.0
Uninj_GTTGCTCTTTGT,Uninj,Uninjured,10,Schwann cells,409,647.0
Uninj_TTCAACTTAGAT,Uninj,Uninjured,17,Schwann cells,464,715.0
Uninj_TCGCCCTCACAA,Uninj,Uninjured,0,Mesenchymal cells,449,871.0
Uninj_ATACCTTCGACC,Uninj,Uninjured,7,Pericytes/VSM,708,1083.0
Uninj_CGAGGCCACTGA,Uninj,Uninjured,7,Pericytes/VSM,576,808.0
Uninj_TCGGGCAGCTTG,Uninj,Uninjured,7,Pericytes/VSM,645,932.0
Uninj_CTCAACAGACAA,Uninj,Uninjured,12,Schwann cells,530,844.0
Uninj_AGGTTGGATCAA,Uninj,Uninjured,7,Pericytes/VSM,640,1016.0
Uninj_CCTGAGATAATA,Uninj,Uninjured,4,Endothelial cells,613,930.0
Uninj_CCATAGATCATG,Uninj,Uninjured,13,Endothelial cells,547,858.0
Uninj_TCCACGGTCATT,Uninj,Uninjured,6,Endothelial cells,624,869.0
Uninj_TTGCGATAGGCC,Uninj,Uninjured,3,Mesenchymal cells,636,1075.0
Uninj_TGGTAGTTTTCG,Uninj,Uninjured,4,Endothelial cells,577,841.0
Uninj_AGCAGAGGGACT,Uninj,Uninjured,3,Mesenchymal cells,557,947.0
Uninj_CTGTCCTATGAA,Uninj,Uninjured,10,Schwann cells,671,1061.0
Uninj_GGTCCAGCCAGC,Uninj,Uninjured,10,Schwann cells,528,853.0
Uninj_GTGTTTGGGGGN,Uninj,Uninjured,0,Mesenchymal cells,503,979.0
Uninj_ATAGCCCGAAAA,Uninj,Uninjured,1,Mesenchymal cells,731,1182.0
Uninj_TTGTGAGCTTAA,Uninj,Uninjured,3,Mesenchymal cells,449,822.0
Uninj_TCAGAGAACATG,Uninj,Uninjured,5,Endothelial cells,658,985.0
Uninj_AGCTAAGGGTAT,Uninj,Uninjured,3,Mesenchymal cells,624,1127.0
Uninj_TCCATCAGCGCA,Uninj,Uninjured,4,Endothelial cells,579,909.0
Uninj_GTGACCCCCTAA,Uninj,Uninjured,7,Pericytes/VSM,544,778.0
Uninj_CCAGATTCCATC,Uninj,Uninjured,9,Schwann cells,501,770.0
Uninj_TGTGGATCTTTG,Uninj,Uninjured,7,Pericytes/VSM,440,755.0
Uninj_ATGATTAGTGCN,Uninj,Uninjured,17,Schwann cells,576,922.0
Uninj_ACAAGTCTAGTA,Uninj,Uninjured,0,Mesenchymal cells,503,946.0
Uninj_AAGGCCACTCTA,Uninj,Uninjured,3,Mesenchymal cells,535,839.0
Uninj_GCAGGCGTTTAA,Uninj,Uninjured,7,Pericytes/VSM,444,619.0
Uninj_ACCCTGACCCAA,Uninj,Uninjured,3,Mesenchymal cells,469,835.0
Uninj_ATCCGCTTACGG,Uninj,Uninjured,9,Schwann cells,526,790.0
Uninj_TTGAAGTTAGCA,Uninj,Uninjured,0,Mesenchymal cells,419,759.0
Uninj_TAGCCACATACC,Uninj,Uninjured,9,Schwann cells,361,608.0
Uninj_ATGGTATCCCGA,Uninj,Uninjured,7,Pericytes/VSM,490,794.0
Uninj_CGTGTGCGTCTT,Uninj,Uninjured,12,Schwann cells,655,1076.0
Uninj_AACTGGAGTAGA,Uninj,Uninjured,12,Schwann cells,532,833.0
Uninj_TTGACCGTGCCC,Uninj,Uninjured,1,Mesenchymal cells,529,960.0
Uninj_CCCACAAGTTCT,Uninj,Uninjured,2,Schwann cells,348,556.0
Uninj_CCTTTCAGCGCG,Uninj,Uninjured,0,Mesenchymal cells,483,817.0
Uninj_GATCGTTTCTCN,Uninj,Uninjured,4,Endothelial cells,527,779.0
Uninj_GCGTGGGAGCCC,Uninj,Uninjured,7,Pericytes/VSM,574,954.0
Uninj_TGCGTGCCTTGA,Uninj,Uninjured,7,Pericytes/VSM,559,858.0
Uninj_CATGGTTGTTTG,Uninj,Uninjured,3,Mesenchymal cells,380,768.0
Uninj_CCGTTACCCAGT,Uninj,Uninjured,17,Schwann cells,566,816.0
Uninj_GCAATGGAGTTA,Uninj,Uninjured,5,Endothelial cells,587,826.0
Uninj_CAGACCCCCTGA,Uninj,Uninjured,7,Pericytes/VSM,380,674.0
Uninj_GGCATTAGCTGT,Uninj,Uninjured,12,Schwann cells,543,892.0
Uninj_TACCGACGCCAT,Uninj,Uninjured,3,Mesenchymal cells,389,741.0
Uninj_AACAGATGTGGG,Uninj,Uninjured,0,Mesenchymal cells,518,978.0
Uninj_GAATGGTTCATC,Uninj,Uninjured,4,Endothelial cells,526,757.0
Uninj_TAAGCGATTGGC,Uninj,Uninjured,3,Mesenchymal cells,535,1029.0
Uninj_GACTAGACCCCG,Uninj,Uninjured,9,Schwann cells,511,912.0
Uninj_GCCGGGTGAAGT,Uninj,Uninjured,9,Schwann cells,526,857.0
Uninj_TTCAAGAGAATC,Uninj,Uninjured,0,Mesenchymal cells,435,802.0
Uninj_ATCGGCTGCCAT,Uninj,Uninjured,5,Endothelial cells,1317,2231.0
Uninj_CTAACGCCCCCN,Uninj,Uninjured,17,Schwann cells,521,1003.0
Uninj_AATGCCTGACAG,Uninj,Uninjured,12,Schwann cells,484,778.0
Uninj_ACTCCGATATGT,Uninj,Uninjured,10,Schwann cells,597,896.0
Uninj_TGTCGGCTTGCT,Uninj,Uninjured,17,Schwann cells,488,731.0
Uninj_CTCTTAAATATG,Uninj,Uninjured,12,Schwann cells,563,922.0
Uninj_CGCAAGGCCTAC,Uninj,Uninjured,1,Mesenchymal cells,536,855.0
Uninj_AAACTCCGAGAT,Uninj,Uninjured,9,Schwann cells,537,777.0
Uninj_TAGAGTAACGTC,Uninj,Uninjured,0,Mesenchymal cells,700,1156.0
Uninj_TAAGAACGTTCT,Uninj,Uninjured,12,Schwann cells,548,851.0
Uninj_AGCGAATTAATC,Uninj,Uninjured,2,Schwann cells,510,690.0
Uninj_AGACTGTTCATC,Uninj,Uninjured,11,Macrophages,454,743.0
Uninj_ATTGACGAACCT,Uninj,Uninjured,10,Schwann cells,528,729.0
Uninj_GTCTTAAGTACC,Uninj,Uninjured,0,Mesenchymal cells,479,760.0
Uninj_TCACGATAGCAG,Uninj,Uninjured,7,Pericytes/VSM,518,679.0
Uninj_CCGGTGTTTGAC,Uninj,Uninjured,0,Mesenchymal cells,492,996.0
Uninj_TCCAAACCTCTC,Uninj,Uninjured,2,Schwann cells,417,640.0
Uninj_TGTGTTAGACAC,Uninj,Uninjured,10,Schwann cells,676,1031.0
Uninj_CGAGTCGCACGG,Uninj,Uninjured,4,Endothelial cells,525,841.0
Uninj_TACGCCGCATAT,Uninj,Uninjured,13,Endothelial cells,540,840.0
Uninj_CTCGGAGCAAGG,Uninj,Uninjured,0,Mesenchymal cells,571,879.0
Uninj_AACTATTAGAGT,Uninj,Uninjured,1,Mesenchymal cells,653,1027.0
Uninj_CATGGCGCAACC,Uninj,Uninjured,3,Mesenchymal cells,662,1225.0
Uninj_TTGTTCTAAGCA,Uninj,Uninjured,7,Pericytes/VSM,498,715.0
Uninj_CACGTATCGAGG,Uninj,Uninjured,9,Schwann cells,671,1007.0
Uninj_ACATAAATTTTG,Uninj,Uninjured,7,Pericytes/VSM,251,428.0
Uninj_CAGTTTACCCCT,Uninj,Uninjured,6,Endothelial cells,1198,1830.0
Uninj_TCACTCCCCAAA,Uninj,Uninjured,7,Pericytes/VSM,486,790.0
Uninj_CATCATGCATCA,Uninj,Uninjured,15,Macrophages,365,744.0
Uninj_CAGGCGATTGCT,Uninj,Uninjured,10,Schwann cells,525,771.0
Uninj_CGGCCGCTGTTC,Uninj,Uninjured,4,Endothelial cells,441,716.0
Uninj_CTAGGCGCGGCG,Uninj,Uninjured,5,Endothelial cells,557,834.0
Uninj_ACGGATTCTGCG,Uninj,Uninjured,6,Endothelial cells,581,820.0
Uninj_TCGAGGTGAATT,Uninj,Uninjured,9,Schwann cells,620,973.0
Uninj_ATTCTCCCATAT,Uninj,Uninjured,9,Schwann cells,568,860.0
Uninj_GTATGACGTTGA,Uninj,Uninjured,17,Schwann cells,497,754.0
Uninj_AATCATATACCC,Uninj,Uninjured,7,Pericytes/VSM,602,846.0
Uninj_CTTCAGGCTGCC,Uninj,Uninjured,9,Schwann cells,392,551.0
Uninj_CCTGGGAGAGCA,Uninj,Uninjured,12,Schwann cells,560,947.0
Uninj_GGATCGGGCTAT,Uninj,Uninjured,10,Schwann cells,588,798.0
Uninj_ATGCTGGATTAG,Uninj,Uninjured,12,Schwann cells,539,766.0
Uninj_TAAGTATAATCC,Uninj,Uninjured,6,Endothelial cells,609,890.0
Uninj_CCTCTTCCTAGT,Uninj,Uninjured,3,Mesenchymal cells,384,586.0
Uninj_CTTCGCACGTTT,Uninj,Uninjured,7,Pericytes/VSM,262,451.0
Uninj_ACGAGCCTGCGG,Uninj,Uninjured,0,Mesenchymal cells,638,1105.0
Uninj_GACTTGTGGTGC,Uninj,Uninjured,17,Schwann cells,431,698.0
Uninj_CGGTAGCTAAGG,Uninj,Uninjured,5,Endothelial cells,635,972.0
Uninj_TATTCAAGCTGT,Uninj,Uninjured,17,Schwann cells,434,644.0
Uninj_TGACAGTCCTCT,Uninj,Uninjured,3,Mesenchymal cells,439,707.0
Uninj_TACTTACTCGTA,Uninj,Uninjured,13,Endothelial cells,420,586.0
Uninj_TCTCAGCTTCCC,Uninj,Uninjured,10,Schwann cells,404,645.0
Uninj_TGGTCCCCTAAN,Uninj,Uninjured,11,Macrophages,545,765.0
Uninj_GGTGGACATGAA,Uninj,Uninjured,11,Macrophages,624,1128.0
Uninj_TTTACTTGCTGG,Uninj,Uninjured,0,Mesenchymal cells,407,660.0
Uninj_AACCATTAGAAA,Uninj,Uninjured,7,Pericytes/VSM,468,686.0
Uninj_GTGCGAGAGACC,Uninj,Uninjured,2,Schwann cells,612,855.0
Uninj_TTCTGCCGACAA,Uninj,Uninjured,7,Pericytes/VSM,510,743.0
Uninj_GGGACTTCGCTG,Uninj,Uninjured,3,Mesenchymal cells,575,995.0
Uninj_GCATTTAGACCC,Uninj,Uninjured,7,Pericytes/VSM,485,656.0
Uninj_TTGGTAGGTTAA,Uninj,Uninjured,3,Mesenchymal cells,521,838.0
Uninj_GCGGAATATTCC,Uninj,Uninjured,10,Schwann cells,423,624.0
Uninj_ACAACGAGTAAA,Uninj,Uninjured,17,Schwann cells,503,852.0
Uninj_TGATGGCAAGCG,Uninj,Uninjured,9,Schwann cells,586,813.0
Uninj_GCTACGGCGGAG,Uninj,Uninjured,0,Mesenchymal cells,460,877.0
Uninj_TGTTCTCATGCC,Uninj,Uninjured,14,Lymphocytes,531,781.0
Uninj_ACCAGTTACACT,Uninj,Uninjured,7,Pericytes/VSM,474,715.0
Uninj_TATGAAGGTAGN,Uninj,Uninjured,7,Pericytes/VSM,416,735.0
Uninj_AAATACACTTCC,Uninj,Uninjured,4,Endothelial cells,427,642.0
Uninj_GTAAAATCTCGC,Uninj,Uninjured,3,Mesenchymal cells,409,682.0
Uninj_GGAACTCTCAGA,Uninj,Uninjured,10,Schwann cells,518,734.0
Uninj_GCGTGTCGAGGG,Uninj,Uninjured,14,Lymphocytes,549,883.0
Uninj_CGAGAGTGGCTT,Uninj,Uninjured,17,Schwann cells,466,713.0
Uninj_GGCACTGTGGCG,Uninj,Uninjured,1,Mesenchymal cells,731,1223.0
Uninj_TTATGTTATCGA,Uninj,Uninjured,6,Endothelial cells,543,792.0
Uninj_AGCTGTCGAATA,Uninj,Uninjured,6,Endothelial cells,477,683.0
Uninj_CTATGGCATGGG,Uninj,Uninjured,3,Mesenchymal cells,434,724.0
Uninj_CAGTTTAACCTN,Uninj,Uninjured,6,Endothelial cells,572,740.0
Uninj_GGAACCATCGAG,Uninj,Uninjured,17,Schwann cells,545,871.0
Uninj_TCATTCTCTTCT,Uninj,Uninjured,3,Mesenchymal cells,335,653.0
Uninj_ACACATTACAAT,Uninj,Uninjured,12,Schwann cells,489,854.0
Uninj_CTGTAGCTCCTT,Uninj,Uninjured,10,Schwann cells,435,644.0
Uninj_TCGCGTAAACAC,Uninj,Uninjured,3,Mesenchymal cells,425,724.0
Uninj_CCGGACGACCCA,Uninj,Uninjured,1,Mesenchymal cells,543,846.0
Uninj_CACTCTCCCATG,Uninj,Uninjured,12,Schwann cells,530,898.0
Uninj_GATAGGTCCAGT,Uninj,Uninjured,9,Schwann cells,429,660.0
Uninj_CTGAGGCCAAGG,Uninj,Uninjured,0,Mesenchymal cells,488,818.0
Uninj_CATTGTCAAGCC,Uninj,Uninjured,4,Endothelial cells,494,701.0
Uninj_CGAAGACATGGA,Uninj,Uninjured,7,Pericytes/VSM,429,666.0
Uninj_CCGGGTCCTACA,Uninj,Uninjured,6,Endothelial cells,478,737.0
Uninj_TAGGTATACACA,Uninj,Uninjured,4,Endothelial cells,548,806.0
Uninj_AATATTGAAACA,Uninj,Uninjured,7,Pericytes/VSM,315,474.0
Uninj_TTTACCCTCTGG,Uninj,Uninjured,0,Mesenchymal cells,383,643.0
Uninj_CATGGGGGCGAG,Uninj,Uninjured,1,Mesenchymal cells,682,1024.0
Uninj_GAGGCAGCCCCT,Uninj,Uninjured,9,Schwann cells,465,766.0
Uninj_AGGACGCTGTCG,Uninj,Uninjured,10,Schwann cells,574,845.0
Uninj_GATATACTCAGA,Uninj,Uninjured,7,Pericytes/VSM,341,506.0
Uninj_CTTGTAGGAACC,Uninj,Uninjured,6,Endothelial cells,448,650.0
Uninj_GTACAAGGTAAT,Uninj,Uninjured,7,Pericytes/VSM,393,554.0
Uninj_GCACAGACCATA,Uninj,Uninjured,7,Pericytes/VSM,410,653.0
Uninj_GCAGCTTCCACN,Uninj,Uninjured,4,Endothelial cells,457,638.0
Uninj_ACTCAGATCTGT,Uninj,Uninjured,11,Macrophages,596,915.0
Uninj_CGTACTGCCGCT,Uninj,Uninjured,6,Endothelial cells,550,892.0
Uninj_CGTGTGGTAAAC,Uninj,Uninjured,10,Schwann cells,579,829.0
Uninj_TGCTACATCACT,Uninj,Uninjured,6,Endothelial cells,548,827.0
Uninj_GACCCCACAACC,Uninj,Uninjured,10,Schwann cells,470,792.0
Uninj_CAGCATTTAGCT,Uninj,Uninjured,6,Endothelial cells,495,743.0
Uninj_ACAAGACGAAGC,Uninj,Uninjured,3,Mesenchymal cells,410,784.0
Uninj_TCCGAGAAGATT,Uninj,Uninjured,10,Schwann cells,389,563.0
Uninj_ATCAGCCTAAAC,Uninj,Uninjured,5,Endothelial cells,631,923.0
Uninj_TTATACCTTAAT,Uninj,Uninjured,8,Schwann cells,550,1005.0
Uninj_TGTGCAAGCGCA,Uninj,Uninjured,7,Pericytes/VSM,532,730.0
Uninj_CACGTGATCCAN,Uninj,Uninjured,4,Endothelial cells,518,750.0
Uninj_TAAACGATAGCA,Uninj,Uninjured,10,Schwann cells,517,758.0
Uninj_TAACTGGAATCT,Uninj,Uninjured,4,Endothelial cells,549,784.0
Uninj_AGGAATACGATG,Uninj,Uninjured,7,Pericytes/VSM,407,644.0
Uninj_TCGCTGTAGAAA,Uninj,Uninjured,10,Schwann cells,496,713.0
Uninj_TAAATGTTTACT,Uninj,Uninjured,7,Pericytes/VSM,425,682.0
Uninj_TGGAGGTGGAAA,Uninj,Uninjured,13,Endothelial cells,398,626.0
Uninj_GTCGTGATTGAN,Uninj,Uninjured,6,Endothelial cells,508,724.0
Uninj_CGTGTTACGGGG,Uninj,Uninjured,0,Mesenchymal cells,488,800.0
Uninj_TTGAGAGCGGGA,Uninj,Uninjured,0,Mesenchymal cells,467,815.0
Uninj_TGACCACTTATN,Uninj,Uninjured,3,Mesenchymal cells,423,723.0
Uninj_CCTCTAAGGCAG,Uninj,Uninjured,17,Schwann cells,389,579.0
Uninj_GTAGGGGTTGCA,Uninj,Uninjured,3,Mesenchymal cells,377,716.0
Uninj_AGGTATATCTGA,Uninj,Uninjured,9,Schwann cells,467,796.0
Uninj_GCTAGGGATAAT,Uninj,Uninjured,10,Schwann cells,495,750.0
Uninj_CGATTAAGGCCC,Uninj,Uninjured,7,Pericytes/VSM,486,735.0
Uninj_CTCTCACGCTTA,Uninj,Uninjured,3,Mesenchymal cells,310,685.0
Uninj_CACTGTTTATTG,Uninj,Uninjured,12,Schwann cells,452,825.0
Uninj_ATGCGTCTTCCC,Uninj,Uninjured,1,Mesenchymal cells,427,683.0
Uninj_TAGCTCCGGTCA,Uninj,Uninjured,17,Schwann cells,358,623.0
Uninj_ACCGTTAGGTCN,Uninj,Uninjured,17,Schwann cells,477,658.0
Uninj_GTCTACAGTGGN,Uninj,Uninjured,17,Schwann cells,497,750.0
Uninj_CGTCTTGTTGCC,Uninj,Uninjured,6,Endothelial cells,521,675.0
Uninj_CCACTACATCCC,Uninj,Uninjured,10,Schwann cells,436,623.0
Uninj_TTTACGACCCGG,Uninj,Uninjured,4,Endothelial cells,420,577.0
Uninj_GCGTTTCCATGA,Uninj,Uninjured,7,Pericytes/VSM,570,903.0
Uninj_CAGAAGAGTTAC,Uninj,Uninjured,5,Endothelial cells,485,687.0
Uninj_TCAAATTATTAG,Uninj,Uninjured,0,Mesenchymal cells,466,712.0
Uninj_TCAATTACCGGG,Uninj,Uninjured,9,Schwann cells,496,678.0
Uninj_AGCTCAAGCATT,Uninj,Uninjured,10,Schwann cells,463,661.0
Uninj_TCTTTTCGCGCN,Uninj,Uninjured,0,Mesenchymal cells,480,732.0
Uninj_AACGGCCTGTCC,Uninj,Uninjured,9,Schwann cells,435,667.0
Uninj_ATCCTAGCGGAA,Uninj,Uninjured,10,Schwann cells,325,497.0
Uninj_TCTTCACGTAGC,Uninj,Uninjured,0,Mesenchymal cells,417,641.0
Uninj_TCGCGTCTCGTC,Uninj,Uninjured,17,Schwann cells,436,712.0
Uninj_CTTCCTAATAGG,Uninj,Uninjured,17,Schwann cells,407,690.0
Uninj_GCCATGTTAGGC,Uninj,Uninjured,3,Mesenchymal cells,470,746.0
Uninj_GTGAATATTCCT,Uninj,Uninjured,12,Schwann cells,446,714.0
Uninj_GGGCCCCTACGA,Uninj,Uninjured,5,Endothelial cells,1187,1753.0
Uninj_CCACGTTGACCA,Uninj,Uninjured,9,Schwann cells,501,704.0
Uninj_CTCCTCATTCCG,Uninj,Uninjured,12,Schwann cells,387,649.0
Uninj_CGTAACACTTTA,Uninj,Uninjured,7,Pericytes/VSM,495,706.0
Uninj_CTTGTCAACGTA,Uninj,Uninjured,6,Endothelial cells,550,802.0
Uninj_CAGGCATGAACT,Uninj,Uninjured,7,Pericytes/VSM,401,567.0
Uninj_AACTTATCTCAA,Uninj,Uninjured,17,Schwann cells,368,557.0
Uninj_AATAGTTCAGCT,Uninj,Uninjured,10,Schwann cells,511,718.0
Uninj_CGGACACGTCAG,Uninj,Uninjured,17,Schwann cells,529,795.0
Uninj_ACCCCTGTGGGA,Uninj,Uninjured,10,Schwann cells,608,874.0
Uninj_CTCTACGATTCC,Uninj,Uninjured,3,Mesenchymal cells,302,597.0
Uninj_GGGTCCATTAGC,Uninj,Uninjured,12,Schwann cells,387,705.0
Uninj_TTCGAACTCATC,Uninj,Uninjured,9,Schwann cells,462,685.0
Uninj_TGCCGGTAAAAC,Uninj,Uninjured,13,Endothelial cells,401,561.0
Uninj_GGCTGAGCAGTG,Uninj,Uninjured,4,Endothelial cells,435,636.0
Uninj_GAACGGTAGCCG,Uninj,Uninjured,7,Pericytes/VSM,344,534.0
Uninj_GTTTTTATAGCG,Uninj,Uninjured,0,Mesenchymal cells,416,587.0
Uninj_TGGATCTCGATA,Uninj,Uninjured,7,Pericytes/VSM,496,718.0
Uninj_TAGATCCTCCAG,Uninj,Uninjured,10,Schwann cells,508,791.0
Uninj_TACTACCGCTGT,Uninj,Uninjured,4,Endothelial cells,445,666.0
Uninj_TACCGACTATTA,Uninj,Uninjured,10,Schwann cells,453,674.0
Uninj_GGGATAACTCAT,Uninj,Uninjured,3,Mesenchymal cells,352,516.0
Uninj_ATAGTGGCACAC,Uninj,Uninjured,12,Schwann cells,468,845.0
Uninj_CATTCTCTTCGC,Uninj,Uninjured,2,Schwann cells,381,545.0
Uninj_TCGCACTGGCGC,Uninj,Uninjured,0,Mesenchymal cells,351,501.0
Uninj_GCGCCTTGTGTC,Uninj,Uninjured,5,Endothelial cells,759,1056.0
Uninj_AACTGTTTTGCG,Uninj,Uninjured,4,Endothelial cells,493,744.0
Uninj_GGACTGCATGTG,Uninj,Uninjured,5,Endothelial cells,519,763.0
Uninj_ACGTCCCCTAAC,Uninj,Uninjured,12,Schwann cells,389,576.0
Uninj_ACTAATCTATAT,Uninj,Uninjured,1,Mesenchymal cells,345,531.0
Uninj_CAAAAGCCTAAC,Uninj,Uninjured,8,Schwann cells,276,805.0
Uninj_CGGAATTTCGCA,Uninj,Uninjured,13,Endothelial cells,393,533.0
Uninj_CGCGAGTCCCTA,Uninj,Uninjured,5,Endothelial cells,409,630.0
Uninj_GGATTTATGGCT,Uninj,Uninjured,6,Endothelial cells,403,683.0
Uninj_TAATTTCCTTAT,Uninj,Uninjured,0,Mesenchymal cells,491,720.0
Uninj_CTAAATGGATTT,Uninj,Uninjured,10,Schwann cells,410,589.0
Uninj_ATCCCAACAATG,Uninj,Uninjured,10,Schwann cells,389,546.0
Uninj_CGAAGTTTCTGA,Uninj,Uninjured,4,Endothelial cells,454,654.0
Uninj_GATCATCAGTTG,Uninj,Uninjured,5,Endothelial cells,683,909.0
Uninj_GGACCGCATCTA,Uninj,Uninjured,3,Mesenchymal cells,455,808.0
Uninj_TGGCGCTATAAT,Uninj,Uninjured,10,Schwann cells,532,816.0
Uninj_CTGCCCGATACT,Uninj,Uninjured,6,Endothelial cells,514,803.0
Uninj_ACAGAACAGTGC,Uninj,Uninjured,7,Pericytes/VSM,539,767.0
Uninj_GAAGTTCGCCGC,Uninj,Uninjured,5,Endothelial cells,481,690.0
Uninj_GGCTGACATGGA,Uninj,Uninjured,14,Lymphocytes,413,553.0
Uninj_AGATGTACCGTC,Uninj,Uninjured,13,Endothelial cells,468,721.0
Uninj_AAGTTGGGAAAG,Uninj,Uninjured,1,Mesenchymal cells,470,727.0
Uninj_CTGGATGTCGCA,Uninj,Uninjured,7,Pericytes/VSM,356,521.0
Uninj_AGTCCACCGACC,Uninj,Uninjured,6,Endothelial cells,562,923.0
Uninj_TCCCAAATACCT,Uninj,Uninjured,10,Schwann cells,436,594.0
Uninj_GCTATGGATCTT,Uninj,Uninjured,9,Schwann cells,381,611.0
Uninj_CGATTATTCACC,Uninj,Uninjured,4,Endothelial cells,420,586.0
Uninj_AGGTTTTCCAAG,Uninj,Uninjured,6,Endothelial cells,417,602.0
Uninj_CCCCTAGCTGCT,Uninj,Uninjured,7,Pericytes/VSM,301,522.0
Uninj_ATCAGAATAAAN,Uninj,Uninjured,1,Mesenchymal cells,548,767.0
Uninj_GTTTCATCGCAC,Uninj,Uninjured,0,Mesenchymal cells,315,605.0
Uninj_CTGGCCCATAAA,Uninj,Uninjured,0,Mesenchymal cells,490,717.0
Uninj_TGTAATTATTAG,Uninj,Uninjured,1,Mesenchymal cells,404,610.0
Uninj_CGTAACCATAGN,Uninj,Uninjured,17,Schwann cells,434,611.0
Uninj_AAGGCGCCGAGT,Uninj,Uninjured,3,Mesenchymal cells,445,718.0
Uninj_TGTTGAATACGG,Uninj,Uninjured,12,Schwann cells,469,749.0
Uninj_TTAGGGGAATAT,Uninj,Uninjured,1,Mesenchymal cells,502,706.0
Uninj_TGCCCAGAGTGT,Uninj,Uninjured,10,Schwann cells,378,542.0
Uninj_TGGGTCTAACTG,Uninj,Uninjured,0,Mesenchymal cells,474,859.0
Uninj_GAGTAGCACTCN,Uninj,Uninjured,0,Mesenchymal cells,413,706.0
Uninj_ACCTTAGGCATC,Uninj,Uninjured,1,Mesenchymal cells,667,1001.0
Uninj_TCCCTCAGACTC,Uninj,Uninjured,0,Mesenchymal cells,307,676.0
Uninj_ATCTGCTTGCTA,Uninj,Uninjured,4,Endothelial cells,466,631.0
Uninj_TTCCGTTCTAAC,Uninj,Uninjured,1,Mesenchymal cells,741,1208.0
Uninj_TTTTGCAGTGGC,Uninj,Uninjured,7,Pericytes/VSM,340,506.0
Uninj_GCGTTACCTAAG,Uninj,Uninjured,4,Endothelial cells,489,645.0
Uninj_TTAGCCGCAAGC,Uninj,Uninjured,17,Schwann cells,420,584.0
Uninj_GATAGTAGGAAA,Uninj,Uninjured,9,Schwann cells,341,498.0
Uninj_CCACAATCTTTN,Uninj,Uninjured,3,Mesenchymal cells,294,473.0
Uninj_CGAACATTCGGG,Uninj,Uninjured,0,Mesenchymal cells,498,776.0
Uninj_GTAGTCGGCCTT,Uninj,Uninjured,0,Mesenchymal cells,399,637.0
Uninj_GCCGACTATAAG,Uninj,Uninjured,17,Schwann cells,459,642.0
Uninj_AAACCTAGTATC,Uninj,Uninjured,10,Schwann cells,381,567.0
Uninj_AAGGCCATAGTT,Uninj,Uninjured,17,Schwann cells,324,470.0
Uninj_TGACTCACAGCA,Uninj,Uninjured,17,Schwann cells,267,488.0
Uninj_AAATGAGTGTGG,Uninj,Uninjured,9,Schwann cells,483,731.0
Uninj_TAGAAATCATAT,Uninj,Uninjured,6,Endothelial cells,378,455.0
Uninj_ATATGGACTTTT,Uninj,Uninjured,17,Schwann cells,353,542.0
Uninj_GGAAAACAAACT,Uninj,Uninjured,17,Schwann cells,264,371.0
Uninj_GTCCGGACTTTC,Uninj,Uninjured,12,Schwann cells,383,542.0
Uninj_TGCTGATGAACC,Uninj,Uninjured,9,Schwann cells,501,705.0
Uninj_TGGTTGGTATCG,Uninj,Uninjured,8,Schwann cells,334,762.0
Uninj_TCCTTTATGAGA,Uninj,Uninjured,13,Endothelial cells,412,599.0
Uninj_CGGAAAAAGCCC,Uninj,Uninjured,4,Endothelial cells,421,593.0
Uninj_GCGTGGGTCGGT,Uninj,Uninjured,17,Schwann cells,456,929.0
Uninj_TCTTTGATTCCT,Uninj,Uninjured,7,Pericytes/VSM,452,579.0
Uninj_AGCCGTGCTAAT,Uninj,Uninjured,7,Pericytes/VSM,456,729.0
Uninj_GGTAGCTGAGAG,Uninj,Uninjured,13,Endothelial cells,475,672.0
Uninj_TTGTAGAGTAGG,Uninj,Uninjured,7,Pericytes/VSM,499,699.0
Uninj_AGGGACGACGAN,Uninj,Uninjured,0,Mesenchymal cells,409,831.0
Uninj_CCAGATACTGTG,Uninj,Uninjured,10,Schwann cells,439,673.0
Uninj_ATGAGGCTATCT,Uninj,Uninjured,0,Mesenchymal cells,345,702.0
Uninj_ACGAGACGTCTA,Uninj,Uninjured,3,Mesenchymal cells,384,580.0
Uninj_GGTAAGGAATAC,Uninj,Uninjured,7,Pericytes/VSM,245,457.0
Uninj_CTCGACTCCCTA,Uninj,Uninjured,17,Schwann cells,404,562.0
Uninj_TGCAACAAGGTG,Uninj,Uninjured,7,Pericytes/VSM,462,696.0
Uninj_CTCCCATCCGAC,Uninj,Uninjured,17,Schwann cells,415,655.0
Uninj_TCATTAAGCTAA,Uninj,Uninjured,5,Endothelial cells,322,439.0
Uninj_TTTCGGATTCCN,Uninj,Uninjured,3,Mesenchymal cells,297,493.0
Uninj_ACTCCTAAAGTC,Uninj,Uninjured,3,Mesenchymal cells,336,592.0
Uninj_GGCTTTGTAGGT,Uninj,Uninjured,6,Endothelial cells,486,701.0
Uninj_ATCATGCTGCTT,Uninj,Uninjured,17,Schwann cells,482,683.0
Uninj_CTTTCGAACCTC,Uninj,Uninjured,7,Pericytes/VSM,215,362.0
Uninj_CACCGACTCTAC,Uninj,Uninjured,0,Mesenchymal cells,223,385.0
Uninj_AGCACGATACCG,Uninj,Uninjured,5,Endothelial cells,382,535.0
Uninj_GCCGTTCAATGT,Uninj,Uninjured,10,Schwann cells,455,742.0
Uninj_TCATACAGAAGT,Uninj,Uninjured,0,Mesenchymal cells,375,632.0
Uninj_CGGGAGTAGCAA,Uninj,Uninjured,17,Schwann cells,539,821.0
Uninj_GGAGTCCCAGGC,Uninj,Uninjured,13,Endothelial cells,359,546.0
Uninj_GTGGCGATGTAT,Uninj,Uninjured,4,Endothelial cells,396,527.0
Uninj_CTGGCTACGGGA,Uninj,Uninjured,7,Pericytes/VSM,419,638.0
Uninj_TCATGATATCTC,Uninj,Uninjured,6,Endothelial cells,437,563.0
Uninj_TGTGACAGTCAN,Uninj,Uninjured,10,Schwann cells,363,558.0
Uninj_ACTGCTTAGTGC,Uninj,Uninjured,6,Endothelial cells,1394,2343.0
Uninj_CGTTAGTGAGTG,Uninj,Uninjured,7,Pericytes/VSM,378,578.0
Uninj_GCCGTAACTTGA,Uninj,Uninjured,1,Mesenchymal cells,405,627.0
Uninj_CTCAATAAAGCA,Uninj,Uninjured,5,Endothelial cells,267,380.0
Uninj_AGCTGAGCACCG,Uninj,Uninjured,12,Schwann cells,278,443.0
Uninj_TAACCGAACTCA,Uninj,Uninjured,2,Schwann cells,300,466.0
Uninj_CTCTTGCCTAGC,Uninj,Uninjured,6,Endothelial cells,345,482.0
Uninj_ATTATGCCCATT,Uninj,Uninjured,9,Schwann cells,487,773.0
Uninj_TAGGTTGCTGGG,Uninj,Uninjured,0,Mesenchymal cells,425,765.0
Uninj_GACCTTAGTGAG,Uninj,Uninjured,4,Endothelial cells,368,522.0
Uninj_ACGACCTGAAGG,Uninj,Uninjured,17,Schwann cells,397,511.0
Uninj_TTAGCGTGCCTA,Uninj,Uninjured,3,Mesenchymal cells,316,532.0
Uninj_CGGATAGATAGC,Uninj,Uninjured,1,Mesenchymal cells,427,588.0
Uninj_CACTGTCGAGTG,Uninj,Uninjured,0,Mesenchymal cells,317,542.0
Uninj_GGAGTCGACTTC,Uninj,Uninjured,9,Schwann cells,326,549.0
Uninj_TTGCTGAAGGTG,Uninj,Uninjured,5,Endothelial cells,383,543.0
Uninj_ATACGTGAGTTT,Uninj,Uninjured,17,Schwann cells,343,469.0
Uninj_TGATCTTGCATC,Uninj,Uninjured,4,Endothelial cells,385,569.0
Uninj_CGTATTGAAGGG,Uninj,Uninjured,14,Lymphocytes,263,353.0
Uninj_GAGGTATCTCAC,Uninj,Uninjured,9,Schwann cells,350,602.0
Uninj_GCCTTTATTTTG,Uninj,Uninjured,7,Pericytes/VSM,315,508.0
Uninj_GGTGCTCAATTA,Uninj,Uninjured,12,Schwann cells,383,669.0
Uninj_ACACGGGGACAG,Uninj,Uninjured,4,Endothelial cells,791,1137.0
Uninj_GTGGTATCGGTA,Uninj,Uninjured,7,Pericytes/VSM,374,529.0
Uninj_ACCGATTCCAGT,Uninj,Uninjured,3,Mesenchymal cells,268,533.0
Uninj_CTGCGACCCGCA,Uninj,Uninjured,12,Schwann cells,395,675.0
Uninj_TGATGACTGGGA,Uninj,Uninjured,1,Mesenchymal cells,425,683.0
Uninj_AATGTCATCCCG,Uninj,Uninjured,9,Schwann cells,453,670.0
Uninj_AATGCAAATTTT,Uninj,Uninjured,17,Schwann cells,248,360.0
Uninj_TCAATACGTGCG,Uninj,Uninjured,7,Pericytes/VSM,286,451.0
Uninj_AGTGGGTTCCGA,Uninj,Uninjured,1,Mesenchymal cells,420,572.0
Uninj_AATTACCGCGCG,Uninj,Uninjured,4,Endothelial cells,267,358.0
Uninj_TGCTCACTTAAA,Uninj,Uninjured,17,Schwann cells,268,421.0
Uninj_CGGCTACAGCTT,Uninj,Uninjured,3,Mesenchymal cells,262,442.0
Uninj_GTGAGGCACACT,Uninj,Uninjured,17,Schwann cells,284,445.0
Uninj_TACTAAGAAAAT,Uninj,Uninjured,0,Mesenchymal cells,314,511.0
Uninj_CATAATTGTCTN,Uninj,Uninjured,1,Mesenchymal cells,537,826.0
Uninj_CACTGGTTAGCC,Uninj,Uninjured,6,Endothelial cells,395,527.0
Uninj_ATACTCTAATCG,Uninj,Uninjured,12,Schwann cells,387,676.0
Uninj_GAATGATTCGCA,Uninj,Uninjured,17,Schwann cells,331,427.0
Uninj_AGAGAACATGAG,Uninj,Uninjured,3,Mesenchymal cells,352,603.0
Uninj_CTGCGGGGGGCA,Uninj,Uninjured,4,Endothelial cells,358,480.0
Uninj_GGACACTTTGGG,Uninj,Uninjured,13,Endothelial cells,310,802.0
Uninj_CTACCCGAGGTG,Uninj,Uninjured,3,Mesenchymal cells,349,512.0
Uninj_CACCCCTGGCTA,Uninj,Uninjured,13,Endothelial cells,580,867.0
Uninj_CCTGATTTCAAA,Uninj,Uninjured,5,Endothelial cells,481,646.0
Uninj_AACGAACTGCCA,Uninj,Uninjured,6,Endothelial cells,420,616.0
Uninj_CCACAAGTGACN,Uninj,Uninjured,3,Mesenchymal cells,263,561.0
Uninj_AAGAGACTTCTC,Uninj,Uninjured,6,Endothelial cells,356,480.0
Uninj_ATAATCGCGCGG,Uninj,Uninjured,17,Schwann cells,402,569.0
Uninj_ATAGGCTGACTC,Uninj,Uninjured,1,Mesenchymal cells,243,342.0
Uninj_CACGCTGGGCAT,Uninj,Uninjured,13,Endothelial cells,429,666.0
Uninj_GGCCTAGTGTTG,Uninj,Uninjured,12,Schwann cells,380,589.0
Uninj_TGTTGATAATAC,Uninj,Uninjured,3,Mesenchymal cells,458,787.0
Uninj_CACTGGAGGCGC,Uninj,Uninjured,6,Endothelial cells,425,600.0
Uninj_TGAAACTGCCCA,Uninj,Uninjured,3,Mesenchymal cells,317,525.0
Uninj_TCCTTTTAAACG,Uninj,Uninjured,9,Schwann cells,327,469.0
Uninj_AAGATTTGTCGG,Uninj,Uninjured,1,Mesenchymal cells,269,373.0
Uninj_GTAGTTTGACAT,Uninj,Uninjured,6,Endothelial cells,421,555.0
Uninj_GGTGAGGACACC,Uninj,Uninjured,12,Schwann cells,449,707.0
Uninj_TCGCCCGCGACT,Uninj,Uninjured,4,Endothelial cells,354,522.0
Uninj_AGCGGTGCTAGC,Uninj,Uninjured,17,Schwann cells,461,630.0
Uninj_ACAATGTGCGTC,Uninj,Uninjured,17,Schwann cells,398,573.0
Uninj_TCTGGGTTGTCN,Uninj,Uninjured,10,Schwann cells,257,356.0
Uninj_CTCGACATGCCG,Uninj,Uninjured,7,Pericytes/VSM,322,439.0
Uninj_GACGTCATATCT,Uninj,Uninjured,3,Mesenchymal cells,217,392.0
Uninj_CCGGCCTGGATC,Uninj,Uninjured,17,Schwann cells,350,522.0
Uninj_CATACGCTTATT,Uninj,Uninjured,1,Mesenchymal cells,663,1005.0
Uninj_GAGATACGCCAC,Uninj,Uninjured,3,Mesenchymal cells,217,353.0
Uninj_CTATGTAAAAAT,Uninj,Uninjured,7,Pericytes/VSM,368,491.0
Uninj_TATCAGCCAGTA,Uninj,Uninjured,17,Schwann cells,306,458.0
Uninj_ACTAGAGCGCTT,Uninj,Uninjured,7,Pericytes/VSM,333,441.0
Uninj_GGTAGGTGAATA,Uninj,Uninjured,7,Pericytes/VSM,264,354.0
Uninj_ACGTGGCACCGG,Uninj,Uninjured,7,Pericytes/VSM,406,647.0
Uninj_GCAGCAGGGGAT,Uninj,Uninjured,0,Mesenchymal cells,406,577.0
Uninj_ATTCGGGACCCC,Uninj,Uninjured,17,Schwann cells,370,519.0
Uninj_GTCTCACACGCT,Uninj,Uninjured,0,Mesenchymal cells,355,542.0
Uninj_CATGTTCTCATT,Uninj,Uninjured,4,Endothelial cells,350,482.0
Uninj_CATAGGTCCTGT,Uninj,Uninjured,0,Mesenchymal cells,261,393.0
Uninj_TGCTACTCCACC,Uninj,Uninjured,17,Schwann cells,347,497.0
Uninj_CGGTTCTAGAGT,Uninj,Uninjured,0,Mesenchymal cells,372,591.0
