collection_id,collection_name,doi,published_at,dataset_id,dataset_version_id,cell_count,species,tissue,disease,assay,suspension,matched_cell_types,all_cell_types,assets,collection_url
3a5dbf8a-9b3e-4309-b4c5-d8a024f83734,Bronchopulmonary Dysplasia,,2025-02-03T17:14:54+00:00,d68a8b48-abf0-4bd5-8834-155d34ec448a,83bbeaaf-f5e0-42ac-be8a-dbc4e0c0d433,271381,Homo sapiens,middle lobe of right lung,bronchopulmonary dysplasia|normal,10x 3' v3,nucleus,pulmonary neuroendocrine cell,"B cell|CD8-positive, alpha-beta cytotoxic T cell|alveolar adventitial fibroblast|alveolar capillary type 1 endothelial cell|alveolar capillary type 2 endothelial cell|alveolar macrophage|alveolar type 1 fibroblast cell|basal cell|brush cell of tracheobronchial tree|ciliated cell|classical monocyte|conventional dendritic cell|endothelial cell of artery|endothelial cell of respiratory system lymphatic vessel|goblet cell|helper T cell|lung interstitial macrophage|lung megakaryocyte|lung secretory cell|mast cell|mature conventional dendritic cell|mesothelial cell of pleura|mucus secreting cell of tracheobronchial tree submucosal gland|natural killer cell|non-classical monocyte|pericyte|plasma cell|plasmacytoid dendritic cell|pulmonary alveolar type 1 cell|pulmonary alveolar type 2 cell|pulmonary neuroendocrine cell|regulatory T cell|secondary crest myofibroblast|secretory cell|serous secreting cell|tracheobronchial smooth muscle cell|vascular associated smooth muscle cell|vein endothelial cell|vein endothelial cell of respiratory system",https://datasets.cellxgene.cziscience.com/83bbeaaf-f5e0-42ac-be8a-dbc4e0c0d433.h5ad,https://cellxgene.cziscience.com/collections/3a5dbf8a-9b3e-4309-b4c5-d8a024f83734
7f7fdf50-aa0e-4a6f-979c-53655cac9d5d,IBDverse: Cell type-resolved genetic variation shapes inflammatory bowel disease risk,10.1038/s41586-026-10627-z,2026-06-08T20:30:06+00:00,0e5c75da-7bc9-4a2c-83fc-ef1e378bd5f9,e3460364-c300-4616-9923-3a0224894998,1852681,Homo sapiens,blood|ileum|rectum,Crohn disease|normal,10x 3' v3,cell,enterochromaffin-like cell|glial cell|intestinal enteroendocrine cell,"B cell|BEST4+ colonocyte|BEST4+ enterocyte|CD4-positive, CD25-positive, alpha-beta regulatory T cell|CD4-positive, alpha-beta T cell|CD4-positive, alpha-beta memory T cell|CD4-positive, alpha-beta memory T cell, CD45RO-positive|CD8-positive, alpha-beta memory T cell, CD45RO-positive|anorectum goblet cell|central memory CD4-positive, alpha-beta T cell|classical monocyte|colonocyte|conventional dendritic cell|double negative thymocyte|early colonocyte|effector memory CD8-positive, alpha-beta T cell|effector memory CD8-positive, alpha-beta T cell, terminally differentiated|enterochromaffin-like cell|enterocyte of epithelium proper of ileum|fibroblast|gamma-delta T cell|glial cell|granzyme K-associated CD8 T cell|gut endothelial cell|ileal goblet cell|innate lymphoid cell|intermediate monocyte|intestinal crypt stem cell of colon|intestinal crypt stem cell of small intestine|intestinal enteroendocrine cell|intestinal tuft cell|mast cell|memory B cell|monocyte|myofibroblast cell|naive B cell|naive thymus-derived CD8-positive, alpha-beta T cell|natural killer cell|non-classical monocyte|paneth cell of epithelium of small intestine|pericyte|plasma cell|plasmablast|plasmacytoid dendritic cell|platelet|subepithelial intestinal fibroblast|tissue-resident macrophage|vascular associated smooth muscle cell",https://datasets.cellxgene.cziscience.com/e3460364-c300-4616-9923-3a0224894998.h5ad,https://cellxgene.cziscience.com/collections/7f7fdf50-aa0e-4a6f-979c-53655cac9d5d
43d4bb39-21af-4d05-b973-4c1fed7b916c,Transcriptional Programming of Normal and Inflamed Human Epidermis at Single-Cell Resolution,10.1016/j.celrep.2018.09.006,2022-10-31T18:01:30+00:00,f512b8b6-369d-4a85-a695-116e0806857f,688f626d-bb26-40dd-8465-83022a5b2c5f,68036,Homo sapiens,skin of prepuce of penis|skin of scalp|skin of trunk,normal,10x 3' v2,cell,Merkel cell,Merkel cell|basal cell of epidermis|granular cell of epidermis|hair follicular keratinocyte|hematopoietic cell|keratinocyte|melanocyte|spinous cell of epidermis,https://datasets.cellxgene.cziscience.com/688f626d-bb26-40dd-8465-83022a5b2c5f.h5ad,https://cellxgene.cziscience.com/collections/43d4bb39-21af-4d05-b973-4c1fed7b916c
68cba939-4e72-4405-80ef-512a05044fba,Profiling the heterogeneity of colorectal cancer consensus molecular subtypes using spatial transcriptomics,10.1038/s41698-023-00488-4,2024-08-15T15:41:10+00:00,f7af19e4-fc64-46d0-ab3c-d4f70dd670f4,7a9397d6-dbd5-400e-bd35-e31793ade49c,4992,Homo sapiens,rectosigmoid junction,colorectal cancer,Visium Spatial Gene Expression V1,na,enteroglial cell,"B cell|CD4-positive, alpha-beta T cell|CD8-positive, alpha-beta T cell|IgG plasma cell|M1 macrophage|T follicular helper cell|conventional dendritic cell|endothelial stalk cell|endothelial tip cell|enterocyte|enteroglial cell|goblet cell|macrophage|malignant cell|mast cell|myofibroblast cell|pericyte|regulatory T cell|smooth muscle cell|stromal cell|transit amplifying cell of colon|unknown",https://datasets.cellxgene.cziscience.com/7a9397d6-dbd5-400e-bd35-e31793ade49c.h5ad,https://cellxgene.cziscience.com/collections/68cba939-4e72-4405-80ef-512a05044fba
68cba939-4e72-4405-80ef-512a05044fba,Profiling the heterogeneity of colorectal cancer consensus molecular subtypes using spatial transcriptomics,10.1038/s41698-023-00488-4,2024-08-15T15:41:10+00:00,a73f7983-c94b-4005-aaed-30d35b61688a,7e26f8dc-2b00-4b6a-9f1f-25a1ba853599,4992,Homo sapiens,caecum,colorectal cancer,Visium Spatial Gene Expression V1,na,enteroglial cell,"B cell|CD4-positive, alpha-beta T cell|CD8-positive, alpha-beta T cell|M1 macrophage|T follicular helper cell|conventional dendritic cell|endothelial cell|endothelial stalk cell|endothelial tip cell|enterocyte|enteroglial cell|gamma-delta T cell|goblet cell|macrophage|malignant cell|mast cell|myofibroblast cell|pericyte|regulatory T cell|smooth muscle cell|stromal cell|transit amplifying cell of colon|unknown",https://datasets.cellxgene.cziscience.com/7e26f8dc-2b00-4b6a-9f1f-25a1ba853599.h5ad,https://cellxgene.cziscience.com/collections/68cba939-4e72-4405-80ef-512a05044fba
68cba939-4e72-4405-80ef-512a05044fba,Profiling the heterogeneity of colorectal cancer consensus molecular subtypes using spatial transcriptomics,10.1038/s41698-023-00488-4,2024-08-15T15:41:10+00:00,7ba1a805-0afe-4264-b21e-0ce2ef1aa3bd,caed233d-e71f-4db2-9bac-d306f8828544,4992,Homo sapiens,rectum,colorectal cancer,Visium Spatial Gene Expression V1,na,enteroglial cell,"B cell|CD4-positive, alpha-beta T cell|CD8-positive, alpha-beta T cell|IgA plasma cell|IgG plasma cell|M1 macrophage|T follicular helper cell|conventional dendritic cell|endothelial cell of lymphatic vessel|endothelial stalk cell|endothelial tip cell|enterocyte|enteroglial cell|goblet cell|macrophage|malignant cell|mast cell|myofibroblast cell|pericyte|regulatory T cell|smooth muscle cell|stromal cell|transit amplifying cell of colon|unknown",https://datasets.cellxgene.cziscience.com/caed233d-e71f-4db2-9bac-d306f8828544.h5ad,https://cellxgene.cziscience.com/collections/68cba939-4e72-4405-80ef-512a05044fba
68cba939-4e72-4405-80ef-512a05044fba,Profiling the heterogeneity of colorectal cancer consensus molecular subtypes using spatial transcriptomics,10.1038/s41698-023-00488-4,2024-08-15T15:41:10+00:00,74e80fd1-d9cd-4132-af0f-9c5d37489392,447b545b-e3ca-43b0-bb0b-022bf5c6c47d,4992,Homo sapiens,sigmoid colon,colorectal cancer,Visium Spatial Gene Expression V1,na,enteroglial cell,"CD8-positive, alpha-beta T cell|IgG plasma cell|M1 macrophage|endothelial stalk cell|enterocyte|enteroglial cell|macrophage|malignant cell|mast cell|myofibroblast cell|pericyte|smooth muscle cell|stromal cell|unknown",https://datasets.cellxgene.cziscience.com/447b545b-e3ca-43b0-bb0b-022bf5c6c47d.h5ad,https://cellxgene.cziscience.com/collections/68cba939-4e72-4405-80ef-512a05044fba
68cba939-4e72-4405-80ef-512a05044fba,Profiling the heterogeneity of colorectal cancer consensus molecular subtypes using spatial transcriptomics,10.1038/s41698-023-00488-4,2024-08-15T15:41:10+00:00,729f397a-0812-4b52-a7d1-b377107ffb41,a316235e-621b-4c0f-88d2-e4edba3dc1b0,4992,Homo sapiens,right colon,colorectal cancer,Visium Spatial Gene Expression V1,na,enteroglial cell,"B cell|CD4-positive, alpha-beta T cell|CD8-positive, alpha-beta T cell|IgG plasma cell|M1 macrophage|T follicular helper cell|conventional dendritic cell|endothelial cell of lymphatic vessel|enterocyte|enteroglial cell|goblet cell|macrophage|malignant cell|mast cell|myofibroblast cell|natural killer cell|pericyte|regulatory T cell|smooth muscle cell|stromal cell|transit amplifying cell of colon|unknown",https://datasets.cellxgene.cziscience.com/a316235e-621b-4c0f-88d2-e4edba3dc1b0.h5ad,https://cellxgene.cziscience.com/collections/68cba939-4e72-4405-80ef-512a05044fba
68cba939-4e72-4405-80ef-512a05044fba,Profiling the heterogeneity of colorectal cancer consensus molecular subtypes using spatial transcriptomics,10.1038/s41698-023-00488-4,2024-08-15T15:41:10+00:00,297b5b89-6197-4135-acff-501c8d4199d0,9ff3a1ac-8e44-4c39-a578-e2ab93853b6c,4992,Homo sapiens,rectosigmoid junction,colorectal cancer,Visium Spatial Gene Expression V1,na,enteroglial cell,"B cell|CD4-positive, alpha-beta T cell|CD8-positive, alpha-beta T cell|IgA plasma cell|IgG plasma cell|M1 macrophage|T follicular helper cell|conventional dendritic cell|endothelial cell|endothelial cell of lymphatic vessel|endothelial stalk cell|endothelial tip cell|enterocyte|enteroglial cell|goblet cell|macrophage|malignant cell|mast cell|myofibroblast cell|natural killer cell|pericyte|regulatory T cell|smooth muscle cell|stromal cell|transit amplifying cell of colon|unknown",https://datasets.cellxgene.cziscience.com/9ff3a1ac-8e44-4c39-a578-e2ab93853b6c.h5ad,https://cellxgene.cziscience.com/collections/68cba939-4e72-4405-80ef-512a05044fba
68cba939-4e72-4405-80ef-512a05044fba,Profiling the heterogeneity of colorectal cancer consensus molecular subtypes using spatial transcriptomics,10.1038/s41698-023-00488-4,2024-08-15T15:41:10+00:00,15b98664-a52b-4877-aed9-03f4d73d2d2c,4f43fbfe-b88a-4010-9d5f-359afafe80e0,4992,Homo sapiens,rectum,colorectal cancer,Visium Spatial Gene Expression V1,na,enteroglial cell,"B cell|CD4-positive, alpha-beta T cell|CD8-positive, alpha-beta T cell|IgA plasma cell|IgG plasma cell|conventional dendritic cell|endothelial cell of lymphatic vessel|endothelial stalk cell|endothelial tip cell|enterocyte|enteroglial cell|goblet cell|macrophage|malignant cell|mast cell|myofibroblast cell|pericyte|regulatory T cell|smooth muscle cell|stromal cell|transit amplifying cell of colon|unknown",https://datasets.cellxgene.cziscience.com/4f43fbfe-b88a-4010-9d5f-359afafe80e0.h5ad,https://cellxgene.cziscience.com/collections/68cba939-4e72-4405-80ef-512a05044fba
03608e22-227a-4492-910b-3cb3f16f952e,iPain atlas,10.1038/s41467-024-52052-8,2024-07-19T16:00:52+00:00,facc0385-978b-4a16-a9ec-c7961292e10f,cdca77c2-db26-431a-9f51-36cfb7675b87,14057,Mus musculus,trigeminal ganglion,normal|peripheral neuropathy,10x 3' v3|BD Rhapsody Whole Transcriptome Analysis|Drop-seq|Smart-seq3|inDrop,cell|nucleus,trigeminal neuron,trigeminal neuron,https://datasets.cellxgene.cziscience.com/cdca77c2-db26-431a-9f51-36cfb7675b87.h5ad,https://cellxgene.cziscience.com/collections/03608e22-227a-4492-910b-3cb3f16f952e
03608e22-227a-4492-910b-3cb3f16f952e,iPain atlas,10.1038/s41467-024-52052-8,2024-07-19T16:00:52+00:00,f8c4782a-5be8-4de6-81b6-ec57ead9c7b5,cd8f7735-09d8-4f58-b4d0-820184dc1b6b,70963,Mus musculus,dorsal root ganglion,"normal|peripheral neuropathy, non-human animal",10x 3' transcription profiling|10x 3' v2|10x 3' v3|10x multiome|Smart-seq2|Smart-seq3|inDrop,nucleus|cell,sensory neuron of dorsal root ganglion,sensory neuron of dorsal root ganglion,https://datasets.cellxgene.cziscience.com/cd8f7735-09d8-4f58-b4d0-820184dc1b6b.h5ad,https://cellxgene.cziscience.com/collections/03608e22-227a-4492-910b-3cb3f16f952e
03608e22-227a-4492-910b-3cb3f16f952e,iPain atlas,10.1038/s41467-024-52052-8,2024-07-19T16:00:52+00:00,e1b09351-423f-471b-998f-ff865cd2ca74,313a03f1-52d1-42aa-830c-d5185a7990a8,70963,Mus musculus,dorsal root ganglion,"normal|peripheral neuropathy, non-human animal",10x 3' transcription profiling|10x 3' v2|10x 3' v3|10x multiome|Smart-seq2|Smart-seq3|inDrop,nucleus|cell,sensory neuron of dorsal root ganglion,sensory neuron of dorsal root ganglion,https://datasets.cellxgene.cziscience.com/313a03f1-52d1-42aa-830c-d5185a7990a8.h5ad,https://cellxgene.cziscience.com/collections/03608e22-227a-4492-910b-3cb3f16f952e
03608e22-227a-4492-910b-3cb3f16f952e,iPain atlas,10.1038/s41467-024-52052-8,2024-07-19T16:00:52+00:00,b6f472f1-a58d-43a7-a898-2d6822a0b2b2,9e592a91-b992-4f54-9bbe-2f53dd3308da,191798,Mus musculus,dorsal root ganglion,normal|peripheral neuropathy,10x 3' v2|10x 3' v3|10x multiome|Smart-seq2|Smart-seq3|inDrop,nucleus|cell,glial cell|sensory neuron of dorsal root ganglion,B cell|connective tissue cell|endothelial cell|fibroblast|glial cell|macrophage|neutrophil|pericyte|sensory neuron of dorsal root ganglion|smooth muscle cell,https://datasets.cellxgene.cziscience.com/9e592a91-b992-4f54-9bbe-2f53dd3308da.h5ad,https://cellxgene.cziscience.com/collections/03608e22-227a-4492-910b-3cb3f16f952e
03608e22-227a-4492-910b-3cb3f16f952e,iPain atlas,10.1038/s41467-024-52052-8,2024-07-19T16:00:52+00:00,5d6d404a-86f9-419e-9928-56276904819c,40e0cedc-9c3c-4b1c-890d-96cc36743db2,84658,Mus musculus,trigeminal ganglion,normal|peripheral neuropathy,10x 3' v3|BD Rhapsody Whole Transcriptome Analysis|Drop-seq|Smart-seq3|inDrop,cell|nucleus,glial cell|trigeminal neuron,B cell|connective tissue cell|endothelial cell|fibroblast|glial cell|macrophage|neutrophil|pericyte|smooth muscle cell|trigeminal neuron,https://datasets.cellxgene.cziscience.com/40e0cedc-9c3c-4b1c-890d-96cc36743db2.h5ad,https://cellxgene.cziscience.com/collections/03608e22-227a-4492-910b-3cb3f16f952e
03608e22-227a-4492-910b-3cb3f16f952e,iPain atlas,10.1038/s41467-024-52052-8,2024-07-19T16:00:52+00:00,023d4d04-4671-4433-af8d-158a05c81d8b,8fc0b710-45f8-4cb8-b6db-fbadd5ed5ab5,70963,Mus musculus,dorsal root ganglion,"normal|peripheral neuropathy, non-human animal",10x 3' transcription profiling|10x 3' v2|10x 3' v3|10x multiome|Smart-seq2|Smart-seq3|inDrop,nucleus|cell,sensory neuron of dorsal root ganglion,sensory neuron of dorsal root ganglion,https://datasets.cellxgene.cziscience.com/8fc0b710-45f8-4cb8-b6db-fbadd5ed5ab5.h5ad,https://cellxgene.cziscience.com/collections/03608e22-227a-4492-910b-3cb3f16f952e
e75342a8-0f3b-4ec5-8ee1-245a23e0f7cb,Pathogenic variants damage cell composition and single cell transcription in cardiomyopathies,10.1126/science.abo1984,2022-08-05T15:46:12+00:00,83b5e943-a1d5-4164-b3f2-f7a37f01b524,73b3b585-499e-4336-9ff8-2913d106c8b4,7999,Homo sapiens,apex of heart|heart left ventricle|heart right ventricle|interventricular septum,arrhythmogenic right ventricular cardiomyopathy|dilated cardiomyopathy|non-compaction cardiomyopathy|normal,10x 3' v2|10x 3' v3,nucleus,cardiac neuron,cardiac neuron,https://datasets.cellxgene.cziscience.com/73b3b585-499e-4336-9ff8-2913d106c8b4.h5ad,https://cellxgene.cziscience.com/collections/e75342a8-0f3b-4ec5-8ee1-245a23e0f7cb
e75342a8-0f3b-4ec5-8ee1-245a23e0f7cb,Pathogenic variants damage cell composition and single cell transcription in cardiomyopathies,10.1126/science.abo1984,2022-08-05T15:46:12+00:00,65badd7a-9262-4fd1-9ce2-eb5dc0ca8039,6d0b8b8a-2b22-4578-b8ee-8ca4ab893594,881081,Homo sapiens,apex of heart|heart left ventricle|heart right ventricle|interventricular septum,arrhythmogenic right ventricular cardiomyopathy|dilated cardiomyopathy|non-compaction cardiomyopathy|normal,10x 3' v2|10x 3' v3,nucleus,cardiac neuron,adipocyte|cardiac muscle cell|cardiac neuron|endothelial cell|fibroblast of cardiac tissue|lymphocyte|mast cell|mural cell|myeloid cell|unknown,https://datasets.cellxgene.cziscience.com/6d0b8b8a-2b22-4578-b8ee-8ca4ab893594.h5ad,https://cellxgene.cziscience.com/collections/e75342a8-0f3b-4ec5-8ee1-245a23e0f7cb
5c868b6f-62c5-4532-9d7f-a346ad4b50a7,The landscape of immune dysregulation in Crohn’s disease revealed through single-cell transcriptomic profiling in the ileum and colon,10.1016/j.immuni.2023.01.002,2023-03-31T22:15:55+00:00,fe4b89d5-461e-440c-a5a8-621b37b122c0,6a6b7339-106f-420b-95ae-c8d2d91f9945,154136,Homo sapiens,epithelium of small intestine|ileal epithelium|ileum|ileum lamina propria|lamina propria of small intestine|small intestine,Crohn disease|normal,10x 3' v2|10x 3' v3,cell,type EC enteroendocrine cell|type L enteroendocrine cell,enterocyte|epithelial cell|goblet cell|paneth cell|stem cell|tuft cell|type EC enteroendocrine cell|type L enteroendocrine cell,https://datasets.cellxgene.cziscience.com/6a6b7339-106f-420b-95ae-c8d2d91f9945.h5ad,https://cellxgene.cziscience.com/collections/5c868b6f-62c5-4532-9d7f-a346ad4b50a7
5c868b6f-62c5-4532-9d7f-a346ad4b50a7,The landscape of immune dysregulation in Crohn’s disease revealed through single-cell transcriptomic profiling in the ileum and colon,10.1016/j.immuni.2023.01.002,2023-03-31T22:15:55+00:00,6cf3634d-e911-44ad-bf52-c747a9af3c01,7e56f1b8-a16a-450d-9938-1d084bc52841,39433,Homo sapiens,ascending colon|caecum lamina propria|colon|colonic epithelium|descending colon|lamina propria of mucosa of colon|sigmoid colon|sigmoid colon epithelium|sigmoid colon lamina propria|transverse colon epithelium|transverse colon lamina propria,Crohn disease|normal,10x 3' v1|10x 3' v2|10x 3' v3,cell,glial cell,endothelial cell|fibroblast|glial cell|lymphocyte|myofibroblast cell|pericyte|stromal cell,https://datasets.cellxgene.cziscience.com/7e56f1b8-a16a-450d-9938-1d084bc52841.h5ad,https://cellxgene.cziscience.com/collections/5c868b6f-62c5-4532-9d7f-a346ad4b50a7
5c868b6f-62c5-4532-9d7f-a346ad4b50a7,The landscape of immune dysregulation in Crohn’s disease revealed through single-cell transcriptomic profiling in the ileum and colon,10.1016/j.immuni.2023.01.002,2023-03-31T22:15:55+00:00,5ce42b38-d867-487f-9b40-e8bb00b21d0b,333491b4-ca9b-4369-8706-38f7bb5bcd46,97788,Homo sapiens,ascending colon|caecum epithelium|caecum lamina propria|colon|colonic epithelium|descending colon|lamina propria of mucosa of colon|sigmoid colon|sigmoid colon epithelium|sigmoid colon lamina propria|transverse colon epithelium|transverse colon lamina propria,Crohn disease|normal,10x 3' v1|10x 3' v2|10x 3' v3,cell,enteroendocrine cell,enterocyte|enteroendocrine cell|epithelial cell|goblet cell|paneth cell|stem cell|tuft cell,https://datasets.cellxgene.cziscience.com/333491b4-ca9b-4369-8706-38f7bb5bcd46.h5ad,https://cellxgene.cziscience.com/collections/5c868b6f-62c5-4532-9d7f-a346ad4b50a7
5c868b6f-62c5-4532-9d7f-a346ad4b50a7,The landscape of immune dysregulation in Crohn’s disease revealed through single-cell transcriptomic profiling in the ileum and colon,10.1016/j.immuni.2023.01.002,2023-03-31T22:15:55+00:00,0f4865d5-8000-4f68-8ac7-f5efea9e5e70,34217af0-2b64-464b-9a5c-59b292938b37,75695,Homo sapiens,ileal epithelium|ileum|ileum lamina propria|lamina propria of small intestine|small intestine,Crohn disease|normal,10x 3' v2|10x 3' v3,cell,glial cell,endothelial cell|fibroblast|glial cell|lymphocyte|myofibroblast cell|pericyte,https://datasets.cellxgene.cziscience.com/34217af0-2b64-464b-9a5c-59b292938b37.h5ad,https://cellxgene.cziscience.com/collections/5c868b6f-62c5-4532-9d7f-a346ad4b50a7
a96133de-e951-4e2d-ace6-59db8b3bfb1d,HTAN/HTAPP Broad - Spatio-molecular dissection of the breast cancer metastatic microenvironment,10.1038/s41591-024-03215-z,2024-10-02T22:24:18+00:00,9237e573-980a-4be6-b028-0f01cc064956,55185bb7-deba-497f-bb8e-a2fe098bdcc7,10892,Homo sapiens,liver,breast cancer,Slide-seqV2,na,neuron,T cell|blood vessel endothelial cell|blood vessel smooth muscle cell|endothelial cell of hepatic sinusoid|fibroblast|hepatic stellate cell|hepatocyte|macrophage|malignant cell|mature NK T cell|neuron,https://datasets.cellxgene.cziscience.com/55185bb7-deba-497f-bb8e-a2fe098bdcc7.h5ad,https://cellxgene.cziscience.com/collections/a96133de-e951-4e2d-ace6-59db8b3bfb1d
a96133de-e951-4e2d-ace6-59db8b3bfb1d,HTAN/HTAPP Broad - Spatio-molecular dissection of the breast cancer metastatic microenvironment,10.1038/s41591-024-03215-z,2024-10-02T22:24:18+00:00,71513028-e4a0-4c62-a435-16598791690a,79a15872-c7b9-402b-8e0c-a9dd669c366b,12258,Homo sapiens,liver,breast cancer,10x 3' v3,nucleus,neuron,T cell|blood vessel endothelial cell|blood vessel smooth muscle cell|endothelial cell of hepatic sinusoid|fibroblast|hepatic stellate cell|hepatocyte|macrophage|malignant cell|mature NK T cell|neuron,https://datasets.cellxgene.cziscience.com/79a15872-c7b9-402b-8e0c-a9dd669c366b.h5ad,https://cellxgene.cziscience.com/collections/a96133de-e951-4e2d-ace6-59db8b3bfb1d
fbc5881f-1ee3-4ffe-8095-35e15e1a08fc,Urethral luminal epithelia are castration-insensitive cells of the proximal prostate,10.1002/pros.24020,2021-07-06T19:44:59+00:00,8b2e5453-faf7-46ea-9073-aea69b283cb7,b11b78b1-af0f-45d2-986c-bfaaa96d1291,28847,Homo sapiens,peripheral zone of prostate|transition zone of prostate,benign prostatic hyperplasia|normal,10x 3' v2,cell,neuroendocrine cell,basal cell of prostate epithelium|epithelial cell of urethra|leukocyte|luminal cell of prostate epithelium|neuroendocrine cell|prostate gland microvascular endothelial cell|prostate stromal cell|secretory cell|smooth muscle cell of prostate,https://datasets.cellxgene.cziscience.com/b11b78b1-af0f-45d2-986c-bfaaa96d1291.h5ad,https://cellxgene.cziscience.com/collections/fbc5881f-1ee3-4ffe-8095-35e15e1a08fc
fbc5881f-1ee3-4ffe-8095-35e15e1a08fc,Urethral luminal epithelia are castration-insensitive cells of the proximal prostate,10.1002/pros.24020,2021-07-06T19:44:59+00:00,88c483bf-477d-4be5-90d3-4fb101dd601f,b4b41921-bb1d-4c49-80bc-25d5612283f4,25186,Homo sapiens,peripheral zone of prostate|transition zone of prostate,benign prostatic hyperplasia|normal,10x 3' v2,cell,neuroendocrine cell,basal cell of prostate epithelium|epithelial cell of urethra|luminal cell of prostate epithelium|neuroendocrine cell|secretory cell,https://datasets.cellxgene.cziscience.com/b4b41921-bb1d-4c49-80bc-25d5612283f4.h5ad,https://cellxgene.cziscience.com/collections/fbc5881f-1ee3-4ffe-8095-35e15e1a08fc
20eea6c8-9d64-42c9-9b6f-c11b5249e0e9,Single-cell genomics improves the discovery of risk variants and genes of atrial fibrillation,10.1038/s41467-023-40505-5,2024-07-01T17:15:54+00:00,2e9d2f32-4cfb-49b5-b990-cbf4c241214e,f35a8c3f-b3a0-4373-a4cd-c937db7f7ec2,49359,Homo sapiens,apex of heart|heart left ventricle|heart right ventricle|interventricular septum,normal,10x 3' v3,nucleus,cardiac neuron,cardiac endothelial cell|cardiac muscle cell|cardiac neuron|fibroblast of cardiac tissue|lymphocyte|myeloid cell|pericyte|smooth muscle cell,https://datasets.cellxgene.cziscience.com/f35a8c3f-b3a0-4373-a4cd-c937db7f7ec2.h5ad,https://cellxgene.cziscience.com/collections/20eea6c8-9d64-42c9-9b6f-c11b5249e0e9
328d71f0-0ed7-4518-966f-be6bd0797324,The cellular and molecular cardiac tissue responses in human inflammatory cardiomyopathies after SARS-CoV-2 infection and COVID-19 vaccination,10.1038/s44161-025-00612-6,2025-05-06T17:41:05+00:00,fe7aae33-6f7c-41a5-8d29-9996a9ddf1ab,5ca4319d-488f-444d-b383-e909fe0783d4,205596,Homo sapiens,apex of heart|heart left ventricle,myocarditis|normal,10x 3' v2|10x 3' v3,nucleus,cardiac neuron,adipocyte|cardiac endothelial cell|cardiac muscle cell|cardiac neuron|fibroblast of cardiac tissue|lymphocyte|mast cell|mural cell|myeloid cell,https://datasets.cellxgene.cziscience.com/5ca4319d-488f-444d-b383-e909fe0783d4.h5ad,https://cellxgene.cziscience.com/collections/328d71f0-0ed7-4518-966f-be6bd0797324
793fdaec-5067-428a-a9db-ecefe135c945,Blood and immune development in human fetal bone marrow and Down syndrome,10.1038/s41586-021-03929-x,2022-11-07T16:46:31+00:00,1a2e3350-28a8-4f49-b33c-5b67ceb001f6,47362a52-4a8c-48ae-8968-00d4e57d1dfc,103228,Homo sapiens,bone marrow,normal,10x 3' v2|10x 5' v1,cell,Schwann cell,"CD14-positive monocyte|CD16-negative, CD56-bright natural killer cell, human|CD4-positive, alpha-beta T cell|CD8-positive, alpha-beta T cell|Schwann cell|adipocyte|basophil|basophil mast progenitor cell|chondrocyte|common dendritic progenitor|common myeloid progenitor|dendritic cell|early lymphoid progenitor|endosteal cell|endothelial cell|endothelial cell of sinusoid|endothelial tip cell|eosinophil|erythrocyte|fibroblast|fraction A pre-pro B cell|granulocyte monocyte progenitor cell|hematopoietic multipotent progenitor cell|immature B cell|immature innate lymphoid cell|immature natural killer cell|lymphoid lineage restricted progenitor cell|macrophage|macrophage dendritic cell progenitor|mast cell|mature NK T cell|megakaryocyte|megakaryocyte-erythroid progenitor cell|muscle cell|muscle precursor cell|myelocyte|myeloid lineage restricted progenitor cell|myofibroblast cell|naive B cell|natural killer cell|neutrophil|osteoblast|osteoclast|plasmacytoid dendritic cell|precursor B cell|precursor cell|preosteoblast|primitive red blood cell|pro-B cell|progenitor cell|promonocyte|promyelocyte|regulatory T cell",https://datasets.cellxgene.cziscience.com/47362a52-4a8c-48ae-8968-00d4e57d1dfc.h5ad,https://cellxgene.cziscience.com/collections/793fdaec-5067-428a-a9db-ecefe135c945
e4c9ed14-e560-4900-a3bf-b0f8d2ce6a10,A molecular single-cell lung atlas of lethal COVID-19,10.1038/s41586-021-03569-1,2023-03-31T22:56:30+00:00,d8da613f-e681-4c69-b463-e94f5e66847f,1792df55-7cfe-4564-afcf-4bb3ffb73bc0,116313,Homo sapiens,lung,COVID-19|normal,10x 3' v3,nucleus,neuron,"B cell|CD4-positive, alpha-beta T cell|CD8-positive, alpha-beta T cell|alveolar adventitial fibroblast|alveolar macrophage|brush cell of tracheobronchial tree|capillary endothelial cell|club cell|dendritic cell|endothelial cell|endothelial cell of artery|epithelial cell|fibroblast|lung goblet cell|lung multiciliated epithelial cell|macrophage|mast cell|mesothelial fibroblast|monocyte|mucus secreting cell|natural killer cell|neuron|pericyte|plasma cell|pulmonary alveolar type 2 cell|regulatory T cell|respiratory basal cell|tracheobronchial smooth muscle cell|vascular associated smooth muscle cell|vein endothelial cell",https://datasets.cellxgene.cziscience.com/1792df55-7cfe-4564-afcf-4bb3ffb73bc0.h5ad,https://cellxgene.cziscience.com/collections/e4c9ed14-e560-4900-a3bf-b0f8d2ce6a10
6f6d381a-7701-4781-935c-db10d30de293,The integrated Human Lung Cell Atlas,10.1038/s41591-023-02327-2,2022-03-11T16:47:39+00:00,9f222629-9e39-47d0-b83f-e08d610c7479,5f863718-02a6-46cb-83e7-52be988b915b,2282447,Homo sapiens,lung|lung parenchyma|nose|respiratory airway,COVID-19|chronic obstructive pulmonary disease|chronic rhinitis|cystic fibrosis|hypersensitivity pneumonitis|interstitial lung disease|lung adenocarcinoma|lung large cell carcinoma|lymphangioleiomyomatosis|non-specific interstitial pneumonia|normal|pleomorphic carcinoma|pneumonia|pulmonary fibrosis|pulmonary sarcoidosis|squamous cell lung carcinoma,10x 3' v1|10x 3' v2|10x 3' v3|10x 5' transcription profiling|10x 5' v1|10x 5' v2|Drop-seq|Seq-Well,cell|nucleus,pulmonary neuroendocrine cell,"B cell|CD1c-positive myeloid dendritic cell|CD4-positive, alpha-beta T cell|CD8-positive, alpha-beta T cell|T cell|acinar cell|alveolar adventitial fibroblast|alveolar macrophage|alveolar type 1 fibroblast cell|bronchial goblet cell|bronchus fibroblast of lung|brush cell of tracheobronchial tree|capillary endothelial cell|classical monocyte|club cell|conventional dendritic cell|dendritic cell|elicited macrophage|endothelial cell of lymphatic vessel|epithelial cell of lower respiratory tract|fibroblast|hematopoietic stem cell|ionocyte|lung macrophage|lung pericyte|mast cell|mesothelial cell|mucus secreting cell|multiciliated columnar cell of tracheobronchial tree|multiciliated epithelial cell|myofibroblast cell|nasal mucosa goblet cell|natural killer cell|non-classical monocyte|plasma cell|plasmacytoid dendritic cell|pulmonary alveolar epithelial cell|pulmonary alveolar type 1 cell|pulmonary alveolar type 2 cell|pulmonary artery endothelial cell|pulmonary neuroendocrine cell|respiratory basal cell|respiratory tract hillock cell|serous secreting cell|smooth muscle cell|stromal cell|tracheobronchial goblet cell|tracheobronchial serous cell|tracheobronchial smooth muscle cell|unknown|vein endothelial cell",https://datasets.cellxgene.cziscience.com/5f863718-02a6-46cb-83e7-52be988b915b.h5ad,https://cellxgene.cziscience.com/collections/6f6d381a-7701-4781-935c-db10d30de293
6f6d381a-7701-4781-935c-db10d30de293,The integrated Human Lung Cell Atlas,10.1038/s41591-023-02327-2,2022-03-11T16:47:39+00:00,066943a2-fdac-4b29-b348-40cede398e4e,688185ad-11c2-4172-a53a-f4f1f4076860,584944,Homo sapiens,lung parenchyma|nose|respiratory airway,normal,10x 3' v1|10x 3' v2|10x 3' v3|10x 5' v1|10x 5' v2,cell,pulmonary neuroendocrine cell,"B cell|CD1c-positive myeloid dendritic cell|CD4-positive, alpha-beta T cell|CD8-positive, alpha-beta T cell|T cell|acinar cell|alveolar adventitial fibroblast|alveolar macrophage|alveolar type 1 fibroblast cell|bronchial goblet cell|bronchus fibroblast of lung|brush cell of tracheobronchial tree|capillary endothelial cell|classical monocyte|club cell|conventional dendritic cell|dendritic cell|elicited macrophage|endothelial cell of lymphatic vessel|epithelial cell of lower respiratory tract|fibroblast|hematopoietic stem cell|ionocyte|lung macrophage|lung pericyte|mast cell|mesothelial cell|mucus secreting cell|multiciliated columnar cell of tracheobronchial tree|multiciliated epithelial cell|myofibroblast cell|nasal mucosa goblet cell|natural killer cell|non-classical monocyte|plasma cell|plasmacytoid dendritic cell|pulmonary alveolar epithelial cell|pulmonary alveolar type 1 cell|pulmonary alveolar type 2 cell|pulmonary artery endothelial cell|pulmonary neuroendocrine cell|respiratory basal cell|respiratory tract hillock cell|serous secreting cell|smooth muscle cell|stromal cell|tracheobronchial goblet cell|tracheobronchial serous cell|tracheobronchial smooth muscle cell|vein endothelial cell",https://datasets.cellxgene.cziscience.com/688185ad-11c2-4172-a53a-f4f1f4076860.h5ad,https://cellxgene.cziscience.com/collections/6f6d381a-7701-4781-935c-db10d30de293
296237e2-393d-4e31-b590-b03f74ac5070,"Mouse pancreatic islet scRNA-seq atlas across sexes, ages, and stress conditions including diabetes",10.1038/s42255-023-00876-x,2023-01-05T20:09:58+00:00,49e4ffcc-5444-406d-bdee-577127404ba8,2cf0b367-e31b-4ab3-8557-8f2c4ac2a31a,301796,Mus musculus,islet of Langerhans|pancreas,endocrine pancreas disorder|normal|type 1 diabetes mellitus|type 2 diabetes mellitus,10x 3' v2|10x 3' v3,cell,Schwann cell,Schwann cell|cell|endothelial cell|hematopoietic cell|pancreatic A cell|pancreatic D cell|pancreatic PP cell|pancreatic acinar cell|pancreatic ductal cell|pancreatic endocrine cell|pancreatic stellate cell|type B pancreatic cell|unknown,https://datasets.cellxgene.cziscience.com/2cf0b367-e31b-4ab3-8557-8f2c4ac2a31a.h5ad,https://cellxgene.cziscience.com/collections/296237e2-393d-4e31-b590-b03f74ac5070
f5af7a2f-ab4c-4728-829e-48efb9562105,Single cell RNA sequencing of paw skin from healthy and Col7a1 knockout (RDEB) mice,10.3389/fimmu.2023.1211505,2024-02-15T23:51:08+00:00,7be2824e-d62a-42ef-9169-084555c6df87,2965d8bb-05c5-40a1-bb03-c0b568cb1919,9816,Mus musculus,autopod skin,epidermolysis bullosa|normal,10x 3' v3,cell,Schwann cell,Schwann cell|chondrocyte|endothelial cell|fibroblast|fibroblast of lymphatic vessel|innate lymphoid cell|keratinocyte|mast cell|neutrophil|pericyte|professional antigen presenting cell,https://datasets.cellxgene.cziscience.com/2965d8bb-05c5-40a1-bb03-c0b568cb1919.h5ad,https://cellxgene.cziscience.com/collections/f5af7a2f-ab4c-4728-829e-48efb9562105
f5af7a2f-ab4c-4728-829e-48efb9562105,Single cell RNA sequencing of paw skin from healthy and Col7a1 knockout (RDEB) mice,10.3389/fimmu.2023.1211505,2024-02-15T23:51:08+00:00,389b1fd4-2b65-4f60-baba-feeb17507665,5cc1649e-3a7e-4950-89c4-51f399d9ed25,959,Mus musculus,autopod skin,epidermolysis bullosa|normal,10x 3' v3,cell,Schwann cell,Schwann cell|chondrocyte|endothelial cell|fibroblast|fibroblast of lymphatic vessel|innate lymphoid cell|neutrophil|pericyte|professional antigen presenting cell,https://datasets.cellxgene.cziscience.com/5cc1649e-3a7e-4950-89c4-51f399d9ed25.h5ad,https://cellxgene.cziscience.com/collections/f5af7a2f-ab4c-4728-829e-48efb9562105
5e143645-177c-45b6-952d-48770e29a54b,Multi-modal skin atlas identifies a multicellular immune-stromal community associated with altered cornification and specific T cell expansion in atopic dermatitis,10.1038/s41467-026-69587-7,2026-05-04T19:30:04+00:00,b0ef440b-e303-4ad2-ada8-ce13336280ba,e046218f-6a66-46f9-a91c-7f26b4ee00c2,280518,Homo sapiens,skin of body,atopic eczema|normal,10x 3' v2|10x 3' v3,cell,Schwann cell,"CD8-positive, alpha-beta T cell|IgA plasma cell|IgG plasma cell|Schwann cell|T cell|capillary endothelial cell|dendritic cell|endothelial cell of artery|endothelial cell of lymphatic vessel|gamma-delta T cell|hair follicular keratinocyte|innate lymphoid cell|keratinocyte|macrophage|mast cell|melanocyte|naive B cell|natural killer cell|neutrophil|pericyte|plasmablast|regulatory T cell|sebaceous gland cell|skin fibroblast|smooth muscle cell|sweat secreting cell|vein endothelial cell",https://datasets.cellxgene.cziscience.com/e046218f-6a66-46f9-a91c-7f26b4ee00c2.h5ad,https://cellxgene.cziscience.com/collections/5e143645-177c-45b6-952d-48770e29a54b
613f5480-4957-4f80-b804-0e2b85ac454c,Mouse perinatal heart maturation scRNA-seq,10.1101/2024.03.05.583423,2024-03-25T20:15:56+00:00,731e0ae7-e600-470f-a6dc-8c35c28d6c3d,287a43aa-a1bd-41bd-925e-0ac43fdb1228,49769,Mus musculus,heart,normal,Drop-seq,cell,Schwann cell|neuron,B cell|Schwann cell|T cell|blood vessel endothelial cell|chondrocyte|endocardial cell|endothelial cell of artery|endothelial cell of lymphatic vessel|fibroblast of cardiac tissue|macrophage|mast cell|melanocyte|mesothelial cell of epicardium|myocyte of sinoatrial node|neuron|pericyte|regular atrial cardiac myocyte|regular ventricular cardiac myocyte|valve endothelial cell|valve interstitial cell|vascular associated smooth muscle cell,https://datasets.cellxgene.cziscience.com/287a43aa-a1bd-41bd-925e-0ac43fdb1228.h5ad,https://cellxgene.cziscience.com/collections/613f5480-4957-4f80-b804-0e2b85ac454c
4fa07e63-f712-4d8c-b885-2c515b5e2743,Immune microniches shape intestinal Treg function,10.1038/s41586-024-07251-0,2024-07-24T17:32:36+00:00,e2811f45-81cc-4819-aee0-dbaa6b3bb52c,f12da94e-18ed-4800-bfe8-08d915989eca,4992,Mus musculus,colon,normal,Visium Spatial Gene Expression V1,na,enteric neuron,enteric neuron|enterocyte|epithelial cell|fibroblast|germinal center B cell|goblet cell|group 3 innate lymphoid cell|memory B cell|myofibroblast cell|neutrophil|stem cell|transit amplifying cell|unknown,https://datasets.cellxgene.cziscience.com/f12da94e-18ed-4800-bfe8-08d915989eca.h5ad,https://cellxgene.cziscience.com/collections/4fa07e63-f712-4d8c-b885-2c515b5e2743
4fa07e63-f712-4d8c-b885-2c515b5e2743,Immune microniches shape intestinal Treg function,10.1038/s41586-024-07251-0,2024-07-24T17:32:36+00:00,b5c3a60d-1a81-4be9-abf4-070c5630e73c,dcb26f1a-c8c8-4a6d-ad41-1bb562c1e56b,4992,Mus musculus,colon,normal,Visium Spatial Gene Expression V1,na,enteric neuron,enteric neuron|enterocyte|epithelial cell|fibroblast|germinal center B cell|myofibroblast cell|neutrophil|stem cell|transit amplifying cell|unknown,https://datasets.cellxgene.cziscience.com/dcb26f1a-c8c8-4a6d-ad41-1bb562c1e56b.h5ad,https://cellxgene.cziscience.com/collections/4fa07e63-f712-4d8c-b885-2c515b5e2743
4fa07e63-f712-4d8c-b885-2c515b5e2743,Immune microniches shape intestinal Treg function,10.1038/s41586-024-07251-0,2024-07-24T17:32:36+00:00,ab682d61-79b8-4d66-ae9e-aab154e55aad,a016abd8-7c7b-4726-b98e-e3f615672d29,4992,Mus musculus,colon,normal,Visium Spatial Gene Expression V1,na,enteric neuron,enteric neuron|enterocyte|fibroblast|germinal center B cell|macrophage|memory B cell|myofibroblast cell|stem cell|transit amplifying cell|unknown,https://datasets.cellxgene.cziscience.com/a016abd8-7c7b-4726-b98e-e3f615672d29.h5ad,https://cellxgene.cziscience.com/collections/4fa07e63-f712-4d8c-b885-2c515b5e2743
4fa07e63-f712-4d8c-b885-2c515b5e2743,Immune microniches shape intestinal Treg function,10.1038/s41586-024-07251-0,2024-07-24T17:32:36+00:00,7bb14472-12fa-46e4-a822-1b6eedcc8ffa,94e85b80-bf21-4cda-bd60-23b3f2410547,4992,Mus musculus,colon,normal,Visium Spatial Gene Expression V1,na,enteric neuron,endothelial cell of lymphatic vessel|enteric neuron|enterocyte|fibroblast|germinal center B cell|monocyte|myofibroblast cell|neutrophil|stem cell|transit amplifying cell|unknown,https://datasets.cellxgene.cziscience.com/94e85b80-bf21-4cda-bd60-23b3f2410547.h5ad,https://cellxgene.cziscience.com/collections/4fa07e63-f712-4d8c-b885-2c515b5e2743
4fa07e63-f712-4d8c-b885-2c515b5e2743,Immune microniches shape intestinal Treg function,10.1038/s41586-024-07251-0,2024-07-24T17:32:36+00:00,18f66a91-fe76-4bd6-aa46-5ab39ded35a0,dceda2b2-7aa1-44bf-821e-ffd42eb9e66c,4992,Mus musculus,colon,normal,Visium Spatial Gene Expression V1,na,enteric neuron,CD103-positive dendritic cell|enteric neuron|enterocyte|fibroblast|germinal center B cell|goblet cell|macrophage|myofibroblast cell|stem cell|transit amplifying cell|unknown,https://datasets.cellxgene.cziscience.com/dceda2b2-7aa1-44bf-821e-ffd42eb9e66c.h5ad,https://cellxgene.cziscience.com/collections/4fa07e63-f712-4d8c-b885-2c515b5e2743
4fa07e63-f712-4d8c-b885-2c515b5e2743,Immune microniches shape intestinal Treg function,10.1038/s41586-024-07251-0,2024-07-24T17:32:36+00:00,15849d77-1325-4a16-a6ed-504fd852c610,8001cc47-6a62-438d-9777-338c83fb8a24,4992,Mus musculus,colon,normal,Visium Spatial Gene Expression V1,na,enteric neuron,endothelial cell|enteric neuron|enterocyte|fibroblast|germinal center B cell|goblet cell|myofibroblast cell|stem cell|transit amplifying cell|unknown,https://datasets.cellxgene.cziscience.com/8001cc47-6a62-438d-9777-338c83fb8a24.h5ad,https://cellxgene.cziscience.com/collections/4fa07e63-f712-4d8c-b885-2c515b5e2743
4fa07e63-f712-4d8c-b885-2c515b5e2743,Immune microniches shape intestinal Treg function,10.1038/s41586-024-07251-0,2024-07-24T17:32:36+00:00,0d49001d-cc88-4b70-8f0c-f1ca385d0199,3255d9c6-4d7c-45ac-8fb9-2b6c867a6a45,4992,Mus musculus,colon,normal,Visium Spatial Gene Expression V1,na,enteric neuron|glial cell,enteric neuron|enterocyte|epithelial cell|fibroblast|germinal center B cell|glial cell|macrophage|memory B cell|myofibroblast cell|neutrophil|stem cell|transit amplifying cell|unknown,https://datasets.cellxgene.cziscience.com/3255d9c6-4d7c-45ac-8fb9-2b6c867a6a45.h5ad,https://cellxgene.cziscience.com/collections/4fa07e63-f712-4d8c-b885-2c515b5e2743
a064d795-3b77-44ae-9fb5-beb57c567443,Pediatric FGID lamina propria of ileum biopsies.,10.1101/2021.09.17.21263540,2023-08-22T17:59:21+00:00,6ceeaa86-9ceb-4582-b390-6d4dd6ff0572,8cf9e6a2-5cd6-4d8e-95bd-b8c54d05e3f1,89849,Homo sapiens,lamina propria of small intestine,digestive system disorder,10x 3' v2,cell,enteroendocrine cell|glial cell,B cell|IgA plasma cell|IgG plasma cell|IgM plasma cell|T cell|capillary endothelial cell|dendritic cell|endothelial cell|endothelial cell of artery|endothelial cell of lymphatic vessel|enteroendocrine cell|epithelial cell|epithelial fate stem cell|fibroblast|germinal center B cell|glial cell|goblet cell|intestinal tuft cell|macrophage|mast cell|monocyte|myofibroblast cell|paneth cell|plasmacytoid dendritic cell|transit amplifying cell|vein endothelial cell,https://datasets.cellxgene.cziscience.com/8cf9e6a2-5cd6-4d8e-95bd-b8c54d05e3f1.h5ad,https://cellxgene.cziscience.com/collections/a064d795-3b77-44ae-9fb5-beb57c567443
45d5d2c3-bc28-4814-aed6-0bb6f0e11c82,"A single-cell transcriptional timelapse of mouse embryonic development, from gastrula to pup",10.1038/s41586-024-07069-w,2024-03-11T16:31:31+00:00,e6a47f6f-ae9a-41ff-a6f7-5f9b9dbd3e7f,04912a4e-4fad-430b-9fd7-16d30c5c57fa,2860375,Mus musculus,embryo,normal,sci-RNA-seq3,nucleus,GABAergic neuron|Schwann cell precursor|cerebral cortex GABAergic interneuron|cranial motor neuron|efferent neuron|enteric neuron|glutamatergic neuron|intestinal enteroendocrine cell|microglial cell|myelinating Schwann cell|neuron|parasympathetic neuron|perineuronal satellite cell|peripheral nervous system neuron|retinal bipolar neuron|sensory neuron of dorsal root ganglion|spinal cord motor neuron|spiral ganglion neuron|sympathetic neuron|thalamic excitatory neuron,"B cell|Cajal-Retzius cell|GABAergic neuron|Kupffer cell|Leydig cell|Purkinje cell|Schwann cell precursor|T cell|activated CD4-negative, CD8-negative type I NK T cell|adipocyte|adipose macrophage|amacrine cell|astrocyte|auditory epithelial cell|bistratified retinal ganglion cell|bladder urothelial cell|brain pericyte|brown adipocyte|brown preadipocyte|cardiac muscle cell|central nervous system macrophage|cerebral cortex GABAergic interneuron|cerebral cortex endothelial cell|chondrocyte|choroid plexus epithelial cell|ciliated cell|club cell|cochlea auditory hair cell|committed oligodendrocyte precursor|conjunctiva goblet cell|conventional dendritic cell|corneal epithelial cell|cranial motor neuron|duct epithelial cell|ectodermal cell|efferent neuron|embryonic blood vessel endothelial progenitor cell|endo-epithelial cell|endocardial cell|endothelial cell|endothelial cell of artery|endothelial cell of hepatic sinusoid|endothelial cell of lymphatic vessel|enteric neuron|ependymal cell|epithelial cell|epithelial cell of amnion|epithelial cell of pancreas|epithelial cell of parathyroid gland|epithelial cell of proximal tubule|epithelial cell of thymus|epithelial cell of thyroid gland|erythroid progenitor cell|extraembryonic cell|fibroblast|gingival epithelial cell|glomerular endothelial cell|glutamatergic neuron|granulocyte|hematopoietic stem cell|hepatocyte|hypothalamus cell|intermediate mesodermal cell|intestinal enteroendocrine cell|intestine goblet cell|intrahepatic cholangiocyte|iris pigment epithelial cell|keratinocyte|kidney collecting duct intercalated cell|kidney collecting duct principal cell|kidney connecting tubule epithelial cell|kidney distal convoluted tubule epithelial cell|kidney epithelial cell|kidney loop of Henle ascending limb epithelial cell|lateral mesodermal cell|lens epithelial cell|lung endothelial cell|mast cell|megakaryocyte|melanocyte|mesodermal cell|metanephric mesenchyme stem cell|microglial cell|microvascular endothelial cell|monocyte|muscle precursor cell|myelinating Schwann cell|myeloid suppressor cell|myoblast|myofibroblast cell|myotube|natural killer cell|neural cell|neural progenitor cell|neuron|notochordal cell|olfactory ensheathing cell|olfactory epithelial cell|olfactory receptor cell|oligodendrocyte precursor cell|osteoblast|osteoclast|pancreatic acinar cell|parasympathetic neuron|pericyte|perineuronal satellite cell|peripheral nervous system neuron|photoreceptor cell|pinealocyte|pituitary gland cell|plasmacytoid dendritic cell|podocyte|primitive erythroid progenitor|primordial germ cell|pulmonary alveolar type 1 cell|pulmonary alveolar type 2 cell|regulatory T cell|respiratory tract goblet cell|retina horizontal cell|retinal bipolar neuron|retinal cone cell|retinal ganglion cell|retinal pigment epithelial cell|retinal progenitor cell|retinal rod cell|sensory neuron of dorsal root ganglion|spinal cord motor neuron|spiral ganglion neuron|splanchnic mesodermal cell|starburst amacrine cell|sympathetic neuron|thalamic excitatory neuron|type I cell of adrenal cortex|vein endothelial cell",https://datasets.cellxgene.cziscience.com/04912a4e-4fad-430b-9fd7-16d30c5c57fa.h5ad,https://cellxgene.cziscience.com/collections/45d5d2c3-bc28-4814-aed6-0bb6f0e11c82
45d5d2c3-bc28-4814-aed6-0bb6f0e11c82,"A single-cell transcriptional timelapse of mouse embryonic development, from gastrula to pup",10.1038/s41586-024-07069-w,2024-03-11T16:31:31+00:00,dcfd4feb-18a3-4b30-81d7-1b0c544a8ab3,1bc30289-9565-4099-abf9-3326328c11ac,11441407,Mus musculus,embryo,normal,sci-RNA-seq3,nucleus,GABAergic neuron|Schwann cell precursor|cerebral cortex GABAergic interneuron|cranial motor neuron|efferent neuron|enteric neuron|glutamatergic neuron|intestinal enteroendocrine cell|microglial cell|myelinating Schwann cell|neuron|parasympathetic neuron|perineuronal satellite cell|peripheral nervous system neuron|retinal bipolar neuron|sensory neuron of dorsal root ganglion|spinal cord motor neuron|spiral ganglion neuron|sympathetic neuron|thalamic excitatory neuron,"B cell|Cajal-Retzius cell|GABAergic neuron|Kupffer cell|Leydig cell|Purkinje cell|Schwann cell precursor|T cell|activated CD4-negative, CD8-negative type I NK T cell|adipocyte|adipose macrophage|amacrine cell|astrocyte|auditory epithelial cell|bladder urothelial cell|brain pericyte|brown adipocyte|brown preadipocyte|cardiac muscle cell|central nervous system macrophage|cerebral cortex GABAergic interneuron|cerebral cortex endothelial cell|chondrocyte|choroid plexus epithelial cell|ciliated cell|club cell|cochlea auditory hair cell|committed oligodendrocyte precursor|conjunctiva goblet cell|conventional dendritic cell|corneal epithelial cell|cranial motor neuron|ectodermal cell|efferent neuron|embryonic blood vessel endothelial progenitor cell|endo-epithelial cell|endocardial cell|endothelial cell|endothelial cell of artery|endothelial cell of hepatic sinusoid|endothelial cell of lymphatic vessel|enteric neuron|ependymal cell|epithelial cell|epithelial cell of amnion|epithelial cell of pancreas|epithelial cell of parathyroid gland|epithelial cell of proximal tubule|epithelial cell of thymus|epithelial cell of thyroid gland|erythroid progenitor cell|extraembryonic cell|fibroblast|gingival epithelial cell|glomerular endothelial cell|glutamatergic neuron|granulocyte|hematopoietic stem cell|hepatocyte|hypothalamus cell|intermediate mesodermal cell|intestinal enteroendocrine cell|intestine goblet cell|intrahepatic cholangiocyte|iris pigment epithelial cell|keratinocyte|kidney collecting duct intercalated cell|kidney collecting duct principal cell|kidney connecting tubule epithelial cell|kidney distal convoluted tubule epithelial cell|kidney epithelial cell|kidney loop of Henle ascending limb epithelial cell|lateral mesodermal cell|lens epithelial cell|lung endothelial cell|mast cell|megakaryocyte|melanocyte|mesodermal cell|metanephric mesenchyme stem cell|microglial cell|microvascular endothelial cell|monocyte|muscle precursor cell|myelinating Schwann cell|myeloid suppressor cell|myoblast|myofibroblast cell|myotube|natural killer cell|neural cell|neural progenitor cell|neuron|notochordal cell|olfactory ensheathing cell|olfactory epithelial cell|olfactory receptor cell|oligodendrocyte precursor cell|osteoblast|osteoclast|pancreatic acinar cell|parasympathetic neuron|pericyte|perineuronal satellite cell|peripheral nervous system neuron|photoreceptor cell|pinealocyte|pituitary gland cell|plasmacytoid dendritic cell|podocyte|primitive erythroid progenitor|primordial germ cell|pulmonary alveolar type 1 cell|pulmonary alveolar type 2 cell|regulatory T cell|respiratory tract goblet cell|retina horizontal cell|retinal bipolar neuron|retinal cone cell|retinal ganglion cell|retinal pigment epithelial cell|retinal progenitor cell|retinal rod cell|sensory neuron of dorsal root ganglion|small bistratified retinal ganglion cell|spinal cord motor neuron|spiral ganglion neuron|splanchnic mesodermal cell|starburst amacrine cell|sympathetic neuron|thalamic excitatory neuron|type I cell of adrenal cortex|ureteric bud cell|vein endothelial cell",https://datasets.cellxgene.cziscience.com/1bc30289-9565-4099-abf9-3326328c11ac.h5ad,https://cellxgene.cziscience.com/collections/45d5d2c3-bc28-4814-aed6-0bb6f0e11c82
45d5d2c3-bc28-4814-aed6-0bb6f0e11c82,"A single-cell transcriptional timelapse of mouse embryonic development, from gastrula to pup",10.1038/s41586-024-07069-w,2024-03-11T16:31:31+00:00,c92321dd-0503-47a8-8260-9970aed6c0b7,e777de2e-aa5f-4907-b4ad-a8bee136d4ae,628251,Mus musculus,embryo,normal,sci-RNA-seq3,nucleus,neuron,neuron,https://datasets.cellxgene.cziscience.com/e777de2e-aa5f-4907-b4ad-a8bee136d4ae.h5ad,https://cellxgene.cziscience.com/collections/45d5d2c3-bc28-4814-aed6-0bb6f0e11c82
45d5d2c3-bc28-4814-aed6-0bb6f0e11c82,"A single-cell transcriptional timelapse of mouse embryonic development, from gastrula to pup",10.1038/s41586-024-07069-w,2024-03-11T16:31:31+00:00,c34e5efb-9ea9-418d-9e90-601eff87dd80,a5fecf27-e035-451e-8149-3c665a4973da,262022,Mus musculus,embryo,normal,sci-RNA-seq3,nucleus,microglial cell,Kupffer cell|adipose macrophage|central nervous system macrophage|conventional dendritic cell|granulocyte|hematopoietic stem cell|microglial cell|monocyte|myeloid suppressor cell|osteoclast|plasmacytoid dendritic cell,https://datasets.cellxgene.cziscience.com/a5fecf27-e035-451e-8149-3c665a4973da.h5ad,https://cellxgene.cziscience.com/collections/45d5d2c3-bc28-4814-aed6-0bb6f0e11c82
45d5d2c3-bc28-4814-aed6-0bb6f0e11c82,"A single-cell transcriptional timelapse of mouse embryonic development, from gastrula to pup",10.1038/s41586-024-07069-w,2024-03-11T16:31:31+00:00,b64ba72d-addb-4129-a572-c001699a0747,3cb48a85-88d8-4ea3-af92-ba1b9d49dbc2,103999,Mus musculus,embryo,normal,sci-RNA-seq3,nucleus,enteric neuron|parasympathetic neuron|peripheral nervous system neuron|sensory neuron of dorsal root ganglion|spiral ganglion neuron|sympathetic neuron,enteric neuron|parasympathetic neuron|peripheral nervous system neuron|sensory neuron of dorsal root ganglion|spiral ganglion neuron|sympathetic neuron,https://datasets.cellxgene.cziscience.com/3cb48a85-88d8-4ea3-af92-ba1b9d49dbc2.h5ad,https://cellxgene.cziscience.com/collections/45d5d2c3-bc28-4814-aed6-0bb6f0e11c82
45d5d2c3-bc28-4814-aed6-0bb6f0e11c82,"A single-cell transcriptional timelapse of mouse embryonic development, from gastrula to pup",10.1038/s41586-024-07069-w,2024-03-11T16:31:31+00:00,b47eaa46-508d-4817-8a75-5bece9ea30f9,3776b646-d6ae-4bd1-883f-5877e328b5ff,2857008,Mus musculus,embryo,normal,sci-RNA-seq3,nucleus,GABAergic neuron|Schwann cell precursor|cerebral cortex GABAergic interneuron|cranial motor neuron|efferent neuron|enteric neuron|glutamatergic neuron|intestinal enteroendocrine cell|microglial cell|myelinating Schwann cell|neuron|parasympathetic neuron|perineuronal satellite cell|peripheral nervous system neuron|retinal bipolar neuron|sensory neuron of dorsal root ganglion|spinal cord motor neuron|spiral ganglion neuron|sympathetic neuron|thalamic excitatory neuron,"B cell|Cajal-Retzius cell|GABAergic neuron|Kupffer cell|Leydig cell|Purkinje cell|Schwann cell precursor|T cell|activated CD4-negative, CD8-negative type I NK T cell|adipocyte|adipose macrophage|amacrine cell|astrocyte|auditory epithelial cell|bistratified retinal ganglion cell|bladder urothelial cell|brain pericyte|brown adipocyte|brown preadipocyte|cardiac muscle cell|central nervous system macrophage|cerebral cortex GABAergic interneuron|cerebral cortex endothelial cell|chondrocyte|choroid plexus epithelial cell|ciliated cell|club cell|cochlea auditory hair cell|committed oligodendrocyte precursor|conjunctiva goblet cell|conventional dendritic cell|corneal epithelial cell|cranial motor neuron|duct epithelial cell|ectodermal cell|efferent neuron|embryonic blood vessel endothelial progenitor cell|endo-epithelial cell|endocardial cell|endothelial cell|endothelial cell of artery|endothelial cell of hepatic sinusoid|endothelial cell of lymphatic vessel|enteric neuron|ependymal cell|epithelial cell|epithelial cell of amnion|epithelial cell of pancreas|epithelial cell of parathyroid gland|epithelial cell of proximal tubule|epithelial cell of thymus|epithelial cell of thyroid gland|erythroid progenitor cell|extraembryonic cell|fibroblast|gingival epithelial cell|glomerular endothelial cell|glutamatergic neuron|granulocyte|hematopoietic stem cell|hepatocyte|hypothalamus cell|intermediate mesodermal cell|intestinal enteroendocrine cell|intestine goblet cell|intrahepatic cholangiocyte|iris pigment epithelial cell|keratinocyte|kidney collecting duct intercalated cell|kidney collecting duct principal cell|kidney connecting tubule epithelial cell|kidney distal convoluted tubule epithelial cell|kidney epithelial cell|kidney loop of Henle ascending limb epithelial cell|lateral mesodermal cell|lens epithelial cell|lung endothelial cell|mast cell|megakaryocyte|melanocyte|mesodermal cell|metanephric mesenchyme stem cell|microglial cell|microvascular endothelial cell|monocyte|muscle precursor cell|myelinating Schwann cell|myeloid suppressor cell|myoblast|myofibroblast cell|myotube|natural killer cell|neural cell|neural progenitor cell|neuron|notochordal cell|olfactory ensheathing cell|olfactory epithelial cell|olfactory receptor cell|oligodendrocyte precursor cell|osteoblast|osteoclast|pancreatic acinar cell|parasympathetic neuron|pericyte|perineuronal satellite cell|peripheral nervous system neuron|photoreceptor cell|pinealocyte|pituitary gland cell|plasmacytoid dendritic cell|podocyte|primitive erythroid progenitor|primordial germ cell|pulmonary alveolar type 1 cell|pulmonary alveolar type 2 cell|regulatory T cell|respiratory tract goblet cell|retina horizontal cell|retinal bipolar neuron|retinal cone cell|retinal ganglion cell|retinal pigment epithelial cell|retinal progenitor cell|retinal rod cell|sensory neuron of dorsal root ganglion|spinal cord motor neuron|spiral ganglion neuron|splanchnic mesodermal cell|starburst amacrine cell|sympathetic neuron|thalamic excitatory neuron|type I cell of adrenal cortex|vein endothelial cell",https://datasets.cellxgene.cziscience.com/3776b646-d6ae-4bd1-883f-5877e328b5ff.h5ad,https://cellxgene.cziscience.com/collections/45d5d2c3-bc28-4814-aed6-0bb6f0e11c82
45d5d2c3-bc28-4814-aed6-0bb6f0e11c82,"A single-cell transcriptional timelapse of mouse embryonic development, from gastrula to pup",10.1038/s41586-024-07069-w,2024-03-11T16:31:31+00:00,a91d5064-aba3-4688-9fcd-6187b2f435a4,aaf0497e-a8a9-4a81-8b22-c1ac86507c6b,2860465,Mus musculus,embryo,normal,sci-RNA-seq3,nucleus,GABAergic neuron|Schwann cell precursor|cerebral cortex GABAergic interneuron|cranial motor neuron|efferent neuron|enteric neuron|glutamatergic neuron|intestinal enteroendocrine cell|microglial cell|myelinating Schwann cell|neuron|parasympathetic neuron|perineuronal satellite cell|peripheral nervous system neuron|retinal bipolar neuron|sensory neuron of dorsal root ganglion|spinal cord motor neuron|spiral ganglion neuron|sympathetic neuron|thalamic excitatory neuron,"B cell|Cajal-Retzius cell|GABAergic neuron|Kupffer cell|Leydig cell|Purkinje cell|Schwann cell precursor|T cell|activated CD4-negative, CD8-negative type I NK T cell|adipocyte|adipose macrophage|amacrine cell|astrocyte|auditory epithelial cell|bistratified retinal ganglion cell|bladder urothelial cell|brain pericyte|brown adipocyte|brown preadipocyte|cardiac muscle cell|central nervous system macrophage|cerebral cortex GABAergic interneuron|cerebral cortex endothelial cell|chondrocyte|choroid plexus epithelial cell|ciliated cell|club cell|cochlea auditory hair cell|committed oligodendrocyte precursor|conjunctiva goblet cell|conventional dendritic cell|corneal epithelial cell|cranial motor neuron|duct epithelial cell|ectodermal cell|efferent neuron|embryonic blood vessel endothelial progenitor cell|endo-epithelial cell|endocardial cell|endothelial cell|endothelial cell of artery|endothelial cell of hepatic sinusoid|endothelial cell of lymphatic vessel|enteric neuron|ependymal cell|epithelial cell|epithelial cell of amnion|epithelial cell of pancreas|epithelial cell of parathyroid gland|epithelial cell of proximal tubule|epithelial cell of thymus|epithelial cell of thyroid gland|erythroid progenitor cell|extraembryonic cell|fibroblast|gingival epithelial cell|glomerular endothelial cell|glutamatergic neuron|granulocyte|hematopoietic stem cell|hepatocyte|hypothalamus cell|intermediate mesodermal cell|intestinal enteroendocrine cell|intestine goblet cell|intrahepatic cholangiocyte|iris pigment epithelial cell|keratinocyte|kidney collecting duct intercalated cell|kidney collecting duct principal cell|kidney connecting tubule epithelial cell|kidney distal convoluted tubule epithelial cell|kidney epithelial cell|kidney loop of Henle ascending limb epithelial cell|lateral mesodermal cell|lens epithelial cell|lung endothelial cell|mast cell|megakaryocyte|melanocyte|mesodermal cell|metanephric mesenchyme stem cell|microglial cell|microvascular endothelial cell|monocyte|muscle precursor cell|myelinating Schwann cell|myeloid suppressor cell|myoblast|myofibroblast cell|myotube|natural killer cell|neural cell|neural progenitor cell|neuron|notochordal cell|olfactory ensheathing cell|olfactory epithelial cell|olfactory receptor cell|oligodendrocyte precursor cell|osteoblast|osteoclast|pancreatic acinar cell|parasympathetic neuron|pericyte|perineuronal satellite cell|peripheral nervous system neuron|photoreceptor cell|pinealocyte|pituitary gland cell|plasmacytoid dendritic cell|podocyte|primitive erythroid progenitor|primordial germ cell|pulmonary alveolar type 1 cell|pulmonary alveolar type 2 cell|regulatory T cell|respiratory tract goblet cell|retina horizontal cell|retinal bipolar neuron|retinal cone cell|retinal ganglion cell|retinal pigment epithelial cell|retinal progenitor cell|retinal rod cell|sensory neuron of dorsal root ganglion|spinal cord motor neuron|spiral ganglion neuron|splanchnic mesodermal cell|starburst amacrine cell|sympathetic neuron|thalamic excitatory neuron|type I cell of adrenal cortex|vein endothelial cell",https://datasets.cellxgene.cziscience.com/aaf0497e-a8a9-4a81-8b22-c1ac86507c6b.h5ad,https://cellxgene.cziscience.com/collections/45d5d2c3-bc28-4814-aed6-0bb6f0e11c82
45d5d2c3-bc28-4814-aed6-0bb6f0e11c82,"A single-cell transcriptional timelapse of mouse embryonic development, from gastrula to pup",10.1038/s41586-024-07069-w,2024-03-11T16:31:31+00:00,a77e5f1f-b842-4a55-ba6e-7c3d327f424b,7edf228c-9e4f-4941-9881-7c77b986cae4,51796,Mus musculus,embryo,normal,sci-RNA-seq3,nucleus,intestinal enteroendocrine cell,endo-epithelial cell|extraembryonic cell|intestinal enteroendocrine cell|intestine goblet cell,https://datasets.cellxgene.cziscience.com/7edf228c-9e4f-4941-9881-7c77b986cae4.h5ad,https://cellxgene.cziscience.com/collections/45d5d2c3-bc28-4814-aed6-0bb6f0e11c82
45d5d2c3-bc28-4814-aed6-0bb6f0e11c82,"A single-cell transcriptional timelapse of mouse embryonic development, from gastrula to pup",10.1038/s41586-024-07069-w,2024-03-11T16:31:31+00:00,8785f5ab-7d97-4b0d-9c56-636c63e151ab,c2d1b883-b65c-4bf7-ab70-d5274cf32bff,126743,Mus musculus,embryo,normal,sci-RNA-seq3,nucleus,Schwann cell precursor|myelinating Schwann cell|perineuronal satellite cell,Schwann cell precursor|melanocyte|myelinating Schwann cell|olfactory ensheathing cell|perineuronal satellite cell,https://datasets.cellxgene.cziscience.com/c2d1b883-b65c-4bf7-ab70-d5274cf32bff.h5ad,https://cellxgene.cziscience.com/collections/45d5d2c3-bc28-4814-aed6-0bb6f0e11c82
45d5d2c3-bc28-4814-aed6-0bb6f0e11c82,"A single-cell transcriptional timelapse of mouse embryonic development, from gastrula to pup",10.1038/s41586-024-07069-w,2024-03-11T16:31:31+00:00,842dd04e-5907-4da0-84af-90279bbf0902,0e6f1fe6-a55d-4152-ab62-3406b03695da,93695,Mus musculus,embryo,normal,sci-RNA-seq3,nucleus,retinal bipolar neuron,cochlea auditory hair cell|epithelial cell of pancreas|iris pigment epithelial cell|neural cell|photoreceptor cell|pinealocyte|pituitary gland cell|retinal bipolar neuron|retinal cone cell|retinal progenitor cell|retinal rod cell,https://datasets.cellxgene.cziscience.com/0e6f1fe6-a55d-4152-ab62-3406b03695da.h5ad,https://cellxgene.cziscience.com/collections/45d5d2c3-bc28-4814-aed6-0bb6f0e11c82
45d5d2c3-bc28-4814-aed6-0bb6f0e11c82,"A single-cell transcriptional timelapse of mouse embryonic development, from gastrula to pup",10.1038/s41586-024-07069-w,2024-03-11T16:31:31+00:00,606bd36a-be20-4103-827f-e8b4b3e477fc,c624e018-be50-4964-bc10-7d169513d968,2106206,Mus musculus,embryo,normal,sci-RNA-seq3,nucleus,GABAergic neuron|cerebral cortex GABAergic interneuron|cranial motor neuron|glutamatergic neuron|neuron|spinal cord motor neuron|thalamic excitatory neuron,Cajal-Retzius cell|GABAergic neuron|Purkinje cell|amacrine cell|cerebral cortex GABAergic interneuron|cranial motor neuron|glutamatergic neuron|neural progenitor cell|neuron|retina horizontal cell|retinal ganglion cell|small bistratified retinal ganglion cell|spinal cord motor neuron|starburst amacrine cell|thalamic excitatory neuron,https://datasets.cellxgene.cziscience.com/c624e018-be50-4964-bc10-7d169513d968.h5ad,https://cellxgene.cziscience.com/collections/45d5d2c3-bc28-4814-aed6-0bb6f0e11c82
45d5d2c3-bc28-4814-aed6-0bb6f0e11c82,"A single-cell transcriptional timelapse of mouse embryonic development, from gastrula to pup",10.1038/s41586-024-07069-w,2024-03-11T16:31:31+00:00,0bce33ed-455c-4e12-93f8-b7b04a2de4a1,4a321ccb-ec08-42bc-808f-167bbd1127d3,2863559,Mus musculus,embryo,normal,sci-RNA-seq3,nucleus,GABAergic neuron|Schwann cell precursor|cerebral cortex GABAergic interneuron|cranial motor neuron|efferent neuron|enteric neuron|glutamatergic neuron|intestinal enteroendocrine cell|microglial cell|myelinating Schwann cell|neuron|parasympathetic neuron|perineuronal satellite cell|peripheral nervous system neuron|retinal bipolar neuron|sensory neuron of dorsal root ganglion|spinal cord motor neuron|spiral ganglion neuron|sympathetic neuron|thalamic excitatory neuron,"B cell|Cajal-Retzius cell|GABAergic neuron|Kupffer cell|Leydig cell|Purkinje cell|Schwann cell precursor|T cell|activated CD4-negative, CD8-negative type I NK T cell|adipocyte|adipose macrophage|amacrine cell|astrocyte|auditory epithelial cell|bistratified retinal ganglion cell|bladder urothelial cell|brain pericyte|brown adipocyte|brown preadipocyte|cardiac muscle cell|central nervous system macrophage|cerebral cortex GABAergic interneuron|cerebral cortex endothelial cell|chondrocyte|choroid plexus epithelial cell|ciliated cell|club cell|cochlea auditory hair cell|committed oligodendrocyte precursor|conjunctiva goblet cell|conventional dendritic cell|corneal epithelial cell|cranial motor neuron|duct epithelial cell|ectodermal cell|efferent neuron|embryonic blood vessel endothelial progenitor cell|endo-epithelial cell|endocardial cell|endothelial cell|endothelial cell of artery|endothelial cell of hepatic sinusoid|endothelial cell of lymphatic vessel|enteric neuron|ependymal cell|epithelial cell|epithelial cell of amnion|epithelial cell of pancreas|epithelial cell of parathyroid gland|epithelial cell of proximal tubule|epithelial cell of thymus|epithelial cell of thyroid gland|erythroid progenitor cell|extraembryonic cell|fibroblast|gingival epithelial cell|glomerular endothelial cell|glutamatergic neuron|granulocyte|hematopoietic stem cell|hepatocyte|hypothalamus cell|intermediate mesodermal cell|intestinal enteroendocrine cell|intestine goblet cell|intrahepatic cholangiocyte|iris pigment epithelial cell|keratinocyte|kidney collecting duct intercalated cell|kidney collecting duct principal cell|kidney connecting tubule epithelial cell|kidney distal convoluted tubule epithelial cell|kidney epithelial cell|kidney loop of Henle ascending limb epithelial cell|lateral mesodermal cell|lens epithelial cell|lung endothelial cell|mast cell|megakaryocyte|melanocyte|mesodermal cell|metanephric mesenchyme stem cell|microglial cell|microvascular endothelial cell|monocyte|muscle precursor cell|myelinating Schwann cell|myeloid suppressor cell|myoblast|myofibroblast cell|myotube|natural killer cell|neural cell|neural progenitor cell|neuron|notochordal cell|olfactory ensheathing cell|olfactory epithelial cell|olfactory receptor cell|oligodendrocyte precursor cell|osteoblast|osteoclast|pancreatic acinar cell|parasympathetic neuron|pericyte|perineuronal satellite cell|peripheral nervous system neuron|photoreceptor cell|pinealocyte|pituitary gland cell|plasmacytoid dendritic cell|podocyte|primitive erythroid progenitor|primordial germ cell|pulmonary alveolar type 1 cell|pulmonary alveolar type 2 cell|regulatory T cell|respiratory tract goblet cell|retina horizontal cell|retinal bipolar neuron|retinal cone cell|retinal ganglion cell|retinal pigment epithelial cell|retinal progenitor cell|retinal rod cell|sensory neuron of dorsal root ganglion|spinal cord motor neuron|spiral ganglion neuron|splanchnic mesodermal cell|starburst amacrine cell|sympathetic neuron|thalamic excitatory neuron|type I cell of adrenal cortex|vein endothelial cell",https://datasets.cellxgene.cziscience.com/4a321ccb-ec08-42bc-808f-167bbd1127d3.h5ad,https://cellxgene.cziscience.com/collections/45d5d2c3-bc28-4814-aed6-0bb6f0e11c82
45d5d2c3-bc28-4814-aed6-0bb6f0e11c82,"A single-cell transcriptional timelapse of mouse embryonic development, from gastrula to pup",10.1038/s41586-024-07069-w,2024-03-11T16:31:31+00:00,07a4e406-3a76-47a3-a21c-a28d7ce7984a,a3fe0f38-5139-4cb0-b3ad-17a62b4ed135,42826,Mus musculus,embryo,normal,sci-RNA-seq3,nucleus,efferent neuron,efferent neuron|olfactory receptor cell,https://datasets.cellxgene.cziscience.com/a3fe0f38-5139-4cb0-b3ad-17a62b4ed135.h5ad,https://cellxgene.cziscience.com/collections/45d5d2c3-bc28-4814-aed6-0bb6f0e11c82
60358420-6055-411d-ba4f-e8ac80682a2e,Spatiotemporal analysis of human intestinal development at single-cell resolution,10.1016/j.cell.2020.12.016,2021-03-16T04:36:35+00:00,fd89be61-2869-4342-a86e-e1fce3a8f269,9c8cf5c7-6528-4bf0-b482-7ef38e55fe27,17622,Homo sapiens,colon|hindgut|ileum,normal,10x 3' v3,cell,enteroendocrine cell,enterocyte|enteroendocrine cell|gut absorptive cell|intestinal crypt stem cell of large intestine|intestinal crypt stem cell of small intestine|intestine goblet cell|progenitor cell|secretory cell|transit amplifying cell of colon|transit amplifying cell of small intestine,https://datasets.cellxgene.cziscience.com/9c8cf5c7-6528-4bf0-b482-7ef38e55fe27.h5ad,https://cellxgene.cziscience.com/collections/60358420-6055-411d-ba4f-e8ac80682a2e
60358420-6055-411d-ba4f-e8ac80682a2e,Spatiotemporal analysis of human intestinal development at single-cell resolution,10.1016/j.cell.2020.12.016,2021-03-16T04:36:35+00:00,bbd16004-09e8-4b6c-b465-73ff83a52837,a40d9047-5990-4aa1-aac8-2ff55649dab5,4144,Homo sapiens,colon|hindgut|ileum,normal,10x 3' v3,cell,glial cell|inhibitory motor neuron|interneuron|motor neuron|neuroendocrine cell,glial cell|inhibitory motor neuron|interneuron|motor neuron|neural cell|neuroendocrine cell|progenitor cell,https://datasets.cellxgene.cziscience.com/a40d9047-5990-4aa1-aac8-2ff55649dab5.h5ad,https://cellxgene.cziscience.com/collections/60358420-6055-411d-ba4f-e8ac80682a2e
60358420-6055-411d-ba4f-e8ac80682a2e,Spatiotemporal analysis of human intestinal development at single-cell resolution,10.1016/j.cell.2020.12.016,2021-03-16T04:36:35+00:00,b9b4cf27-9c22-410d-8bd8-5d43e379485b,fd6f06f5-6046-4dad-b732-4cbe8a57a653,4992,Homo sapiens,colon,normal,Visium Spatial Gene Expression V1,na,enteroendocrine cell|glial cell|inhibitory motor neuron|interneuron,enteric smooth muscle cell|enterocyte|enteroendocrine cell|fibroblast|glial cell|gut absorptive cell|gut endothelial cell|inhibitory motor neuron|interneuron|interstitial cell of Cajal|intestinal crypt stem cell of large intestine|intestinal crypt stem cell of small intestine|intestine goblet cell|mesothelial cell|myofibroblast cell|pericyte|progenitor cell|transit amplifying cell of colon|transit amplifying cell of small intestine|unknown,https://datasets.cellxgene.cziscience.com/fd6f06f5-6046-4dad-b732-4cbe8a57a653.h5ad,https://cellxgene.cziscience.com/collections/60358420-6055-411d-ba4f-e8ac80682a2e
60358420-6055-411d-ba4f-e8ac80682a2e,Spatiotemporal analysis of human intestinal development at single-cell resolution,10.1016/j.cell.2020.12.016,2021-03-16T04:36:35+00:00,abd889c6-f60a-4fbd-924e-ee1e9dcf909b,9f2c8edb-7b88-42b1-b2f4-32ed4792d972,4992,Homo sapiens,colon,normal,Visium Spatial Gene Expression V1,na,enteroendocrine cell|inhibitory motor neuron|interneuron|motor neuron|neuroendocrine cell,enteric smooth muscle cell|enterocyte|enteroendocrine cell|erythroid lineage cell|fibroblast|gut absorptive cell|gut endothelial cell|inhibitory motor neuron|interneuron|interstitial cell of Cajal|intestinal crypt stem cell of large intestine|intestinal crypt stem cell of small intestine|intestine goblet cell|leukocyte|macrophage|monocyte|motor neuron|myofibroblast cell|neuroendocrine cell|pericyte|precursor B cell|progenitor cell|secretory cell|transit amplifying cell of colon|transit amplifying cell of small intestine|unknown,https://datasets.cellxgene.cziscience.com/9f2c8edb-7b88-42b1-b2f4-32ed4792d972.h5ad,https://cellxgene.cziscience.com/collections/60358420-6055-411d-ba4f-e8ac80682a2e
60358420-6055-411d-ba4f-e8ac80682a2e,Spatiotemporal analysis of human intestinal development at single-cell resolution,10.1016/j.cell.2020.12.016,2021-03-16T04:36:35+00:00,aa0b5adb-957d-4f15-ab83-2c5cc2843f77,87a64267-6d5c-4e36-9c5a-5fef3988116b,4992,Homo sapiens,ileum,normal,Visium Spatial Gene Expression V1,na,inhibitory motor neuron|interneuron|neuroendocrine cell,dendritic cell|enteric smooth muscle cell|enterocyte|fibroblast|gut endothelial cell|inhibitory motor neuron|interneuron|interstitial cell of Cajal|intestinal crypt stem cell of large intestine|intestinal crypt stem cell of small intestine|intestine goblet cell|leukocyte|macrophage|myofibroblast cell|neuroendocrine cell|pericyte|progenitor cell|secretory cell|transit amplifying cell of colon|transit amplifying cell of small intestine|unknown,https://datasets.cellxgene.cziscience.com/87a64267-6d5c-4e36-9c5a-5fef3988116b.h5ad,https://cellxgene.cziscience.com/collections/60358420-6055-411d-ba4f-e8ac80682a2e
60358420-6055-411d-ba4f-e8ac80682a2e,Spatiotemporal analysis of human intestinal development at single-cell resolution,10.1016/j.cell.2020.12.016,2021-03-16T04:36:35+00:00,9dfd2243-74d6-4924-86bd-c206ca9287b1,74af8a22-0e68-4483-8a09-9ec5b5961b94,4992,Homo sapiens,colon,normal,Visium Spatial Gene Expression V1,na,enteroendocrine cell|glial cell|inhibitory motor neuron|motor neuron|neuroendocrine cell,B cell|dendritic cell|enteric smooth muscle cell|enterocyte|enteroendocrine cell|erythroid lineage cell|fibroblast|glial cell|group 3 innate lymphoid cell|gut absorptive cell|gut endothelial cell|inhibitory motor neuron|interstitial cell of Cajal|intestinal crypt stem cell of large intestine|intestinal crypt stem cell of small intestine|intestine goblet cell|leukocyte|macrophage|motor neuron|myofibroblast cell|naive T cell|natural killer cell|neural cell|neuroendocrine cell|pericyte|plasmacytoid dendritic cell|progenitor cell|secretory cell|transit amplifying cell of colon|transit amplifying cell of small intestine|unknown,https://datasets.cellxgene.cziscience.com/74af8a22-0e68-4483-8a09-9ec5b5961b94.h5ad,https://cellxgene.cziscience.com/collections/60358420-6055-411d-ba4f-e8ac80682a2e
60358420-6055-411d-ba4f-e8ac80682a2e,Spatiotemporal analysis of human intestinal development at single-cell resolution,10.1016/j.cell.2020.12.016,2021-03-16T04:36:35+00:00,774de9c6-9752-4e39-89a9-2a88c869d52a,40fe3e03-cb51-4aae-8dad-5cefa50c6350,4992,Homo sapiens,colon,normal,Visium Spatial Gene Expression V1,na,enteroendocrine cell|glial cell|inhibitory motor neuron|interneuron,enteric smooth muscle cell|enterocyte|enteroendocrine cell|fibroblast|glial cell|group 3 innate lymphoid cell|gut absorptive cell|gut endothelial cell|inhibitory motor neuron|interneuron|interstitial cell of Cajal|intestinal crypt stem cell of large intestine|intestine goblet cell|leukocyte|macrophage|mesothelial cell|monocyte|myofibroblast cell|naive T cell|neural cell|pericyte|precursor B cell|unknown,https://datasets.cellxgene.cziscience.com/40fe3e03-cb51-4aae-8dad-5cefa50c6350.h5ad,https://cellxgene.cziscience.com/collections/60358420-6055-411d-ba4f-e8ac80682a2e
60358420-6055-411d-ba4f-e8ac80682a2e,Spatiotemporal analysis of human intestinal development at single-cell resolution,10.1016/j.cell.2020.12.016,2021-03-16T04:36:35+00:00,4506d9e3-4543-4464-aeae-b0b04eee1cea,7f17c607-720a-4127-902a-551195bc901e,4992,Homo sapiens,colon,normal,Visium Spatial Gene Expression V1,na,enteroendocrine cell|glial cell|inhibitory motor neuron,B cell|dendritic cell|enteric smooth muscle cell|enterocyte|enteroendocrine cell|erythroid lineage cell|fibroblast|glial cell|group 3 innate lymphoid cell|gut absorptive cell|gut endothelial cell|inhibitory motor neuron|interstitial cell of Cajal|intestinal crypt stem cell of large intestine|intestinal crypt stem cell of small intestine|intestine goblet cell|leukocyte|macrophage|monocyte|myofibroblast cell|naive T cell|neural cell|pericyte|plasmacytoid dendritic cell|progenitor cell|secretory cell|transit amplifying cell of colon|transit amplifying cell of small intestine|unknown,https://datasets.cellxgene.cziscience.com/7f17c607-720a-4127-902a-551195bc901e.h5ad,https://cellxgene.cziscience.com/collections/60358420-6055-411d-ba4f-e8ac80682a2e
60358420-6055-411d-ba4f-e8ac80682a2e,Spatiotemporal analysis of human intestinal development at single-cell resolution,10.1016/j.cell.2020.12.016,2021-03-16T04:36:35+00:00,2d66790a-6621-4a49-8f0d-4002db5cc98d,9a78f716-552d-4f25-a7d5-95bbf44d4d05,4992,Homo sapiens,colon,normal,Visium Spatial Gene Expression V1,na,glial cell|inhibitory motor neuron|motor neuron,enteric smooth muscle cell|enterocyte|fibroblast|glial cell|gut absorptive cell|gut endothelial cell|inhibitory motor neuron|interstitial cell of Cajal|intestinal crypt stem cell of large intestine|intestinal crypt stem cell of small intestine|intestine goblet cell|leukocyte|mesothelial cell|motor neuron|myofibroblast cell|neural cell|pericyte|progenitor cell|secretory cell|transit amplifying cell of colon|unknown,https://datasets.cellxgene.cziscience.com/9a78f716-552d-4f25-a7d5-95bbf44d4d05.h5ad,https://cellxgene.cziscience.com/collections/60358420-6055-411d-ba4f-e8ac80682a2e
60358420-6055-411d-ba4f-e8ac80682a2e,Spatiotemporal analysis of human intestinal development at single-cell resolution,10.1016/j.cell.2020.12.016,2021-03-16T04:36:35+00:00,08e94873-c2a6-4f7d-ab72-aeaff3e3f929,0232e99c-00dd-4919-a26a-4545715a599f,4992,Homo sapiens,ileum,normal,Visium Spatial Gene Expression V1,na,interneuron|motor neuron|neuroendocrine cell,enteric smooth muscle cell|enterocyte|fibroblast|group 3 innate lymphoid cell|gut absorptive cell|gut endothelial cell|interneuron|interstitial cell of Cajal|intestinal crypt stem cell of large intestine|intestinal crypt stem cell of small intestine|intestine goblet cell|leukocyte|monocyte|motor neuron|myofibroblast cell|neuroendocrine cell|pericyte|progenitor cell|secretory cell|unknown,https://datasets.cellxgene.cziscience.com/0232e99c-00dd-4919-a26a-4545715a599f.h5ad,https://cellxgene.cziscience.com/collections/60358420-6055-411d-ba4f-e8ac80682a2e
e2a4a67f-6a18-431a-ab9c-6e77dd31cc80,A Cellular Anatomy of the Normal Adult Human Prostate and Prostatic Urethra,10.1016/j.celrep.2018.11.086,2021-06-29T16:14:55+00:00,e2a3c32d-71e2-4f38-b19c-dfcb8729cf46,5f504bb1-30d6-471c-a666-0ceda60177be,24544,Homo sapiens,peripheral zone of prostate|transition zone of prostate,normal,10x 3' v2,cell,neuroendocrine cell,basal cell of prostate epithelium|epithelial cell of urethra|luminal cell of prostate epithelium|neuroendocrine cell|secretory cell,https://datasets.cellxgene.cziscience.com/5f504bb1-30d6-471c-a666-0ceda60177be.h5ad,https://cellxgene.cziscience.com/collections/e2a4a67f-6a18-431a-ab9c-6e77dd31cc80
e2a4a67f-6a18-431a-ab9c-6e77dd31cc80,A Cellular Anatomy of the Normal Adult Human Prostate and Prostatic Urethra,10.1016/j.celrep.2018.11.086,2021-06-29T16:14:55+00:00,c3fe3c1e-5bf8-4678-b74a-79899243ad41,13907b46-3c3c-4092-bb6d-7b3cdb0cf7a6,28702,Homo sapiens,peripheral zone of prostate|transition zone of prostate,normal,10x 3' v2,cell,neuroendocrine cell,basal cell of prostate epithelium|epithelial cell of urethra|fibroblast of connective tissue of prostate|leukocyte|luminal cell of prostate epithelium|neuroendocrine cell|prostate gland microvascular endothelial cell|secretory cell|smooth muscle cell of prostate,https://datasets.cellxgene.cziscience.com/13907b46-3c3c-4092-bb6d-7b3cdb0cf7a6.h5ad,https://cellxgene.cziscience.com/collections/e2a4a67f-6a18-431a-ab9c-6e77dd31cc80
59c9ecfe-c47d-4a6a-bab0-895cc0c1942b,Dysregulation of brain and choroid plexus cell types in severe COVID-19,10.1038/s41586-021-03710-0,2024-02-07T17:08:41+00:00,595c9010-99ec-462d-b6a1-2b2fe5407871,6dd04cc1-f4b6-49c4-b34c-56508ea8af8c,27092,Homo sapiens,choroid plexus,COVID-19|aspiration pneumonia|influenza|malignant pancreatic neoplasm,10x 3' v3,nucleus,glial cell,cerebral cortex endothelial cell|choroid plexus epithelial cell|ependymal cell|glial cell|macrophage|mesenchymal cell|neural cell,https://datasets.cellxgene.cziscience.com/6dd04cc1-f4b6-49c4-b34c-56508ea8af8c.h5ad,https://cellxgene.cziscience.com/collections/59c9ecfe-c47d-4a6a-bab0-895cc0c1942b
3b8b7fec-ed65-4483-9579-9f98f5a93a74,Epithelium-enriched single cell transcriptomes from the ascending colon of pediatric and adult control subjects,10.1016/j.jcmgh.2025.101665,2026-02-12T19:48:49+00:00,944dedde-03e5-456d-996d-7250f7247b85,517c552c-48ff-4f15-9f23-55a70f3f054b,25641,Homo sapiens,right colon,normal,10x 3' v3,cell,neuronal receptor cell,"B cell|CD4-positive, alpha-beta memory T cell|CD8-positive, alpha-beta memory T cell|endothelial cell|epithelial cell|fibroblast|macrophage|mast cell|mature NK T cell|monocyte|myofibroblast cell|neuronal receptor cell|plasma cell",https://datasets.cellxgene.cziscience.com/517c552c-48ff-4f15-9f23-55a70f3f054b.h5ad,https://cellxgene.cziscience.com/collections/3b8b7fec-ed65-4483-9579-9f98f5a93a74
3b8b7fec-ed65-4483-9579-9f98f5a93a74,Epithelium-enriched single cell transcriptomes from the ascending colon of pediatric and adult control subjects,10.1016/j.jcmgh.2025.101665,2026-02-12T19:48:49+00:00,5d4415d1-cfcd-4b43-b2b2-138b5afd68af,45566c3d-0484-4b2b-858b-8aea1783f21f,35957,Homo sapiens,right colon,normal,10x 3' v3,cell,neuronal receptor cell,"B cell|CD4-positive, alpha-beta memory T cell|CD8-positive, alpha-beta memory T cell|endothelial cell|epithelial cell|fibroblast|macrophage|mast cell|mature NK T cell|monocyte|myofibroblast cell|neuronal receptor cell|plasma cell",https://datasets.cellxgene.cziscience.com/45566c3d-0484-4b2b-858b-8aea1783f21f.h5ad,https://cellxgene.cziscience.com/collections/3b8b7fec-ed65-4483-9579-9f98f5a93a74
a137437b-d284-4a27-b1e9-36958a8f92c1,"Tabula Microcebus: A transcriptomic cell atlas of mouse lemur, an emerging primate model organism",10.1038/s41586-025-09113-9,2025-11-11T21:05:02+00:00,f71eeea6-aa46-4d14-a53e-fb862806acee,377252d7-7eb6-4d1f-a146-18694c793d41,1560,Microcebus murinus,colon,normal,10x 3' v2|Smart-seq2,cell,intestinal enteroendocrine cell,"CD8-positive, alpha-beta T cell|enterocyte of epithelium of large intestine|epithelial cell of large intestine|fibroblast|intestinal enteroendocrine cell|large intestine goblet cell|mesothelial cell|myeloid cell|neutrophil|unknown",https://datasets.cellxgene.cziscience.com/377252d7-7eb6-4d1f-a146-18694c793d41.h5ad,https://cellxgene.cziscience.com/collections/a137437b-d284-4a27-b1e9-36958a8f92c1
a137437b-d284-4a27-b1e9-36958a8f92c1,"Tabula Microcebus: A transcriptomic cell atlas of mouse lemur, an emerging primate model organism",10.1038/s41586-025-09113-9,2025-11-11T21:05:02+00:00,ed839584-54ea-4914-ab0d-4ecc5a649bf1,361a0105-3715-408a-b8ba-a60a04449d22,5053,Microcebus murinus,cardiac muscle tissue|heart|heart left ventricle|heart right ventricle|left cardiac atrium|right cardiac atrium,normal,10x 3' v2|Smart-seq2,cell,neuron,Purkinje myocyte|T cell|cardiac muscle cell|endothelial cell|endothelial cell of lymphatic vessel|erythroid lineage cell|fibroblast|mesothelial cell|mesothelial cell of epicardium|myeloid cell|natural killer cell|neuron|neutrophil|nodal myocyte|pericyte|plasma cell|pulmonary alveolar type 2 cell|regular atrial cardiac myocyte|regular ventricular cardiac myocyte|unknown|vascular associated smooth muscle cell,https://datasets.cellxgene.cziscience.com/361a0105-3715-408a-b8ba-a60a04449d22.h5ad,https://cellxgene.cziscience.com/collections/a137437b-d284-4a27-b1e9-36958a8f92c1
a137437b-d284-4a27-b1e9-36958a8f92c1,"Tabula Microcebus: A transcriptomic cell atlas of mouse lemur, an emerging primate model organism",10.1038/s41586-025-09113-9,2025-11-11T21:05:02+00:00,d3bbb7e6-40df-4a4f-bfe0-49001bc06396,af24ba8a-0c53-4aa6-b7c8-cf1bfec15b41,34084,Microcebus murinus,lung,normal,10x 3' v2|Smart-seq2,cell,myelinating Schwann cell|non-myelinating Schwann cell,"B cell|CD4-positive, alpha-beta T cell|CD8-positive, alpha-beta T cell|T cell|alveolar macrophage|basal cell of epithelium of bronchus|basophil|brush cell of bronchus|capillary endothelial cell|ciliated cell|club cell|conventional dendritic cell|dendritic cell|endothelial cell|endothelial cell of artery|endothelial cell of lymphatic vessel|eosinophil|epithelial cell of uterus|erythroid lineage cell|erythroid progenitor cell|fibroblast|fibroblast of lung|granulocyte monocyte progenitor cell|hematopoietic precursor cell|innate lymphoid cell|lymphocyte|macrophage|mature NK T cell|megakaryocyte progenitor cell|mesothelial cell|monocyte|myelinating Schwann cell|myofibroblast cell|natural killer cell|neutrophil|non-myelinating Schwann cell|pericyte|plasma cell|plasmacytoid dendritic cell|platelet|pulmonary alveolar type 1 cell|pulmonary alveolar type 2 cell|unknown|vascular associated smooth muscle cell|vein endothelial cell",https://datasets.cellxgene.cziscience.com/af24ba8a-0c53-4aa6-b7c8-cf1bfec15b41.h5ad,https://cellxgene.cziscience.com/collections/a137437b-d284-4a27-b1e9-36958a8f92c1
a137437b-d284-4a27-b1e9-36958a8f92c1,"Tabula Microcebus: A transcriptomic cell atlas of mouse lemur, an emerging primate model organism",10.1038/s41586-025-09113-9,2025-11-11T21:05:02+00:00,bdf0abdf-f1a5-4480-a30b-1e34eaee53bb,faa09ce6-3023-483a-a72e-33b8999d41e8,7244,Microcebus murinus,urinary bladder,normal,10x 3' v2|Smart-seq2,cell,myelinating Schwann cell|non-myelinating Schwann cell,"B cell|CD4-positive, alpha-beta T cell|adipocyte|basophil|bladder urothelial cell|capillary endothelial cell|conventional dendritic cell|dendritic cell|endothelial cell of artery|endothelial cell of lymphatic vessel|fibroblast|innate lymphoid cell|lymphocyte|macrophage|mesothelial cell|monocyte|myelinating Schwann cell|myofibroblast cell|neutrophil|non-myelinating Schwann cell|pericyte|plasma cell|plasmacytoid dendritic cell|smooth muscle cell|unknown|vascular associated smooth muscle cell|vein endothelial cell",https://datasets.cellxgene.cziscience.com/faa09ce6-3023-483a-a72e-33b8999d41e8.h5ad,https://cellxgene.cziscience.com/collections/a137437b-d284-4a27-b1e9-36958a8f92c1
a137437b-d284-4a27-b1e9-36958a8f92c1,"Tabula Microcebus: A transcriptomic cell atlas of mouse lemur, an emerging primate model organism",10.1038/s41586-025-09113-9,2025-11-11T21:05:02+00:00,a7b46d3a-c85e-4ec2-b5c0-04fa3e50d28b,c2cb4260-9389-4392-8b35-5b867ef1ec85,6235,Microcebus murinus,small intestine,normal,10x 3' v2|Smart-seq2,cell,intestinal enteroendocrine cell|non-myelinating Schwann cell,"B cell|CD4-positive, alpha-beta T cell|CD8-positive, alpha-beta T cell|M cell of gut|T cell|basophil|capillary endothelial cell|conventional dendritic cell|dendritic cell|endothelial cell of artery|endothelial cell of lymphatic vessel|enterocyte of epithelium of small intestine|eosinophil|epithelial cell of small intestine|fibroblast|innate lymphoid cell|interstitial cell of Cajal|intestinal enteroendocrine cell|intestinal tuft cell|lymphocyte|macrophage|mature NK T cell|mesothelial cell|myeloid cell|natural killer cell|neutrophil|non-myelinating Schwann cell|pericyte|plasma cell|small intestine goblet cell|smooth muscle cell|unknown|vascular associated smooth muscle cell|vein endothelial cell",https://datasets.cellxgene.cziscience.com/c2cb4260-9389-4392-8b35-5b867ef1ec85.h5ad,https://cellxgene.cziscience.com/collections/a137437b-d284-4a27-b1e9-36958a8f92c1
a137437b-d284-4a27-b1e9-36958a8f92c1,"Tabula Microcebus: A transcriptomic cell atlas of mouse lemur, an emerging primate model organism",10.1038/s41586-025-09113-9,2025-11-11T21:05:02+00:00,8f67108f-1f78-4148-a14a-bff85c58f19b,ddfa35f1-b7e5-4fc8-acd9-c4f11d95ed97,13318,Microcebus murinus,adipose tissue|brown adipose tissue|gonadal fat pad|mesenteric fat pad|subcutaneous adipose tissue,normal,10x 3' v2,cell,non-myelinating Schwann cell,"B cell|CD4-positive, alpha-beta T cell|CD8-positive, alpha-beta T cell|T cell|adipocyte|basophil|capillary endothelial cell|conventional dendritic cell|dendritic cell|endothelial cell|endothelial cell of artery|endothelial cell of lymphatic vessel|epithelial cell|erythroid lineage cell|fibroblast|granulosa cell|macrophage|mature NK T cell|mesothelial cell|monocyte|myofibroblast cell|natural killer cell|neutrophil|non-myelinating Schwann cell|pancreatic acinar cell|pericyte|plasma cell|reticular cell|smooth muscle cell|tendon cell|unknown|urothelial cell|vascular associated smooth muscle cell|vein endothelial cell",https://datasets.cellxgene.cziscience.com/ddfa35f1-b7e5-4fc8-acd9-c4f11d95ed97.h5ad,https://cellxgene.cziscience.com/collections/a137437b-d284-4a27-b1e9-36958a8f92c1
a137437b-d284-4a27-b1e9-36958a8f92c1,"Tabula Microcebus: A transcriptomic cell atlas of mouse lemur, an emerging primate model organism",10.1038/s41586-025-09113-9,2025-11-11T21:05:02+00:00,586f4422-94a9-4452-b90c-6278df433763,d830839c-0b58-4759-8977-bcb89e964db4,14855,Microcebus murinus,kidney,normal,10x 3' v2|Smart-seq2,cell,non-myelinating Schwann cell,"B cell|CD4-positive, alpha-beta T cell|CD8-positive, alpha-beta T cell|T cell|adipocyte|basophil|capillary endothelial cell|conventional dendritic cell|dendritic cell|endothelial cell of lymphatic vessel|epithelial cell of proximal tubule|erythroid progenitor cell|fibroblast|glomerular endothelial cell|granulocyte monocyte progenitor cell|innate lymphoid cell|kidney collecting duct intercalated cell|kidney distal convoluted tubule epithelial cell|kidney loop of Henle epithelial cell|kidney loop of Henle thick ascending limb epithelial cell|kidney loop of Henle thin ascending limb epithelial cell|kidney loop of Henle thin descending limb epithelial cell|kidney proximal convoluted tubule epithelial cell|kidney proximal straight tubule epithelial cell|lymphocyte|macrophage|macula densa epithelial cell|mature NK T cell|mesothelial cell|monocyte|myofibroblast cell|natural killer cell|neutrophil|non-myelinating Schwann cell|pericyte|plasma cell|plasmacytoid dendritic cell|podocyte|renal alpha-intercalated cell|renal beta-intercalated cell|renal intercalated cell|renal principal cell|reticular cell|stromal cell|unknown|urothelial cell|vasa recta ascending limb cell|vasa recta descending limb cell|vascular associated smooth muscle cell",https://datasets.cellxgene.cziscience.com/d830839c-0b58-4759-8977-bcb89e964db4.h5ad,https://cellxgene.cziscience.com/collections/a137437b-d284-4a27-b1e9-36958a8f92c1
a137437b-d284-4a27-b1e9-36958a8f92c1,"Tabula Microcebus: A transcriptomic cell atlas of mouse lemur, an emerging primate model organism",10.1038/s41586-025-09113-9,2025-11-11T21:05:02+00:00,555bce6a-563b-4b9b-b496-3dbff30e756b,a86b3955-8949-47c1-847f-cff83737c333,8172,Microcebus murinus,pancreas,normal,10x 3' v2|Smart-seq2,cell,non-myelinating Schwann cell,"B cell|CD4-positive, alpha-beta T cell|CD8-positive, alpha-beta T cell|T cell|adipocyte|capillary endothelial cell|conventional dendritic cell|dendritic cell|endothelial cell of artery|endothelial cell of lymphatic vessel|epithelial cell of exocrine pancreas|fibroblast|lymphocyte|macrophage|mature NK T cell|mesothelial cell|monocyte|natural killer cell|neutrophil|non-myelinating Schwann cell|pancreatic A cell|pancreatic D cell|pancreatic PP cell|pancreatic acinar cell|pancreatic ductal cell|pancreatic endocrine cell|pericyte|plasma cell|plasmacytoid dendritic cell|reticular cell|stromal cell|type B pancreatic cell|unknown|vascular associated smooth muscle cell|vein endothelial cell",https://datasets.cellxgene.cziscience.com/a86b3955-8949-47c1-847f-cff83737c333.h5ad,https://cellxgene.cziscience.com/collections/a137437b-d284-4a27-b1e9-36958a8f92c1
625f6bf4-2f33-4942-962e-35243d284837,LungMAP — Human data from a broad age healthy donor group,10.7554/eLife.62522,2021-03-16T23:28:52+00:00,3de0ad6d-4378-4f62-b37b-ec0b75a50d94,92167705-4b81-4c4b-a0b5-abe08910415e,46500,Homo sapiens,lung,normal,10x 3' v3,nucleus,pulmonary neuroendocrine cell,B cell|T cell|alveolar macrophage|basal cell|blood vessel endothelial cell|chondrocyte|ciliated cell|club cell|dendritic cell|endothelial cell|endothelial cell of artery|enucleate erythrocyte|epithelial cell|fibroblast|goblet cell|macrophage|mast cell|monocyte|myofibroblast cell|natural killer cell|pericyte|pulmonary alveolar type 1 cell|pulmonary alveolar type 2 cell|pulmonary neuroendocrine cell|smooth muscle cell|unknown|vascular associated smooth muscle cell|vein endothelial cell,https://datasets.cellxgene.cziscience.com/92167705-4b81-4c4b-a0b5-abe08910415e.h5ad,https://cellxgene.cziscience.com/collections/625f6bf4-2f33-4942-962e-35243d284837
b1a879f6-5638-48d3-8f64-f6592c1b1561,Mapping the developing human immune system across organs,10.1126/science.abo0510,2022-10-04T23:05:32+00:00,fd072bc3-2dfb-46f8-b4e3-467cb3223182,df38503b-8dba-4800-957d-6613747924bb,908046,Homo sapiens,bone marrow|gut wall|kidney|liver|mesenteric lymph node|skin of body|spleen|thymus|yolk sac,normal,10x 3' v2|10x 5' v1,cell,enteroendocrine cell|glial cell|neuron,"B-1 B cell|B-2 B cell|CD8-alpha-alpha-positive, alpha-beta intraepithelial T cell|Kupffer cell|Langerhans cell|T cell|cell of skeletal muscle|chondrocyte|common dendritic progenitor|common myeloid progenitor|dendritic cell|double negative thymocyte|double-positive, alpha-beta thymocyte|early lymphoid progenitor|endothelial cell|enteroendocrine cell|epithelial cell|epithelial cell of nephron|erythrocyte|eurydendroid cell|fibroblast|fraction A pre-pro B cell|glial cell|granulocyte|granulocyte monocyte progenitor cell|group 2 innate lymphoid cell|group 3 innate lymphoid cell|hematopoietic multipotent progenitor cell|hematopoietic stem cell|hepatocyte|immature B cell|innate lymphoid cell|interstitial cell of Cajal|keratinocyte|large pre-B-II cell|late pro-B cell|macrophage|mast cell|mature B cell|megakaryocyte|megakaryocyte-erythroid progenitor cell|melanocyte|mesothelial cell|monocyte|myelocyte|myofibroblast cell|naive thymus-derived CD4-positive, alpha-beta T cell|naive thymus-derived CD8-positive, alpha-beta T cell|natural killer cell|neuron|neutrophil|osteoblast|osteoclast|plasma cell|plasmacytoid dendritic cell|pre-conventional dendritic cell|pro-B cell|promonocyte|promyelocyte|regulatory T cell|skeletal muscle satellite cell|small pre-B-II cell|smooth muscle cell|stromal cell|unknown|vascular associated smooth muscle cell",https://datasets.cellxgene.cziscience.com/df38503b-8dba-4800-957d-6613747924bb.h5ad,https://cellxgene.cziscience.com/collections/b1a879f6-5638-48d3-8f64-f6592c1b1561
b1a879f6-5638-48d3-8f64-f6592c1b1561,Mapping the developing human immune system across organs,10.1126/science.abo0510,2022-10-04T23:05:32+00:00,d0c12af4-c0e4-4c7b-873a-70752b449689,dbec7f42-587b-4ae4-932e-21dae985908f,318656,Homo sapiens,bone marrow|gut wall|kidney|liver|mesenteric lymph node|skin of body|spleen|thymus|yolk sac,normal,10x 3' v2|10x 5' v1,cell,enteroendocrine cell|glial cell|neuron,cell of skeletal muscle|chondrocyte|endothelial cell|enteroendocrine cell|epithelial cell|epithelial cell of nephron|eurydendroid cell|fibroblast|glial cell|hepatocyte|interstitial cell of Cajal|keratinocyte|melanocyte|mesothelial cell|myofibroblast cell|neuron|osteoblast|skeletal muscle satellite cell|smooth muscle cell|stromal cell|unknown|vascular associated smooth muscle cell,https://datasets.cellxgene.cziscience.com/dbec7f42-587b-4ae4-932e-21dae985908f.h5ad,https://cellxgene.cziscience.com/collections/b1a879f6-5638-48d3-8f64-f6592c1b1561
9c9ce98a-6b02-4262-9407-1ebb2de31f63,Integrated multi-omic characterization of congenital heart disease,10.1038/s41586-022-04989-3,2026-05-01T17:47:50+00:00,9928ad5f-6afd-4fb0-89b0-6690e2a2ce25,beb6ae0c-c47b-4a8d-9f8d-39a43f5853bd,157293,Homo sapiens,heart,congenital heart disease|dilated cardiomyopathy|hypertrophic cardiomyopathy|hypoplastic left heart syndrome|tetralogy of fallot,10x 3' v3,nucleus,neuron,T cell|adipocyte|cardiac muscle cell|cardiocyte|endocardial cell|endothelial cell|endothelial cell of lymphatic vessel|epicardial adipocyte|fibroblast of cardiac tissue|macrophage|mast cell|neuron|pericyte|vascular associated smooth muscle cell,https://datasets.cellxgene.cziscience.com/beb6ae0c-c47b-4a8d-9f8d-39a43f5853bd.h5ad,https://cellxgene.cziscience.com/collections/9c9ce98a-6b02-4262-9407-1ebb2de31f63
6b701826-37bb-4356-9792-ff41fc4c3161,Single-Nucleus Analysis of Human White Adipose Tissue Reveals Adipocyte Subsets with Distinct Metabolic Profiles,10.1101/2025.09.14.673351,2023-05-15T04:48:37+00:00,9d8e5dca-03a3-457d-b7fb-844c75735c83,3d0f967f-ad82-4470-a46d-6d156ad13e42,72335,Homo sapiens,subcutaneous abdominal adipose tissue|visceral abdominal adipose tissue,normal,10x 3' v3,nucleus,Schwann cell|neuron associated cell,Schwann cell|adipocyte|endothelial cell|endothelial cell of lymphatic vessel|fibro/adipogenic progenitor cell|hematopoietic cell|lymphocyte|macrophage|mast cell|mesothelial cell|myeloid cell|neuron associated cell|pericyte|smooth muscle cell|unknown,https://datasets.cellxgene.cziscience.com/3d0f967f-ad82-4470-a46d-6d156ad13e42.h5ad,https://cellxgene.cziscience.com/collections/6b701826-37bb-4356-9792-ff41fc4c3161
e276e3e2-197a-4524-abd1-a753a48dc33a,Human Lung Allografts Experience Persistent Fibrogenic Shift Following Acute Cellular Rejection,10.1016/j.healun.2026.02.1666,2026-02-27T18:10:28+00:00,10c0c666-bd99-4a5c-b697-f1be835f5427,af6e81be-e65c-4821-987e-e0eb6c8acd59,56676,Homo sapiens,lung,acute graft versus host disease|normal,10x 3' v3|10x 5' v1|10x 5' v2,cell,neuroendocrine cell,"CD141-positive myeloid dendritic cell|CD1c-positive myeloid dendritic cell|T cell|T follicular helper cell|alveolar adventitial fibroblast|alveolar capillary type 2 endothelial cell|alveolar type 1 fibroblast cell|basal cell|capillary endothelial cell|ciliated epithelial cell|classical monocyte|club cell|dendritic cell|effector T cell|endothelial cell of artery|endothelial cell of lymphatic vessel|exhausted T cell|fibroblast|gamma-delta T cell|goblet cell|helper T cell|innate lymphoid cell|intermediate monocyte|ionocyte|lung resident memory CD8-positive, CD103-positive, alpha-beta T cell|macrophage|mast cell|memory B cell|mesothelial cell|microvascular endothelial cell|mucosal-associated invariant T cell|mucus secreting cell|myofibroblast cell|naive B cell|naive thymus-derived CD4-positive, alpha-beta T cell|naive thymus-derived CD8-positive, alpha-beta T cell|natural killer cell|neuroendocrine cell|neutrophil|non-classical monocyte|pericyte|plasma cell|plasmacytoid dendritic cell|platelet|progenitor cell|pulmonary alveolar type 1 cell|pulmonary alveolar type 2 cell|regulatory T cell|serous secreting cell|smooth muscle cell|vein endothelial cell",https://datasets.cellxgene.cziscience.com/af6e81be-e65c-4821-987e-e0eb6c8acd59.h5ad,https://cellxgene.cziscience.com/collections/e276e3e2-197a-4524-abd1-a753a48dc33a
a238e9fa-2bdf-41df-8522-69046f99baff,Single-Cell Analysis of Human Pancreas Reveals Transcriptional Signatures of Aging and Somatic Mutation Patterns,10.1016/j.cell.2017.09.004,2021-05-19T21:11:31+00:00,66d15835-5dc8-4e96-b0eb-f48971cb65e8,08d4b9cf-3425-4413-a30f-8f97fe87b1e1,2544,Homo sapiens,islet of Langerhans,normal,Smart-seq2,cell,type A enteroendocrine cell|type D enteroendocrine cell,acinar cell|mesenchymal cell|pancreatic ductal cell|type A enteroendocrine cell|type B pancreatic cell|type D enteroendocrine cell|unknown,https://datasets.cellxgene.cziscience.com/08d4b9cf-3425-4413-a30f-8f97fe87b1e1.h5ad,https://cellxgene.cziscience.com/collections/a238e9fa-2bdf-41df-8522-69046f99baff
2d2e2acd-dade-489f-a2da-6c11aa654028,A human fetal lung cell atlas uncovers proximal-distal gradients of differentiation and key regulators of epithelial fates,10.1016/j.cell.2022.11.005,2022-08-25T19:32:15+00:00,e8a11a27-9c47-4673-b65d-11b9cd6065e1,06c5de26-113f-4960-9b5a-143f8955303f,9096,Homo sapiens,lung,normal,10x 5' v1,cell,neuroendocrine cell|pulmonary neuroendocrine cell,basal cell|club cell|epithelial cell of lung|glandular secretory epithelial cell|lung secretory cell|neuroendocrine cell|pulmonary alveolar type 1 cell|pulmonary alveolar type 2 cell|pulmonary neuroendocrine cell|respiratory tract epithelial cell|squamous epithelial cell,https://datasets.cellxgene.cziscience.com/06c5de26-113f-4960-9b5a-143f8955303f.h5ad,https://cellxgene.cziscience.com/collections/2d2e2acd-dade-489f-a2da-6c11aa654028
2d2e2acd-dade-489f-a2da-6c11aa654028,A human fetal lung cell atlas uncovers proximal-distal gradients of differentiation and key regulators of epithelial fates,10.1016/j.cell.2022.11.005,2022-08-25T19:32:15+00:00,e887bd14-bb23-48ed-9616-aa3f9b11c446,f6df703f-8117-47cc-80d9-1d9cd6d945cf,4992,Homo sapiens,lung,normal,Visium Spatial Gene Expression V1,na,neuron|pulmonary neuroendocrine cell,basal cell|bronchus fibroblast of lung|chondrocyte|club cell|endothelial cell of artery|epithelial cell of lung|erythrocyte|fibroblast of lung|megakaryocyte|myofibroblast cell|neuron|pulmonary alveolar type 1 cell|pulmonary alveolar type 2 cell|pulmonary interstitial fibroblast|pulmonary neuroendocrine cell|respiratory tract epithelial cell|tracheobronchial smooth muscle cell|unknown|vascular associated smooth muscle cell|vein endothelial cell,https://datasets.cellxgene.cziscience.com/f6df703f-8117-47cc-80d9-1d9cd6d945cf.h5ad,https://cellxgene.cziscience.com/collections/2d2e2acd-dade-489f-a2da-6c11aa654028
2d2e2acd-dade-489f-a2da-6c11aa654028,A human fetal lung cell atlas uncovers proximal-distal gradients of differentiation and key regulators of epithelial fates,10.1016/j.cell.2022.11.005,2022-08-25T19:32:15+00:00,e69d2744-9033-4afd-80c0-d395be398ec2,808b803d-5e5e-4659-a9a4-9858456ccaff,4992,Homo sapiens,lung,normal,Visium Spatial Gene Expression V1,na,pulmonary neuroendocrine cell,"CD4-positive, alpha-beta T cell|CD8-positive, alpha-beta T cell|bronchus fibroblast of lung|club cell|dendritic cell|endothelial cell of artery|endothelial cell of lymphatic vessel|epithelial cell of lung|erythrocyte|fibroblast of lung|lung multiciliated epithelial cell|megakaryocyte|pulmonary alveolar type 1 cell|pulmonary interstitial fibroblast|pulmonary neuroendocrine cell|respiratory tract epithelial cell|tracheobronchial smooth muscle cell|unknown|vascular associated smooth muscle cell",https://datasets.cellxgene.cziscience.com/808b803d-5e5e-4659-a9a4-9858456ccaff.h5ad,https://cellxgene.cziscience.com/collections/2d2e2acd-dade-489f-a2da-6c11aa654028
2d2e2acd-dade-489f-a2da-6c11aa654028,A human fetal lung cell atlas uncovers proximal-distal gradients of differentiation and key regulators of epithelial fates,10.1016/j.cell.2022.11.005,2022-08-25T19:32:15+00:00,dc522d04-8e07-4e07-91a4-dd6da72ad25c,4c1eff62-777a-48b8-b576-8b8930f52932,4992,Homo sapiens,lung,normal,Visium Spatial Gene Expression V1,na,neuron|pulmonary neuroendocrine cell,"CD4-positive, alpha-beta T cell|CD8-positive, alpha-beta T cell|bone marrow cell|bronchus fibroblast of lung|capillary endothelial cell|chondrocyte|club cell|dendritic cell|endothelial cell of lymphatic vessel|epithelial cell of lung|erythrocyte|fibroblast of lung|lung multiciliated epithelial cell|macrophage|mesothelial cell|myofibroblast cell|neuron|pulmonary alveolar type 1 cell|pulmonary alveolar type 2 cell|pulmonary interstitial fibroblast|pulmonary neuroendocrine cell|respiratory tract epithelial cell|tracheobronchial smooth muscle cell|unknown|vascular associated smooth muscle cell|vein endothelial cell",https://datasets.cellxgene.cziscience.com/4c1eff62-777a-48b8-b576-8b8930f52932.h5ad,https://cellxgene.cziscience.com/collections/2d2e2acd-dade-489f-a2da-6c11aa654028
2d2e2acd-dade-489f-a2da-6c11aa654028,A human fetal lung cell atlas uncovers proximal-distal gradients of differentiation and key regulators of epithelial fates,10.1016/j.cell.2022.11.005,2022-08-25T19:32:15+00:00,c932254f-f3b2-4b70-9b79-9557b6a3bbd7,da805fd8-26d8-496b-ba08-ca5c3ee525ba,4992,Homo sapiens,lung,normal,Visium Spatial Gene Expression V1,na,Schwann cell|neuron,Schwann cell|basal cell|chondrocyte|club cell|endothelial cell of lymphatic vessel|epithelial cell of lung|fibroblast of lung|lung multiciliated epithelial cell|lung secretory cell|myofibroblast cell|neuron|pulmonary alveolar type 1 cell|pulmonary alveolar type 2 cell|pulmonary interstitial fibroblast|respiratory tract epithelial cell|tracheobronchial smooth muscle cell|unknown|vascular associated smooth muscle cell,https://datasets.cellxgene.cziscience.com/da805fd8-26d8-496b-ba08-ca5c3ee525ba.h5ad,https://cellxgene.cziscience.com/collections/2d2e2acd-dade-489f-a2da-6c11aa654028
2d2e2acd-dade-489f-a2da-6c11aa654028,A human fetal lung cell atlas uncovers proximal-distal gradients of differentiation and key regulators of epithelial fates,10.1016/j.cell.2022.11.005,2022-08-25T19:32:15+00:00,a6529751-6e49-4e86-93d3-ec03fcd551dc,99ff86c8-f8bc-496a-a2ff-206141b782d9,4992,Homo sapiens,lung,normal,Visium Spatial Gene Expression V1,na,neuron,bronchus fibroblast of lung|chondrocyte|club cell|endothelial cell|epithelial cell of lung|erythrocyte|fibroblast of lung|lung multiciliated epithelial cell|macrophage|natural killer cell|neuron|pulmonary alveolar type 1 cell|pulmonary alveolar type 2 cell|pulmonary interstitial fibroblast|respiratory tract epithelial cell|tracheobronchial smooth muscle cell|unknown|vascular associated smooth muscle cell|vein endothelial cell,https://datasets.cellxgene.cziscience.com/99ff86c8-f8bc-496a-a2ff-206141b782d9.h5ad,https://cellxgene.cziscience.com/collections/2d2e2acd-dade-489f-a2da-6c11aa654028
2d2e2acd-dade-489f-a2da-6c11aa654028,A human fetal lung cell atlas uncovers proximal-distal gradients of differentiation and key regulators of epithelial fates,10.1016/j.cell.2022.11.005,2022-08-25T19:32:15+00:00,703f00e6-b996-48e5-bc34-00c41b9876f4,669fab92-64fb-439a-a89f-69c4a43e3700,649,Homo sapiens,lung,normal,10x 5' v1,cell,Schwann cell|Schwann cell precursor|immature Schwann cell|neuron,Schwann cell|Schwann cell precursor|immature Schwann cell|neural progenitor cell|neuron,https://datasets.cellxgene.cziscience.com/669fab92-64fb-439a-a89f-69c4a43e3700.h5ad,https://cellxgene.cziscience.com/collections/2d2e2acd-dade-489f-a2da-6c11aa654028
2d2e2acd-dade-489f-a2da-6c11aa654028,A human fetal lung cell atlas uncovers proximal-distal gradients of differentiation and key regulators of epithelial fates,10.1016/j.cell.2022.11.005,2022-08-25T19:32:15+00:00,56139b1e-9fc5-4aab-9058-0102bc7cc74a,633e1b14-4911-439b-8980-26156718a19b,4992,Homo sapiens,lung,normal,Visium Spatial Gene Expression V1,na,pulmonary neuroendocrine cell,"CD4-positive, alpha-beta T cell|bronchus fibroblast of lung|club cell|endothelial cell of artery|epithelial cell of lung|fibroblast of lung|lung multiciliated epithelial cell|megakaryocyte|myofibroblast cell|pulmonary alveolar type 1 cell|pulmonary alveolar type 2 cell|pulmonary interstitial fibroblast|pulmonary neuroendocrine cell|respiratory tract epithelial cell|tracheobronchial smooth muscle cell|unknown|vascular associated smooth muscle cell",https://datasets.cellxgene.cziscience.com/633e1b14-4911-439b-8980-26156718a19b.h5ad,https://cellxgene.cziscience.com/collections/2d2e2acd-dade-489f-a2da-6c11aa654028
2d2e2acd-dade-489f-a2da-6c11aa654028,A human fetal lung cell atlas uncovers proximal-distal gradients of differentiation and key regulators of epithelial fates,10.1016/j.cell.2022.11.005,2022-08-25T19:32:15+00:00,4023a2bc-6325-47db-bfdf-9639e91042c2,4397cba1-ccb3-4efa-8655-e9e1493001c3,70495,Homo sapiens,lung|lung,normal,10x 5' v1,cell,neuroendocrine cell|pulmonary neuroendocrine cell,basal cell|club cell|epithelial cell of lung|lung secretory cell|neuroendocrine cell|pulmonary alveolar type 1 cell|pulmonary alveolar type 2 cell|pulmonary neuroendocrine cell|respiratory tract epithelial cell,https://datasets.cellxgene.cziscience.com/4397cba1-ccb3-4efa-8655-e9e1493001c3.h5ad,https://cellxgene.cziscience.com/collections/2d2e2acd-dade-489f-a2da-6c11aa654028
2d2e2acd-dade-489f-a2da-6c11aa654028,A human fetal lung cell atlas uncovers proximal-distal gradients of differentiation and key regulators of epithelial fates,10.1016/j.cell.2022.11.005,2022-08-25T19:32:15+00:00,3dc61ca1-ce40-46b6-8337-f27260fd9a03,c961f0d3-15cd-481a-b167-d356ccf6659a,71752,Homo sapiens,lung,normal,10x 5' v1,cell,Schwann cell|Schwann cell precursor|immature Schwann cell|neuron|pulmonary neuroendocrine cell,"B-1a B cell|B-1b B cell|CD16-negative, CD56-bright natural killer cell, human|CD16-positive, CD56-dim natural killer cell, human|CD34-positive, CD56-positive, CD117-positive common innate lymphoid precursor, human|CD4-positive, alpha-beta T cell|CD8-positive, alpha-beta T cell|Schwann cell|Schwann cell precursor|T cell|T-helper 17 cell|basal cell|basophil|bone marrow cell|bronchus fibroblast of lung|capillary endothelial cell|chondrocyte|classical monocyte|club cell|common myeloid progenitor|dendritic cell|dendritic cell, human|early lymphoid progenitor|endothelial cell|endothelial cell of artery|endothelial cell of lymphatic vessel|eosinophil|epithelial cell of lung|erythroblast|erythrocyte|fibroblast of lung|granulocyte monocyte progenitor cell|group 2 innate lymphoid cell|group 3 innate lymphoid cell|hematopoietic stem cell|immature B cell|immature Schwann cell|large pre-B-II cell|late pro-B cell|lung multiciliated epithelial cell|lung secretory cell|macrophage|mast cell|mature NK T cell|megakaryocyte|megakaryocyte-erythroid progenitor cell|mesenchymal cell|mesothelial cell|myofibroblast cell|natural killer cell|neural progenitor cell|neuron|neutrophil|non-classical monocyte|pericyte|plasmacytoid dendritic cell|platelet|pre-B-I cell|precursor B cell|primitive red blood cell|pro-B cell|promonocyte|promyelocyte|pulmonary alveolar type 1 cell|pulmonary alveolar type 2 cell|pulmonary interstitial fibroblast|pulmonary neuroendocrine cell|regulatory T cell|respiratory tract epithelial cell|reticulocyte|small pre-B-II cell|smooth muscle cell|squamous epithelial cell|thymocyte|tracheobronchial smooth muscle cell|vascular associated smooth muscle cell|vein endothelial cell",https://datasets.cellxgene.cziscience.com/c961f0d3-15cd-481a-b167-d356ccf6659a.h5ad,https://cellxgene.cziscience.com/collections/2d2e2acd-dade-489f-a2da-6c11aa654028
2d2e2acd-dade-489f-a2da-6c11aa654028,A human fetal lung cell atlas uncovers proximal-distal gradients of differentiation and key regulators of epithelial fates,10.1016/j.cell.2022.11.005,2022-08-25T19:32:15+00:00,30354fd6-4c1b-4083-b6da-8cfbcce1f7b9,89e334a9-3977-4ec7-98dc-716ed06bddc3,4992,Homo sapiens,lung,normal,Visium Spatial Gene Expression V1,na,pulmonary neuroendocrine cell,"CD4-positive, alpha-beta T cell|CD8-positive, alpha-beta T cell|basal cell|bronchus fibroblast of lung|capillary endothelial cell|chondrocyte|club cell|endothelial cell of lymphatic vessel|epithelial cell of lung|erythrocyte|fibroblast of lung|group 3 innate lymphoid cell|lung multiciliated epithelial cell|megakaryocyte|pericyte|pulmonary alveolar type 1 cell|pulmonary alveolar type 2 cell|pulmonary interstitial fibroblast|pulmonary neuroendocrine cell|respiratory tract epithelial cell|tracheobronchial smooth muscle cell|unknown|vascular associated smooth muscle cell|vein endothelial cell",https://datasets.cellxgene.cziscience.com/89e334a9-3977-4ec7-98dc-716ed06bddc3.h5ad,https://cellxgene.cziscience.com/collections/2d2e2acd-dade-489f-a2da-6c11aa654028
2d2e2acd-dade-489f-a2da-6c11aa654028,A human fetal lung cell atlas uncovers proximal-distal gradients of differentiation and key regulators of epithelial fates,10.1016/j.cell.2022.11.005,2022-08-25T19:32:15+00:00,2adc282f-60f1-4afa-a990-940065af4b53,e48bea7e-8cd8-4b59-80a0-34ec6419f4d2,4992,Homo sapiens,lung,normal,Visium Spatial Gene Expression V1,na,pulmonary neuroendocrine cell,"CD4-positive, alpha-beta T cell|bronchus fibroblast of lung|club cell|endothelial cell of artery|epithelial cell of lung|erythrocyte|fibroblast of lung|lung multiciliated epithelial cell|macrophage|mesothelial cell|myofibroblast cell|pulmonary alveolar type 1 cell|pulmonary alveolar type 2 cell|pulmonary interstitial fibroblast|pulmonary neuroendocrine cell|respiratory tract epithelial cell|tracheobronchial smooth muscle cell|unknown|vascular associated smooth muscle cell|vein endothelial cell",https://datasets.cellxgene.cziscience.com/e48bea7e-8cd8-4b59-80a0-34ec6419f4d2.h5ad,https://cellxgene.cziscience.com/collections/2d2e2acd-dade-489f-a2da-6c11aa654028
2d2e2acd-dade-489f-a2da-6c11aa654028,A human fetal lung cell atlas uncovers proximal-distal gradients of differentiation and key regulators of epithelial fates,10.1016/j.cell.2022.11.005,2022-08-25T19:32:15+00:00,1c6f271e-dfc0-48b5-8fb4-65d297a7666c,fb506eb2-7411-4fd3-89b2-b1d45912d29c,4992,Homo sapiens,lung,normal,Visium Spatial Gene Expression V1,na,pulmonary neuroendocrine cell,"CD8-positive, alpha-beta T cell|endothelial cell of artery|endothelial cell of lymphatic vessel|epithelial cell of lung|erythrocyte|fibroblast of lung|megakaryocyte|mesothelial cell|myofibroblast cell|pulmonary alveolar type 1 cell|pulmonary interstitial fibroblast|pulmonary neuroendocrine cell|respiratory tract epithelial cell|tracheobronchial smooth muscle cell|unknown|vascular associated smooth muscle cell|vein endothelial cell",https://datasets.cellxgene.cziscience.com/fb506eb2-7411-4fd3-89b2-b1d45912d29c.h5ad,https://cellxgene.cziscience.com/collections/2d2e2acd-dade-489f-a2da-6c11aa654028
ec329aed-22bc-4d6e-8935-8282dcb1acac,Early human lung immune cell development and its role in epithelial cell fate,10.1126/sciimmunol.adf9988,2024-07-24T17:30:44+00:00,8dc858b0-b076-4326-94bb-7c2d1cd721a3,2ebaaba9-0401-46a8-a242-f44f333ddb0d,8556,Homo sapiens,lung,normal,10x 5' transcription profiling,cell,pulmonary neuroendocrine cell,pulmonary alveolar epithelial cell|pulmonary alveolar type 2 cell|pulmonary neuroendocrine cell|respiratory tract epithelial cell,https://datasets.cellxgene.cziscience.com/2ebaaba9-0401-46a8-a242-f44f333ddb0d.h5ad,https://cellxgene.cziscience.com/collections/ec329aed-22bc-4d6e-8935-8282dcb1acac
e33ffcd3-7cbf-4b8c-b0f4-85587ad5019a,Cells of the human intestinal tract mapped across space and time,10.1038/s41586-021-03852-1,2022-09-15T09:07:44+00:00,80a2c5b6-02e7-4fc0-9f12-179f5247c1bc,47ae9727-f767-46b8-9d56-a25ddcd9ae94,428469,Homo sapiens,ascending colon|caecum|colon|descending colon|duodenum|ileum|jejunum|large intestine|lymph node|mesenteric lymph node|rectum|sigmoid colon|small intestine|transverse colon|vermiform appendix,Crohn disease|normal,10x 3' v2|10x 5' v2,cell,enteroendocrine cell|glial cell|inhibitory motor neuron|interneuron|motor neuron|primary sensory neuron (sensu Teleostei)|type D enteroendocrine cell|type EC enteroendocrine cell|type I enteroendocrine cell|type L enteroendocrine cell|type N enteroendocrine cell,"B cell|CD34-positive, CD56-positive, CD117-positive common innate lymphoid precursor, human|CD4-positive, alpha-beta T cell|CD8-positive, alpha-beta T cell|CD8-positive, alpha-beta memory T cell|GIP cell|IgA plasma cell|IgG plasma cell|IgM plasma cell|M cell of gut|M1 macrophage|NKp44-negative group 3 innate lymphoid cell, human|NKp44-positive group 3 innate lymphoid cell, human|T cell|T follicular helper cell|T-helper 1 cell|T-helper 17 cell|activated CD4-positive, alpha-beta T cell|activated CD8-positive, alpha-beta T cell|capillary endothelial cell|colon epithelial cell|colonocyte|common lymphoid progenitor|conventional dendritic cell|endothelial cell of artery|endothelial cell of lymphatic vessel|enteric smooth muscle cell|enteroendocrine cell|epithelial cell|erythrocyte|follicular dendritic cell|gamma-delta T cell|germ cell|germinal center B cell|glial cell|group 2 innate lymphoid cell|group 3 innate lymphoid cell|immature B cell|inhibitory motor neuron|interneuron|interstitial cell of Cajal|intestinal tuft cell|intestine goblet cell|macrophage|mast cell|mature NK T cell|megakaryocyte|memory B cell|mesenchymal lymphangioblast|mesodermal cell|mesothelial cell|migratory enteric neural crest cell|monocyte|motor neuron|mucosal-associated invariant T cell|myofibroblast cell|naive B cell|natural killer cell|neuroblast (sensu Vertebrata)|neutrophil|oligodendrocyte precursor cell|pericyte|plasma cell|plasmacytoid dendritic cell|precursor B cell|primary sensory neuron (sensu Teleostei)|pro-B cell|progenitor cell|progenitor cell of endocrine pancreas|regulatory T cell|reticular cell|stem cell|stromal cell|stromal cell of lamina propria of small intestine|transit amplifying cell|type B pancreatic cell|type D enteroendocrine cell|type EC enteroendocrine cell|type I enteroendocrine cell|type L enteroendocrine cell|type N enteroendocrine cell|unknown|vein endothelial cell",https://datasets.cellxgene.cziscience.com/47ae9727-f767-46b8-9d56-a25ddcd9ae94.h5ad,https://cellxgene.cziscience.com/collections/e33ffcd3-7cbf-4b8c-b0f4-85587ad5019a
58e85c2f-d52e-4c19-8393-b854b84d516e,"A pancreatic islet scRNA-seq atlas from 48 non-diabetic, prediabetic and type 2 diabetic individuals of matched demographic and ethnic backgrounds",10.1101/2025.01.17.633590,2025-03-03T22:28:39+00:00,e51bae9a-c747-4b64-904a-4da7cda218ab,3a4e48e2-9e80-4ea8-ac63-87fdf70f1a97,245878,Homo sapiens,islet of Langerhans,normal|prediabetes syndrome|type 2 diabetes mellitus,10x 3' v2|10x 3' v3,cell,Schwann cell,Schwann cell|endothelial cell|leukocyte|mast cell|pancreatic A cell|pancreatic D cell|pancreatic PP cell|pancreatic acinar cell|pancreatic ductal cell|pancreatic epsilon cell|pancreatic stellate cell|type B pancreatic cell,https://datasets.cellxgene.cziscience.com/3a4e48e2-9e80-4ea8-ac63-87fdf70f1a97.h5ad,https://cellxgene.cziscience.com/collections/58e85c2f-d52e-4c19-8393-b854b84d516e
0b9d8a04-bb9d-44da-aa27-705bb65b54eb,Tabula Muris Senis,10.1038/s41586-020-2496-1,2021-03-08T23:14:05+00:00,48b37086-25f7-4ecd-be66-f5bb378e3aea,084058cc-4f17-43ce-b14e-1278df074013,245389,Mus musculus,adipose tissue|bladder lumen|bone marrow|heart|kidney|large intestine|limb muscle|liver|lung|mammary gland|pancreas|skin of body|spleen|thymus|tongue|trachea,normal,10x 3' v2,cell,Schwann cell|cardiac neuron|neuroendocrine cell|pulmonary neuroendocrine cell,"B cell|CD4-positive, alpha-beta T cell|CD8-positive, alpha-beta T cell|DN3 thymocyte|DN4 thymocyte|Kupffer cell|Langerhans cell|Schwann cell|T cell|adventitial cell|alveolar macrophage|basal cell|basal cell of epidermis|basal epithelial cell of tracheobronchial tree|basophil|bladder cell|bladder urothelial cell|blood cell|bronchial smooth muscle cell|cardiac muscle cell|cardiac neuron|cell of skeletal muscle|chondrocyte|classical monocyte|club cell|dendritic cell|double negative thymocyte|duct epithelial cell|endocardial cell|endothelial cell|endothelial cell of coronary artery|endothelial cell of hepatic sinusoid|endothelial cell of lymphatic vessel|enterocyte of epithelium of large intestine|epidermal cell|epithelial cell|epithelial cell of large intestine|epithelial cell of proximal tubule|erythroblast|erythrocyte|erythroid progenitor cell, mammalian|fenestrated endothelial cell|fibroblast|fibroblast of cardiac tissue|fibroblast of lung|granulocyte|granulocytopoietic cell|hematopoietic precursor cell|hematopoietic stem cell|hepatic stellate cell|hepatocyte|immature B cell|immature NK T cell|immature T cell|intermediate monocyte|intestinal crypt stem cell|keratinocyte|keratinocyte stem cell|kidney capillary endothelial cell|kidney cell|kidney collecting duct epithelial cell|kidney collecting duct principal cell|kidney cortex artery cell|kidney distal convoluted tubule epithelial cell|kidney loop of Henle ascending limb epithelial cell|kidney loop of Henle thick ascending limb epithelial cell|kidney proximal convoluted tubule epithelial cell|kidney proximal straight tubule epithelial cell|large intestine goblet cell|late pro-B cell|leukocyte|luminal epithelial cell of mammary gland|lung macrophage|lymphocyte|macrophage|macrophage dendritic cell progenitor|mast cell|mature NK T cell|megakaryocyte-erythroid progenitor cell|mesangial cell|mesenchymal cell|mesenchymal stem cell|mesenchymal stem cell of adipose tissue|monocyte|multiciliated columnar cell of tracheobronchial tree|myeloid cell|myeloid dendritic cell|myeloid leukocyte|naive B cell|naive T cell|natural killer cell|neuroendocrine cell|neutrophil|non-classical monocyte|pancreatic A cell|pancreatic D cell|pancreatic PP cell|pancreatic acinar cell|pancreatic ductal cell|pancreatic stellate cell|pericyte|plasma cell|plasmacytoid dendritic cell|plasmatocyte|precursor B cell|proerythroblast|professional antigen presenting cell|promonocyte|pulmonary alveolar type 2 cell|pulmonary interstitial fibroblast|pulmonary neuroendocrine cell|regulatory T cell|skeletal muscle satellite cell|smooth muscle cell|smooth muscle cell of the pulmonary artery|smooth muscle cell of trachea|stem cell of epidermis|stromal cell|thymocyte|tuft cell|type B pancreatic cell|vein endothelial cell",https://datasets.cellxgene.cziscience.com/084058cc-4f17-43ce-b14e-1278df074013.h5ad,https://cellxgene.cziscience.com/collections/0b9d8a04-bb9d-44da-aa27-705bb65b54eb
0b9d8a04-bb9d-44da-aa27-705bb65b54eb,Tabula Muris Senis,10.1038/s41586-020-2496-1,2021-03-08T23:14:05+00:00,2491629a-bde0-46ad-a073-e34fcb516857,368d2716-4c74-46a4-9f31-389faf5fe09b,8311,Mus musculus,large intestine,normal,Smart-seq2,cell,enteroendocrine cell,enterocyte of epithelium of large intestine|enteroendocrine cell|epithelial cell of large intestine|intestinal crypt stem cell|large intestine goblet cell|secretory cell|tuft cell of large intestine,https://datasets.cellxgene.cziscience.com/368d2716-4c74-46a4-9f31-389faf5fe09b.h5ad,https://cellxgene.cziscience.com/collections/0b9d8a04-bb9d-44da-aa27-705bb65b54eb
0b9d8a04-bb9d-44da-aa27-705bb65b54eb,Tabula Muris Senis,10.1038/s41586-020-2496-1,2021-03-08T23:14:05+00:00,1fe63353-9e75-4824-aa30-ed8d84be748c,951e10f3-050f-4059-abc3-5adc360b777b,8613,Mus musculus,heart,normal,10x 3' v2,cell,cardiac neuron,cardiac muscle cell|cardiac neuron|endocardial cell|endothelial cell of coronary artery|erythrocyte|fibroblast of cardiac tissue|leukocyte|mast cell|smooth muscle cell,https://datasets.cellxgene.cziscience.com/951e10f3-050f-4059-abc3-5adc360b777b.h5ad,https://cellxgene.cziscience.com/collections/0b9d8a04-bb9d-44da-aa27-705bb65b54eb
0b9d8a04-bb9d-44da-aa27-705bb65b54eb,Tabula Muris Senis,10.1038/s41586-020-2496-1,2021-03-08T23:14:05+00:00,0fb7916e-7a68-4a4c-a441-3ab3989f29a7,e67a08e2-96fc-4244-b8a3-fca092b22f77,24540,Mus musculus,lung,normal,10x 3' v2,cell,pulmonary neuroendocrine cell,"B cell|CD4-positive, alpha-beta T cell|CD8-positive, alpha-beta T cell|T cell|adventitial cell|alveolar macrophage|basophil|bronchial smooth muscle cell|classical monocyte|club cell|dendritic cell|endothelial cell of lymphatic vessel|fibroblast of lung|intermediate monocyte|lung macrophage|mature NK T cell|multiciliated columnar cell of tracheobronchial tree|myeloid dendritic cell|natural killer cell|neutrophil|non-classical monocyte|pericyte|plasma cell|plasmacytoid dendritic cell|pulmonary alveolar type 2 cell|pulmonary interstitial fibroblast|pulmonary neuroendocrine cell|regulatory T cell|smooth muscle cell of the pulmonary artery|vein endothelial cell",https://datasets.cellxgene.cziscience.com/e67a08e2-96fc-4244-b8a3-fca092b22f77.h5ad,https://cellxgene.cziscience.com/collections/0b9d8a04-bb9d-44da-aa27-705bb65b54eb
0b9d8a04-bb9d-44da-aa27-705bb65b54eb,Tabula Muris Senis,10.1038/s41586-020-2496-1,2021-03-08T23:14:05+00:00,05e6f6e3-0473-4b85-9f94-bcc5f1b5e04b,8f816fcf-982e-4448-b292-bd6b937701fd,5218,Mus musculus,lung,normal,Smart-seq2,cell,pulmonary neuroendocrine cell,"B cell|CD4-positive, alpha-beta T cell|CD8-positive, alpha-beta T cell|T cell|adventitial cell|bronchial smooth muscle cell|classical monocyte|club cell|dendritic cell|endothelial cell of lymphatic vessel|fibroblast of lung|intermediate monocyte|leukocyte|lung macrophage|lymphocyte|mature NK T cell|multiciliated columnar cell of tracheobronchial tree|myeloid dendritic cell|natural killer cell|neutrophil|non-classical monocyte|pericyte|plasma cell|plasmacytoid dendritic cell|pulmonary alveolar type 1 cell|pulmonary alveolar type 2 cell|pulmonary interstitial fibroblast|pulmonary neuroendocrine cell|regulatory T cell|respiratory basal cell|smooth muscle cell of the pulmonary artery|vein endothelial cell",https://datasets.cellxgene.cziscience.com/8f816fcf-982e-4448-b292-bd6b937701fd.h5ad,https://cellxgene.cziscience.com/collections/0b9d8a04-bb9d-44da-aa27-705bb65b54eb
2b02dff7-e427-4cdc-96fb-c0f354c099aa,Single-Cell Analysis of Crohn’s Disease Lesions Identifies a Pathogenic Cellular Module Associated with Resistance to Anti-TNF Therapy,10.1016/j.cell.2019.08.008,2022-04-26T09:35:40+00:00,36c867a7-be10-4e69-9b39-5de12b0af6da,aa44120b-7b9f-4584-a8a2-0f3aceafc87c,32458,Homo sapiens,ileum,normal,10x 3' v1|10x 3' v2,cell,enteroendocrine cell of small intestine|glial cell,B cell|alpha-beta T cell|endothelial cell|endothelial cell of lymphatic vessel|enterocyte of epithelium proper of ileum|enteroendocrine cell of small intestine|fibroblast|glial cell|ileal goblet cell|innate lymphoid cell|mast cell|mononuclear phagocyte|paneth cell of epithelium of small intestine|pericyte|plasma cell|progenitor cell|smooth muscle fiber of ileum|transit amplifying cell of small intestine|unknown,https://datasets.cellxgene.cziscience.com/aa44120b-7b9f-4584-a8a2-0f3aceafc87c.h5ad,https://cellxgene.cziscience.com/collections/2b02dff7-e427-4cdc-96fb-c0f354c099aa
5d445965-6f1a-4b68-ba3a-b8f765155d3a,A molecular cell atlas of the human lung from single cell RNA sequencing,10.1038/s41586-020-2922-4,2020-08-26T23:15:50+00:00,e04daea4-4412-45b5-989e-76a9be070a89,c0ee0004-7bd1-4986-9b66-8a9d3593c0e6,9409,Homo sapiens,blood|lung,normal,Smart-seq2,cell,pulmonary neuroendocrine cell,"B cell|CD1c-positive myeloid dendritic cell|alveolar macrophage|basal cell|bronchial smooth muscle cell|capillary endothelial cell|classical monocyte|club cell|dendritic cell|dendritic cell, human|effector memory CD4-positive, alpha-beta T cell|effector memory CD8-positive, alpha-beta T cell|endothelial cell|endothelial cell of artery|endothelial cell of lymphatic vessel|epithelial cell|fibroblast|intermediate monocyte|lung goblet cell|lung multiciliated epithelial cell|lymphocyte|mature NK T cell|myeloid leukocyte|myofibroblast cell|naive thymus-derived CD4-positive, alpha-beta T cell|naive thymus-derived CD8-positive, alpha-beta T cell|natural killer cell|neutrophil|non-classical monocyte|pericyte|plasma cell|plasmacytoid dendritic cell, human|pulmonary alveolar type 1 cell|pulmonary alveolar type 2 cell|pulmonary interstitial fibroblast|pulmonary ionocyte|pulmonary neuroendocrine cell|respiratory basal cell|vascular associated smooth muscle cell|vein endothelial cell",https://datasets.cellxgene.cziscience.com/c0ee0004-7bd1-4986-9b66-8a9d3593c0e6.h5ad,https://cellxgene.cziscience.com/collections/5d445965-6f1a-4b68-ba3a-b8f765155d3a
5d445965-6f1a-4b68-ba3a-b8f765155d3a,A molecular cell atlas of the human lung from single cell RNA sequencing,10.1038/s41586-020-2922-4,2020-08-26T23:15:50+00:00,8c42cfd0-0b0a-46d5-910c-fc833d83c45e,f5568ea3-c249-4e4e-91f8-46abc30a5612,65662,Homo sapiens,blood|lung,normal,10x 3' v2,cell,pulmonary neuroendocrine cell,"B cell|CD1c-positive myeloid dendritic cell|alveolar macrophage|basal cell|bronchial smooth muscle cell|capillary endothelial cell|ciliated cell|classical monocyte|club cell|dendritic cell|effector memory CD4-positive, alpha-beta T cell|effector memory CD8-positive, alpha-beta T cell|endothelial cell|endothelial cell of artery|endothelial cell of lymphatic vessel|epithelial cell|fibroblast|intermediate monocyte|lung goblet cell|lung multiciliated epithelial cell|lymphocyte|macrophage|mature NK T cell|megakaryocyte|mesothelial cell of pleura|monocyte|mucus secreting cell|myeloid dendritic cell, human|myeloid leukocyte|myofibroblast cell|naive thymus-derived CD4-positive, alpha-beta T cell|naive thymus-derived CD8-positive, alpha-beta T cell|natural killer cell|non-classical monocyte|pericyte|plasma cell|plasmacytoid dendritic cell, human|pulmonary alveolar type 1 cell|pulmonary alveolar type 2 cell|pulmonary interstitial fibroblast|pulmonary ionocyte|pulmonary neuroendocrine cell|respiratory basal cell|tracheobronchial serous cell|vascular associated smooth muscle cell|vein endothelial cell",https://datasets.cellxgene.cziscience.com/f5568ea3-c249-4e4e-91f8-46abc30a5612.h5ad,https://cellxgene.cziscience.com/collections/5d445965-6f1a-4b68-ba3a-b8f765155d3a
ef9f0fae-c12c-4f1a-bb67-63346c2ae0f1,Single Nuclei Atlas of Innervated and Denervated Mouse Muscle,10.1038/s41467-025-57487-1,2025-02-11T00:00:04+00:00,a48343a2-7570-49d0-8849-9db6c21dffcb,f991c1a9-d2ff-488e-bd18-d75e0e1d2d7b,102688,Mus musculus,gastrocnemius|skeletal muscle tissue of tibialis anterior,lesion of sciatic nerve|neuromuscular junction disease|normal|toxin-mediated infectious botulism,10x 3' v3,nucleus,Schwann cell|perineurial cell,Schwann cell|adipocyte|blood vessel endothelial cell|fibro/adipogenic progenitor cell|intermediate muscle cell|lymphocyte|macrophage|microvascular endothelial cell|myotendinous junction nucleus|neuromuscular junction nucleus|pericyte|perineurial cell|skeletal muscle satellite stem cell|smooth muscle cell|tendon cell|type IIa muscle cell|type IIb muscle cell|type IIx muscle cell,https://datasets.cellxgene.cziscience.com/f991c1a9-d2ff-488e-bd18-d75e0e1d2d7b.h5ad,https://cellxgene.cziscience.com/collections/ef9f0fae-c12c-4f1a-bb67-63346c2ae0f1
ef9f0fae-c12c-4f1a-bb67-63346c2ae0f1,Single Nuclei Atlas of Innervated and Denervated Mouse Muscle,10.1038/s41467-025-57487-1,2025-02-11T00:00:04+00:00,586bc89e-a4a1-4f60-a7b4-3d191f982286,9a778891-634b-4c91-85e2-0156810e7c68,65272,Mus musculus,gastrocnemius|skeletal muscle tissue of tibialis anterior,lesion of sciatic nerve|normal,10x 3' v3,nucleus,Schwann cell|perineurial cell,Schwann cell|adipocyte|blood vessel endothelial cell|fibro/adipogenic progenitor cell|intermediate muscle cell|lymphocyte|macrophage|microvascular endothelial cell|myotendinous junction nucleus|neuromuscular junction nucleus|pericyte|perineurial cell|skeletal muscle satellite stem cell|smooth muscle cell|tendon cell|type IIa muscle cell|type IIb muscle cell|type IIx muscle cell,https://datasets.cellxgene.cziscience.com/9a778891-634b-4c91-85e2-0156810e7c68.h5ad,https://cellxgene.cziscience.com/collections/ef9f0fae-c12c-4f1a-bb67-63346c2ae0f1
ef9f0fae-c12c-4f1a-bb67-63346c2ae0f1,Single Nuclei Atlas of Innervated and Denervated Mouse Muscle,10.1038/s41467-025-57487-1,2025-02-11T00:00:04+00:00,2ab892f9-d2b0-40d0-9a62-a376ee5d4334,b69ec11e-bab4-4e12-8c52-0028fc3c2ed3,36191,Mus musculus,gastrocnemius|skeletal muscle tissue of tibialis anterior,normal,10x 3' v3,nucleus,Schwann cell|perineurial cell,Schwann cell|adipocyte|blood vessel endothelial cell|fibro/adipogenic progenitor cell|macrophage|microvascular endothelial cell|myotendinous junction nucleus|neuromuscular junction nucleus|pericyte|perineurial cell|skeletal muscle satellite stem cell|smooth muscle cell|tendon cell|type IIa muscle cell|type IIb muscle cell|type IIx muscle cell,https://datasets.cellxgene.cziscience.com/b69ec11e-bab4-4e12-8c52-0028fc3c2ed3.h5ad,https://cellxgene.cziscience.com/collections/ef9f0fae-c12c-4f1a-bb67-63346c2ae0f1
4d82bd8e-8827-410b-8fc7-685b7dd92585,Spatially organized multicellular immune hubs in human colorectal cancer,10.1016/j.cell.2021.08.003,2025-08-05T19:18:40+00:00,f89af62b-4059-4fb9-8bc0-e8e189c4c340,3e97852a-0caf-4e9b-9355-9d5f408b4fcb,15438,Homo sapiens,colorectum,colon adenocarcinoma|normal,10x 3' v2|10x 3' v3,cell,Schwann cell,Schwann cell|capillary endothelial cell|colon endothelial cell|endothelial cell of artery|endothelial cell of lymphatic vessel|endothelial cell of venule|endothelial tip cell|fibroblast|myofibroblast cell|pericyte|smooth muscle cell,https://datasets.cellxgene.cziscience.com/3e97852a-0caf-4e9b-9355-9d5f408b4fcb.h5ad,https://cellxgene.cziscience.com/collections/4d82bd8e-8827-410b-8fc7-685b7dd92585
4d82bd8e-8827-410b-8fc7-685b7dd92585,Spatially organized multicellular immune hubs in human colorectal cancer,10.1016/j.cell.2021.08.003,2025-08-05T19:18:40+00:00,81c2d711-7fd5-48f0-bc74-57229f3c9554,b70f801b-8e7a-4bc4-a2c9-ce293688ed37,168295,Homo sapiens,colorectum,colon adenocarcinoma|normal,10x 3' v2|10x 3' v3,cell,enteroendocrine cell,colon goblet cell|colonocyte|enterocyte|enteroendocrine cell|glandular secretory epithelial cell|goblet cell|intestinal epithelial cell|stem cell|tuft cell of colon,https://datasets.cellxgene.cziscience.com/b70f801b-8e7a-4bc4-a2c9-ce293688ed37.h5ad,https://cellxgene.cziscience.com/collections/4d82bd8e-8827-410b-8fc7-685b7dd92585
4d82bd8e-8827-410b-8fc7-685b7dd92585,Spatially organized multicellular immune hubs in human colorectal cancer,10.1016/j.cell.2021.08.003,2025-08-05T19:18:40+00:00,16023185-de21-4c0d-a9c8-73abdd52d142,3d1f3641-5755-47e2-b797-10317d33fe32,370115,Homo sapiens,colorectum,colon adenocarcinoma|normal,10x 3' v2|10x 3' v3,cell,Schwann cell|enteroendocrine cell,"CD4-positive, CD25-positive, alpha-beta regulatory T cell|CD4-positive, alpha-beta T cell|CD8-positive, alpha-beta T cell|CD8-positive, alpha-beta memory T cell|IgA plasma cell|IgG plasma cell|Schwann cell|T cell|T follicular helper cell|T-helper 17 cell|activated CD4-positive, alpha-beta T cell|capillary endothelial cell|colon endothelial cell|colon goblet cell|colonocyte|conventional dendritic cell|dendritic cell|effector CD8-positive, alpha-beta T cell|endothelial cell of artery|endothelial cell of lymphatic vessel|endothelial cell of venule|endothelial tip cell|enterocyte|enteroendocrine cell|fibroblast|gamma-delta T cell|germinal center B cell|glandular secretory epithelial cell|goblet cell|granulocyte|group 3 innate lymphoid cell|intestinal epithelial cell|macrophage|mast cell|mature B cell|mature NK T cell|mature conventional dendritic cell|monocyte|myofibroblast cell|natural killer cell|pericyte|plasmacytoid dendritic cell|smooth muscle cell|stem cell|tuft cell of colon",https://datasets.cellxgene.cziscience.com/3d1f3641-5755-47e2-b797-10317d33fe32.h5ad,https://cellxgene.cziscience.com/collections/4d82bd8e-8827-410b-8fc7-685b7dd92585
64b24fda-6591-4ce1-89e7-33eb6c43ad7b,A proximal-to-distal survey of healthy adult human small intestine and colon epithelium by single-cell transcriptomics,10.1016/j.jcmgh.2022.02.007,2023-01-05T16:24:52+00:00,019c7af2-c827-4454-9970-44d5e39ce068,487be01d-3df6-417f-83c5-ad2bff5c46e7,12590,Homo sapiens,ascending colon|descending colon|duodenum|ileum|jejunum|transverse colon,normal,10x 3' v3,cell,enteroendocrine cell of colon|enteroendocrine cell of small intestine,BEST4+ enterocyte|colon goblet cell|enterocyte of epithelium of large intestine|enterocyte of epithelium of small intestine|enteroendocrine cell of colon|enteroendocrine cell of small intestine|epithelial cell of small intestine|intestinal crypt stem cell of colon|intestinal crypt stem cell of small intestine|intestinal tuft cell|microfold cell of epithelium of small intestine|paneth cell of epithelium of small intestine|progenitor cell|small intestine goblet cell|transit amplifying cell of colon|transit amplifying cell of small intestine|tuft cell of colon,https://datasets.cellxgene.cziscience.com/487be01d-3df6-417f-83c5-ad2bff5c46e7.h5ad,https://cellxgene.cziscience.com/collections/64b24fda-6591-4ce1-89e7-33eb6c43ad7b
17481d16-ee44-49e5-bcf0-28c0780d8c4a,Single-Cell Sequencing of Developing Human Gut Reveals Transcriptional Links to Childhood Crohn’s Disease,10.1016/j.devcel.2020.11.010,2022-08-01T09:05:47+00:00,b46237d1-19c6-4af2-9335-9854634bad16,5cf26393-87e2-4946-8a97-2d42625856a3,62849,Homo sapiens,colon|duodeno-jejunal junction|ileum,normal,10x 3' v2,cell,enteric neuron|enteroendocrine cell,colon epithelial cell|endothelial cell of artery|endothelial cell of lymphatic vessel|enteric neuron|enteric smooth muscle cell|enterocyte|enteroendocrine cell|epithelial cell|erythroblast|fibroblast|hematopoietic cell|interstitial cell of Cajal|intestine goblet cell|mesodermal cell|mesothelial cell|myofibroblast cell|neural crest cell|pericyte|progenitor cell|stem cell|vein endothelial cell,https://datasets.cellxgene.cziscience.com/5cf26393-87e2-4946-8a97-2d42625856a3.h5ad,https://cellxgene.cziscience.com/collections/17481d16-ee44-49e5-bcf0-28c0780d8c4a
17481d16-ee44-49e5-bcf0-28c0780d8c4a,Single-Cell Sequencing of Developing Human Gut Reveals Transcriptional Links to Childhood Crohn’s Disease,10.1016/j.devcel.2020.11.010,2022-08-01T09:05:47+00:00,8e47ed12-c658-4252-b126-381df8d52a3d,ed17a1d8-7a5e-4523-928a-a58db7c4618b,22502,Homo sapiens,ileum,Crohn disease|normal,10x 3' v2,cell,enteroendocrine cell|glial cell,"B cell|CD4-positive, alpha-beta T cell|CD8-positive, alpha-beta T cell|IgA plasma cell|IgG plasma cell|M cell of gut|T follicular helper cell|activated CD4-positive, alpha-beta T cell, human|conventional dendritic cell|dendritic cell, human|endothelial cell of artery|endothelial cell of lymphatic vessel|enterocyte|enteroendocrine cell|fibroblast|gamma-delta T cell|glial cell|intestinal crypt stem cell|intestinal tuft cell|intestine goblet cell|mast cell|memory B cell|monocyte|myeloid cell|myofibroblast cell|pericyte|plasma cell|plasmacytoid dendritic cell|regulatory T cell|transit amplifying cell|vein endothelial cell",https://datasets.cellxgene.cziscience.com/ed17a1d8-7a5e-4523-928a-a58db7c4618b.h5ad,https://cellxgene.cziscience.com/collections/17481d16-ee44-49e5-bcf0-28c0780d8c4a
8191c283-0816-424b-9b61-c3e1d6258a77,Spatial multi-omic map of human myocardial infarction,10.1038/s41586-022-05060-x,2022-08-11T13:54:22+00:00,fcfd30bb-8367-490f-b5e0-7dcb69ea83f4,a96a26c5-7fd6-4578-ba2d-23f1c46973a8,4992,Homo sapiens,heart left ventricle,myocardial infarction,Visium Spatial Gene Expression V1,na,neuronal receptor cell,cardiac endothelial cell|cardiac muscle myoblast|fibroblast of cardiac tissue|immature innate lymphoid cell|lymphoid lineage restricted progenitor cell|mast cell|neuronal receptor cell|smooth muscle myoblast|unknown,https://datasets.cellxgene.cziscience.com/a96a26c5-7fd6-4578-ba2d-23f1c46973a8.h5ad,https://cellxgene.cziscience.com/collections/8191c283-0816-424b-9b61-c3e1d6258a77
8191c283-0816-424b-9b61-c3e1d6258a77,Spatial multi-omic map of human myocardial infarction,10.1038/s41586-022-05060-x,2022-08-11T13:54:22+00:00,f7cd2a61-2bdc-41c0-a845-32f66a62c2b6,63a04d6a-166b-4f02-bf41-b3ba954025d5,4992,Homo sapiens,heart left ventricle,myocardial infarction,Visium Spatial Gene Expression V1,na,neuronal receptor cell,cardiac endothelial cell|cardiac muscle myoblast|fibroblast of cardiac tissue|immature innate lymphoid cell|lymphoid lineage restricted progenitor cell|mast cell|neuronal receptor cell|pericyte|smooth muscle myoblast|unknown,https://datasets.cellxgene.cziscience.com/63a04d6a-166b-4f02-bf41-b3ba954025d5.h5ad,https://cellxgene.cziscience.com/collections/8191c283-0816-424b-9b61-c3e1d6258a77
8191c283-0816-424b-9b61-c3e1d6258a77,Spatial multi-omic map of human myocardial infarction,10.1038/s41586-022-05060-x,2022-08-11T13:54:22+00:00,f15e263b-6544-46cb-a46e-e33ab7ce8347,77b1bc1e-175f-48bf-8d95-1d97ad4429dc,19722,Homo sapiens,heart left ventricle,myocardial infarction,10x 3' v3,nucleus,neuronal receptor cell,cardiac endothelial cell|cardiac muscle myoblast|fibroblast of cardiac tissue|immature innate lymphoid cell|lymphoid lineage restricted progenitor cell|neuronal receptor cell|pericyte|smooth muscle myoblast|unknown,https://datasets.cellxgene.cziscience.com/77b1bc1e-175f-48bf-8d95-1d97ad4429dc.h5ad,https://cellxgene.cziscience.com/collections/8191c283-0816-424b-9b61-c3e1d6258a77
8191c283-0816-424b-9b61-c3e1d6258a77,Spatial multi-omic map of human myocardial infarction,10.1038/s41586-022-05060-x,2022-08-11T13:54:22+00:00,eaf8f9a3-52fd-46c9-a05d-92a52451a42c,39c7871c-7808-42fe-84c2-8684b295f5c8,4992,Homo sapiens,heart left ventricle,myocardial infarction,Visium Spatial Gene Expression V1,na,neuronal receptor cell,cardiac endothelial cell|cardiac muscle myoblast|fibroblast of cardiac tissue|immature innate lymphoid cell|lymphoid lineage restricted progenitor cell|neuronal receptor cell|pericyte|smooth muscle myoblast|unknown,https://datasets.cellxgene.cziscience.com/39c7871c-7808-42fe-84c2-8684b295f5c8.h5ad,https://cellxgene.cziscience.com/collections/8191c283-0816-424b-9b61-c3e1d6258a77
8191c283-0816-424b-9b61-c3e1d6258a77,Spatial multi-omic map of human myocardial infarction,10.1038/s41586-022-05060-x,2022-08-11T13:54:22+00:00,bc86f972-c8d0-4ef1-b296-9f6dead700aa,67a7c158-a4bd-4fb4-ac31-69ab872c4c2b,4992,Homo sapiens,heart left ventricle,myocardial infarction,Visium Spatial Gene Expression V1,na,neuronal receptor cell,cardiac endothelial cell|cardiac muscle myoblast|fibroblast of cardiac tissue|immature innate lymphoid cell|lymphoid lineage restricted progenitor cell|mast cell|neuronal receptor cell|smooth muscle myoblast|unknown,https://datasets.cellxgene.cziscience.com/67a7c158-a4bd-4fb4-ac31-69ab872c4c2b.h5ad,https://cellxgene.cziscience.com/collections/8191c283-0816-424b-9b61-c3e1d6258a77
8191c283-0816-424b-9b61-c3e1d6258a77,Spatial multi-omic map of human myocardial infarction,10.1038/s41586-022-05060-x,2022-08-11T13:54:22+00:00,9eb5e239-740e-408b-a494-bfcf2fe8d05b,9f1d5486-5316-4fc7-a5ee-3b5c0dcc2845,4992,Homo sapiens,heart left ventricle,myocardial infarction,Visium Spatial Gene Expression V1,na,neuronal receptor cell,cardiac endothelial cell|cardiac muscle myoblast|fibroblast of cardiac tissue|immature innate lymphoid cell|lymphoid lineage restricted progenitor cell|mast cell|neuronal receptor cell|pericyte|smooth muscle myoblast|unknown,https://datasets.cellxgene.cziscience.com/9f1d5486-5316-4fc7-a5ee-3b5c0dcc2845.h5ad,https://cellxgene.cziscience.com/collections/8191c283-0816-424b-9b61-c3e1d6258a77
8191c283-0816-424b-9b61-c3e1d6258a77,Spatial multi-omic map of human myocardial infarction,10.1038/s41586-022-05060-x,2022-08-11T13:54:22+00:00,9849b046-445b-4460-a6d5-ce247c911a42,dc068866-ca64-48f0-9fbd-970fe79ee240,4992,Homo sapiens,heart left ventricle,myocardial infarction,Visium Spatial Gene Expression V1,na,neuronal receptor cell,adipocyte of epicardial fat of left ventricle|cardiac endothelial cell|cardiac muscle myoblast|fibroblast of cardiac tissue|immature innate lymphoid cell|lymphoid lineage restricted progenitor cell|mast cell|neuronal receptor cell|pericyte|smooth muscle myoblast|unknown,https://datasets.cellxgene.cziscience.com/dc068866-ca64-48f0-9fbd-970fe79ee240.h5ad,https://cellxgene.cziscience.com/collections/8191c283-0816-424b-9b61-c3e1d6258a77
8191c283-0816-424b-9b61-c3e1d6258a77,Spatial multi-omic map of human myocardial infarction,10.1038/s41586-022-05060-x,2022-08-11T13:54:22+00:00,95e1779d-25d6-4274-bf2b-7db1f4380c0c,893ff891-ecf5-4de7-9c65-537e7b604fdf,4992,Homo sapiens,heart left ventricle,myocardial infarction,Visium Spatial Gene Expression V1,na,neuronal receptor cell,cardiac endothelial cell|cardiac muscle myoblast|fibroblast of cardiac tissue|immature innate lymphoid cell|lymphoid lineage restricted progenitor cell|neuronal receptor cell|smooth muscle myoblast|unknown,https://datasets.cellxgene.cziscience.com/893ff891-ecf5-4de7-9c65-537e7b604fdf.h5ad,https://cellxgene.cziscience.com/collections/8191c283-0816-424b-9b61-c3e1d6258a77
8191c283-0816-424b-9b61-c3e1d6258a77,Spatial multi-omic map of human myocardial infarction,10.1038/s41586-022-05060-x,2022-08-11T13:54:22+00:00,91d3b939-744f-45d3-b782-79196ed93612,9081ff7f-a51a-43f5-83dc-11cdd2247ed2,4992,Homo sapiens,heart left ventricle,myocardial infarction,Visium Spatial Gene Expression V1,na,neuronal receptor cell,adipocyte of epicardial fat of left ventricle|cardiac endothelial cell|cardiac muscle myoblast|fibroblast of cardiac tissue|immature innate lymphoid cell|lymphoid lineage restricted progenitor cell|mast cell|neuronal receptor cell|pericyte|smooth muscle myoblast|unknown,https://datasets.cellxgene.cziscience.com/9081ff7f-a51a-43f5-83dc-11cdd2247ed2.h5ad,https://cellxgene.cziscience.com/collections/8191c283-0816-424b-9b61-c3e1d6258a77
8191c283-0816-424b-9b61-c3e1d6258a77,Spatial multi-omic map of human myocardial infarction,10.1038/s41586-022-05060-x,2022-08-11T13:54:22+00:00,87789c9c-c10d-47c8-ab63-5125a8e70216,b85a7f42-a12b-47c0-9a34-f75fe70d3aa5,4992,Homo sapiens,heart left ventricle,myocardial infarction,Visium Spatial Gene Expression V1,na,neuronal receptor cell,cardiac endothelial cell|cardiac muscle myoblast|fibroblast of cardiac tissue|immature innate lymphoid cell|lymphoid lineage restricted progenitor cell|mast cell|neuronal receptor cell|pericyte|smooth muscle myoblast|unknown,https://datasets.cellxgene.cziscience.com/b85a7f42-a12b-47c0-9a34-f75fe70d3aa5.h5ad,https://cellxgene.cziscience.com/collections/8191c283-0816-424b-9b61-c3e1d6258a77
8191c283-0816-424b-9b61-c3e1d6258a77,Spatial multi-omic map of human myocardial infarction,10.1038/s41586-022-05060-x,2022-08-11T13:54:22+00:00,7f7d11a9-aa45-4b02-a263-35d88e4dcdd4,368ad3c0-65b9-43f5-abbc-4f2b412c9be7,4992,Homo sapiens,heart left ventricle,myocardial infarction,Visium Spatial Gene Expression V1,na,neuronal receptor cell,cardiac endothelial cell|cardiac muscle myoblast|fibroblast of cardiac tissue|immature innate lymphoid cell|lymphoid lineage restricted progenitor cell|mast cell|neuronal receptor cell|pericyte|smooth muscle myoblast|unknown,https://datasets.cellxgene.cziscience.com/368ad3c0-65b9-43f5-abbc-4f2b412c9be7.h5ad,https://cellxgene.cziscience.com/collections/8191c283-0816-424b-9b61-c3e1d6258a77
8191c283-0816-424b-9b61-c3e1d6258a77,Spatial multi-omic map of human myocardial infarction,10.1038/s41586-022-05060-x,2022-08-11T13:54:22+00:00,72a69193-d84a-42f6-98a3-d7ef0ec0c381,febd9a43-ebb8-4776-b15a-535544c28dfe,46086,Homo sapiens,heart left ventricle,myocardial infarction|normal,10x scATAC-seq,nucleus,neuronal receptor cell,cardiac endothelial cell|cardiac muscle myoblast|fibroblast of cardiac tissue|immature innate lymphoid cell|lymphoid lineage restricted progenitor cell|neuronal receptor cell|pericyte|smooth muscle myoblast,https://datasets.cellxgene.cziscience.com/4274a1a2-bbab-4f97-8ae6-45cc28e95f97-fragment.tsv.bgz|https://datasets.cellxgene.cziscience.com/4274a1a2-bbab-4f97-8ae6-45cc28e95f97-fragment.tsv.bgz.tbi|https://datasets.cellxgene.cziscience.com/febd9a43-ebb8-4776-b15a-535544c28dfe.h5ad,https://cellxgene.cziscience.com/collections/8191c283-0816-424b-9b61-c3e1d6258a77
8191c283-0816-424b-9b61-c3e1d6258a77,Spatial multi-omic map of human myocardial infarction,10.1038/s41586-022-05060-x,2022-08-11T13:54:22+00:00,66dc396c-7d51-4ad0-b1a5-abd0d59d3d67,68bd001c-90e4-4dea-973b-a7bcb740de3b,4992,Homo sapiens,heart left ventricle,myocardial infarction,Visium Spatial Gene Expression V1,na,neuronal receptor cell,cardiac endothelial cell|cardiac muscle myoblast|fibroblast of cardiac tissue|immature innate lymphoid cell|neuronal receptor cell|smooth muscle myoblast|unknown,https://datasets.cellxgene.cziscience.com/68bd001c-90e4-4dea-973b-a7bcb740de3b.h5ad,https://cellxgene.cziscience.com/collections/8191c283-0816-424b-9b61-c3e1d6258a77
8191c283-0816-424b-9b61-c3e1d6258a77,Spatial multi-omic map of human myocardial infarction,10.1038/s41586-022-05060-x,2022-08-11T13:54:22+00:00,6476d8b6-1ad0-47b3-b243-846a08007311,11e82612-24b9-4490-813a-bd0970df0a98,4992,Homo sapiens,heart left ventricle,myocardial infarction,Visium Spatial Gene Expression V1,na,neuronal receptor cell,cardiac endothelial cell|cardiac muscle myoblast|fibroblast of cardiac tissue|immature innate lymphoid cell|lymphoid lineage restricted progenitor cell|mast cell|neuronal receptor cell|pericyte|smooth muscle myoblast|unknown,https://datasets.cellxgene.cziscience.com/11e82612-24b9-4490-813a-bd0970df0a98.h5ad,https://cellxgene.cziscience.com/collections/8191c283-0816-424b-9b61-c3e1d6258a77
8191c283-0816-424b-9b61-c3e1d6258a77,Spatial multi-omic map of human myocardial infarction,10.1038/s41586-022-05060-x,2022-08-11T13:54:22+00:00,4fd2ee79-ab3a-4827-a773-1b7dcd099307,661054b2-c6bd-4f4f-a6a6-681ac1a47c3d,4992,Homo sapiens,heart left ventricle,normal,Visium Spatial Gene Expression V1,na,neuronal receptor cell,cardiac endothelial cell|cardiac muscle myoblast|fibroblast of cardiac tissue|immature innate lymphoid cell|lymphoid lineage restricted progenitor cell|mast cell|neuronal receptor cell|pericyte|smooth muscle myoblast|unknown,https://datasets.cellxgene.cziscience.com/661054b2-c6bd-4f4f-a6a6-681ac1a47c3d.h5ad,https://cellxgene.cziscience.com/collections/8191c283-0816-424b-9b61-c3e1d6258a77
8191c283-0816-424b-9b61-c3e1d6258a77,Spatial multi-omic map of human myocardial infarction,10.1038/s41586-022-05060-x,2022-08-11T13:54:22+00:00,4c367cfb-fd4c-4505-bac9-5456f4fb3a44,19484a73-b2c7-4568-8be2-a22a2309252e,4992,Homo sapiens,heart left ventricle,myocardial infarction,Visium Spatial Gene Expression V1,na,neuronal receptor cell,adipocyte of epicardial fat of left ventricle|cardiac endothelial cell|cardiac muscle myoblast|fibroblast of cardiac tissue|immature innate lymphoid cell|lymphoid lineage restricted progenitor cell|mast cell|neuronal receptor cell|pericyte|smooth muscle myoblast|unknown,https://datasets.cellxgene.cziscience.com/19484a73-b2c7-4568-8be2-a22a2309252e.h5ad,https://cellxgene.cziscience.com/collections/8191c283-0816-424b-9b61-c3e1d6258a77
8191c283-0816-424b-9b61-c3e1d6258a77,Spatial multi-omic map of human myocardial infarction,10.1038/s41586-022-05060-x,2022-08-11T13:54:22+00:00,49a896ee-ac93-480a-8b58-19afa747d6b9,dbb17b4d-c887-4b5a-85e2-ca48d8a8c528,4992,Homo sapiens,heart left ventricle,myocardial infarction,Visium Spatial Gene Expression V1,na,neuronal receptor cell,adipocyte of epicardial fat of left ventricle|cardiac endothelial cell|cardiac muscle myoblast|fibroblast of cardiac tissue|immature innate lymphoid cell|lymphoid lineage restricted progenitor cell|mast cell|neuronal receptor cell|pericyte|smooth muscle myoblast|unknown,https://datasets.cellxgene.cziscience.com/dbb17b4d-c887-4b5a-85e2-ca48d8a8c528.h5ad,https://cellxgene.cziscience.com/collections/8191c283-0816-424b-9b61-c3e1d6258a77
8191c283-0816-424b-9b61-c3e1d6258a77,Spatial multi-omic map of human myocardial infarction,10.1038/s41586-022-05060-x,2022-08-11T13:54:22+00:00,32513e13-8f4a-4418-b4d5-faac85fa430d,9ef2a0ca-7ad4-4d94-a52d-ed68464bd0f0,4992,Homo sapiens,heart left ventricle,myocardial infarction,Visium Spatial Gene Expression V1,na,neuronal receptor cell,cardiac endothelial cell|cardiac muscle myoblast|fibroblast of cardiac tissue|immature innate lymphoid cell|neuronal receptor cell|pericyte|smooth muscle myoblast|unknown,https://datasets.cellxgene.cziscience.com/9ef2a0ca-7ad4-4d94-a52d-ed68464bd0f0.h5ad,https://cellxgene.cziscience.com/collections/8191c283-0816-424b-9b61-c3e1d6258a77
8191c283-0816-424b-9b61-c3e1d6258a77,Spatial multi-omic map of human myocardial infarction,10.1038/s41586-022-05060-x,2022-08-11T13:54:22+00:00,2257d8b0-7385-48b8-8dca-c5772592c5ea,6f7b96ec-bf1d-4414-9625-1ecaa8797e52,4992,Homo sapiens,heart left ventricle,normal,Visium Spatial Gene Expression V1,na,neuronal receptor cell,cardiac endothelial cell|cardiac muscle myoblast|fibroblast of cardiac tissue|immature innate lymphoid cell|lymphoid lineage restricted progenitor cell|mast cell|neuronal receptor cell|pericyte|smooth muscle myoblast|unknown,https://datasets.cellxgene.cziscience.com/6f7b96ec-bf1d-4414-9625-1ecaa8797e52.h5ad,https://cellxgene.cziscience.com/collections/8191c283-0816-424b-9b61-c3e1d6258a77
8191c283-0816-424b-9b61-c3e1d6258a77,Spatial multi-omic map of human myocardial infarction,10.1038/s41586-022-05060-x,2022-08-11T13:54:22+00:00,1f2630df-fa28-4ebc-9e91-b870c93fc68a,d96ceabc-479f-4259-b004-fbcdf2a9db25,4992,Homo sapiens,heart left ventricle,myocardial infarction,Visium Spatial Gene Expression V1,na,neuronal receptor cell,cardiac endothelial cell|cardiac muscle myoblast|fibroblast of cardiac tissue|immature innate lymphoid cell|neuronal receptor cell|pericyte|smooth muscle myoblast|unknown,https://datasets.cellxgene.cziscience.com/d96ceabc-479f-4259-b004-fbcdf2a9db25.h5ad,https://cellxgene.cziscience.com/collections/8191c283-0816-424b-9b61-c3e1d6258a77
8191c283-0816-424b-9b61-c3e1d6258a77,Spatial multi-omic map of human myocardial infarction,10.1038/s41586-022-05060-x,2022-08-11T13:54:22+00:00,1c739a3e-c3f5-49d5-98e0-73975e751201,4780eb7d-4c7c-4630-8705-471f0de8e27a,191795,Homo sapiens,heart left ventricle,myocardial infarction|normal,10x 3' v3,nucleus,neuronal receptor cell,adipocyte of epicardial fat of left ventricle|cardiac endothelial cell|cardiac muscle myoblast|fibroblast of cardiac tissue|immature innate lymphoid cell|lymphoid lineage restricted progenitor cell|mast cell|neuronal receptor cell|pericyte|smooth muscle myoblast|unknown,https://datasets.cellxgene.cziscience.com/4780eb7d-4c7c-4630-8705-471f0de8e27a.h5ad,https://cellxgene.cziscience.com/collections/8191c283-0816-424b-9b61-c3e1d6258a77
8191c283-0816-424b-9b61-c3e1d6258a77,Spatial multi-omic map of human myocardial infarction,10.1038/s41586-022-05060-x,2022-08-11T13:54:22+00:00,1c50055f-6add-4035-b592-9e52a729663e,6867bedb-b30d-475c-9d4e-266f37b5e17e,4992,Homo sapiens,heart left ventricle,myocardial infarction,Visium Spatial Gene Expression V1,na,neuronal receptor cell,cardiac endothelial cell|cardiac muscle myoblast|fibroblast of cardiac tissue|immature innate lymphoid cell|lymphoid lineage restricted progenitor cell|mast cell|neuronal receptor cell|smooth muscle myoblast|unknown,https://datasets.cellxgene.cziscience.com/6867bedb-b30d-475c-9d4e-266f37b5e17e.h5ad,https://cellxgene.cziscience.com/collections/8191c283-0816-424b-9b61-c3e1d6258a77
8191c283-0816-424b-9b61-c3e1d6258a77,Spatial multi-omic map of human myocardial infarction,10.1038/s41586-022-05060-x,2022-08-11T13:54:22+00:00,1a0aec1a-e465-4bea-aaba-a6d58d0ba2c1,9a88b65a-4271-4887-a0c9-d848d6d49463,4992,Homo sapiens,heart left ventricle,myocardial infarction,Visium Spatial Gene Expression V1,na,neuronal receptor cell,cardiac endothelial cell|cardiac muscle myoblast|fibroblast of cardiac tissue|immature innate lymphoid cell|mast cell|neuronal receptor cell|smooth muscle myoblast|unknown,https://datasets.cellxgene.cziscience.com/9a88b65a-4271-4887-a0c9-d848d6d49463.h5ad,https://cellxgene.cziscience.com/collections/8191c283-0816-424b-9b61-c3e1d6258a77
8191c283-0816-424b-9b61-c3e1d6258a77,Spatial multi-omic map of human myocardial infarction,10.1038/s41586-022-05060-x,2022-08-11T13:54:22+00:00,1017c6ce-80a5-492e-a82e-54b34a3c9f0b,776d5574-44f4-4c64-8efb-277040f2afdd,4992,Homo sapiens,heart left ventricle,myocardial infarction,Visium Spatial Gene Expression V1,na,neuronal receptor cell,adipocyte of epicardial fat of left ventricle|cardiac endothelial cell|cardiac muscle myoblast|fibroblast of cardiac tissue|immature innate lymphoid cell|lymphoid lineage restricted progenitor cell|neuronal receptor cell|smooth muscle myoblast|unknown,https://datasets.cellxgene.cziscience.com/776d5574-44f4-4c64-8efb-277040f2afdd.h5ad,https://cellxgene.cziscience.com/collections/8191c283-0816-424b-9b61-c3e1d6258a77
8191c283-0816-424b-9b61-c3e1d6258a77,Spatial multi-omic map of human myocardial infarction,10.1038/s41586-022-05060-x,2022-08-11T13:54:22+00:00,0fe5eed4-bcbc-4c00-a388-00bc1455a9b7,78800106-7316-443c-be27-3f1a792320a7,4992,Homo sapiens,heart left ventricle,myocardial infarction,Visium Spatial Gene Expression V1,na,neuronal receptor cell,cardiac endothelial cell|cardiac muscle myoblast|fibroblast of cardiac tissue|immature innate lymphoid cell|lymphoid lineage restricted progenitor cell|neuronal receptor cell|pericyte|smooth muscle myoblast|unknown,https://datasets.cellxgene.cziscience.com/78800106-7316-443c-be27-3f1a792320a7.h5ad,https://cellxgene.cziscience.com/collections/8191c283-0816-424b-9b61-c3e1d6258a77
8191c283-0816-424b-9b61-c3e1d6258a77,Spatial multi-omic map of human myocardial infarction,10.1038/s41586-022-05060-x,2022-08-11T13:54:22+00:00,05d4a216-5384-4724-bd2a-2ea38f02e7cc,ab705943-954a-48db-8d4b-42facbc6da3a,4992,Homo sapiens,heart left ventricle,myocardial infarction,Visium Spatial Gene Expression V1,na,neuronal receptor cell,cardiac endothelial cell|cardiac muscle myoblast|fibroblast of cardiac tissue|immature innate lymphoid cell|lymphoid lineage restricted progenitor cell|mast cell|neuronal receptor cell|smooth muscle myoblast|unknown,https://datasets.cellxgene.cziscience.com/ab705943-954a-48db-8d4b-42facbc6da3a.h5ad,https://cellxgene.cziscience.com/collections/8191c283-0816-424b-9b61-c3e1d6258a77
03f821b4-87be-4ff4-b65a-b5fc00061da7,Local and systemic responses to SARS-CoV-2 infection in children and adults,10.1038/s41586-021-04345-x,2022-03-25T14:57:11+00:00,edc8d3fe-153c-4e3d-8be0-2108d30f8d70,f9efb73e-f116-46b5-a775-d4233e758024,236977,Homo sapiens,bronchus|nasal cavity|trachea,COVID-19|normal,10x 5' v1|10x 5' v2,cell,neuroendocrine cell,"B cell|CD16-negative, CD56-bright natural killer cell, human|CD16-positive, CD56-dim natural killer cell, human|CD4-positive, alpha-beta T cell|CD4-positive, alpha-beta memory T cell|CD8-positive, alpha-beta memory T cell|Langerhans cell|M2 macrophage|T cell|T follicular helper cell|basal cell of epithelium of trachea|brush cell of trachea|ciliated cell|club cell|conventional dendritic cell|dendritic cell|duct epithelial cell|follicular dendritic cell|gamma-delta T cell|innate lymphoid cell|macrophage|mast cell|mature NK T cell|melanocyte|memory B cell|monocyte|mucosal-associated invariant T cell|multiciliated epithelial cell|naive B cell|naive T cell|neuroendocrine cell|neutrophil|plasma cell|plasmacytoid dendritic cell, human|pulmonary ionocyte|regulatory T cell|secretory cell|squamous epithelial cell|tracheal goblet cell|unknown",https://datasets.cellxgene.cziscience.com/f9efb73e-f116-46b5-a775-d4233e758024.h5ad,https://cellxgene.cziscience.com/collections/03f821b4-87be-4ff4-b65a-b5fc00061da7
a261413d-835b-4f1e-ab0c-dada55ea6afd,Identification of distinct tumor cell populations and key genetic mechanisms through single cell sequencing in hepatoblastoma,10.1038/s42003-021-02562-8,2022-06-30T13:10:24+00:00,ec6ceff8-c8bc-488d-b6bf-30df2fa92169,d66d154b-5ff6-4b1a-b25e-376cf4784bb7,67110,Homo sapiens,liver,blastoma|normal,10x 3' v3,nucleus,neuron,B cell|Kupffer cell|cholangiocyte|endothelial cell|erythrocyte|hepatic stellate cell|hepatocyte|lymphocyte|mature NK T cell|neoplastic cell|neuron,https://datasets.cellxgene.cziscience.com/d66d154b-5ff6-4b1a-b25e-376cf4784bb7.h5ad,https://cellxgene.cziscience.com/collections/a261413d-835b-4f1e-ab0c-dada55ea6afd
4ea9a90e-1dad-4c67-b1e3-8488ab7dc269,Developmental Zebrafish Reference Atlas,10.1101/2025.04.03.646654,2025-06-11T16:33:23+00:00,5fb841eb-3ffe-4a89-9bec-d4d0be8c8cd0,753bd029-d4b7-4b2a-a919-fa9f9ae2fe6f,7589,Danio rerio,enteric ganglion|neural crest,normal,sci-RNA-seq3,nucleus,Schwann cell|enteric neuron,Schwann cell|enteric neuron|migratory neural crest cell|neural crest cell|premigratory neural crest cell|unknown,https://datasets.cellxgene.cziscience.com/753bd029-d4b7-4b2a-a919-fa9f9ae2fe6f.h5ad,https://cellxgene.cziscience.com/collections/4ea9a90e-1dad-4c67-b1e3-8488ab7dc269
1cbfb478-2c7f-4d15-b522-9f74e9fe52a8,Progressive plasticity during colorectal cancer metastasis,10.1038/s41586-024-08560-0,2025-10-16T17:07:07+00:00,829a3cd1-a466-49f1-b2e9-d3f6b7f392e2,81bd8922-b69a-45ea-9b2a-032c480c0e37,47107,Homo sapiens,caecum|chest wall|descending colon|hepatic flexure of colon|liver|lung|peritoneum|rectum|sigmoid colon|transverse colon,colorectal cancer|normal,10x 3' v3,cell,enteroendocrine cell of colon,BEST4+ colonocyte|colon goblet cell|colonocyte|early colonocyte|enteroendocrine cell of colon|intestinal crypt stem cell of colon|malignant cell|secretory cell|tuft cell of colon,https://datasets.cellxgene.cziscience.com/81bd8922-b69a-45ea-9b2a-032c480c0e37.h5ad,https://cellxgene.cziscience.com/collections/1cbfb478-2c7f-4d15-b522-9f74e9fe52a8
1cbfb478-2c7f-4d15-b522-9f74e9fe52a8,Progressive plasticity during colorectal cancer metastasis,10.1038/s41586-024-08560-0,2025-10-16T17:07:07+00:00,5ee552f5-834c-4766-92c8-5a09dfd45767,f20aae78-a32b-4914-8a98-7478c48324d3,21026,Homo sapiens,caecum|descending colon|hepatic flexure of colon|rectum|sigmoid colon|transverse colon,colorectal cancer|normal,10x 3' v3,cell,enteroendocrine cell of colon,BEST4+ colonocyte|colon goblet cell|colonocyte|early colonocyte|enteroendocrine cell of colon|intestinal crypt stem cell of colon|malignant cell|secretory cell|tuft cell of colon,https://datasets.cellxgene.cziscience.com/f20aae78-a32b-4914-8a98-7478c48324d3.h5ad,https://cellxgene.cziscience.com/collections/1cbfb478-2c7f-4d15-b522-9f74e9fe52a8
1cbfb478-2c7f-4d15-b522-9f74e9fe52a8,Progressive plasticity during colorectal cancer metastasis,10.1038/s41586-024-08560-0,2025-10-16T17:07:07+00:00,4b5afdf9-9299-4655-9218-c9f67b3776e7,dbc8f31b-e54e-4519-a9e2-c6c17765914d,13843,Homo sapiens,caecum|hepatic flexure of colon|liver|sigmoid colon,colorectal cancer|normal,10x 3' v3,cell,enteroendocrine cell of colon,BEST4+ colonocyte|colon goblet cell|colonocyte|early colonocyte|enteroendocrine cell of colon|intestinal crypt stem cell of colon|malignant cell|secretory cell|tuft cell of colon,https://datasets.cellxgene.cziscience.com/dbc8f31b-e54e-4519-a9e2-c6c17765914d.h5ad,https://cellxgene.cziscience.com/collections/1cbfb478-2c7f-4d15-b522-9f74e9fe52a8
a48f5033-3438-4550-8574-cdff3263fdfd,HTAN VUMC - Differential pre-malignant programs and microenvironment chart distinct paths to malignancy in human colorectal polyps,10.1016/j.cell.2021.11.031,2022-09-26T18:00:38+00:00,e40c6272-af77-4a10-9385-62a398884f27,9da034b0-de48-47ab-97f6-21b5f2dbd1a4,65088,Homo sapiens,ascending colon|descending colon|hepatic cecum|hepatic flexure of colon|rectum|sigmoid colon|transverse colon,colon sessile serrated adenoma/polyp|colorectal neoplasm|hyperplastic polyp|normal|tubular adenoma|tubulovillous adenoma,TruDrop,cell,intestinal enteroendocrine cell,abnormal cell|goblet cell|gut absorptive cell|intestinal crypt stem cell of colon|intestinal enteroendocrine cell|intestinal epithelial cell|neoplastic cell|transit amplifying cell|tuft cell,https://datasets.cellxgene.cziscience.com/9da034b0-de48-47ab-97f6-21b5f2dbd1a4.h5ad,https://cellxgene.cziscience.com/collections/a48f5033-3438-4550-8574-cdff3263fdfd
a48f5033-3438-4550-8574-cdff3263fdfd,HTAN VUMC - Differential pre-malignant programs and microenvironment chart distinct paths to malignancy in human colorectal polyps,10.1016/j.cell.2021.11.031,2022-09-26T18:00:38+00:00,d6dfdef1-406d-4efb-808c-3c5eddbfe0cb,6f8f0b95-3779-4c0e-824d-4810c39f008c,57723,Homo sapiens,ascending colon|descending colon|hepatic cecum|hepatic flexure of colon|rectum|sigmoid colon|transverse colon,colon sessile serrated adenoma/polyp|colorectal cancer|hyperplastic polyp|normal|tubular adenoma|tubulovillous adenoma,TruDrop,cell,intestinal enteroendocrine cell,abnormal cell|goblet cell|gut absorptive cell|intestinal crypt stem cell of colon|intestinal enteroendocrine cell|intestinal epithelial cell|neoplastic cell|transit amplifying cell|tuft cell,https://datasets.cellxgene.cziscience.com/6f8f0b95-3779-4c0e-824d-4810c39f008c.h5ad,https://cellxgene.cziscience.com/collections/a48f5033-3438-4550-8574-cdff3263fdfd
120e86b4-1195-48c5-845b-b98054105eec,Spatiotemporal immune zonation of the human kidney,10.1126/science.aat5031,2022-06-14T23:41:20+00:00,d7dcfd8f-2ee7-4385-b9ac-e074c23ed190,4ae88372-a0dc-4f9e-b93a-18ade11be813,27197,Homo sapiens,kidney,normal,10x 3' v2,cell,neuron,"B cell|CD4-positive, alpha-beta T cell|CD8-positive, alpha-beta T cell|conventional dendritic cell|endothelial cell|epithelial cell of proximal tubule|erythroid lineage cell|fibroblast|kidney cell|kidney epithelial cell|kidney loop of Henle epithelial cell|lymphocyte|macrophage|mast cell|megakaryocyte|mesenchymal cell|mesenchymal stem cell|monocyte|myofibroblast cell|natural killer cell|neuron|neutrophil|plasmacytoid dendritic cell|podocyte",https://datasets.cellxgene.cziscience.com/4ae88372-a0dc-4f9e-b93a-18ade11be813.h5ad,https://cellxgene.cziscience.com/collections/120e86b4-1195-48c5-845b-b98054105eec
120e86b4-1195-48c5-845b-b98054105eec,Spatiotemporal immune zonation of the human kidney,10.1126/science.aat5031,2022-06-14T23:41:20+00:00,c52de62a-058d-4d78-a464-bdf552378f43,bccfbe51-bb43-4da5-8ecf-5607bda68289,8345,Homo sapiens,kidney,normal,10x 3' v2,cell,neuron,fibroblast|mesenchymal stem cell|myofibroblast cell|neuron,https://datasets.cellxgene.cziscience.com/bccfbe51-bb43-4da5-8ecf-5607bda68289.h5ad,https://cellxgene.cziscience.com/collections/120e86b4-1195-48c5-845b-b98054105eec
c1241244-b22d-483d-875b-75699efb9f3c,A spatially resolved atlas of the human lung characterizes a gland-associated immune niche,10.1038/s41588-022-01243-4,2024-02-13T22:44:13+00:00,e871881f-b42d-4500-906d-0972a14ba47d,460b3fe9-f623-4299-a745-78beba61c3d8,20515,Homo sapiens,bronchus|lower lobe of left lung|lung|trachea|upper lobe of left lung,normal,10x 3' v2|10x 3' v3|10x 5' transcription profiling,cell|nucleus,myelinating Schwann cell|non-myelinating Schwann cell,adventitial cell|bronchus fibroblast of lung|fibroblast|fibroblast of lung|lung perichondrial fibroblast|mesothelial cell|myelinating Schwann cell|myofibroblast cell|non-myelinating Schwann cell,https://datasets.cellxgene.cziscience.com/460b3fe9-f623-4299-a745-78beba61c3d8.h5ad,https://cellxgene.cziscience.com/collections/c1241244-b22d-483d-875b-75699efb9f3c
c1241244-b22d-483d-875b-75699efb9f3c,A spatially resolved atlas of the human lung characterizes a gland-associated immune niche,10.1038/s41588-022-01243-4,2024-02-13T22:44:13+00:00,a83dd1a9-d689-486b-aa8a-5036bf9d5816,3e5559b4-e6ba-4d3d-877e-8a5bfb9da3a6,4992,Homo sapiens,bronchus,normal,Visium Spatial Gene Expression V1,na,non-myelinating Schwann cell,CD14-positive monocyte|IgA plasma cell|IgG plasma cell|adventitial cell|airway submucosal gland duct basal cell|basal cell|blood vessel endothelial cell|blood vessel smooth muscle cell|bronchus fibroblast of lung|chondrocyte|ciliated cell|endothelial cell of artery|endothelial cell of lymphatic vessel|fibroblast|fibroblast of lung|lung interstitial macrophage|lung macrophage|lung perichondrial fibroblast|lung pericyte|lung secretory cell|memory B cell|muscle cell|myoepithelial cell|naive B cell|non-myelinating Schwann cell|pulmonary alveolar type 1 cell|pulmonary alveolar type 2 cell|respiratory tract suprabasal cell|serous secreting cell of bronchus submucosal gland|smooth muscle cell of the pulmonary artery|unknown|vein endothelial cell,https://datasets.cellxgene.cziscience.com/3e5559b4-e6ba-4d3d-877e-8a5bfb9da3a6.h5ad,https://cellxgene.cziscience.com/collections/c1241244-b22d-483d-875b-75699efb9f3c
c1241244-b22d-483d-875b-75699efb9f3c,A spatially resolved atlas of the human lung characterizes a gland-associated immune niche,10.1038/s41588-022-01243-4,2024-02-13T22:44:13+00:00,987185c0-e092-49fb-935a-cc3fa0d084ca,acfe0dfa-5179-405d-9c53-7bdc7e3a8d6d,4992,Homo sapiens,bronchus,normal,Visium Spatial Gene Expression V1,na,non-myelinating Schwann cell,"CD14-positive monocyte|IgA plasma cell|adventitial cell|airway submucosal gland duct basal cell|basal cell|blood vessel endothelial cell|blood vessel smooth muscle cell|ciliated cell|endothelial cell of artery|fibroblast|fibroblast of lung|lung interstitial macrophage|lung macrophage|lung perichondrial fibroblast|lung pericyte|mast cell|muscle cell|myofibroblast cell|naive thymus-derived CD4-positive, alpha-beta T cell|non-myelinating Schwann cell|pulmonary alveolar type 2 cell|pulmonary artery endothelial cell|smooth muscle cell of the pulmonary artery|unknown|vein endothelial cell",https://datasets.cellxgene.cziscience.com/acfe0dfa-5179-405d-9c53-7bdc7e3a8d6d.h5ad,https://cellxgene.cziscience.com/collections/c1241244-b22d-483d-875b-75699efb9f3c
c1241244-b22d-483d-875b-75699efb9f3c,A spatially resolved atlas of the human lung characterizes a gland-associated immune niche,10.1038/s41588-022-01243-4,2024-02-13T22:44:13+00:00,853c4415-9820-4377-ae29-cfe61d72fbd1,56849905-fe69-4873-b2bb-f119b5c16df4,4992,Homo sapiens,trachea,normal,Visium Spatial Gene Expression V1,na,non-myelinating Schwann cell,IgA plasma cell|IgG plasma cell|adventitial cell|airway submucosal gland duct basal cell|basal cell|blood vessel smooth muscle cell|bronchus fibroblast of lung|chondrocyte|ciliated cell|endothelial cell of artery|endothelial cell of lymphatic vessel|fibroblast|goblet cell|lung interstitial macrophage|lung macrophage|lung perichondrial fibroblast|lung pericyte|lung secretory cell|non-myelinating Schwann cell|pulmonary alveolar type 2 cell|respiratory tract suprabasal cell|serous secreting cell of bronchus submucosal gland|unknown|vein endothelial cell,https://datasets.cellxgene.cziscience.com/56849905-fe69-4873-b2bb-f119b5c16df4.h5ad,https://cellxgene.cziscience.com/collections/c1241244-b22d-483d-875b-75699efb9f3c
c1241244-b22d-483d-875b-75699efb9f3c,A spatially resolved atlas of the human lung characterizes a gland-associated immune niche,10.1038/s41588-022-01243-4,2024-02-13T22:44:13+00:00,72ddcd39-bd9b-4f6a-9251-bf2a6763b16f,391859dd-aee8-46c2-90fc-ee34ad3cf022,4992,Homo sapiens,bronchus,normal,Visium Spatial Gene Expression V1,na,non-myelinating Schwann cell,IgA plasma cell|IgG plasma cell|adventitial cell|airway submucosal gland duct basal cell|alveolar macrophage|basal cell|blood vessel smooth muscle cell|bronchus fibroblast of lung|chondrocyte|ciliated cell|erythrocyte|goblet cell|lung macrophage|lung perichondrial fibroblast|lung secretory cell|memory B cell|muscle cell|myofibroblast cell|non-myelinating Schwann cell|plasmablast|respiratory tract suprabasal cell|serous secreting cell of bronchus submucosal gland|unknown|vein endothelial cell,https://datasets.cellxgene.cziscience.com/391859dd-aee8-46c2-90fc-ee34ad3cf022.h5ad,https://cellxgene.cziscience.com/collections/c1241244-b22d-483d-875b-75699efb9f3c
c1241244-b22d-483d-875b-75699efb9f3c,A spatially resolved atlas of the human lung characterizes a gland-associated immune niche,10.1038/s41588-022-01243-4,2024-02-13T22:44:13+00:00,728a6902-8916-47a1-b85a-ba1c922d56b7,defc9209-93bd-4291-b4e4-c09e6228ce17,4992,Homo sapiens,bronchus,normal,Visium Spatial Gene Expression V1,na,myelinating Schwann cell|non-myelinating Schwann cell,IgA plasma cell|adventitial cell|airway submucosal gland duct basal cell|basal cell|blood vessel smooth muscle cell|chondrocyte|ciliated cell|endothelial cell of artery|fibroblast|fibroblast of lung|goblet cell|lung secretory cell|muscle cell|myelinating Schwann cell|non-myelinating Schwann cell|pulmonary alveolar type 2 cell|serous secreting cell of bronchus submucosal gland|unknown|vein endothelial cell,https://datasets.cellxgene.cziscience.com/defc9209-93bd-4291-b4e4-c09e6228ce17.h5ad,https://cellxgene.cziscience.com/collections/c1241244-b22d-483d-875b-75699efb9f3c
c1241244-b22d-483d-875b-75699efb9f3c,A spatially resolved atlas of the human lung characterizes a gland-associated immune niche,10.1038/s41588-022-01243-4,2024-02-13T22:44:13+00:00,5944834b-e31e-4955-942a-731d75e39385,5bdb5d12-9104-4bb3-b47a-b65326cde5fe,4992,Homo sapiens,bronchus,normal,Visium Spatial Gene Expression V1,na,neuroendocrine cell|non-myelinating Schwann cell,"IgA plasma cell|IgG plasma cell|adventitial cell|airway submucosal gland duct basal cell|alveolar macrophage|blood vessel endothelial cell|blood vessel smooth muscle cell|bronchus fibroblast of lung|chondrocyte|ciliated cell|endothelial cell of lymphatic vessel|fibroblast|fibroblast of lung|goblet cell|lung interstitial macrophage|lung macrophage|lung perichondrial fibroblast|lung pericyte|mast cell|muscle cell|myofibroblast cell|naive thymus-derived CD4-positive, alpha-beta T cell|neuroendocrine cell|non-myelinating Schwann cell|pulmonary alveolar type 2 cell|smooth muscle cell of the pulmonary artery|unknown|vein endothelial cell",https://datasets.cellxgene.cziscience.com/5bdb5d12-9104-4bb3-b47a-b65326cde5fe.h5ad,https://cellxgene.cziscience.com/collections/c1241244-b22d-483d-875b-75699efb9f3c
c1241244-b22d-483d-875b-75699efb9f3c,A spatially resolved atlas of the human lung characterizes a gland-associated immune niche,10.1038/s41588-022-01243-4,2024-02-13T22:44:13+00:00,44c9d3fd-bbde-45a5-a17c-db37a75bf697,da3db84a-aec1-404f-83f3-c497ce4bfccc,4992,Homo sapiens,trachea,normal,Visium Spatial Gene Expression V1,na,non-myelinating Schwann cell,CD14-positive monocyte|IgA plasma cell|IgG plasma cell|adventitial cell|airway submucosal gland duct basal cell|basal cell|blood vessel smooth muscle cell|bronchus fibroblast of lung|chondrocyte|ciliated cell|conventional dendritic cell|endothelial cell of artery|endothelial cell of lymphatic vessel|erythrocyte|fibroblast|goblet cell|lung interstitial macrophage|lung macrophage|lung perichondrial fibroblast|lung pericyte|lung secretory cell|non-myelinating Schwann cell|plasmablast|respiratory tract suprabasal cell|serous secreting cell of bronchus submucosal gland|unknown|vein endothelial cell,https://datasets.cellxgene.cziscience.com/da3db84a-aec1-404f-83f3-c497ce4bfccc.h5ad,https://cellxgene.cziscience.com/collections/c1241244-b22d-483d-875b-75699efb9f3c
c1241244-b22d-483d-875b-75699efb9f3c,A spatially resolved atlas of the human lung characterizes a gland-associated immune niche,10.1038/s41588-022-01243-4,2024-02-13T22:44:13+00:00,2c3621b8-1870-4e06-b169-252ab243118d,ca3e1dd1-bcc3-4121-a160-c2a86bf51972,4992,Homo sapiens,bronchus,normal,Visium Spatial Gene Expression V1,na,non-myelinating Schwann cell,IgA plasma cell|IgG plasma cell|adventitial cell|airway submucosal gland duct basal cell|basal cell|blood vessel smooth muscle cell|chondrocyte|ciliated cell|endothelial cell of artery|erythrocyte|fibroblast|fibroblast of lung|goblet cell|lung perichondrial fibroblast|lung pericyte|lung secretory cell|muscle cell|non-myelinating Schwann cell|respiratory tract suprabasal cell|serous secreting cell of bronchus submucosal gland|unknown|vein endothelial cell,https://datasets.cellxgene.cziscience.com/ca3e1dd1-bcc3-4121-a160-c2a86bf51972.h5ad,https://cellxgene.cziscience.com/collections/c1241244-b22d-483d-875b-75699efb9f3c
c1241244-b22d-483d-875b-75699efb9f3c,A spatially resolved atlas of the human lung characterizes a gland-associated immune niche,10.1038/s41588-022-01243-4,2024-02-13T22:44:13+00:00,20718fc1-c04b-496b-8a27-8589a637346c,2c092c78-132b-413e-b8d6-8c7e03b8262b,4992,Homo sapiens,bronchus,normal,Visium Spatial Gene Expression V1,na,non-myelinating Schwann cell,IgA plasma cell|adventitial cell|airway submucosal gland duct basal cell|basal cell|blood vessel smooth muscle cell|chondrocyte|ciliated cell|fibroblast|goblet cell|lung perichondrial fibroblast|lung pericyte|lung secretory cell|muscle cell|non-myelinating Schwann cell|pulmonary alveolar type 1 cell|pulmonary alveolar type 2 cell|respiratory tract suprabasal cell|serous secreting cell of bronchus submucosal gland|unknown|vein endothelial cell,https://datasets.cellxgene.cziscience.com/2c092c78-132b-413e-b8d6-8c7e03b8262b.h5ad,https://cellxgene.cziscience.com/collections/c1241244-b22d-483d-875b-75699efb9f3c
c1241244-b22d-483d-875b-75699efb9f3c,A spatially resolved atlas of the human lung characterizes a gland-associated immune niche,10.1038/s41588-022-01243-4,2024-02-13T22:44:13+00:00,15c5c186-df92-4b17-a253-199e10ffe98a,7fc23d86-4c73-4573-b8bc-ce171a6ac7d5,4992,Homo sapiens,bronchus,normal,Visium Spatial Gene Expression V1,na,neuroendocrine cell,"CD14-positive monocyte|IgA plasma cell|IgG plasma cell|adventitial cell|airway submucosal gland duct basal cell|basal cell|blood vessel smooth muscle cell|chondrocyte|ciliated cell|dendritic cell|endothelial cell of lymphatic vessel|fibroblast of lung|goblet cell|lung interstitial macrophage|lung macrophage|lung perichondrial fibroblast|lung secretory cell|mast cell|muscle cell|myofibroblast cell|naive thymus-derived CD4-positive, alpha-beta T cell|neuroendocrine cell|plasmablast|pulmonary alveolar type 2 cell|respiratory tract suprabasal cell|serous secreting cell of bronchus submucosal gland|unknown|vein endothelial cell",https://datasets.cellxgene.cziscience.com/7fc23d86-4c73-4573-b8bc-ce171a6ac7d5.h5ad,https://cellxgene.cziscience.com/collections/c1241244-b22d-483d-875b-75699efb9f3c
c1241244-b22d-483d-875b-75699efb9f3c,A spatially resolved atlas of the human lung characterizes a gland-associated immune niche,10.1038/s41588-022-01243-4,2024-02-13T22:44:13+00:00,0e9d47fb-89b1-42d8-b426-2c7630b5f5fa,75c9f3f8-9506-4b3e-98e1-2f38b1aecb32,29505,Homo sapiens,bronchus|lower lobe of left lung|lung|trachea|upper lobe of left lung,normal,10x 3' v2|10x 3' v3|10x 5' transcription profiling,cell|nucleus,neuroendocrine cell,airway submucosal gland duct basal cell|basal cell|ciliated cell|club cell|deuterosomal cell|epithelial cell|goblet cell|lung secretory cell|myoepithelial cell|neuroendocrine cell|respiratory tract suprabasal cell|serous secreting cell of bronchus submucosal gland,https://datasets.cellxgene.cziscience.com/75c9f3f8-9506-4b3e-98e1-2f38b1aecb32.h5ad,https://cellxgene.cziscience.com/collections/c1241244-b22d-483d-875b-75699efb9f3c
c1241244-b22d-483d-875b-75699efb9f3c,A spatially resolved atlas of the human lung characterizes a gland-associated immune niche,10.1038/s41588-022-01243-4,2024-02-13T22:44:13+00:00,093d3bfe-6f0f-4ac0-a7a1-829f94d0a49f,dea9f35e-1be6-4240-919d-7eb2f471cbe9,193108,Homo sapiens,bronchus|lower lobe of left lung|lung|trachea|upper lobe of left lung,normal,10x 3' v2|10x 3' v3|10x 5' transcription profiling,cell|nucleus,myelinating Schwann cell|neuroendocrine cell|non-myelinating Schwann cell,"CD14-positive monocyte|IgA plasma cell|IgG plasma cell|adventitial cell|airway submucosal gland duct basal cell|alveolar macrophage|basal cell|blood vessel endothelial cell|blood vessel smooth muscle cell|bronchus fibroblast of lung|chondrocyte|ciliated cell|club cell|conventional dendritic cell|dendritic cell|deuterosomal cell|effector CD4-positive, alpha-beta T cell|effector memory CD8-positive, alpha-beta T cell|endothelial cell of artery|endothelial cell of lymphatic vessel|epithelial cell|erythrocyte|fibroblast|fibroblast of lung|gamma-delta T cell|goblet cell|innate lymphoid cell|lung interstitial macrophage|lung macrophage|lung perichondrial fibroblast|lung pericyte|lung resident memory CD4-positive, alpha-beta T cell|lung resident memory CD8-positive, alpha-beta T cell|lung secretory cell|mast cell|megakaryocyte|memory B cell|mesothelial cell|metallothionein-positive alveolar macrophage|monocyte|mucosal-associated invariant T cell|myelinating Schwann cell|myoepithelial cell|myofibroblast cell|naive B cell|naive thymus-derived CD4-positive, alpha-beta T cell|natural killer cell|neuroendocrine cell|non-myelinating Schwann cell|plasmablast|plasmacytoid dendritic cell|pulmonary alveolar type 1 cell|pulmonary alveolar type 2 cell|pulmonary artery endothelial cell|regulatory T cell|respiratory tract suprabasal cell|serous secreting cell of bronchus submucosal gland|smooth muscle cell|smooth muscle cell of the pulmonary artery|vein endothelial cell",https://datasets.cellxgene.cziscience.com/dea9f35e-1be6-4240-919d-7eb2f471cbe9.h5ad,https://cellxgene.cziscience.com/collections/c1241244-b22d-483d-875b-75699efb9f3c
e5f58829-1a66-40b5-a624-9046778e74f5,Tabula Sapiens,10.1126/science.abl4896,2021-07-14T03:13:55+00:00,e6a11140-2545-46bc-929e-da243eed2cae,82197577-7914-45c0-9fde-6597a1da920f,25832,Homo sapiens,cardiac atrium|cardiac ventricle|heart|heart right ventricle|right cardiac atrium,normal,10x 3' v3|Smart-seq2,cell,neuron,"B cell|CD4-positive, alpha-beta T cell|CD8-positive, alpha-beta T cell|T cell|cardiac endothelial cell|erythrocyte|fibroblast of cardiac tissue|macrophage|mast cell|mature NK T cell|mesothelial cell|monocyte|natural killer cell|neuron|neutrophil|pericyte|plasma cell|plasmacytoid dendritic cell|platelet|regular atrial cardiac myocyte|smooth muscle cell|ventricular cardiac muscle cell",https://datasets.cellxgene.cziscience.com/82197577-7914-45c0-9fde-6597a1da920f.h5ad,https://cellxgene.cziscience.com/collections/e5f58829-1a66-40b5-a624-9046778e74f5
e5f58829-1a66-40b5-a624-9046778e74f5,Tabula Sapiens,10.1126/science.abl4896,2021-07-14T03:13:55+00:00,bb78adbb-1428-4468-bad0-63602bb974e9,6ad78e84-6715-458d-95b4-69e8509cd785,48951,Homo sapiens,left ovary|ovary|right ovary,normal,10x 3' v3|Smart-seq2|Smart-seq3,cell,glial cell,"B cell|CD4-positive, alpha-beta T cell|CD8-positive, alpha-beta T cell|T cell|blood vessel smooth muscle cell|classical monocyte|endothelial cell|epithelial cell|glandular secretory epithelial cell|glial cell|hematopoietic precursor cell|leukocyte|macrophage|mast cell|mature NK T cell|monocyte|myeloid dendritic cell|neutrophil|oocyte|ovarian surface epithelial cell|plasma cell|plasmacytoid dendritic cell|smooth muscle cell|stromal cell|stromal cell of ovary|theca cell|unknown",https://datasets.cellxgene.cziscience.com/6ad78e84-6715-458d-95b4-69e8509cd785.h5ad,https://cellxgene.cziscience.com/collections/e5f58829-1a66-40b5-a624-9046778e74f5
e5f58829-1a66-40b5-a624-9046778e74f5,Tabula Sapiens,10.1126/science.abl4896,2021-07-14T03:13:55+00:00,a357414d-2042-4eb5-95f0-c58604a18bdd,6db4dfe6-d421-4287-a9dc-22eaa59be966,42036,Homo sapiens,duodenum|ileum|jejunum|small intestine,normal,10x 3' v3|Smart-seq2,cell,enteroendocrine cell of small intestine|enteroglial cell,"B cell|BEST4+ enterocyte|CD4-positive, alpha-beta T cell|CD8-positive, alpha-beta T cell|activated CD4-positive, alpha-beta T cell|activated CD8-positive, alpha-beta T cell|endothelial cell of arteriole|endothelial cell of lymphatic vessel|endothelial cell of venule|enterocyte of epithelium proper of duodenum|enterocyte of epithelium proper of ileum|enterocyte of epithelium proper of jejunum|enterocyte of epithelium proper of small intestine|enteroendocrine cell of small intestine|enteroglial cell|fibroblast|gamma-delta T cell|innate lymphoid cell|intestinal crypt stem cell of small intestine|intestinal tuft cell|macrophage|mast cell|monocyte|myeloid dendritic cell|myofibroblast cell|naive thymus-derived CD4-positive, alpha-beta T cell|natural killer cell|neutrophil|paneth cell of epithelium of small intestine|pericyte|plasma cell|regulatory T cell|small intestine goblet cell|transit amplifying cell of small intestine",https://datasets.cellxgene.cziscience.com/6db4dfe6-d421-4287-a9dc-22eaa59be966.h5ad,https://cellxgene.cziscience.com/collections/e5f58829-1a66-40b5-a624-9046778e74f5
e5f58829-1a66-40b5-a624-9046778e74f5,Tabula Sapiens,10.1126/science.abl4896,2021-07-14T03:13:55+00:00,9ba03780-4b13-44bc-a7d3-ce532ea0a856,3e8bd2b2-fe53-4b95-abb2-ce971b4f1c14,33064,Homo sapiens,mucosa of stomach|muscularis mucosae of stomach|stomach|stomach smooth muscle,normal,10x 3' v3|Smart-seq2,cell,enteroendocrine cell,"B cell|CD4-positive, alpha-beta T cell|CD8-positive, alpha-beta T cell|T cell|endothelial cell of lymphatic vessel|enteroendocrine cell|epithelial cell|fibroblast|interstitial cell of Cajal|macrophage|mast cell|mature NK T cell|monocyte|mononuclear phagocyte|natural killer cell|neutrophil|plasma cell|regulatory T cell|smooth muscle cell|tissue-resident macrophage",https://datasets.cellxgene.cziscience.com/3e8bd2b2-fe53-4b95-abb2-ce971b4f1c14.h5ad,https://cellxgene.cziscience.com/collections/e5f58829-1a66-40b5-a624-9046778e74f5
e5f58829-1a66-40b5-a624-9046778e74f5,Tabula Sapiens,10.1126/science.abl4896,2021-07-14T03:13:55+00:00,7357cee7-9f7f-4ab0-8cec-90de8f047e38,81781bd2-7a71-43a8-ab31-2a9009c1aea6,30084,Homo sapiens,ascending colon|large intestine|sigmoid colon,normal,10x 3' v3|Smart-seq2,cell,enterochromaffin-like cell|enteroglial cell|type L enteroendocrine cell,"B cell|BEST4+ enterocyte|CD4-positive, alpha-beta T cell|CD8-positive, alpha-beta T cell|colon endothelial cell|colon macrophage|enterochromaffin-like cell|enterocyte of epithelium of large intestine|enteroglial cell|fibroblast|gamma-delta T cell|innate lymphoid cell|intestinal crypt stem cell of colon|large intestine goblet cell|mast cell|mature NK T cell|monocyte|myeloid dendritic cell|myeloid leukocyte|myofibroblast cell|naive thymus-derived CD4-positive, alpha-beta T cell|natural killer cell|neutrophil|paneth cell of colon|plasma cell|regulatory T cell|transit amplifying cell of colon|tuft cell of colon|type L enteroendocrine cell",https://datasets.cellxgene.cziscience.com/81781bd2-7a71-43a8-ab31-2a9009c1aea6.h5ad,https://cellxgene.cziscience.com/collections/e5f58829-1a66-40b5-a624-9046778e74f5
3a844375-60ea-474b-adf1-98e76928baee,Single-cell integration and multi-modal profiling reveals phenotypes and spatial organization of neutrophils in colorectal cancer,10.1016/j.ccell.2025.12.003,2026-06-08T19:57:10+00:00,05a8c945-bc12-414f-960d-a31943bbcdd1,4a8b9568-965e-46b8-a427-baab6bf018e5,3790266,Homo sapiens,ascending colon|blood|caecum|caecum epithelium|colon|colonic epithelium|colorectal mucosa|colorectum|descending colon|hepatic cecum|hepatic flexure of colon|left colon|liver|lymph node|mesenteric lymph node|mucosa of transverse colon|rectosigmoid junction|rectum|right colon|sigmoid colon|splenic flexure of colon|transverse colon,colon adenocarcinoma|colon adenocarcinoma || mucinous adenocarcinoma|colon adenoma|colon adenoma || colorectal tubulovillous adenoma|colon adenoma || tubular adenoma|colon carcinoma|colon sessile serrated adenoma/polyp|colorectal adenocarcinoma|colorectal cancer|colorectal neoplasm|colorectal tubulovillous adenoma|hyperplastic polyp|metastasis from malignant tumor of colon|mucinous adenocarcinoma|normal|polyp of colon|rectum adenocarcinoma|tubular adenoma,10x 3' v1|10x 3' v2|10x 3' v3|10x 5' transcription profiling|10x 5' v1|10x 5' v2|BD Rhapsody Whole Transcriptome Analysis|Fluidigm C1-based SMARTer library preparation|GEXSCOPE technology|Smart-seq2|TruDrop,cell,Schwann cell|enteroendocrine cell of colon,"BEST4+ enterocyte|CD1c-positive myeloid dendritic cell|CD4-positive, alpha-beta T cell|CD8-positive, alpha-beta T cell|IgA plasma cell|IgG plasma cell|IgM plasma cell|Schwann cell|classical monocyte|colon goblet cell|colonocyte|endothelial cell of artery|endothelial cell of lymphatic vessel|enteroendocrine cell of colon|eosinophil|fibroblast|gamma-delta T cell|germinal center B cell|granulocyte monocyte progenitor cell|innate lymphoid cell|intestinal crypt stem cell of colon|macrophage|malignant cell|mast cell|mature B cell|mature NK T cell|mature conventional dendritic cell|memory B cell|naive B cell|naive thymus-derived CD4-positive, alpha-beta T cell|naive thymus-derived CD8-positive, alpha-beta T cell|natural killer cell|neutrophil|non-classical monocyte|pericyte|plasmablast|plasmacytoid dendritic cell|platelet|regulatory T cell|reticular cell|transit amplifying cell of colon|tuft cell of colon|vein endothelial cell",https://datasets.cellxgene.cziscience.com/4a8b9568-965e-46b8-a427-baab6bf018e5.h5ad,https://cellxgene.cziscience.com/collections/3a844375-60ea-474b-adf1-98e76928baee
0e54d4de-44f0-4d50-8649-b5c2bbe8f5d1,Exploring the Utility of snRNA-seq in Profiling Human Bladder Tissue: A Comprehensive Comparison with scRNA-seq,10.1016/j.isci.2024.111628,2024-11-19T21:01:01+00:00,2dd9d7a2-4bee-4c3f-a1f5-89bc3271c4f0,ac25d153-eb19-4e0e-ba4f-dd5be7295994,12964,Homo sapiens,urinary bladder,normal,10x 3' v3,cell|nucleus,Schwann cell,Schwann cell|endothelial cell|endothelial cell of artery|endothelial cell of lymphatic vessel|fibroblast|smooth muscle cell|vascular associated smooth muscle cell|vein endothelial cell,https://datasets.cellxgene.cziscience.com/ac25d153-eb19-4e0e-ba4f-dd5be7295994.h5ad,https://cellxgene.cziscience.com/collections/0e54d4de-44f0-4d50-8649-b5c2bbe8f5d1
24e324a1-b42d-4438-9bb5-cf5233fa90b0,Single cell transcriptomic analyses of the dynamic local and systemic response to cardiac injury in mice and zebrafish.,10.1038/s42003-024-07315-x,2024-12-02T21:48:15+00:00,7b6bab5a-f9c4-4a56-9ed4-3b9079b14867,3ae58a8e-a64e-44b5-94c6-af55c88e02d3,194315,Mus musculus,blood|heart|kidney|liver|pancreas,myocardial infarction|normal,10x 3' v3,cell,Schwann cell,B cell|Kupffer cell|Schwann cell|T cell|cardiac muscle cell|circulating fibrocyte|dendritic cell|endocardial cell|endothelial cell|exocrine cell|fibroblast|granulocyte|hepatic stellate cell|hepatocyte|kidney tubule cell|macrophage|mature NK T cell|monocyte|natural killer cell|neutrophil|pancreatic A cell|pancreatic D cell|pancreatic PP cell|pericyte|type B pancreatic cell|unknown,https://datasets.cellxgene.cziscience.com/3ae58a8e-a64e-44b5-94c6-af55c88e02d3.h5ad,https://cellxgene.cziscience.com/collections/24e324a1-b42d-4438-9bb5-cf5233fa90b0
92db8a7e-8761-4317-873f-15606c016ce5,A novel human fetal lung-derived alveolar organoid model reveals mechanisms of surfactant protein C maturation relevant to interstitial lung disease,10.1038/s44318-024-00328-6,2025-05-16T16:39:16+00:00,781cc817-3fd0-487c-a55a-b47b2786a05d,89a17e6a-bbb0-4a9a-b2b4-3bafd89277a8,9619,Homo sapiens,lung,normal,10x 5' v1,cell,pulmonary neuroendocrine cell,basal cell|lung multiciliated epithelial cell|pulmonary alveolar type 2 cell|pulmonary neuroendocrine cell|respiratory tract epithelial cell,https://datasets.cellxgene.cziscience.com/89a17e6a-bbb0-4a9a-b2b4-3bafd89277a8.h5ad,https://cellxgene.cziscience.com/collections/92db8a7e-8761-4317-873f-15606c016ce5
741abcf7-af4b-425d-88db-7e0b0d845719,Single-nucleus transcriptomic analysis of human dorsal root ganglion neurons.,10.7554/eLife.71752,2025-03-20T17:29:30+00:00,d973ea15-3722-4bc8-a0e8-1d956d26e203,cf1271ef-08be-46dd-b39e-90c3aa72755e,1837,Homo sapiens,dorsal root ganglion,normal,10x 3' v2|10x 3' v3,nucleus,sensory neuron of dorsal root ganglion,sensory neuron of dorsal root ganglion,https://datasets.cellxgene.cziscience.com/cf1271ef-08be-46dd-b39e-90c3aa72755e.h5ad,https://cellxgene.cziscience.com/collections/741abcf7-af4b-425d-88db-7e0b0d845719
8c782494-01ed-491b-97b9-6f0d3b76c676,Transcriptomic and spatial dissection of human ex vivo right atrial tissue reveals proinflammatory microvascular changes in ischemic heart disease,10.1016/j.xcrm.2024.101556,2024-11-22T21:16:41+00:00,f1606894-59df-4794-a37f-baa7c6fb6de1,d070bbc4-3c71-4f7a-adaf-583ccb059eb6,392819,Homo sapiens,right atrium auricular region,coronary artery disorder|heart valve disorder|myocardial infarction|normal,10x 3' v3,nucleus,Schwann cell,Schwann cell|adipocyte|cardiac blood vessel endothelial cell|cardiac muscle cell|endocardial cell|fibroblast|lymphocyte|macrophage|mesothelial cell|pericyte|smooth muscle cell,https://datasets.cellxgene.cziscience.com/d070bbc4-3c71-4f7a-adaf-583ccb059eb6.h5ad,https://cellxgene.cziscience.com/collections/8c782494-01ed-491b-97b9-6f0d3b76c676
8c782494-01ed-491b-97b9-6f0d3b76c676,Transcriptomic and spatial dissection of human ex vivo right atrial tissue reveals proinflammatory microvascular changes in ischemic heart disease,10.1016/j.xcrm.2024.101556,2024-11-22T21:16:41+00:00,8f4f8502-9170-4ac2-9707-3b6985ebfe5f,86094298-00c2-4d09-b11d-342c5aa1f951,221756,Homo sapiens,right atrium auricular region,heart failure|heart valve disorder|myocardial ischemia|normal,10x 3' v3,nucleus,Schwann cell|neuron,Schwann cell|adipocyte|cardiac blood vessel endothelial cell|cardiac muscle cell|endocardial cell|fibroblast|lymphocyte|macrophage|mesothelial cell|neuron|pericyte|smooth muscle cell,https://datasets.cellxgene.cziscience.com/86094298-00c2-4d09-b11d-342c5aa1f951.h5ad,https://cellxgene.cziscience.com/collections/8c782494-01ed-491b-97b9-6f0d3b76c676
f11cb29c-b546-4738-9bd8-66ea621a7bd5,Single-cell integration reveals metaplasia in inflammatory gut diseases,10.1038/s41586-024-07571-1,2025-10-27T18:27:39+00:00,e6aaf5a4-16e9-4ea6-9733-4eafd4e473d3,8b6c3914-0505-40a5-a241-a9390759f7ac,1358573,Homo sapiens,ascending colon|body of stomach|buccal mucosa|caecum|colon|colonic epithelium|colonic mucosa|descending colon|duodenal epithelium|duodenum|epithelium of esophagus|epithelium of rectum|epithelium of small intestine|epithelium of stomach|esophagus|gingiva|ileal epithelium|ileum|ileum lamina propria|intestine|jejunum|labial gland|lamina propria of mucosa of colon|lamina propria of small intestine|mesenteric lymph node|parotid gland|periodontium|pyloric antrum|pylorus|rectosigmoid junction|rectum|sigmoid colon|small intestine|stomach|transverse colon|vermiform appendix,Crohn disease|colorectal cancer|gastric cancer|inflammatory bowel disease|normal|ulcerative colitis,10x 3' v1|10x 3' v2|10x 3' v3|10x 5' transcription profiling|10x 5' v1|10x 5' v2,cell,afferent neuron|enteric neuron|enteroendocrine cell|enteroglial cell|inhibitory motor neuron|interneuron|motor neuron|type EC enteroendocrine cell|type G enteroendocrine cell|type X enteroendocrine cell,"BEST4+ enterocyte|CD16-negative, CD56-bright natural killer cell, human|CD16-positive, CD56-dim natural killer cell, human|CD4-positive, alpha-beta memory T cell|CD8-positive, alpha-beta memory T cell|IgA plasma cell|IgG plasma cell|IgM plasma cell|Langerhans cell|M cell of gut|T follicular helper cell|T-helper 17 cell|TREM2-positive macrophage|acinar cell of salivary gland|afferent neuron|angiogenic pericyte|basal cell|capillary endothelial cell|colonocyte|conventional dendritic cell|cycling T cell|cycling basal cell|dendritic cell, human|effector memory CD8-positive, alpha-beta T cell|endothelial cell|endothelial cell of artery|endothelial cell of lymphatic vessel|enteric neuron|enterocyte|enteroendocrine cell|enteroglial cell|eosinophil|epithelial cell|erythrocyte|fibroblast|fibroblast of gingiva|fibroblastic reticular cell|follicular dendritic cell|foveolar cell of stomach|gamma-delta T cell|gastrointestinal tract (lamina propria) macrophage|germinal center B cell|glandular cell of esophagus|group 3 innate lymphoid cell|immature pericyte|inhibitory motor neuron|interneuron|interstitial cell of Cajal|intestinal crypt stem cell|intestine goblet cell|ionocyte|keratinocyte|macrophage|mast cell|megakaryocyte|melanocyte|memory B cell|mesenchymal cell|mesodermal cell|mesothelial cell|monocyte|motor neuron|mucosal-associated invariant T cell|mucous neck cell of gastric gland|muscle cell|myoepithelial cell|myofibroblast cell|naive B cell|naive thymus-derived CD4-positive, alpha-beta T cell|naive thymus-derived CD8-positive, alpha-beta T cell|neuroblast (sensu Vertebrata)|neutrophil progenitor cell|paneth cell|parietal cell|peptic cell|pericyte|plasmablast|plasmacytoid dendritic cell, human|precursor B cell|pro-B cell|progenitor cell|regulatory T cell|salivary gland glandular cell|smooth muscle cell|transit amplifying cell|tuft cell of small intestine|type EC enteroendocrine cell|type G enteroendocrine cell|type X enteroendocrine cell|unknown|vascular associated smooth muscle cell|vein endothelial cell",https://datasets.cellxgene.cziscience.com/8b6c3914-0505-40a5-a241-a9390759f7ac.h5ad,https://cellxgene.cziscience.com/collections/f11cb29c-b546-4738-9bd8-66ea621a7bd5
f11cb29c-b546-4738-9bd8-66ea621a7bd5,Single-cell integration reveals metaplasia in inflammatory gut diseases,10.1038/s41586-024-07571-1,2025-10-27T18:27:39+00:00,d661aeb3-5bf7-497d-832f-2399a1ef9b63,674a4e43-a99a-4a76-8f23-a63e3e85933a,29498,Homo sapiens,duodenum|ileum|jejunum|small intestine,normal,10x 3' v2|10x 3' v3|10x 5' v2,cell,enteroendocrine cell,BEST4+ enterocyte|enterocyte|enteroendocrine cell|epithelial cell|intestinal crypt stem cell|intestine goblet cell|progenitor cell,https://datasets.cellxgene.cziscience.com/674a4e43-a99a-4a76-8f23-a63e3e85933a.h5ad,https://cellxgene.cziscience.com/collections/f11cb29c-b546-4738-9bd8-66ea621a7bd5
f11cb29c-b546-4738-9bd8-66ea621a7bd5,Single-cell integration reveals metaplasia in inflammatory gut diseases,10.1038/s41586-024-07571-1,2025-10-27T18:27:39+00:00,bb0818d3-474e-44f4-a82a-169f3c62c94c,b801706d-6345-4af2-b3fe-8e30e0e6150b,1077238,Homo sapiens,ascending colon|body of stomach|buccal mucosa|caecum|colon|colonic epithelium|colonic mucosa|descending colon|duodenal epithelium|duodenum|epithelium of esophagus|epithelium of rectum|epithelium of small intestine|epithelium of stomach|esophagus|gingiva|ileal epithelium|ileum|ileum lamina propria|intestine|jejunum|labial gland|lamina propria of mucosa of colon|lamina propria of small intestine|mesenteric lymph node|parotid gland|periodontium|pyloric antrum|pylorus|rectosigmoid junction|rectum|sigmoid colon|small intestine|stomach|transverse colon|vermiform appendix,normal,10x 3' v1|10x 3' v2|10x 3' v3|10x 5' transcription profiling|10x 5' v1|10x 5' v2,cell,afferent neuron|enteric neuron|enteroendocrine cell|enteroglial cell|inhibitory motor neuron|interneuron|motor neuron|type EC enteroendocrine cell|type G enteroendocrine cell|type X enteroendocrine cell,"BEST4+ enterocyte|CD16-negative, CD56-bright natural killer cell, human|CD16-positive, CD56-dim natural killer cell, human|CD4-positive, alpha-beta memory T cell|CD8-positive, alpha-beta memory T cell|IgA plasma cell|IgG plasma cell|IgM plasma cell|Langerhans cell|M cell of gut|T follicular helper cell|T-helper 17 cell|TREM2-positive macrophage|acinar cell of salivary gland|afferent neuron|angiogenic pericyte|basal cell|capillary endothelial cell|colonocyte|conventional dendritic cell|cycling T cell|cycling basal cell|dendritic cell, human|effector memory CD8-positive, alpha-beta T cell|endothelial cell|endothelial cell of artery|endothelial cell of lymphatic vessel|enteric neuron|enterocyte|enteroendocrine cell|enteroglial cell|eosinophil|epithelial cell|erythrocyte|fibroblast|fibroblast of gingiva|fibroblastic reticular cell|follicular dendritic cell|foveolar cell of stomach|gamma-delta T cell|gastrointestinal tract (lamina propria) macrophage|germinal center B cell|glandular cell of esophagus|group 3 innate lymphoid cell|immature pericyte|inhibitory motor neuron|interneuron|interstitial cell of Cajal|intestinal crypt stem cell|intestine goblet cell|ionocyte|keratinocyte|macrophage|mast cell|megakaryocyte|melanocyte|memory B cell|mesenchymal cell|mesodermal cell|mesothelial cell|monocyte|motor neuron|mucosal-associated invariant T cell|mucous neck cell of gastric gland|muscle cell|myoepithelial cell|myofibroblast cell|naive B cell|naive thymus-derived CD4-positive, alpha-beta T cell|naive thymus-derived CD8-positive, alpha-beta T cell|neuroblast (sensu Vertebrata)|neutrophil progenitor cell|paneth cell|parietal cell|peptic cell|pericyte|plasmablast|plasmacytoid dendritic cell, human|precursor B cell|pro-B cell|progenitor cell|regulatory T cell|salivary gland glandular cell|smooth muscle cell|transit amplifying cell|tuft cell of small intestine|type EC enteroendocrine cell|type G enteroendocrine cell|type X enteroendocrine cell|unknown|vascular associated smooth muscle cell|vein endothelial cell",https://datasets.cellxgene.cziscience.com/b801706d-6345-4af2-b3fe-8e30e0e6150b.h5ad,https://cellxgene.cziscience.com/collections/f11cb29c-b546-4738-9bd8-66ea621a7bd5
f11cb29c-b546-4738-9bd8-66ea621a7bd5,Single-cell integration reveals metaplasia in inflammatory gut diseases,10.1038/s41586-024-07571-1,2025-10-27T18:27:39+00:00,7be23e52-e357-45d6-861f-31166913104e,02f1646e-52ca-4b4a-aec2-f4469f216cea,23904,Homo sapiens,ascending colon|body of stomach|buccal mucosa|caecum|colon|colonic mucosa|descending colon|duodenum|esophagus|gingiva|ileum|intestine|jejunum|labial gland|mesenteric lymph node|periodontium|pyloric antrum|pylorus|rectosigmoid junction|rectum|sigmoid colon|small intestine|stomach|transverse colon,Crohn disease|colorectal cancer|gastric cancer|normal|ulcerative colitis,10x 3' v1|10x 3' v2|10x 3' v3|10x 5' transcription profiling|10x 5' v2,cell,afferent neuron|enteric neuron|enteroglial cell|inhibitory motor neuron|interneuron|motor neuron,afferent neuron|enteric neuron|enteroglial cell|inhibitory motor neuron|interneuron|motor neuron|neuroblast (sensu Vertebrata),https://datasets.cellxgene.cziscience.com/02f1646e-52ca-4b4a-aec2-f4469f216cea.h5ad,https://cellxgene.cziscience.com/collections/f11cb29c-b546-4738-9bd8-66ea621a7bd5
f11cb29c-b546-4738-9bd8-66ea621a7bd5,Single-cell integration reveals metaplasia in inflammatory gut diseases,10.1038/s41586-024-07571-1,2025-10-27T18:27:39+00:00,763d1d88-b38d-4ab0-b00f-72df816b4b08,681f6f1b-f9b6-4d1d-8588-97fedad51f7a,96675,Homo sapiens,ascending colon|caecum|colon|colonic epithelium|colonic mucosa|descending colon|epithelium of rectum|lamina propria of mucosa of colon|rectosigmoid junction|rectum|sigmoid colon|transverse colon|vermiform appendix,colorectal cancer|inflammatory bowel disease|normal|ulcerative colitis,10x 3' v2|10x 3' v3|10x 5' transcription profiling|10x 5' v1|10x 5' v2,cell,enteroendocrine cell,BEST4+ enterocyte|colonocyte|enterocyte|enteroendocrine cell|intestinal crypt stem cell|intestine goblet cell|paneth cell|transit amplifying cell|tuft cell of small intestine,https://datasets.cellxgene.cziscience.com/681f6f1b-f9b6-4d1d-8588-97fedad51f7a.h5ad,https://cellxgene.cziscience.com/collections/f11cb29c-b546-4738-9bd8-66ea621a7bd5
f11cb29c-b546-4738-9bd8-66ea621a7bd5,Single-cell integration reveals metaplasia in inflammatory gut diseases,10.1038/s41586-024-07571-1,2025-10-27T18:27:39+00:00,6f30673d-0464-4d3c-9568-96a266a9b6f6,e23ce9e7-4dfc-4541-9f22-5abcc0565078,23362,Homo sapiens,duodenum|ileum|intestine|small intestine,normal,10x 3' v2|10x 5' v2,cell,enteroendocrine cell,BEST4+ enterocyte|M cell of gut|colonocyte|enterocyte|enteroendocrine cell|epithelial cell|foveolar cell of stomach|intestinal crypt stem cell|intestine goblet cell|mucous neck cell of gastric gland|paneth cell|tuft cell of small intestine,https://datasets.cellxgene.cziscience.com/e23ce9e7-4dfc-4541-9f22-5abcc0565078.h5ad,https://cellxgene.cziscience.com/collections/f11cb29c-b546-4738-9bd8-66ea621a7bd5
f11cb29c-b546-4738-9bd8-66ea621a7bd5,Single-cell integration reveals metaplasia in inflammatory gut diseases,10.1038/s41586-024-07571-1,2025-10-27T18:27:39+00:00,6d50d513-c158-4b0f-b1df-b54c8572163b,d6ec8574-622e-4bbd-b630-ea81ee7570e3,72356,Homo sapiens,duodenal epithelium|duodenum|epithelium of small intestine|ileal epithelium|ileum|ileum lamina propria|jejunum|lamina propria of small intestine|mesenteric lymph node|small intestine,Crohn disease|normal,10x 3' v1|10x 3' v2|10x 5' transcription profiling|10x 5' v1|10x 5' v2,cell,enteroendocrine cell,BEST4+ enterocyte|M cell of gut|enterocyte|enteroendocrine cell|foveolar cell of stomach|intestinal crypt stem cell|intestine goblet cell|mucous neck cell of gastric gland|paneth cell|transit amplifying cell|tuft cell of small intestine|unknown,https://datasets.cellxgene.cziscience.com/d6ec8574-622e-4bbd-b630-ea81ee7570e3.h5ad,https://cellxgene.cziscience.com/collections/f11cb29c-b546-4738-9bd8-66ea621a7bd5
f11cb29c-b546-4738-9bd8-66ea621a7bd5,Single-cell integration reveals metaplasia in inflammatory gut diseases,10.1038/s41586-024-07571-1,2025-10-27T18:27:39+00:00,5525b4bd-e4e1-49d2-8734-0e7e14c5515f,5e79771d-9cc4-42b9-8ddd-88dfad392021,4475,Homo sapiens,colon,normal,10x 3' v2|10x 5' v2,cell,enteroendocrine cell,BEST4+ enterocyte|M cell of gut|colonocyte|enteroendocrine cell|epithelial cell|intestinal crypt stem cell|intestine goblet cell,https://datasets.cellxgene.cziscience.com/5e79771d-9cc4-42b9-8ddd-88dfad392021.h5ad,https://cellxgene.cziscience.com/collections/f11cb29c-b546-4738-9bd8-66ea621a7bd5
f11cb29c-b546-4738-9bd8-66ea621a7bd5,Single-cell integration reveals metaplasia in inflammatory gut diseases,10.1038/s41586-024-07571-1,2025-10-27T18:27:39+00:00,19053a82-9c89-4fb8-bd19-d7b1800b0b7b,757945c8-a916-431d-aceb-1afbc80a7c55,1596200,Homo sapiens,ascending colon|body of stomach|buccal mucosa|caecum|caecum epithelium|cecum mucosa|colon|colonic epithelium|colonic mucosa|descending colon|duodenal epithelium|duodenum|epithelium of esophagus|epithelium of rectum|epithelium of small intestine|epithelium of stomach|esophagus|gingiva|ileal epithelium|ileum|ileum lamina propria|intestine|jejunum|labial gland|lamina propria of mucosa of colon|lamina propria of small intestine|mesenteric lymph node|mucosa of sigmoid colon|mucosa of transverse colon|parotid gland|periodontium|pyloric antrum|pylorus|rectosigmoid junction|rectum|sigmoid colon|small intestine|stomach|transverse colon|vermiform appendix,Crohn disease|celiac disease|colorectal cancer|gastric cancer|inflammatory bowel disease|normal|ulcerative colitis,10x 3' v1|10x 3' v2|10x 3' v3|10x 5' transcription profiling|10x 5' v1|10x 5' v2,cell,afferent neuron|enteric neuron|enteroendocrine cell|enteroglial cell|inhibitory motor neuron|interneuron|motor neuron|type EC enteroendocrine cell|type G enteroendocrine cell|type X enteroendocrine cell,"BEST4+ enterocyte|CD16-negative, CD56-bright natural killer cell, human|CD16-positive, CD56-dim natural killer cell, human|CD4-positive, alpha-beta memory T cell|CD8-positive, alpha-beta memory T cell|IgA plasma cell|IgG plasma cell|IgM plasma cell|Langerhans cell|M cell of gut|T follicular helper cell|T-helper 17 cell|TREM2-positive macrophage|acinar cell of salivary gland|afferent neuron|angiogenic pericyte|basal cell|capillary endothelial cell|colonocyte|conventional dendritic cell|cycling T cell|cycling basal cell|dendritic cell, human|effector memory CD8-positive, alpha-beta T cell|endothelial cell|endothelial cell of artery|endothelial cell of lymphatic vessel|enteric neuron|enterocyte|enteroendocrine cell|enteroglial cell|eosinophil|epithelial cell|erythrocyte|fibroblast|fibroblast of gingiva|fibroblastic reticular cell|follicular dendritic cell|foveolar cell of stomach|gamma-delta T cell|gastrointestinal tract (lamina propria) macrophage|germinal center B cell|glandular cell of esophagus|group 3 innate lymphoid cell|immature pericyte|inhibitory motor neuron|interneuron|interstitial cell of Cajal|intestinal crypt stem cell|intestine goblet cell|ionocyte|keratinocyte|macrophage|mast cell|megakaryocyte|melanocyte|memory B cell|mesenchymal cell|mesodermal cell|mesothelial cell|monocyte|motor neuron|mucosal-associated invariant T cell|mucous neck cell of gastric gland|muscle cell|myoepithelial cell|myofibroblast cell|naive B cell|naive thymus-derived CD4-positive, alpha-beta T cell|naive thymus-derived CD8-positive, alpha-beta T cell|neuroblast (sensu Vertebrata)|neutrophil progenitor cell|paneth cell|parietal cell|peptic cell|pericyte|plasmablast|plasmacytoid dendritic cell, human|precursor B cell|pro-B cell|progenitor cell|regulatory T cell|salivary gland glandular cell|smooth muscle cell|transit amplifying cell|tuft cell of small intestine|type EC enteroendocrine cell|type G enteroendocrine cell|type X enteroendocrine cell|unknown|vascular associated smooth muscle cell|vein endothelial cell",https://datasets.cellxgene.cziscience.com/757945c8-a916-431d-aceb-1afbc80a7c55.h5ad,https://cellxgene.cziscience.com/collections/f11cb29c-b546-4738-9bd8-66ea621a7bd5
f11cb29c-b546-4738-9bd8-66ea621a7bd5,Single-cell integration reveals metaplasia in inflammatory gut diseases,10.1038/s41586-024-07571-1,2025-10-27T18:27:39+00:00,0d3807bf-97f0-4ec5-9611-15ada507f0df,c10345ad-7e42-4a1b-ae78-d4d1547b8d06,70090,Homo sapiens,body of stomach|pyloric antrum|pylorus|stomach,gastric cancer|normal,10x 3' v2|10x 5' transcription profiling|10x 5' v2,cell,enteroendocrine cell|type EC enteroendocrine cell|type G enteroendocrine cell|type X enteroendocrine cell,BEST4+ enterocyte|enterocyte|enteroendocrine cell|epithelial cell|foveolar cell of stomach|intestine goblet cell|mucous neck cell of gastric gland|parietal cell|peptic cell|type EC enteroendocrine cell|type G enteroendocrine cell|type X enteroendocrine cell|unknown,https://datasets.cellxgene.cziscience.com/c10345ad-7e42-4a1b-ae78-d4d1547b8d06.h5ad,https://cellxgene.cziscience.com/collections/f11cb29c-b546-4738-9bd8-66ea621a7bd5
f11cb29c-b546-4738-9bd8-66ea621a7bd5,Single-cell integration reveals metaplasia in inflammatory gut diseases,10.1038/s41586-024-07571-1,2025-10-27T18:27:39+00:00,07574da2-6bd3-4708-a04d-27d95c009f4e,4f59842b-967c-4106-bbd0-aae9cb2ead5e,221900,Homo sapiens,duodenal epithelium|duodenum|epithelium of small intestine|ileal epithelium|ileum|ileum lamina propria|jejunum|lamina propria of small intestine|mesenteric lymph node|small intestine,Crohn disease|celiac disease|normal,10x 3' v1|10x 3' v2|10x 3' v3|10x 5' transcription profiling|10x 5' v1|10x 5' v2,cell,enteroendocrine cell,BEST4+ enterocyte|M cell of gut|enterocyte|enteroendocrine cell|foveolar cell of stomach|intestinal crypt stem cell|intestine goblet cell|mucous neck cell of gastric gland|paneth cell|transit amplifying cell|tuft cell of small intestine|unknown,https://datasets.cellxgene.cziscience.com/4f59842b-967c-4106-bbd0-aae9cb2ead5e.h5ad,https://cellxgene.cziscience.com/collections/f11cb29c-b546-4738-9bd8-66ea621a7bd5
2d42fb2f-e635-466e-a2f4-9ea34f2e0feb,Organoid modeling of human fetal lung alveolar development reveals mechanisms of cell fate patterning and neonatal respiratory disease,10.1016/j.stem.2022.11.013,2025-09-16T21:13:55+00:00,43a1506b-aa9e-46a3-b288-d210f4595ddf,8dfa9273-352e-4b67-aea0-67a108f39a0f,20475,Homo sapiens,lung epithelium,normal,10x 5' v1,cell,neuroendocrine cell of epithelium of lobar bronchus|pulmonary neuroendocrine cell,cycling pulmonary alveolar type 2 cell|epithelial cell of lung|fetal pre-type II pulmonary alveolar epithelial cell|neuroendocrine cell of epithelium of lobar bronchus|pulmonary alveolar type 1 cell|pulmonary alveolar type 2 cell|pulmonary neuroendocrine cell|respiratory basal cell,https://datasets.cellxgene.cziscience.com/8dfa9273-352e-4b67-aea0-67a108f39a0f.h5ad,https://cellxgene.cziscience.com/collections/2d42fb2f-e635-466e-a2f4-9ea34f2e0feb
43b45a20-a969-49ac-a8e8-8c84b211bd01,Integrated adult and foetal heart single-cell RNA sequencing,10.1038/s44161-022-00183-w,2023-02-01T18:27:04+00:00,5500c673-1610-40a0-86d9-64d987ae50e6,85f6cdae-10c2-4c97-8a95-cf03f87ecd2e,60668,Homo sapiens,apex of heart|basal zone of heart|heart left ventricle|heart right ventricle|interventricular septum|left cardiac atrium|right cardiac atrium,normal,10x 3' v2|10x 3' v3,cell|nucleus,neuron,adipocyte|capillary endothelial cell|cardiac mesenchymal cell|cardiac muscle cell|endocardial cell|endothelial cell|endothelial cell of artery|fetal cardiomyocyte|fibroblast|innate lymphoid cell|mesothelial cell of epicardium|myeloid cell|neuron|pericyte|smooth muscle cell|unknown|vein endothelial cell,https://datasets.cellxgene.cziscience.com/85f6cdae-10c2-4c97-8a95-cf03f87ecd2e.h5ad,https://cellxgene.cziscience.com/collections/43b45a20-a969-49ac-a8e8-8c84b211bd01
bae2ee8c-b49c-41d0-9097-960d18a39e20,Time-resolved single-cell analysis of Brca1 associated mammary tumourigenesis reveals aberrant differentiation of luminal progenitors,10.1038/s41467-021-21783-3,2025-10-16T17:12:58+00:00,6c6b4c47-096d-4084-97e7-714ee10c556c,e05a1540-f925-412d-919c-8e0116c1b4be,197896,Mus musculus,mammary gland,neoplasm|normal,10x 3' v2|10x 3' v3,cell,Schwann cell,"B cell|CD4-positive, CD25-positive, alpha-beta regulatory T cell|CD4-positive, alpha-beta T cell|CD8-positive, alpha-beta T cell|Schwann cell|basal-myoepithelial cell of mammary gland|blood vessel endothelial cell|conventional dendritic cell|cycling T cell|fibroblast of mammary gland|innate lymphoid cell|lactocyte|luminal adaptive secretory precursor cell of mammary gland|luminal hormone-sensing cell of mammary gland|macrophage|mammary gland epithelial cell|mast cell|migratory dendritic cell|myeloid leukocyte|natural killer cell|neutrophil|perivascular cell|plasma cell|plasmacytoid dendritic cell",https://datasets.cellxgene.cziscience.com/e05a1540-f925-412d-919c-8e0116c1b4be.h5ad,https://cellxgene.cziscience.com/collections/bae2ee8c-b49c-41d0-9097-960d18a39e20
bdac7a53-fe34-4f04-8c46-f9bd5297c099,Profiling of epithelial functional states and fibroblast phenotypes in hormone therapy-naïve localised prostate cancer,10.1101/2024.10.23.619925,2025-10-07T23:58:13+00:00,b347446f-2e38-4248-96fb-39acc50f2112,8d50e14d-4b9c-48fa-873a-a80f0bea9601,20858,Homo sapiens,prostate gland,prostatic acinar adenocarcinoma,10x 3' v3,cell,prostate neuroendocrine cell,basal cell of prostate epithelium|ciliated epithelial cell|club-like cell of the urethral epithelium|epithelial cell of prostate|luminal cell of prostate epithelium|prostate neuroendocrine cell,https://datasets.cellxgene.cziscience.com/8d50e14d-4b9c-48fa-873a-a80f0bea9601.h5ad,https://cellxgene.cziscience.com/collections/bdac7a53-fe34-4f04-8c46-f9bd5297c099
bdac7a53-fe34-4f04-8c46-f9bd5297c099,Profiling of epithelial functional states and fibroblast phenotypes in hormone therapy-naïve localised prostate cancer,10.1101/2024.10.23.619925,2025-10-07T23:58:13+00:00,881e0e6b-a185-45f1-9b56-81606e91e7ff,68b23fda-7191-46a5-8870-819feca3e66e,68322,Homo sapiens,prostate gland,prostatic acinar adenocarcinoma,10x 3' v3,cell,glial cell|myelinating Schwann cell|prostate neuroendocrine cell,B cell|T cell|basal cell of prostate epithelium|ciliated epithelial cell|club-like cell of the urethral epithelium|cytotoxic T cell|endothelial cell|endothelial cell of lymphatic vessel|epithelial cell of prostate|fibroblast of connective tissue of prostate|glial cell|luminal cell of prostate epithelium|macrophage|mast cell|monocyte|myelinating Schwann cell|myeloid cell|natural killer cell|pericyte|plasma cell|plasmacytoid dendritic cell|prostate neuroendocrine cell|regulatory T cell|smooth muscle cell of prostate|unknown|vascular associated smooth muscle cell|vein endothelial cell,https://datasets.cellxgene.cziscience.com/68b23fda-7191-46a5-8870-819feca3e66e.h5ad,https://cellxgene.cziscience.com/collections/bdac7a53-fe34-4f04-8c46-f9bd5297c099
bdac7a53-fe34-4f04-8c46-f9bd5297c099,Profiling of epithelial functional states and fibroblast phenotypes in hormone therapy-naïve localised prostate cancer,10.1101/2024.10.23.619925,2025-10-07T23:58:13+00:00,20de8570-f01a-4016-9e0d-7e2bfb43932a,8b3fc760-f3fd-4723-a768-9323ac12a0bd,1096,Homo sapiens,prostate gland,prostatic acinar adenocarcinoma,10x 3' v3,cell,glial cell|myelinating Schwann cell,glial cell|myelinating Schwann cell,https://datasets.cellxgene.cziscience.com/8b3fc760-f3fd-4723-a768-9323ac12a0bd.h5ad,https://cellxgene.cziscience.com/collections/bdac7a53-fe34-4f04-8c46-f9bd5297c099
7651ac1a-f947-463a-9223-a9e408a41989,Insulin is expressed by enteroendocrine cells during human fetal development,10.1038/s41591-021-01586-1,2023-04-11T18:14:16+00:00,3f32121d-126b-4e8d-9f69-d86502d2a1b1,fe96972c-7199-4146-9e03-af518d8916cc,36359,Homo sapiens,small intestine,normal,10x 3' v2|10x 3' v3,cell,enteroendocrine cell|neuron,B cell|T cell|blood vessel endothelial cell|dendritic cell|endothelial cell of lymphatic vessel|enterocyte|enteroendocrine cell|fibroblast|macrophage|neuron,https://datasets.cellxgene.cziscience.com/fe96972c-7199-4146-9e03-af518d8916cc.h5ad,https://cellxgene.cziscience.com/collections/7651ac1a-f947-463a-9223-a9e408a41989
07e12576-b41b-4350-adfc-059bfc4328ea,Single-cell RNA-seq analysis of Interstitial Lung Disease (ILD) subtypes,10.1038/s41588-024-01702-0,2025-10-02T15:48:00+00:00,f14bc322-1322-4184-8d16-409557525ea5,c3d9262e-0dc5-4eca-bf20-56e6d96d0306,471905,Homo sapiens,lung,anthracosis|hypersensitivity pneumonitis|interstitial lung disease|lymphoid interstitial pneumonia|non-specific interstitial pneumonia|normal|pulmonary sarcoidosis,10x 5' v1|10x 5' v2,cell,pulmonary neuroendocrine cell,"B cell|CD8-positive, alpha-beta cytotoxic T cell|adventitial fibroblast|alveolar macrophage|alveolar type 1 fibroblast cell|basal cell|ciliated cell|classical monocyte|conventional dendritic cell|endothelial cell of arteriole|endothelial cell of respiratory system lymphatic vessel|epithelial cell of lung|granzyme K-associated CD8 T cell|helper T cell|hematopoietic cell|lung interstitial macrophage|lung secretory cell|macrophage|mast cell|mesothelial cell of pleura|monocyte|myeloid dendritic cell, human|myofibroblast cell|natural killer cell|pericyte|plasma cell|plasmacytoid dendritic cell|pulmonary alveolar type 1 cell|pulmonary alveolar type 2 cell|pulmonary capillary endothelial cell|pulmonary neuroendocrine cell|smooth muscle cell|vein endothelial cell of respiratory system",https://datasets.cellxgene.cziscience.com/c3d9262e-0dc5-4eca-bf20-56e6d96d0306.h5ad,https://cellxgene.cziscience.com/collections/07e12576-b41b-4350-adfc-059bfc4328ea
bd3f7d45-43a0-4944-8327-62d6c89e2ae1,Single-Cell Transcriptomic Profiling of Human Dental Pulp in Sound and Carious Teeth: A Pilot Study,10.3389/fdmed.2021.806294,2024-10-07T23:54:58+00:00,bdd109f1-ca27-45dc-bb9f-473008449428,c184cf5a-2c44-4908-96d9-165dd5e07f07,6560,Homo sapiens,dental pulp,enamel caries|normal|pulpitis,10x 3' v2,cell,Schwann cell|glial cell,B cell|Schwann cell|T cell|dendritic cell|endothelial cell|fibroblast|glial cell|hematopoietic stem cell|macrophage|natural killer cell|non-classical monocyte|odontoblast|plasma cell,https://datasets.cellxgene.cziscience.com/c184cf5a-2c44-4908-96d9-165dd5e07f07.h5ad,https://cellxgene.cziscience.com/collections/bd3f7d45-43a0-4944-8327-62d6c89e2ae1
34f12de7-c5e5-4813-a136-832677f98ac8,Multi-scale spatial mapping of cell populations across anatomical sites in healthy human skin and basal cell carcinoma,10.1073/pnas.2313326120,2024-04-02T16:57:33+00:00,e7c5ba7e-4be0-4696-af50-a07d0dc7aac5,82515193-f68f-49f1-923e-d10a2b798b42,152189,Homo sapiens,arm skin|nose skin|skin of abdomen|skin of cheek|skin of external ear|skin of forehead|skin of temple,basal cell carcinoma|normal,10x 3' v1|10x 3' v2|10x 3' v3,cell,Schwann cell,"CD8-positive, alpha-beta memory T cell, CD45RO-positive|Schwann cell|basal cell|basal cell of epidermis|cell of skeletal muscle|chondrocyte|conventional dendritic cell|cytotoxic T cell|dendritic cell|endothelial cell of lymphatic vessel|endothelial cell of vascular tree|fibroblast|helper T cell|innate lymphoid cell|macrophage|mast cell|melanocyte of skin|monocyte|natural killer cell|pericyte|plasma cell|plasmacytoid dendritic cell|regulatory T cell|smooth muscle cell|suprabasal keratinocyte",https://datasets.cellxgene.cziscience.com/82515193-f68f-49f1-923e-d10a2b798b42.h5ad,https://cellxgene.cziscience.com/collections/34f12de7-c5e5-4813-a136-832677f98ac8
34f12de7-c5e5-4813-a136-832677f98ac8,Multi-scale spatial mapping of cell populations across anatomical sites in healthy human skin and basal cell carcinoma,10.1073/pnas.2313326120,2024-04-02T16:57:33+00:00,dce10ba0-1548-4f2f-9959-77d1090bf196,0257ae8f-f43f-4e5b-ae96-4aec4d01164a,4992,Homo sapiens,skin of temple,normal,Visium Spatial Gene Expression V1,na,Schwann cell,Schwann cell|basal cell|basal cell of epidermis|chondrocyte|endothelial cell of lymphatic vessel|endothelial cell of vascular tree|fibroblast|macrophage|natural killer cell|pericyte|plasma cell|plasmacytoid dendritic cell|smooth muscle cell|suprabasal keratinocyte|unknown,https://datasets.cellxgene.cziscience.com/0257ae8f-f43f-4e5b-ae96-4aec4d01164a.h5ad,https://cellxgene.cziscience.com/collections/34f12de7-c5e5-4813-a136-832677f98ac8
34f12de7-c5e5-4813-a136-832677f98ac8,Multi-scale spatial mapping of cell populations across anatomical sites in healthy human skin and basal cell carcinoma,10.1073/pnas.2313326120,2024-04-02T16:57:33+00:00,da22c90e-3db0-449a-b926-94410031b1d1,393728fe-b0ca-486a-ba28-fe5ba063baca,4992,Homo sapiens,glabella skin,normal,Visium Spatial Gene Expression V1,na,Schwann cell,Schwann cell|basal cell|basal cell of epidermis|chondrocyte|endothelial cell of vascular tree|fibroblast|natural killer cell|pericyte|regulatory T cell|suprabasal keratinocyte|unknown,https://datasets.cellxgene.cziscience.com/393728fe-b0ca-486a-ba28-fe5ba063baca.h5ad,https://cellxgene.cziscience.com/collections/34f12de7-c5e5-4813-a136-832677f98ac8
34f12de7-c5e5-4813-a136-832677f98ac8,Multi-scale spatial mapping of cell populations across anatomical sites in healthy human skin and basal cell carcinoma,10.1073/pnas.2313326120,2024-04-02T16:57:33+00:00,d465e08b-b391-425f-9f15-bd3eff4681f7,08be1805-86d6-493c-91b5-d1ada6171f44,4992,Homo sapiens,skin of forehead,basal cell carcinoma,Visium Spatial Gene Expression V1,na,Schwann cell,Schwann cell|basal cell|basal cell of epidermis|conventional dendritic cell|endothelial cell of vascular tree|fibroblast|macrophage|pericyte|plasma cell|plasmacytoid dendritic cell|regulatory T cell|smooth muscle cell|suprabasal keratinocyte|unknown,https://datasets.cellxgene.cziscience.com/08be1805-86d6-493c-91b5-d1ada6171f44.h5ad,https://cellxgene.cziscience.com/collections/34f12de7-c5e5-4813-a136-832677f98ac8
34f12de7-c5e5-4813-a136-832677f98ac8,Multi-scale spatial mapping of cell populations across anatomical sites in healthy human skin and basal cell carcinoma,10.1073/pnas.2313326120,2024-04-02T16:57:33+00:00,c68e6ac8-c4d8-4869-ba08-9d157e4c06f8,320b56ef-a775-43fe-b147-3fbd68ff8385,4992,Homo sapiens,skin of temple,normal,Visium Spatial Gene Expression V1,na,Schwann cell,Schwann cell|basal cell of epidermis|chondrocyte|conventional dendritic cell|endothelial cell of lymphatic vessel|endothelial cell of vascular tree|fibroblast|macrophage|natural killer cell|pericyte|regulatory T cell|suprabasal keratinocyte|unknown,https://datasets.cellxgene.cziscience.com/320b56ef-a775-43fe-b147-3fbd68ff8385.h5ad,https://cellxgene.cziscience.com/collections/34f12de7-c5e5-4813-a136-832677f98ac8
34f12de7-c5e5-4813-a136-832677f98ac8,Multi-scale spatial mapping of cell populations across anatomical sites in healthy human skin and basal cell carcinoma,10.1073/pnas.2313326120,2024-04-02T16:57:33+00:00,9acc2ac1-6acf-4ad3-a8c1-8bffff235e16,c5eb8a2f-fdc4-4fe8-8c22-9f322f64b5dc,4992,Homo sapiens,skin of scalp,normal,Visium Spatial Gene Expression V1,na,Schwann cell,Schwann cell|basal cell of epidermis|endothelial cell of vascular tree|fibroblast|natural killer cell|pericyte|smooth muscle cell|suprabasal keratinocyte|unknown,https://datasets.cellxgene.cziscience.com/c5eb8a2f-fdc4-4fe8-8c22-9f322f64b5dc.h5ad,https://cellxgene.cziscience.com/collections/34f12de7-c5e5-4813-a136-832677f98ac8
34f12de7-c5e5-4813-a136-832677f98ac8,Multi-scale spatial mapping of cell populations across anatomical sites in healthy human skin and basal cell carcinoma,10.1073/pnas.2313326120,2024-04-02T16:57:33+00:00,8f8821bf-6033-49fd-b638-44e0a18f4bf8,642bb015-0339-4a5c-893a-9bb58ee9fbf2,4992,Homo sapiens,skin of forehead,normal,Visium Spatial Gene Expression V1,na,Schwann cell,Schwann cell|basal cell of epidermis|cell of skeletal muscle|chondrocyte|endothelial cell of vascular tree|fibroblast|natural killer cell|pericyte|regulatory T cell|smooth muscle cell|suprabasal keratinocyte|unknown,https://datasets.cellxgene.cziscience.com/642bb015-0339-4a5c-893a-9bb58ee9fbf2.h5ad,https://cellxgene.cziscience.com/collections/34f12de7-c5e5-4813-a136-832677f98ac8
34f12de7-c5e5-4813-a136-832677f98ac8,Multi-scale spatial mapping of cell populations across anatomical sites in healthy human skin and basal cell carcinoma,10.1073/pnas.2313326120,2024-04-02T16:57:33+00:00,838d7116-78d2-4336-985d-e8fd1f3fa9d4,c1ea9710-78c4-4f4a-8953-07b967d5d4d0,4992,Homo sapiens,skin of forehead,normal,Visium Spatial Gene Expression V1,na,Schwann cell,Schwann cell|basal cell of epidermis|endothelial cell of lymphatic vessel|endothelial cell of vascular tree|fibroblast|natural killer cell|pericyte|smooth muscle cell|suprabasal keratinocyte|unknown,https://datasets.cellxgene.cziscience.com/c1ea9710-78c4-4f4a-8953-07b967d5d4d0.h5ad,https://cellxgene.cziscience.com/collections/34f12de7-c5e5-4813-a136-832677f98ac8
34f12de7-c5e5-4813-a136-832677f98ac8,Multi-scale spatial mapping of cell populations across anatomical sites in healthy human skin and basal cell carcinoma,10.1073/pnas.2313326120,2024-04-02T16:57:33+00:00,6e9e3264-02e1-455a-840b-4fbcee132ae7,306c403d-dd88-4fa5-a227-22946586c4b9,4992,Homo sapiens,skin of breast,normal,Visium Spatial Gene Expression V1,na,Schwann cell,Schwann cell|basal cell|basal cell of epidermis|endothelial cell of lymphatic vessel|endothelial cell of vascular tree|fibroblast|macrophage|pericyte|smooth muscle cell|suprabasal keratinocyte|unknown,https://datasets.cellxgene.cziscience.com/306c403d-dd88-4fa5-a227-22946586c4b9.h5ad,https://cellxgene.cziscience.com/collections/34f12de7-c5e5-4813-a136-832677f98ac8
34f12de7-c5e5-4813-a136-832677f98ac8,Multi-scale spatial mapping of cell populations across anatomical sites in healthy human skin and basal cell carcinoma,10.1073/pnas.2313326120,2024-04-02T16:57:33+00:00,663747ff-d8e4-4f5f-a5ed-a63c4332cb05,067711d0-38b9-49d1-8ae0-1fdf050b6295,4992,Homo sapiens,skin of cheek,normal,Visium Spatial Gene Expression V1,na,Schwann cell,Schwann cell|basal cell|basal cell of epidermis|cell of skeletal muscle|chondrocyte|endothelial cell of vascular tree|fibroblast|pericyte|plasma cell|suprabasal keratinocyte|unknown,https://datasets.cellxgene.cziscience.com/067711d0-38b9-49d1-8ae0-1fdf050b6295.h5ad,https://cellxgene.cziscience.com/collections/34f12de7-c5e5-4813-a136-832677f98ac8
34f12de7-c5e5-4813-a136-832677f98ac8,Multi-scale spatial mapping of cell populations across anatomical sites in healthy human skin and basal cell carcinoma,10.1073/pnas.2313326120,2024-04-02T16:57:33+00:00,4754ff7d-dd0a-4eff-b50c-ee9c7d4bd613,82c53e66-22f7-4fcb-8834-438c3f60c999,4992,Homo sapiens,skin of cheek,normal,Visium Spatial Gene Expression V1,na,Schwann cell,Schwann cell|basal cell of epidermis|endothelial cell of lymphatic vessel|endothelial cell of vascular tree|fibroblast|macrophage|pericyte|suprabasal keratinocyte|unknown,https://datasets.cellxgene.cziscience.com/82c53e66-22f7-4fcb-8834-438c3f60c999.h5ad,https://cellxgene.cziscience.com/collections/34f12de7-c5e5-4813-a136-832677f98ac8
34f12de7-c5e5-4813-a136-832677f98ac8,Multi-scale spatial mapping of cell populations across anatomical sites in healthy human skin and basal cell carcinoma,10.1073/pnas.2313326120,2024-04-02T16:57:33+00:00,43d268e8-1859-4ce7-ba75-e7e4f5a76e1d,b953ea25-c9d9-47ba-90cc-be6b84bd8a92,4992,Homo sapiens,skin of cheek,basal cell carcinoma,Visium Spatial Gene Expression V1,na,Schwann cell,Schwann cell|basal cell of epidermis|endothelial cell of lymphatic vessel|endothelial cell of vascular tree|fibroblast|natural killer cell|pericyte|plasma cell|regulatory T cell|suprabasal keratinocyte|unknown,https://datasets.cellxgene.cziscience.com/b953ea25-c9d9-47ba-90cc-be6b84bd8a92.h5ad,https://cellxgene.cziscience.com/collections/34f12de7-c5e5-4813-a136-832677f98ac8
34f12de7-c5e5-4813-a136-832677f98ac8,Multi-scale spatial mapping of cell populations across anatomical sites in healthy human skin and basal cell carcinoma,10.1073/pnas.2313326120,2024-04-02T16:57:33+00:00,335c6629-0563-4b44-a7fb-d69ba00ddc41,0caa269c-e067-4352-bb05-1bb160340445,4992,Homo sapiens,skin of abdomen,normal,Visium Spatial Gene Expression V1,na,Schwann cell,Schwann cell|basal cell of epidermis|endothelial cell of lymphatic vessel|endothelial cell of vascular tree|fibroblast|natural killer cell|pericyte|plasmacytoid dendritic cell|smooth muscle cell|suprabasal keratinocyte|unknown,https://datasets.cellxgene.cziscience.com/0caa269c-e067-4352-bb05-1bb160340445.h5ad,https://cellxgene.cziscience.com/collections/34f12de7-c5e5-4813-a136-832677f98ac8
34f12de7-c5e5-4813-a136-832677f98ac8,Multi-scale spatial mapping of cell populations across anatomical sites in healthy human skin and basal cell carcinoma,10.1073/pnas.2313326120,2024-04-02T16:57:33+00:00,32eb45ed-d970-4f34-8ad1-7a88e8ee6ce1,01608b23-255a-4b71-b369-334f5ab54d23,4992,Homo sapiens,skin of back,normal,Visium Spatial Gene Expression V1,na,Schwann cell,Schwann cell|basal cell|basal cell of epidermis|chondrocyte|endothelial cell of vascular tree|fibroblast|pericyte|plasmacytoid dendritic cell|regulatory T cell|smooth muscle cell|suprabasal keratinocyte|unknown,https://datasets.cellxgene.cziscience.com/01608b23-255a-4b71-b369-334f5ab54d23.h5ad,https://cellxgene.cziscience.com/collections/34f12de7-c5e5-4813-a136-832677f98ac8
34f12de7-c5e5-4813-a136-832677f98ac8,Multi-scale spatial mapping of cell populations across anatomical sites in healthy human skin and basal cell carcinoma,10.1073/pnas.2313326120,2024-04-02T16:57:33+00:00,205e9eb0-1ae7-4cdf-abc1-0d7acf5d357f,1d1d9085-ceb2-4f20-86c5-20f2ce13dcac,4992,Homo sapiens,inguinal part of abdomen,normal,Visium Spatial Gene Expression V1,na,Schwann cell,Schwann cell|basal cell|basal cell of epidermis|chondrocyte|dendritic cell|endothelial cell of lymphatic vessel|endothelial cell of vascular tree|fibroblast|macrophage|natural killer cell|pericyte|smooth muscle cell|suprabasal keratinocyte|unknown,https://datasets.cellxgene.cziscience.com/1d1d9085-ceb2-4f20-86c5-20f2ce13dcac.h5ad,https://cellxgene.cziscience.com/collections/34f12de7-c5e5-4813-a136-832677f98ac8
34f12de7-c5e5-4813-a136-832677f98ac8,Multi-scale spatial mapping of cell populations across anatomical sites in healthy human skin and basal cell carcinoma,10.1073/pnas.2313326120,2024-04-02T16:57:33+00:00,1f4cc77e-be05-4f1c-ab52-af60e61ef310,535fbf7c-ed43-48d7-8c93-f9c4ebabf34e,4992,Homo sapiens,inguinal part of abdomen,normal,Visium Spatial Gene Expression V1,na,Schwann cell,Schwann cell|basal cell of epidermis|endothelial cell of vascular tree|fibroblast|pericyte|smooth muscle cell|suprabasal keratinocyte|unknown,https://datasets.cellxgene.cziscience.com/535fbf7c-ed43-48d7-8c93-f9c4ebabf34e.h5ad,https://cellxgene.cziscience.com/collections/34f12de7-c5e5-4813-a136-832677f98ac8
34f12de7-c5e5-4813-a136-832677f98ac8,Multi-scale spatial mapping of cell populations across anatomical sites in healthy human skin and basal cell carcinoma,10.1073/pnas.2313326120,2024-04-02T16:57:33+00:00,1d3c1bab-7b56-4373-9def-200da734a755,63ca7edd-d55d-4a80-a0e6-4bc3bafa07a9,4992,Homo sapiens,skin of temple,normal,Visium Spatial Gene Expression V1,na,Schwann cell,Schwann cell|basal cell|basal cell of epidermis|cell of skeletal muscle|chondrocyte|endothelial cell of lymphatic vessel|endothelial cell of vascular tree|fibroblast|macrophage|natural killer cell|pericyte|plasma cell|plasmacytoid dendritic cell|smooth muscle cell|suprabasal keratinocyte|unknown,https://datasets.cellxgene.cziscience.com/63ca7edd-d55d-4a80-a0e6-4bc3bafa07a9.h5ad,https://cellxgene.cziscience.com/collections/34f12de7-c5e5-4813-a136-832677f98ac8
34f12de7-c5e5-4813-a136-832677f98ac8,Multi-scale spatial mapping of cell populations across anatomical sites in healthy human skin and basal cell carcinoma,10.1073/pnas.2313326120,2024-04-02T16:57:33+00:00,1b11283c-1b3a-4fa6-bf87-bc12c550a019,fb3143e7-1438-4e37-a246-837d2e212b5e,4992,Homo sapiens,nose skin,normal,Visium Spatial Gene Expression V1,na,Schwann cell,Schwann cell|basal cell|basal cell of epidermis|cell of skeletal muscle|chondrocyte|endothelial cell of vascular tree|fibroblast|natural killer cell|pericyte|suprabasal keratinocyte|unknown,https://datasets.cellxgene.cziscience.com/fb3143e7-1438-4e37-a246-837d2e212b5e.h5ad,https://cellxgene.cziscience.com/collections/34f12de7-c5e5-4813-a136-832677f98ac8
34f12de7-c5e5-4813-a136-832677f98ac8,Multi-scale spatial mapping of cell populations across anatomical sites in healthy human skin and basal cell carcinoma,10.1073/pnas.2313326120,2024-04-02T16:57:33+00:00,18d0fe01-3682-4b5d-aa39-2ca937424c83,731fe2e5-3827-410c-bcd2-1ea075f17226,4992,Homo sapiens,skin of external ear,basal cell carcinoma,Visium Spatial Gene Expression V1,na,Schwann cell,"CD8-positive, alpha-beta memory T cell, CD45RO-positive|Schwann cell|basal cell|basal cell of epidermis|chondrocyte|cytotoxic T cell|endothelial cell of lymphatic vessel|endothelial cell of vascular tree|fibroblast|macrophage|natural killer cell|pericyte|plasma cell|regulatory T cell|suprabasal keratinocyte|unknown",https://datasets.cellxgene.cziscience.com/731fe2e5-3827-410c-bcd2-1ea075f17226.h5ad,https://cellxgene.cziscience.com/collections/34f12de7-c5e5-4813-a136-832677f98ac8
34f12de7-c5e5-4813-a136-832677f98ac8,Multi-scale spatial mapping of cell populations across anatomical sites in healthy human skin and basal cell carcinoma,10.1073/pnas.2313326120,2024-04-02T16:57:33+00:00,0456ae85-6f27-4e36-8c62-4c97370baa68,fa49385a-a275-4dd3-b564-b105f3425f5f,4992,Homo sapiens,skin of temple,normal,Visium Spatial Gene Expression V1,na,Schwann cell,Schwann cell|basal cell|basal cell of epidermis|endothelial cell of lymphatic vessel|endothelial cell of vascular tree|fibroblast|macrophage|mast cell|natural killer cell|pericyte|smooth muscle cell|suprabasal keratinocyte|unknown,https://datasets.cellxgene.cziscience.com/fa49385a-a275-4dd3-b564-b105f3425f5f.h5ad,https://cellxgene.cziscience.com/collections/34f12de7-c5e5-4813-a136-832677f98ac8
6282a908-f162-44a2-99a3-8a942e4271b2,Integrated human endoderm-derived organoids cell atlas (HEOCA),10.1038/s41588-025-02182-6,2024-11-01T20:15:00+00:00,776a1e4a-f141-49bb-9978-d0588a4cee9f,a8d79867-3e4d-4026-b2b1-5d0ddd6cb58e,353140,Homo sapiens,colon|duodenum|ileum|intestine,normal,10x 3' v2|10x 3' v3|10x 5' v2|SORT-seq|Seq-Well S3,cell|nucleus,Schwann cell|enteroendocrine cell|neuron,M cell of gut|Schwann cell|basal cell|ciliated cell|colon endothelial cell|colon epithelial cell|endothelial cell|enterocyte|enteroendocrine cell|epithelial cell|goblet cell|hematopoietic cell|interstitial cell of Cajal|intestinal tuft cell|mesodermal cell|mesothelial cell|neuron|paneth cell|pericyte|smooth muscle cell|stem cell|stromal cell,https://datasets.cellxgene.cziscience.com/a8d79867-3e4d-4026-b2b1-5d0ddd6cb58e.h5ad,https://cellxgene.cziscience.com/collections/6282a908-f162-44a2-99a3-8a942e4271b2
6282a908-f162-44a2-99a3-8a942e4271b2,Integrated human endoderm-derived organoids cell atlas (HEOCA),10.1038/s41588-025-02182-6,2024-11-01T20:15:00+00:00,6725ee8e-ef5b-4e68-8901-61bd14a1fe73,40f7635e-7fcd-4ede-82e9-0d32753a6b82,806646,Homo sapiens,alveolar sac|biliary system|bronchus|colon|common bile duct|corpus|duodenum|gallbladder|ileum|intestine|intrahepatic bile duct|liver|lung|lung epithelium|nasopharynx|pancreas|prostate gland|pyloric antrum|salivary gland epithelium|stomach|thyroid gland,normal,10x 3' v2|10x 3' v3|10x 5' v1|10x multiome|CEL-seq2|SORT-seq|Seq-Well S3|Smart-seq,cell|nucleus,Schwann cell|enteroendocrine cell|neuroendocrine cell|neuron,BEST4+ enterocyte|Kupffer cell|M cell of gut|Schwann cell|acinar cell|basal cell|ciliated cell|club cell|colon epithelial cell|endothelial cell|enterocyte|enteroendocrine cell|epithelial cell|epithelial cell of pancreas|epithelial cell of stomach|goblet cell|hematopoietic cell|hepatic stellate cell|hepatoblast|interstitial cell of Cajal|intestinal tuft cell|luminal cell of prostate epithelium|lung secretory cell|mesodermal cell|mesothelial cell|neuroendocrine cell|neuron|pancreatic A cell|pancreatic D cell|pancreatic ductal cell|pancreatic epsilon cell|paneth cell|pericyte|pulmonary alveolar type 1 cell|pulmonary alveolar type 2 cell|smooth muscle cell|stem cell|stromal cell|thymocyte|type B pancreatic cell,https://datasets.cellxgene.cziscience.com/40f7635e-7fcd-4ede-82e9-0d32753a6b82.h5ad,https://cellxgene.cziscience.com/collections/6282a908-f162-44a2-99a3-8a942e4271b2
6282a908-f162-44a2-99a3-8a942e4271b2,Integrated human endoderm-derived organoids cell atlas (HEOCA),10.1038/s41588-025-02182-6,2024-11-01T20:15:00+00:00,569bce19-14c3-436f-bebf-543e5ea025dc,a489d69e-dd99-4663-9cfd-3d7e0e876103,221425,Homo sapiens,alveolar sac|bronchus|lung|lung epithelium|nasopharynx,normal,10x 3' v2|10x 3' v3|10x 5' v1,cell,neuroendocrine cell,basal cell|ciliated cell|club cell|goblet cell|lung secretory cell|neuroendocrine cell|pulmonary alveolar type 1 cell|pulmonary alveolar type 2 cell|stem cell,https://datasets.cellxgene.cziscience.com/a489d69e-dd99-4663-9cfd-3d7e0e876103.h5ad,https://cellxgene.cziscience.com/collections/6282a908-f162-44a2-99a3-8a942e4271b2
54004c5c-af08-4693-a606-73871b6ef989,Cystic Fibrosis and healthy control biopsy,10.1016/j.jcf.2025.01.016,2025-03-31T19:30:06+00:00,1ab4ebbc-18d6-4838-89c2-cdc5b10accfb,08530c67-a192-4d76-bfe5-b7834e8da231,96479,Homo sapiens,carina of trachea|respiratory tube,cystic fibrosis|normal,10x 3' v2|10x 3' v3,cell,pulmonary neuroendocrine cell,"B cell|CD4-positive helper T cell|CD8-positive, alpha-beta T cell|alveolar adventitial fibroblast|alveolar type 1 fibroblast cell|basal cell|bronchial goblet cell|club cell|cytotoxic T cell|dendritic cell, human|endocardial cell|epithelial cell of lung|fibroblast of lung|innate lymphoid cell|ionocyte|macrophage|mast cell|mature T cell|monocyte|mucus secreting cell of bronchus submucosal gland|nasal mucosa goblet cell|natural killer cell|non-classical monocyte|pericyte|plasma cell|pulmonary neuroendocrine cell|respiratory tract goblet cell|respiratory tract multiciliated cell|respiratory tract suprabasal cell|secretory cell|stromal cell",https://datasets.cellxgene.cziscience.com/08530c67-a192-4d76-bfe5-b7834e8da231.h5ad,https://cellxgene.cziscience.com/collections/54004c5c-af08-4693-a606-73871b6ef989
cee845e3-ec04-4781-9e2a-28734bb4f7ba,HTAN CHOP - Longitudinal single-cell multiomic atlas of high-risk neuroblastoma reveals chemotherapy-induced tumor microenvironment rewiring,10.1038/s41588-025-02158-6,2025-04-17T15:37:03+00:00,afae4675-434d-4e89-b5ce-2854c9dc38a3,c477b5ea-3848-49f2-96a3-bbbcc95a3e14,372619,Homo sapiens,abdomen|adrenal gland|cervical lymph node|chest|liver|lymph node|neck,neuroblastoma,10x 3' v3,nucleus,Schwann cell,B cell|Schwann cell|T cell|cortical cell of adrenal gland|dendritic cell|endothelial cell|fibroblast|hepatocyte|kidney cell|macrophage|neuroblast (sensu Vertebrata),https://datasets.cellxgene.cziscience.com/c477b5ea-3848-49f2-96a3-bbbcc95a3e14.h5ad,https://cellxgene.cziscience.com/collections/cee845e3-ec04-4781-9e2a-28734bb4f7ba
cee845e3-ec04-4781-9e2a-28734bb4f7ba,HTAN CHOP - Longitudinal single-cell multiomic atlas of high-risk neuroblastoma reveals chemotherapy-induced tumor microenvironment rewiring,10.1038/s41588-025-02158-6,2025-04-17T15:37:03+00:00,232e432a-cef1-4654-8850-3c80244c1a0c,18f54b23-534b-4489-abeb-6a17564a168b,205153,Homo sapiens,abdomen|adrenal gland|cervical lymph node|chest|liver|lymph node|neck,neuroblastoma,10x 3' v3,nucleus,Schwann cell,Schwann cell|fibroblast|neuroblast (sensu Vertebrata),https://datasets.cellxgene.cziscience.com/18f54b23-534b-4489-abeb-6a17564a168b.h5ad,https://cellxgene.cziscience.com/collections/cee845e3-ec04-4781-9e2a-28734bb4f7ba
dfc09a93-bce0-4c77-893d-e153d1b7f9fa,Charting human development using a multi-endodermal organ atlas and organoid models,10.1016/j.cell.2021.04.028,2023-04-10T18:44:15+00:00,ee195b7d-184d-4dfa-9b1c-51a7e601ac11,1f896487-282d-4303-a948-3cbdd1b721b0,5200,Homo sapiens,duodenum,normal,10x 3' v2,cell,enteroendocrine cell,B cell|M cell of gut|enterocyte|enteroendocrine cell|intestine goblet cell|mature NK T cell|mesenchymal cell|myeloid leukocyte|precursor cell|stem cell,https://datasets.cellxgene.cziscience.com/1f896487-282d-4303-a948-3cbdd1b721b0.h5ad,https://cellxgene.cziscience.com/collections/dfc09a93-bce0-4c77-893d-e153d1b7f9fa
dfc09a93-bce0-4c77-893d-e153d1b7f9fa,Charting human development using a multi-endodermal organ atlas and organoid models,10.1016/j.cell.2021.04.028,2023-04-10T18:44:15+00:00,9968be68-ab65-4a38-9e1a-c9b6abece194,00b80c9b-8dbd-45c1-8347-51fbe8bd150e,155232,Homo sapiens,body of stomach|colon|duodenum|epithelium of trachea|esophagus|ileum|jejunum|liver|lung|pyloric antrum|small intestine|stomach,normal,10x 3' v2|10x 3' v3,cell,enteroendocrine cell|glial cell|peripheral nervous system neuron,B cell|basal cell|chondrocyte|ciliated epithelial cell|endothelial cell|enteroendocrine cell|epithelial cell|epithelial cell of lung|erythroblast|glial cell|hepatocyte|intestinal epithelial cell|intestine goblet cell|mature NK T cell|mesenchymal cell|mesothelial cell|myeloid leukocyte|pericyte|peripheral nervous system neuron|unknown,https://datasets.cellxgene.cziscience.com/00b80c9b-8dbd-45c1-8347-51fbe8bd150e.h5ad,https://cellxgene.cziscience.com/collections/dfc09a93-bce0-4c77-893d-e153d1b7f9fa
a18474f4-ff1e-4864-af69-270b956cee5b,Single-cell RNA sequencing unifies developmental programs of Esophageal and Gastric Intestinal Metaplasia,10.1158/2159-8290.cd-22-0824,2023-03-15T22:01:21+00:00,e5233a94-9e43-418c-8209-6f1400c31530,1ec71067-b1e4-45dc-8c94-5c0c65b4af0f,146583,Homo sapiens,body of stomach|cardia of stomach|colon|duodenum|esophagogastric junction|ileum|lower esophagus|rectum|submucosal esophageal gland,Barrett esophagus|gastric intestinal metaplasia|gastritis|normal,10x 3' v2|10x 3' v3,cell,P/D1 enteroendocrine cell|enteroendocrine cell|type G enteroendocrine cell,"CD4-positive helper T cell|IgA plasma cell|IgG plasma cell|P/D1 enteroendocrine cell|activated CD8-positive, alpha-beta T cell|capillary endothelial cell|dendritic cell|endothelial cell of artery|enterocyte|enteroendocrine cell|epithelial cell of esophagus|erythrocyte|fibroblast|foveolar cell of stomach|gamma-delta T cell|glandular cell of esophagus|intestine goblet cell|macrophage|mast cell|memory B cell|memory T cell|monocyte|mucous neck cell of gastric gland|natural T-regulatory cell|natural killer cell|parietal cell|peptic cell|stem cell|type G enteroendocrine cell|unknown|vein endothelial cell",https://datasets.cellxgene.cziscience.com/1ec71067-b1e4-45dc-8c94-5c0c65b4af0f.h5ad,https://cellxgene.cziscience.com/collections/a18474f4-ff1e-4864-af69-270b956cee5b
a18474f4-ff1e-4864-af69-270b956cee5b,Single-cell RNA sequencing unifies developmental programs of Esophageal and Gastric Intestinal Metaplasia,10.1158/2159-8290.cd-22-0824,2023-03-15T22:01:21+00:00,7bb64315-9e5a-41b9-9235-59acf9642a3e,3b5ba887-80df-43db-8486-3fc03027a15e,293823,Homo sapiens,body of stomach|cardia of stomach|colon|duodenum|esophagogastric junction|ileum|lower esophagus|rectum|submucosal esophageal gland,Barrett esophagus|gastric cancer|gastric intestinal metaplasia|gastritis|normal,10x 3' v2|10x 3' v3|10x 5' v1,cell,P/D1 enteroendocrine cell|enteroendocrine cell|type G enteroendocrine cell,"CD4-positive helper T cell|IgA plasma cell|IgG plasma cell|P/D1 enteroendocrine cell|activated CD8-positive, alpha-beta T cell|capillary endothelial cell|dendritic cell|endothelial cell of artery|enterocyte|enteroendocrine cell|epithelial cell of esophagus|erythrocyte|fibroblast|foveolar cell of stomach|gamma-delta T cell|glandular cell of esophagus|intestine goblet cell|macrophage|mast cell|memory B cell|memory T cell|monocyte|mucous neck cell of gastric gland|natural T-regulatory cell|natural killer cell|parietal cell|peptic cell|stem cell|type G enteroendocrine cell|unknown|vein endothelial cell",https://datasets.cellxgene.cziscience.com/3b5ba887-80df-43db-8486-3fc03027a15e.h5ad,https://cellxgene.cziscience.com/collections/a18474f4-ff1e-4864-af69-270b956cee5b
a18474f4-ff1e-4864-af69-270b956cee5b,Single-cell RNA sequencing unifies developmental programs of Esophageal and Gastric Intestinal Metaplasia,10.1158/2159-8290.cd-22-0824,2023-03-15T22:01:21+00:00,773b9b2e-70c8-40be-8cbb-e7b5abab360d,5a59e32e-1e37-47ef-ad49-c6fb8637d729,79522,Homo sapiens,body of stomach|cardia of stomach|colon|duodenum|esophagogastric junction|ileum|lower esophagus|rectum,Barrett esophagus|gastric intestinal metaplasia|gastritis|normal,10x 3' v2|10x 3' v3,cell,P/D1 enteroendocrine cell|enteroendocrine cell|type G enteroendocrine cell,P/D1 enteroendocrine cell|enterocyte|enteroendocrine cell|foveolar cell of stomach|intestine goblet cell|mucous neck cell of gastric gland|parietal cell|peptic cell|stem cell|type G enteroendocrine cell,https://datasets.cellxgene.cziscience.com/5a59e32e-1e37-47ef-ad49-c6fb8637d729.h5ad,https://cellxgene.cziscience.com/collections/a18474f4-ff1e-4864-af69-270b956cee5b
2d40e6a7-f2fd-49ba-9db9-6b97e4c6dad5,Human skeletal muscle ageing atlas,10.1038/s43587-024-00613-3,2024-06-12T15:30:12+00:00,bedee313-cbf4-44a5-a0cd-2ca5bb2068dc,7085b988-463e-4183-b33d-838e1f6ad739,96529,Mus musculus,hindlimb muscle,normal,10x 3' v2,cell|nucleus,myelinating Schwann cell|non-myelinating Schwann cell,B cell|adipocyte|capillary endothelial cell|endothelial cell of artery|endothelial cell of lymphatic vessel|erythrocyte|extrafusal muscle fiber|fibroblast|macrophage|monocyte|muscle cell|myelinating Schwann cell|neutrophil|non-myelinating Schwann cell|pericyte|skeletal muscle satellite stem cell|smooth muscle cell|tendon cell|type I muscle cell|type II muscle cell|type IIa muscle cell|type IIb muscle cell|vein endothelial cell,https://datasets.cellxgene.cziscience.com/7085b988-463e-4183-b33d-838e1f6ad739.h5ad,https://cellxgene.cziscience.com/collections/2d40e6a7-f2fd-49ba-9db9-6b97e4c6dad5
2d40e6a7-f2fd-49ba-9db9-6b97e4c6dad5,Human skeletal muscle ageing atlas,10.1038/s43587-024-00613-3,2024-06-12T15:30:12+00:00,b3c9904b-2ffd-4038-8620-ee1c5b072e9c,5fd93c55-8047-48fb-905c-6ef2f7767483,183161,Homo sapiens,intercostal muscle,normal,10x 3' v2|10x 3' v3,cell|nucleus,myelinating Schwann cell|non-myelinating Schwann cell|perineurial cell,"B cell|CD14-low, CD16-positive monocyte|CD14-positive, CD16-low monocyte|CD16-negative, CD56-bright natural killer cell, human|CD16-positive, CD56-dim natural killer cell, human|CD4-positive, CD25-positive, alpha-beta regulatory T cell|CD4-positive, alpha-beta T cell|CD8-positive, alpha-beta T cell|T cell|adipocyte|blood vessel endothelial cell|capillary endothelial cell|conventional dendritic cell|endothelial cell of arteriole|endothelial cell of artery|endothelial cell of lymphatic vessel|eosinophil|erythrocyte|fibroblast|fibroblast of the aortic adventitia|immature neutrophil|macrophage|mast cell|mature neutrophil|memory B cell|mesothelial cell|mural cell|muscle cell|myelinating Schwann cell|naive B cell|naive T cell|natural killer cell|non-myelinating Schwann cell|pericyte|perineurial cell|plasma cell|plasmacytoid dendritic cell|skeletal muscle satellite stem cell|smooth muscle cell|tendon cell|type I muscle cell|type II muscle cell|unknown|vein endothelial cell",https://datasets.cellxgene.cziscience.com/5fd93c55-8047-48fb-905c-6ef2f7767483.h5ad,https://cellxgene.cziscience.com/collections/2d40e6a7-f2fd-49ba-9db9-6b97e4c6dad5
2d40e6a7-f2fd-49ba-9db9-6b97e4c6dad5,Human skeletal muscle ageing atlas,10.1038/s43587-024-00613-3,2024-06-12T15:30:12+00:00,1851b6ab-2386-40a1-8c2a-b7cd895b889e,e3839dff-d480-4b2d-83c0-fc54ec40b9e3,20611,Homo sapiens,intercostal muscle,normal,10x 3' v2|10x 3' v3,cell,myelinating Schwann cell|non-myelinating Schwann cell|perineurial cell,fibroblast|fibroblast of the aortic adventitia|myelinating Schwann cell|non-myelinating Schwann cell|perineurial cell|tendon cell,https://datasets.cellxgene.cziscience.com/e3839dff-d480-4b2d-83c0-fc54ec40b9e3.h5ad,https://cellxgene.cziscience.com/collections/2d40e6a7-f2fd-49ba-9db9-6b97e4c6dad5
4f30b962-d49b-4624-a233-64f048cf8632,A Unique Cellular Organization of Human Distal Airways and Its Disarray in Chronic Obstructive Pulmonary Disease,10.1164/rccm.202207-1384OC,2025-01-08T22:11:38+00:00,b61a921b-7fa3-4b42-b455-aaaf32447920,a8e4f394-d141-4755-9a35-790c734d1dab,115788,Homo sapiens,bronchus|segmental bronchus|terminal bronchus,chronic obstructive pulmonary disease|normal,10x 3' v2|10x 3' v3,cell,Schwann cell|pulmonary neuroendocrine cell,"B cell|CD4-positive, alpha-beta T cell|CD8-positive, alpha-beta T cell|M2 macrophage|Schwann cell|T cell|blood vessel smooth muscle cell|bronchiolar smooth muscle cell|bronchus fibroblast of lung|chondrocyte|conventional dendritic cell|deuterosomal cell|endothelial cell of artery|endothelial cell of lymphatic vessel|fibroblast|fibroblast of lung|lung microvascular endothelial cell|lung resident memory CD8-positive, alpha-beta T cell|macrophage|mast cell|mature NK T cell|monocyte|mucus secreting cell of bronchus submucosal gland|multiciliated columnar cell of tracheobronchial tree|myoepithelial cell of bronchus submucosal gland|natural killer cell|neutrophil|pericyte|plasma cell|plasmacytoid dendritic cell|pulmonary alveolar type 1 cell|pulmonary alveolar type 2 cell|pulmonary capillary endothelial cell|pulmonary ionocyte|pulmonary neuroendocrine cell|respiratory basal cell|respiratory tract goblet cell|respiratory tract suprabasal cell|serous cell of epithelium of lobular bronchiole|serous secreting cell of bronchus submucosal gland|tracheobronchial serous cell|unknown|vascular associated smooth muscle cell|vein endothelial cell of respiratory system",https://datasets.cellxgene.cziscience.com/a8e4f394-d141-4755-9a35-790c734d1dab.h5ad,https://cellxgene.cziscience.com/collections/4f30b962-d49b-4624-a233-64f048cf8632
a3ffde6c-7ad2-498a-903c-d58e732f7470,Single-nucleus cross-tissue molecular reference maps to decipher disease gene function,10.1126/science.abl4290,2022-06-13T15:09:44+00:00,4ed927e9-c099-49af-b8ce-a2652d069333,9130af6d-b035-4c2c-868a-ef9a572270be,209126,Homo sapiens,anterior wall of left ventricle|breast|esophagus muscularis mucosa|gastrocnemius|lingula of left lung|mucosa|prostate gland|skin of leg,normal,10x 3' v2,nucleus,Schwann cell|neuroendocrine cell|neuron,B cell|Schwann cell|T cell|adipocyte|alveolar macrophage|basal cell|basal cell of epidermis|basal epithelial cell of prostatic duct|basal epithelial cell of tracheobronchial tree|basal-myoepithelial cell of mammary gland|bronchial epithelial cell|cardiac endothelial cell|cardiac muscle cell|contractile cell|dendritic cell|elicited macrophage|endothelial cell of lymphatic vessel|endothelial cell of vascular tree|enteric smooth muscle cell|epidermal Langerhans cell|epidermal cell|epithelial cell of prostate|epithelial cell of sweat gland|fast muscle cell|fibroblast|fibroblast of breast|fibroblast of cardiac tissue|glandular secretory epithelial cell|interstitial cell of Cajal|keratinocyte|luminal cell of prostate epithelium|luminal epithelial cell of mammary gland|macrophage|mast cell|mature NK T cell|melanocyte of skin|myeloid dendritic cell|neuroendocrine cell|neuron|neutrophil|professional antigen presenting cell|pulmonary alveolar epithelial cell|respiratory basal cell|sebaceous gland cell|skeletal muscle fiber|skeletal muscle fibroblast|skeletal muscle satellite cell|skin fibroblast|slow muscle cell|smooth muscle cell|smooth muscle cell of prostate|squamous epithelial cell|subcutaneous adipocyte,https://datasets.cellxgene.cziscience.com/9130af6d-b035-4c2c-868a-ef9a572270be.h5ad,https://cellxgene.cziscience.com/collections/a3ffde6c-7ad2-498a-903c-d58e732f7470
05e3d0fc-c9dd-4f14-9163-2b242b3bb5c2,Single cell atlas of the human optic nerve,,2025-05-05T23:36:47+00:00,3c364ffe-d599-44d5-a77f-6c5fd7038cf6,b27057d6-a6a0-40e8-a4ba-5373a03746d2,959629,Homo sapiens,cranial nerve II|optic disc,normal,10x 3' v3,nucleus,microglial cell|myelinating Schwann cell|non-myelinating Schwann cell,B cell|GABAergic amacrine cell|H1 horizontal cell|H2 horizontal cell|Mueller cell|OFF midget ganglion cell|OFF parasol ganglion cell|OFFx cell|ON midget ganglion cell|ON parasol ganglion cell|ON-blue cone bipolar cell|S cone cell|T cell|adipocyte|amacrine cell|astrocyte|blood vessel endothelial cell|capillary endothelial cell|dendritic cell|diffuse bipolar 1 cell|diffuse bipolar 2 cell|diffuse bipolar 3a cell|diffuse bipolar 3b cell|diffuse bipolar 4a cell|diffuse bipolar 4b cell|diffuse bipolar 5 cell|diffuse bipolar 6 cell|endothelial cell of venule|fenestrated endothelial cell|fibroblast|flat midget bipolar cell|giant bipolar cell|glycinergic amacrine cell|invaginating midget bipolar cell|macrophage|mast cell|melanocyte|microglial cell|myelinating Schwann cell|natural killer cell|non-myelinating Schwann cell|oligodendrocyte|oligodendrocyte precursor cell|pericyte|pigmented epithelial cell|retinal astrocyte|retinal cone cell|retinal ganglion cell|retinal pigment epithelial cell|retinal rod cell|rod bipolar cell|vascular associated smooth muscle cell,https://datasets.cellxgene.cziscience.com/b27057d6-a6a0-40e8-a4ba-5373a03746d2.h5ad,https://cellxgene.cziscience.com/collections/05e3d0fc-c9dd-4f14-9163-2b242b3bb5c2
68e7e5b7-4dc9-4609-832e-7656aa6182ba,Sex-Specific Control of Human Heart Maturation by the Progesterone Receptor,10.1161/CIRCULATIONAHA.120.051921,2024-09-16T16:02:09+00:00,99e317c0-1fab-4f73-b511-859e752fd1c3,59c9aa5c-ee73-4252-b149-5cb011f924b1,51176,Homo sapiens,apical region of left ventricle,normal,10x 3' v3,nucleus,neuron,cardiac muscle cell|endothelial cell|erythrocyte|fibroblast|leukocyte|mesothelial cell of epicardium|neuron|smooth muscle cell,https://datasets.cellxgene.cziscience.com/59c9aa5c-ee73-4252-b149-5cb011f924b1.h5ad,https://cellxgene.cziscience.com/collections/68e7e5b7-4dc9-4609-832e-7656aa6182ba
35d0b748-3eed-43a5-a1c4-1dade5ec5ca0,Impaired local intrinsic immunity to SARS-CoV-2 infection in severe COVID-19,10.1016/j.cell.2021.07.023,2022-09-20T14:03:25+00:00,13b61a7d-5605-4948-ba48-02c588960143,6a6db93e-901f-4054-90e0-14af5207978a,32588,Homo sapiens,nasopharynx,COVID-19|long COVID-19|normal|respiratory failure,Seq-Well S3,cell,enteroendocrine cell,"B cell|CD8-positive, alpha-beta T cell|CD8-positive, alpha-beta cytotoxic T cell|M1 macrophage|T cell|basal cell|ciliated cell|dendritic cell|enteroendocrine cell|erythroblast|ionocyte|macrophage|mast cell|multiciliated epithelial cell|nasal mucosa goblet cell|plasmacytoid dendritic cell|secretory cell|squamous epithelial cell",https://datasets.cellxgene.cziscience.com/6a6db93e-901f-4054-90e0-14af5207978a.h5ad,https://cellxgene.cziscience.com/collections/35d0b748-3eed-43a5-a1c4-1dade5ec5ca0
73f82ac8-15cc-4fcd-87f8-5683723fce7f,Developmental cell programs are co-opted in inflammatory skin disease,10.1126/science.aba6500,2024-01-01T22:08:26+00:00,f0f0d7c4-3bec-428e-9539-c99d36548d96,f8b5c4f4-7ece-4314-9f49-fc254bbd5c71,195739,Homo sapiens,dermis|skin epidermis,normal,10x 3' v2,cell,Schwann cell,Langerhans cell|M1 macrophage|Schwann cell|conventional dendritic cell|cytotoxic T cell|dendritic cell|endothelial cell of lymphatic vessel|endothelial cell of vascular tree|helper T cell|innate lymphoid cell|keratinocyte|macrophage|mast cell|melanocyte|monocyte-derived dendritic cell|natural killer cell|pericyte|plasma cell|regulatory T cell|skin fibroblast,https://datasets.cellxgene.cziscience.com/f8b5c4f4-7ece-4314-9f49-fc254bbd5c71.h5ad,https://cellxgene.cziscience.com/collections/73f82ac8-15cc-4fcd-87f8-5683723fce7f
3db5617e-9f12-4eb4-8416-94893a0d7c46,Epithelial zonation along the mammalian small intestine defines five discrete metabolic domains,10.1038/s41556-023-01337-z,2024-07-23T18:44:52+00:00,b6ee0939-b5b9-4e03-9d69-96fb6bf5d434,5b26f06a-326d-4f57-8f32-e9e5c5429176,19200,Homo sapiens,small intestine,normal,10x 3' v3,cell,enteroendocrine cell of small intestine,BEST4+ enterocyte|M cell of gut|cell|enterocyte of epithelium of small intestine|enteroendocrine cell of small intestine|paneth cell of epithelium of small intestine|small intestine goblet cell|stem cell|transit amplifying cell of small intestine|tuft cell of small intestine,https://datasets.cellxgene.cziscience.com/5b26f06a-326d-4f57-8f32-e9e5c5429176.h5ad,https://cellxgene.cziscience.com/collections/3db5617e-9f12-4eb4-8416-94893a0d7c46
3db5617e-9f12-4eb4-8416-94893a0d7c46,Epithelial zonation along the mammalian small intestine defines five discrete metabolic domains,10.1038/s41556-023-01337-z,2024-07-23T18:44:52+00:00,a5ab6cde-46d4-4667-9b32-cfce54fa7a4e,3dfc4a1f-5683-4f2a-8a19-bedf27daa3e5,19847,Mus musculus,small intestine,normal,10x 3' v3,cell,enteroendocrine cell of small intestine,enterocyte of epithelium of small intestine|enteroendocrine cell of small intestine|paneth cell of epithelium of small intestine|small intestine goblet cell|stem cell|transit amplifying cell of small intestine|tuft cell of small intestine,https://datasets.cellxgene.cziscience.com/3dfc4a1f-5683-4f2a-8a19-bedf27daa3e5.h5ad,https://cellxgene.cziscience.com/collections/3db5617e-9f12-4eb4-8416-94893a0d7c46
f30e0bf7-7b03-44b0-b312-cda799ef0240,"iPSC-derived small intestine-on-chip with self-organizing epithelial, mesenchymal and neural cells",10.1016/j.celrep.2024.114247,2024-07-05T17:03:10+00:00,f7ca7eb9-0919-4eba-99a1-21ba382b4174,96bfe7b2-96c6-4b18-95e5-e65594b938f9,11103,Homo sapiens,intestinal mucosa,normal,10x 3' v3,cell,enteroendocrine cell|neuron,enterocyte|enteroendocrine cell|goblet cell|mesenchymal stem cell|myofibroblast cell|neuron|paneth cell|transit amplifying cell,https://datasets.cellxgene.cziscience.com/96bfe7b2-96c6-4b18-95e5-e65594b938f9.h5ad,https://cellxgene.cziscience.com/collections/f30e0bf7-7b03-44b0-b312-cda799ef0240
f30e0bf7-7b03-44b0-b312-cda799ef0240,"iPSC-derived small intestine-on-chip with self-organizing epithelial, mesenchymal and neural cells",10.1016/j.celrep.2024.114247,2024-07-05T17:03:10+00:00,51d9716c-50bb-4fd8-8d1e-7d9329969cb7,c4bfcccf-6009-4590-a06d-c1443372c6c7,11177,Homo sapiens,intestinal mucosa,normal,10x 3' v3,cell,enteroendocrine cell|neuron,enterocyte|enteroendocrine cell|goblet cell|mesenchymal stem cell|myofibroblast cell|neuron|paneth cell|transit amplifying cell,https://datasets.cellxgene.cziscience.com/c4bfcccf-6009-4590-a06d-c1443372c6c7.h5ad,https://cellxgene.cziscience.com/collections/f30e0bf7-7b03-44b0-b312-cda799ef0240
3116d060-0a8e-4767-99bb-e866badea1ed,Spatially resolved multiomics of human cardiac niches,10.1038/s41586-023-06311-1,2023-10-19T10:30:29+00:00,fe5b3268-ddd8-415a-9432-f1f95bfdb500,4e24de66-4ce1-4be4-9261-687aa0cefe24,4992,Homo sapiens,sinoatrial node,normal,Visium Spatial Gene Expression V1,na,glial cell,"B cell|CD14-low, CD16-positive monocyte|CD14-positive monocyte|CD8-positive, alpha-beta cytotoxic T cell|activated CD4-positive, alpha-beta T cell|adipocyte|cardiac pacemaker cell of sinoatrial node|dendritic cell, human|endocardial cell|endothelial cell|endothelial cell of artery|endothelial cell of lymphatic vessel|fibroblast of cardiac tissue|glial cell|macrophage|mast cell|monocyte|mucosal-associated invariant T cell|naive thymus-derived CD4-positive, alpha-beta T cell|neutrophil|pericyte|plasma cell|regular atrial cardiac myocyte|smooth muscle cell|smooth muscle cell of the pulmonary artery|unknown|vein endothelial cell",https://datasets.cellxgene.cziscience.com/4e24de66-4ce1-4be4-9261-687aa0cefe24.h5ad,https://cellxgene.cziscience.com/collections/3116d060-0a8e-4767-99bb-e866badea1ed
3116d060-0a8e-4767-99bb-e866badea1ed,Spatially resolved multiomics of human cardiac niches,10.1038/s41586-023-06311-1,2023-10-19T10:30:29+00:00,fc93b28c-5789-41ce-8441-ff0da3cc46cf,d2d53b4a-15ee-465e-8fc3-f3bae6a6c598,9626,Homo sapiens,heart left ventricle,normal,Visium Spatial Gene Expression V1,na,glial cell,"CD14-positive monocyte|CD8-positive, alpha-beta cytotoxic T cell|adipocyte|capillary endothelial cell|endothelial cell of artery|endothelial cell of lymphatic vessel|fibroblast of cardiac tissue|glial cell|macrophage|mast cell|mesothelial cell|monocyte|neutrophil|plasma cell|regular ventricular cardiac myocyte|smooth muscle cell|smooth muscle cell of the pulmonary artery|vein endothelial cell",https://datasets.cellxgene.cziscience.com/d2d53b4a-15ee-465e-8fc3-f3bae6a6c598.h5ad,https://cellxgene.cziscience.com/collections/3116d060-0a8e-4767-99bb-e866badea1ed
3116d060-0a8e-4767-99bb-e866badea1ed,Spatially resolved multiomics of human cardiac niches,10.1038/s41586-023-06311-1,2023-10-19T10:30:29+00:00,f92a761d-b7b8-490a-aea2-bd7a1bb9714d,60d1ec7d-4337-4d37-87fe-3947ca78bc46,4992,Homo sapiens,left cardiac atrium,normal,Visium Spatial Gene Expression V1,na,glial cell,adipocyte|endocardial cell|endothelial cell of artery|fibroblast of cardiac tissue|glial cell|macrophage|pericyte|regular atrial cardiac myocyte|smooth muscle cell of the pulmonary artery|unknown|vein endothelial cell,https://datasets.cellxgene.cziscience.com/60d1ec7d-4337-4d37-87fe-3947ca78bc46.h5ad,https://cellxgene.cziscience.com/collections/3116d060-0a8e-4767-99bb-e866badea1ed
3116d060-0a8e-4767-99bb-e866badea1ed,Spatially resolved multiomics of human cardiac niches,10.1038/s41586-023-06311-1,2023-10-19T10:30:29+00:00,f29ca8ac-f8c9-469c-a039-3494545d711a,5c99d4fd-e6c4-47db-8134-ae578f57f246,24026,Homo sapiens,atrioventricular node,normal,Visium Spatial Gene Expression V1,na,glial cell,"B cell|CD14-low, CD16-positive monocyte|CD14-positive monocyte|CD16-positive, CD56-dim natural killer cell, human|CD8-positive, alpha-beta cytotoxic T cell|adipocyte|atrioventricular bundle cell|capillary endothelial cell|cardiac pacemaker cell of sinoatrial node|dendritic cell, human|endocardial cell|endothelial cell|endothelial cell of artery|endothelial cell of lymphatic vessel|fibroblast of cardiac tissue|glial cell|macrophage|mast cell|monocyte|mucosal-associated invariant T cell|naive thymus-derived CD4-positive, alpha-beta T cell|neutrophil|pericyte|plasma cell|regular atrial cardiac myocyte|regular ventricular cardiac myocyte|smooth muscle cell|smooth muscle cell of the pulmonary artery|vein endothelial cell",https://datasets.cellxgene.cziscience.com/5c99d4fd-e6c4-47db-8134-ae578f57f246.h5ad,https://cellxgene.cziscience.com/collections/3116d060-0a8e-4767-99bb-e866badea1ed
3116d060-0a8e-4767-99bb-e866badea1ed,Spatially resolved multiomics of human cardiac niches,10.1038/s41586-023-06311-1,2023-10-19T10:30:29+00:00,e0f37114-5e98-406e-bbeb-594603360606,466fdbe8-c863-4790-9c99-42f7cf1e9ddf,4992,Homo sapiens,sinoatrial node,normal,Visium Spatial Gene Expression V1,na,glial cell,"B cell|CD16-negative, CD56-bright natural killer cell, human|CD16-positive, CD56-dim natural killer cell, human|CD8-positive, alpha-beta cytotoxic T cell|adipocyte|capillary endothelial cell|cardiac pacemaker cell of sinoatrial node|dendritic cell, human|endocardial cell|endothelial cell|endothelial cell of artery|endothelial cell of lymphatic vessel|fibroblast of cardiac tissue|glial cell|innate lymphoid cell|macrophage|mast cell|monocyte|naive thymus-derived CD4-positive, alpha-beta T cell|neutrophil|pericyte|regular atrial cardiac myocyte|smooth muscle cell|smooth muscle cell of the pulmonary artery|unknown|vein endothelial cell",https://datasets.cellxgene.cziscience.com/466fdbe8-c863-4790-9c99-42f7cf1e9ddf.h5ad,https://cellxgene.cziscience.com/collections/3116d060-0a8e-4767-99bb-e866badea1ed
3116d060-0a8e-4767-99bb-e866badea1ed,Spatially resolved multiomics of human cardiac niches,10.1038/s41586-023-06311-1,2023-10-19T10:30:29+00:00,e0245fc6-ccf3-4329-ab10-136b7f366b49,411b2207-56b7-473b-989d-5d71ecce7f33,4992,Homo sapiens,interventricular septum,normal,Visium Spatial Gene Expression V1,na,glial cell,"CD14-low, CD16-positive monocyte|CD14-positive monocyte|CD8-positive, alpha-beta T cell|dendritic cell, human|endocardial cell|endothelial cell of artery|endothelial cell of lymphatic vessel|fibroblast of cardiac tissue|glial cell|macrophage|mature NK T cell|monocyte|mucosal-associated invariant T cell|neutrophil|pericyte|regular ventricular cardiac myocyte|smooth muscle cell|smooth muscle cell of the pulmonary artery|unknown|vein endothelial cell",https://datasets.cellxgene.cziscience.com/411b2207-56b7-473b-989d-5d71ecce7f33.h5ad,https://cellxgene.cziscience.com/collections/3116d060-0a8e-4767-99bb-e866badea1ed
3116d060-0a8e-4767-99bb-e866badea1ed,Spatially resolved multiomics of human cardiac niches,10.1038/s41586-023-06311-1,2023-10-19T10:30:29+00:00,d9ecdf7b-e5f9-459e-a7da-e918748cfdfe,0cd6e6bb-d3ea-469e-9fa6-3eaa68f18ba0,11312,Homo sapiens,sinoatrial node,normal,Visium Spatial Gene Expression V1,na,glial cell,"B cell|CD14-low, CD16-positive monocyte|CD14-positive monocyte|CD16-negative, CD56-bright natural killer cell, human|CD16-positive, CD56-dim natural killer cell, human|CD8-positive, alpha-beta T cell|CD8-positive, alpha-beta cytotoxic T cell|activated CD4-positive, alpha-beta T cell|adipocyte|capillary endothelial cell|cardiac pacemaker cell of sinoatrial node|dendritic cell, human|effector memory CD8-positive, alpha-beta T cell|endocardial cell|endothelial cell|endothelial cell of artery|endothelial cell of lymphatic vessel|fibroblast of cardiac tissue|glial cell|innate lymphoid cell|macrophage|mast cell|monocyte|mucosal-associated invariant T cell|naive thymus-derived CD4-positive, alpha-beta T cell|neutrophil|pericyte|regular atrial cardiac myocyte|smooth muscle cell|smooth muscle cell of the pulmonary artery|vein endothelial cell",https://datasets.cellxgene.cziscience.com/0cd6e6bb-d3ea-469e-9fa6-3eaa68f18ba0.h5ad,https://cellxgene.cziscience.com/collections/3116d060-0a8e-4767-99bb-e866badea1ed
3116d060-0a8e-4767-99bb-e866badea1ed,Spatially resolved multiomics of human cardiac niches,10.1038/s41586-023-06311-1,2023-10-19T10:30:29+00:00,c70e9ea9-61d0-41b1-90f6-6fd3f25e91ab,291c1277-f558-4e3f-86f3-1f94120b15cd,4992,Homo sapiens,interventricular septum,normal,Visium Spatial Gene Expression V1,na,glial cell,endothelial cell of artery|fibroblast of cardiac tissue|glial cell|regular ventricular cardiac myocyte|smooth muscle cell of the pulmonary artery|unknown|vein endothelial cell,https://datasets.cellxgene.cziscience.com/291c1277-f558-4e3f-86f3-1f94120b15cd.h5ad,https://cellxgene.cziscience.com/collections/3116d060-0a8e-4767-99bb-e866badea1ed
3116d060-0a8e-4767-99bb-e866badea1ed,Spatially resolved multiomics of human cardiac niches,10.1038/s41586-023-06311-1,2023-10-19T10:30:29+00:00,c6c3206c-5228-4389-bc95-1d6120beb738,0c6329a4-5bd5-4ad6-843b-142d26e1d9db,4992,Homo sapiens,right cardiac atrium,normal,Visium Spatial Gene Expression V1,na,glial cell,adipocyte|endocardial cell|endothelial cell of artery|fibroblast of cardiac tissue|glial cell|monocyte|neutrophil|regular atrial cardiac myocyte|smooth muscle cell|smooth muscle cell of the pulmonary artery|unknown|vein endothelial cell,https://datasets.cellxgene.cziscience.com/0c6329a4-5bd5-4ad6-843b-142d26e1d9db.h5ad,https://cellxgene.cziscience.com/collections/3116d060-0a8e-4767-99bb-e866badea1ed
3116d060-0a8e-4767-99bb-e866badea1ed,Spatially resolved multiomics of human cardiac niches,10.1038/s41586-023-06311-1,2023-10-19T10:30:29+00:00,c5cddbbb-8ba4-4338-8b34-15edb5231e22,b1e661f8-d2ed-476d-846c-0c33a64011d4,4992,Homo sapiens,sinoatrial node,normal,Visium Spatial Gene Expression V1,na,glial cell,"adipocyte|capillary endothelial cell|cardiac pacemaker cell of sinoatrial node|dendritic cell, human|endocardial cell|endothelial cell of artery|endothelial cell of lymphatic vessel|fibroblast of cardiac tissue|glial cell|macrophage|mast cell|neutrophil|regular atrial cardiac myocyte|smooth muscle cell|smooth muscle cell of the pulmonary artery|unknown|vein endothelial cell",https://datasets.cellxgene.cziscience.com/b1e661f8-d2ed-476d-846c-0c33a64011d4.h5ad,https://cellxgene.cziscience.com/collections/3116d060-0a8e-4767-99bb-e866badea1ed
3116d060-0a8e-4767-99bb-e866badea1ed,Spatially resolved multiomics of human cardiac niches,10.1038/s41586-023-06311-1,2023-10-19T10:30:29+00:00,bec030e1-7dc8-4eef-89a4-ab36e7043768,405bfaee-3c75-47c6-88c4-c8790237dde9,4992,Homo sapiens,atrioventricular node,normal,Visium Spatial Gene Expression V1,na,glial cell,"CD14-low, CD16-positive monocyte|atrioventricular bundle cell|capillary endothelial cell|dendritic cell, human|endothelial cell of artery|fibroblast of cardiac tissue|glial cell|macrophage|regular atrial cardiac myocyte|regular ventricular cardiac myocyte|smooth muscle cell|smooth muscle cell of the pulmonary artery|unknown",https://datasets.cellxgene.cziscience.com/405bfaee-3c75-47c6-88c4-c8790237dde9.h5ad,https://cellxgene.cziscience.com/collections/3116d060-0a8e-4767-99bb-e866badea1ed
3116d060-0a8e-4767-99bb-e866badea1ed,Spatially resolved multiomics of human cardiac niches,10.1038/s41586-023-06311-1,2023-10-19T10:30:29+00:00,affa05cf-6f7a-4868-87d9-a33664680139,dee78644-1825-41cc-8379-b9f46403f3c2,7027,Homo sapiens,right cardiac atrium,normal,Visium Spatial Gene Expression V1,na,glial cell,"B cell|CD14-positive monocyte|CD16-positive, CD56-dim natural killer cell, human|T-helper 2 cell|adipocyte|dendritic cell, human|endocardial cell|endothelial cell|endothelial cell of artery|fibroblast of cardiac tissue|glial cell|macrophage|mast cell|mature NK T cell|mesothelial cell|monocyte|neutrophil|plasma cell|regular atrial cardiac myocyte|smooth muscle cell|smooth muscle cell of the pulmonary artery|vein endothelial cell",https://datasets.cellxgene.cziscience.com/dee78644-1825-41cc-8379-b9f46403f3c2.h5ad,https://cellxgene.cziscience.com/collections/3116d060-0a8e-4767-99bb-e866badea1ed
3116d060-0a8e-4767-99bb-e866badea1ed,Spatially resolved multiomics of human cardiac niches,10.1038/s41586-023-06311-1,2023-10-19T10:30:29+00:00,af113aeb-ee5f-4484-8104-dc3190b6e54e,f9fad4e1-1010-4fc6-98bf-0a7e2247ca6e,4992,Homo sapiens,atrioventricular node,normal,Visium Spatial Gene Expression V1,na,glial cell,"CD16-positive, CD56-dim natural killer cell, human|CD8-positive, alpha-beta cytotoxic T cell|adipocyte|atrioventricular bundle cell|capillary endothelial cell|cardiac pacemaker cell of sinoatrial node|dendritic cell, human|endocardial cell|endothelial cell|endothelial cell of artery|endothelial cell of lymphatic vessel|fibroblast of cardiac tissue|glial cell|macrophage|mast cell|monocyte|mucosal-associated invariant T cell|naive thymus-derived CD4-positive, alpha-beta T cell|neutrophil|pericyte|plasma cell|regular atrial cardiac myocyte|regular ventricular cardiac myocyte|smooth muscle cell|smooth muscle cell of the pulmonary artery|unknown|vein endothelial cell",https://datasets.cellxgene.cziscience.com/f9fad4e1-1010-4fc6-98bf-0a7e2247ca6e.h5ad,https://cellxgene.cziscience.com/collections/3116d060-0a8e-4767-99bb-e866badea1ed
3116d060-0a8e-4767-99bb-e866badea1ed,Spatially resolved multiomics of human cardiac niches,10.1038/s41586-023-06311-1,2023-10-19T10:30:29+00:00,adf0db98-05e8-4834-8ae5-a93e91f56fce,32fe2229-ab33-46ec-825d-7672b6ba95da,5822,Homo sapiens,left cardiac atrium,normal,Visium Spatial Gene Expression V1,na,glial cell,"CD14-low, CD16-positive monocyte|CD16-positive, CD56-dim natural killer cell, human|adipocyte|capillary endothelial cell|endocardial cell|endothelial cell of artery|endothelial cell of lymphatic vessel|fibroblast of cardiac tissue|glial cell|macrophage|mesothelial cell|pericyte|plasma cell|regular atrial cardiac myocyte|smooth muscle cell|smooth muscle cell of the pulmonary artery|vein endothelial cell",https://datasets.cellxgene.cziscience.com/32fe2229-ab33-46ec-825d-7672b6ba95da.h5ad,https://cellxgene.cziscience.com/collections/3116d060-0a8e-4767-99bb-e866badea1ed
3116d060-0a8e-4767-99bb-e866badea1ed,Spatially resolved multiomics of human cardiac niches,10.1038/s41586-023-06311-1,2023-10-19T10:30:29+00:00,9dca8e98-e2f1-4e64-b7b0-22953cd8235d,0958a01a-bb68-4a74-b40c-49291571d99a,4992,Homo sapiens,sinoatrial node,normal,Visium Spatial Gene Expression V1,na,glial cell,"B cell|CD14-low, CD16-positive monocyte|CD8-positive, alpha-beta T cell|CD8-positive, alpha-beta cytotoxic T cell|adipocyte|cardiac pacemaker cell of sinoatrial node|dendritic cell, human|endocardial cell|endothelial cell|endothelial cell of artery|endothelial cell of lymphatic vessel|fibroblast of cardiac tissue|glial cell|macrophage|mast cell|monocyte|mucosal-associated invariant T cell|naive thymus-derived CD4-positive, alpha-beta T cell|neutrophil|pericyte|plasma cell|regular atrial cardiac myocyte|smooth muscle cell|smooth muscle cell of the pulmonary artery|unknown|vein endothelial cell",https://datasets.cellxgene.cziscience.com/0958a01a-bb68-4a74-b40c-49291571d99a.h5ad,https://cellxgene.cziscience.com/collections/3116d060-0a8e-4767-99bb-e866badea1ed
3116d060-0a8e-4767-99bb-e866badea1ed,Spatially resolved multiomics of human cardiac niches,10.1038/s41586-023-06311-1,2023-10-19T10:30:29+00:00,9a38ffc5-576c-4283-a79c-fb1c5e03cb96,ac375474-45c8-42fc-adb3-ee134e1a4d21,4992,Homo sapiens,left cardiac atrium,normal,Visium Spatial Gene Expression V1,na,glial cell,adipocyte|endocardial cell|endothelial cell of artery|endothelial cell of lymphatic vessel|fibroblast of cardiac tissue|glial cell|macrophage|mesothelial cell|pericyte|plasma cell|regular atrial cardiac myocyte|smooth muscle cell of the pulmonary artery|unknown|vein endothelial cell,https://datasets.cellxgene.cziscience.com/ac375474-45c8-42fc-adb3-ee134e1a4d21.h5ad,https://cellxgene.cziscience.com/collections/3116d060-0a8e-4767-99bb-e866badea1ed
3116d060-0a8e-4767-99bb-e866badea1ed,Spatially resolved multiomics of human cardiac niches,10.1038/s41586-023-06311-1,2023-10-19T10:30:29+00:00,985d11a7-9687-4d15-9681-90113501c2bc,0c9177ab-509e-46e1-95da-c7c1002029a9,4992,Homo sapiens,sinoatrial node,normal,Visium Spatial Gene Expression V1,na,glial cell,"CD14-low, CD16-positive monocyte|CD14-positive monocyte|CD8-positive, alpha-beta cytotoxic T cell|activated CD4-positive, alpha-beta T cell|adipocyte|cardiac pacemaker cell of sinoatrial node|dendritic cell, human|endocardial cell|endothelial cell|endothelial cell of artery|endothelial cell of lymphatic vessel|fibroblast of cardiac tissue|glial cell|macrophage|mast cell|monocyte|mucosal-associated invariant T cell|naive thymus-derived CD4-positive, alpha-beta T cell|neutrophil|pericyte|plasma cell|regular atrial cardiac myocyte|smooth muscle cell|smooth muscle cell of the pulmonary artery|unknown|vein endothelial cell",https://datasets.cellxgene.cziscience.com/0c9177ab-509e-46e1-95da-c7c1002029a9.h5ad,https://cellxgene.cziscience.com/collections/3116d060-0a8e-4767-99bb-e866badea1ed
3116d060-0a8e-4767-99bb-e866badea1ed,Spatially resolved multiomics of human cardiac niches,10.1038/s41586-023-06311-1,2023-10-19T10:30:29+00:00,92cf7163-4b7b-460b-9751-afd96193a163,bd3b60dc-d3da-4c46-91bc-114033228e2d,6497,Homo sapiens,apex of heart,normal,Visium Spatial Gene Expression V1,na,glial cell,"B cell|CD16-positive, CD56-dim natural killer cell, human|capillary endothelial cell|endocardial cell|endothelial cell|endothelial cell of artery|endothelial cell of lymphatic vessel|fibroblast of cardiac tissue|glial cell|macrophage|monocyte|pericyte|regular ventricular cardiac myocyte|smooth muscle cell|smooth muscle cell of the pulmonary artery|vein endothelial cell",https://datasets.cellxgene.cziscience.com/bd3b60dc-d3da-4c46-91bc-114033228e2d.h5ad,https://cellxgene.cziscience.com/collections/3116d060-0a8e-4767-99bb-e866badea1ed
3116d060-0a8e-4767-99bb-e866badea1ed,Spatially resolved multiomics of human cardiac niches,10.1038/s41586-023-06311-1,2023-10-19T10:30:29+00:00,83ec9e14-87a4-4d41-aa3b-f7c51af70a64,1b7164d0-9649-402b-a6cb-a1c9a917a898,5039,Homo sapiens,heart right ventricle,normal,Visium Spatial Gene Expression V1,na,glial cell,"CD16-positive, CD56-dim natural killer cell, human|CD8-positive, alpha-beta T cell|CD8-positive, alpha-beta cytotoxic T cell|adipocyte|dendritic cell, human|endocardial cell|endothelial cell of artery|endothelial cell of lymphatic vessel|fibroblast of cardiac tissue|glial cell|macrophage|mesothelial cell|mucosal-associated invariant T cell|pericyte|plasma cell|regular ventricular cardiac myocyte|smooth muscle cell|smooth muscle cell of the pulmonary artery|vein endothelial cell",https://datasets.cellxgene.cziscience.com/1b7164d0-9649-402b-a6cb-a1c9a917a898.h5ad,https://cellxgene.cziscience.com/collections/3116d060-0a8e-4767-99bb-e866badea1ed
3116d060-0a8e-4767-99bb-e866badea1ed,Spatially resolved multiomics of human cardiac niches,10.1038/s41586-023-06311-1,2023-10-19T10:30:29+00:00,82040363-8a09-4521-81b5-8f6e62c4ace7,258fdf55-7460-47ea-8627-bc38c35b4a16,4992,Homo sapiens,sinoatrial node,normal,Visium Spatial Gene Expression V1,na,glial cell,"B cell|CD14-positive monocyte|CD16-positive, CD56-dim natural killer cell, human|CD8-positive, alpha-beta cytotoxic T cell|activated CD4-positive, alpha-beta T cell|adipocyte|capillary endothelial cell|cardiac pacemaker cell of sinoatrial node|dendritic cell, human|endocardial cell|endothelial cell|endothelial cell of artery|endothelial cell of lymphatic vessel|fibroblast of cardiac tissue|glial cell|innate lymphoid cell|macrophage|mast cell|monocyte|mucosal-associated invariant T cell|naive thymus-derived CD4-positive, alpha-beta T cell|neutrophil|pericyte|regular atrial cardiac myocyte|smooth muscle cell|smooth muscle cell of the pulmonary artery|unknown|vein endothelial cell",https://datasets.cellxgene.cziscience.com/258fdf55-7460-47ea-8627-bc38c35b4a16.h5ad,https://cellxgene.cziscience.com/collections/3116d060-0a8e-4767-99bb-e866badea1ed
3116d060-0a8e-4767-99bb-e866badea1ed,Spatially resolved multiomics of human cardiac niches,10.1038/s41586-023-06311-1,2023-10-19T10:30:29+00:00,79527108-1f6c-4152-afe0-1fcdf2e02ba3,ebdc7d12-8817-4976-91da-2b8b703c3d8f,4992,Homo sapiens,interventricular septum,normal,Visium Spatial Gene Expression V1,na,glial cell,"endothelial cell of artery|fibroblast of cardiac tissue|glial cell|macrophage|mature NK T cell|naive thymus-derived CD4-positive, alpha-beta T cell|regular ventricular cardiac myocyte|smooth muscle cell of the pulmonary artery|unknown|vein endothelial cell",https://datasets.cellxgene.cziscience.com/ebdc7d12-8817-4976-91da-2b8b703c3d8f.h5ad,https://cellxgene.cziscience.com/collections/3116d060-0a8e-4767-99bb-e866badea1ed
3116d060-0a8e-4767-99bb-e866badea1ed,Spatially resolved multiomics of human cardiac niches,10.1038/s41586-023-06311-1,2023-10-19T10:30:29+00:00,6d4b3d09-f1f1-411e-972b-087880a0dcbe,053cba50-55ef-4092-9a63-a976385c37a7,4992,Homo sapiens,sinoatrial node,normal,Visium Spatial Gene Expression V1,na,glial cell,cardiac pacemaker cell of sinoatrial node|endocardial cell|endothelial cell|endothelial cell of artery|endothelial cell of lymphatic vessel|fibroblast of cardiac tissue|glial cell|macrophage|mast cell|neutrophil|pericyte|regular atrial cardiac myocyte|smooth muscle cell|smooth muscle cell of the pulmonary artery|unknown|vein endothelial cell,https://datasets.cellxgene.cziscience.com/053cba50-55ef-4092-9a63-a976385c37a7.h5ad,https://cellxgene.cziscience.com/collections/3116d060-0a8e-4767-99bb-e866badea1ed
3116d060-0a8e-4767-99bb-e866badea1ed,Spatially resolved multiomics of human cardiac niches,10.1038/s41586-023-06311-1,2023-10-19T10:30:29+00:00,5e2030eb-c905-4f54-a55f-20d41774ecc7,f902b56e-5210-497c-83aa-3c481e32c609,4992,Homo sapiens,sinoatrial node,normal,Visium Spatial Gene Expression V1,na,glial cell,"B cell|CD14-low, CD16-positive monocyte|CD14-positive monocyte|adipocyte|cardiac pacemaker cell of sinoatrial node|dendritic cell, human|endothelial cell|endothelial cell of artery|endothelial cell of lymphatic vessel|fibroblast of cardiac tissue|glial cell|macrophage|mast cell|monocyte|neutrophil|plasma cell|regular atrial cardiac myocyte|smooth muscle cell|smooth muscle cell of the pulmonary artery|unknown|vein endothelial cell",https://datasets.cellxgene.cziscience.com/f902b56e-5210-497c-83aa-3c481e32c609.h5ad,https://cellxgene.cziscience.com/collections/3116d060-0a8e-4767-99bb-e866badea1ed
3116d060-0a8e-4767-99bb-e866badea1ed,Spatially resolved multiomics of human cardiac niches,10.1038/s41586-023-06311-1,2023-10-19T10:30:29+00:00,5a4ba05e-6bd0-4cc1-927d-94b397587f4c,95f8699a-3783-4371-9526-7115186e6875,93788,Homo sapiens,apex of heart|atrioventricular node|heart left ventricle|heart right ventricle|interventricular septum|left cardiac atrium|right cardiac atrium|sinoatrial node,normal,Visium Spatial Gene Expression V1,na,glial cell,"B cell|CD14-low, CD16-positive monocyte|CD14-positive monocyte|CD16-negative, CD56-bright natural killer cell, human|CD16-positive, CD56-dim natural killer cell, human|CD8-positive, alpha-beta T cell|CD8-positive, alpha-beta cytotoxic T cell|T-helper 2 cell|activated CD4-positive, alpha-beta T cell|adipocyte|atrioventricular bundle cell|capillary endothelial cell|cardiac pacemaker cell of sinoatrial node|dendritic cell, human|endocardial cell|endothelial cell|endothelial cell of artery|endothelial cell of lymphatic vessel|fibroblast of cardiac tissue|glial cell|innate lymphoid cell|macrophage|mast cell|mature NK T cell|mesothelial cell|monocyte|mucosal-associated invariant T cell|naive thymus-derived CD4-positive, alpha-beta T cell|neutrophil|pericyte|plasma cell|regular atrial cardiac myocyte|regular ventricular cardiac myocyte|smooth muscle cell|smooth muscle cell of the pulmonary artery|vein endothelial cell",https://datasets.cellxgene.cziscience.com/95f8699a-3783-4371-9526-7115186e6875.h5ad,https://cellxgene.cziscience.com/collections/3116d060-0a8e-4767-99bb-e866badea1ed
3116d060-0a8e-4767-99bb-e866badea1ed,Spatially resolved multiomics of human cardiac niches,10.1038/s41586-023-06311-1,2023-10-19T10:30:29+00:00,59841c13-ab79-46ba-94bd-12b01e61e708,6b1ba574-d264-4673-afaa-5591bfb5ec8c,8643,Homo sapiens,interventricular septum,normal,Visium Spatial Gene Expression V1,na,glial cell,"CD14-low, CD16-positive monocyte|CD14-positive monocyte|CD8-positive, alpha-beta T cell|dendritic cell, human|endocardial cell|endothelial cell of artery|endothelial cell of lymphatic vessel|fibroblast of cardiac tissue|glial cell|innate lymphoid cell|macrophage|mast cell|mature NK T cell|monocyte|mucosal-associated invariant T cell|naive thymus-derived CD4-positive, alpha-beta T cell|neutrophil|pericyte|regular ventricular cardiac myocyte|smooth muscle cell|smooth muscle cell of the pulmonary artery|vein endothelial cell",https://datasets.cellxgene.cziscience.com/6b1ba574-d264-4673-afaa-5591bfb5ec8c.h5ad,https://cellxgene.cziscience.com/collections/3116d060-0a8e-4767-99bb-e866badea1ed
3116d060-0a8e-4767-99bb-e866badea1ed,Spatially resolved multiomics of human cardiac niches,10.1038/s41586-023-06311-1,2023-10-19T10:30:29+00:00,55731b4b-44b1-4a39-aaee-503e3ee351f5,50d2c285-c7a0-4fe4-bb78-814823f2c85a,4992,Homo sapiens,interventricular septum,normal,Visium Spatial Gene Expression V1,na,glial cell,"endothelial cell of artery|fibroblast of cardiac tissue|glial cell|innate lymphoid cell|macrophage|mast cell|monocyte|naive thymus-derived CD4-positive, alpha-beta T cell|pericyte|regular ventricular cardiac myocyte|smooth muscle cell|smooth muscle cell of the pulmonary artery|unknown|vein endothelial cell",https://datasets.cellxgene.cziscience.com/50d2c285-c7a0-4fe4-bb78-814823f2c85a.h5ad,https://cellxgene.cziscience.com/collections/3116d060-0a8e-4767-99bb-e866badea1ed
3116d060-0a8e-4767-99bb-e866badea1ed,Spatially resolved multiomics of human cardiac niches,10.1038/s41586-023-06311-1,2023-10-19T10:30:29+00:00,5260e91f-5d80-4e36-820c-394720d144c3,aebde0fa-ae23-4c25-8227-070111719d7b,4992,Homo sapiens,heart right ventricle,normal,Visium Spatial Gene Expression V1,na,glial cell,"CD16-positive, CD56-dim natural killer cell, human|CD8-positive, alpha-beta T cell|CD8-positive, alpha-beta cytotoxic T cell|adipocyte|dendritic cell, human|endocardial cell|endothelial cell of artery|endothelial cell of lymphatic vessel|fibroblast of cardiac tissue|glial cell|macrophage|mesothelial cell|mucosal-associated invariant T cell|pericyte|plasma cell|regular ventricular cardiac myocyte|smooth muscle cell|smooth muscle cell of the pulmonary artery|unknown|vein endothelial cell",https://datasets.cellxgene.cziscience.com/aebde0fa-ae23-4c25-8227-070111719d7b.h5ad,https://cellxgene.cziscience.com/collections/3116d060-0a8e-4767-99bb-e866badea1ed
3116d060-0a8e-4767-99bb-e866badea1ed,Spatially resolved multiomics of human cardiac niches,10.1038/s41586-023-06311-1,2023-10-19T10:30:29+00:00,4a9f7ec6-5de7-4e8a-acaa-d6d100a5ea58,e83f7f9d-4dbe-4454-b57f-3efbd4ea7068,4992,Homo sapiens,heart left ventricle,normal,Visium Spatial Gene Expression V1,na,glial cell,CD14-positive monocyte|endothelial cell of artery|fibroblast of cardiac tissue|glial cell|macrophage|monocyte|regular ventricular cardiac myocyte|smooth muscle cell|unknown|vein endothelial cell,https://datasets.cellxgene.cziscience.com/e83f7f9d-4dbe-4454-b57f-3efbd4ea7068.h5ad,https://cellxgene.cziscience.com/collections/3116d060-0a8e-4767-99bb-e866badea1ed
3116d060-0a8e-4767-99bb-e866badea1ed,Spatially resolved multiomics of human cardiac niches,10.1038/s41586-023-06311-1,2023-10-19T10:30:29+00:00,452f8dfe-52f1-4990-a73a-7117422a5934,d0147eb9-0d7d-4cb8-9049-0f7e9ad45c1c,4992,Homo sapiens,apex of heart,normal,Visium Spatial Gene Expression V1,na,glial cell,"CD16-positive, CD56-dim natural killer cell, human|endothelial cell of artery|fibroblast of cardiac tissue|glial cell|macrophage|pericyte|regular ventricular cardiac myocyte|smooth muscle cell|unknown|vein endothelial cell",https://datasets.cellxgene.cziscience.com/d0147eb9-0d7d-4cb8-9049-0f7e9ad45c1c.h5ad,https://cellxgene.cziscience.com/collections/3116d060-0a8e-4767-99bb-e866badea1ed
3116d060-0a8e-4767-99bb-e866badea1ed,Spatially resolved multiomics of human cardiac niches,10.1038/s41586-023-06311-1,2023-10-19T10:30:29+00:00,3add6c93-7e8c-4f7a-8056-3354ae777757,9de9aa3b-fbec-479d-ae0f-2cc81240cc6b,4992,Homo sapiens,sinoatrial node,normal,Visium Spatial Gene Expression V1,na,glial cell,"B cell|CD14-low, CD16-positive monocyte|CD14-positive monocyte|CD16-positive, CD56-dim natural killer cell, human|CD8-positive, alpha-beta T cell|CD8-positive, alpha-beta cytotoxic T cell|activated CD4-positive, alpha-beta T cell|adipocyte|capillary endothelial cell|cardiac pacemaker cell of sinoatrial node|dendritic cell, human|effector memory CD8-positive, alpha-beta T cell|endocardial cell|endothelial cell|endothelial cell of artery|endothelial cell of lymphatic vessel|fibroblast of cardiac tissue|glial cell|innate lymphoid cell|macrophage|mast cell|monocyte|naive thymus-derived CD4-positive, alpha-beta T cell|neutrophil|pericyte|regular atrial cardiac myocyte|smooth muscle cell|smooth muscle cell of the pulmonary artery|unknown|vein endothelial cell",https://datasets.cellxgene.cziscience.com/9de9aa3b-fbec-479d-ae0f-2cc81240cc6b.h5ad,https://cellxgene.cziscience.com/collections/3116d060-0a8e-4767-99bb-e866badea1ed
3116d060-0a8e-4767-99bb-e866badea1ed,Spatially resolved multiomics of human cardiac niches,10.1038/s41586-023-06311-1,2023-10-19T10:30:29+00:00,339756db-b41f-4abd-b520-125e62e1389f,a47c677d-aa97-45e8-a398-70ebe280d3be,4992,Homo sapiens,sinoatrial node,normal,Visium Spatial Gene Expression V1,na,glial cell,"B cell|CD14-low, CD16-positive monocyte|CD16-negative, CD56-bright natural killer cell, human|CD8-positive, alpha-beta cytotoxic T cell|activated CD4-positive, alpha-beta T cell|adipocyte|capillary endothelial cell|cardiac pacemaker cell of sinoatrial node|dendritic cell, human|endocardial cell|endothelial cell|endothelial cell of artery|endothelial cell of lymphatic vessel|fibroblast of cardiac tissue|glial cell|macrophage|mast cell|monocyte|mucosal-associated invariant T cell|naive thymus-derived CD4-positive, alpha-beta T cell|neutrophil|pericyte|plasma cell|regular atrial cardiac myocyte|smooth muscle cell|smooth muscle cell of the pulmonary artery|unknown|vein endothelial cell",https://datasets.cellxgene.cziscience.com/a47c677d-aa97-45e8-a398-70ebe280d3be.h5ad,https://cellxgene.cziscience.com/collections/3116d060-0a8e-4767-99bb-e866badea1ed
3116d060-0a8e-4767-99bb-e866badea1ed,Spatially resolved multiomics of human cardiac niches,10.1038/s41586-023-06311-1,2023-10-19T10:30:29+00:00,2d8cb370-c23f-4ac3-bfb7-73c13838d741,8c6c6210-225c-4e16-8265-766ea025487d,4992,Homo sapiens,atrioventricular node,normal,Visium Spatial Gene Expression V1,na,glial cell,"CD8-positive, alpha-beta cytotoxic T cell|capillary endothelial cell|dendritic cell, human|endothelial cell of artery|endothelial cell of lymphatic vessel|fibroblast of cardiac tissue|glial cell|macrophage|regular atrial cardiac myocyte|regular ventricular cardiac myocyte|smooth muscle cell|smooth muscle cell of the pulmonary artery|unknown",https://datasets.cellxgene.cziscience.com/8c6c6210-225c-4e16-8265-766ea025487d.h5ad,https://cellxgene.cziscience.com/collections/3116d060-0a8e-4767-99bb-e866badea1ed
3116d060-0a8e-4767-99bb-e866badea1ed,Spatially resolved multiomics of human cardiac niches,10.1038/s41586-023-06311-1,2023-10-19T10:30:29+00:00,25681e1c-a4f6-4948-aa5f-39d1f239f182,6c0c8f36-4b87-4f9f-ad66-67452ee2bcfe,27108,Homo sapiens,sinoatrial node,normal,Visium Spatial Gene Expression V1,na,glial cell,"B cell|CD14-low, CD16-positive monocyte|CD14-positive monocyte|CD16-negative, CD56-bright natural killer cell, human|CD8-positive, alpha-beta T cell|CD8-positive, alpha-beta cytotoxic T cell|activated CD4-positive, alpha-beta T cell|adipocyte|capillary endothelial cell|cardiac pacemaker cell of sinoatrial node|dendritic cell, human|endocardial cell|endothelial cell|endothelial cell of artery|endothelial cell of lymphatic vessel|fibroblast of cardiac tissue|glial cell|macrophage|mast cell|monocyte|mucosal-associated invariant T cell|naive thymus-derived CD4-positive, alpha-beta T cell|neutrophil|pericyte|plasma cell|regular atrial cardiac myocyte|smooth muscle cell|smooth muscle cell of the pulmonary artery|vein endothelial cell",https://datasets.cellxgene.cziscience.com/6c0c8f36-4b87-4f9f-ad66-67452ee2bcfe.h5ad,https://cellxgene.cziscience.com/collections/3116d060-0a8e-4767-99bb-e866badea1ed
3116d060-0a8e-4767-99bb-e866badea1ed,Spatially resolved multiomics of human cardiac niches,10.1038/s41586-023-06311-1,2023-10-19T10:30:29+00:00,2179a9b4-be5e-4e28-b1cd-cd3e07e19271,6c691525-834c-4de7-b00b-ca8af1990996,4992,Homo sapiens,right cardiac atrium,normal,Visium Spatial Gene Expression V1,na,glial cell,"T-helper 2 cell|dendritic cell, human|endocardial cell|endothelial cell of artery|fibroblast of cardiac tissue|glial cell|macrophage|regular atrial cardiac myocyte|smooth muscle cell|smooth muscle cell of the pulmonary artery|unknown",https://datasets.cellxgene.cziscience.com/6c691525-834c-4de7-b00b-ca8af1990996.h5ad,https://cellxgene.cziscience.com/collections/3116d060-0a8e-4767-99bb-e866badea1ed
3116d060-0a8e-4767-99bb-e866badea1ed,Spatially resolved multiomics of human cardiac niches,10.1038/s41586-023-06311-1,2023-10-19T10:30:29+00:00,2104fbb8-8ce3-4740-8b6a-bcbb46a13c0f,6259e676-7b44-44e1-89a5-70ee86baf4a5,4992,Homo sapiens,left cardiac atrium,normal,Visium Spatial Gene Expression V1,na,glial cell,"CD14-low, CD16-positive monocyte|CD16-positive, CD56-dim natural killer cell, human|adipocyte|capillary endothelial cell|endocardial cell|endothelial cell of artery|fibroblast of cardiac tissue|glial cell|macrophage|mesothelial cell|pericyte|regular atrial cardiac myocyte|smooth muscle cell|smooth muscle cell of the pulmonary artery|unknown|vein endothelial cell",https://datasets.cellxgene.cziscience.com/6259e676-7b44-44e1-89a5-70ee86baf4a5.h5ad,https://cellxgene.cziscience.com/collections/3116d060-0a8e-4767-99bb-e866badea1ed
3116d060-0a8e-4767-99bb-e866badea1ed,Spatially resolved multiomics of human cardiac niches,10.1038/s41586-023-06311-1,2023-10-19T10:30:29+00:00,1df5fa02-4a6e-4b00-a203-cb0a60e75637,a56df793-e3aa-4971-b171-37962c96f5ef,4992,Homo sapiens,heart right ventricle,normal,Visium Spatial Gene Expression V1,na,glial cell,endocardial cell|endothelial cell of artery|fibroblast of cardiac tissue|glial cell|macrophage|regular ventricular cardiac myocyte|smooth muscle cell|smooth muscle cell of the pulmonary artery|unknown|vein endothelial cell,https://datasets.cellxgene.cziscience.com/a56df793-e3aa-4971-b171-37962c96f5ef.h5ad,https://cellxgene.cziscience.com/collections/3116d060-0a8e-4767-99bb-e866badea1ed
3116d060-0a8e-4767-99bb-e866badea1ed,Spatially resolved multiomics of human cardiac niches,10.1038/s41586-023-06311-1,2023-10-19T10:30:29+00:00,1b0f8473-f847-4e41-be8b-4dc861860650,f7f286e9-c062-4f82-bd2a-1ace5e1f2767,4992,Homo sapiens,heart left ventricle,normal,Visium Spatial Gene Expression V1,na,glial cell,"CD14-positive monocyte|CD8-positive, alpha-beta cytotoxic T cell|adipocyte|endothelial cell of artery|endothelial cell of lymphatic vessel|fibroblast of cardiac tissue|glial cell|macrophage|mesothelial cell|monocyte|neutrophil|plasma cell|regular ventricular cardiac myocyte|smooth muscle cell|smooth muscle cell of the pulmonary artery|unknown|vein endothelial cell",https://datasets.cellxgene.cziscience.com/f7f286e9-c062-4f82-bd2a-1ace5e1f2767.h5ad,https://cellxgene.cziscience.com/collections/3116d060-0a8e-4767-99bb-e866badea1ed
3116d060-0a8e-4767-99bb-e866badea1ed,Spatially resolved multiomics of human cardiac niches,10.1038/s41586-023-06311-1,2023-10-19T10:30:29+00:00,1863bbe2-9c01-48a3-a58e-e2b77b71d6ca,98375197-56dd-4b9d-82d4-3e631cf85a38,4992,Homo sapiens,atrioventricular node,normal,Visium Spatial Gene Expression V1,na,glial cell,"B cell|CD14-low, CD16-positive monocyte|CD8-positive, alpha-beta cytotoxic T cell|adipocyte|capillary endothelial cell|cardiac pacemaker cell of sinoatrial node|dendritic cell, human|endothelial cell of artery|fibroblast of cardiac tissue|glial cell|macrophage|regular atrial cardiac myocyte|regular ventricular cardiac myocyte|smooth muscle cell|smooth muscle cell of the pulmonary artery|unknown|vein endothelial cell",https://datasets.cellxgene.cziscience.com/98375197-56dd-4b9d-82d4-3e631cf85a38.h5ad,https://cellxgene.cziscience.com/collections/3116d060-0a8e-4767-99bb-e866badea1ed
3116d060-0a8e-4767-99bb-e866badea1ed,Spatially resolved multiomics of human cardiac niches,10.1038/s41586-023-06311-1,2023-10-19T10:30:29+00:00,1368fad2-916d-4ec0-a367-e750d0ab979e,cc56d9bc-4dfe-4859-a866-c8f37fb40a7c,4992,Homo sapiens,atrioventricular node,normal,Visium Spatial Gene Expression V1,na,glial cell,"CD14-positive monocyte|CD8-positive, alpha-beta cytotoxic T cell|capillary endothelial cell|endothelial cell|endothelial cell of artery|endothelial cell of lymphatic vessel|fibroblast of cardiac tissue|glial cell|macrophage|monocyte|neutrophil|pericyte|plasma cell|regular atrial cardiac myocyte|regular ventricular cardiac myocyte|smooth muscle cell|smooth muscle cell of the pulmonary artery|unknown|vein endothelial cell",https://datasets.cellxgene.cziscience.com/cc56d9bc-4dfe-4859-a866-c8f37fb40a7c.h5ad,https://cellxgene.cziscience.com/collections/3116d060-0a8e-4767-99bb-e866badea1ed
3116d060-0a8e-4767-99bb-e866badea1ed,Spatially resolved multiomics of human cardiac niches,10.1038/s41586-023-06311-1,2023-10-19T10:30:29+00:00,0fe4d909-b1d9-471a-bb5d-ccc0b5a8374e,e7b24cd2-a4c2-4e6a-a7c8-e287003473e9,4992,Homo sapiens,right cardiac atrium,normal,Visium Spatial Gene Expression V1,na,glial cell,"CD14-positive monocyte|T-helper 2 cell|adipocyte|dendritic cell, human|endocardial cell|endothelial cell|endothelial cell of artery|fibroblast of cardiac tissue|glial cell|macrophage|mast cell|mature NK T cell|mesothelial cell|neutrophil|regular atrial cardiac myocyte|smooth muscle cell|smooth muscle cell of the pulmonary artery|unknown|vein endothelial cell",https://datasets.cellxgene.cziscience.com/e7b24cd2-a4c2-4e6a-a7c8-e287003473e9.h5ad,https://cellxgene.cziscience.com/collections/3116d060-0a8e-4767-99bb-e866badea1ed
3116d060-0a8e-4767-99bb-e866badea1ed,Spatially resolved multiomics of human cardiac niches,10.1038/s41586-023-06311-1,2023-10-19T10:30:29+00:00,06379c09-d4cf-4c6f-8299-e0bc8879dbdf,aab496a3-19a0-4a42-8629-513da15324ed,4992,Homo sapiens,apex of heart,normal,Visium Spatial Gene Expression V1,na,glial cell,"B cell|CD16-positive, CD56-dim natural killer cell, human|capillary endothelial cell|endothelial cell|endothelial cell of artery|endothelial cell of lymphatic vessel|fibroblast of cardiac tissue|glial cell|macrophage|pericyte|regular ventricular cardiac myocyte|unknown|vein endothelial cell",https://datasets.cellxgene.cziscience.com/aab496a3-19a0-4a42-8629-513da15324ed.h5ad,https://cellxgene.cziscience.com/collections/3116d060-0a8e-4767-99bb-e866badea1ed
3116d060-0a8e-4767-99bb-e866badea1ed,Spatially resolved multiomics of human cardiac niches,10.1038/s41586-023-06311-1,2023-10-19T10:30:29+00:00,04a0a043-1d65-489a-b203-7908780cc922,d3ab9a0e-72c3-49d6-9966-929bd1ab16c9,4992,Homo sapiens,heart left ventricle,normal,Visium Spatial Gene Expression V1,na,glial cell,adipocyte|endothelial cell of artery|glial cell|macrophage|monocyte|regular ventricular cardiac myocyte|smooth muscle cell|smooth muscle cell of the pulmonary artery|unknown|vein endothelial cell,https://datasets.cellxgene.cziscience.com/d3ab9a0e-72c3-49d6-9966-929bd1ab16c9.h5ad,https://cellxgene.cziscience.com/collections/3116d060-0a8e-4767-99bb-e866badea1ed
3116d060-0a8e-4767-99bb-e866badea1ed,Spatially resolved multiomics of human cardiac niches,10.1038/s41586-023-06311-1,2023-10-19T10:30:29+00:00,0491b0c6-4d09-45bf-b5ca-42088632c15c,1e4b5510-3407-4433-9434-7561d4ffde3f,4992,Homo sapiens,sinoatrial node,normal,Visium Spatial Gene Expression V1,na,glial cell,"adipocyte|cardiac pacemaker cell of sinoatrial node|dendritic cell, human|endocardial cell|endothelial cell|endothelial cell of artery|endothelial cell of lymphatic vessel|fibroblast of cardiac tissue|glial cell|macrophage|mast cell|monocyte|neutrophil|pericyte|regular atrial cardiac myocyte|smooth muscle cell|smooth muscle cell of the pulmonary artery|unknown|vein endothelial cell",https://datasets.cellxgene.cziscience.com/1e4b5510-3407-4433-9434-7561d4ffde3f.h5ad,https://cellxgene.cziscience.com/collections/3116d060-0a8e-4767-99bb-e866badea1ed
afd343f4-bb60-4632-9902-73a4a1ff1557,A poly(A) isoform–aware single-cell and spatial atlas defines fibroblast niches in the human bladder,10.64898/2025.12.18.695268,2026-05-06T23:37:06+00:00,fb5eeccf-3c2a-473c-b6e3-7a1dda18d42d,1352a8d5-e392-4e1d-8acd-c47f3c93f22e,74694,Homo sapiens,dome of urinary bladder|neck of urinary bladder|ureteral orifice|ureterovesical junction,normal,10x 3' v3,nucleus,Schwann cell,Schwann cell|T cell|adipocyte|dendritic cell|endothelial cell of artery|endothelial cell of lymphatic vessel|fibroblast|macrophage|mast cell|mature NK T cell|monocyte|plasma cell|smooth muscle cell|urothelial cell|vascular associated smooth muscle cell|vein endothelial cell,https://datasets.cellxgene.cziscience.com/1352a8d5-e392-4e1d-8acd-c47f3c93f22e.h5ad,https://cellxgene.cziscience.com/collections/afd343f4-bb60-4632-9902-73a4a1ff1557
f86d6317-7215-409e-bfda-3f4ded3dadaa,Human CellCards Multi-Study CellRef 1.0 Atlas,10.1038/s41467-023-40173-5,2024-06-18T18:42:27+00:00,eb499fd8-7000-419f-8854-926b9b61b11f,d6184057-2178-4946-b9b1-dc56543a77aa,347970,Homo sapiens,lung,normal,10x 3' v2|10x 3' v3|10x 5' v1,cell,pulmonary neuroendocrine cell,"B cell|CD8-positive, alpha-beta cytotoxic T cell|airway submucosal gland collecting duct epithelial cell|alveolar adventitial fibroblast|alveolar capillary type 1 endothelial cell|alveolar capillary type 2 endothelial cell|alveolar macrophage|alveolar type 1 fibroblast cell|basal cell|brush cell of tracheobronchial tree|chondrocyte|ciliated cell|classical monocyte|conventional dendritic cell|deuterosomal cell|endothelial cell of artery|endothelial cell of respiratory system lymphatic vessel|goblet cell|helper T cell|innate lymphoid cell|ionocyte|lung interstitial macrophage|lung megakaryocyte|lung secretory cell|mast cell|mature conventional dendritic cell|mesothelial cell of pleura|mucus secreting cell of tracheobronchial tree submucosal gland|myoepithelial cell|natural killer cell|neutrophil|non-classical monocyte|pericyte|plasma cell|plasmacytoid dendritic cell|pulmonary alveolar type 1 cell|pulmonary alveolar type 2 cell|pulmonary neuroendocrine cell|regulatory T cell|respiratory tract suprabasal cell|secondary crest myofibroblast|secretory cell|serous secreting cell|tracheobronchial smooth muscle cell|vascular associated smooth muscle cell|vein endothelial cell|vein endothelial cell of respiratory system",https://datasets.cellxgene.cziscience.com/d6184057-2178-4946-b9b1-dc56543a77aa.h5ad,https://cellxgene.cziscience.com/collections/f86d6317-7215-409e-bfda-3f4ded3dadaa
854c0855-23ad-4362-8b77-6b1639e7a9fc,Automatic cell-type harmonization and integration across Human Cell Atlas datasets,10.1016/j.cell.2023.11.026,2024-10-23T16:24:01+00:00,cbec7853-d996-4493-bbf8-5d82857a4e51,0add1772-6d6e-43e1-8702-93fdf84e4dbc,263275,Homo sapiens,ascending colon|caecum|caecum epithelium|caecum lamina propria|colonic epithelium|descending colon|duodenum|ileum|jejunum|lamina propria of mucosa of colon|large intestine|rectum|sigmoid colon|small intestine|transverse colon|transverse colon epithelium|transverse colon lamina propria|vermiform appendix,normal,10x 3' v1|10x 3' v2|10x 3' v3|10x 5' v2,cell,enteroendocrine cell|glial cell,"B cell|BEST4+ enterocyte|T follicular helper cell|T-helper 1 cell|T-helper 17 cell|capillary endothelial cell|central memory CD4-positive, alpha-beta T cell|conventional dendritic cell|effector memory CD4-positive, alpha-beta T cell|effector memory CD8-positive, alpha-beta T cell|endothelial cell of artery|endothelial cell of lymphatic vessel|enterocyte|enterocyte of epithelium of large intestine|enteroendocrine cell|follicular B cell|gamma-delta T cell|gastrointestinal tract (lamina propria) macrophage of large intestine|germinal center B cell|glial cell|goblet cell|innate lymphoid cell|macrophage|mast cell|memory B cell|monocyte|myofibroblast cell|naive B cell|natural killer cell|paneth cell|pericyte|plasma cell|regulatory T cell|stem cell|stromal cell|transit amplifying cell|tuft cell of colon|vein endothelial cell",https://datasets.cellxgene.cziscience.com/0add1772-6d6e-43e1-8702-93fdf84e4dbc.h5ad,https://cellxgene.cziscience.com/collections/854c0855-23ad-4362-8b77-6b1639e7a9fc
854c0855-23ad-4362-8b77-6b1639e7a9fc,Automatic cell-type harmonization and integration across Human Cell Atlas datasets,10.1016/j.cell.2023.11.026,2024-10-23T16:24:01+00:00,364bd0c7-f7fd-48ed-99c1-ae26872b1042,5be599c4-a77a-42eb-bd4e-be8210b05339,931012,Homo sapiens,apex of heart|heart left ventricle|heart right ventricle|interventricular septum|left cardiac atrium|right cardiac atrium,normal,10x 3' v2|10x 3' v3|10x 5' v1,nucleus|cell,neuron,adipocyte|capillary endothelial cell|cardiac muscle cell|endothelial cell|endothelial cell of artery|endothelial cell of lymphatic vessel|fibroblast|lymphocyte|mast cell|mesothelial cell|myeloid cell|natural killer cell|neuron|pericyte|regular atrial cardiac myocyte|regular ventricular cardiac myocyte|smooth muscle cell|vascular associated smooth muscle cell|vein endothelial cell,https://datasets.cellxgene.cziscience.com/5be599c4-a77a-42eb-bd4e-be8210b05339.h5ad,https://cellxgene.cziscience.com/collections/854c0855-23ad-4362-8b77-6b1639e7a9fc
33d19f34-87f5-455b-8ca5-9023a2e5453d,Intra- and Inter-cellular Rewiring of the Human Colon during Ulcerative Colitis,10.1016/j.cell.2019.06.029,2023-01-07T00:18:28+00:00,4dd00779-7f73-4f50-89bb-e2d3c6b71b18,774d77e7-210d-4237-8ca8-8d2bb841a2e4,34772,Homo sapiens,caecum epithelium|colonic epithelium|transverse colon epithelium,normal,10x 3' v1|10x 3' v2,cell,enteroendocrine cell,"B cell|CD4-positive, alpha-beta T cell|CD4-positive, alpha-beta memory T cell|CD8-alpha-beta-positive, alpha-beta intraepithelial T cell|CD8-positive, alpha-beta thymocyte|M cell of gut|T cell|activated CD4-positive, alpha-beta T cell|dendritic cell|enterocyte|enteroendocrine cell|fibroblast|follicular B cell|goblet cell|innate lymphoid cell|intestinal crypt stem cell|intestinal tuft cell|macrophage|mast cell|natural killer cell|plasma cell|regulatory T cell|transit amplifying cell of colon",https://datasets.cellxgene.cziscience.com/774d77e7-210d-4237-8ca8-8d2bb841a2e4.h5ad,https://cellxgene.cziscience.com/collections/33d19f34-87f5-455b-8ca5-9023a2e5453d
ff668d5d-5b3f-49ee-a007-ff0664bf35ec,Single-cell transcriptome analysis reveals differential nutrient absorption functions in human intestine,10.1084/jem.20191130,2022-09-21T15:16:45+00:00,80d7111d-f9fe-49fd-871e-6e618312c341,70705d58-9054-48ef-ab49-a987b9b09ee6,3797,Homo sapiens,rectum,normal,10x 3' v2,cell,enteroendocrine cell of colon,colon goblet cell|colonocyte|enteroendocrine cell of colon|paneth cell of colon|progenitor cell|stem cell|transit amplifying cell of colon,https://datasets.cellxgene.cziscience.com/70705d58-9054-48ef-ab49-a987b9b09ee6.h5ad,https://cellxgene.cziscience.com/collections/ff668d5d-5b3f-49ee-a007-ff0664bf35ec
ff668d5d-5b3f-49ee-a007-ff0664bf35ec,Single-cell transcriptome analysis reveals differential nutrient absorption functions in human intestine,10.1084/jem.20191130,2022-09-21T15:16:45+00:00,4e74d843-8d7a-497a-918a-f079ef141b6d,a3680bf6-bafa-4d07-843a-361e179138a2,4329,Homo sapiens,ascending colon,normal,10x 3' v2,cell,enteroendocrine cell of colon,colon goblet cell|colonocyte|enteroendocrine cell of colon|paneth cell of colon|progenitor cell|stem cell|transit amplifying cell of colon,https://datasets.cellxgene.cziscience.com/a3680bf6-bafa-4d07-843a-361e179138a2.h5ad,https://cellxgene.cziscience.com/collections/ff668d5d-5b3f-49ee-a007-ff0664bf35ec
ff668d5d-5b3f-49ee-a007-ff0664bf35ec,Single-cell transcriptome analysis reveals differential nutrient absorption functions in human intestine,10.1084/jem.20191130,2022-09-21T15:16:45+00:00,248cf7bf-508b-4c28-a2fd-cabe2ab956aa,685f053a-2204-489a-b166-1d0190406be6,5980,Homo sapiens,ileum,normal,10x 3' v2,cell,enteroendocrine cell of colon,colon goblet cell|colonocyte|enteroendocrine cell of colon|paneth cell of colon|progenitor cell|stem cell|transit amplifying cell of colon,https://datasets.cellxgene.cziscience.com/685f053a-2204-489a-b166-1d0190406be6.h5ad,https://cellxgene.cziscience.com/collections/ff668d5d-5b3f-49ee-a007-ff0664bf35ec
9c9d04c4-8899-417f-bb6f-6107dcadf14f,Cellular and Spatial Drivers of Unresolved Injury and Functional Decline in the Human Kidney,10.1101/2025.09.26.678707,2025-11-12T17:14:14+00:00,9ac3d74d-1d94-4ff9-abf9-fe5abe4bd2a6,19aab2ef-654a-4047-8f60-3529c041851d,315764,Mus musculus,kidney,acute kidney injury|normal,10x 3' v2|10x multiome,nucleus,Schwann cell,B cell|M1 macrophage|Schwann cell|T cell|adipocyte|adventitial fibroblast|classical monocyte|dendritic cell|endothelial cell|endothelial cell of venule|epithelial cell of proximal tubule|epithelial cell of proximal tubule segment 1|epithelial cell of proximal tubule segment 2|epithelial cell of proximal tubule segment 3|fibroblast|glomerular capillary endothelial cell|juxtaglomerular complex cell|kidney collecting duct alpha-intercalated cell|kidney collecting duct principal cell|kidney connecting tubule epithelial cell|kidney cortex collecting duct principal cell|kidney cortex peritubular capillary cell|kidney distal convoluted tubule epithelial cell|kidney efferent arteriole endothelial cell|kidney inner medulla collecting duct epithelial cell|kidney interstitial fibroblast|kidney loop of Henle cortical thick ascending limb epithelial cell|kidney loop of Henle medullary thick ascending limb epithelial cell|kidney loop of Henle short descending thin limb epithelial cell|kidney loop of Henle thick ascending limb epithelial cell|kidney loop of Henle thin ascending limb epithelial cell|kidney loop of Henle thin descending limb epithelial cell|kidney resident macrophage|macrophage|macula densa epithelial cell|mesangial cell|myofibroblast cell|natural killer cell|papillary tips cell|parietal epithelial cell|peritubular capillary endothelial cell|plasma cell|podocyte|renal beta-intercalated cell|renal cortical fibroblast|renal medullary fibroblast|vasa recta ascending limb cell|vasa recta descending limb cell|vascular associated smooth muscle cell|vein endothelial cell,https://datasets.cellxgene.cziscience.com/19aab2ef-654a-4047-8f60-3529c041851d.h5ad,https://cellxgene.cziscience.com/collections/9c9d04c4-8899-417f-bb6f-6107dcadf14f
