Recommendation_Rank,Recommendation_Score,Dataset_ID,Publication_Title,Year,PMID / DOI,Repository,Species,Tissue,Disease_or_Condition,Technology,Cell_Number,Neural_Related_Cell_Type,Marker_Genes,Evidence_Level,Neural_Cell_Prevalence,Cell_Communication_Analysis,Spatial_Location_Info,Application_Tags,Download_Link,Accession_or_Project_Link,Notes
1,175.0,GSE182098,Disentangling glial diversity in peripheral nerves at single-nuclei resolution,2022,PMID:35115729,GEO/SRA,Mus musculus,sciatic nerve; peroneal nerve; sural nerve; vagus nerve,normal; ALS model comparison in associated study,snRNA-seq; scRNA-seq,not reported in GEO summary; 12 sc/sn libraries,Schwann cell; myelinating Schwann cell; non-myelinating Schwann cell; stromal/immune nerve cells,SOX10;MPZ;PLP1;MBP;PMP22;CLDN14;ADAMTSL1;PMP2,A = GEO summary reports multiple Schwann-cell subtypes,major or enriched neural population,not determined from repository metadata,no,针灸作用相关;神经-免疫通讯;外周神经再生,https://www.ncbi.nlm.nih.gov/geo/query/acc.cgi?acc=GSE182098 ; https://www.ncbi.nlm.nih.gov/sra?term=SRP332493,https://milbrandtlab.wustl.edu/glia-portal/,Processed RDS and raw SRA/BAM available per GEO/GLIA portal.
2,171.0,GSE198485,Single cell RNAseq Adult Mouse Lumbar Dorsal Root Ganglia (DRG),2023,PMID:37120427; PMID:37664243,GEO/SRA,Mus musculus,lumbar dorsal root ganglia L3-L5,naive adult male mouse,scRNA-seq,not reported in GEO summary; processed TAR 114.2 Mb,sensory neuron; non-neuronal DRG cells,RBFOX3;TUBB3;PRPH;SCN10A;TRPV1;SOX10;PLP1,A = GEO summary reports neuronal and non-neuronal populations,major or enriched neural population,not determined from repository metadata,no,针灸作用相关,https://www.ncbi.nlm.nih.gov/geo/query/acc.cgi?acc=GSE198485,https://www.ncbi.nlm.nih.gov/geo/query/acc.cgi?acc=GSE198485,Processed TAR contains CLOUPE/CSV/H5 and raw SRA is available.
3,147.92,CELLxGENE:b6f472f1-a58d-43a7-a898-2d6822a0b2b2,iPain atlas,2024,10.1038/s41467-024-52052-8,CELLxGENE Discover,Mus musculus,dorsal root ganglion,normal; peripheral neuropathy,snRNA-seq,191798,peripheral/enteric glia | matched labels: glial cell; sensory neuron of dorsal root ganglion,SOX10;PLP1;S100B;GFRA3;FABP7,A = repository cell_type annotation includes neural-related cells,major or enriched neural population,not determined from repository metadata,no,针灸作用相关,https://datasets.cellxgene.cziscience.com/9e592a91-b992-4f54-9bbe-2f53dd3308da.h5ad ; collection: https://cellxgene.cziscience.com/collections/03608e22-227a-4492-910b-3cb3f16f952e,https://cellxgene.cziscience.com/collections/03608e22-227a-4492-910b-3cb3f16f952e,CELLxGENE dataset-level metadata; cell-type count per neural subtype not always provided in collection API.
4,145.0,GSE156905,"scRNA-sequencing reveals new enteric nervous system roles for GDNF, NRTN, and TBX3",2020,not reported in repository metadata,GEO/SRA,Mus musculus,small intestine; enteric nervous system,juvenile/adolescent ENS development,scRNA-seq,not reported in repository metadata,enteric neuron; enteric glia,RBFOX3;TUBB3;PHOX2B;RET;SOX10;PLP1,A = OmicsDI/GEO summary reports enteric neurons and glia,major or enriched neural population,not determined from repository metadata,no,general peripheral neurobiology,https://www.ncbi.nlm.nih.gov/geo/query/acc.cgi?acc=GSE156905,https://www.omicsdi.org/dataset/geo/GSE156905,Needs sample-level GEO file verification; included for recall due clear ENS scRNA-seq accession.
5,135.0,SCP1038,The human and mouse enteric nervous system at single cell resolution,2020,DOI:10.1016/j.cell.2020.08.003,Single Cell Portal,Homo sapiens; Mus musculus,colon; ileum; enteric nervous system/myenteric plexus,normal adult/fetal/reference ENS,snRNA-seq; scRNA-seq,586460 total cells in portal; includes neuron/glia subsets,enteric neuron; enteric glia,RBFOX3;TUBB3;SNAP25;PHOX2B;SOX10;PLP1;S100B,A = portal summary explicitly lists neurons and glia,major or enriched neural population,yes/likely described by authors; communication machinery noted,no,general peripheral neurobiology,https://singlecell.broadinstitute.org/single_cell/study/SCP1038/the-human-and-mouse-enteric-nervous-system-at-single-cell-resolution,https://singlecell.broadinstitute.org/single_cell/study/SCP1038/the-human-and-mouse-enteric-nervous-system-at-single-cell-resolution,"Portal provides downloadable matrix/metadata files; human raw FASTQ controlled, processed matrices public."
6,135.0,GSE149524,Single Cell RNA-sequencing analysis of the juvenile and embryonic mouse enteric nervous system (ENS) of the small intestine,2020,PMID:33288908,GEO/SRA,Mus musculus,small intestine; enteric nervous system,juvenile and embryonic development,scRNA-seq,not reported in GEO summary; 4 samples,enteric neuron; enteric glia; enteric progenitor,RBFOX3;TUBB3;PHOX2B;RET;SOX10;PLP1,A = GEO summary reports enteric neuron classes and glia/neurons in design,major or enriched neural population,yes/likely described by authors; ligand/receptor/adhesion communication machinery reported,no,general peripheral neurobiology,https://www.ncbi.nlm.nih.gov/geo/query/acc.cgi?acc=GSE149524,https://www.ncbi.nlm.nih.gov/geo/query/acc.cgi?acc=GSE149524,GEO/SRA downloadable; strong ENS subtype annotation.
7,128.3,CELLxGENE:19053a82-9c89-4fb8-bd19-d7b1800b0b7b,Single-cell integration reveals metaplasia in inflammatory gut diseases,2025,10.1038/s41586-024-07571-1,CELLxGENE Discover,Homo sapiens,ascending colon; body of stomach; buccal mucosa; caecum; caecum epithelium; cecum mucosa; colon; colonic epithelium; colonic mucosa; descending colon; duodenal epithelium; duodenum; epithelium of esophagus; epithelium of rectum; epithelium of small intestine; epithelium of stomach; esophagus; gingiva; ileal epithelium; ileum; ileum lamina propria; intestine; jejunum; labial gland; lamina propria of mucosa of colon; lamina propria of small intestine; mesenteric lymph node; mucosa of sigmoid colon; mucosa of transverse colon; parotid gland; periodontium; pyloric antrum; pylorus; rectosigmoid junction; rectum; sigmoid colon; small intestine; stomach; transverse colon; vermiform appendix,Crohn disease; celiac disease; colorectal cancer; gastric cancer; inflammatory bowel disease; normal; ulcerative colitis,scRNA-seq,1596200,peripheral/enteric glia | matched labels: afferent neuron; enteric neuron; enteroendocrine cell; enteroglial cell; inhibitory motor neuron; interneuron; motor neuron; type EC enteroendocrine cell; type G enteroendocrine cell; type X enteroendocrine cell,SOX10;PLP1;S100B;GFRA3;FABP7,A = repository cell_type annotation includes neural-related cells,disease/injury-induced or disease-context neural population,not determined from repository metadata,no,神经-免疫通讯;炎症;伤口修复,https://datasets.cellxgene.cziscience.com/757945c8-a916-431d-aceb-1afbc80a7c55.h5ad ; collection: https://cellxgene.cziscience.com/collections/f11cb29c-b546-4738-9bd8-66ea621a7bd5,https://cellxgene.cziscience.com/collections/f11cb29c-b546-4738-9bd8-66ea621a7bd5,CELLxGENE dataset-level metadata; cell-type count per neural subtype not always provided in collection API.
8,128.2,CELLxGENE:e6aaf5a4-16e9-4ea6-9733-4eafd4e473d3,Single-cell integration reveals metaplasia in inflammatory gut diseases,2025,10.1038/s41586-024-07571-1,CELLxGENE Discover,Homo sapiens,ascending colon; body of stomach; buccal mucosa; caecum; colon; colonic epithelium; colonic mucosa; descending colon; duodenal epithelium; duodenum; epithelium of esophagus; epithelium of rectum; epithelium of small intestine; epithelium of stomach; esophagus; gingiva; ileal epithelium; ileum; ileum lamina propria; intestine; jejunum; labial gland; lamina propria of mucosa of colon; lamina propria of small intestine; mesenteric lymph node; parotid gland; periodontium; pyloric antrum; pylorus; rectosigmoid junction; rectum; sigmoid colon; small intestine; stomach; transverse colon; vermiform appendix,Crohn disease; colorectal cancer; gastric cancer; inflammatory bowel disease; normal; ulcerative colitis,scRNA-seq,1358573,peripheral/enteric glia | matched labels: afferent neuron; enteric neuron; enteroendocrine cell; enteroglial cell; inhibitory motor neuron; interneuron; motor neuron; type EC enteroendocrine cell; type G enteroendocrine cell; type X enteroendocrine cell,SOX10;PLP1;S100B;GFRA3;FABP7,A = repository cell_type annotation includes neural-related cells,disease/injury-induced or disease-context neural population,not determined from repository metadata,no,神经-免疫通讯;炎症;伤口修复,https://datasets.cellxgene.cziscience.com/8b6c3914-0505-40a5-a241-a9390759f7ac.h5ad ; collection: https://cellxgene.cziscience.com/collections/f11cb29c-b546-4738-9bd8-66ea621a7bd5,https://cellxgene.cziscience.com/collections/f11cb29c-b546-4738-9bd8-66ea621a7bd5,CELLxGENE dataset-level metadata; cell-type count per neural subtype not always provided in collection API.
9,127.0,GSE184981,Single-cell transcriptomic and epigenetic profiling of mouse myenteric plexus glial cells,2023,not reported in repository metadata,GEO/SRA,Mus musculus,small intestine; myenteric plexus,normal; glial neurogenesis / neurosphere culture,scRNA-seq; snATAC-seq,not reported in repository metadata,enteric glia; neurogenic glia,SOX10;PLP1;S100B;GFAP;FABP7;ELAVL4,A = repository/literature summary reports myenteric glial subgroups,major or enriched neural population,not determined from repository metadata,no,general peripheral neurobiology,https://www.ncbi.nlm.nih.gov/geo/query/acc.cgi?acc=GSE184981,https://www.omicsdi.org/dataset/geo/GSE156905,Identified from OmicsDI/GEO ENS related search; verify sample-level file formats in GEO.
10,125.55,CELLxGENE:9dfd2243-74d6-4924-86bd-c206ca9287b1,Spatiotemporal analysis of human intestinal development at single-cell resolution,2021,10.1016/j.cell.2020.12.016,CELLxGENE Discover,Homo sapiens,colon,normal,spatial transcriptomics,4992,peripheral/enteric glia | matched labels: enteroendocrine cell; glial cell; inhibitory motor neuron; motor neuron; neuroendocrine cell,SOX10;PLP1;S100B;GFRA3;FABP7,A = repository cell_type annotation includes neural-related cells,major or enriched neural population,yes/likely described by authors; verify in publication,yes,general peripheral neurobiology,https://datasets.cellxgene.cziscience.com/74af8a22-0e68-4483-8a09-9ec5b5961b94.h5ad ; collection: https://cellxgene.cziscience.com/collections/60358420-6055-411d-ba4f-e8ac80682a2e,https://cellxgene.cziscience.com/collections/60358420-6055-411d-ba4f-e8ac80682a2e,CELLxGENE dataset-level metadata; cell-type count per neural subtype not always provided in collection API.
11,122.87,CELLxGENE:05a8c945-bc12-414f-960d-a31943bbcdd1,Single-cell integration and multi-modal profiling reveals phenotypes and spatial organization of neutrophils in colorectal cancer,2026,10.1016/j.ccell.2025.12.003,CELLxGENE Discover,Homo sapiens,ascending colon; blood; caecum; caecum epithelium; colon; colonic epithelium; colorectal mucosa; colorectum; descending colon; hepatic cecum; hepatic flexure of colon; left colon; liver; lymph node; mesenteric lymph node; mucosa of transverse colon; rectosigmoid junction; rectum; right colon; sigmoid colon; splenic flexure of colon; transverse colon,colon adenocarcinoma; colon adenocarcinoma || mucinous adenocarcinoma; colon adenoma; colon adenoma || colorectal tubulovillous adenoma; colon adenoma || tubular adenoma; colon carcinoma; colon sessile serrated adenoma/polyp; colorectal adenocarcinoma; colorectal cancer; colorectal neoplasm; colorectal tubulovillous adenoma; hyperplastic polyp; metastasis from malignant tumor of colon; mucinous adenocarcinoma; normal; polyp of colon; rectum adenocarcinoma; tubular adenoma,spatial transcriptomics,3790266,Schwann cell | matched labels: Schwann cell; enteroendocrine cell of colon,SOX10;MPZ;PLP1;MBP;PMP22,A = repository cell_type annotation includes neural-related cells,disease/injury-induced or disease-context neural population,not determined from repository metadata,yes,神经-免疫通讯;外周神经再生,https://datasets.cellxgene.cziscience.com/4a8b9568-965e-46b8-a427-baab6bf018e5.h5ad ; collection: https://cellxgene.cziscience.com/collections/3a844375-60ea-474b-adf1-98e76928baee,https://cellxgene.cziscience.com/collections/3a844375-60ea-474b-adf1-98e76928baee,CELLxGENE dataset-level metadata; cell-type count per neural subtype not always provided in collection API.
12,121.52,CELLxGENE:a48343a2-7570-49d0-8849-9db6c21dffcb,Single Nuclei Atlas of Innervated and Denervated Mouse Muscle,2025,10.1038/s41467-025-57487-1,CELLxGENE Discover,Mus musculus,gastrocnemius; skeletal muscle tissue of tibialis anterior,lesion of sciatic nerve; neuromuscular junction disease; normal; toxin-mediated infectious botulism,snRNA-seq,102688,Schwann cell | matched labels: Schwann cell; perineurial cell,SOX10;MPZ;PLP1;MBP;PMP22,A = repository cell_type annotation includes neural-related cells,disease/injury-induced or disease-context neural population,not determined from repository metadata,no,针灸作用相关;外周神经再生,https://datasets.cellxgene.cziscience.com/f991c1a9-d2ff-488e-bd18-d75e0e1d2d7b.h5ad ; collection: https://cellxgene.cziscience.com/collections/ef9f0fae-c12c-4f1a-bb67-63346c2ae0f1,https://cellxgene.cziscience.com/collections/ef9f0fae-c12c-4f1a-bb67-63346c2ae0f1,CELLxGENE dataset-level metadata; cell-type count per neural subtype not always provided in collection API.
13,115.55,CELLxGENE:b9b4cf27-9c22-410d-8bd8-5d43e379485b,Spatiotemporal analysis of human intestinal development at single-cell resolution,2021,10.1016/j.cell.2020.12.016,CELLxGENE Discover,Homo sapiens,colon,normal,spatial transcriptomics,4992,peripheral/enteric glia | matched labels: enteroendocrine cell; glial cell; inhibitory motor neuron; interneuron,SOX10;PLP1;S100B;GFRA3;FABP7,A = repository cell_type annotation includes neural-related cells,major or enriched neural population,yes/likely described by authors; verify in publication,yes,general peripheral neurobiology,https://datasets.cellxgene.cziscience.com/fd6f06f5-6046-4dad-b732-4cbe8a57a653.h5ad ; collection: https://cellxgene.cziscience.com/collections/60358420-6055-411d-ba4f-e8ac80682a2e,https://cellxgene.cziscience.com/collections/60358420-6055-411d-ba4f-e8ac80682a2e,CELLxGENE dataset-level metadata; cell-type count per neural subtype not always provided in collection API.
14,115.55,CELLxGENE:774de9c6-9752-4e39-89a9-2a88c869d52a,Spatiotemporal analysis of human intestinal development at single-cell resolution,2021,10.1016/j.cell.2020.12.016,CELLxGENE Discover,Homo sapiens,colon,normal,spatial transcriptomics,4992,peripheral/enteric glia | matched labels: enteroendocrine cell; glial cell; inhibitory motor neuron; interneuron,SOX10;PLP1;S100B;GFRA3;FABP7,A = repository cell_type annotation includes neural-related cells,major or enriched neural population,yes/likely described by authors; verify in publication,yes,general peripheral neurobiology,https://datasets.cellxgene.cziscience.com/40fe3e03-cb51-4aae-8dad-5cefa50c6350.h5ad ; collection: https://cellxgene.cziscience.com/collections/60358420-6055-411d-ba4f-e8ac80682a2e,https://cellxgene.cziscience.com/collections/60358420-6055-411d-ba4f-e8ac80682a2e,CELLxGENE dataset-level metadata; cell-type count per neural subtype not always provided in collection API.
15,115.55,CELLxGENE:4506d9e3-4543-4464-aeae-b0b04eee1cea,Spatiotemporal analysis of human intestinal development at single-cell resolution,2021,10.1016/j.cell.2020.12.016,CELLxGENE Discover,Homo sapiens,colon,normal,spatial transcriptomics,4992,peripheral/enteric glia | matched labels: enteroendocrine cell; glial cell; inhibitory motor neuron,SOX10;PLP1;S100B;GFRA3;FABP7,A = repository cell_type annotation includes neural-related cells,major or enriched neural population,yes/likely described by authors; verify in publication,yes,general peripheral neurobiology,https://datasets.cellxgene.cziscience.com/7f17c607-720a-4127-902a-551195bc901e.h5ad ; collection: https://cellxgene.cziscience.com/collections/60358420-6055-411d-ba4f-e8ac80682a2e,https://cellxgene.cziscience.com/collections/60358420-6055-411d-ba4f-e8ac80682a2e,CELLxGENE dataset-level metadata; cell-type count per neural subtype not always provided in collection API.
16,113.57,CELLxGENE:7be23e52-e357-45d6-861f-31166913104e,Single-cell integration reveals metaplasia in inflammatory gut diseases,2025,10.1038/s41586-024-07571-1,CELLxGENE Discover,Homo sapiens,ascending colon; body of stomach; buccal mucosa; caecum; colon; colonic mucosa; descending colon; duodenum; esophagus; gingiva; ileum; intestine; jejunum; labial gland; mesenteric lymph node; periodontium; pyloric antrum; pylorus; rectosigmoid junction; rectum; sigmoid colon; small intestine; stomach; transverse colon,Crohn disease; colorectal cancer; gastric cancer; normal; ulcerative colitis,scRNA-seq,23904,peripheral/enteric glia | matched labels: afferent neuron; enteric neuron; enteroglial cell; inhibitory motor neuron; interneuron; motor neuron,SOX10;PLP1;S100B;GFRA3;FABP7,A = repository cell_type annotation includes neural-related cells,disease/injury-induced or disease-context neural population,not determined from repository metadata,no,神经-免疫通讯;炎症;伤口修复,https://datasets.cellxgene.cziscience.com/02f1646e-52ca-4b4a-aec2-f4469f216cea.h5ad ; collection: https://cellxgene.cziscience.com/collections/f11cb29c-b546-4738-9bd8-66ea621a7bd5,https://cellxgene.cziscience.com/collections/f11cb29c-b546-4738-9bd8-66ea621a7bd5,CELLxGENE dataset-level metadata; cell-type count per neural subtype not always provided in collection API.
17,112.45,CELLxGENE:80a2c5b6-02e7-4fc0-9f12-179f5247c1bc,Cells of the human intestinal tract mapped across space and time,2022,10.1038/s41586-021-03852-1,CELLxGENE Discover,Homo sapiens,ascending colon; caecum; colon; descending colon; duodenum; ileum; jejunum; large intestine; lymph node; mesenteric lymph node; rectum; sigmoid colon; small intestine; transverse colon; vermiform appendix,Crohn disease; normal,scRNA-seq,428469,peripheral/enteric glia | matched labels: enteroendocrine cell; glial cell; inhibitory motor neuron; interneuron; motor neuron; primary sensory neuron (sensu Teleostei); type D enteroendocrine cell; type EC enteroendocrine cell; type I enteroendocrine cell; type L enteroendocrine cell; type N enteroendocrine cell,SOX10;PLP1;S100B;GFRA3;FABP7,A = repository cell_type annotation includes neural-related cells,disease/injury-induced or disease-context neural population,not determined from repository metadata,no,针灸作用相关;神经-免疫通讯;炎症,https://datasets.cellxgene.cziscience.com/47ae9727-f767-46b8-9d56-a25ddcd9ae94.h5ad ; collection: https://cellxgene.cziscience.com/collections/e33ffcd3-7cbf-4b8c-b0f4-85587ad5019a,https://cellxgene.cziscience.com/collections/e33ffcd3-7cbf-4b8c-b0f4-85587ad5019a,CELLxGENE dataset-level metadata; cell-type count per neural subtype not always provided in collection API.
18,111.05,CELLxGENE:bb0818d3-474e-44f4-a82a-169f3c62c94c,Single-cell integration reveals metaplasia in inflammatory gut diseases,2025,10.1038/s41586-024-07571-1,CELLxGENE Discover,Homo sapiens,ascending colon; body of stomach; buccal mucosa; caecum; colon; colonic epithelium; colonic mucosa; descending colon; duodenal epithelium; duodenum; epithelium of esophagus; epithelium of rectum; epithelium of small intestine; epithelium of stomach; esophagus; gingiva; ileal epithelium; ileum; ileum lamina propria; intestine; jejunum; labial gland; lamina propria of mucosa of colon; lamina propria of small intestine; mesenteric lymph node; parotid gland; periodontium; pyloric antrum; pylorus; rectosigmoid junction; rectum; sigmoid colon; small intestine; stomach; transverse colon; vermiform appendix,normal,scRNA-seq,1077238,peripheral/enteric glia | matched labels: afferent neuron; enteric neuron; enteroendocrine cell; enteroglial cell; inhibitory motor neuron; interneuron; motor neuron; type EC enteroendocrine cell; type G enteroendocrine cell; type X enteroendocrine cell,SOX10;PLP1;S100B;GFRA3;FABP7,A = repository cell_type annotation includes neural-related cells,major or enriched neural population,not determined from repository metadata,no,神经-免疫通讯;炎症,https://datasets.cellxgene.cziscience.com/b801706d-6345-4af2-b3fe-8e30e0e6150b.h5ad ; collection: https://cellxgene.cziscience.com/collections/f11cb29c-b546-4738-9bd8-66ea621a7bd5,https://cellxgene.cziscience.com/collections/f11cb29c-b546-4738-9bd8-66ea621a7bd5,CELLxGENE dataset-level metadata; cell-type count per neural subtype not always provided in collection API.
19,109.22,CELLxGENE:586bc89e-a4a1-4f60-a7b4-3d191f982286,Single Nuclei Atlas of Innervated and Denervated Mouse Muscle,2025,10.1038/s41467-025-57487-1,CELLxGENE Discover,Mus musculus,gastrocnemius; skeletal muscle tissue of tibialis anterior,lesion of sciatic nerve; normal,snRNA-seq,65272,Schwann cell | matched labels: Schwann cell; perineurial cell,SOX10;MPZ;PLP1;MBP;PMP22,A = repository cell_type annotation includes neural-related cells,rare neural-related population,not determined from repository metadata,no,针灸作用相关;外周神经再生,https://datasets.cellxgene.cziscience.com/9a778891-634b-4c91-85e2-0156810e7c68.h5ad ; collection: https://cellxgene.cziscience.com/collections/ef9f0fae-c12c-4f1a-bb67-63346c2ae0f1,https://cellxgene.cziscience.com/collections/ef9f0fae-c12c-4f1a-bb67-63346c2ae0f1,CELLxGENE dataset-level metadata; cell-type count per neural subtype not always provided in collection API.
20,105.4,CELLxGENE:0e5c75da-7bc9-4a2c-83fc-ef1e378bd5f9,IBDverse: Cell type-resolved genetic variation shapes inflammatory bowel disease risk,2026,10.1038/s41586-026-10627-z,CELLxGENE Discover,Homo sapiens,blood; ileum; rectum,Crohn disease; normal,scRNA-seq,1852681,peripheral/enteric glia | matched labels: enterochromaffin-like cell; glial cell; intestinal enteroendocrine cell,SOX10;PLP1;S100B;GFRA3;FABP7,A = repository cell_type annotation includes neural-related cells,disease/injury-induced or disease-context neural population,not determined from repository metadata,no,神经-免疫通讯;炎症,https://datasets.cellxgene.cziscience.com/e3460364-c300-4616-9923-3a0224894998.h5ad ; collection: https://cellxgene.cziscience.com/collections/7f7fdf50-aa0e-4a6f-979c-53655cac9d5d,https://cellxgene.cziscience.com/collections/7f7fdf50-aa0e-4a6f-979c-53655cac9d5d,CELLxGENE dataset-level metadata; cell-type count per neural subtype not always provided in collection API.
21,105.28,CELLxGENE:f8c4782a-5be8-4de6-81b6-ec57ead9c7b5,iPain atlas,2024,10.1038/s41467-024-52052-8,CELLxGENE Discover,Mus musculus,dorsal root ganglion,"normal; peripheral neuropathy, non-human animal",snRNA-seq,70963,neuron | matched labels: sensory neuron of dorsal root ganglion,RBFOX3;TUBB3;SNAP25;PRPH;PHOX2B,A = repository cell_type annotation includes neural-related cells,major or enriched neural population,not determined from repository metadata,no,针灸作用相关,https://datasets.cellxgene.cziscience.com/cd8f7735-09d8-4f58-b4d0-820184dc1b6b.h5ad ; collection: https://cellxgene.cziscience.com/collections/03608e22-227a-4492-910b-3cb3f16f952e,https://cellxgene.cziscience.com/collections/03608e22-227a-4492-910b-3cb3f16f952e,CELLxGENE dataset-level metadata; cell-type count per neural subtype not always provided in collection API.
22,105.28,CELLxGENE:e1b09351-423f-471b-998f-ff865cd2ca74,iPain atlas,2024,10.1038/s41467-024-52052-8,CELLxGENE Discover,Mus musculus,dorsal root ganglion,"normal; peripheral neuropathy, non-human animal",snRNA-seq,70963,neuron | matched labels: sensory neuron of dorsal root ganglion,RBFOX3;TUBB3;SNAP25;PRPH;PHOX2B,A = repository cell_type annotation includes neural-related cells,major or enriched neural population,not determined from repository metadata,no,针灸作用相关,https://datasets.cellxgene.cziscience.com/313a03f1-52d1-42aa-830c-d5185a7990a8.h5ad ; collection: https://cellxgene.cziscience.com/collections/03608e22-227a-4492-910b-3cb3f16f952e,https://cellxgene.cziscience.com/collections/03608e22-227a-4492-910b-3cb3f16f952e,CELLxGENE dataset-level metadata; cell-type count per neural subtype not always provided in collection API.
23,105.28,CELLxGENE:023d4d04-4671-4433-af8d-158a05c81d8b,iPain atlas,2024,10.1038/s41467-024-52052-8,CELLxGENE Discover,Mus musculus,dorsal root ganglion,"normal; peripheral neuropathy, non-human animal",snRNA-seq,70963,neuron | matched labels: sensory neuron of dorsal root ganglion,RBFOX3;TUBB3;SNAP25;PRPH;PHOX2B,A = repository cell_type annotation includes neural-related cells,major or enriched neural population,not determined from repository metadata,no,针灸作用相关,https://datasets.cellxgene.cziscience.com/8fc0b710-45f8-4cb8-b6db-fbadd5ed5ab5.h5ad ; collection: https://cellxgene.cziscience.com/collections/03608e22-227a-4492-910b-3cb3f16f952e,https://cellxgene.cziscience.com/collections/03608e22-227a-4492-910b-3cb3f16f952e,CELLxGENE dataset-level metadata; cell-type count per neural subtype not always provided in collection API.
24,103.55,CELLxGENE:0d49001d-cc88-4b70-8f0c-f1ca385d0199,Immune microniches shape intestinal Treg function,2024,10.1038/s41586-024-07251-0,CELLxGENE Discover,Mus musculus,colon,normal,spatial transcriptomics,4992,peripheral/enteric glia | matched labels: enteric neuron; glial cell,SOX10;PLP1;S100B;GFRA3;FABP7,A = repository cell_type annotation includes neural-related cells,major or enriched neural population,yes/likely described by authors; verify in publication,yes,神经-免疫通讯,https://datasets.cellxgene.cziscience.com/3255d9c6-4d7c-45ac-8fb9-2b6c867a6a45.h5ad ; collection: https://cellxgene.cziscience.com/collections/4fa07e63-f712-4d8c-b885-2c515b5e2743,https://cellxgene.cziscience.com/collections/4fa07e63-f712-4d8c-b885-2c515b5e2743,CELLxGENE dataset-level metadata; cell-type count per neural subtype not always provided in collection API.
25,103.55,CELLxGENE:2d66790a-6621-4a49-8f0d-4002db5cc98d,Spatiotemporal analysis of human intestinal development at single-cell resolution,2021,10.1016/j.cell.2020.12.016,CELLxGENE Discover,Homo sapiens,colon,normal,spatial transcriptomics,4992,peripheral/enteric glia | matched labels: glial cell; inhibitory motor neuron; motor neuron,SOX10;PLP1;S100B;GFRA3;FABP7,A = repository cell_type annotation includes neural-related cells,major or enriched neural population,yes/likely described by authors; verify in publication,yes,general peripheral neurobiology,https://datasets.cellxgene.cziscience.com/9a78f716-552d-4f25-a7d5-95bbf44d4d05.h5ad ; collection: https://cellxgene.cziscience.com/collections/60358420-6055-411d-ba4f-e8ac80682a2e,https://cellxgene.cziscience.com/collections/60358420-6055-411d-ba4f-e8ac80682a2e,CELLxGENE dataset-level metadata; cell-type count per neural subtype not always provided in collection API.
26,102.9,CELLxGENE:d973ea15-3722-4bc8-a0e8-1d956d26e203,Single-nucleus transcriptomic analysis of human dorsal root ganglion neurons.,2025,10.7554/eLife.71752,CELLxGENE Discover,Homo sapiens,dorsal root ganglion,normal,snRNA-seq,1837,neuron | matched labels: sensory neuron of dorsal root ganglion,RBFOX3;TUBB3;SNAP25;PRPH;PHOX2B,A = repository cell_type annotation includes neural-related cells,major or enriched neural population,not determined from repository metadata,no,针灸作用相关,https://datasets.cellxgene.cziscience.com/cf1271ef-08be-46dd-b39e-90c3aa72755e.h5ad ; collection: https://cellxgene.cziscience.com/collections/741abcf7-af4b-425d-88db-7e0b0d845719,https://cellxgene.cziscience.com/collections/741abcf7-af4b-425d-88db-7e0b0d845719,CELLxGENE dataset-level metadata; cell-type count per neural subtype not always provided in collection API.
27,102.55,CELLxGENE:f7af19e4-fc64-46d0-ab3c-d4f70dd670f4,Profiling the heterogeneity of colorectal cancer consensus molecular subtypes using spatial transcriptomics,2024,10.1038/s41698-023-00488-4,CELLxGENE Discover,Homo sapiens,rectosigmoid junction,colorectal cancer,spatial transcriptomics,4992,peripheral/enteric glia | matched labels: enteroglial cell,SOX10;PLP1;S100B;GFRA3;FABP7,A = repository cell_type annotation includes neural-related cells,disease/injury-induced or disease-context neural population,yes/likely described by authors; verify in publication,yes,神经-免疫通讯,https://datasets.cellxgene.cziscience.com/7a9397d6-dbd5-400e-bd35-e31793ade49c.h5ad ; collection: https://cellxgene.cziscience.com/collections/68cba939-4e72-4405-80ef-512a05044fba,https://cellxgene.cziscience.com/collections/68cba939-4e72-4405-80ef-512a05044fba,CELLxGENE dataset-level metadata; cell-type count per neural subtype not always provided in collection API.
28,102.55,CELLxGENE:a73f7983-c94b-4005-aaed-30d35b61688a,Profiling the heterogeneity of colorectal cancer consensus molecular subtypes using spatial transcriptomics,2024,10.1038/s41698-023-00488-4,CELLxGENE Discover,Homo sapiens,caecum,colorectal cancer,spatial transcriptomics,4992,peripheral/enteric glia | matched labels: enteroglial cell,SOX10;PLP1;S100B;GFRA3;FABP7,A = repository cell_type annotation includes neural-related cells,disease/injury-induced or disease-context neural population,yes/likely described by authors; verify in publication,yes,神经-免疫通讯,https://datasets.cellxgene.cziscience.com/7e26f8dc-2b00-4b6a-9f1f-25a1ba853599.h5ad ; collection: https://cellxgene.cziscience.com/collections/68cba939-4e72-4405-80ef-512a05044fba,https://cellxgene.cziscience.com/collections/68cba939-4e72-4405-80ef-512a05044fba,CELLxGENE dataset-level metadata; cell-type count per neural subtype not always provided in collection API.
29,102.55,CELLxGENE:7ba1a805-0afe-4264-b21e-0ce2ef1aa3bd,Profiling the heterogeneity of colorectal cancer consensus molecular subtypes using spatial transcriptomics,2024,10.1038/s41698-023-00488-4,CELLxGENE Discover,Homo sapiens,rectum,colorectal cancer,spatial transcriptomics,4992,peripheral/enteric glia | matched labels: enteroglial cell,SOX10;PLP1;S100B;GFRA3;FABP7,A = repository cell_type annotation includes neural-related cells,disease/injury-induced or disease-context neural population,yes/likely described by authors; verify in publication,yes,神经-免疫通讯,https://datasets.cellxgene.cziscience.com/caed233d-e71f-4db2-9bac-d306f8828544.h5ad ; collection: https://cellxgene.cziscience.com/collections/68cba939-4e72-4405-80ef-512a05044fba,https://cellxgene.cziscience.com/collections/68cba939-4e72-4405-80ef-512a05044fba,CELLxGENE dataset-level metadata; cell-type count per neural subtype not always provided in collection API.
30,102.55,CELLxGENE:74e80fd1-d9cd-4132-af0f-9c5d37489392,Profiling the heterogeneity of colorectal cancer consensus molecular subtypes using spatial transcriptomics,2024,10.1038/s41698-023-00488-4,CELLxGENE Discover,Homo sapiens,sigmoid colon,colorectal cancer,spatial transcriptomics,4992,peripheral/enteric glia | matched labels: enteroglial cell,SOX10;PLP1;S100B;GFRA3;FABP7,A = repository cell_type annotation includes neural-related cells,disease/injury-induced or disease-context neural population,yes/likely described by authors; verify in publication,yes,神经-免疫通讯,https://datasets.cellxgene.cziscience.com/447b545b-e3ca-43b0-bb0b-022bf5c6c47d.h5ad ; collection: https://cellxgene.cziscience.com/collections/68cba939-4e72-4405-80ef-512a05044fba,https://cellxgene.cziscience.com/collections/68cba939-4e72-4405-80ef-512a05044fba,CELLxGENE dataset-level metadata; cell-type count per neural subtype not always provided in collection API.
31,102.55,CELLxGENE:729f397a-0812-4b52-a7d1-b377107ffb41,Profiling the heterogeneity of colorectal cancer consensus molecular subtypes using spatial transcriptomics,2024,10.1038/s41698-023-00488-4,CELLxGENE Discover,Homo sapiens,right colon,colorectal cancer,spatial transcriptomics,4992,peripheral/enteric glia | matched labels: enteroglial cell,SOX10;PLP1;S100B;GFRA3;FABP7,A = repository cell_type annotation includes neural-related cells,disease/injury-induced or disease-context neural population,yes/likely described by authors; verify in publication,yes,神经-免疫通讯,https://datasets.cellxgene.cziscience.com/a316235e-621b-4c0f-88d2-e4edba3dc1b0.h5ad ; collection: https://cellxgene.cziscience.com/collections/68cba939-4e72-4405-80ef-512a05044fba,https://cellxgene.cziscience.com/collections/68cba939-4e72-4405-80ef-512a05044fba,CELLxGENE dataset-level metadata; cell-type count per neural subtype not always provided in collection API.
32,102.55,CELLxGENE:297b5b89-6197-4135-acff-501c8d4199d0,Profiling the heterogeneity of colorectal cancer consensus molecular subtypes using spatial transcriptomics,2024,10.1038/s41698-023-00488-4,CELLxGENE Discover,Homo sapiens,rectosigmoid junction,colorectal cancer,spatial transcriptomics,4992,peripheral/enteric glia | matched labels: enteroglial cell,SOX10;PLP1;S100B;GFRA3;FABP7,A = repository cell_type annotation includes neural-related cells,disease/injury-induced or disease-context neural population,yes/likely described by authors; verify in publication,yes,神经-免疫通讯,https://datasets.cellxgene.cziscience.com/9ff3a1ac-8e44-4c39-a578-e2ab93853b6c.h5ad ; collection: https://cellxgene.cziscience.com/collections/68cba939-4e72-4405-80ef-512a05044fba,https://cellxgene.cziscience.com/collections/68cba939-4e72-4405-80ef-512a05044fba,CELLxGENE dataset-level metadata; cell-type count per neural subtype not always provided in collection API.
33,102.55,CELLxGENE:15b98664-a52b-4877-aed9-03f4d73d2d2c,Profiling the heterogeneity of colorectal cancer consensus molecular subtypes using spatial transcriptomics,2024,10.1038/s41698-023-00488-4,CELLxGENE Discover,Homo sapiens,rectum,colorectal cancer,spatial transcriptomics,4992,peripheral/enteric glia | matched labels: enteroglial cell,SOX10;PLP1;S100B;GFRA3;FABP7,A = repository cell_type annotation includes neural-related cells,disease/injury-induced or disease-context neural population,yes/likely described by authors; verify in publication,yes,神经-免疫通讯,https://datasets.cellxgene.cziscience.com/4f43fbfe-b88a-4010-9d5f-359afafe80e0.h5ad ; collection: https://cellxgene.cziscience.com/collections/68cba939-4e72-4405-80ef-512a05044fba,https://cellxgene.cziscience.com/collections/68cba939-4e72-4405-80ef-512a05044fba,CELLxGENE dataset-level metadata; cell-type count per neural subtype not always provided in collection API.
34,100.94,CELLxGENE:fd072bc3-2dfb-46f8-b4e3-467cb3223182,Mapping the developing human immune system across organs,2022,10.1126/science.abo0510,CELLxGENE Discover,Homo sapiens,bone marrow; gut wall; kidney; liver; mesenteric lymph node; skin of body; spleen; thymus; yolk sac,normal,scRNA-seq,908046,peripheral/enteric glia | matched labels: enteroendocrine cell; glial cell; neuron,SOX10;PLP1;S100B;GFRA3;FABP7,A = repository cell_type annotation includes neural-related cells,major or enriched neural population,yes/likely described by authors; verify in publication,no,神经-免疫通讯,https://datasets.cellxgene.cziscience.com/df38503b-8dba-4800-957d-6613747924bb.h5ad ; collection: https://cellxgene.cziscience.com/collections/b1a879f6-5638-48d3-8f64-f6592c1b1561,https://cellxgene.cziscience.com/collections/b1a879f6-5638-48d3-8f64-f6592c1b1561,CELLxGENE dataset-level metadata; cell-type count per neural subtype not always provided in collection API.
35,100.25,CELLxGENE:d0c12af4-c0e4-4c7b-873a-70752b449689,Mapping the developing human immune system across organs,2022,10.1126/science.abo0510,CELLxGENE Discover,Homo sapiens,bone marrow; gut wall; kidney; liver; mesenteric lymph node; skin of body; spleen; thymus; yolk sac,normal,scRNA-seq,318656,peripheral/enteric glia | matched labels: enteroendocrine cell; glial cell; neuron,SOX10;PLP1;S100B;GFRA3;FABP7,A = repository cell_type annotation includes neural-related cells,major or enriched neural population,yes/likely described by authors; verify in publication,no,神经-免疫通讯,https://datasets.cellxgene.cziscience.com/dbec7f42-587b-4ae4-932e-21dae985908f.h5ad ; collection: https://cellxgene.cziscience.com/collections/b1a879f6-5638-48d3-8f64-f6592c1b1561,https://cellxgene.cziscience.com/collections/b1a879f6-5638-48d3-8f64-f6592c1b1561,CELLxGENE dataset-level metadata; cell-type count per neural subtype not always provided in collection API.
36,99.79,CELLxGENE:9968be68-ab65-4a38-9e1a-c9b6abece194,Charting human development using a multi-endodermal organ atlas and organoid models,2023,10.1016/j.cell.2021.04.028,CELLxGENE Discover,Homo sapiens,body of stomach; colon; duodenum; epithelium of trachea; esophagus; ileum; jejunum; liver; lung; pyloric antrum; small intestine; stomach,normal,scRNA-seq,155232,peripheral/enteric glia | matched labels: enteroendocrine cell; glial cell; peripheral nervous system neuron,SOX10;PLP1;S100B;GFRA3;FABP7,A = repository cell_type annotation includes neural-related cells,major or enriched neural population,yes/likely described by authors; verify in publication,no,general peripheral neurobiology,https://datasets.cellxgene.cziscience.com/00b80c9b-8dbd-45c1-8347-51fbe8bd150e.h5ad ; collection: https://cellxgene.cziscience.com/collections/dfc09a93-bce0-4c77-893d-e153d1b7f9fa,https://cellxgene.cziscience.com/collections/dfc09a93-bce0-4c77-893d-e153d1b7f9fa,CELLxGENE dataset-level metadata; cell-type count per neural subtype not always provided in collection API.
37,97.35,CELLxGENE:16023185-de21-4c0d-a9c8-73abdd52d142,Spatially organized multicellular immune hubs in human colorectal cancer,2025,10.1016/j.cell.2021.08.003,CELLxGENE Discover,Homo sapiens,colorectum,colon adenocarcinoma; normal,spatial transcriptomics,370115,Schwann cell | matched labels: Schwann cell; enteroendocrine cell,SOX10;MPZ;PLP1;MBP;PMP22,A = repository cell_type annotation includes neural-related cells,disease/injury-induced or disease-context neural population,not determined from repository metadata,yes,神经-免疫通讯;外周神经再生,https://datasets.cellxgene.cziscience.com/3d1f3641-5755-47e2-b797-10317d33fe32.h5ad ; collection: https://cellxgene.cziscience.com/collections/4d82bd8e-8827-410b-8fc7-685b7dd92585,https://cellxgene.cziscience.com/collections/4d82bd8e-8827-410b-8fc7-685b7dd92585,CELLxGENE dataset-level metadata; cell-type count per neural subtype not always provided in collection API.
38,96.02,CELLxGENE:8f4f8502-9170-4ac2-9707-3b6985ebfe5f,Transcriptomic and spatial dissection of human ex vivo right atrial tissue reveals proinflammatory microvascular changes in ischemic heart disease,2024,10.1016/j.xcrm.2024.101556,CELLxGENE Discover,Homo sapiens,right atrium auricular region,heart failure; heart valve disorder; myocardial ischemia; normal,spatial transcriptomics,221756,Schwann cell | matched labels: Schwann cell; neuron,SOX10;MPZ;PLP1;MBP;PMP22,A = repository cell_type annotation includes neural-related cells,rare neural-related population,not determined from repository metadata,yes,针灸作用相关;神经-免疫通讯;外周神经再生;炎症,https://datasets.cellxgene.cziscience.com/86094298-00c2-4d09-b11d-342c5aa1f951.h5ad ; collection: https://cellxgene.cziscience.com/collections/8c782494-01ed-491b-97b9-6f0d3b76c676,https://cellxgene.cziscience.com/collections/8c782494-01ed-491b-97b9-6f0d3b76c676,CELLxGENE dataset-level metadata; cell-type count per neural subtype not always provided in collection API.
39,95.43,CELLxGENE:bbd16004-09e8-4b6c-b465-73ff83a52837,Spatiotemporal analysis of human intestinal development at single-cell resolution,2021,10.1016/j.cell.2020.12.016,CELLxGENE Discover,Homo sapiens,colon; hindgut; ileum,normal,scRNA-seq,4144,peripheral/enteric glia | matched labels: glial cell; inhibitory motor neuron; interneuron; motor neuron; neuroendocrine cell,SOX10;PLP1;S100B;GFRA3;FABP7,A = repository cell_type annotation includes neural-related cells,major or enriched neural population,yes/likely described by authors; verify in publication,no,general peripheral neurobiology,https://datasets.cellxgene.cziscience.com/a40d9047-5990-4aa1-aac8-2ff55649dab5.h5ad ; collection: https://cellxgene.cziscience.com/collections/60358420-6055-411d-ba4f-e8ac80682a2e,https://cellxgene.cziscience.com/collections/60358420-6055-411d-ba4f-e8ac80682a2e,CELLxGENE dataset-level metadata; cell-type count per neural subtype not always provided in collection API.
40,94.25,CELLxGENE:881e0e6b-a185-45f1-9b56-81606e91e7ff,Profiling of epithelial functional states and fibroblast phenotypes in hormone therapy-naïve localised prostate cancer,2025,10.1101/2024.10.23.619925,CELLxGENE Discover,Homo sapiens,prostate gland,prostatic acinar adenocarcinoma,scRNA-seq,68322,Schwann cell | matched labels: glial cell; myelinating Schwann cell; prostate neuroendocrine cell,SOX10;MPZ;PLP1;MBP;PMP22,A = repository cell_type annotation includes neural-related cells,disease/injury-induced or disease-context neural population,not determined from repository metadata,no,神经-免疫通讯;外周神经再生,https://datasets.cellxgene.cziscience.com/68b23fda-7191-46a5-8870-819feca3e66e.h5ad ; collection: https://cellxgene.cziscience.com/collections/bdac7a53-fe34-4f04-8c46-f9bd5297c099,https://cellxgene.cziscience.com/collections/bdac7a53-fe34-4f04-8c46-f9bd5297c099,CELLxGENE dataset-level metadata; cell-type count per neural subtype not always provided in collection API.
41,92.53,CELLxGENE:8e47ed12-c658-4252-b126-381df8d52a3d,Single-Cell Sequencing of Developing Human Gut Reveals Transcriptional Links to Childhood Crohn’s Disease,2022,10.1016/j.devcel.2020.11.010,CELLxGENE Discover,Homo sapiens,ileum,Crohn disease; normal,scRNA-seq,22502,peripheral/enteric glia | matched labels: enteroendocrine cell; glial cell,SOX10;PLP1;S100B;GFRA3;FABP7,A = repository cell_type annotation includes neural-related cells,disease/injury-induced or disease-context neural population,not determined from repository metadata,no,神经-免疫通讯;炎症,https://datasets.cellxgene.cziscience.com/ed17a1d8-7a5e-4523-928a-a58db7c4618b.h5ad ; collection: https://cellxgene.cziscience.com/collections/17481d16-ee44-49e5-bcf0-28c0780d8c4a,https://cellxgene.cziscience.com/collections/17481d16-ee44-49e5-bcf0-28c0780d8c4a,CELLxGENE dataset-level metadata; cell-type count per neural subtype not always provided in collection API.
42,90.86,CELLxGENE:6725ee8e-ef5b-4e68-8901-61bd14a1fe73,Integrated human endoderm-derived organoids cell atlas (HEOCA),2024,10.1038/s41588-025-02182-6,CELLxGENE Discover,Homo sapiens,alveolar sac; biliary system; bronchus; colon; common bile duct; corpus; duodenum; gallbladder; ileum; intestine; intrahepatic bile duct; liver; lung; lung epithelium; nasopharynx; pancreas; prostate gland; pyloric antrum; salivary gland epithelium; stomach; thyroid gland,normal,snRNA-seq,806646,Schwann cell | matched labels: Schwann cell; enteroendocrine cell; neuroendocrine cell; neuron,SOX10;MPZ;PLP1;MBP;PMP22,A = repository cell_type annotation includes neural-related cells,major or enriched neural population,not determined from repository metadata,no,外周神经再生,https://datasets.cellxgene.cziscience.com/40f7635e-7fcd-4ede-82e9-0d32753a6b82.h5ad ; collection: https://cellxgene.cziscience.com/collections/6282a908-f162-44a2-99a3-8a942e4271b2,https://cellxgene.cziscience.com/collections/6282a908-f162-44a2-99a3-8a942e4271b2,CELLxGENE dataset-level metadata; cell-type count per neural subtype not always provided in collection API.
43,89.82,CELLxGENE:5fb841eb-3ffe-4a89-9bec-d4d0be8c8cd0,Developmental Zebrafish Reference Atlas,2025,10.1101/2025.04.03.646654,CELLxGENE Discover,Danio rerio,enteric ganglion; neural crest,normal,snRNA-seq,7589,Schwann cell | matched labels: Schwann cell; enteric neuron,SOX10;MPZ;PLP1;MBP;PMP22,A = repository cell_type annotation includes neural-related cells,major or enriched neural population,not determined from repository metadata,no,外周神经再生,https://datasets.cellxgene.cziscience.com/753bd029-d4b7-4b2a-a919-fa9f9ae2fe6f.h5ad ; collection: https://cellxgene.cziscience.com/collections/4ea9a90e-1dad-4c67-b1e3-8488ab7dc269,https://cellxgene.cziscience.com/collections/4ea9a90e-1dad-4c67-b1e3-8488ab7dc269,CELLxGENE dataset-level metadata; cell-type count per neural subtype not always provided in collection API.
44,87.46,CELLxGENE:5a4ba05e-6bd0-4cc1-927d-94b397587f4c,Spatially resolved multiomics of human cardiac niches,2023,10.1038/s41586-023-06311-1,CELLxGENE Discover,Homo sapiens,apex of heart; atrioventricular node; heart left ventricle; heart right ventricle; interventricular septum; left cardiac atrium; right cardiac atrium; sinoatrial node,normal,spatial transcriptomics,93788,peripheral/enteric glia | matched labels: glial cell,SOX10;PLP1;S100B;GFRA3;FABP7,A = repository cell_type annotation includes neural-related cells,rare neural-related population,yes/likely described by authors; verify in publication,yes,general peripheral neurobiology,https://datasets.cellxgene.cziscience.com/95f8699a-3783-4371-9526-7115186e6875.h5ad ; collection: https://cellxgene.cziscience.com/collections/3116d060-0a8e-4767-99bb-e866badea1ed,https://cellxgene.cziscience.com/collections/3116d060-0a8e-4767-99bb-e866badea1ed,CELLxGENE dataset-level metadata; cell-type count per neural subtype not always provided in collection API.
45,87.39,CELLxGENE:5d6d404a-86f9-419e-9928-56276904819c,iPain atlas,2024,10.1038/s41467-024-52052-8,CELLxGENE Discover,Mus musculus,trigeminal ganglion,normal; peripheral neuropathy,snRNA-seq,84658,peripheral/enteric glia | matched labels: glial cell; trigeminal neuron,SOX10;PLP1;S100B;GFRA3;FABP7,A = repository cell_type annotation includes neural-related cells,major or enriched neural population,not determined from repository metadata,no,针灸作用相关,https://datasets.cellxgene.cziscience.com/40e0cedc-9c3c-4b1c-890d-96cc36743db2.h5ad ; collection: https://cellxgene.cziscience.com/collections/03608e22-227a-4492-910b-3cb3f16f952e,https://cellxgene.cziscience.com/collections/03608e22-227a-4492-910b-3cb3f16f952e,CELLxGENE dataset-level metadata; cell-type count per neural subtype not always provided in collection API.
46,86.65,CELLxGENE:25681e1c-a4f6-4948-aa5f-39d1f239f182,Spatially resolved multiomics of human cardiac niches,2023,10.1038/s41586-023-06311-1,CELLxGENE Discover,Homo sapiens,sinoatrial node,normal,spatial transcriptomics,27108,peripheral/enteric glia | matched labels: glial cell,SOX10;PLP1;S100B;GFRA3;FABP7,A = repository cell_type annotation includes neural-related cells,rare neural-related population,yes/likely described by authors; verify in publication,yes,general peripheral neurobiology,https://datasets.cellxgene.cziscience.com/6c0c8f36-4b87-4f9f-ad66-67452ee2bcfe.h5ad ; collection: https://cellxgene.cziscience.com/collections/3116d060-0a8e-4767-99bb-e866badea1ed,https://cellxgene.cziscience.com/collections/3116d060-0a8e-4767-99bb-e866badea1ed,CELLxGENE dataset-level metadata; cell-type count per neural subtype not always provided in collection API.
47,86.57,CELLxGENE:f29ca8ac-f8c9-469c-a039-3494545d711a,Spatially resolved multiomics of human cardiac niches,2023,10.1038/s41586-023-06311-1,CELLxGENE Discover,Homo sapiens,atrioventricular node,normal,spatial transcriptomics,24026,peripheral/enteric glia | matched labels: glial cell,SOX10;PLP1;S100B;GFRA3;FABP7,A = repository cell_type annotation includes neural-related cells,rare neural-related population,yes/likely described by authors; verify in publication,yes,general peripheral neurobiology,https://datasets.cellxgene.cziscience.com/5c99d4fd-e6c4-47db-8134-ae578f57f246.h5ad ; collection: https://cellxgene.cziscience.com/collections/3116d060-0a8e-4767-99bb-e866badea1ed,https://cellxgene.cziscience.com/collections/3116d060-0a8e-4767-99bb-e866badea1ed,CELLxGENE dataset-level metadata; cell-type count per neural subtype not always provided in collection API.
48,86.08,CELLxGENE:d9ecdf7b-e5f9-459e-a7da-e918748cfdfe,Spatially resolved multiomics of human cardiac niches,2023,10.1038/s41586-023-06311-1,CELLxGENE Discover,Homo sapiens,sinoatrial node,normal,spatial transcriptomics,11312,peripheral/enteric glia | matched labels: glial cell,SOX10;PLP1;S100B;GFRA3;FABP7,A = repository cell_type annotation includes neural-related cells,rare neural-related population,yes/likely described by authors; verify in publication,yes,general peripheral neurobiology,https://datasets.cellxgene.cziscience.com/0cd6e6bb-d3ea-469e-9fa6-3eaa68f18ba0.h5ad ; collection: https://cellxgene.cziscience.com/collections/3116d060-0a8e-4767-99bb-e866badea1ed,https://cellxgene.cziscience.com/collections/3116d060-0a8e-4767-99bb-e866badea1ed,CELLxGENE dataset-level metadata; cell-type count per neural subtype not always provided in collection API.
49,85.98,CELLxGENE:fc93b28c-5789-41ce-8441-ff0da3cc46cf,Spatially resolved multiomics of human cardiac niches,2023,10.1038/s41586-023-06311-1,CELLxGENE Discover,Homo sapiens,heart left ventricle,normal,spatial transcriptomics,9626,peripheral/enteric glia | matched labels: glial cell,SOX10;PLP1;S100B;GFRA3;FABP7,A = repository cell_type annotation includes neural-related cells,rare neural-related population,yes/likely described by authors; verify in publication,yes,general peripheral neurobiology,https://datasets.cellxgene.cziscience.com/d2d53b4a-15ee-465e-8fc3-f3bae6a6c598.h5ad ; collection: https://cellxgene.cziscience.com/collections/3116d060-0a8e-4767-99bb-e866badea1ed,https://cellxgene.cziscience.com/collections/3116d060-0a8e-4767-99bb-e866badea1ed,CELLxGENE dataset-level metadata; cell-type count per neural subtype not always provided in collection API.
50,85.91,CELLxGENE:59841c13-ab79-46ba-94bd-12b01e61e708,Spatially resolved multiomics of human cardiac niches,2023,10.1038/s41586-023-06311-1,CELLxGENE Discover,Homo sapiens,interventricular septum,normal,spatial transcriptomics,8643,peripheral/enteric glia | matched labels: glial cell,SOX10;PLP1;S100B;GFRA3;FABP7,A = repository cell_type annotation includes neural-related cells,rare neural-related population,yes/likely described by authors; verify in publication,yes,general peripheral neurobiology,https://datasets.cellxgene.cziscience.com/6b1ba574-d264-4673-afaa-5591bfb5ec8c.h5ad ; collection: https://cellxgene.cziscience.com/collections/3116d060-0a8e-4767-99bb-e866badea1ed,https://cellxgene.cziscience.com/collections/3116d060-0a8e-4767-99bb-e866badea1ed,CELLxGENE dataset-level metadata; cell-type count per neural subtype not always provided in collection API.
51,85.77,CELLxGENE:affa05cf-6f7a-4868-87d9-a33664680139,Spatially resolved multiomics of human cardiac niches,2023,10.1038/s41586-023-06311-1,CELLxGENE Discover,Homo sapiens,right cardiac atrium,normal,spatial transcriptomics,7027,peripheral/enteric glia | matched labels: glial cell,SOX10;PLP1;S100B;GFRA3;FABP7,A = repository cell_type annotation includes neural-related cells,rare neural-related population,yes/likely described by authors; verify in publication,yes,general peripheral neurobiology,https://datasets.cellxgene.cziscience.com/dee78644-1825-41cc-8379-b9f46403f3c2.h5ad ; collection: https://cellxgene.cziscience.com/collections/3116d060-0a8e-4767-99bb-e866badea1ed,https://cellxgene.cziscience.com/collections/3116d060-0a8e-4767-99bb-e866badea1ed,CELLxGENE dataset-level metadata; cell-type count per neural subtype not always provided in collection API.
52,85.72,CELLxGENE:92cf7163-4b7b-460b-9751-afd96193a163,Spatially resolved multiomics of human cardiac niches,2023,10.1038/s41586-023-06311-1,CELLxGENE Discover,Homo sapiens,apex of heart,normal,spatial transcriptomics,6497,peripheral/enteric glia | matched labels: glial cell,SOX10;PLP1;S100B;GFRA3;FABP7,A = repository cell_type annotation includes neural-related cells,rare neural-related population,yes/likely described by authors; verify in publication,yes,general peripheral neurobiology,https://datasets.cellxgene.cziscience.com/bd3b60dc-d3da-4c46-91bc-114033228e2d.h5ad ; collection: https://cellxgene.cziscience.com/collections/3116d060-0a8e-4767-99bb-e866badea1ed,https://cellxgene.cziscience.com/collections/3116d060-0a8e-4767-99bb-e866badea1ed,CELLxGENE dataset-level metadata; cell-type count per neural subtype not always provided in collection API.
53,85.65,CELLxGENE:adf0db98-05e8-4834-8ae5-a93e91f56fce,Spatially resolved multiomics of human cardiac niches,2023,10.1038/s41586-023-06311-1,CELLxGENE Discover,Homo sapiens,left cardiac atrium,normal,spatial transcriptomics,5822,peripheral/enteric glia | matched labels: glial cell,SOX10;PLP1;S100B;GFRA3;FABP7,A = repository cell_type annotation includes neural-related cells,rare neural-related population,yes/likely described by authors; verify in publication,yes,general peripheral neurobiology,https://datasets.cellxgene.cziscience.com/32fe2229-ab33-46ec-825d-7672b6ba95da.h5ad ; collection: https://cellxgene.cziscience.com/collections/3116d060-0a8e-4767-99bb-e866badea1ed,https://cellxgene.cziscience.com/collections/3116d060-0a8e-4767-99bb-e866badea1ed,CELLxGENE dataset-level metadata; cell-type count per neural subtype not always provided in collection API.
54,85.55,CELLxGENE:e2811f45-81cc-4819-aee0-dbaa6b3bb52c,Immune microniches shape intestinal Treg function,2024,10.1038/s41586-024-07251-0,CELLxGENE Discover,Mus musculus,colon,normal,spatial transcriptomics,4992,neuron | matched labels: enteric neuron,RBFOX3;TUBB3;SNAP25;PRPH;PHOX2B,A = repository cell_type annotation includes neural-related cells,major or enriched neural population,yes/likely described by authors; verify in publication,yes,神经-免疫通讯,https://datasets.cellxgene.cziscience.com/f12da94e-18ed-4800-bfe8-08d915989eca.h5ad ; collection: https://cellxgene.cziscience.com/collections/4fa07e63-f712-4d8c-b885-2c515b5e2743,https://cellxgene.cziscience.com/collections/4fa07e63-f712-4d8c-b885-2c515b5e2743,CELLxGENE dataset-level metadata; cell-type count per neural subtype not always provided in collection API.
55,85.55,CELLxGENE:b5c3a60d-1a81-4be9-abf4-070c5630e73c,Immune microniches shape intestinal Treg function,2024,10.1038/s41586-024-07251-0,CELLxGENE Discover,Mus musculus,colon,normal,spatial transcriptomics,4992,neuron | matched labels: enteric neuron,RBFOX3;TUBB3;SNAP25;PRPH;PHOX2B,A = repository cell_type annotation includes neural-related cells,major or enriched neural population,yes/likely described by authors; verify in publication,yes,神经-免疫通讯,https://datasets.cellxgene.cziscience.com/dcb26f1a-c8c8-4a6d-ad41-1bb562c1e56b.h5ad ; collection: https://cellxgene.cziscience.com/collections/4fa07e63-f712-4d8c-b885-2c515b5e2743,https://cellxgene.cziscience.com/collections/4fa07e63-f712-4d8c-b885-2c515b5e2743,CELLxGENE dataset-level metadata; cell-type count per neural subtype not always provided in collection API.
56,85.55,CELLxGENE:ab682d61-79b8-4d66-ae9e-aab154e55aad,Immune microniches shape intestinal Treg function,2024,10.1038/s41586-024-07251-0,CELLxGENE Discover,Mus musculus,colon,normal,spatial transcriptomics,4992,neuron | matched labels: enteric neuron,RBFOX3;TUBB3;SNAP25;PRPH;PHOX2B,A = repository cell_type annotation includes neural-related cells,major or enriched neural population,yes/likely described by authors; verify in publication,yes,神经-免疫通讯,https://datasets.cellxgene.cziscience.com/a016abd8-7c7b-4726-b98e-e3f615672d29.h5ad ; collection: https://cellxgene.cziscience.com/collections/4fa07e63-f712-4d8c-b885-2c515b5e2743,https://cellxgene.cziscience.com/collections/4fa07e63-f712-4d8c-b885-2c515b5e2743,CELLxGENE dataset-level metadata; cell-type count per neural subtype not always provided in collection API.
57,85.55,CELLxGENE:7bb14472-12fa-46e4-a822-1b6eedcc8ffa,Immune microniches shape intestinal Treg function,2024,10.1038/s41586-024-07251-0,CELLxGENE Discover,Mus musculus,colon,normal,spatial transcriptomics,4992,neuron | matched labels: enteric neuron,RBFOX3;TUBB3;SNAP25;PRPH;PHOX2B,A = repository cell_type annotation includes neural-related cells,major or enriched neural population,yes/likely described by authors; verify in publication,yes,神经-免疫通讯,https://datasets.cellxgene.cziscience.com/94e85b80-bf21-4cda-bd60-23b3f2410547.h5ad ; collection: https://cellxgene.cziscience.com/collections/4fa07e63-f712-4d8c-b885-2c515b5e2743,https://cellxgene.cziscience.com/collections/4fa07e63-f712-4d8c-b885-2c515b5e2743,CELLxGENE dataset-level metadata; cell-type count per neural subtype not always provided in collection API.
58,85.55,CELLxGENE:18f66a91-fe76-4bd6-aa46-5ab39ded35a0,Immune microniches shape intestinal Treg function,2024,10.1038/s41586-024-07251-0,CELLxGENE Discover,Mus musculus,colon,normal,spatial transcriptomics,4992,neuron | matched labels: enteric neuron,RBFOX3;TUBB3;SNAP25;PRPH;PHOX2B,A = repository cell_type annotation includes neural-related cells,major or enriched neural population,yes/likely described by authors; verify in publication,yes,神经-免疫通讯,https://datasets.cellxgene.cziscience.com/dceda2b2-7aa1-44bf-821e-ffd42eb9e66c.h5ad ; collection: https://cellxgene.cziscience.com/collections/4fa07e63-f712-4d8c-b885-2c515b5e2743,https://cellxgene.cziscience.com/collections/4fa07e63-f712-4d8c-b885-2c515b5e2743,CELLxGENE dataset-level metadata; cell-type count per neural subtype not always provided in collection API.
59,85.55,CELLxGENE:15849d77-1325-4a16-a6ed-504fd852c610,Immune microniches shape intestinal Treg function,2024,10.1038/s41586-024-07251-0,CELLxGENE Discover,Mus musculus,colon,normal,spatial transcriptomics,4992,neuron | matched labels: enteric neuron,RBFOX3;TUBB3;SNAP25;PRPH;PHOX2B,A = repository cell_type annotation includes neural-related cells,major or enriched neural population,yes/likely described by authors; verify in publication,yes,神经-免疫通讯,https://datasets.cellxgene.cziscience.com/8001cc47-6a62-438d-9777-338c83fb8a24.h5ad ; collection: https://cellxgene.cziscience.com/collections/4fa07e63-f712-4d8c-b885-2c515b5e2743,https://cellxgene.cziscience.com/collections/4fa07e63-f712-4d8c-b885-2c515b5e2743,CELLxGENE dataset-level metadata; cell-type count per neural subtype not always provided in collection API.
60,85.55,CELLxGENE:fe5b3268-ddd8-415a-9432-f1f95bfdb500,Spatially resolved multiomics of human cardiac niches,2023,10.1038/s41586-023-06311-1,CELLxGENE Discover,Homo sapiens,sinoatrial node,normal,spatial transcriptomics,4992,peripheral/enteric glia | matched labels: glial cell,SOX10;PLP1;S100B;GFRA3;FABP7,A = repository cell_type annotation includes neural-related cells,rare neural-related population,yes/likely described by authors; verify in publication,yes,general peripheral neurobiology,https://datasets.cellxgene.cziscience.com/4e24de66-4ce1-4be4-9261-687aa0cefe24.h5ad ; collection: https://cellxgene.cziscience.com/collections/3116d060-0a8e-4767-99bb-e866badea1ed,https://cellxgene.cziscience.com/collections/3116d060-0a8e-4767-99bb-e866badea1ed,CELLxGENE dataset-level metadata; cell-type count per neural subtype not always provided in collection API.
61,85.55,CELLxGENE:f92a761d-b7b8-490a-aea2-bd7a1bb9714d,Spatially resolved multiomics of human cardiac niches,2023,10.1038/s41586-023-06311-1,CELLxGENE Discover,Homo sapiens,left cardiac atrium,normal,spatial transcriptomics,4992,peripheral/enteric glia | matched labels: glial cell,SOX10;PLP1;S100B;GFRA3;FABP7,A = repository cell_type annotation includes neural-related cells,rare neural-related population,yes/likely described by authors; verify in publication,yes,general peripheral neurobiology,https://datasets.cellxgene.cziscience.com/60d1ec7d-4337-4d37-87fe-3947ca78bc46.h5ad ; collection: https://cellxgene.cziscience.com/collections/3116d060-0a8e-4767-99bb-e866badea1ed,https://cellxgene.cziscience.com/collections/3116d060-0a8e-4767-99bb-e866badea1ed,CELLxGENE dataset-level metadata; cell-type count per neural subtype not always provided in collection API.
62,85.55,CELLxGENE:e0f37114-5e98-406e-bbeb-594603360606,Spatially resolved multiomics of human cardiac niches,2023,10.1038/s41586-023-06311-1,CELLxGENE Discover,Homo sapiens,sinoatrial node,normal,spatial transcriptomics,4992,peripheral/enteric glia | matched labels: glial cell,SOX10;PLP1;S100B;GFRA3;FABP7,A = repository cell_type annotation includes neural-related cells,rare neural-related population,yes/likely described by authors; verify in publication,yes,general peripheral neurobiology,https://datasets.cellxgene.cziscience.com/466fdbe8-c863-4790-9c99-42f7cf1e9ddf.h5ad ; collection: https://cellxgene.cziscience.com/collections/3116d060-0a8e-4767-99bb-e866badea1ed,https://cellxgene.cziscience.com/collections/3116d060-0a8e-4767-99bb-e866badea1ed,CELLxGENE dataset-level metadata; cell-type count per neural subtype not always provided in collection API.
63,85.55,CELLxGENE:e0245fc6-ccf3-4329-ab10-136b7f366b49,Spatially resolved multiomics of human cardiac niches,2023,10.1038/s41586-023-06311-1,CELLxGENE Discover,Homo sapiens,interventricular septum,normal,spatial transcriptomics,4992,peripheral/enteric glia | matched labels: glial cell,SOX10;PLP1;S100B;GFRA3;FABP7,A = repository cell_type annotation includes neural-related cells,rare neural-related population,yes/likely described by authors; verify in publication,yes,general peripheral neurobiology,https://datasets.cellxgene.cziscience.com/411b2207-56b7-473b-989d-5d71ecce7f33.h5ad ; collection: https://cellxgene.cziscience.com/collections/3116d060-0a8e-4767-99bb-e866badea1ed,https://cellxgene.cziscience.com/collections/3116d060-0a8e-4767-99bb-e866badea1ed,CELLxGENE dataset-level metadata; cell-type count per neural subtype not always provided in collection API.
64,85.55,CELLxGENE:c70e9ea9-61d0-41b1-90f6-6fd3f25e91ab,Spatially resolved multiomics of human cardiac niches,2023,10.1038/s41586-023-06311-1,CELLxGENE Discover,Homo sapiens,interventricular septum,normal,spatial transcriptomics,4992,peripheral/enteric glia | matched labels: glial cell,SOX10;PLP1;S100B;GFRA3;FABP7,A = repository cell_type annotation includes neural-related cells,rare neural-related population,yes/likely described by authors; verify in publication,yes,general peripheral neurobiology,https://datasets.cellxgene.cziscience.com/291c1277-f558-4e3f-86f3-1f94120b15cd.h5ad ; collection: https://cellxgene.cziscience.com/collections/3116d060-0a8e-4767-99bb-e866badea1ed,https://cellxgene.cziscience.com/collections/3116d060-0a8e-4767-99bb-e866badea1ed,CELLxGENE dataset-level metadata; cell-type count per neural subtype not always provided in collection API.
65,85.55,CELLxGENE:c6c3206c-5228-4389-bc95-1d6120beb738,Spatially resolved multiomics of human cardiac niches,2023,10.1038/s41586-023-06311-1,CELLxGENE Discover,Homo sapiens,right cardiac atrium,normal,spatial transcriptomics,4992,peripheral/enteric glia | matched labels: glial cell,SOX10;PLP1;S100B;GFRA3;FABP7,A = repository cell_type annotation includes neural-related cells,rare neural-related population,yes/likely described by authors; verify in publication,yes,general peripheral neurobiology,https://datasets.cellxgene.cziscience.com/0c6329a4-5bd5-4ad6-843b-142d26e1d9db.h5ad ; collection: https://cellxgene.cziscience.com/collections/3116d060-0a8e-4767-99bb-e866badea1ed,https://cellxgene.cziscience.com/collections/3116d060-0a8e-4767-99bb-e866badea1ed,CELLxGENE dataset-level metadata; cell-type count per neural subtype not always provided in collection API.
66,85.55,CELLxGENE:c5cddbbb-8ba4-4338-8b34-15edb5231e22,Spatially resolved multiomics of human cardiac niches,2023,10.1038/s41586-023-06311-1,CELLxGENE Discover,Homo sapiens,sinoatrial node,normal,spatial transcriptomics,4992,peripheral/enteric glia | matched labels: glial cell,SOX10;PLP1;S100B;GFRA3;FABP7,A = repository cell_type annotation includes neural-related cells,rare neural-related population,yes/likely described by authors; verify in publication,yes,general peripheral neurobiology,https://datasets.cellxgene.cziscience.com/b1e661f8-d2ed-476d-846c-0c33a64011d4.h5ad ; collection: https://cellxgene.cziscience.com/collections/3116d060-0a8e-4767-99bb-e866badea1ed,https://cellxgene.cziscience.com/collections/3116d060-0a8e-4767-99bb-e866badea1ed,CELLxGENE dataset-level metadata; cell-type count per neural subtype not always provided in collection API.
67,85.55,CELLxGENE:bec030e1-7dc8-4eef-89a4-ab36e7043768,Spatially resolved multiomics of human cardiac niches,2023,10.1038/s41586-023-06311-1,CELLxGENE Discover,Homo sapiens,atrioventricular node,normal,spatial transcriptomics,4992,peripheral/enteric glia | matched labels: glial cell,SOX10;PLP1;S100B;GFRA3;FABP7,A = repository cell_type annotation includes neural-related cells,rare neural-related population,yes/likely described by authors; verify in publication,yes,general peripheral neurobiology,https://datasets.cellxgene.cziscience.com/405bfaee-3c75-47c6-88c4-c8790237dde9.h5ad ; collection: https://cellxgene.cziscience.com/collections/3116d060-0a8e-4767-99bb-e866badea1ed,https://cellxgene.cziscience.com/collections/3116d060-0a8e-4767-99bb-e866badea1ed,CELLxGENE dataset-level metadata; cell-type count per neural subtype not always provided in collection API.
68,85.55,CELLxGENE:af113aeb-ee5f-4484-8104-dc3190b6e54e,Spatially resolved multiomics of human cardiac niches,2023,10.1038/s41586-023-06311-1,CELLxGENE Discover,Homo sapiens,atrioventricular node,normal,spatial transcriptomics,4992,peripheral/enteric glia | matched labels: glial cell,SOX10;PLP1;S100B;GFRA3;FABP7,A = repository cell_type annotation includes neural-related cells,rare neural-related population,yes/likely described by authors; verify in publication,yes,general peripheral neurobiology,https://datasets.cellxgene.cziscience.com/f9fad4e1-1010-4fc6-98bf-0a7e2247ca6e.h5ad ; collection: https://cellxgene.cziscience.com/collections/3116d060-0a8e-4767-99bb-e866badea1ed,https://cellxgene.cziscience.com/collections/3116d060-0a8e-4767-99bb-e866badea1ed,CELLxGENE dataset-level metadata; cell-type count per neural subtype not always provided in collection API.
69,85.55,CELLxGENE:9dca8e98-e2f1-4e64-b7b0-22953cd8235d,Spatially resolved multiomics of human cardiac niches,2023,10.1038/s41586-023-06311-1,CELLxGENE Discover,Homo sapiens,sinoatrial node,normal,spatial transcriptomics,4992,peripheral/enteric glia | matched labels: glial cell,SOX10;PLP1;S100B;GFRA3;FABP7,A = repository cell_type annotation includes neural-related cells,rare neural-related population,yes/likely described by authors; verify in publication,yes,general peripheral neurobiology,https://datasets.cellxgene.cziscience.com/0958a01a-bb68-4a74-b40c-49291571d99a.h5ad ; collection: https://cellxgene.cziscience.com/collections/3116d060-0a8e-4767-99bb-e866badea1ed,https://cellxgene.cziscience.com/collections/3116d060-0a8e-4767-99bb-e866badea1ed,CELLxGENE dataset-level metadata; cell-type count per neural subtype not always provided in collection API.
70,85.55,CELLxGENE:9a38ffc5-576c-4283-a79c-fb1c5e03cb96,Spatially resolved multiomics of human cardiac niches,2023,10.1038/s41586-023-06311-1,CELLxGENE Discover,Homo sapiens,left cardiac atrium,normal,spatial transcriptomics,4992,peripheral/enteric glia | matched labels: glial cell,SOX10;PLP1;S100B;GFRA3;FABP7,A = repository cell_type annotation includes neural-related cells,rare neural-related population,yes/likely described by authors; verify in publication,yes,general peripheral neurobiology,https://datasets.cellxgene.cziscience.com/ac375474-45c8-42fc-adb3-ee134e1a4d21.h5ad ; collection: https://cellxgene.cziscience.com/collections/3116d060-0a8e-4767-99bb-e866badea1ed,https://cellxgene.cziscience.com/collections/3116d060-0a8e-4767-99bb-e866badea1ed,CELLxGENE dataset-level metadata; cell-type count per neural subtype not always provided in collection API.
71,85.55,CELLxGENE:985d11a7-9687-4d15-9681-90113501c2bc,Spatially resolved multiomics of human cardiac niches,2023,10.1038/s41586-023-06311-1,CELLxGENE Discover,Homo sapiens,sinoatrial node,normal,spatial transcriptomics,4992,peripheral/enteric glia | matched labels: glial cell,SOX10;PLP1;S100B;GFRA3;FABP7,A = repository cell_type annotation includes neural-related cells,rare neural-related population,yes/likely described by authors; verify in publication,yes,general peripheral neurobiology,https://datasets.cellxgene.cziscience.com/0c9177ab-509e-46e1-95da-c7c1002029a9.h5ad ; collection: https://cellxgene.cziscience.com/collections/3116d060-0a8e-4767-99bb-e866badea1ed,https://cellxgene.cziscience.com/collections/3116d060-0a8e-4767-99bb-e866badea1ed,CELLxGENE dataset-level metadata; cell-type count per neural subtype not always provided in collection API.
72,85.55,CELLxGENE:83ec9e14-87a4-4d41-aa3b-f7c51af70a64,Spatially resolved multiomics of human cardiac niches,2023,10.1038/s41586-023-06311-1,CELLxGENE Discover,Homo sapiens,heart right ventricle,normal,spatial transcriptomics,5039,peripheral/enteric glia | matched labels: glial cell,SOX10;PLP1;S100B;GFRA3;FABP7,A = repository cell_type annotation includes neural-related cells,rare neural-related population,yes/likely described by authors; verify in publication,yes,general peripheral neurobiology,https://datasets.cellxgene.cziscience.com/1b7164d0-9649-402b-a6cb-a1c9a917a898.h5ad ; collection: https://cellxgene.cziscience.com/collections/3116d060-0a8e-4767-99bb-e866badea1ed,https://cellxgene.cziscience.com/collections/3116d060-0a8e-4767-99bb-e866badea1ed,CELLxGENE dataset-level metadata; cell-type count per neural subtype not always provided in collection API.
73,85.55,CELLxGENE:82040363-8a09-4521-81b5-8f6e62c4ace7,Spatially resolved multiomics of human cardiac niches,2023,10.1038/s41586-023-06311-1,CELLxGENE Discover,Homo sapiens,sinoatrial node,normal,spatial transcriptomics,4992,peripheral/enteric glia | matched labels: glial cell,SOX10;PLP1;S100B;GFRA3;FABP7,A = repository cell_type annotation includes neural-related cells,rare neural-related population,yes/likely described by authors; verify in publication,yes,general peripheral neurobiology,https://datasets.cellxgene.cziscience.com/258fdf55-7460-47ea-8627-bc38c35b4a16.h5ad ; collection: https://cellxgene.cziscience.com/collections/3116d060-0a8e-4767-99bb-e866badea1ed,https://cellxgene.cziscience.com/collections/3116d060-0a8e-4767-99bb-e866badea1ed,CELLxGENE dataset-level metadata; cell-type count per neural subtype not always provided in collection API.
74,85.55,CELLxGENE:79527108-1f6c-4152-afe0-1fcdf2e02ba3,Spatially resolved multiomics of human cardiac niches,2023,10.1038/s41586-023-06311-1,CELLxGENE Discover,Homo sapiens,interventricular septum,normal,spatial transcriptomics,4992,peripheral/enteric glia | matched labels: glial cell,SOX10;PLP1;S100B;GFRA3;FABP7,A = repository cell_type annotation includes neural-related cells,rare neural-related population,yes/likely described by authors; verify in publication,yes,general peripheral neurobiology,https://datasets.cellxgene.cziscience.com/ebdc7d12-8817-4976-91da-2b8b703c3d8f.h5ad ; collection: https://cellxgene.cziscience.com/collections/3116d060-0a8e-4767-99bb-e866badea1ed,https://cellxgene.cziscience.com/collections/3116d060-0a8e-4767-99bb-e866badea1ed,CELLxGENE dataset-level metadata; cell-type count per neural subtype not always provided in collection API.
75,85.55,CELLxGENE:6d4b3d09-f1f1-411e-972b-087880a0dcbe,Spatially resolved multiomics of human cardiac niches,2023,10.1038/s41586-023-06311-1,CELLxGENE Discover,Homo sapiens,sinoatrial node,normal,spatial transcriptomics,4992,peripheral/enteric glia | matched labels: glial cell,SOX10;PLP1;S100B;GFRA3;FABP7,A = repository cell_type annotation includes neural-related cells,rare neural-related population,yes/likely described by authors; verify in publication,yes,general peripheral neurobiology,https://datasets.cellxgene.cziscience.com/053cba50-55ef-4092-9a63-a976385c37a7.h5ad ; collection: https://cellxgene.cziscience.com/collections/3116d060-0a8e-4767-99bb-e866badea1ed,https://cellxgene.cziscience.com/collections/3116d060-0a8e-4767-99bb-e866badea1ed,CELLxGENE dataset-level metadata; cell-type count per neural subtype not always provided in collection API.
76,85.55,CELLxGENE:5e2030eb-c905-4f54-a55f-20d41774ecc7,Spatially resolved multiomics of human cardiac niches,2023,10.1038/s41586-023-06311-1,CELLxGENE Discover,Homo sapiens,sinoatrial node,normal,spatial transcriptomics,4992,peripheral/enteric glia | matched labels: glial cell,SOX10;PLP1;S100B;GFRA3;FABP7,A = repository cell_type annotation includes neural-related cells,rare neural-related population,yes/likely described by authors; verify in publication,yes,general peripheral neurobiology,https://datasets.cellxgene.cziscience.com/f902b56e-5210-497c-83aa-3c481e32c609.h5ad ; collection: https://cellxgene.cziscience.com/collections/3116d060-0a8e-4767-99bb-e866badea1ed,https://cellxgene.cziscience.com/collections/3116d060-0a8e-4767-99bb-e866badea1ed,CELLxGENE dataset-level metadata; cell-type count per neural subtype not always provided in collection API.
77,85.55,CELLxGENE:55731b4b-44b1-4a39-aaee-503e3ee351f5,Spatially resolved multiomics of human cardiac niches,2023,10.1038/s41586-023-06311-1,CELLxGENE Discover,Homo sapiens,interventricular septum,normal,spatial transcriptomics,4992,peripheral/enteric glia | matched labels: glial cell,SOX10;PLP1;S100B;GFRA3;FABP7,A = repository cell_type annotation includes neural-related cells,rare neural-related population,yes/likely described by authors; verify in publication,yes,general peripheral neurobiology,https://datasets.cellxgene.cziscience.com/50d2c285-c7a0-4fe4-bb78-814823f2c85a.h5ad ; collection: https://cellxgene.cziscience.com/collections/3116d060-0a8e-4767-99bb-e866badea1ed,https://cellxgene.cziscience.com/collections/3116d060-0a8e-4767-99bb-e866badea1ed,CELLxGENE dataset-level metadata; cell-type count per neural subtype not always provided in collection API.
78,85.55,CELLxGENE:5260e91f-5d80-4e36-820c-394720d144c3,Spatially resolved multiomics of human cardiac niches,2023,10.1038/s41586-023-06311-1,CELLxGENE Discover,Homo sapiens,heart right ventricle,normal,spatial transcriptomics,4992,peripheral/enteric glia | matched labels: glial cell,SOX10;PLP1;S100B;GFRA3;FABP7,A = repository cell_type annotation includes neural-related cells,rare neural-related population,yes/likely described by authors; verify in publication,yes,general peripheral neurobiology,https://datasets.cellxgene.cziscience.com/aebde0fa-ae23-4c25-8227-070111719d7b.h5ad ; collection: https://cellxgene.cziscience.com/collections/3116d060-0a8e-4767-99bb-e866badea1ed,https://cellxgene.cziscience.com/collections/3116d060-0a8e-4767-99bb-e866badea1ed,CELLxGENE dataset-level metadata; cell-type count per neural subtype not always provided in collection API.
79,85.55,CELLxGENE:4a9f7ec6-5de7-4e8a-acaa-d6d100a5ea58,Spatially resolved multiomics of human cardiac niches,2023,10.1038/s41586-023-06311-1,CELLxGENE Discover,Homo sapiens,heart left ventricle,normal,spatial transcriptomics,4992,peripheral/enteric glia | matched labels: glial cell,SOX10;PLP1;S100B;GFRA3;FABP7,A = repository cell_type annotation includes neural-related cells,rare neural-related population,yes/likely described by authors; verify in publication,yes,general peripheral neurobiology,https://datasets.cellxgene.cziscience.com/e83f7f9d-4dbe-4454-b57f-3efbd4ea7068.h5ad ; collection: https://cellxgene.cziscience.com/collections/3116d060-0a8e-4767-99bb-e866badea1ed,https://cellxgene.cziscience.com/collections/3116d060-0a8e-4767-99bb-e866badea1ed,CELLxGENE dataset-level metadata; cell-type count per neural subtype not always provided in collection API.
80,85.55,CELLxGENE:452f8dfe-52f1-4990-a73a-7117422a5934,Spatially resolved multiomics of human cardiac niches,2023,10.1038/s41586-023-06311-1,CELLxGENE Discover,Homo sapiens,apex of heart,normal,spatial transcriptomics,4992,peripheral/enteric glia | matched labels: glial cell,SOX10;PLP1;S100B;GFRA3;FABP7,A = repository cell_type annotation includes neural-related cells,rare neural-related population,yes/likely described by authors; verify in publication,yes,general peripheral neurobiology,https://datasets.cellxgene.cziscience.com/d0147eb9-0d7d-4cb8-9049-0f7e9ad45c1c.h5ad ; collection: https://cellxgene.cziscience.com/collections/3116d060-0a8e-4767-99bb-e866badea1ed,https://cellxgene.cziscience.com/collections/3116d060-0a8e-4767-99bb-e866badea1ed,CELLxGENE dataset-level metadata; cell-type count per neural subtype not always provided in collection API.
81,85.55,CELLxGENE:3add6c93-7e8c-4f7a-8056-3354ae777757,Spatially resolved multiomics of human cardiac niches,2023,10.1038/s41586-023-06311-1,CELLxGENE Discover,Homo sapiens,sinoatrial node,normal,spatial transcriptomics,4992,peripheral/enteric glia | matched labels: glial cell,SOX10;PLP1;S100B;GFRA3;FABP7,A = repository cell_type annotation includes neural-related cells,rare neural-related population,yes/likely described by authors; verify in publication,yes,general peripheral neurobiology,https://datasets.cellxgene.cziscience.com/9de9aa3b-fbec-479d-ae0f-2cc81240cc6b.h5ad ; collection: https://cellxgene.cziscience.com/collections/3116d060-0a8e-4767-99bb-e866badea1ed,https://cellxgene.cziscience.com/collections/3116d060-0a8e-4767-99bb-e866badea1ed,CELLxGENE dataset-level metadata; cell-type count per neural subtype not always provided in collection API.
82,85.55,CELLxGENE:339756db-b41f-4abd-b520-125e62e1389f,Spatially resolved multiomics of human cardiac niches,2023,10.1038/s41586-023-06311-1,CELLxGENE Discover,Homo sapiens,sinoatrial node,normal,spatial transcriptomics,4992,peripheral/enteric glia | matched labels: glial cell,SOX10;PLP1;S100B;GFRA3;FABP7,A = repository cell_type annotation includes neural-related cells,rare neural-related population,yes/likely described by authors; verify in publication,yes,general peripheral neurobiology,https://datasets.cellxgene.cziscience.com/a47c677d-aa97-45e8-a398-70ebe280d3be.h5ad ; collection: https://cellxgene.cziscience.com/collections/3116d060-0a8e-4767-99bb-e866badea1ed,https://cellxgene.cziscience.com/collections/3116d060-0a8e-4767-99bb-e866badea1ed,CELLxGENE dataset-level metadata; cell-type count per neural subtype not always provided in collection API.
83,85.55,CELLxGENE:2d8cb370-c23f-4ac3-bfb7-73c13838d741,Spatially resolved multiomics of human cardiac niches,2023,10.1038/s41586-023-06311-1,CELLxGENE Discover,Homo sapiens,atrioventricular node,normal,spatial transcriptomics,4992,peripheral/enteric glia | matched labels: glial cell,SOX10;PLP1;S100B;GFRA3;FABP7,A = repository cell_type annotation includes neural-related cells,rare neural-related population,yes/likely described by authors; verify in publication,yes,general peripheral neurobiology,https://datasets.cellxgene.cziscience.com/8c6c6210-225c-4e16-8265-766ea025487d.h5ad ; collection: https://cellxgene.cziscience.com/collections/3116d060-0a8e-4767-99bb-e866badea1ed,https://cellxgene.cziscience.com/collections/3116d060-0a8e-4767-99bb-e866badea1ed,CELLxGENE dataset-level metadata; cell-type count per neural subtype not always provided in collection API.
84,85.55,CELLxGENE:2179a9b4-be5e-4e28-b1cd-cd3e07e19271,Spatially resolved multiomics of human cardiac niches,2023,10.1038/s41586-023-06311-1,CELLxGENE Discover,Homo sapiens,right cardiac atrium,normal,spatial transcriptomics,4992,peripheral/enteric glia | matched labels: glial cell,SOX10;PLP1;S100B;GFRA3;FABP7,A = repository cell_type annotation includes neural-related cells,rare neural-related population,yes/likely described by authors; verify in publication,yes,general peripheral neurobiology,https://datasets.cellxgene.cziscience.com/6c691525-834c-4de7-b00b-ca8af1990996.h5ad ; collection: https://cellxgene.cziscience.com/collections/3116d060-0a8e-4767-99bb-e866badea1ed,https://cellxgene.cziscience.com/collections/3116d060-0a8e-4767-99bb-e866badea1ed,CELLxGENE dataset-level metadata; cell-type count per neural subtype not always provided in collection API.
85,85.55,CELLxGENE:2104fbb8-8ce3-4740-8b6a-bcbb46a13c0f,Spatially resolved multiomics of human cardiac niches,2023,10.1038/s41586-023-06311-1,CELLxGENE Discover,Homo sapiens,left cardiac atrium,normal,spatial transcriptomics,4992,peripheral/enteric glia | matched labels: glial cell,SOX10;PLP1;S100B;GFRA3;FABP7,A = repository cell_type annotation includes neural-related cells,rare neural-related population,yes/likely described by authors; verify in publication,yes,general peripheral neurobiology,https://datasets.cellxgene.cziscience.com/6259e676-7b44-44e1-89a5-70ee86baf4a5.h5ad ; collection: https://cellxgene.cziscience.com/collections/3116d060-0a8e-4767-99bb-e866badea1ed,https://cellxgene.cziscience.com/collections/3116d060-0a8e-4767-99bb-e866badea1ed,CELLxGENE dataset-level metadata; cell-type count per neural subtype not always provided in collection API.
86,85.55,CELLxGENE:1df5fa02-4a6e-4b00-a203-cb0a60e75637,Spatially resolved multiomics of human cardiac niches,2023,10.1038/s41586-023-06311-1,CELLxGENE Discover,Homo sapiens,heart right ventricle,normal,spatial transcriptomics,4992,peripheral/enteric glia | matched labels: glial cell,SOX10;PLP1;S100B;GFRA3;FABP7,A = repository cell_type annotation includes neural-related cells,rare neural-related population,yes/likely described by authors; verify in publication,yes,general peripheral neurobiology,https://datasets.cellxgene.cziscience.com/a56df793-e3aa-4971-b171-37962c96f5ef.h5ad ; collection: https://cellxgene.cziscience.com/collections/3116d060-0a8e-4767-99bb-e866badea1ed,https://cellxgene.cziscience.com/collections/3116d060-0a8e-4767-99bb-e866badea1ed,CELLxGENE dataset-level metadata; cell-type count per neural subtype not always provided in collection API.
87,85.55,CELLxGENE:1b0f8473-f847-4e41-be8b-4dc861860650,Spatially resolved multiomics of human cardiac niches,2023,10.1038/s41586-023-06311-1,CELLxGENE Discover,Homo sapiens,heart left ventricle,normal,spatial transcriptomics,4992,peripheral/enteric glia | matched labels: glial cell,SOX10;PLP1;S100B;GFRA3;FABP7,A = repository cell_type annotation includes neural-related cells,rare neural-related population,yes/likely described by authors; verify in publication,yes,general peripheral neurobiology,https://datasets.cellxgene.cziscience.com/f7f286e9-c062-4f82-bd2a-1ace5e1f2767.h5ad ; collection: https://cellxgene.cziscience.com/collections/3116d060-0a8e-4767-99bb-e866badea1ed,https://cellxgene.cziscience.com/collections/3116d060-0a8e-4767-99bb-e866badea1ed,CELLxGENE dataset-level metadata; cell-type count per neural subtype not always provided in collection API.
88,85.55,CELLxGENE:1863bbe2-9c01-48a3-a58e-e2b77b71d6ca,Spatially resolved multiomics of human cardiac niches,2023,10.1038/s41586-023-06311-1,CELLxGENE Discover,Homo sapiens,atrioventricular node,normal,spatial transcriptomics,4992,peripheral/enteric glia | matched labels: glial cell,SOX10;PLP1;S100B;GFRA3;FABP7,A = repository cell_type annotation includes neural-related cells,rare neural-related population,yes/likely described by authors; verify in publication,yes,general peripheral neurobiology,https://datasets.cellxgene.cziscience.com/98375197-56dd-4b9d-82d4-3e631cf85a38.h5ad ; collection: https://cellxgene.cziscience.com/collections/3116d060-0a8e-4767-99bb-e866badea1ed,https://cellxgene.cziscience.com/collections/3116d060-0a8e-4767-99bb-e866badea1ed,CELLxGENE dataset-level metadata; cell-type count per neural subtype not always provided in collection API.
89,85.55,CELLxGENE:1368fad2-916d-4ec0-a367-e750d0ab979e,Spatially resolved multiomics of human cardiac niches,2023,10.1038/s41586-023-06311-1,CELLxGENE Discover,Homo sapiens,atrioventricular node,normal,spatial transcriptomics,4992,peripheral/enteric glia | matched labels: glial cell,SOX10;PLP1;S100B;GFRA3;FABP7,A = repository cell_type annotation includes neural-related cells,rare neural-related population,yes/likely described by authors; verify in publication,yes,general peripheral neurobiology,https://datasets.cellxgene.cziscience.com/cc56d9bc-4dfe-4859-a866-c8f37fb40a7c.h5ad ; collection: https://cellxgene.cziscience.com/collections/3116d060-0a8e-4767-99bb-e866badea1ed,https://cellxgene.cziscience.com/collections/3116d060-0a8e-4767-99bb-e866badea1ed,CELLxGENE dataset-level metadata; cell-type count per neural subtype not always provided in collection API.
90,85.55,CELLxGENE:0fe4d909-b1d9-471a-bb5d-ccc0b5a8374e,Spatially resolved multiomics of human cardiac niches,2023,10.1038/s41586-023-06311-1,CELLxGENE Discover,Homo sapiens,right cardiac atrium,normal,spatial transcriptomics,4992,peripheral/enteric glia | matched labels: glial cell,SOX10;PLP1;S100B;GFRA3;FABP7,A = repository cell_type annotation includes neural-related cells,rare neural-related population,yes/likely described by authors; verify in publication,yes,general peripheral neurobiology,https://datasets.cellxgene.cziscience.com/e7b24cd2-a4c2-4e6a-a7c8-e287003473e9.h5ad ; collection: https://cellxgene.cziscience.com/collections/3116d060-0a8e-4767-99bb-e866badea1ed,https://cellxgene.cziscience.com/collections/3116d060-0a8e-4767-99bb-e866badea1ed,CELLxGENE dataset-level metadata; cell-type count per neural subtype not always provided in collection API.
91,85.55,CELLxGENE:06379c09-d4cf-4c6f-8299-e0bc8879dbdf,Spatially resolved multiomics of human cardiac niches,2023,10.1038/s41586-023-06311-1,CELLxGENE Discover,Homo sapiens,apex of heart,normal,spatial transcriptomics,4992,peripheral/enteric glia | matched labels: glial cell,SOX10;PLP1;S100B;GFRA3;FABP7,A = repository cell_type annotation includes neural-related cells,rare neural-related population,yes/likely described by authors; verify in publication,yes,general peripheral neurobiology,https://datasets.cellxgene.cziscience.com/aab496a3-19a0-4a42-8629-513da15324ed.h5ad ; collection: https://cellxgene.cziscience.com/collections/3116d060-0a8e-4767-99bb-e866badea1ed,https://cellxgene.cziscience.com/collections/3116d060-0a8e-4767-99bb-e866badea1ed,CELLxGENE dataset-level metadata; cell-type count per neural subtype not always provided in collection API.
92,85.55,CELLxGENE:04a0a043-1d65-489a-b203-7908780cc922,Spatially resolved multiomics of human cardiac niches,2023,10.1038/s41586-023-06311-1,CELLxGENE Discover,Homo sapiens,heart left ventricle,normal,spatial transcriptomics,4992,peripheral/enteric glia | matched labels: glial cell,SOX10;PLP1;S100B;GFRA3;FABP7,A = repository cell_type annotation includes neural-related cells,rare neural-related population,yes/likely described by authors; verify in publication,yes,general peripheral neurobiology,https://datasets.cellxgene.cziscience.com/d3ab9a0e-72c3-49d6-9966-929bd1ab16c9.h5ad ; collection: https://cellxgene.cziscience.com/collections/3116d060-0a8e-4767-99bb-e866badea1ed,https://cellxgene.cziscience.com/collections/3116d060-0a8e-4767-99bb-e866badea1ed,CELLxGENE dataset-level metadata; cell-type count per neural subtype not always provided in collection API.
93,85.55,CELLxGENE:0491b0c6-4d09-45bf-b5ca-42088632c15c,Spatially resolved multiomics of human cardiac niches,2023,10.1038/s41586-023-06311-1,CELLxGENE Discover,Homo sapiens,sinoatrial node,normal,spatial transcriptomics,4992,peripheral/enteric glia | matched labels: glial cell,SOX10;PLP1;S100B;GFRA3;FABP7,A = repository cell_type annotation includes neural-related cells,rare neural-related population,yes/likely described by authors; verify in publication,yes,general peripheral neurobiology,https://datasets.cellxgene.cziscience.com/1e4b5510-3407-4433-9434-7561d4ffde3f.h5ad ; collection: https://cellxgene.cziscience.com/collections/3116d060-0a8e-4767-99bb-e866badea1ed,https://cellxgene.cziscience.com/collections/3116d060-0a8e-4767-99bb-e866badea1ed,CELLxGENE dataset-level metadata; cell-type count per neural subtype not always provided in collection API.
94,83.55,CELLxGENE:abd889c6-f60a-4fbd-924e-ee1e9dcf909b,Spatiotemporal analysis of human intestinal development at single-cell resolution,2021,10.1016/j.cell.2020.12.016,CELLxGENE Discover,Homo sapiens,colon,normal,spatial transcriptomics,4992,enteroendocrine cell | matched labels: enteroendocrine cell; inhibitory motor neuron; interneuron; motor neuron; neuroendocrine cell,CHGA;CHGB;NEUROD1;PAX6;GCG,A = repository cell_type annotation includes neural-related cells,rare neural-related population,yes/likely described by authors; verify in publication,yes,general peripheral neurobiology,https://datasets.cellxgene.cziscience.com/9f2c8edb-7b88-42b1-b2f4-32ed4792d972.h5ad ; collection: https://cellxgene.cziscience.com/collections/60358420-6055-411d-ba4f-e8ac80682a2e,https://cellxgene.cziscience.com/collections/60358420-6055-411d-ba4f-e8ac80682a2e,CELLxGENE dataset-level metadata; cell-type count per neural subtype not always provided in collection API.
95,83.28,CELLxGENE:f89af62b-4059-4fb9-8bc0-e8e189c4c340,Spatially organized multicellular immune hubs in human colorectal cancer,2025,10.1016/j.cell.2021.08.003,CELLxGENE Discover,Homo sapiens,colorectum,colon adenocarcinoma; normal,spatial transcriptomics,15438,Schwann cell | matched labels: Schwann cell,SOX10;MPZ;PLP1;MBP;PMP22,A = repository cell_type annotation includes neural-related cells,disease/injury-induced or disease-context neural population,not determined from repository metadata,yes,神经-免疫通讯;外周神经再生,https://datasets.cellxgene.cziscience.com/3e97852a-0caf-4e9b-9355-9d5f408b4fcb.h5ad ; collection: https://cellxgene.cziscience.com/collections/4d82bd8e-8827-410b-8fc7-685b7dd92585,https://cellxgene.cziscience.com/collections/4d82bd8e-8827-410b-8fc7-685b7dd92585,CELLxGENE dataset-level metadata; cell-type count per neural subtype not always provided in collection API.
96,82.13,CELLxGENE:cbec7853-d996-4493-bbf8-5d82857a4e51,Automatic cell-type harmonization and integration across Human Cell Atlas datasets,2024,10.1016/j.cell.2023.11.026,CELLxGENE Discover,Homo sapiens,ascending colon; caecum; caecum epithelium; caecum lamina propria; colonic epithelium; descending colon; duodenum; ileum; jejunum; lamina propria of mucosa of colon; large intestine; rectum; sigmoid colon; small intestine; transverse colon; transverse colon epithelium; transverse colon lamina propria; vermiform appendix,normal,scRNA-seq,263275,peripheral/enteric glia | matched labels: enteroendocrine cell; glial cell,SOX10;PLP1;S100B;GFRA3;FABP7,A = repository cell_type annotation includes neural-related cells,major or enriched neural population,not determined from repository metadata,no,general peripheral neurobiology,https://datasets.cellxgene.cziscience.com/0add1772-6d6e-43e1-8702-93fdf84e4dbc.h5ad ; collection: https://cellxgene.cziscience.com/collections/854c0855-23ad-4362-8b77-6b1639e7a9fc,https://cellxgene.cziscience.com/collections/854c0855-23ad-4362-8b77-6b1639e7a9fc,CELLxGENE dataset-level metadata; cell-type count per neural subtype not always provided in collection API.
97,81.56,CELLxGENE:20de8570-f01a-4016-9e0d-7e2bfb43932a,Profiling of epithelial functional states and fibroblast phenotypes in hormone therapy-naïve localised prostate cancer,2025,10.1101/2024.10.23.619925,CELLxGENE Discover,Homo sapiens,prostate gland,prostatic acinar adenocarcinoma,scRNA-seq,1096,Schwann cell | matched labels: glial cell; myelinating Schwann cell,SOX10;MPZ;PLP1;MBP;PMP22,A = repository cell_type annotation includes neural-related cells,disease/injury-induced or disease-context neural population,not determined from repository metadata,no,神经-免疫通讯;外周神经再生,https://datasets.cellxgene.cziscience.com/8b3fc760-f3fd-4723-a768-9323ac12a0bd.h5ad ; collection: https://cellxgene.cziscience.com/collections/bdac7a53-fe34-4f04-8c46-f9bd5297c099,https://cellxgene.cziscience.com/collections/bdac7a53-fe34-4f04-8c46-f9bd5297c099,CELLxGENE dataset-level metadata; cell-type count per neural subtype not always provided in collection API.
98,81.43,CELLxGENE:6ceeaa86-9ceb-4582-b390-6d4dd6ff0572,Pediatric FGID lamina propria of ileum biopsies.,2023,10.1101/2021.09.17.21263540,CELLxGENE Discover,Homo sapiens,lamina propria of small intestine,digestive system disorder,scRNA-seq,89849,peripheral/enteric glia | matched labels: enteroendocrine cell; glial cell,SOX10;PLP1;S100B;GFRA3;FABP7,A = repository cell_type annotation includes neural-related cells,major or enriched neural population,not determined from repository metadata,no,general peripheral neurobiology,https://datasets.cellxgene.cziscience.com/8cf9e6a2-5cd6-4d8e-95bd-b8c54d05e3f1.h5ad ; collection: https://cellxgene.cziscience.com/collections/a064d795-3b77-44ae-9fb5-beb57c567443,https://cellxgene.cziscience.com/collections/a064d795-3b77-44ae-9fb5-beb57c567443,CELLxGENE dataset-level metadata; cell-type count per neural subtype not always provided in collection API.
99,81.32,CELLxGENE:0f4865d5-8000-4f68-8ac7-f5efea9e5e70,The landscape of immune dysregulation in Crohn’s disease revealed through single-cell transcriptomic profiling in the ileum and colon,2023,10.1016/j.immuni.2023.01.002,CELLxGENE Discover,Homo sapiens,ileal epithelium; ileum; ileum lamina propria; lamina propria of small intestine; small intestine,Crohn disease; normal,scRNA-seq,75695,peripheral/enteric glia | matched labels: glial cell,SOX10;PLP1;S100B;GFRA3;FABP7,A = repository cell_type annotation includes neural-related cells,disease/injury-induced or disease-context neural population,not determined from repository metadata,no,神经-免疫通讯;炎症,https://datasets.cellxgene.cziscience.com/34217af0-2b64-464b-9a5c-59b292938b37.h5ad ; collection: https://cellxgene.cziscience.com/collections/5c868b6f-62c5-4532-9d7f-a346ad4b50a7,https://cellxgene.cziscience.com/collections/5c868b6f-62c5-4532-9d7f-a346ad4b50a7,CELLxGENE dataset-level metadata; cell-type count per neural subtype not always provided in collection API.
100,81.2,CELLxGENE:b46237d1-19c6-4af2-9335-9854634bad16,Single-Cell Sequencing of Developing Human Gut Reveals Transcriptional Links to Childhood Crohn’s Disease,2022,10.1016/j.devcel.2020.11.010,CELLxGENE Discover,Homo sapiens,colon; duodeno-jejunal junction; ileum,normal,scRNA-seq,62849,enteroendocrine cell | matched labels: enteric neuron; enteroendocrine cell,CHGA;CHGB;NEUROD1;PAX6;GCG,A = repository cell_type annotation includes neural-related cells,rare neural-related population,not determined from repository metadata,no,神经-免疫通讯;炎症,https://datasets.cellxgene.cziscience.com/5cf26393-87e2-4946-8a97-2d42625856a3.h5ad ; collection: https://cellxgene.cziscience.com/collections/17481d16-ee44-49e5-bcf0-28c0780d8c4a,https://cellxgene.cziscience.com/collections/17481d16-ee44-49e5-bcf0-28c0780d8c4a,CELLxGENE dataset-level metadata; cell-type count per neural subtype not always provided in collection API.
101,80.94,CELLxGENE:a357414d-2042-4eb5-95f0-c58604a18bdd,Tabula Sapiens,2021,10.1126/science.abl4896,CELLxGENE Discover,Homo sapiens,duodenum; ileum; jejunum; small intestine,normal,scRNA-seq,42036,peripheral/enteric glia | matched labels: enteroendocrine cell of small intestine; enteroglial cell,SOX10;PLP1;S100B;GFRA3;FABP7,A = repository cell_type annotation includes neural-related cells,major or enriched neural population,not determined from repository metadata,no,general peripheral neurobiology,https://datasets.cellxgene.cziscience.com/6db4dfe6-d421-4287-a9dc-22eaa59be966.h5ad ; collection: https://cellxgene.cziscience.com/collections/e5f58829-1a66-40b5-a624-9046778e74f5,https://cellxgene.cziscience.com/collections/e5f58829-1a66-40b5-a624-9046778e74f5,CELLxGENE dataset-level metadata; cell-type count per neural subtype not always provided in collection API.
102,80.89,CELLxGENE:6cf3634d-e911-44ad-bf52-c747a9af3c01,The landscape of immune dysregulation in Crohn’s disease revealed through single-cell transcriptomic profiling in the ileum and colon,2023,10.1016/j.immuni.2023.01.002,CELLxGENE Discover,Homo sapiens,ascending colon; caecum lamina propria; colon; colonic epithelium; descending colon; lamina propria of mucosa of colon; sigmoid colon; sigmoid colon epithelium; sigmoid colon lamina propria; transverse colon epithelium; transverse colon lamina propria,Crohn disease; normal,scRNA-seq,39433,peripheral/enteric glia | matched labels: glial cell,SOX10;PLP1;S100B;GFRA3;FABP7,A = repository cell_type annotation includes neural-related cells,disease/injury-induced or disease-context neural population,not determined from repository metadata,no,神经-免疫通讯;炎症,https://datasets.cellxgene.cziscience.com/7e56f1b8-a16a-450d-9938-1d084bc52841.h5ad ; collection: https://cellxgene.cziscience.com/collections/5c868b6f-62c5-4532-9d7f-a346ad4b50a7,https://cellxgene.cziscience.com/collections/5c868b6f-62c5-4532-9d7f-a346ad4b50a7,CELLxGENE dataset-level metadata; cell-type count per neural subtype not always provided in collection API.
103,80.77,CELLxGENE:36c867a7-be10-4e69-9b39-5de12b0af6da,Single-Cell Analysis of Crohn’s Disease Lesions Identifies a Pathogenic Cellular Module Associated with Resistance to Anti-TNF Therapy,2022,10.1016/j.cell.2019.08.008,CELLxGENE Discover,Homo sapiens,ileum,normal,scRNA-seq,32458,peripheral/enteric glia | matched labels: enteroendocrine cell of small intestine; glial cell,SOX10;PLP1;S100B;GFRA3;FABP7,A = repository cell_type annotation includes neural-related cells,major or enriched neural population,yes/likely described by authors; verify in publication,no,神经-免疫通讯;炎症,https://datasets.cellxgene.cziscience.com/aa44120b-7b9f-4584-a8a2-0f3aceafc87c.h5ad ; collection: https://cellxgene.cziscience.com/collections/2b02dff7-e427-4cdc-96fb-c0f354c099aa,https://cellxgene.cziscience.com/collections/2b02dff7-e427-4cdc-96fb-c0f354c099aa,CELLxGENE dataset-level metadata; cell-type count per neural subtype not always provided in collection API.
104,80.72,CELLxGENE:7357cee7-9f7f-4ab0-8cec-90de8f047e38,Tabula Sapiens,2021,10.1126/science.abl4896,CELLxGENE Discover,Homo sapiens,ascending colon; large intestine; sigmoid colon,normal,scRNA-seq,30084,peripheral/enteric glia | matched labels: enterochromaffin-like cell; enteroglial cell; type L enteroendocrine cell,SOX10;PLP1;S100B;GFRA3;FABP7,A = repository cell_type annotation includes neural-related cells,major or enriched neural population,not determined from repository metadata,no,general peripheral neurobiology,https://datasets.cellxgene.cziscience.com/81781bd2-7a71-43a8-ab31-2a9009c1aea6.h5ad ; collection: https://cellxgene.cziscience.com/collections/e5f58829-1a66-40b5-a624-9046778e74f5,https://cellxgene.cziscience.com/collections/e5f58829-1a66-40b5-a624-9046778e74f5,CELLxGENE dataset-level metadata; cell-type count per neural subtype not always provided in collection API.
105,80.32,CELLxGENE:776a1e4a-f141-49bb-9978-d0588a4cee9f,Integrated human endoderm-derived organoids cell atlas (HEOCA),2024,10.1038/s41588-025-02182-6,CELLxGENE Discover,Homo sapiens,colon; duodenum; ileum; intestine,normal,snRNA-seq,353140,Schwann cell | matched labels: Schwann cell; enteroendocrine cell; neuron,SOX10;MPZ;PLP1;MBP;PMP22,A = repository cell_type annotation includes neural-related cells,major or enriched neural population,not determined from repository metadata,no,外周神经再生,https://datasets.cellxgene.cziscience.com/a8d79867-3e4d-4026-b2b1-5d0ddd6cb58e.h5ad ; collection: https://cellxgene.cziscience.com/collections/6282a908-f162-44a2-99a3-8a942e4271b2,https://cellxgene.cziscience.com/collections/6282a908-f162-44a2-99a3-8a942e4271b2,CELLxGENE dataset-level metadata; cell-type count per neural subtype not always provided in collection API.
106,80.25,CELLxGENE:9ac3d74d-1d94-4ff9-abf9-fe5abe4bd2a6,Cellular and Spatial Drivers of Unresolved Injury and Functional Decline in the Human Kidney,2025,10.1101/2025.09.26.678707,CELLxGENE Discover,Mus musculus,kidney,acute kidney injury; normal,spatial transcriptomics,315764,Schwann cell | matched labels: Schwann cell,SOX10;MPZ;PLP1;MBP;PMP22,A = repository cell_type annotation includes neural-related cells,disease/injury-induced or disease-context neural population,yes/likely described by authors; verify in publication,yes,外周神经再生;伤口修复,https://datasets.cellxgene.cziscience.com/19aab2ef-654a-4047-8f60-3529c041851d.h5ad ; collection: https://cellxgene.cziscience.com/collections/9c9d04c4-8899-417f-bb6f-6107dcadf14f,https://cellxgene.cziscience.com/collections/9c9d04c4-8899-417f-bb6f-6107dcadf14f,CELLxGENE dataset-level metadata; cell-type count per neural subtype not always provided in collection API.
107,79.77,CELLxGENE:e7c5ba7e-4be0-4696-af50-a07d0dc7aac5,Multi-scale spatial mapping of cell populations across anatomical sites in healthy human skin and basal cell carcinoma,2024,10.1073/pnas.2313326120,CELLxGENE Discover,Homo sapiens,arm skin; nose skin; skin of abdomen; skin of cheek; skin of external ear; skin of forehead; skin of temple,basal cell carcinoma; normal,spatial transcriptomics,152189,Schwann cell | matched labels: Schwann cell,SOX10;MPZ;PLP1;MBP;PMP22,A = repository cell_type annotation includes neural-related cells,disease/injury-induced or disease-context neural population,not determined from repository metadata,yes,外周神经再生,https://datasets.cellxgene.cziscience.com/82515193-f68f-49f1-923e-d10a2b798b42.h5ad ; collection: https://cellxgene.cziscience.com/collections/34f12de7-c5e5-4813-a136-832677f98ac8,https://cellxgene.cziscience.com/collections/34f12de7-c5e5-4813-a136-832677f98ac8,CELLxGENE dataset-level metadata; cell-type count per neural subtype not always provided in collection API.
108,79.06,CELLxGENE:9237e573-980a-4be6-b028-0f01cc064956,HTAN/HTAPP Broad - Spatio-molecular dissection of the breast cancer metastatic microenvironment,2024,10.1038/s41591-024-03215-z,CELLxGENE Discover,Homo sapiens,liver,breast cancer,spatial transcriptomics,10892,neuron | matched labels: neuron,RBFOX3;TUBB3;SNAP25;PRPH;PHOX2B,A = repository cell_type annotation includes neural-related cells,disease/injury-induced or disease-context neural population,not determined from repository metadata,yes,神经-免疫通讯,https://datasets.cellxgene.cziscience.com/55185bb7-deba-497f-bb8e-a2fe098bdcc7.h5ad ; collection: https://cellxgene.cziscience.com/collections/a96133de-e951-4e2d-ace6-59db8b3bfb1d,https://cellxgene.cziscience.com/collections/a96133de-e951-4e2d-ace6-59db8b3bfb1d,CELLxGENE dataset-level metadata; cell-type count per neural subtype not always provided in collection API.
109,78.39,CELLxGENE:f1606894-59df-4794-a37f-baa7c6fb6de1,Transcriptomic and spatial dissection of human ex vivo right atrial tissue reveals proinflammatory microvascular changes in ischemic heart disease,2024,10.1016/j.xcrm.2024.101556,CELLxGENE Discover,Homo sapiens,right atrium auricular region,coronary artery disorder; heart valve disorder; myocardial infarction; normal,spatial transcriptomics,392819,Schwann cell | matched labels: Schwann cell,SOX10;MPZ;PLP1;MBP;PMP22,A = repository cell_type annotation includes neural-related cells,rare neural-related population,not determined from repository metadata,yes,针灸作用相关;神经-免疫通讯;外周神经再生;炎症,https://datasets.cellxgene.cziscience.com/d070bbc4-3c71-4f7a-adaf-583ccb059eb6.h5ad ; collection: https://cellxgene.cziscience.com/collections/8c782494-01ed-491b-97b9-6f0d3b76c676,https://cellxgene.cziscience.com/collections/8c782494-01ed-491b-97b9-6f0d3b76c676,CELLxGENE dataset-level metadata; cell-type count per neural subtype not always provided in collection API.
110,78.08,CELLxGENE:48b37086-25f7-4ecd-be66-f5bb378e3aea,Tabula Muris Senis,2021,10.1038/s41586-020-2496-1,CELLxGENE Discover,Mus musculus,adipose tissue; bladder lumen; bone marrow; heart; kidney; large intestine; limb muscle; liver; lung; mammary gland; pancreas; skin of body; spleen; thymus; tongue; trachea,normal,scRNA-seq,245389,Schwann cell | matched labels: Schwann cell; cardiac neuron; neuroendocrine cell; pulmonary neuroendocrine cell,SOX10;MPZ;PLP1;MBP;PMP22,A = repository cell_type annotation includes neural-related cells,major or enriched neural population,not determined from repository metadata,no,外周神经再生,https://datasets.cellxgene.cziscience.com/084058cc-4f17-43ce-b14e-1278df074013.h5ad ; collection: https://cellxgene.cziscience.com/collections/0b9d8a04-bb9d-44da-aa27-705bb65b54eb,https://cellxgene.cziscience.com/collections/0b9d8a04-bb9d-44da-aa27-705bb65b54eb,CELLxGENE dataset-level metadata; cell-type count per neural subtype not always provided in collection API.
111,77.98,CELLxGENE:4ed927e9-c099-49af-b8ce-a2652d069333,Single-nucleus cross-tissue molecular reference maps to decipher disease gene function,2022,10.1126/science.abl4290,CELLxGENE Discover,Homo sapiens,anterior wall of left ventricle; breast; esophagus muscularis mucosa; gastrocnemius; lingula of left lung; mucosa; prostate gland; skin of leg,normal,snRNA-seq,209126,Schwann cell | matched labels: Schwann cell; neuroendocrine cell; neuron,SOX10;MPZ;PLP1;MBP;PMP22,A = repository cell_type annotation includes neural-related cells,rare neural-related population,not determined from repository metadata,no,外周神经再生,https://datasets.cellxgene.cziscience.com/9130af6d-b035-4c2c-868a-ef9a572270be.h5ad ; collection: https://cellxgene.cziscience.com/collections/a3ffde6c-7ad2-498a-903c-d58e732f7470,https://cellxgene.cziscience.com/collections/a3ffde6c-7ad2-498a-903c-d58e732f7470,CELLxGENE dataset-level metadata; cell-type count per neural subtype not always provided in collection API.
112,77.93,CELLxGENE:093d3bfe-6f0f-4ac0-a7a1-829f94d0a49f,A spatially resolved atlas of the human lung characterizes a gland-associated immune niche,2024,10.1038/s41588-022-01243-4,CELLxGENE Discover,Homo sapiens,bronchus; lower lobe of left lung; lung; trachea; upper lobe of left lung,normal,spatial transcriptomics,193108,Schwann cell | matched labels: myelinating Schwann cell; neuroendocrine cell; non-myelinating Schwann cell,SOX10;MPZ;PLP1;MBP;PMP22,A = repository cell_type annotation includes neural-related cells,rare neural-related population,yes/likely described by authors; verify in publication,yes,神经-免疫通讯;外周神经再生,https://datasets.cellxgene.cziscience.com/dea9f35e-1be6-4240-919d-7eb2f471cbe9.h5ad ; collection: https://cellxgene.cziscience.com/collections/c1241244-b22d-483d-875b-75699efb9f3c,https://cellxgene.cziscience.com/collections/c1241244-b22d-483d-875b-75699efb9f3c,CELLxGENE dataset-level metadata; cell-type count per neural subtype not always provided in collection API.
113,77.55,CELLxGENE:d465e08b-b391-425f-9f15-bd3eff4681f7,Multi-scale spatial mapping of cell populations across anatomical sites in healthy human skin and basal cell carcinoma,2024,10.1073/pnas.2313326120,CELLxGENE Discover,Homo sapiens,skin of forehead,basal cell carcinoma,spatial transcriptomics,4992,Schwann cell | matched labels: Schwann cell,SOX10;MPZ;PLP1;MBP;PMP22,A = repository cell_type annotation includes neural-related cells,disease/injury-induced or disease-context neural population,not determined from repository metadata,yes,外周神经再生,https://datasets.cellxgene.cziscience.com/08be1805-86d6-493c-91b5-d1ada6171f44.h5ad ; collection: https://cellxgene.cziscience.com/collections/34f12de7-c5e5-4813-a136-832677f98ac8,https://cellxgene.cziscience.com/collections/34f12de7-c5e5-4813-a136-832677f98ac8,CELLxGENE dataset-level metadata; cell-type count per neural subtype not always provided in collection API.
114,77.55,CELLxGENE:43d268e8-1859-4ce7-ba75-e7e4f5a76e1d,Multi-scale spatial mapping of cell populations across anatomical sites in healthy human skin and basal cell carcinoma,2024,10.1073/pnas.2313326120,CELLxGENE Discover,Homo sapiens,skin of cheek,basal cell carcinoma,spatial transcriptomics,4992,Schwann cell | matched labels: Schwann cell,SOX10;MPZ;PLP1;MBP;PMP22,A = repository cell_type annotation includes neural-related cells,disease/injury-induced or disease-context neural population,not determined from repository metadata,yes,外周神经再生,https://datasets.cellxgene.cziscience.com/b953ea25-c9d9-47ba-90cc-be6b84bd8a92.h5ad ; collection: https://cellxgene.cziscience.com/collections/34f12de7-c5e5-4813-a136-832677f98ac8,https://cellxgene.cziscience.com/collections/34f12de7-c5e5-4813-a136-832677f98ac8,CELLxGENE dataset-level metadata; cell-type count per neural subtype not always provided in collection API.
115,77.55,CELLxGENE:18d0fe01-3682-4b5d-aa39-2ca937424c83,Multi-scale spatial mapping of cell populations across anatomical sites in healthy human skin and basal cell carcinoma,2024,10.1073/pnas.2313326120,CELLxGENE Discover,Homo sapiens,skin of external ear,basal cell carcinoma,spatial transcriptomics,4992,Schwann cell | matched labels: Schwann cell,SOX10;MPZ;PLP1;MBP;PMP22,A = repository cell_type annotation includes neural-related cells,disease/injury-induced or disease-context neural population,not determined from repository metadata,yes,外周神经再生,https://datasets.cellxgene.cziscience.com/731fe2e5-3827-410c-bcd2-1ea075f17226.h5ad ; collection: https://cellxgene.cziscience.com/collections/34f12de7-c5e5-4813-a136-832677f98ac8,https://cellxgene.cziscience.com/collections/34f12de7-c5e5-4813-a136-832677f98ac8,CELLxGENE dataset-level metadata; cell-type count per neural subtype not always provided in collection API.
116,75.55,CELLxGENE:5944834b-e31e-4955-942a-731d75e39385,A spatially resolved atlas of the human lung characterizes a gland-associated immune niche,2024,10.1038/s41588-022-01243-4,CELLxGENE Discover,Homo sapiens,bronchus,normal,spatial transcriptomics,4992,Schwann cell | matched labels: neuroendocrine cell; non-myelinating Schwann cell,SOX10;MPZ;PLP1;MBP;PMP22,A = repository cell_type annotation includes neural-related cells,rare neural-related population,yes/likely described by authors; verify in publication,yes,神经-免疫通讯;外周神经再生,https://datasets.cellxgene.cziscience.com/5bdb5d12-9104-4bb3-b47a-b65326cde5fe.h5ad ; collection: https://cellxgene.cziscience.com/collections/c1241244-b22d-483d-875b-75699efb9f3c,https://cellxgene.cziscience.com/collections/c1241244-b22d-483d-875b-75699efb9f3c,CELLxGENE dataset-level metadata; cell-type count per neural subtype not always provided in collection API.
117,74.02,CELLxGENE:07574da2-6bd3-4708-a04d-27d95c009f4e,Single-cell integration reveals metaplasia in inflammatory gut diseases,2025,10.1038/s41586-024-07571-1,CELLxGENE Discover,Homo sapiens,duodenal epithelium; duodenum; epithelium of small intestine; ileal epithelium; ileum; ileum lamina propria; jejunum; lamina propria of small intestine; mesenteric lymph node; small intestine,Crohn disease; celiac disease; normal,scRNA-seq,221900,enteroendocrine cell | matched labels: enteroendocrine cell,CHGA;CHGB;NEUROD1;PAX6;GCG,A = repository cell_type annotation includes neural-related cells,rare neural-related population,not determined from repository metadata,no,神经-免疫通讯;炎症,https://datasets.cellxgene.cziscience.com/4f59842b-967c-4106-bbd0-aae9cb2ead5e.h5ad ; collection: https://cellxgene.cziscience.com/collections/f11cb29c-b546-4738-9bd8-66ea621a7bd5,https://cellxgene.cziscience.com/collections/f11cb29c-b546-4738-9bd8-66ea621a7bd5,CELLxGENE dataset-level metadata; cell-type count per neural subtype not always provided in collection API.
118,73.55,CELLxGENE:c932254f-f3b2-4b70-9b79-9557b6a3bbd7,A human fetal lung cell atlas uncovers proximal-distal gradients of differentiation and key regulators of epithelial fates,2022,10.1016/j.cell.2022.11.005,CELLxGENE Discover,Homo sapiens,lung,normal,spatial transcriptomics,4992,Schwann cell | matched labels: Schwann cell; neuron,SOX10;MPZ;PLP1;MBP;PMP22,A = repository cell_type annotation includes neural-related cells,rare neural-related population,not determined from repository metadata,yes,外周神经再生,https://datasets.cellxgene.cziscience.com/da805fd8-26d8-496b-ba08-ca5c3ee525ba.h5ad ; collection: https://cellxgene.cziscience.com/collections/2d2e2acd-dade-489f-a2da-6c11aa654028,https://cellxgene.cziscience.com/collections/2d2e2acd-dade-489f-a2da-6c11aa654028,CELLxGENE dataset-level metadata; cell-type count per neural subtype not always provided in collection API.
119,73.29,CELLxGENE:6d50d513-c158-4b0f-b1df-b54c8572163b,Single-cell integration reveals metaplasia in inflammatory gut diseases,2025,10.1038/s41586-024-07571-1,CELLxGENE Discover,Homo sapiens,duodenal epithelium; duodenum; epithelium of small intestine; ileal epithelium; ileum; ileum lamina propria; jejunum; lamina propria of small intestine; mesenteric lymph node; small intestine,Crohn disease; normal,scRNA-seq,72356,enteroendocrine cell | matched labels: enteroendocrine cell,CHGA;CHGB;NEUROD1;PAX6;GCG,A = repository cell_type annotation includes neural-related cells,rare neural-related population,not determined from repository metadata,no,神经-免疫通讯;炎症,https://datasets.cellxgene.cziscience.com/d6ec8574-622e-4bbd-b630-ea81ee7570e3.h5ad ; collection: https://cellxgene.cziscience.com/collections/f11cb29c-b546-4738-9bd8-66ea621a7bd5,https://cellxgene.cziscience.com/collections/f11cb29c-b546-4738-9bd8-66ea621a7bd5,CELLxGENE dataset-level metadata; cell-type count per neural subtype not always provided in collection API.
120,72.19,CELLxGENE:8f67108f-1f78-4148-a14a-bff85c58f19b,"Tabula Microcebus: A transcriptomic cell atlas of mouse lemur, an emerging primate model organism",2025,10.1038/s41586-025-09113-9,CELLxGENE Discover,Microcebus murinus,adipose tissue; brown adipose tissue; gonadal fat pad; mesenteric fat pad; subcutaneous adipose tissue,normal,scRNA-seq,13318,Schwann cell | matched labels: non-myelinating Schwann cell,SOX10;MPZ;PLP1;MBP;PMP22,A = repository cell_type annotation includes neural-related cells,rare neural-related population,not determined from repository metadata,no,外周神经再生,https://datasets.cellxgene.cziscience.com/ddfa35f1-b7e5-4fc8-acd9-c4f11d95ed97.h5ad ; collection: https://cellxgene.cziscience.com/collections/a137437b-d284-4a27-b1e9-36958a8f92c1,https://cellxgene.cziscience.com/collections/a137437b-d284-4a27-b1e9-36958a8f92c1,CELLxGENE dataset-level metadata; cell-type count per neural subtype not always provided in collection API.
121,71.6,CELLxGENE:b61a921b-7fa3-4b42-b455-aaaf32447920,A Unique Cellular Organization of Human Distal Airways and Its Disarray in Chronic Obstructive Pulmonary Disease,2025,10.1164/rccm.202207-1384OC,CELLxGENE Discover,Homo sapiens,bronchus; segmental bronchus; terminal bronchus,chronic obstructive pulmonary disease; normal,scRNA-seq,115788,Schwann cell | matched labels: Schwann cell; pulmonary neuroendocrine cell,SOX10;MPZ;PLP1;MBP;PMP22,A = repository cell_type annotation includes neural-related cells,disease/injury-induced or disease-context neural population,not determined from repository metadata,no,外周神经再生,https://datasets.cellxgene.cziscience.com/a8e4f394-d141-4755-9a35-790c734d1dab.h5ad ; collection: https://cellxgene.cziscience.com/collections/4f30b962-d49b-4624-a233-64f048cf8632,https://cellxgene.cziscience.com/collections/4f30b962-d49b-4624-a233-64f048cf8632,CELLxGENE dataset-level metadata; cell-type count per neural subtype not always provided in collection API.
122,71.55,CELLxGENE:aa0b5adb-957d-4f15-ab83-2c5cc2843f77,Spatiotemporal analysis of human intestinal development at single-cell resolution,2021,10.1016/j.cell.2020.12.016,CELLxGENE Discover,Homo sapiens,ileum,normal,spatial transcriptomics,4992,neuroendocrine cell | matched labels: inhibitory motor neuron; interneuron; neuroendocrine cell,CHGA;CHGB;ASCL1;SYP;NCAM1,A = repository cell_type annotation includes neural-related cells,rare neural-related population,yes/likely described by authors; verify in publication,yes,general peripheral neurobiology,https://datasets.cellxgene.cziscience.com/87a64267-6d5c-4e36-9c5a-5fef3988116b.h5ad ; collection: https://cellxgene.cziscience.com/collections/60358420-6055-411d-ba4f-e8ac80682a2e,https://cellxgene.cziscience.com/collections/60358420-6055-411d-ba4f-e8ac80682a2e,CELLxGENE dataset-level metadata; cell-type count per neural subtype not always provided in collection API.
123,71.55,CELLxGENE:08e94873-c2a6-4f7d-ab72-aeaff3e3f929,Spatiotemporal analysis of human intestinal development at single-cell resolution,2021,10.1016/j.cell.2020.12.016,CELLxGENE Discover,Homo sapiens,ileum,normal,spatial transcriptomics,4992,neuroendocrine cell | matched labels: interneuron; motor neuron; neuroendocrine cell,CHGA;CHGB;ASCL1;SYP;NCAM1,A = repository cell_type annotation includes neural-related cells,rare neural-related population,yes/likely described by authors; verify in publication,yes,general peripheral neurobiology,https://datasets.cellxgene.cziscience.com/0232e99c-00dd-4919-a26a-4545715a599f.h5ad ; collection: https://cellxgene.cziscience.com/collections/60358420-6055-411d-ba4f-e8ac80682a2e,https://cellxgene.cziscience.com/collections/60358420-6055-411d-ba4f-e8ac80682a2e,CELLxGENE dataset-level metadata; cell-type count per neural subtype not always provided in collection API.
124,69.03,CELLxGENE:bb78adbb-1428-4468-bad0-63602bb974e9,Tabula Sapiens,2021,10.1126/science.abl4896,CELLxGENE Discover,Homo sapiens,left ovary; ovary; right ovary,normal,scRNA-seq,48951,peripheral/enteric glia | matched labels: glial cell,SOX10;PLP1;S100B;GFRA3;FABP7,A = repository cell_type annotation includes neural-related cells,rare neural-related population,not determined from repository metadata,no,general peripheral neurobiology,https://datasets.cellxgene.cziscience.com/6ad78e84-6715-458d-95b4-69e8509cd785.h5ad ; collection: https://cellxgene.cziscience.com/collections/e5f58829-1a66-40b5-a624-9046778e74f5,https://cellxgene.cziscience.com/collections/e5f58829-1a66-40b5-a624-9046778e74f5,CELLxGENE dataset-level metadata; cell-type count per neural subtype not always provided in collection API.
125,68.97,CELLxGENE:3c364ffe-d599-44d5-a77f-6c5fd7038cf6,Single cell atlas of the human optic nerve,2025,not reported in repository metadata,CELLxGENE Discover,Homo sapiens,cranial nerve II; optic disc,normal,snRNA-seq,959629,Schwann cell | matched labels: microglial cell; myelinating Schwann cell; non-myelinating Schwann cell,SOX10;MPZ;PLP1;MBP;PMP22,A = repository cell_type annotation includes neural-related cells,major or enriched neural population,not determined from repository metadata,no,针灸作用相关;外周神经再生,https://datasets.cellxgene.cziscience.com/b27057d6-a6a0-40e8-a4ba-5373a03746d2.h5ad ; collection: https://cellxgene.cziscience.com/collections/05e3d0fc-c9dd-4f14-9163-2b242b3bb5c2,https://cellxgene.cziscience.com/collections/05e3d0fc-c9dd-4f14-9163-2b242b3bb5c2,CELLxGENE dataset-level metadata; cell-type count per neural subtype not always provided in collection API.
126,68.65,CELLxGENE:595c9010-99ec-462d-b6a1-2b2fe5407871,Dysregulation of brain and choroid plexus cell types in severe COVID-19,2024,10.1038/s41586-021-03710-0,CELLxGENE Discover,Homo sapiens,choroid plexus,COVID-19; aspiration pneumonia; influenza; malignant pancreatic neoplasm,snRNA-seq,27092,peripheral/enteric glia | matched labels: glial cell,SOX10;PLP1;S100B;GFRA3;FABP7,A = repository cell_type annotation includes neural-related cells,rare neural-related population,not determined from repository metadata,no,神经-免疫通讯;炎症,https://datasets.cellxgene.cziscience.com/6dd04cc1-f4b6-49c4-b34c-56508ea8af8c.h5ad ; collection: https://cellxgene.cziscience.com/collections/59c9ecfe-c47d-4a6a-bab0-895cc0c1942b,https://cellxgene.cziscience.com/collections/59c9ecfe-c47d-4a6a-bab0-895cc0c1942b,CELLxGENE dataset-level metadata; cell-type count per neural subtype not always provided in collection API.
127,67.31,CELLxGENE:fb5eeccf-3c2a-473c-b6e3-7a1dda18d42d,A poly(A) isoform–aware single-cell and spatial atlas defines fibroblast niches in the human bladder,2026,10.64898/2025.12.18.695268,CELLxGENE Discover,Homo sapiens,dome of urinary bladder; neck of urinary bladder; ureteral orifice; ureterovesical junction,normal,spatial transcriptomics,74694,Schwann cell | matched labels: Schwann cell,SOX10;MPZ;PLP1;MBP;PMP22,A = repository cell_type annotation includes neural-related cells,rare neural-related population,yes/likely described by authors; verify in publication,yes,外周神经再生,https://datasets.cellxgene.cziscience.com/1352a8d5-e392-4e1d-8acd-c47f3c93f22e.h5ad ; collection: https://cellxgene.cziscience.com/collections/afd343f4-bb60-4632-9902-73a4a1ff1557,https://cellxgene.cziscience.com/collections/afd343f4-bb60-4632-9902-73a4a1ff1557,CELLxGENE dataset-level metadata; cell-type count per neural subtype not always provided in collection API.
128,67.29,CELLxGENE:9d8e5dca-03a3-457d-b7fb-844c75735c83,Single-Nucleus Analysis of Human White Adipose Tissue Reveals Adipocyte Subsets with Distinct Metabolic Profiles,2023,10.1101/2025.09.14.673351,CELLxGENE Discover,Homo sapiens,subcutaneous abdominal adipose tissue; visceral abdominal adipose tissue,normal,snRNA-seq,72335,Schwann cell | matched labels: Schwann cell; neuron associated cell,SOX10;MPZ;PLP1;MBP;PMP22,A = repository cell_type annotation includes neural-related cells,rare neural-related population,not determined from repository metadata,no,外周神经再生,https://datasets.cellxgene.cziscience.com/3d0f967f-ad82-4470-a46d-6d156ad13e42.h5ad ; collection: https://cellxgene.cziscience.com/collections/6b701826-37bb-4356-9792-ff41fc4c3161,https://cellxgene.cziscience.com/collections/6b701826-37bb-4356-9792-ff41fc4c3161,CELLxGENE dataset-level metadata; cell-type count per neural subtype not always provided in collection API.
129,67.28,CELLxGENE:3dc61ca1-ce40-46b6-8337-f27260fd9a03,A human fetal lung cell atlas uncovers proximal-distal gradients of differentiation and key regulators of epithelial fates,2022,10.1016/j.cell.2022.11.005,CELLxGENE Discover,Homo sapiens,lung,normal,scRNA-seq,71752,Schwann cell | matched labels: Schwann cell; Schwann cell precursor; immature Schwann cell; neuron; pulmonary neuroendocrine cell,SOX10;MPZ;PLP1;MBP;PMP22,A = repository cell_type annotation includes neural-related cells,rare neural-related population,not determined from repository metadata,no,外周神经再生,https://datasets.cellxgene.cziscience.com/c961f0d3-15cd-481a-b167-d356ccf6659a.h5ad ; collection: https://cellxgene.cziscience.com/collections/2d2e2acd-dade-489f-a2da-6c11aa654028,https://cellxgene.cziscience.com/collections/2d2e2acd-dade-489f-a2da-6c11aa654028,CELLxGENE dataset-level metadata; cell-type count per neural subtype not always provided in collection API.
130,67.05,CELLxGENE:731e0ae7-e600-470f-a6dc-8c35c28d6c3d,Mouse perinatal heart maturation scRNA-seq,2024,10.1101/2024.03.05.583423,CELLxGENE Discover,Mus musculus,heart,normal,scRNA-seq,49769,Schwann cell | matched labels: Schwann cell; neuron,SOX10;MPZ;PLP1;MBP;PMP22,A = repository cell_type annotation includes neural-related cells,rare neural-related population,not determined from repository metadata,no,外周神经再生,https://datasets.cellxgene.cziscience.com/287a43aa-a1bd-41bd-925e-0ac43fdb1228.h5ad ; collection: https://cellxgene.cziscience.com/collections/613f5480-4957-4f80-b804-0e2b85ac454c,https://cellxgene.cziscience.com/collections/613f5480-4957-4f80-b804-0e2b85ac454c,CELLxGENE dataset-level metadata; cell-type count per neural subtype not always provided in collection API.
131,66.47,CELLxGENE:e871881f-b42d-4500-906d-0972a14ba47d,A spatially resolved atlas of the human lung characterizes a gland-associated immune niche,2024,10.1038/s41588-022-01243-4,CELLxGENE Discover,Homo sapiens,bronchus; lower lobe of left lung; lung; trachea; upper lobe of left lung,normal,spatial transcriptomics,20515,Schwann cell | matched labels: myelinating Schwann cell; non-myelinating Schwann cell,SOX10;MPZ;PLP1;MBP;PMP22,A = repository cell_type annotation includes neural-related cells,rare neural-related population,yes/likely described by authors; verify in publication,yes,神经-免疫通讯;外周神经再生,https://datasets.cellxgene.cziscience.com/460b3fe9-f623-4299-a745-78beba61c3d8.h5ad ; collection: https://cellxgene.cziscience.com/collections/c1241244-b22d-483d-875b-75699efb9f3c,https://cellxgene.cziscience.com/collections/c1241244-b22d-483d-875b-75699efb9f3c,CELLxGENE dataset-level metadata; cell-type count per neural subtype not always provided in collection API.
132,65.73,CELLxGENE:bdd109f1-ca27-45dc-bb9f-473008449428,Single-Cell Transcriptomic Profiling of Human Dental Pulp in Sound and Carious Teeth: A Pilot Study,2024,10.3389/fdmed.2021.806294,CELLxGENE Discover,Homo sapiens,dental pulp,enamel caries; normal; pulpitis,scRNA-seq,6560,Schwann cell | matched labels: Schwann cell; glial cell,SOX10;MPZ;PLP1;MBP;PMP22,A = repository cell_type annotation includes neural-related cells,rare neural-related population,not determined from repository metadata,no,外周神经再生,https://datasets.cellxgene.cziscience.com/c184cf5a-2c44-4908-96d9-165dd5e07f07.h5ad ; collection: https://cellxgene.cziscience.com/collections/bd3f7d45-43a0-4944-8327-62d6c89e2ae1,https://cellxgene.cziscience.com/collections/bd3f7d45-43a0-4944-8327-62d6c89e2ae1,CELLxGENE dataset-level metadata; cell-type count per neural subtype not always provided in collection API.
133,65.55,CELLxGENE:a83dd1a9-d689-486b-aa8a-5036bf9d5816,A spatially resolved atlas of the human lung characterizes a gland-associated immune niche,2024,10.1038/s41588-022-01243-4,CELLxGENE Discover,Homo sapiens,bronchus,normal,spatial transcriptomics,4992,Schwann cell | matched labels: non-myelinating Schwann cell,SOX10;MPZ;PLP1;MBP;PMP22,A = repository cell_type annotation includes neural-related cells,rare neural-related population,yes/likely described by authors; verify in publication,yes,神经-免疫通讯;外周神经再生,https://datasets.cellxgene.cziscience.com/3e5559b4-e6ba-4d3d-877e-8a5bfb9da3a6.h5ad ; collection: https://cellxgene.cziscience.com/collections/c1241244-b22d-483d-875b-75699efb9f3c,https://cellxgene.cziscience.com/collections/c1241244-b22d-483d-875b-75699efb9f3c,CELLxGENE dataset-level metadata; cell-type count per neural subtype not always provided in collection API.
134,65.55,CELLxGENE:987185c0-e092-49fb-935a-cc3fa0d084ca,A spatially resolved atlas of the human lung characterizes a gland-associated immune niche,2024,10.1038/s41588-022-01243-4,CELLxGENE Discover,Homo sapiens,bronchus,normal,spatial transcriptomics,4992,Schwann cell | matched labels: non-myelinating Schwann cell,SOX10;MPZ;PLP1;MBP;PMP22,A = repository cell_type annotation includes neural-related cells,rare neural-related population,yes/likely described by authors; verify in publication,yes,神经-免疫通讯;外周神经再生,https://datasets.cellxgene.cziscience.com/acfe0dfa-5179-405d-9c53-7bdc7e3a8d6d.h5ad ; collection: https://cellxgene.cziscience.com/collections/c1241244-b22d-483d-875b-75699efb9f3c,https://cellxgene.cziscience.com/collections/c1241244-b22d-483d-875b-75699efb9f3c,CELLxGENE dataset-level metadata; cell-type count per neural subtype not always provided in collection API.
135,65.55,CELLxGENE:853c4415-9820-4377-ae29-cfe61d72fbd1,A spatially resolved atlas of the human lung characterizes a gland-associated immune niche,2024,10.1038/s41588-022-01243-4,CELLxGENE Discover,Homo sapiens,trachea,normal,spatial transcriptomics,4992,Schwann cell | matched labels: non-myelinating Schwann cell,SOX10;MPZ;PLP1;MBP;PMP22,A = repository cell_type annotation includes neural-related cells,rare neural-related population,yes/likely described by authors; verify in publication,yes,神经-免疫通讯;外周神经再生,https://datasets.cellxgene.cziscience.com/56849905-fe69-4873-b2bb-f119b5c16df4.h5ad ; collection: https://cellxgene.cziscience.com/collections/c1241244-b22d-483d-875b-75699efb9f3c,https://cellxgene.cziscience.com/collections/c1241244-b22d-483d-875b-75699efb9f3c,CELLxGENE dataset-level metadata; cell-type count per neural subtype not always provided in collection API.
136,65.55,CELLxGENE:72ddcd39-bd9b-4f6a-9251-bf2a6763b16f,A spatially resolved atlas of the human lung characterizes a gland-associated immune niche,2024,10.1038/s41588-022-01243-4,CELLxGENE Discover,Homo sapiens,bronchus,normal,spatial transcriptomics,4992,Schwann cell | matched labels: non-myelinating Schwann cell,SOX10;MPZ;PLP1;MBP;PMP22,A = repository cell_type annotation includes neural-related cells,rare neural-related population,yes/likely described by authors; verify in publication,yes,神经-免疫通讯;外周神经再生,https://datasets.cellxgene.cziscience.com/391859dd-aee8-46c2-90fc-ee34ad3cf022.h5ad ; collection: https://cellxgene.cziscience.com/collections/c1241244-b22d-483d-875b-75699efb9f3c,https://cellxgene.cziscience.com/collections/c1241244-b22d-483d-875b-75699efb9f3c,CELLxGENE dataset-level metadata; cell-type count per neural subtype not always provided in collection API.
137,65.55,CELLxGENE:728a6902-8916-47a1-b85a-ba1c922d56b7,A spatially resolved atlas of the human lung characterizes a gland-associated immune niche,2024,10.1038/s41588-022-01243-4,CELLxGENE Discover,Homo sapiens,bronchus,normal,spatial transcriptomics,4992,Schwann cell | matched labels: myelinating Schwann cell; non-myelinating Schwann cell,SOX10;MPZ;PLP1;MBP;PMP22,A = repository cell_type annotation includes neural-related cells,rare neural-related population,yes/likely described by authors; verify in publication,yes,神经-免疫通讯;外周神经再生,https://datasets.cellxgene.cziscience.com/defc9209-93bd-4291-b4e4-c09e6228ce17.h5ad ; collection: https://cellxgene.cziscience.com/collections/c1241244-b22d-483d-875b-75699efb9f3c,https://cellxgene.cziscience.com/collections/c1241244-b22d-483d-875b-75699efb9f3c,CELLxGENE dataset-level metadata; cell-type count per neural subtype not always provided in collection API.
138,65.55,CELLxGENE:44c9d3fd-bbde-45a5-a17c-db37a75bf697,A spatially resolved atlas of the human lung characterizes a gland-associated immune niche,2024,10.1038/s41588-022-01243-4,CELLxGENE Discover,Homo sapiens,trachea,normal,spatial transcriptomics,4992,Schwann cell | matched labels: non-myelinating Schwann cell,SOX10;MPZ;PLP1;MBP;PMP22,A = repository cell_type annotation includes neural-related cells,rare neural-related population,yes/likely described by authors; verify in publication,yes,神经-免疫通讯;外周神经再生,https://datasets.cellxgene.cziscience.com/da3db84a-aec1-404f-83f3-c497ce4bfccc.h5ad ; collection: https://cellxgene.cziscience.com/collections/c1241244-b22d-483d-875b-75699efb9f3c,https://cellxgene.cziscience.com/collections/c1241244-b22d-483d-875b-75699efb9f3c,CELLxGENE dataset-level metadata; cell-type count per neural subtype not always provided in collection API.
139,65.55,CELLxGENE:2c3621b8-1870-4e06-b169-252ab243118d,A spatially resolved atlas of the human lung characterizes a gland-associated immune niche,2024,10.1038/s41588-022-01243-4,CELLxGENE Discover,Homo sapiens,bronchus,normal,spatial transcriptomics,4992,Schwann cell | matched labels: non-myelinating Schwann cell,SOX10;MPZ;PLP1;MBP;PMP22,A = repository cell_type annotation includes neural-related cells,rare neural-related population,yes/likely described by authors; verify in publication,yes,神经-免疫通讯;外周神经再生,https://datasets.cellxgene.cziscience.com/ca3e1dd1-bcc3-4121-a160-c2a86bf51972.h5ad ; collection: https://cellxgene.cziscience.com/collections/c1241244-b22d-483d-875b-75699efb9f3c,https://cellxgene.cziscience.com/collections/c1241244-b22d-483d-875b-75699efb9f3c,CELLxGENE dataset-level metadata; cell-type count per neural subtype not always provided in collection API.
140,65.55,CELLxGENE:20718fc1-c04b-496b-8a27-8589a637346c,A spatially resolved atlas of the human lung characterizes a gland-associated immune niche,2024,10.1038/s41588-022-01243-4,CELLxGENE Discover,Homo sapiens,bronchus,normal,spatial transcriptomics,4992,Schwann cell | matched labels: non-myelinating Schwann cell,SOX10;MPZ;PLP1;MBP;PMP22,A = repository cell_type annotation includes neural-related cells,rare neural-related population,yes/likely described by authors; verify in publication,yes,神经-免疫通讯;外周神经再生,https://datasets.cellxgene.cziscience.com/2c092c78-132b-413e-b8d6-8c7e03b8262b.h5ad ; collection: https://cellxgene.cziscience.com/collections/c1241244-b22d-483d-875b-75699efb9f3c,https://cellxgene.cziscience.com/collections/c1241244-b22d-483d-875b-75699efb9f3c,CELLxGENE dataset-level metadata; cell-type count per neural subtype not always provided in collection API.
141,65.55,CELLxGENE:dce10ba0-1548-4f2f-9959-77d1090bf196,Multi-scale spatial mapping of cell populations across anatomical sites in healthy human skin and basal cell carcinoma,2024,10.1073/pnas.2313326120,CELLxGENE Discover,Homo sapiens,skin of temple,normal,spatial transcriptomics,4992,Schwann cell | matched labels: Schwann cell,SOX10;MPZ;PLP1;MBP;PMP22,A = repository cell_type annotation includes neural-related cells,rare neural-related population,not determined from repository metadata,yes,外周神经再生,https://datasets.cellxgene.cziscience.com/0257ae8f-f43f-4e5b-ae96-4aec4d01164a.h5ad ; collection: https://cellxgene.cziscience.com/collections/34f12de7-c5e5-4813-a136-832677f98ac8,https://cellxgene.cziscience.com/collections/34f12de7-c5e5-4813-a136-832677f98ac8,CELLxGENE dataset-level metadata; cell-type count per neural subtype not always provided in collection API.
142,65.55,CELLxGENE:da22c90e-3db0-449a-b926-94410031b1d1,Multi-scale spatial mapping of cell populations across anatomical sites in healthy human skin and basal cell carcinoma,2024,10.1073/pnas.2313326120,CELLxGENE Discover,Homo sapiens,glabella skin,normal,spatial transcriptomics,4992,Schwann cell | matched labels: Schwann cell,SOX10;MPZ;PLP1;MBP;PMP22,A = repository cell_type annotation includes neural-related cells,rare neural-related population,not determined from repository metadata,yes,外周神经再生,https://datasets.cellxgene.cziscience.com/393728fe-b0ca-486a-ba28-fe5ba063baca.h5ad ; collection: https://cellxgene.cziscience.com/collections/34f12de7-c5e5-4813-a136-832677f98ac8,https://cellxgene.cziscience.com/collections/34f12de7-c5e5-4813-a136-832677f98ac8,CELLxGENE dataset-level metadata; cell-type count per neural subtype not always provided in collection API.
143,65.55,CELLxGENE:c68e6ac8-c4d8-4869-ba08-9d157e4c06f8,Multi-scale spatial mapping of cell populations across anatomical sites in healthy human skin and basal cell carcinoma,2024,10.1073/pnas.2313326120,CELLxGENE Discover,Homo sapiens,skin of temple,normal,spatial transcriptomics,4992,Schwann cell | matched labels: Schwann cell,SOX10;MPZ;PLP1;MBP;PMP22,A = repository cell_type annotation includes neural-related cells,rare neural-related population,not determined from repository metadata,yes,外周神经再生,https://datasets.cellxgene.cziscience.com/320b56ef-a775-43fe-b147-3fbd68ff8385.h5ad ; collection: https://cellxgene.cziscience.com/collections/34f12de7-c5e5-4813-a136-832677f98ac8,https://cellxgene.cziscience.com/collections/34f12de7-c5e5-4813-a136-832677f98ac8,CELLxGENE dataset-level metadata; cell-type count per neural subtype not always provided in collection API.
144,65.55,CELLxGENE:9acc2ac1-6acf-4ad3-a8c1-8bffff235e16,Multi-scale spatial mapping of cell populations across anatomical sites in healthy human skin and basal cell carcinoma,2024,10.1073/pnas.2313326120,CELLxGENE Discover,Homo sapiens,skin of scalp,normal,spatial transcriptomics,4992,Schwann cell | matched labels: Schwann cell,SOX10;MPZ;PLP1;MBP;PMP22,A = repository cell_type annotation includes neural-related cells,rare neural-related population,not determined from repository metadata,yes,外周神经再生,https://datasets.cellxgene.cziscience.com/c5eb8a2f-fdc4-4fe8-8c22-9f322f64b5dc.h5ad ; collection: https://cellxgene.cziscience.com/collections/34f12de7-c5e5-4813-a136-832677f98ac8,https://cellxgene.cziscience.com/collections/34f12de7-c5e5-4813-a136-832677f98ac8,CELLxGENE dataset-level metadata; cell-type count per neural subtype not always provided in collection API.
145,65.55,CELLxGENE:8f8821bf-6033-49fd-b638-44e0a18f4bf8,Multi-scale spatial mapping of cell populations across anatomical sites in healthy human skin and basal cell carcinoma,2024,10.1073/pnas.2313326120,CELLxGENE Discover,Homo sapiens,skin of forehead,normal,spatial transcriptomics,4992,Schwann cell | matched labels: Schwann cell,SOX10;MPZ;PLP1;MBP;PMP22,A = repository cell_type annotation includes neural-related cells,rare neural-related population,not determined from repository metadata,yes,外周神经再生,https://datasets.cellxgene.cziscience.com/642bb015-0339-4a5c-893a-9bb58ee9fbf2.h5ad ; collection: https://cellxgene.cziscience.com/collections/34f12de7-c5e5-4813-a136-832677f98ac8,https://cellxgene.cziscience.com/collections/34f12de7-c5e5-4813-a136-832677f98ac8,CELLxGENE dataset-level metadata; cell-type count per neural subtype not always provided in collection API.
146,65.55,CELLxGENE:838d7116-78d2-4336-985d-e8fd1f3fa9d4,Multi-scale spatial mapping of cell populations across anatomical sites in healthy human skin and basal cell carcinoma,2024,10.1073/pnas.2313326120,CELLxGENE Discover,Homo sapiens,skin of forehead,normal,spatial transcriptomics,4992,Schwann cell | matched labels: Schwann cell,SOX10;MPZ;PLP1;MBP;PMP22,A = repository cell_type annotation includes neural-related cells,rare neural-related population,not determined from repository metadata,yes,外周神经再生,https://datasets.cellxgene.cziscience.com/c1ea9710-78c4-4f4a-8953-07b967d5d4d0.h5ad ; collection: https://cellxgene.cziscience.com/collections/34f12de7-c5e5-4813-a136-832677f98ac8,https://cellxgene.cziscience.com/collections/34f12de7-c5e5-4813-a136-832677f98ac8,CELLxGENE dataset-level metadata; cell-type count per neural subtype not always provided in collection API.
147,65.55,CELLxGENE:6e9e3264-02e1-455a-840b-4fbcee132ae7,Multi-scale spatial mapping of cell populations across anatomical sites in healthy human skin and basal cell carcinoma,2024,10.1073/pnas.2313326120,CELLxGENE Discover,Homo sapiens,skin of breast,normal,spatial transcriptomics,4992,Schwann cell | matched labels: Schwann cell,SOX10;MPZ;PLP1;MBP;PMP22,A = repository cell_type annotation includes neural-related cells,rare neural-related population,not determined from repository metadata,yes,外周神经再生,https://datasets.cellxgene.cziscience.com/306c403d-dd88-4fa5-a227-22946586c4b9.h5ad ; collection: https://cellxgene.cziscience.com/collections/34f12de7-c5e5-4813-a136-832677f98ac8,https://cellxgene.cziscience.com/collections/34f12de7-c5e5-4813-a136-832677f98ac8,CELLxGENE dataset-level metadata; cell-type count per neural subtype not always provided in collection API.
148,65.55,CELLxGENE:663747ff-d8e4-4f5f-a5ed-a63c4332cb05,Multi-scale spatial mapping of cell populations across anatomical sites in healthy human skin and basal cell carcinoma,2024,10.1073/pnas.2313326120,CELLxGENE Discover,Homo sapiens,skin of cheek,normal,spatial transcriptomics,4992,Schwann cell | matched labels: Schwann cell,SOX10;MPZ;PLP1;MBP;PMP22,A = repository cell_type annotation includes neural-related cells,rare neural-related population,not determined from repository metadata,yes,外周神经再生,https://datasets.cellxgene.cziscience.com/067711d0-38b9-49d1-8ae0-1fdf050b6295.h5ad ; collection: https://cellxgene.cziscience.com/collections/34f12de7-c5e5-4813-a136-832677f98ac8,https://cellxgene.cziscience.com/collections/34f12de7-c5e5-4813-a136-832677f98ac8,CELLxGENE dataset-level metadata; cell-type count per neural subtype not always provided in collection API.
149,65.55,CELLxGENE:4754ff7d-dd0a-4eff-b50c-ee9c7d4bd613,Multi-scale spatial mapping of cell populations across anatomical sites in healthy human skin and basal cell carcinoma,2024,10.1073/pnas.2313326120,CELLxGENE Discover,Homo sapiens,skin of cheek,normal,spatial transcriptomics,4992,Schwann cell | matched labels: Schwann cell,SOX10;MPZ;PLP1;MBP;PMP22,A = repository cell_type annotation includes neural-related cells,rare neural-related population,not determined from repository metadata,yes,外周神经再生,https://datasets.cellxgene.cziscience.com/82c53e66-22f7-4fcb-8834-438c3f60c999.h5ad ; collection: https://cellxgene.cziscience.com/collections/34f12de7-c5e5-4813-a136-832677f98ac8,https://cellxgene.cziscience.com/collections/34f12de7-c5e5-4813-a136-832677f98ac8,CELLxGENE dataset-level metadata; cell-type count per neural subtype not always provided in collection API.
150,65.55,CELLxGENE:335c6629-0563-4b44-a7fb-d69ba00ddc41,Multi-scale spatial mapping of cell populations across anatomical sites in healthy human skin and basal cell carcinoma,2024,10.1073/pnas.2313326120,CELLxGENE Discover,Homo sapiens,skin of abdomen,normal,spatial transcriptomics,4992,Schwann cell | matched labels: Schwann cell,SOX10;MPZ;PLP1;MBP;PMP22,A = repository cell_type annotation includes neural-related cells,rare neural-related population,not determined from repository metadata,yes,外周神经再生,https://datasets.cellxgene.cziscience.com/0caa269c-e067-4352-bb05-1bb160340445.h5ad ; collection: https://cellxgene.cziscience.com/collections/34f12de7-c5e5-4813-a136-832677f98ac8,https://cellxgene.cziscience.com/collections/34f12de7-c5e5-4813-a136-832677f98ac8,CELLxGENE dataset-level metadata; cell-type count per neural subtype not always provided in collection API.
151,65.55,CELLxGENE:32eb45ed-d970-4f34-8ad1-7a88e8ee6ce1,Multi-scale spatial mapping of cell populations across anatomical sites in healthy human skin and basal cell carcinoma,2024,10.1073/pnas.2313326120,CELLxGENE Discover,Homo sapiens,skin of back,normal,spatial transcriptomics,4992,Schwann cell | matched labels: Schwann cell,SOX10;MPZ;PLP1;MBP;PMP22,A = repository cell_type annotation includes neural-related cells,rare neural-related population,not determined from repository metadata,yes,外周神经再生,https://datasets.cellxgene.cziscience.com/01608b23-255a-4b71-b369-334f5ab54d23.h5ad ; collection: https://cellxgene.cziscience.com/collections/34f12de7-c5e5-4813-a136-832677f98ac8,https://cellxgene.cziscience.com/collections/34f12de7-c5e5-4813-a136-832677f98ac8,CELLxGENE dataset-level metadata; cell-type count per neural subtype not always provided in collection API.
152,65.55,CELLxGENE:205e9eb0-1ae7-4cdf-abc1-0d7acf5d357f,Multi-scale spatial mapping of cell populations across anatomical sites in healthy human skin and basal cell carcinoma,2024,10.1073/pnas.2313326120,CELLxGENE Discover,Homo sapiens,inguinal part of abdomen,normal,spatial transcriptomics,4992,Schwann cell | matched labels: Schwann cell,SOX10;MPZ;PLP1;MBP;PMP22,A = repository cell_type annotation includes neural-related cells,rare neural-related population,not determined from repository metadata,yes,外周神经再生,https://datasets.cellxgene.cziscience.com/1d1d9085-ceb2-4f20-86c5-20f2ce13dcac.h5ad ; collection: https://cellxgene.cziscience.com/collections/34f12de7-c5e5-4813-a136-832677f98ac8,https://cellxgene.cziscience.com/collections/34f12de7-c5e5-4813-a136-832677f98ac8,CELLxGENE dataset-level metadata; cell-type count per neural subtype not always provided in collection API.
153,65.55,CELLxGENE:1f4cc77e-be05-4f1c-ab52-af60e61ef310,Multi-scale spatial mapping of cell populations across anatomical sites in healthy human skin and basal cell carcinoma,2024,10.1073/pnas.2313326120,CELLxGENE Discover,Homo sapiens,inguinal part of abdomen,normal,spatial transcriptomics,4992,Schwann cell | matched labels: Schwann cell,SOX10;MPZ;PLP1;MBP;PMP22,A = repository cell_type annotation includes neural-related cells,rare neural-related population,not determined from repository metadata,yes,外周神经再生,https://datasets.cellxgene.cziscience.com/535fbf7c-ed43-48d7-8c93-f9c4ebabf34e.h5ad ; collection: https://cellxgene.cziscience.com/collections/34f12de7-c5e5-4813-a136-832677f98ac8,https://cellxgene.cziscience.com/collections/34f12de7-c5e5-4813-a136-832677f98ac8,CELLxGENE dataset-level metadata; cell-type count per neural subtype not always provided in collection API.
154,65.55,CELLxGENE:1d3c1bab-7b56-4373-9def-200da734a755,Multi-scale spatial mapping of cell populations across anatomical sites in healthy human skin and basal cell carcinoma,2024,10.1073/pnas.2313326120,CELLxGENE Discover,Homo sapiens,skin of temple,normal,spatial transcriptomics,4992,Schwann cell | matched labels: Schwann cell,SOX10;MPZ;PLP1;MBP;PMP22,A = repository cell_type annotation includes neural-related cells,rare neural-related population,not determined from repository metadata,yes,外周神经再生,https://datasets.cellxgene.cziscience.com/63ca7edd-d55d-4a80-a0e6-4bc3bafa07a9.h5ad ; collection: https://cellxgene.cziscience.com/collections/34f12de7-c5e5-4813-a136-832677f98ac8,https://cellxgene.cziscience.com/collections/34f12de7-c5e5-4813-a136-832677f98ac8,CELLxGENE dataset-level metadata; cell-type count per neural subtype not always provided in collection API.
155,65.55,CELLxGENE:1b11283c-1b3a-4fa6-bf87-bc12c550a019,Multi-scale spatial mapping of cell populations across anatomical sites in healthy human skin and basal cell carcinoma,2024,10.1073/pnas.2313326120,CELLxGENE Discover,Homo sapiens,nose skin,normal,spatial transcriptomics,4992,Schwann cell | matched labels: Schwann cell,SOX10;MPZ;PLP1;MBP;PMP22,A = repository cell_type annotation includes neural-related cells,rare neural-related population,not determined from repository metadata,yes,外周神经再生,https://datasets.cellxgene.cziscience.com/fb3143e7-1438-4e37-a246-837d2e212b5e.h5ad ; collection: https://cellxgene.cziscience.com/collections/34f12de7-c5e5-4813-a136-832677f98ac8,https://cellxgene.cziscience.com/collections/34f12de7-c5e5-4813-a136-832677f98ac8,CELLxGENE dataset-level metadata; cell-type count per neural subtype not always provided in collection API.
156,65.55,CELLxGENE:0456ae85-6f27-4e36-8c62-4c97370baa68,Multi-scale spatial mapping of cell populations across anatomical sites in healthy human skin and basal cell carcinoma,2024,10.1073/pnas.2313326120,CELLxGENE Discover,Homo sapiens,skin of temple,normal,spatial transcriptomics,4992,Schwann cell | matched labels: Schwann cell,SOX10;MPZ;PLP1;MBP;PMP22,A = repository cell_type annotation includes neural-related cells,rare neural-related population,not determined from repository metadata,yes,外周神经再生,https://datasets.cellxgene.cziscience.com/fa49385a-a275-4dd3-b564-b105f3425f5f.h5ad ; collection: https://cellxgene.cziscience.com/collections/34f12de7-c5e5-4813-a136-832677f98ac8,https://cellxgene.cziscience.com/collections/34f12de7-c5e5-4813-a136-832677f98ac8,CELLxGENE dataset-level metadata; cell-type count per neural subtype not always provided in collection API.
157,63.92,CELLxGENE:1c739a3e-c3f5-49d5-98e0-73975e751201,Spatial multi-omic map of human myocardial infarction,2022,10.1038/s41586-022-05060-x,CELLxGENE Discover,Homo sapiens,heart left ventricle,myocardial infarction; normal,spatial transcriptomics,191795,neuron | matched labels: neuronal receptor cell,RBFOX3;TUBB3;SNAP25;PRPH;PHOX2B,A = repository cell_type annotation includes neural-related cells,rare neural-related population,not determined from repository metadata,yes,针灸作用相关,https://datasets.cellxgene.cziscience.com/4780eb7d-4c7c-4630-8705-471f0de8e27a.h5ad ; collection: https://cellxgene.cziscience.com/collections/8191c283-0816-424b-9b61-c3e1d6258a77,https://cellxgene.cziscience.com/collections/8191c283-0816-424b-9b61-c3e1d6258a77,CELLxGENE dataset-level metadata; cell-type count per neural subtype not always provided in collection API.
158,63.0,CELLxGENE:72a69193-d84a-42f6-98a3-d7ef0ec0c381,Spatial multi-omic map of human myocardial infarction,2022,10.1038/s41586-022-05060-x,CELLxGENE Discover,Homo sapiens,heart left ventricle,myocardial infarction; normal,spatial transcriptomics,46086,neuron | matched labels: neuronal receptor cell,RBFOX3;TUBB3;SNAP25;PRPH;PHOX2B,A = repository cell_type annotation includes neural-related cells,rare neural-related population,not determined from repository metadata,yes,针灸作用相关,https://datasets.cellxgene.cziscience.com/4274a1a2-bbab-4f97-8ae6-45cc28e95f97-fragment.tsv.bgz; https://datasets.cellxgene.cziscience.com/4274a1a2-bbab-4f97-8ae6-45cc28e95f97-fragment.tsv.bgz.tbi; https://datasets.cellxgene.cziscience.com/febd9a43-ebb8-4776-b15a-535544c28dfe.h5ad ; collection: https://cellxgene.cziscience.com/collections/8191c283-0816-424b-9b61-c3e1d6258a77,https://cellxgene.cziscience.com/collections/8191c283-0816-424b-9b61-c3e1d6258a77,CELLxGENE dataset-level metadata; cell-type count per neural subtype not always provided in collection API.
159,62.84,CELLxGENE:81c2d711-7fd5-48f0-bc74-57229f3c9554,Spatially organized multicellular immune hubs in human colorectal cancer,2025,10.1016/j.cell.2021.08.003,CELLxGENE Discover,Homo sapiens,colorectum,colon adenocarcinoma; normal,spatial transcriptomics,168295,enteroendocrine cell | matched labels: enteroendocrine cell,CHGA;CHGB;NEUROD1;PAX6;GCG,A = repository cell_type annotation includes neural-related cells,rare neural-related population,not determined from repository metadata,yes,神经-免疫通讯,https://datasets.cellxgene.cziscience.com/b70f801b-8e7a-4bc4-a2c9-ce293688ed37.h5ad ; collection: https://cellxgene.cziscience.com/collections/4d82bd8e-8827-410b-8fc7-685b7dd92585,https://cellxgene.cziscience.com/collections/4d82bd8e-8827-410b-8fc7-685b7dd92585,CELLxGENE dataset-level metadata; cell-type count per neural subtype not always provided in collection API.
160,62.44,CELLxGENE:f15e263b-6544-46cb-a46e-e33ab7ce8347,Spatial multi-omic map of human myocardial infarction,2022,10.1038/s41586-022-05060-x,CELLxGENE Discover,Homo sapiens,heart left ventricle,myocardial infarction,spatial transcriptomics,19722,neuron | matched labels: neuronal receptor cell,RBFOX3;TUBB3;SNAP25;PRPH;PHOX2B,A = repository cell_type annotation includes neural-related cells,rare neural-related population,not determined from repository metadata,yes,针灸作用相关,https://datasets.cellxgene.cziscience.com/77b1bc1e-175f-48bf-8d95-1d97ad4429dc.h5ad ; collection: https://cellxgene.cziscience.com/collections/8191c283-0816-424b-9b61-c3e1d6258a77,https://cellxgene.cziscience.com/collections/8191c283-0816-424b-9b61-c3e1d6258a77,CELLxGENE dataset-level metadata; cell-type count per neural subtype not always provided in collection API.
161,61.93,CELLxGENE:7b6bab5a-f9c4-4a56-9ed4-3b9079b14867,Single cell transcriptomic analyses of the dynamic local and systemic response to cardiac injury in mice and zebrafish.,2024,10.1038/s42003-024-07315-x,CELLxGENE Discover,Mus musculus,blood; heart; kidney; liver; pancreas,myocardial infarction; normal,scRNA-seq,194315,Schwann cell | matched labels: Schwann cell,SOX10;MPZ;PLP1;MBP;PMP22,A = repository cell_type annotation includes neural-related cells,rare neural-related population,not determined from repository metadata,no,针灸作用相关;外周神经再生;伤口修复,https://datasets.cellxgene.cziscience.com/3ae58a8e-a64e-44b5-94c6-af55c88e02d3.h5ad ; collection: https://cellxgene.cziscience.com/collections/24e324a1-b42d-4438-9bb5-cf5233fa90b0,https://cellxgene.cziscience.com/collections/24e324a1-b42d-4438-9bb5-cf5233fa90b0,CELLxGENE dataset-level metadata; cell-type count per neural subtype not always provided in collection API.
162,61.55,CELLxGENE:e887bd14-bb23-48ed-9616-aa3f9b11c446,A human fetal lung cell atlas uncovers proximal-distal gradients of differentiation and key regulators of epithelial fates,2022,10.1016/j.cell.2022.11.005,CELLxGENE Discover,Homo sapiens,lung,normal,spatial transcriptomics,4992,neuroendocrine cell | matched labels: neuron; pulmonary neuroendocrine cell,CHGA;CHGB;ASCL1;SYP;NCAM1,A = repository cell_type annotation includes neural-related cells,rare neural-related population,not determined from repository metadata,yes,general peripheral neurobiology,https://datasets.cellxgene.cziscience.com/f6df703f-8117-47cc-80d9-1d9cd6d945cf.h5ad ; collection: https://cellxgene.cziscience.com/collections/2d2e2acd-dade-489f-a2da-6c11aa654028,https://cellxgene.cziscience.com/collections/2d2e2acd-dade-489f-a2da-6c11aa654028,CELLxGENE dataset-level metadata; cell-type count per neural subtype not always provided in collection API.
163,61.55,CELLxGENE:dc522d04-8e07-4e07-91a4-dd6da72ad25c,A human fetal lung cell atlas uncovers proximal-distal gradients of differentiation and key regulators of epithelial fates,2022,10.1016/j.cell.2022.11.005,CELLxGENE Discover,Homo sapiens,lung,normal,spatial transcriptomics,4992,neuroendocrine cell | matched labels: neuron; pulmonary neuroendocrine cell,CHGA;CHGB;ASCL1;SYP;NCAM1,A = repository cell_type annotation includes neural-related cells,rare neural-related population,not determined from repository metadata,yes,general peripheral neurobiology,https://datasets.cellxgene.cziscience.com/4c1eff62-777a-48b8-b576-8b8930f52932.h5ad ; collection: https://cellxgene.cziscience.com/collections/2d2e2acd-dade-489f-a2da-6c11aa654028,https://cellxgene.cziscience.com/collections/2d2e2acd-dade-489f-a2da-6c11aa654028,CELLxGENE dataset-level metadata; cell-type count per neural subtype not always provided in collection API.
164,61.55,CELLxGENE:fcfd30bb-8367-490f-b5e0-7dcb69ea83f4,Spatial multi-omic map of human myocardial infarction,2022,10.1038/s41586-022-05060-x,CELLxGENE Discover,Homo sapiens,heart left ventricle,myocardial infarction,spatial transcriptomics,4992,neuron | matched labels: neuronal receptor cell,RBFOX3;TUBB3;SNAP25;PRPH;PHOX2B,A = repository cell_type annotation includes neural-related cells,rare neural-related population,not determined from repository metadata,yes,针灸作用相关,https://datasets.cellxgene.cziscience.com/a96a26c5-7fd6-4578-ba2d-23f1c46973a8.h5ad ; collection: https://cellxgene.cziscience.com/collections/8191c283-0816-424b-9b61-c3e1d6258a77,https://cellxgene.cziscience.com/collections/8191c283-0816-424b-9b61-c3e1d6258a77,CELLxGENE dataset-level metadata; cell-type count per neural subtype not always provided in collection API.
165,61.55,CELLxGENE:f7cd2a61-2bdc-41c0-a845-32f66a62c2b6,Spatial multi-omic map of human myocardial infarction,2022,10.1038/s41586-022-05060-x,CELLxGENE Discover,Homo sapiens,heart left ventricle,myocardial infarction,spatial transcriptomics,4992,neuron | matched labels: neuronal receptor cell,RBFOX3;TUBB3;SNAP25;PRPH;PHOX2B,A = repository cell_type annotation includes neural-related cells,rare neural-related population,not determined from repository metadata,yes,针灸作用相关,https://datasets.cellxgene.cziscience.com/63a04d6a-166b-4f02-bf41-b3ba954025d5.h5ad ; collection: https://cellxgene.cziscience.com/collections/8191c283-0816-424b-9b61-c3e1d6258a77,https://cellxgene.cziscience.com/collections/8191c283-0816-424b-9b61-c3e1d6258a77,CELLxGENE dataset-level metadata; cell-type count per neural subtype not always provided in collection API.
166,61.55,CELLxGENE:eaf8f9a3-52fd-46c9-a05d-92a52451a42c,Spatial multi-omic map of human myocardial infarction,2022,10.1038/s41586-022-05060-x,CELLxGENE Discover,Homo sapiens,heart left ventricle,myocardial infarction,spatial transcriptomics,4992,neuron | matched labels: neuronal receptor cell,RBFOX3;TUBB3;SNAP25;PRPH;PHOX2B,A = repository cell_type annotation includes neural-related cells,rare neural-related population,not determined from repository metadata,yes,针灸作用相关,https://datasets.cellxgene.cziscience.com/39c7871c-7808-42fe-84c2-8684b295f5c8.h5ad ; collection: https://cellxgene.cziscience.com/collections/8191c283-0816-424b-9b61-c3e1d6258a77,https://cellxgene.cziscience.com/collections/8191c283-0816-424b-9b61-c3e1d6258a77,CELLxGENE dataset-level metadata; cell-type count per neural subtype not always provided in collection API.
167,61.55,CELLxGENE:bc86f972-c8d0-4ef1-b296-9f6dead700aa,Spatial multi-omic map of human myocardial infarction,2022,10.1038/s41586-022-05060-x,CELLxGENE Discover,Homo sapiens,heart left ventricle,myocardial infarction,spatial transcriptomics,4992,neuron | matched labels: neuronal receptor cell,RBFOX3;TUBB3;SNAP25;PRPH;PHOX2B,A = repository cell_type annotation includes neural-related cells,rare neural-related population,not determined from repository metadata,yes,针灸作用相关,https://datasets.cellxgene.cziscience.com/67a7c158-a4bd-4fb4-ac31-69ab872c4c2b.h5ad ; collection: https://cellxgene.cziscience.com/collections/8191c283-0816-424b-9b61-c3e1d6258a77,https://cellxgene.cziscience.com/collections/8191c283-0816-424b-9b61-c3e1d6258a77,CELLxGENE dataset-level metadata; cell-type count per neural subtype not always provided in collection API.
168,61.55,CELLxGENE:9eb5e239-740e-408b-a494-bfcf2fe8d05b,Spatial multi-omic map of human myocardial infarction,2022,10.1038/s41586-022-05060-x,CELLxGENE Discover,Homo sapiens,heart left ventricle,myocardial infarction,spatial transcriptomics,4992,neuron | matched labels: neuronal receptor cell,RBFOX3;TUBB3;SNAP25;PRPH;PHOX2B,A = repository cell_type annotation includes neural-related cells,rare neural-related population,not determined from repository metadata,yes,针灸作用相关,https://datasets.cellxgene.cziscience.com/9f1d5486-5316-4fc7-a5ee-3b5c0dcc2845.h5ad ; collection: https://cellxgene.cziscience.com/collections/8191c283-0816-424b-9b61-c3e1d6258a77,https://cellxgene.cziscience.com/collections/8191c283-0816-424b-9b61-c3e1d6258a77,CELLxGENE dataset-level metadata; cell-type count per neural subtype not always provided in collection API.
169,61.55,CELLxGENE:9849b046-445b-4460-a6d5-ce247c911a42,Spatial multi-omic map of human myocardial infarction,2022,10.1038/s41586-022-05060-x,CELLxGENE Discover,Homo sapiens,heart left ventricle,myocardial infarction,spatial transcriptomics,4992,neuron | matched labels: neuronal receptor cell,RBFOX3;TUBB3;SNAP25;PRPH;PHOX2B,A = repository cell_type annotation includes neural-related cells,rare neural-related population,not determined from repository metadata,yes,针灸作用相关,https://datasets.cellxgene.cziscience.com/dc068866-ca64-48f0-9fbd-970fe79ee240.h5ad ; collection: https://cellxgene.cziscience.com/collections/8191c283-0816-424b-9b61-c3e1d6258a77,https://cellxgene.cziscience.com/collections/8191c283-0816-424b-9b61-c3e1d6258a77,CELLxGENE dataset-level metadata; cell-type count per neural subtype not always provided in collection API.
170,61.55,CELLxGENE:95e1779d-25d6-4274-bf2b-7db1f4380c0c,Spatial multi-omic map of human myocardial infarction,2022,10.1038/s41586-022-05060-x,CELLxGENE Discover,Homo sapiens,heart left ventricle,myocardial infarction,spatial transcriptomics,4992,neuron | matched labels: neuronal receptor cell,RBFOX3;TUBB3;SNAP25;PRPH;PHOX2B,A = repository cell_type annotation includes neural-related cells,rare neural-related population,not determined from repository metadata,yes,针灸作用相关,https://datasets.cellxgene.cziscience.com/893ff891-ecf5-4de7-9c65-537e7b604fdf.h5ad ; collection: https://cellxgene.cziscience.com/collections/8191c283-0816-424b-9b61-c3e1d6258a77,https://cellxgene.cziscience.com/collections/8191c283-0816-424b-9b61-c3e1d6258a77,CELLxGENE dataset-level metadata; cell-type count per neural subtype not always provided in collection API.
171,61.55,CELLxGENE:91d3b939-744f-45d3-b782-79196ed93612,Spatial multi-omic map of human myocardial infarction,2022,10.1038/s41586-022-05060-x,CELLxGENE Discover,Homo sapiens,heart left ventricle,myocardial infarction,spatial transcriptomics,4992,neuron | matched labels: neuronal receptor cell,RBFOX3;TUBB3;SNAP25;PRPH;PHOX2B,A = repository cell_type annotation includes neural-related cells,rare neural-related population,not determined from repository metadata,yes,针灸作用相关,https://datasets.cellxgene.cziscience.com/9081ff7f-a51a-43f5-83dc-11cdd2247ed2.h5ad ; collection: https://cellxgene.cziscience.com/collections/8191c283-0816-424b-9b61-c3e1d6258a77,https://cellxgene.cziscience.com/collections/8191c283-0816-424b-9b61-c3e1d6258a77,CELLxGENE dataset-level metadata; cell-type count per neural subtype not always provided in collection API.
172,61.55,CELLxGENE:87789c9c-c10d-47c8-ab63-5125a8e70216,Spatial multi-omic map of human myocardial infarction,2022,10.1038/s41586-022-05060-x,CELLxGENE Discover,Homo sapiens,heart left ventricle,myocardial infarction,spatial transcriptomics,4992,neuron | matched labels: neuronal receptor cell,RBFOX3;TUBB3;SNAP25;PRPH;PHOX2B,A = repository cell_type annotation includes neural-related cells,rare neural-related population,not determined from repository metadata,yes,针灸作用相关,https://datasets.cellxgene.cziscience.com/b85a7f42-a12b-47c0-9a34-f75fe70d3aa5.h5ad ; collection: https://cellxgene.cziscience.com/collections/8191c283-0816-424b-9b61-c3e1d6258a77,https://cellxgene.cziscience.com/collections/8191c283-0816-424b-9b61-c3e1d6258a77,CELLxGENE dataset-level metadata; cell-type count per neural subtype not always provided in collection API.
173,61.55,CELLxGENE:7f7d11a9-aa45-4b02-a263-35d88e4dcdd4,Spatial multi-omic map of human myocardial infarction,2022,10.1038/s41586-022-05060-x,CELLxGENE Discover,Homo sapiens,heart left ventricle,myocardial infarction,spatial transcriptomics,4992,neuron | matched labels: neuronal receptor cell,RBFOX3;TUBB3;SNAP25;PRPH;PHOX2B,A = repository cell_type annotation includes neural-related cells,rare neural-related population,not determined from repository metadata,yes,针灸作用相关,https://datasets.cellxgene.cziscience.com/368ad3c0-65b9-43f5-abbc-4f2b412c9be7.h5ad ; collection: https://cellxgene.cziscience.com/collections/8191c283-0816-424b-9b61-c3e1d6258a77,https://cellxgene.cziscience.com/collections/8191c283-0816-424b-9b61-c3e1d6258a77,CELLxGENE dataset-level metadata; cell-type count per neural subtype not always provided in collection API.
174,61.55,CELLxGENE:66dc396c-7d51-4ad0-b1a5-abd0d59d3d67,Spatial multi-omic map of human myocardial infarction,2022,10.1038/s41586-022-05060-x,CELLxGENE Discover,Homo sapiens,heart left ventricle,myocardial infarction,spatial transcriptomics,4992,neuron | matched labels: neuronal receptor cell,RBFOX3;TUBB3;SNAP25;PRPH;PHOX2B,A = repository cell_type annotation includes neural-related cells,rare neural-related population,not determined from repository metadata,yes,针灸作用相关,https://datasets.cellxgene.cziscience.com/68bd001c-90e4-4dea-973b-a7bcb740de3b.h5ad ; collection: https://cellxgene.cziscience.com/collections/8191c283-0816-424b-9b61-c3e1d6258a77,https://cellxgene.cziscience.com/collections/8191c283-0816-424b-9b61-c3e1d6258a77,CELLxGENE dataset-level metadata; cell-type count per neural subtype not always provided in collection API.
175,61.55,CELLxGENE:6476d8b6-1ad0-47b3-b243-846a08007311,Spatial multi-omic map of human myocardial infarction,2022,10.1038/s41586-022-05060-x,CELLxGENE Discover,Homo sapiens,heart left ventricle,myocardial infarction,spatial transcriptomics,4992,neuron | matched labels: neuronal receptor cell,RBFOX3;TUBB3;SNAP25;PRPH;PHOX2B,A = repository cell_type annotation includes neural-related cells,rare neural-related population,not determined from repository metadata,yes,针灸作用相关,https://datasets.cellxgene.cziscience.com/11e82612-24b9-4490-813a-bd0970df0a98.h5ad ; collection: https://cellxgene.cziscience.com/collections/8191c283-0816-424b-9b61-c3e1d6258a77,https://cellxgene.cziscience.com/collections/8191c283-0816-424b-9b61-c3e1d6258a77,CELLxGENE dataset-level metadata; cell-type count per neural subtype not always provided in collection API.
176,61.55,CELLxGENE:4fd2ee79-ab3a-4827-a773-1b7dcd099307,Spatial multi-omic map of human myocardial infarction,2022,10.1038/s41586-022-05060-x,CELLxGENE Discover,Homo sapiens,heart left ventricle,normal,spatial transcriptomics,4992,neuron | matched labels: neuronal receptor cell,RBFOX3;TUBB3;SNAP25;PRPH;PHOX2B,A = repository cell_type annotation includes neural-related cells,rare neural-related population,not determined from repository metadata,yes,针灸作用相关,https://datasets.cellxgene.cziscience.com/661054b2-c6bd-4f4f-a6a6-681ac1a47c3d.h5ad ; collection: https://cellxgene.cziscience.com/collections/8191c283-0816-424b-9b61-c3e1d6258a77,https://cellxgene.cziscience.com/collections/8191c283-0816-424b-9b61-c3e1d6258a77,CELLxGENE dataset-level metadata; cell-type count per neural subtype not always provided in collection API.
177,61.55,CELLxGENE:4c367cfb-fd4c-4505-bac9-5456f4fb3a44,Spatial multi-omic map of human myocardial infarction,2022,10.1038/s41586-022-05060-x,CELLxGENE Discover,Homo sapiens,heart left ventricle,myocardial infarction,spatial transcriptomics,4992,neuron | matched labels: neuronal receptor cell,RBFOX3;TUBB3;SNAP25;PRPH;PHOX2B,A = repository cell_type annotation includes neural-related cells,rare neural-related population,not determined from repository metadata,yes,针灸作用相关,https://datasets.cellxgene.cziscience.com/19484a73-b2c7-4568-8be2-a22a2309252e.h5ad ; collection: https://cellxgene.cziscience.com/collections/8191c283-0816-424b-9b61-c3e1d6258a77,https://cellxgene.cziscience.com/collections/8191c283-0816-424b-9b61-c3e1d6258a77,CELLxGENE dataset-level metadata; cell-type count per neural subtype not always provided in collection API.
178,61.55,CELLxGENE:49a896ee-ac93-480a-8b58-19afa747d6b9,Spatial multi-omic map of human myocardial infarction,2022,10.1038/s41586-022-05060-x,CELLxGENE Discover,Homo sapiens,heart left ventricle,myocardial infarction,spatial transcriptomics,4992,neuron | matched labels: neuronal receptor cell,RBFOX3;TUBB3;SNAP25;PRPH;PHOX2B,A = repository cell_type annotation includes neural-related cells,rare neural-related population,not determined from repository metadata,yes,针灸作用相关,https://datasets.cellxgene.cziscience.com/dbb17b4d-c887-4b5a-85e2-ca48d8a8c528.h5ad ; collection: https://cellxgene.cziscience.com/collections/8191c283-0816-424b-9b61-c3e1d6258a77,https://cellxgene.cziscience.com/collections/8191c283-0816-424b-9b61-c3e1d6258a77,CELLxGENE dataset-level metadata; cell-type count per neural subtype not always provided in collection API.
179,61.55,CELLxGENE:32513e13-8f4a-4418-b4d5-faac85fa430d,Spatial multi-omic map of human myocardial infarction,2022,10.1038/s41586-022-05060-x,CELLxGENE Discover,Homo sapiens,heart left ventricle,myocardial infarction,spatial transcriptomics,4992,neuron | matched labels: neuronal receptor cell,RBFOX3;TUBB3;SNAP25;PRPH;PHOX2B,A = repository cell_type annotation includes neural-related cells,rare neural-related population,not determined from repository metadata,yes,针灸作用相关,https://datasets.cellxgene.cziscience.com/9ef2a0ca-7ad4-4d94-a52d-ed68464bd0f0.h5ad ; collection: https://cellxgene.cziscience.com/collections/8191c283-0816-424b-9b61-c3e1d6258a77,https://cellxgene.cziscience.com/collections/8191c283-0816-424b-9b61-c3e1d6258a77,CELLxGENE dataset-level metadata; cell-type count per neural subtype not always provided in collection API.
180,61.55,CELLxGENE:2257d8b0-7385-48b8-8dca-c5772592c5ea,Spatial multi-omic map of human myocardial infarction,2022,10.1038/s41586-022-05060-x,CELLxGENE Discover,Homo sapiens,heart left ventricle,normal,spatial transcriptomics,4992,neuron | matched labels: neuronal receptor cell,RBFOX3;TUBB3;SNAP25;PRPH;PHOX2B,A = repository cell_type annotation includes neural-related cells,rare neural-related population,not determined from repository metadata,yes,针灸作用相关,https://datasets.cellxgene.cziscience.com/6f7b96ec-bf1d-4414-9625-1ecaa8797e52.h5ad ; collection: https://cellxgene.cziscience.com/collections/8191c283-0816-424b-9b61-c3e1d6258a77,https://cellxgene.cziscience.com/collections/8191c283-0816-424b-9b61-c3e1d6258a77,CELLxGENE dataset-level metadata; cell-type count per neural subtype not always provided in collection API.
181,61.55,CELLxGENE:1f2630df-fa28-4ebc-9e91-b870c93fc68a,Spatial multi-omic map of human myocardial infarction,2022,10.1038/s41586-022-05060-x,CELLxGENE Discover,Homo sapiens,heart left ventricle,myocardial infarction,spatial transcriptomics,4992,neuron | matched labels: neuronal receptor cell,RBFOX3;TUBB3;SNAP25;PRPH;PHOX2B,A = repository cell_type annotation includes neural-related cells,rare neural-related population,not determined from repository metadata,yes,针灸作用相关,https://datasets.cellxgene.cziscience.com/d96ceabc-479f-4259-b004-fbcdf2a9db25.h5ad ; collection: https://cellxgene.cziscience.com/collections/8191c283-0816-424b-9b61-c3e1d6258a77,https://cellxgene.cziscience.com/collections/8191c283-0816-424b-9b61-c3e1d6258a77,CELLxGENE dataset-level metadata; cell-type count per neural subtype not always provided in collection API.
182,61.55,CELLxGENE:1c50055f-6add-4035-b592-9e52a729663e,Spatial multi-omic map of human myocardial infarction,2022,10.1038/s41586-022-05060-x,CELLxGENE Discover,Homo sapiens,heart left ventricle,myocardial infarction,spatial transcriptomics,4992,neuron | matched labels: neuronal receptor cell,RBFOX3;TUBB3;SNAP25;PRPH;PHOX2B,A = repository cell_type annotation includes neural-related cells,rare neural-related population,not determined from repository metadata,yes,针灸作用相关,https://datasets.cellxgene.cziscience.com/6867bedb-b30d-475c-9d4e-266f37b5e17e.h5ad ; collection: https://cellxgene.cziscience.com/collections/8191c283-0816-424b-9b61-c3e1d6258a77,https://cellxgene.cziscience.com/collections/8191c283-0816-424b-9b61-c3e1d6258a77,CELLxGENE dataset-level metadata; cell-type count per neural subtype not always provided in collection API.
183,61.55,CELLxGENE:1a0aec1a-e465-4bea-aaba-a6d58d0ba2c1,Spatial multi-omic map of human myocardial infarction,2022,10.1038/s41586-022-05060-x,CELLxGENE Discover,Homo sapiens,heart left ventricle,myocardial infarction,spatial transcriptomics,4992,neuron | matched labels: neuronal receptor cell,RBFOX3;TUBB3;SNAP25;PRPH;PHOX2B,A = repository cell_type annotation includes neural-related cells,rare neural-related population,not determined from repository metadata,yes,针灸作用相关,https://datasets.cellxgene.cziscience.com/9a88b65a-4271-4887-a0c9-d848d6d49463.h5ad ; collection: https://cellxgene.cziscience.com/collections/8191c283-0816-424b-9b61-c3e1d6258a77,https://cellxgene.cziscience.com/collections/8191c283-0816-424b-9b61-c3e1d6258a77,CELLxGENE dataset-level metadata; cell-type count per neural subtype not always provided in collection API.
184,61.55,CELLxGENE:1017c6ce-80a5-492e-a82e-54b34a3c9f0b,Spatial multi-omic map of human myocardial infarction,2022,10.1038/s41586-022-05060-x,CELLxGENE Discover,Homo sapiens,heart left ventricle,myocardial infarction,spatial transcriptomics,4992,neuron | matched labels: neuronal receptor cell,RBFOX3;TUBB3;SNAP25;PRPH;PHOX2B,A = repository cell_type annotation includes neural-related cells,rare neural-related population,not determined from repository metadata,yes,针灸作用相关,https://datasets.cellxgene.cziscience.com/776d5574-44f4-4c64-8efb-277040f2afdd.h5ad ; collection: https://cellxgene.cziscience.com/collections/8191c283-0816-424b-9b61-c3e1d6258a77,https://cellxgene.cziscience.com/collections/8191c283-0816-424b-9b61-c3e1d6258a77,CELLxGENE dataset-level metadata; cell-type count per neural subtype not always provided in collection API.
185,61.55,CELLxGENE:0fe5eed4-bcbc-4c00-a388-00bc1455a9b7,Spatial multi-omic map of human myocardial infarction,2022,10.1038/s41586-022-05060-x,CELLxGENE Discover,Homo sapiens,heart left ventricle,myocardial infarction,spatial transcriptomics,4992,neuron | matched labels: neuronal receptor cell,RBFOX3;TUBB3;SNAP25;PRPH;PHOX2B,A = repository cell_type annotation includes neural-related cells,rare neural-related population,not determined from repository metadata,yes,针灸作用相关,https://datasets.cellxgene.cziscience.com/78800106-7316-443c-be27-3f1a792320a7.h5ad ; collection: https://cellxgene.cziscience.com/collections/8191c283-0816-424b-9b61-c3e1d6258a77,https://cellxgene.cziscience.com/collections/8191c283-0816-424b-9b61-c3e1d6258a77,CELLxGENE dataset-level metadata; cell-type count per neural subtype not always provided in collection API.
186,61.55,CELLxGENE:05d4a216-5384-4724-bd2a-2ea38f02e7cc,Spatial multi-omic map of human myocardial infarction,2022,10.1038/s41586-022-05060-x,CELLxGENE Discover,Homo sapiens,heart left ventricle,myocardial infarction,spatial transcriptomics,4992,neuron | matched labels: neuronal receptor cell,RBFOX3;TUBB3;SNAP25;PRPH;PHOX2B,A = repository cell_type annotation includes neural-related cells,rare neural-related population,not determined from repository metadata,yes,针灸作用相关,https://datasets.cellxgene.cziscience.com/ab705943-954a-48db-8d4b-42facbc6da3a.h5ad ; collection: https://cellxgene.cziscience.com/collections/8191c283-0816-424b-9b61-c3e1d6258a77,https://cellxgene.cziscience.com/collections/8191c283-0816-424b-9b61-c3e1d6258a77,CELLxGENE dataset-level metadata; cell-type count per neural subtype not always provided in collection API.
187,61.13,CELLxGENE:71513028-e4a0-4c62-a435-16598791690a,HTAN/HTAPP Broad - Spatio-molecular dissection of the breast cancer metastatic microenvironment,2024,10.1038/s41591-024-03215-z,CELLxGENE Discover,Homo sapiens,liver,breast cancer,snRNA-seq,12258,neuron | matched labels: neuron,RBFOX3;TUBB3;SNAP25;PRPH;PHOX2B,A = repository cell_type annotation includes neural-related cells,disease/injury-induced or disease-context neural population,not determined from repository metadata,no,神经-免疫通讯,https://datasets.cellxgene.cziscience.com/79a15872-c7b9-402b-8e0c-a9dd669c366b.h5ad ; collection: https://cellxgene.cziscience.com/collections/a96133de-e951-4e2d-ace6-59db8b3bfb1d,https://cellxgene.cziscience.com/collections/a96133de-e951-4e2d-ace6-59db8b3bfb1d,CELLxGENE dataset-level metadata; cell-type count per neural subtype not always provided in collection API.
188,59.94,CELLxGENE:f0f0d7c4-3bec-428e-9539-c99d36548d96,Developmental cell programs are co-opted in inflammatory skin disease,2024,10.1126/science.aba6500,CELLxGENE Discover,Homo sapiens,dermis; skin epidermis,normal,scRNA-seq,195739,Schwann cell | matched labels: Schwann cell,SOX10;MPZ;PLP1;MBP;PMP22,A = repository cell_type annotation includes neural-related cells,rare neural-related population,not determined from repository metadata,no,神经-免疫通讯;外周神经再生;炎症,https://datasets.cellxgene.cziscience.com/f8b5c4f4-7ece-4314-9f49-fc254bbd5c71.h5ad ; collection: https://cellxgene.cziscience.com/collections/73f82ac8-15cc-4fcd-87f8-5683723fce7f,https://cellxgene.cziscience.com/collections/73f82ac8-15cc-4fcd-87f8-5683723fce7f,CELLxGENE dataset-level metadata; cell-type count per neural subtype not always provided in collection API.
189,59.69,CELLxGENE:a7b46d3a-c85e-4ec2-b5c0-04fa3e50d28b,"Tabula Microcebus: A transcriptomic cell atlas of mouse lemur, an emerging primate model organism",2025,10.1038/s41586-025-09113-9,CELLxGENE Discover,Microcebus murinus,small intestine,normal,scRNA-seq,6235,Schwann cell | matched labels: intestinal enteroendocrine cell; non-myelinating Schwann cell,SOX10;MPZ;PLP1;MBP;PMP22,A = repository cell_type annotation includes neural-related cells,major or enriched neural population,not determined from repository metadata,no,外周神经再生,https://datasets.cellxgene.cziscience.com/c2cb4260-9389-4392-8b35-5b867ef1ec85.h5ad ; collection: https://cellxgene.cziscience.com/collections/a137437b-d284-4a27-b1e9-36958a8f92c1,https://cellxgene.cziscience.com/collections/a137437b-d284-4a27-b1e9-36958a8f92c1,CELLxGENE dataset-level metadata; cell-type count per neural subtype not always provided in collection API.
190,57.8,CELLxGENE:9928ad5f-6afd-4fb0-89b0-6690e2a2ce25,Integrated multi-omic characterization of congenital heart disease,2026,10.1038/s41586-022-04989-3,CELLxGENE Discover,Homo sapiens,heart,congenital heart disease; dilated cardiomyopathy; hypertrophic cardiomyopathy; hypoplastic left heart syndrome; tetralogy of fallot,snRNA-seq,157293,neuron | matched labels: neuron,RBFOX3;TUBB3;SNAP25;PRPH;PHOX2B,A = repository cell_type annotation includes neural-related cells,disease/injury-induced or disease-context neural population,not determined from repository metadata,no,general peripheral neurobiology,https://datasets.cellxgene.cziscience.com/beb6ae0c-c47b-4a8d-9f8d-39a43f5853bd.h5ad ; collection: https://cellxgene.cziscience.com/collections/9c9ce98a-6b02-4262-9407-1ebb2de31f63,https://cellxgene.cziscience.com/collections/9c9ce98a-6b02-4262-9407-1ebb2de31f63,CELLxGENE dataset-level metadata; cell-type count per neural subtype not always provided in collection API.
191,56.07,CELLxGENE:f7ca7eb9-0919-4eba-99a1-21ba382b4174,"iPSC-derived small intestine-on-chip with self-organizing epithelial, mesenchymal and neural cells",2024,10.1016/j.celrep.2024.114247,CELLxGENE Discover,Homo sapiens,intestinal mucosa,normal,scRNA-seq,11103,enteroendocrine cell | matched labels: enteroendocrine cell; neuron,CHGA;CHGB;NEUROD1;PAX6;GCG,A = repository cell_type annotation includes neural-related cells,rare neural-related population,not determined from repository metadata,no,general peripheral neurobiology,https://datasets.cellxgene.cziscience.com/96bfe7b2-96c6-4b18-95e5-e65594b938f9.h5ad ; collection: https://cellxgene.cziscience.com/collections/f30e0bf7-7b03-44b0-b312-cda799ef0240,https://cellxgene.cziscience.com/collections/f30e0bf7-7b03-44b0-b312-cda799ef0240,CELLxGENE dataset-level metadata; cell-type count per neural subtype not always provided in collection API.
192,56.07,CELLxGENE:51d9716c-50bb-4fd8-8d1e-7d9329969cb7,"iPSC-derived small intestine-on-chip with self-organizing epithelial, mesenchymal and neural cells",2024,10.1016/j.celrep.2024.114247,CELLxGENE Discover,Homo sapiens,intestinal mucosa,normal,scRNA-seq,11177,enteroendocrine cell | matched labels: enteroendocrine cell; neuron,CHGA;CHGB;NEUROD1;PAX6;GCG,A = repository cell_type annotation includes neural-related cells,rare neural-related population,not determined from repository metadata,no,general peripheral neurobiology,https://datasets.cellxgene.cziscience.com/c4bfcccf-6009-4590-a06d-c1443372c6c7.h5ad ; collection: https://cellxgene.cziscience.com/collections/f30e0bf7-7b03-44b0-b312-cda799ef0240,https://cellxgene.cziscience.com/collections/f30e0bf7-7b03-44b0-b312-cda799ef0240,CELLxGENE dataset-level metadata; cell-type count per neural subtype not always provided in collection API.
193,55.97,CELLxGENE:fe7aae33-6f7c-41a5-8d29-9996a9ddf1ab,The cellular and molecular cardiac tissue responses in human inflammatory cardiomyopathies after SARS-CoV-2 infection and COVID-19 vaccination,2025,10.1038/s44161-025-00612-6,CELLxGENE Discover,Homo sapiens,apex of heart; heart left ventricle,myocarditis; normal,snRNA-seq,205596,neuron | matched labels: cardiac neuron,RBFOX3;TUBB3;SNAP25;PRPH;PHOX2B,A = repository cell_type annotation includes neural-related cells,rare neural-related population,not determined from repository metadata,no,神经-免疫通讯;炎症,https://datasets.cellxgene.cziscience.com/5ca4319d-488f-444d-b383-e909fe0783d4.h5ad ; collection: https://cellxgene.cziscience.com/collections/328d71f0-0ed7-4518-966f-be6bd0797324,https://cellxgene.cziscience.com/collections/328d71f0-0ed7-4518-966f-be6bd0797324,CELLxGENE dataset-level metadata; cell-type count per neural subtype not always provided in collection API.
194,54.7,CELLxGENE:0e9d47fb-89b1-42d8-b426-2c7630b5f5fa,A spatially resolved atlas of the human lung characterizes a gland-associated immune niche,2024,10.1038/s41588-022-01243-4,CELLxGENE Discover,Homo sapiens,bronchus; lower lobe of left lung; lung; trachea; upper lobe of left lung,normal,spatial transcriptomics,29505,neuroendocrine cell | matched labels: neuroendocrine cell,CHGA;CHGB;ASCL1;SYP;NCAM1,A = repository cell_type annotation includes neural-related cells,rare neural-related population,yes/likely described by authors; verify in publication,yes,神经-免疫通讯,https://datasets.cellxgene.cziscience.com/75c9f3f8-9506-4b3e-98e1-2f38b1aecb32.h5ad ; collection: https://cellxgene.cziscience.com/collections/c1241244-b22d-483d-875b-75699efb9f3c,https://cellxgene.cziscience.com/collections/c1241244-b22d-483d-875b-75699efb9f3c,CELLxGENE dataset-level metadata; cell-type count per neural subtype not always provided in collection API.
195,54.48,CELLxGENE:763d1d88-b38d-4ab0-b00f-72df816b4b08,Single-cell integration reveals metaplasia in inflammatory gut diseases,2025,10.1038/s41586-024-07571-1,CELLxGENE Discover,Homo sapiens,ascending colon; caecum; colon; colonic epithelium; colonic mucosa; descending colon; epithelium of rectum; lamina propria of mucosa of colon; rectosigmoid junction; rectum; sigmoid colon; transverse colon; vermiform appendix,colorectal cancer; inflammatory bowel disease; normal; ulcerative colitis,scRNA-seq,96675,enteroendocrine cell | matched labels: enteroendocrine cell,CHGA;CHGB;NEUROD1;PAX6;GCG,A = repository cell_type annotation includes neural-related cells,rare neural-related population,not determined from repository metadata,no,神经-免疫通讯;炎症;伤口修复,https://datasets.cellxgene.cziscience.com/681f6f1b-f9b6-4d1d-8588-97fedad51f7a.h5ad ; collection: https://cellxgene.cziscience.com/collections/f11cb29c-b546-4738-9bd8-66ea621a7bd5,https://cellxgene.cziscience.com/collections/f11cb29c-b546-4738-9bd8-66ea621a7bd5,CELLxGENE dataset-level metadata; cell-type count per neural subtype not always provided in collection API.
196,54.27,CELLxGENE:0d3807bf-97f0-4ec5-9611-15ada507f0df,Single-cell integration reveals metaplasia in inflammatory gut diseases,2025,10.1038/s41586-024-07571-1,CELLxGENE Discover,Homo sapiens,body of stomach; pyloric antrum; pylorus; stomach,gastric cancer; normal,scRNA-seq,70090,enteroendocrine cell | matched labels: enteroendocrine cell; type EC enteroendocrine cell; type G enteroendocrine cell; type X enteroendocrine cell,CHGA;CHGB;NEUROD1;PAX6;GCG,A = repository cell_type annotation includes neural-related cells,rare neural-related population,not determined from repository metadata,no,神经-免疫通讯;炎症,https://datasets.cellxgene.cziscience.com/c10345ad-7e42-4a1b-ae78-d4d1547b8d06.h5ad ; collection: https://cellxgene.cziscience.com/collections/f11cb29c-b546-4738-9bd8-66ea621a7bd5,https://cellxgene.cziscience.com/collections/f11cb29c-b546-4738-9bd8-66ea621a7bd5,CELLxGENE dataset-level metadata; cell-type count per neural subtype not always provided in collection API.
197,54.22,CELLxGENE:703f00e6-b996-48e5-bc34-00c41b9876f4,A human fetal lung cell atlas uncovers proximal-distal gradients of differentiation and key regulators of epithelial fates,2022,10.1016/j.cell.2022.11.005,CELLxGENE Discover,Homo sapiens,lung,normal,scRNA-seq,649,Schwann cell | matched labels: Schwann cell; Schwann cell precursor; immature Schwann cell; neuron,SOX10;MPZ;PLP1;MBP;PMP22,A = repository cell_type annotation includes neural-related cells,rare neural-related population,not determined from repository metadata,no,外周神经再生,https://datasets.cellxgene.cziscience.com/669fab92-64fb-439a-a89f-69c4a43e3700.h5ad ; collection: https://cellxgene.cziscience.com/collections/2d2e2acd-dade-489f-a2da-6c11aa654028,https://cellxgene.cziscience.com/collections/2d2e2acd-dade-489f-a2da-6c11aa654028,CELLxGENE dataset-level metadata; cell-type count per neural subtype not always provided in collection API.
198,53.55,CELLxGENE:15c5c186-df92-4b17-a253-199e10ffe98a,A spatially resolved atlas of the human lung characterizes a gland-associated immune niche,2024,10.1038/s41588-022-01243-4,CELLxGENE Discover,Homo sapiens,bronchus,normal,spatial transcriptomics,4992,neuroendocrine cell | matched labels: neuroendocrine cell,CHGA;CHGB;ASCL1;SYP;NCAM1,A = repository cell_type annotation includes neural-related cells,rare neural-related population,yes/likely described by authors; verify in publication,yes,神经-免疫通讯,https://datasets.cellxgene.cziscience.com/7fc23d86-4c73-4573-b8bc-ce171a6ac7d5.h5ad ; collection: https://cellxgene.cziscience.com/collections/c1241244-b22d-483d-875b-75699efb9f3c,https://cellxgene.cziscience.com/collections/c1241244-b22d-483d-875b-75699efb9f3c,CELLxGENE dataset-level metadata; cell-type count per neural subtype not always provided in collection API.
199,51.55,CELLxGENE:a6529751-6e49-4e86-93d3-ec03fcd551dc,A human fetal lung cell atlas uncovers proximal-distal gradients of differentiation and key regulators of epithelial fates,2022,10.1016/j.cell.2022.11.005,CELLxGENE Discover,Homo sapiens,lung,normal,spatial transcriptomics,4992,neuron | matched labels: neuron,RBFOX3;TUBB3;SNAP25;PRPH;PHOX2B,A = repository cell_type annotation includes neural-related cells,rare neural-related population,not determined from repository metadata,yes,general peripheral neurobiology,https://datasets.cellxgene.cziscience.com/99ff86c8-f8bc-496a-a2ff-206141b782d9.h5ad ; collection: https://cellxgene.cziscience.com/collections/2d2e2acd-dade-489f-a2da-6c11aa654028,https://cellxgene.cziscience.com/collections/2d2e2acd-dade-489f-a2da-6c11aa654028,CELLxGENE dataset-level metadata; cell-type count per neural subtype not always provided in collection API.
200,50.36,CELLxGENE:afae4675-434d-4e89-b5ce-2854c9dc38a3,HTAN CHOP - Longitudinal single-cell multiomic atlas of high-risk neuroblastoma reveals chemotherapy-induced tumor microenvironment rewiring,2025,10.1038/s41588-025-02158-6,CELLxGENE Discover,Homo sapiens,abdomen; adrenal gland; cervical lymph node; chest; liver; lymph node; neck,neuroblastoma,snRNA-seq,372619,Schwann cell | matched labels: Schwann cell,SOX10;MPZ;PLP1;MBP;PMP22,A = repository cell_type annotation includes neural-related cells,rare neural-related population,not determined from repository metadata,no,神经-免疫通讯;外周神经再生,https://datasets.cellxgene.cziscience.com/c477b5ea-3848-49f2-96a3-bbbcc95a3e14.h5ad ; collection: https://cellxgene.cziscience.com/collections/cee845e3-ec04-4781-9e2a-28734bb4f7ba,https://cellxgene.cziscience.com/collections/cee845e3-ec04-4781-9e2a-28734bb4f7ba,CELLxGENE dataset-level metadata; cell-type count per neural subtype not always provided in collection API.
201,50.22,CELLxGENE:49e4ffcc-5444-406d-bdee-577127404ba8,"Mouse pancreatic islet scRNA-seq atlas across sexes, ages, and stress conditions including diabetes",2023,10.1038/s42255-023-00876-x,CELLxGENE Discover,Mus musculus,islet of Langerhans; pancreas,endocrine pancreas disorder; normal; type 1 diabetes mellitus; type 2 diabetes mellitus,scRNA-seq,301796,Schwann cell | matched labels: Schwann cell,SOX10;MPZ;PLP1;MBP;PMP22,A = repository cell_type annotation includes neural-related cells,rare neural-related population,not determined from repository metadata,no,外周神经再生,https://datasets.cellxgene.cziscience.com/2cf0b367-e31b-4ab3-8557-8f2c4ac2a31a.h5ad ; collection: https://cellxgene.cziscience.com/collections/296237e2-393d-4e31-b590-b03f74ac5070,https://cellxgene.cziscience.com/collections/296237e2-393d-4e31-b590-b03f74ac5070,CELLxGENE dataset-level metadata; cell-type count per neural subtype not always provided in collection API.
202,50.17,CELLxGENE:b0ef440b-e303-4ad2-ada8-ce13336280ba,Multi-modal skin atlas identifies a multicellular immune-stromal community associated with altered cornification and specific T cell expansion in atopic dermatitis,2026,10.1038/s41467-026-69587-7,CELLxGENE Discover,Homo sapiens,skin of body,atopic eczema; normal,scRNA-seq,280518,Schwann cell | matched labels: Schwann cell,SOX10;MPZ;PLP1;MBP;PMP22,A = repository cell_type annotation includes neural-related cells,rare neural-related population,not determined from repository metadata,no,神经-免疫通讯;外周神经再生,https://datasets.cellxgene.cziscience.com/e046218f-6a66-46f9-a91c-7f26b4ee00c2.h5ad ; collection: https://cellxgene.cziscience.com/collections/5e143645-177c-45b6-952d-48770e29a54b,https://cellxgene.cziscience.com/collections/5e143645-177c-45b6-952d-48770e29a54b,CELLxGENE dataset-level metadata; cell-type count per neural subtype not always provided in collection API.
203,50.09,CELLxGENE:e51bae9a-c747-4b64-904a-4da7cda218ab,"A pancreatic islet scRNA-seq atlas from 48 non-diabetic, prediabetic and type 2 diabetic individuals of matched demographic and ethnic backgrounds",2025,10.1101/2025.01.17.633590,CELLxGENE Discover,Homo sapiens,islet of Langerhans,normal; prediabetes syndrome; type 2 diabetes mellitus,scRNA-seq,245878,Schwann cell | matched labels: Schwann cell,SOX10;MPZ;PLP1;MBP;PMP22,A = repository cell_type annotation includes neural-related cells,rare neural-related population,not determined from repository metadata,no,外周神经再生,https://datasets.cellxgene.cziscience.com/3a4e48e2-9e80-4ea8-ac63-87fdf70f1a97.h5ad ; collection: https://cellxgene.cziscience.com/collections/58e85c2f-d52e-4c19-8393-b854b84d516e,https://cellxgene.cziscience.com/collections/58e85c2f-d52e-4c19-8393-b854b84d516e,CELLxGENE dataset-level metadata; cell-type count per neural subtype not always provided in collection API.
204,49.97,CELLxGENE:232e432a-cef1-4654-8850-3c80244c1a0c,HTAN CHOP - Longitudinal single-cell multiomic atlas of high-risk neuroblastoma reveals chemotherapy-induced tumor microenvironment rewiring,2025,10.1038/s41588-025-02158-6,CELLxGENE Discover,Homo sapiens,abdomen; adrenal gland; cervical lymph node; chest; liver; lymph node; neck,neuroblastoma,snRNA-seq,205153,Schwann cell | matched labels: Schwann cell,SOX10;MPZ;PLP1;MBP;PMP22,A = repository cell_type annotation includes neural-related cells,rare neural-related population,not determined from repository metadata,no,神经-免疫通讯;外周神经再生,https://datasets.cellxgene.cziscience.com/18f54b23-534b-4489-abeb-6a17564a168b.h5ad ; collection: https://cellxgene.cziscience.com/collections/cee845e3-ec04-4781-9e2a-28734bb4f7ba,https://cellxgene.cziscience.com/collections/cee845e3-ec04-4781-9e2a-28734bb4f7ba,CELLxGENE dataset-level metadata; cell-type count per neural subtype not always provided in collection API.
205,49.94,CELLxGENE:6c6b4c47-096d-4084-97e7-714ee10c556c,Time-resolved single-cell analysis of Brca1 associated mammary tumourigenesis reveals aberrant differentiation of luminal progenitors,2025,10.1038/s41467-021-21783-3,CELLxGENE Discover,Mus musculus,mammary gland,neoplasm; normal,scRNA-seq,197896,Schwann cell | matched labels: Schwann cell,SOX10;MPZ;PLP1;MBP;PMP22,A = repository cell_type annotation includes neural-related cells,rare neural-related population,not determined from repository metadata,no,外周神经再生,https://datasets.cellxgene.cziscience.com/e05a1540-f925-412d-919c-8e0116c1b4be.h5ad ; collection: https://cellxgene.cziscience.com/collections/bae2ee8c-b49c-41d0-9097-960d18a39e20,https://cellxgene.cziscience.com/collections/bae2ee8c-b49c-41d0-9097-960d18a39e20,CELLxGENE dataset-level metadata; cell-type count per neural subtype not always provided in collection API.
206,49.89,CELLxGENE:b3c9904b-2ffd-4038-8620-ee1c5b072e9c,Human skeletal muscle ageing atlas,2024,10.1038/s43587-024-00613-3,CELLxGENE Discover,Homo sapiens,intercostal muscle,normal,snRNA-seq,183161,Schwann cell | matched labels: myelinating Schwann cell; non-myelinating Schwann cell; perineurial cell,SOX10;MPZ;PLP1;MBP;PMP22,A = repository cell_type annotation includes neural-related cells,rare neural-related population,not determined from repository metadata,no,外周神经再生,https://datasets.cellxgene.cziscience.com/5fd93c55-8047-48fb-905c-6ef2f7767483.h5ad ; collection: https://cellxgene.cziscience.com/collections/2d40e6a7-f2fd-49ba-9db9-6b97e4c6dad5,https://cellxgene.cziscience.com/collections/2d40e6a7-f2fd-49ba-9db9-6b97e4c6dad5,CELLxGENE dataset-level metadata; cell-type count per neural subtype not always provided in collection API.
207,49.54,CELLxGENE:9f222629-9e39-47d0-b83f-e08d610c7479,The integrated Human Lung Cell Atlas,2022,10.1038/s41591-023-02327-2,CELLxGENE Discover,Homo sapiens,lung; lung parenchyma; nose; respiratory airway,COVID-19; chronic obstructive pulmonary disease; chronic rhinitis; cystic fibrosis; hypersensitivity pneumonitis; interstitial lung disease; lung adenocarcinoma; lung large cell carcinoma; lymphangioleiomyomatosis; non-specific interstitial pneumonia; normal; pleomorphic carcinoma; pneumonia; pulmonary fibrosis; pulmonary sarcoidosis; squamous cell lung carcinoma,snRNA-seq,2282447,neuroendocrine cell | matched labels: pulmonary neuroendocrine cell,CHGA;CHGB;ASCL1;SYP;NCAM1,A = repository cell_type annotation includes neural-related cells,rare neural-related population,not determined from repository metadata,no,神经-免疫通讯;炎症;纤维化,https://datasets.cellxgene.cziscience.com/5f863718-02a6-46cb-83e7-52be988b915b.h5ad ; collection: https://cellxgene.cziscience.com/collections/6f6d381a-7701-4781-935c-db10d30de293,https://cellxgene.cziscience.com/collections/6f6d381a-7701-4781-935c-db10d30de293,CELLxGENE dataset-level metadata; cell-type count per neural subtype not always provided in collection API.
208,49.48,CELLxGENE:bedee313-cbf4-44a5-a0cd-2ca5bb2068dc,Human skeletal muscle ageing atlas,2024,10.1038/s43587-024-00613-3,CELLxGENE Discover,Mus musculus,hindlimb muscle,normal,snRNA-seq,96529,Schwann cell | matched labels: myelinating Schwann cell; non-myelinating Schwann cell,SOX10;MPZ;PLP1;MBP;PMP22,A = repository cell_type annotation includes neural-related cells,rare neural-related population,not determined from repository metadata,no,外周神经再生,https://datasets.cellxgene.cziscience.com/7085b988-463e-4183-b33d-838e1f6ad739.h5ad ; collection: https://cellxgene.cziscience.com/collections/2d40e6a7-f2fd-49ba-9db9-6b97e4c6dad5,https://cellxgene.cziscience.com/collections/2d40e6a7-f2fd-49ba-9db9-6b97e4c6dad5,CELLxGENE dataset-level metadata; cell-type count per neural subtype not always provided in collection API.
209,48.84,CELLxGENE:2ab892f9-d2b0-40d0-9a62-a376ee5d4334,Single Nuclei Atlas of Innervated and Denervated Mouse Muscle,2025,10.1038/s41467-025-57487-1,CELLxGENE Discover,Mus musculus,gastrocnemius; skeletal muscle tissue of tibialis anterior,normal,snRNA-seq,36191,Schwann cell | matched labels: Schwann cell; perineurial cell,SOX10;MPZ;PLP1;MBP;PMP22,A = repository cell_type annotation includes neural-related cells,rare neural-related population,not determined from repository metadata,no,外周神经再生,https://datasets.cellxgene.cziscience.com/b69ec11e-bab4-4e12-8c52-0028fc3c2ed3.h5ad ; collection: https://cellxgene.cziscience.com/collections/ef9f0fae-c12c-4f1a-bb67-63346c2ae0f1,https://cellxgene.cziscience.com/collections/ef9f0fae-c12c-4f1a-bb67-63346c2ae0f1,CELLxGENE dataset-level metadata; cell-type count per neural subtype not always provided in collection API.
210,48.8,CELLxGENE:d3bbb7e6-40df-4a4f-bfe0-49001bc06396,"Tabula Microcebus: A transcriptomic cell atlas of mouse lemur, an emerging primate model organism",2025,10.1038/s41586-025-09113-9,CELLxGENE Discover,Microcebus murinus,lung,normal,scRNA-seq,34084,Schwann cell | matched labels: myelinating Schwann cell; non-myelinating Schwann cell,SOX10;MPZ;PLP1;MBP;PMP22,A = repository cell_type annotation includes neural-related cells,rare neural-related population,not determined from repository metadata,no,外周神经再生,https://datasets.cellxgene.cziscience.com/af24ba8a-0c53-4aa6-b7c8-cf1bfec15b41.h5ad ; collection: https://cellxgene.cziscience.com/collections/a137437b-d284-4a27-b1e9-36958a8f92c1,https://cellxgene.cziscience.com/collections/a137437b-d284-4a27-b1e9-36958a8f92c1,CELLxGENE dataset-level metadata; cell-type count per neural subtype not always provided in collection API.
211,48.7,CELLxGENE:d661aeb3-5bf7-497d-832f-2399a1ef9b63,Single-cell integration reveals metaplasia in inflammatory gut diseases,2025,10.1038/s41586-024-07571-1,CELLxGENE Discover,Homo sapiens,duodenum; ileum; jejunum; small intestine,normal,scRNA-seq,29498,enteroendocrine cell | matched labels: enteroendocrine cell,CHGA;CHGB;NEUROD1;PAX6;GCG,A = repository cell_type annotation includes neural-related cells,rare neural-related population,not determined from repository metadata,no,神经-免疫通讯;炎症,https://datasets.cellxgene.cziscience.com/674a4e43-a99a-4a76-8f23-a63e3e85933a.h5ad ; collection: https://cellxgene.cziscience.com/collections/f11cb29c-b546-4738-9bd8-66ea621a7bd5,https://cellxgene.cziscience.com/collections/f11cb29c-b546-4738-9bd8-66ea621a7bd5,CELLxGENE dataset-level metadata; cell-type count per neural subtype not always provided in collection API.
212,48.55,CELLxGENE:6f30673d-0464-4d3c-9568-96a266a9b6f6,Single-cell integration reveals metaplasia in inflammatory gut diseases,2025,10.1038/s41586-024-07571-1,CELLxGENE Discover,Homo sapiens,duodenum; ileum; intestine; small intestine,normal,scRNA-seq,23362,enteroendocrine cell | matched labels: enteroendocrine cell,CHGA;CHGB;NEUROD1;PAX6;GCG,A = repository cell_type annotation includes neural-related cells,rare neural-related population,not determined from repository metadata,no,神经-免疫通讯;炎症,https://datasets.cellxgene.cziscience.com/e23ce9e7-4dfc-4541-9f22-5abcc0565078.h5ad ; collection: https://cellxgene.cziscience.com/collections/f11cb29c-b546-4738-9bd8-66ea621a7bd5,https://cellxgene.cziscience.com/collections/f11cb29c-b546-4738-9bd8-66ea621a7bd5,CELLxGENE dataset-level metadata; cell-type count per neural subtype not always provided in collection API.
213,48.47,CELLxGENE:1851b6ab-2386-40a1-8c2a-b7cd895b889e,Human skeletal muscle ageing atlas,2024,10.1038/s43587-024-00613-3,CELLxGENE Discover,Homo sapiens,intercostal muscle,normal,scRNA-seq,20611,Schwann cell | matched labels: myelinating Schwann cell; non-myelinating Schwann cell; perineurial cell,SOX10;MPZ;PLP1;MBP;PMP22,A = repository cell_type annotation includes neural-related cells,rare neural-related population,not determined from repository metadata,no,外周神经再生,https://datasets.cellxgene.cziscience.com/e3839dff-d480-4b2d-83c0-fc54ec40b9e3.h5ad ; collection: https://cellxgene.cziscience.com/collections/2d40e6a7-f2fd-49ba-9db9-6b97e4c6dad5,https://cellxgene.cziscience.com/collections/2d40e6a7-f2fd-49ba-9db9-6b97e4c6dad5,CELLxGENE dataset-level metadata; cell-type count per neural subtype not always provided in collection API.
214,48.26,CELLxGENE:586f4422-94a9-4452-b90c-6278df433763,"Tabula Microcebus: A transcriptomic cell atlas of mouse lemur, an emerging primate model organism",2025,10.1038/s41586-025-09113-9,CELLxGENE Discover,Microcebus murinus,kidney,normal,scRNA-seq,14855,Schwann cell | matched labels: non-myelinating Schwann cell,SOX10;MPZ;PLP1;MBP;PMP22,A = repository cell_type annotation includes neural-related cells,rare neural-related population,not determined from repository metadata,no,外周神经再生,https://datasets.cellxgene.cziscience.com/d830839c-0b58-4759-8977-bcb89e964db4.h5ad ; collection: https://cellxgene.cziscience.com/collections/a137437b-d284-4a27-b1e9-36958a8f92c1,https://cellxgene.cziscience.com/collections/a137437b-d284-4a27-b1e9-36958a8f92c1,CELLxGENE dataset-level metadata; cell-type count per neural subtype not always provided in collection API.
215,48.17,CELLxGENE:2dd9d7a2-4bee-4c3f-a1f5-89bc3271c4f0,Exploring the Utility of snRNA-seq in Profiling Human Bladder Tissue: A Comprehensive Comparison with scRNA-seq,2024,10.1016/j.isci.2024.111628,CELLxGENE Discover,Homo sapiens,urinary bladder,normal,snRNA-seq,12964,Schwann cell | matched labels: Schwann cell,SOX10;MPZ;PLP1;MBP;PMP22,A = repository cell_type annotation includes neural-related cells,rare neural-related population,not determined from repository metadata,no,外周神经再生,https://datasets.cellxgene.cziscience.com/ac25d153-eb19-4e0e-ba4f-dd5be7295994.h5ad ; collection: https://cellxgene.cziscience.com/collections/0e54d4de-44f0-4d50-8649-b5c2bbe8f5d1,https://cellxgene.cziscience.com/collections/0e54d4de-44f0-4d50-8649-b5c2bbe8f5d1,CELLxGENE dataset-level metadata; cell-type count per neural subtype not always provided in collection API.
216,47.99,CELLxGENE:7be2824e-d62a-42ef-9169-084555c6df87,Single cell RNA sequencing of paw skin from healthy and Col7a1 knockout (RDEB) mice,2024,10.3389/fimmu.2023.1211505,CELLxGENE Discover,Mus musculus,autopod skin,epidermolysis bullosa; normal,scRNA-seq,9816,Schwann cell | matched labels: Schwann cell,SOX10;MPZ;PLP1;MBP;PMP22,A = repository cell_type annotation includes neural-related cells,rare neural-related population,not determined from repository metadata,no,外周神经再生,https://datasets.cellxgene.cziscience.com/2965d8bb-05c5-40a1-bb03-c0b568cb1919.h5ad ; collection: https://cellxgene.cziscience.com/collections/f5af7a2f-ab4c-4728-829e-48efb9562105,https://cellxgene.cziscience.com/collections/f5af7a2f-ab4c-4728-829e-48efb9562105,CELLxGENE dataset-level metadata; cell-type count per neural subtype not always provided in collection API.
217,47.87,CELLxGENE:555bce6a-563b-4b9b-b496-3dbff30e756b,"Tabula Microcebus: A transcriptomic cell atlas of mouse lemur, an emerging primate model organism",2025,10.1038/s41586-025-09113-9,CELLxGENE Discover,Microcebus murinus,pancreas,normal,scRNA-seq,8172,Schwann cell | matched labels: non-myelinating Schwann cell,SOX10;MPZ;PLP1;MBP;PMP22,A = repository cell_type annotation includes neural-related cells,rare neural-related population,not determined from repository metadata,no,外周神经再生,https://datasets.cellxgene.cziscience.com/a86b3955-8949-47c1-847f-cff83737c333.h5ad ; collection: https://cellxgene.cziscience.com/collections/a137437b-d284-4a27-b1e9-36958a8f92c1,https://cellxgene.cziscience.com/collections/a137437b-d284-4a27-b1e9-36958a8f92c1,CELLxGENE dataset-level metadata; cell-type count per neural subtype not always provided in collection API.
218,47.79,CELLxGENE:bdf0abdf-f1a5-4480-a30b-1e34eaee53bb,"Tabula Microcebus: A transcriptomic cell atlas of mouse lemur, an emerging primate model organism",2025,10.1038/s41586-025-09113-9,CELLxGENE Discover,Microcebus murinus,urinary bladder,normal,scRNA-seq,7244,Schwann cell | matched labels: myelinating Schwann cell; non-myelinating Schwann cell,SOX10;MPZ;PLP1;MBP;PMP22,A = repository cell_type annotation includes neural-related cells,rare neural-related population,not determined from repository metadata,no,外周神经再生,https://datasets.cellxgene.cziscience.com/faa09ce6-3023-483a-a72e-33b8999d41e8.h5ad ; collection: https://cellxgene.cziscience.com/collections/a137437b-d284-4a27-b1e9-36958a8f92c1,https://cellxgene.cziscience.com/collections/a137437b-d284-4a27-b1e9-36958a8f92c1,CELLxGENE dataset-level metadata; cell-type count per neural subtype not always provided in collection API.
219,47.48,CELLxGENE:5525b4bd-e4e1-49d2-8734-0e7e14c5515f,Single-cell integration reveals metaplasia in inflammatory gut diseases,2025,10.1038/s41586-024-07571-1,CELLxGENE Discover,Homo sapiens,colon,normal,scRNA-seq,4475,enteroendocrine cell | matched labels: enteroendocrine cell,CHGA;CHGB;NEUROD1;PAX6;GCG,A = repository cell_type annotation includes neural-related cells,rare neural-related population,not determined from repository metadata,no,神经-免疫通讯;炎症,https://datasets.cellxgene.cziscience.com/5e79771d-9cc4-42b9-8ddd-88dfad392021.h5ad ; collection: https://cellxgene.cziscience.com/collections/f11cb29c-b546-4738-9bd8-66ea621a7bd5,https://cellxgene.cziscience.com/collections/f11cb29c-b546-4738-9bd8-66ea621a7bd5,CELLxGENE dataset-level metadata; cell-type count per neural subtype not always provided in collection API.
220,47.48,CELLxGENE:1ab4ebbc-18d6-4838-89c2-cdc5b10accfb,Cystic Fibrosis and healthy control biopsy,2025,10.1016/j.jcf.2025.01.016,CELLxGENE Discover,Homo sapiens,carina of trachea; respiratory tube,cystic fibrosis; normal,scRNA-seq,96479,neuroendocrine cell | matched labels: pulmonary neuroendocrine cell,CHGA;CHGB;ASCL1;SYP;NCAM1,A = repository cell_type annotation includes neural-related cells,rare neural-related population,not determined from repository metadata,no,纤维化,https://datasets.cellxgene.cziscience.com/08530c67-a192-4d76-bfe5-b7834e8da231.h5ad ; collection: https://cellxgene.cziscience.com/collections/54004c5c-af08-4693-a606-73871b6ef989,https://cellxgene.cziscience.com/collections/54004c5c-af08-4693-a606-73871b6ef989,CELLxGENE dataset-level metadata; cell-type count per neural subtype not always provided in collection API.
221,46.95,CELLxGENE:364bd0c7-f7fd-48ed-99c1-ae26872b1042,Automatic cell-type harmonization and integration across Human Cell Atlas datasets,2024,10.1016/j.cell.2023.11.026,CELLxGENE Discover,Homo sapiens,apex of heart; heart left ventricle; heart right ventricle; interventricular septum; left cardiac atrium; right cardiac atrium,normal,snRNA-seq,931012,neuron | matched labels: neuron,RBFOX3;TUBB3;SNAP25;PRPH;PHOX2B,A = repository cell_type annotation includes neural-related cells,rare neural-related population,not determined from repository metadata,no,general peripheral neurobiology,https://datasets.cellxgene.cziscience.com/5be599c4-a77a-42eb-bd4e-be8210b05339.h5ad ; collection: https://cellxgene.cziscience.com/collections/854c0855-23ad-4362-8b77-6b1639e7a9fc,https://cellxgene.cziscience.com/collections/854c0855-23ad-4362-8b77-6b1639e7a9fc,CELLxGENE dataset-level metadata; cell-type count per neural subtype not always provided in collection API.
222,46.92,CELLxGENE:65badd7a-9262-4fd1-9ce2-eb5dc0ca8039,Pathogenic variants damage cell composition and single cell transcription in cardiomyopathies,2022,10.1126/science.abo1984,CELLxGENE Discover,Homo sapiens,apex of heart; heart left ventricle; heart right ventricle; interventricular septum,arrhythmogenic right ventricular cardiomyopathy; dilated cardiomyopathy; non-compaction cardiomyopathy; normal,snRNA-seq,881081,neuron | matched labels: cardiac neuron,RBFOX3;TUBB3;SNAP25;PRPH;PHOX2B,A = repository cell_type annotation includes neural-related cells,rare neural-related population,not determined from repository metadata,no,general peripheral neurobiology,https://datasets.cellxgene.cziscience.com/6d0b8b8a-2b22-4578-b8ee-8ca4ab893594.h5ad ; collection: https://cellxgene.cziscience.com/collections/e75342a8-0f3b-4ec5-8ee1-245a23e0f7cb,https://cellxgene.cziscience.com/collections/e75342a8-0f3b-4ec5-8ee1-245a23e0f7cb,CELLxGENE dataset-level metadata; cell-type count per neural subtype not always provided in collection API.
223,46.84,CELLxGENE:3f32121d-126b-4e8d-9f69-d86502d2a1b1,Insulin is expressed by enteroendocrine cells during human fetal development,2023,10.1038/s41591-021-01586-1,CELLxGENE Discover,Homo sapiens,small intestine,normal,scRNA-seq,36359,enteroendocrine cell | matched labels: enteroendocrine cell; neuron,CHGA;CHGB;NEUROD1;PAX6;GCG,A = repository cell_type annotation includes neural-related cells,rare neural-related population,not determined from repository metadata,no,general peripheral neurobiology,https://datasets.cellxgene.cziscience.com/fe96972c-7199-4146-9e03-af518d8916cc.h5ad ; collection: https://cellxgene.cziscience.com/collections/7651ac1a-f947-463a-9223-a9e408a41989,https://cellxgene.cziscience.com/collections/7651ac1a-f947-463a-9223-a9e408a41989,CELLxGENE dataset-level metadata; cell-type count per neural subtype not always provided in collection API.
224,46.47,CELLxGENE:389b1fd4-2b65-4f60-baba-feeb17507665,Single cell RNA sequencing of paw skin from healthy and Col7a1 knockout (RDEB) mice,2024,10.3389/fimmu.2023.1211505,CELLxGENE Discover,Mus musculus,autopod skin,epidermolysis bullosa; normal,scRNA-seq,959,Schwann cell | matched labels: Schwann cell,SOX10;MPZ;PLP1;MBP;PMP22,A = repository cell_type annotation includes neural-related cells,rare neural-related population,not determined from repository metadata,no,外周神经再生,https://datasets.cellxgene.cziscience.com/5cc1649e-3a7e-4950-89c4-51f399d9ed25.h5ad ; collection: https://cellxgene.cziscience.com/collections/f5af7a2f-ab4c-4728-829e-48efb9562105,https://cellxgene.cziscience.com/collections/f5af7a2f-ab4c-4728-829e-48efb9562105,CELLxGENE dataset-level metadata; cell-type count per neural subtype not always provided in collection API.
225,45.6,CELLxGENE:d8da613f-e681-4c69-b463-e94f5e66847f,A molecular single-cell lung atlas of lethal COVID-19,2023,10.1038/s41586-021-03569-1,CELLxGENE Discover,Homo sapiens,lung,COVID-19; normal,snRNA-seq,116313,neuron | matched labels: neuron,RBFOX3;TUBB3;SNAP25;PRPH;PHOX2B,A = repository cell_type annotation includes neural-related cells,rare neural-related population,not determined from repository metadata,no,神经-免疫通讯;炎症,https://datasets.cellxgene.cziscience.com/1792df55-7cfe-4564-afcf-4bb3ffb73bc0.h5ad ; collection: https://cellxgene.cziscience.com/collections/e4c9ed14-e560-4900-a3bf-b0f8d2ce6a10,https://cellxgene.cziscience.com/collections/e4c9ed14-e560-4900-a3bf-b0f8d2ce6a10,CELLxGENE dataset-level metadata; cell-type count per neural subtype not always provided in collection API.
226,45.24,CELLxGENE:ec6ceff8-c8bc-488d-b6bf-30df2fa92169,Identification of distinct tumor cell populations and key genetic mechanisms through single cell sequencing in hepatoblastoma,2022,10.1038/s42003-021-02562-8,CELLxGENE Discover,Homo sapiens,liver,blastoma; normal,snRNA-seq,67110,neuron | matched labels: neuron,RBFOX3;TUBB3;SNAP25;PRPH;PHOX2B,A = repository cell_type annotation includes neural-related cells,rare neural-related population,not determined from repository metadata,no,神经-免疫通讯,https://datasets.cellxgene.cziscience.com/d66d154b-5ff6-4b1a-b25e-376cf4784bb7.h5ad ; collection: https://cellxgene.cziscience.com/collections/a261413d-835b-4f1e-ab0c-dada55ea6afd,https://cellxgene.cziscience.com/collections/a261413d-835b-4f1e-ab0c-dada55ea6afd,CELLxGENE dataset-level metadata; cell-type count per neural subtype not always provided in collection API.
227,45.2,CELLxGENE:7bb64315-9e5a-41b9-9235-59acf9642a3e,Single-cell RNA sequencing unifies developmental programs of Esophageal and Gastric Intestinal Metaplasia,2023,10.1158/2159-8290.cd-22-0824,CELLxGENE Discover,Homo sapiens,body of stomach; cardia of stomach; colon; duodenum; esophagogastric junction; ileum; lower esophagus; rectum; submucosal esophageal gland,Barrett esophagus; gastric cancer; gastric intestinal metaplasia; gastritis; normal,scRNA-seq,293823,enteroendocrine cell | matched labels: P/D1 enteroendocrine cell; enteroendocrine cell; type G enteroendocrine cell,CHGA;CHGB;NEUROD1;PAX6;GCG,A = repository cell_type annotation includes neural-related cells,rare neural-related population,not determined from repository metadata,no,神经-免疫通讯,https://datasets.cellxgene.cziscience.com/3b5ba887-80df-43db-8486-3fc03027a15e.h5ad ; collection: https://cellxgene.cziscience.com/collections/a18474f4-ff1e-4864-af69-270b956cee5b,https://cellxgene.cziscience.com/collections/a18474f4-ff1e-4864-af69-270b956cee5b,CELLxGENE dataset-level metadata; cell-type count per neural subtype not always provided in collection API.
228,45.17,CELLxGENE:5500c673-1610-40a0-86d9-64d987ae50e6,Integrated adult and foetal heart single-cell RNA sequencing,2023,10.1038/s44161-022-00183-w,CELLxGENE Discover,Homo sapiens,apex of heart; basal zone of heart; heart left ventricle; heart right ventricle; interventricular septum; left cardiac atrium; right cardiac atrium,normal,snRNA-seq,60668,neuron | matched labels: neuron,RBFOX3;TUBB3;SNAP25;PRPH;PHOX2B,A = repository cell_type annotation includes neural-related cells,rare neural-related population,not determined from repository metadata,no,general peripheral neurobiology,https://datasets.cellxgene.cziscience.com/85f6cdae-10c2-4c97-8a95-cf03f87ecd2e.h5ad ; collection: https://cellxgene.cziscience.com/collections/43b45a20-a969-49ac-a8e8-8c84b211bd01,https://cellxgene.cziscience.com/collections/43b45a20-a969-49ac-a8e8-8c84b211bd01,CELLxGENE dataset-level metadata; cell-type count per neural subtype not always provided in collection API.
229,45.06,CELLxGENE:99e317c0-1fab-4f73-b511-859e752fd1c3,Sex-Specific Control of Human Heart Maturation by the Progesterone Receptor,2024,10.1161/CIRCULATIONAHA.120.051921,CELLxGENE Discover,Homo sapiens,apical region of left ventricle,normal,snRNA-seq,51176,neuron | matched labels: neuron,RBFOX3;TUBB3;SNAP25;PRPH;PHOX2B,A = repository cell_type annotation includes neural-related cells,rare neural-related population,yes/likely described by authors; verify in publication,no,general peripheral neurobiology,https://datasets.cellxgene.cziscience.com/59c9aa5c-ee73-4252-b149-5cb011f924b1.h5ad ; collection: https://cellxgene.cziscience.com/collections/68e7e5b7-4dc9-4609-832e-7656aa6182ba,https://cellxgene.cziscience.com/collections/68e7e5b7-4dc9-4609-832e-7656aa6182ba,CELLxGENE dataset-level metadata; cell-type count per neural subtype not always provided in collection API.
230,45.04,CELLxGENE:2e9d2f32-4cfb-49b5-b990-cbf4c241214e,Single-cell genomics improves the discovery of risk variants and genes of atrial fibrillation,2024,10.1038/s41467-023-40505-5,CELLxGENE Discover,Homo sapiens,apex of heart; heart left ventricle; heart right ventricle; interventricular septum,normal,snRNA-seq,49359,neuron | matched labels: cardiac neuron,RBFOX3;TUBB3;SNAP25;PRPH;PHOX2B,A = repository cell_type annotation includes neural-related cells,rare neural-related population,not determined from repository metadata,no,general peripheral neurobiology,https://datasets.cellxgene.cziscience.com/f35a8c3f-b3a0-4373-a4cd-c937db7f7ec2.h5ad ; collection: https://cellxgene.cziscience.com/collections/20eea6c8-9d64-42c9-9b6f-c11b5249e0e9,https://cellxgene.cziscience.com/collections/20eea6c8-9d64-42c9-9b6f-c11b5249e0e9,CELLxGENE dataset-level metadata; cell-type count per neural subtype not always provided in collection API.
231,44.83,CELLxGENE:5d4415d1-cfcd-4b43-b2b2-138b5afd68af,Epithelium-enriched single cell transcriptomes from the ascending colon of pediatric and adult control subjects,2026,10.1016/j.jcmgh.2025.101665,CELLxGENE Discover,Homo sapiens,right colon,normal,scRNA-seq,35957,neuron | matched labels: neuronal receptor cell,RBFOX3;TUBB3;SNAP25;PRPH;PHOX2B,A = repository cell_type annotation includes neural-related cells,major or enriched neural population,not determined from repository metadata,no,general peripheral neurobiology,https://datasets.cellxgene.cziscience.com/45566c3d-0484-4b2b-858b-8aea1783f21f.h5ad ; collection: https://cellxgene.cziscience.com/collections/3b8b7fec-ed65-4483-9579-9f98f5a93a74,https://cellxgene.cziscience.com/collections/3b8b7fec-ed65-4483-9579-9f98f5a93a74,CELLxGENE dataset-level metadata; cell-type count per neural subtype not always provided in collection API.
232,44.65,CELLxGENE:d7dcfd8f-2ee7-4385-b9ac-e074c23ed190,Spatiotemporal immune zonation of the human kidney,2022,10.1126/science.aat5031,CELLxGENE Discover,Homo sapiens,kidney,normal,scRNA-seq,27197,neuron | matched labels: neuron,RBFOX3;TUBB3;SNAP25;PRPH;PHOX2B,A = repository cell_type annotation includes neural-related cells,rare neural-related population,not determined from repository metadata,no,神经-免疫通讯,https://datasets.cellxgene.cziscience.com/4ae88372-a0dc-4f9e-b93a-18ade11be813.h5ad ; collection: https://cellxgene.cziscience.com/collections/120e86b4-1195-48c5-845b-b98054105eec,https://cellxgene.cziscience.com/collections/120e86b4-1195-48c5-845b-b98054105eec,CELLxGENE dataset-level metadata; cell-type count per neural subtype not always provided in collection API.
233,44.62,CELLxGENE:e6a11140-2545-46bc-929e-da243eed2cae,Tabula Sapiens,2021,10.1126/science.abl4896,CELLxGENE Discover,Homo sapiens,cardiac atrium; cardiac ventricle; heart; heart right ventricle; right cardiac atrium,normal,scRNA-seq,25832,neuron | matched labels: neuron,RBFOX3;TUBB3;SNAP25;PRPH;PHOX2B,A = repository cell_type annotation includes neural-related cells,rare neural-related population,not determined from repository metadata,no,general peripheral neurobiology,https://datasets.cellxgene.cziscience.com/82197577-7914-45c0-9fde-6597a1da920f.h5ad ; collection: https://cellxgene.cziscience.com/collections/e5f58829-1a66-40b5-a624-9046778e74f5,https://cellxgene.cziscience.com/collections/e5f58829-1a66-40b5-a624-9046778e74f5,CELLxGENE dataset-level metadata; cell-type count per neural subtype not always provided in collection API.
234,44.61,CELLxGENE:944dedde-03e5-456d-996d-7250f7247b85,Epithelium-enriched single cell transcriptomes from the ascending colon of pediatric and adult control subjects,2026,10.1016/j.jcmgh.2025.101665,CELLxGENE Discover,Homo sapiens,right colon,normal,scRNA-seq,25641,neuron | matched labels: neuronal receptor cell,RBFOX3;TUBB3;SNAP25;PRPH;PHOX2B,A = repository cell_type annotation includes neural-related cells,major or enriched neural population,not determined from repository metadata,no,general peripheral neurobiology,https://datasets.cellxgene.cziscience.com/517c552c-48ff-4f15-9f23-55a70f3f054b.h5ad ; collection: https://cellxgene.cziscience.com/collections/3b8b7fec-ed65-4483-9579-9f98f5a93a74,https://cellxgene.cziscience.com/collections/3b8b7fec-ed65-4483-9579-9f98f5a93a74,CELLxGENE dataset-level metadata; cell-type count per neural subtype not always provided in collection API.
235,44.22,CELLxGENE:facc0385-978b-4a16-a9ec-c7961292e10f,iPain atlas,2024,10.1038/s41467-024-52052-8,CELLxGENE Discover,Mus musculus,trigeminal ganglion,normal; peripheral neuropathy,snRNA-seq,14057,neuron | matched labels: trigeminal neuron,RBFOX3;TUBB3;SNAP25;PRPH;PHOX2B,A = repository cell_type annotation includes neural-related cells,major or enriched neural population,not determined from repository metadata,no,针灸作用相关,https://datasets.cellxgene.cziscience.com/cdca77c2-db26-431a-9f51-36cfb7675b87.h5ad ; collection: https://cellxgene.cziscience.com/collections/03608e22-227a-4492-910b-3cb3f16f952e,https://cellxgene.cziscience.com/collections/03608e22-227a-4492-910b-3cb3f16f952e,CELLxGENE dataset-level metadata; cell-type count per neural subtype not always provided in collection API.
236,44.14,CELLxGENE:d6dfdef1-406d-4efb-808c-3c5eddbfe0cb,HTAN VUMC - Differential pre-malignant programs and microenvironment chart distinct paths to malignancy in human colorectal polyps,2022,10.1016/j.cell.2021.11.031,CELLxGENE Discover,Homo sapiens,ascending colon; descending colon; hepatic cecum; hepatic flexure of colon; rectum; sigmoid colon; transverse colon,colon sessile serrated adenoma/polyp; colorectal cancer; hyperplastic polyp; normal; tubular adenoma; tubulovillous adenoma,scRNA-seq,57723,enteroendocrine cell | matched labels: intestinal enteroendocrine cell,CHGA;CHGB;NEUROD1;PAX6;GCG,A = repository cell_type annotation includes neural-related cells,rare neural-related population,not determined from repository metadata,no,神经-免疫通讯,https://datasets.cellxgene.cziscience.com/6f8f0b95-3779-4c0e-824d-4810c39f008c.h5ad ; collection: https://cellxgene.cziscience.com/collections/a48f5033-3438-4550-8574-cdff3263fdfd,https://cellxgene.cziscience.com/collections/a48f5033-3438-4550-8574-cdff3263fdfd,CELLxGENE dataset-level metadata; cell-type count per neural subtype not always provided in collection API.
237,44.01,CELLxGENE:829a3cd1-a466-49f1-b2e9-d3f6b7f392e2,Progressive plasticity during colorectal cancer metastasis,2025,10.1038/s41586-024-08560-0,CELLxGENE Discover,Homo sapiens,caecum; chest wall; descending colon; hepatic flexure of colon; liver; lung; peritoneum; rectum; sigmoid colon; transverse colon,colorectal cancer; normal,scRNA-seq,47107,enteroendocrine cell | matched labels: enteroendocrine cell of colon,CHGA;CHGB;NEUROD1;PAX6;GCG,A = repository cell_type annotation includes neural-related cells,rare neural-related population,not determined from repository metadata,no,神经-免疫通讯,https://datasets.cellxgene.cziscience.com/81bd8922-b69a-45ea-9b2a-032c480c0e37.h5ad ; collection: https://cellxgene.cziscience.com/collections/1cbfb478-2c7f-4d15-b522-9f74e9fe52a8,https://cellxgene.cziscience.com/collections/1cbfb478-2c7f-4d15-b522-9f74e9fe52a8,CELLxGENE dataset-level metadata; cell-type count per neural subtype not always provided in collection API.
238,43.9,CELLxGENE:1fe63353-9e75-4824-aa30-ed8d84be748c,Tabula Muris Senis,2021,10.1038/s41586-020-2496-1,CELLxGENE Discover,Mus musculus,heart,normal,scRNA-seq,8613,neuron | matched labels: cardiac neuron,RBFOX3;TUBB3;SNAP25;PRPH;PHOX2B,A = repository cell_type annotation includes neural-related cells,rare neural-related population,not determined from repository metadata,no,general peripheral neurobiology,https://datasets.cellxgene.cziscience.com/951e10f3-050f-4059-abc3-5adc360b777b.h5ad ; collection: https://cellxgene.cziscience.com/collections/0b9d8a04-bb9d-44da-aa27-705bb65b54eb,https://cellxgene.cziscience.com/collections/0b9d8a04-bb9d-44da-aa27-705bb65b54eb,CELLxGENE dataset-level metadata; cell-type count per neural subtype not always provided in collection API.
239,43.88,CELLxGENE:c52de62a-058d-4d78-a464-bdf552378f43,Spatiotemporal immune zonation of the human kidney,2022,10.1126/science.aat5031,CELLxGENE Discover,Homo sapiens,kidney,normal,scRNA-seq,8345,neuron | matched labels: neuron,RBFOX3;TUBB3;SNAP25;PRPH;PHOX2B,A = repository cell_type annotation includes neural-related cells,rare neural-related population,not determined from repository metadata,no,神经-免疫通讯,https://datasets.cellxgene.cziscience.com/bccfbe51-bb43-4da5-8ecf-5607bda68289.h5ad ; collection: https://cellxgene.cziscience.com/collections/120e86b4-1195-48c5-845b-b98054105eec,https://cellxgene.cziscience.com/collections/120e86b4-1195-48c5-845b-b98054105eec,CELLxGENE dataset-level metadata; cell-type count per neural subtype not always provided in collection API.
240,43.85,CELLxGENE:83b5e943-a1d5-4164-b3f2-f7a37f01b524,Pathogenic variants damage cell composition and single cell transcription in cardiomyopathies,2022,10.1126/science.abo1984,CELLxGENE Discover,Homo sapiens,apex of heart; heart left ventricle; heart right ventricle; interventricular septum,arrhythmogenic right ventricular cardiomyopathy; dilated cardiomyopathy; non-compaction cardiomyopathy; normal,snRNA-seq,7999,neuron | matched labels: cardiac neuron,RBFOX3;TUBB3;SNAP25;PRPH;PHOX2B,A = repository cell_type annotation includes neural-related cells,rare neural-related population,not determined from repository metadata,no,general peripheral neurobiology,https://datasets.cellxgene.cziscience.com/73b3b585-499e-4336-9ff8-2913d106c8b4.h5ad ; collection: https://cellxgene.cziscience.com/collections/e75342a8-0f3b-4ec5-8ee1-245a23e0f7cb,https://cellxgene.cziscience.com/collections/e75342a8-0f3b-4ec5-8ee1-245a23e0f7cb,CELLxGENE dataset-level metadata; cell-type count per neural subtype not always provided in collection API.
241,43.56,CELLxGENE:ed839584-54ea-4914-ab0d-4ecc5a649bf1,"Tabula Microcebus: A transcriptomic cell atlas of mouse lemur, an emerging primate model organism",2025,10.1038/s41586-025-09113-9,CELLxGENE Discover,Microcebus murinus,cardiac muscle tissue; heart; heart left ventricle; heart right ventricle; left cardiac atrium; right cardiac atrium,normal,scRNA-seq,5053,neuron | matched labels: neuron,RBFOX3;TUBB3;SNAP25;PRPH;PHOX2B,A = repository cell_type annotation includes neural-related cells,rare neural-related population,not determined from repository metadata,no,general peripheral neurobiology,https://datasets.cellxgene.cziscience.com/361a0105-3715-408a-b8ba-a60a04449d22.h5ad ; collection: https://cellxgene.cziscience.com/collections/a137437b-d284-4a27-b1e9-36958a8f92c1,https://cellxgene.cziscience.com/collections/a137437b-d284-4a27-b1e9-36958a8f92c1,CELLxGENE dataset-level metadata; cell-type count per neural subtype not always provided in collection API.
242,43.55,CELLxGENE:e69d2744-9033-4afd-80c0-d395be398ec2,A human fetal lung cell atlas uncovers proximal-distal gradients of differentiation and key regulators of epithelial fates,2022,10.1016/j.cell.2022.11.005,CELLxGENE Discover,Homo sapiens,lung,normal,spatial transcriptomics,4992,neuroendocrine cell | matched labels: pulmonary neuroendocrine cell,CHGA;CHGB;ASCL1;SYP;NCAM1,A = repository cell_type annotation includes neural-related cells,rare neural-related population,not determined from repository metadata,yes,general peripheral neurobiology,https://datasets.cellxgene.cziscience.com/808b803d-5e5e-4659-a9a4-9858456ccaff.h5ad ; collection: https://cellxgene.cziscience.com/collections/2d2e2acd-dade-489f-a2da-6c11aa654028,https://cellxgene.cziscience.com/collections/2d2e2acd-dade-489f-a2da-6c11aa654028,CELLxGENE dataset-level metadata; cell-type count per neural subtype not always provided in collection API.
243,43.55,CELLxGENE:56139b1e-9fc5-4aab-9058-0102bc7cc74a,A human fetal lung cell atlas uncovers proximal-distal gradients of differentiation and key regulators of epithelial fates,2022,10.1016/j.cell.2022.11.005,CELLxGENE Discover,Homo sapiens,lung,normal,spatial transcriptomics,4992,neuroendocrine cell | matched labels: pulmonary neuroendocrine cell,CHGA;CHGB;ASCL1;SYP;NCAM1,A = repository cell_type annotation includes neural-related cells,rare neural-related population,not determined from repository metadata,yes,general peripheral neurobiology,https://datasets.cellxgene.cziscience.com/633e1b14-4911-439b-8980-26156718a19b.h5ad ; collection: https://cellxgene.cziscience.com/collections/2d2e2acd-dade-489f-a2da-6c11aa654028,https://cellxgene.cziscience.com/collections/2d2e2acd-dade-489f-a2da-6c11aa654028,CELLxGENE dataset-level metadata; cell-type count per neural subtype not always provided in collection API.
244,43.55,CELLxGENE:30354fd6-4c1b-4083-b6da-8cfbcce1f7b9,A human fetal lung cell atlas uncovers proximal-distal gradients of differentiation and key regulators of epithelial fates,2022,10.1016/j.cell.2022.11.005,CELLxGENE Discover,Homo sapiens,lung,normal,spatial transcriptomics,4992,neuroendocrine cell | matched labels: pulmonary neuroendocrine cell,CHGA;CHGB;ASCL1;SYP;NCAM1,A = repository cell_type annotation includes neural-related cells,rare neural-related population,not determined from repository metadata,yes,general peripheral neurobiology,https://datasets.cellxgene.cziscience.com/89e334a9-3977-4ec7-98dc-716ed06bddc3.h5ad ; collection: https://cellxgene.cziscience.com/collections/2d2e2acd-dade-489f-a2da-6c11aa654028,https://cellxgene.cziscience.com/collections/2d2e2acd-dade-489f-a2da-6c11aa654028,CELLxGENE dataset-level metadata; cell-type count per neural subtype not always provided in collection API.
245,43.55,CELLxGENE:2adc282f-60f1-4afa-a990-940065af4b53,A human fetal lung cell atlas uncovers proximal-distal gradients of differentiation and key regulators of epithelial fates,2022,10.1016/j.cell.2022.11.005,CELLxGENE Discover,Homo sapiens,lung,normal,spatial transcriptomics,4992,neuroendocrine cell | matched labels: pulmonary neuroendocrine cell,CHGA;CHGB;ASCL1;SYP;NCAM1,A = repository cell_type annotation includes neural-related cells,rare neural-related population,not determined from repository metadata,yes,general peripheral neurobiology,https://datasets.cellxgene.cziscience.com/e48bea7e-8cd8-4b59-80a0-34ec6419f4d2.h5ad ; collection: https://cellxgene.cziscience.com/collections/2d2e2acd-dade-489f-a2da-6c11aa654028,https://cellxgene.cziscience.com/collections/2d2e2acd-dade-489f-a2da-6c11aa654028,CELLxGENE dataset-level metadata; cell-type count per neural subtype not always provided in collection API.
246,43.55,CELLxGENE:1c6f271e-dfc0-48b5-8fb4-65d297a7666c,A human fetal lung cell atlas uncovers proximal-distal gradients of differentiation and key regulators of epithelial fates,2022,10.1016/j.cell.2022.11.005,CELLxGENE Discover,Homo sapiens,lung,normal,spatial transcriptomics,4992,neuroendocrine cell | matched labels: pulmonary neuroendocrine cell,CHGA;CHGB;ASCL1;SYP;NCAM1,A = repository cell_type annotation includes neural-related cells,rare neural-related population,not determined from repository metadata,yes,general peripheral neurobiology,https://datasets.cellxgene.cziscience.com/fb506eb2-7411-4fd3-89b2-b1d45912d29c.h5ad ; collection: https://cellxgene.cziscience.com/collections/2d2e2acd-dade-489f-a2da-6c11aa654028,https://cellxgene.cziscience.com/collections/2d2e2acd-dade-489f-a2da-6c11aa654028,CELLxGENE dataset-level metadata; cell-type count per neural subtype not always provided in collection API.
247,43.48,CELLxGENE:5ee552f5-834c-4766-92c8-5a09dfd45767,Progressive plasticity during colorectal cancer metastasis,2025,10.1038/s41586-024-08560-0,CELLxGENE Discover,Homo sapiens,caecum; descending colon; hepatic flexure of colon; rectum; sigmoid colon; transverse colon,colorectal cancer; normal,scRNA-seq,21026,enteroendocrine cell | matched labels: enteroendocrine cell of colon,CHGA;CHGB;NEUROD1;PAX6;GCG,A = repository cell_type annotation includes neural-related cells,rare neural-related population,not determined from repository metadata,no,神经-免疫通讯,https://datasets.cellxgene.cziscience.com/f20aae78-a32b-4914-8a98-7478c48324d3.h5ad ; collection: https://cellxgene.cziscience.com/collections/1cbfb478-2c7f-4d15-b522-9f74e9fe52a8,https://cellxgene.cziscience.com/collections/1cbfb478-2c7f-4d15-b522-9f74e9fe52a8,CELLxGENE dataset-level metadata; cell-type count per neural subtype not always provided in collection API.
248,43.21,CELLxGENE:4b5afdf9-9299-4655-9218-c9f67b3776e7,Progressive plasticity during colorectal cancer metastasis,2025,10.1038/s41586-024-08560-0,CELLxGENE Discover,Homo sapiens,caecum; hepatic flexure of colon; liver; sigmoid colon,colorectal cancer; normal,scRNA-seq,13843,enteroendocrine cell | matched labels: enteroendocrine cell of colon,CHGA;CHGB;NEUROD1;PAX6;GCG,A = repository cell_type annotation includes neural-related cells,rare neural-related population,not determined from repository metadata,no,神经-免疫通讯,https://datasets.cellxgene.cziscience.com/dbc8f31b-e54e-4519-a9e2-c6c17765914d.h5ad ; collection: https://cellxgene.cziscience.com/collections/1cbfb478-2c7f-4d15-b522-9f74e9fe52a8,https://cellxgene.cziscience.com/collections/1cbfb478-2c7f-4d15-b522-9f74e9fe52a8,CELLxGENE dataset-level metadata; cell-type count per neural subtype not always provided in collection API.
249,41.48,CELLxGENE:b347446f-2e38-4248-96fb-39acc50f2112,Profiling of epithelial functional states and fibroblast phenotypes in hormone therapy-naïve localised prostate cancer,2025,10.1101/2024.10.23.619925,CELLxGENE Discover,Homo sapiens,prostate gland,prostatic acinar adenocarcinoma,scRNA-seq,20858,neuroendocrine cell | matched labels: prostate neuroendocrine cell,CHGA;CHGB;ASCL1;SYP;NCAM1,A = repository cell_type annotation includes neural-related cells,rare neural-related population,not determined from repository metadata,no,神经-免疫通讯,https://datasets.cellxgene.cziscience.com/8d50e14d-4b9c-48fa-873a-a80f0bea9601.h5ad ; collection: https://cellxgene.cziscience.com/collections/bdac7a53-fe34-4f04-8c46-f9bd5297c099,https://cellxgene.cziscience.com/collections/bdac7a53-fe34-4f04-8c46-f9bd5297c099,CELLxGENE dataset-level metadata; cell-type count per neural subtype not always provided in collection API.
250,39.78,CELLxGENE:fe4b89d5-461e-440c-a5a8-621b37b122c0,The landscape of immune dysregulation in Crohn’s disease revealed through single-cell transcriptomic profiling in the ileum and colon,2023,10.1016/j.immuni.2023.01.002,CELLxGENE Discover,Homo sapiens,epithelium of small intestine; ileal epithelium; ileum; ileum lamina propria; lamina propria of small intestine; small intestine,Crohn disease; normal,scRNA-seq,154136,enteroendocrine cell | matched labels: type EC enteroendocrine cell; type L enteroendocrine cell,CHGA;CHGB;NEUROD1;PAX6;GCG,A = repository cell_type annotation includes neural-related cells,rare neural-related population,not determined from repository metadata,no,神经-免疫通讯;炎症,https://datasets.cellxgene.cziscience.com/6a6b7339-106f-420b-95ae-c8d2d91f9945.h5ad ; collection: https://cellxgene.cziscience.com/collections/5c868b6f-62c5-4532-9d7f-a346ad4b50a7,https://cellxgene.cziscience.com/collections/5c868b6f-62c5-4532-9d7f-a346ad4b50a7,CELLxGENE dataset-level metadata; cell-type count per neural subtype not always provided in collection API.
251,39.75,CELLxGENE:e5233a94-9e43-418c-8209-6f1400c31530,Single-cell RNA sequencing unifies developmental programs of Esophageal and Gastric Intestinal Metaplasia,2023,10.1158/2159-8290.cd-22-0824,CELLxGENE Discover,Homo sapiens,body of stomach; cardia of stomach; colon; duodenum; esophagogastric junction; ileum; lower esophagus; rectum; submucosal esophageal gland,Barrett esophagus; gastric intestinal metaplasia; gastritis; normal,scRNA-seq,146583,enteroendocrine cell | matched labels: P/D1 enteroendocrine cell; enteroendocrine cell; type G enteroendocrine cell,CHGA;CHGB;NEUROD1;PAX6;GCG,A = repository cell_type annotation includes neural-related cells,rare neural-related population,not determined from repository metadata,no,general peripheral neurobiology,https://datasets.cellxgene.cziscience.com/1ec71067-b1e4-45dc-8c94-5c0c65b4af0f.h5ad ; collection: https://cellxgene.cziscience.com/collections/a18474f4-ff1e-4864-af69-270b956cee5b,https://cellxgene.cziscience.com/collections/a18474f4-ff1e-4864-af69-270b956cee5b,CELLxGENE dataset-level metadata; cell-type count per neural subtype not always provided in collection API.
252,39.52,CELLxGENE:1a2e3350-28a8-4f49-b33c-5b67ceb001f6,Blood and immune development in human fetal bone marrow and Down syndrome,2022,10.1038/s41586-021-03929-x,CELLxGENE Discover,Homo sapiens,bone marrow,normal,scRNA-seq,103228,Schwann cell | matched labels: Schwann cell,SOX10;MPZ;PLP1;MBP;PMP22,A = repository cell_type annotation includes neural-related cells,rare neural-related population,not determined from repository metadata,no,神经-免疫通讯;外周神经再生,https://datasets.cellxgene.cziscience.com/47362a52-4a8c-48ae-8968-00d4e57d1dfc.h5ad ; collection: https://cellxgene.cziscience.com/collections/793fdaec-5067-428a-a9db-ecefe135c945,https://cellxgene.cziscience.com/collections/793fdaec-5067-428a-a9db-ecefe135c945,CELLxGENE dataset-level metadata; cell-type count per neural subtype not always provided in collection API.
253,39.49,CELLxGENE:5ce42b38-d867-487f-9b40-e8bb00b21d0b,The landscape of immune dysregulation in Crohn’s disease revealed through single-cell transcriptomic profiling in the ileum and colon,2023,10.1016/j.immuni.2023.01.002,CELLxGENE Discover,Homo sapiens,ascending colon; caecum epithelium; caecum lamina propria; colon; colonic epithelium; descending colon; lamina propria of mucosa of colon; sigmoid colon; sigmoid colon epithelium; sigmoid colon lamina propria; transverse colon epithelium; transverse colon lamina propria,Crohn disease; normal,scRNA-seq,97788,enteroendocrine cell | matched labels: enteroendocrine cell,CHGA;CHGB;NEUROD1;PAX6;GCG,A = repository cell_type annotation includes neural-related cells,rare neural-related population,not determined from repository metadata,no,神经-免疫通讯;炎症,https://datasets.cellxgene.cziscience.com/333491b4-ca9b-4369-8706-38f7bb5bcd46.h5ad ; collection: https://cellxgene.cziscience.com/collections/5c868b6f-62c5-4532-9d7f-a346ad4b50a7,https://cellxgene.cziscience.com/collections/5c868b6f-62c5-4532-9d7f-a346ad4b50a7,CELLxGENE dataset-level metadata; cell-type count per neural subtype not always provided in collection API.
254,39.35,CELLxGENE:773b9b2e-70c8-40be-8cbb-e7b5abab360d,Single-cell RNA sequencing unifies developmental programs of Esophageal and Gastric Intestinal Metaplasia,2023,10.1158/2159-8290.cd-22-0824,CELLxGENE Discover,Homo sapiens,body of stomach; cardia of stomach; colon; duodenum; esophagogastric junction; ileum; lower esophagus; rectum,Barrett esophagus; gastric intestinal metaplasia; gastritis; normal,scRNA-seq,79522,enteroendocrine cell | matched labels: P/D1 enteroendocrine cell; enteroendocrine cell; type G enteroendocrine cell,CHGA;CHGB;NEUROD1;PAX6;GCG,A = repository cell_type annotation includes neural-related cells,rare neural-related population,not determined from repository metadata,no,general peripheral neurobiology,https://datasets.cellxgene.cziscience.com/5a59e32e-1e37-47ef-ad49-c6fb8637d729.h5ad ; collection: https://cellxgene.cziscience.com/collections/a18474f4-ff1e-4864-af69-270b956cee5b,https://cellxgene.cziscience.com/collections/a18474f4-ff1e-4864-af69-270b956cee5b,CELLxGENE dataset-level metadata; cell-type count per neural subtype not always provided in collection API.
255,39.22,CELLxGENE:e40c6272-af77-4a10-9385-62a398884f27,HTAN VUMC - Differential pre-malignant programs and microenvironment chart distinct paths to malignancy in human colorectal polyps,2022,10.1016/j.cell.2021.11.031,CELLxGENE Discover,Homo sapiens,ascending colon; descending colon; hepatic cecum; hepatic flexure of colon; rectum; sigmoid colon; transverse colon,colon sessile serrated adenoma/polyp; colorectal neoplasm; hyperplastic polyp; normal; tubular adenoma; tubulovillous adenoma,scRNA-seq,65088,enteroendocrine cell | matched labels: intestinal enteroendocrine cell,CHGA;CHGB;NEUROD1;PAX6;GCG,A = repository cell_type annotation includes neural-related cells,rare neural-related population,not determined from repository metadata,no,general peripheral neurobiology,https://datasets.cellxgene.cziscience.com/9da034b0-de48-47ab-97f6-21b5f2dbd1a4.h5ad ; collection: https://cellxgene.cziscience.com/collections/a48f5033-3438-4550-8574-cdff3263fdfd,https://cellxgene.cziscience.com/collections/a48f5033-3438-4550-8574-cdff3263fdfd,CELLxGENE dataset-level metadata; cell-type count per neural subtype not always provided in collection API.
256,38.81,CELLxGENE:4dd00779-7f73-4f50-89bb-e2d3c6b71b18,Intra- and Inter-cellular Rewiring of the Human Colon during Ulcerative Colitis,2023,10.1016/j.cell.2019.06.029,CELLxGENE Discover,Homo sapiens,caecum epithelium; colonic epithelium; transverse colon epithelium,normal,scRNA-seq,34772,enteroendocrine cell | matched labels: enteroendocrine cell,CHGA;CHGB;NEUROD1;PAX6;GCG,A = repository cell_type annotation includes neural-related cells,rare neural-related population,not determined from repository metadata,no,神经-免疫通讯;炎症;伤口修复,https://datasets.cellxgene.cziscience.com/774d77e7-210d-4237-8ca8-8d2bb841a2e4.h5ad ; collection: https://cellxgene.cziscience.com/collections/33d19f34-87f5-455b-8ca5-9023a2e5453d,https://cellxgene.cziscience.com/collections/33d19f34-87f5-455b-8ca5-9023a2e5453d,CELLxGENE dataset-level metadata; cell-type count per neural subtype not always provided in collection API.
257,38.78,CELLxGENE:9ba03780-4b13-44bc-a7d3-ce532ea0a856,Tabula Sapiens,2021,10.1126/science.abl4896,CELLxGENE Discover,Homo sapiens,mucosa of stomach; muscularis mucosae of stomach; stomach; stomach smooth muscle,normal,scRNA-seq,33064,enteroendocrine cell | matched labels: enteroendocrine cell,CHGA;CHGB;NEUROD1;PAX6;GCG,A = repository cell_type annotation includes neural-related cells,rare neural-related population,not determined from repository metadata,no,general peripheral neurobiology,https://datasets.cellxgene.cziscience.com/3e8bd2b2-fe53-4b95-abb2-ce971b4f1c14.h5ad ; collection: https://cellxgene.cziscience.com/collections/e5f58829-1a66-40b5-a624-9046778e74f5,https://cellxgene.cziscience.com/collections/e5f58829-1a66-40b5-a624-9046778e74f5,CELLxGENE dataset-level metadata; cell-type count per neural subtype not always provided in collection API.
258,38.77,CELLxGENE:13b61a7d-5605-4948-ba48-02c588960143,Impaired local intrinsic immunity to SARS-CoV-2 infection in severe COVID-19,2022,10.1016/j.cell.2021.07.023,CELLxGENE Discover,Homo sapiens,nasopharynx,COVID-19; long COVID-19; normal; respiratory failure,scRNA-seq,32588,enteroendocrine cell | matched labels: enteroendocrine cell,CHGA;CHGB;NEUROD1;PAX6;GCG,A = repository cell_type annotation includes neural-related cells,rare neural-related population,not determined from repository metadata,no,神经-免疫通讯;炎症,https://datasets.cellxgene.cziscience.com/6a6db93e-901f-4054-90e0-14af5207978a.h5ad ; collection: https://cellxgene.cziscience.com/collections/35d0b748-3eed-43a5-a1c4-1dade5ec5ca0,https://cellxgene.cziscience.com/collections/35d0b748-3eed-43a5-a1c4-1dade5ec5ca0,CELLxGENE dataset-level metadata; cell-type count per neural subtype not always provided in collection API.
259,38.65,CELLxGENE:066943a2-fdac-4b29-b348-40cede398e4e,The integrated Human Lung Cell Atlas,2022,10.1038/s41591-023-02327-2,CELLxGENE Discover,Homo sapiens,lung parenchyma; nose; respiratory airway,normal,scRNA-seq,584944,neuroendocrine cell | matched labels: pulmonary neuroendocrine cell,CHGA;CHGB;ASCL1;SYP;NCAM1,A = repository cell_type annotation includes neural-related cells,rare neural-related population,not determined from repository metadata,no,general peripheral neurobiology,https://datasets.cellxgene.cziscience.com/688185ad-11c2-4172-a53a-f4f1f4076860.h5ad ; collection: https://cellxgene.cziscience.com/collections/6f6d381a-7701-4781-935c-db10d30de293,https://cellxgene.cziscience.com/collections/6f6d381a-7701-4781-935c-db10d30de293,CELLxGENE dataset-level metadata; cell-type count per neural subtype not always provided in collection API.
260,38.51,CELLxGENE:f14bc322-1322-4184-8d16-409557525ea5,Single-cell RNA-seq analysis of Interstitial Lung Disease (ILD) subtypes,2025,10.1038/s41588-024-01702-0,CELLxGENE Discover,Homo sapiens,lung,anthracosis; hypersensitivity pneumonitis; interstitial lung disease; lymphoid interstitial pneumonia; non-specific interstitial pneumonia; normal; pulmonary sarcoidosis,scRNA-seq,471905,neuroendocrine cell | matched labels: pulmonary neuroendocrine cell,CHGA;CHGB;ASCL1;SYP;NCAM1,A = repository cell_type annotation includes neural-related cells,rare neural-related population,not determined from repository metadata,no,general peripheral neurobiology,https://datasets.cellxgene.cziscience.com/c3d9262e-0dc5-4eca-bf20-56e6d96d0306.h5ad ; collection: https://cellxgene.cziscience.com/collections/07e12576-b41b-4350-adfc-059bfc4328ea,https://cellxgene.cziscience.com/collections/07e12576-b41b-4350-adfc-059bfc4328ea,CELLxGENE dataset-level metadata; cell-type count per neural subtype not always provided in collection API.
261,38.45,CELLxGENE:a5ab6cde-46d4-4667-9b32-cfce54fa7a4e,Epithelial zonation along the mammalian small intestine defines five discrete metabolic domains,2024,10.1038/s41556-023-01337-z,CELLxGENE Discover,Mus musculus,small intestine,normal,scRNA-seq,19847,enteroendocrine cell | matched labels: enteroendocrine cell of small intestine,CHGA;CHGB;NEUROD1;PAX6;GCG,A = repository cell_type annotation includes neural-related cells,rare neural-related population,not determined from repository metadata,no,general peripheral neurobiology,https://datasets.cellxgene.cziscience.com/3dfc4a1f-5683-4f2a-8a19-bedf27daa3e5.h5ad ; collection: https://cellxgene.cziscience.com/collections/3db5617e-9f12-4eb4-8416-94893a0d7c46,https://cellxgene.cziscience.com/collections/3db5617e-9f12-4eb4-8416-94893a0d7c46,CELLxGENE dataset-level metadata; cell-type count per neural subtype not always provided in collection API.
262,38.42,CELLxGENE:b6ee0939-b5b9-4e03-9d69-96fb6bf5d434,Epithelial zonation along the mammalian small intestine defines five discrete metabolic domains,2024,10.1038/s41556-023-01337-z,CELLxGENE Discover,Homo sapiens,small intestine,normal,scRNA-seq,19200,enteroendocrine cell | matched labels: enteroendocrine cell of small intestine,CHGA;CHGB;NEUROD1;PAX6;GCG,A = repository cell_type annotation includes neural-related cells,rare neural-related population,not determined from repository metadata,no,general peripheral neurobiology,https://datasets.cellxgene.cziscience.com/5b26f06a-326d-4f57-8f32-e9e5c5429176.h5ad ; collection: https://cellxgene.cziscience.com/collections/3db5617e-9f12-4eb4-8416-94893a0d7c46,https://cellxgene.cziscience.com/collections/3db5617e-9f12-4eb4-8416-94893a0d7c46,CELLxGENE dataset-level metadata; cell-type count per neural subtype not always provided in collection API.
263,38.37,CELLxGENE:fd89be61-2869-4342-a86e-e1fce3a8f269,Spatiotemporal analysis of human intestinal development at single-cell resolution,2021,10.1016/j.cell.2020.12.016,CELLxGENE Discover,Homo sapiens,colon; hindgut; ileum,normal,scRNA-seq,17622,enteroendocrine cell | matched labels: enteroendocrine cell,CHGA;CHGB;NEUROD1;PAX6;GCG,A = repository cell_type annotation includes neural-related cells,rare neural-related population,yes/likely described by authors; verify in publication,no,general peripheral neurobiology,https://datasets.cellxgene.cziscience.com/9c8cf5c7-6528-4bf0-b482-7ef38e55fe27.h5ad ; collection: https://cellxgene.cziscience.com/collections/60358420-6055-411d-ba4f-e8ac80682a2e,https://cellxgene.cziscience.com/collections/60358420-6055-411d-ba4f-e8ac80682a2e,CELLxGENE dataset-level metadata; cell-type count per neural subtype not always provided in collection API.
264,38.31,CELLxGENE:eb499fd8-7000-419f-8854-926b9b61b11f,Human CellCards Multi-Study CellRef 1.0 Atlas,2024,10.1038/s41467-023-40173-5,CELLxGENE Discover,Homo sapiens,lung,normal,scRNA-seq,347970,neuroendocrine cell | matched labels: pulmonary neuroendocrine cell,CHGA;CHGB;ASCL1;SYP;NCAM1,A = repository cell_type annotation includes neural-related cells,rare neural-related population,not determined from repository metadata,no,general peripheral neurobiology,https://datasets.cellxgene.cziscience.com/d6184057-2178-4946-b9b1-dc56543a77aa.h5ad ; collection: https://cellxgene.cziscience.com/collections/f86d6317-7215-409e-bfda-3f4ded3dadaa,https://cellxgene.cziscience.com/collections/f86d6317-7215-409e-bfda-3f4ded3dadaa,CELLxGENE dataset-level metadata; cell-type count per neural subtype not always provided in collection API.
265,38.15,CELLxGENE:d68a8b48-abf0-4bd5-8834-155d34ec448a,Bronchopulmonary Dysplasia,2025,not reported in repository metadata,CELLxGENE Discover,Homo sapiens,middle lobe of right lung,bronchopulmonary dysplasia; normal,snRNA-seq,271381,neuroendocrine cell | matched labels: pulmonary neuroendocrine cell,CHGA;CHGB;ASCL1;SYP;NCAM1,A = repository cell_type annotation includes neural-related cells,rare neural-related population,not determined from repository metadata,no,general peripheral neurobiology,https://datasets.cellxgene.cziscience.com/83bbeaaf-f5e0-42ac-be8a-dbc4e0c0d433.h5ad ; collection: https://cellxgene.cziscience.com/collections/3a5dbf8a-9b3e-4309-b4c5-d8a024f83734,https://cellxgene.cziscience.com/collections/3a5dbf8a-9b3e-4309-b4c5-d8a024f83734,CELLxGENE dataset-level metadata; cell-type count per neural subtype not always provided in collection API.
266,38.15,CELLxGENE:019c7af2-c827-4454-9970-44d5e39ce068,A proximal-to-distal survey of healthy adult human small intestine and colon epithelium by single-cell transcriptomics,2023,10.1016/j.jcmgh.2022.02.007,CELLxGENE Discover,Homo sapiens,ascending colon; descending colon; duodenum; ileum; jejunum; transverse colon,normal,scRNA-seq,12590,enteroendocrine cell | matched labels: enteroendocrine cell of colon; enteroendocrine cell of small intestine,CHGA;CHGB;NEUROD1;PAX6;GCG,A = repository cell_type annotation includes neural-related cells,rare neural-related population,not determined from repository metadata,no,general peripheral neurobiology,https://datasets.cellxgene.cziscience.com/487be01d-3df6-417f-83c5-ad2bff5c46e7.h5ad ; collection: https://cellxgene.cziscience.com/collections/64b24fda-6591-4ce1-89e7-33eb6c43ad7b,https://cellxgene.cziscience.com/collections/64b24fda-6591-4ce1-89e7-33eb6c43ad7b,CELLxGENE dataset-level metadata; cell-type count per neural subtype not always provided in collection API.
267,38.06,CELLxGENE:edc8d3fe-153c-4e3d-8be0-2108d30f8d70,Local and systemic responses to SARS-CoV-2 infection in children and adults,2022,10.1038/s41586-021-04345-x,CELLxGENE Discover,Homo sapiens,bronchus; nasal cavity; trachea,COVID-19; normal,scRNA-seq,236977,neuroendocrine cell | matched labels: neuroendocrine cell,CHGA;CHGB;ASCL1;SYP;NCAM1,A = repository cell_type annotation includes neural-related cells,rare neural-related population,not determined from repository metadata,no,神经-免疫通讯;炎症,https://datasets.cellxgene.cziscience.com/f9efb73e-f116-46b5-a775-d4233e758024.h5ad ; collection: https://cellxgene.cziscience.com/collections/03f821b4-87be-4ff4-b65a-b5fc00061da7,https://cellxgene.cziscience.com/collections/03f821b4-87be-4ff4-b65a-b5fc00061da7,CELLxGENE dataset-level metadata; cell-type count per neural subtype not always provided in collection API.
268,38.02,CELLxGENE:569bce19-14c3-436f-bebf-543e5ea025dc,Integrated human endoderm-derived organoids cell atlas (HEOCA),2024,10.1038/s41588-025-02182-6,CELLxGENE Discover,Homo sapiens,alveolar sac; bronchus; lung; lung epithelium; nasopharynx,normal,scRNA-seq,221425,neuroendocrine cell | matched labels: neuroendocrine cell,CHGA;CHGB;ASCL1;SYP;NCAM1,A = repository cell_type annotation includes neural-related cells,rare neural-related population,not determined from repository metadata,no,general peripheral neurobiology,https://datasets.cellxgene.cziscience.com/a489d69e-dd99-4663-9cfd-3d7e0e876103.h5ad ; collection: https://cellxgene.cziscience.com/collections/6282a908-f162-44a2-99a3-8a942e4271b2,https://cellxgene.cziscience.com/collections/6282a908-f162-44a2-99a3-8a942e4271b2,CELLxGENE dataset-level metadata; cell-type count per neural subtype not always provided in collection API.
269,37.88,CELLxGENE:2491629a-bde0-46ad-a073-e34fcb516857,Tabula Muris Senis,2021,10.1038/s41586-020-2496-1,CELLxGENE Discover,Mus musculus,large intestine,normal,scRNA-seq,8311,enteroendocrine cell | matched labels: enteroendocrine cell,CHGA;CHGB;NEUROD1;PAX6;GCG,A = repository cell_type annotation includes neural-related cells,rare neural-related population,not determined from repository metadata,no,general peripheral neurobiology,https://datasets.cellxgene.cziscience.com/368d2716-4c74-46a4-9f31-389faf5fe09b.h5ad ; collection: https://cellxgene.cziscience.com/collections/0b9d8a04-bb9d-44da-aa27-705bb65b54eb,https://cellxgene.cziscience.com/collections/0b9d8a04-bb9d-44da-aa27-705bb65b54eb,CELLxGENE dataset-level metadata; cell-type count per neural subtype not always provided in collection API.
270,37.67,CELLxGENE:248cf7bf-508b-4c28-a2fd-cabe2ab956aa,Single-cell transcriptome analysis reveals differential nutrient absorption functions in human intestine,2022,10.1084/jem.20191130,CELLxGENE Discover,Homo sapiens,ileum,normal,scRNA-seq,5980,enteroendocrine cell | matched labels: enteroendocrine cell of colon,CHGA;CHGB;NEUROD1;PAX6;GCG,A = repository cell_type annotation includes neural-related cells,rare neural-related population,not determined from repository metadata,no,general peripheral neurobiology,https://datasets.cellxgene.cziscience.com/685f053a-2204-489a-b166-1d0190406be6.h5ad ; collection: https://cellxgene.cziscience.com/collections/ff668d5d-5b3f-49ee-a007-ff0664bf35ec,https://cellxgene.cziscience.com/collections/ff668d5d-5b3f-49ee-a007-ff0664bf35ec,CELLxGENE dataset-level metadata; cell-type count per neural subtype not always provided in collection API.
271,37.57,CELLxGENE:ee195b7d-184d-4dfa-9b1c-51a7e601ac11,Charting human development using a multi-endodermal organ atlas and organoid models,2023,10.1016/j.cell.2021.04.028,CELLxGENE Discover,Homo sapiens,duodenum,normal,scRNA-seq,5200,enteroendocrine cell | matched labels: enteroendocrine cell,CHGA;CHGB;NEUROD1;PAX6;GCG,A = repository cell_type annotation includes neural-related cells,rare neural-related population,yes/likely described by authors; verify in publication,no,general peripheral neurobiology,https://datasets.cellxgene.cziscience.com/1f896487-282d-4303-a948-3cbdd1b721b0.h5ad ; collection: https://cellxgene.cziscience.com/collections/dfc09a93-bce0-4c77-893d-e153d1b7f9fa,https://cellxgene.cziscience.com/collections/dfc09a93-bce0-4c77-893d-e153d1b7f9fa,CELLxGENE dataset-level metadata; cell-type count per neural subtype not always provided in collection API.
272,37.45,CELLxGENE:4e74d843-8d7a-497a-918a-f079ef141b6d,Single-cell transcriptome analysis reveals differential nutrient absorption functions in human intestine,2022,10.1084/jem.20191130,CELLxGENE Discover,Homo sapiens,ascending colon,normal,scRNA-seq,4329,enteroendocrine cell | matched labels: enteroendocrine cell of colon,CHGA;CHGB;NEUROD1;PAX6;GCG,A = repository cell_type annotation includes neural-related cells,rare neural-related population,not determined from repository metadata,no,general peripheral neurobiology,https://datasets.cellxgene.cziscience.com/a3680bf6-bafa-4d07-843a-361e179138a2.h5ad ; collection: https://cellxgene.cziscience.com/collections/ff668d5d-5b3f-49ee-a007-ff0664bf35ec,https://cellxgene.cziscience.com/collections/ff668d5d-5b3f-49ee-a007-ff0664bf35ec,CELLxGENE dataset-level metadata; cell-type count per neural subtype not always provided in collection API.
273,37.37,CELLxGENE:80d7111d-f9fe-49fd-871e-6e618312c341,Single-cell transcriptome analysis reveals differential nutrient absorption functions in human intestine,2022,10.1084/jem.20191130,CELLxGENE Discover,Homo sapiens,rectum,normal,scRNA-seq,3797,enteroendocrine cell | matched labels: enteroendocrine cell of colon,CHGA;CHGB;NEUROD1;PAX6;GCG,A = repository cell_type annotation includes neural-related cells,rare neural-related population,not determined from repository metadata,no,general peripheral neurobiology,https://datasets.cellxgene.cziscience.com/70705d58-9054-48ef-ab49-a987b9b09ee6.h5ad ; collection: https://cellxgene.cziscience.com/collections/ff668d5d-5b3f-49ee-a007-ff0664bf35ec,https://cellxgene.cziscience.com/collections/ff668d5d-5b3f-49ee-a007-ff0664bf35ec,CELLxGENE dataset-level metadata; cell-type count per neural subtype not always provided in collection API.
274,37.23,CELLxGENE:8c42cfd0-0b0a-46d5-910c-fc833d83c45e,A molecular cell atlas of the human lung from single cell RNA sequencing,2020,10.1038/s41586-020-2922-4,CELLxGENE Discover,Homo sapiens,blood; lung,normal,scRNA-seq,65662,neuroendocrine cell | matched labels: pulmonary neuroendocrine cell,CHGA;CHGB;ASCL1;SYP;NCAM1,A = repository cell_type annotation includes neural-related cells,rare neural-related population,not determined from repository metadata,no,general peripheral neurobiology,https://datasets.cellxgene.cziscience.com/f5568ea3-c249-4e4e-91f8-46abc30a5612.h5ad ; collection: https://cellxgene.cziscience.com/collections/5d445965-6f1a-4b68-ba3a-b8f765155d3a,https://cellxgene.cziscience.com/collections/5d445965-6f1a-4b68-ba3a-b8f765155d3a,CELLxGENE dataset-level metadata; cell-type count per neural subtype not always provided in collection API.
275,37.13,CELLxGENE:10c0c666-bd99-4a5c-b697-f1be835f5427,Human Lung Allografts Experience Persistent Fibrogenic Shift Following Acute Cellular Rejection,2026,10.1016/j.healun.2026.02.1666,CELLxGENE Discover,Homo sapiens,lung,acute graft versus host disease; normal,scRNA-seq,56676,neuroendocrine cell | matched labels: neuroendocrine cell,CHGA;CHGB;ASCL1;SYP;NCAM1,A = repository cell_type annotation includes neural-related cells,rare neural-related population,not determined from repository metadata,no,general peripheral neurobiology,https://datasets.cellxgene.cziscience.com/af6e81be-e65c-4821-987e-e0eb6c8acd59.h5ad ; collection: https://cellxgene.cziscience.com/collections/e276e3e2-197a-4524-abd1-a753a48dc33a,https://cellxgene.cziscience.com/collections/e276e3e2-197a-4524-abd1-a753a48dc33a,CELLxGENE dataset-level metadata; cell-type count per neural subtype not always provided in collection API.
276,37.11,CELLxGENE:66d15835-5dc8-4e96-b0eb-f48971cb65e8,Single-Cell Analysis of Human Pancreas Reveals Transcriptional Signatures of Aging and Somatic Mutation Patterns,2021,10.1016/j.cell.2017.09.004,CELLxGENE Discover,Homo sapiens,islet of Langerhans,normal,scRNA-seq,2544,enteroendocrine cell | matched labels: type A enteroendocrine cell; type D enteroendocrine cell,CHGA;CHGB;NEUROD1;PAX6;GCG,A = repository cell_type annotation includes neural-related cells,rare neural-related population,not determined from repository metadata,no,general peripheral neurobiology,https://datasets.cellxgene.cziscience.com/08d4b9cf-3425-4413-a30f-8f97fe87b1e1.h5ad ; collection: https://cellxgene.cziscience.com/collections/a238e9fa-2bdf-41df-8522-69046f99baff,https://cellxgene.cziscience.com/collections/a238e9fa-2bdf-41df-8522-69046f99baff,CELLxGENE dataset-level metadata; cell-type count per neural subtype not always provided in collection API.
277,37.0,CELLxGENE:3de0ad6d-4378-4f62-b37b-ec0b75a50d94,LungMAP — Human data from a broad age healthy donor group,2021,10.7554/eLife.62522,CELLxGENE Discover,Homo sapiens,lung,normal,snRNA-seq,46500,neuroendocrine cell | matched labels: pulmonary neuroendocrine cell,CHGA;CHGB;ASCL1;SYP;NCAM1,A = repository cell_type annotation includes neural-related cells,rare neural-related population,not determined from repository metadata,no,general peripheral neurobiology,https://datasets.cellxgene.cziscience.com/92167705-4b81-4c4b-a0b5-abe08910415e.h5ad ; collection: https://cellxgene.cziscience.com/collections/625f6bf4-2f33-4942-962e-35243d284837,https://cellxgene.cziscience.com/collections/625f6bf4-2f33-4942-962e-35243d284837,CELLxGENE dataset-level metadata; cell-type count per neural subtype not always provided in collection API.
278,36.79,CELLxGENE:f71eeea6-aa46-4d14-a53e-fb862806acee,"Tabula Microcebus: A transcriptomic cell atlas of mouse lemur, an emerging primate model organism",2025,10.1038/s41586-025-09113-9,CELLxGENE Discover,Microcebus murinus,colon,normal,scRNA-seq,1560,enteroendocrine cell | matched labels: intestinal enteroendocrine cell,CHGA;CHGB;NEUROD1;PAX6;GCG,A = repository cell_type annotation includes neural-related cells,rare neural-related population,not determined from repository metadata,no,general peripheral neurobiology,https://datasets.cellxgene.cziscience.com/377252d7-7eb6-4d1f-a146-18694c793d41.h5ad ; collection: https://cellxgene.cziscience.com/collections/a137437b-d284-4a27-b1e9-36958a8f92c1,https://cellxgene.cziscience.com/collections/a137437b-d284-4a27-b1e9-36958a8f92c1,CELLxGENE dataset-level metadata; cell-type count per neural subtype not always provided in collection API.
279,36.69,CELLxGENE:8b2e5453-faf7-46ea-9073-aea69b283cb7,Urethral luminal epithelia are castration-insensitive cells of the proximal prostate,2021,10.1002/pros.24020,CELLxGENE Discover,Homo sapiens,peripheral zone of prostate; transition zone of prostate,benign prostatic hyperplasia; normal,scRNA-seq,28847,neuroendocrine cell | matched labels: neuroendocrine cell,CHGA;CHGB;ASCL1;SYP;NCAM1,A = repository cell_type annotation includes neural-related cells,rare neural-related population,not determined from repository metadata,no,general peripheral neurobiology,https://datasets.cellxgene.cziscience.com/b11b78b1-af0f-45d2-986c-bfaaa96d1291.h5ad ; collection: https://cellxgene.cziscience.com/collections/fbc5881f-1ee3-4ffe-8095-35e15e1a08fc,https://cellxgene.cziscience.com/collections/fbc5881f-1ee3-4ffe-8095-35e15e1a08fc,CELLxGENE dataset-level metadata; cell-type count per neural subtype not always provided in collection API.
280,36.69,CELLxGENE:c3fe3c1e-5bf8-4678-b74a-79899243ad41,A Cellular Anatomy of the Normal Adult Human Prostate and Prostatic Urethra,2021,10.1016/j.celrep.2018.11.086,CELLxGENE Discover,Homo sapiens,peripheral zone of prostate; transition zone of prostate,normal,scRNA-seq,28702,neuroendocrine cell | matched labels: neuroendocrine cell,CHGA;CHGB;ASCL1;SYP;NCAM1,A = repository cell_type annotation includes neural-related cells,rare neural-related population,not determined from repository metadata,no,general peripheral neurobiology,https://datasets.cellxgene.cziscience.com/13907b46-3c3c-4092-bb6d-7b3cdb0cf7a6.h5ad ; collection: https://cellxgene.cziscience.com/collections/e2a4a67f-6a18-431a-ab9c-6e77dd31cc80,https://cellxgene.cziscience.com/collections/e2a4a67f-6a18-431a-ab9c-6e77dd31cc80,CELLxGENE dataset-level metadata; cell-type count per neural subtype not always provided in collection API.
281,36.6,CELLxGENE:88c483bf-477d-4be5-90d3-4fb101dd601f,Urethral luminal epithelia are castration-insensitive cells of the proximal prostate,2021,10.1002/pros.24020,CELLxGENE Discover,Homo sapiens,peripheral zone of prostate; transition zone of prostate,benign prostatic hyperplasia; normal,scRNA-seq,25186,neuroendocrine cell | matched labels: neuroendocrine cell,CHGA;CHGB;ASCL1;SYP;NCAM1,A = repository cell_type annotation includes neural-related cells,rare neural-related population,not determined from repository metadata,no,general peripheral neurobiology,https://datasets.cellxgene.cziscience.com/b4b41921-bb1d-4c49-80bc-25d5612283f4.h5ad ; collection: https://cellxgene.cziscience.com/collections/fbc5881f-1ee3-4ffe-8095-35e15e1a08fc,https://cellxgene.cziscience.com/collections/fbc5881f-1ee3-4ffe-8095-35e15e1a08fc,CELLxGENE dataset-level metadata; cell-type count per neural subtype not always provided in collection API.
282,36.58,CELLxGENE:e2a3c32d-71e2-4f38-b19c-dfcb8729cf46,A Cellular Anatomy of the Normal Adult Human Prostate and Prostatic Urethra,2021,10.1016/j.celrep.2018.11.086,CELLxGENE Discover,Homo sapiens,peripheral zone of prostate; transition zone of prostate,normal,scRNA-seq,24544,neuroendocrine cell | matched labels: neuroendocrine cell,CHGA;CHGB;ASCL1;SYP;NCAM1,A = repository cell_type annotation includes neural-related cells,rare neural-related population,not determined from repository metadata,no,general peripheral neurobiology,https://datasets.cellxgene.cziscience.com/5f504bb1-30d6-471c-a666-0ceda60177be.h5ad ; collection: https://cellxgene.cziscience.com/collections/e2a4a67f-6a18-431a-ab9c-6e77dd31cc80,https://cellxgene.cziscience.com/collections/e2a4a67f-6a18-431a-ab9c-6e77dd31cc80,CELLxGENE dataset-level metadata; cell-type count per neural subtype not always provided in collection API.
283,36.58,CELLxGENE:0fb7916e-7a68-4a4c-a441-3ab3989f29a7,Tabula Muris Senis,2021,10.1038/s41586-020-2496-1,CELLxGENE Discover,Mus musculus,lung,normal,scRNA-seq,24540,neuroendocrine cell | matched labels: pulmonary neuroendocrine cell,CHGA;CHGB;ASCL1;SYP;NCAM1,A = repository cell_type annotation includes neural-related cells,rare neural-related population,not determined from repository metadata,no,general peripheral neurobiology,https://datasets.cellxgene.cziscience.com/e67a08e2-96fc-4244-b8a3-fca092b22f77.h5ad ; collection: https://cellxgene.cziscience.com/collections/0b9d8a04-bb9d-44da-aa27-705bb65b54eb,https://cellxgene.cziscience.com/collections/0b9d8a04-bb9d-44da-aa27-705bb65b54eb,CELLxGENE dataset-level metadata; cell-type count per neural subtype not always provided in collection API.
284,35.96,CELLxGENE:e04daea4-4412-45b5-989e-76a9be070a89,A molecular cell atlas of the human lung from single cell RNA sequencing,2020,10.1038/s41586-020-2922-4,CELLxGENE Discover,Homo sapiens,blood; lung,normal,scRNA-seq,9409,neuroendocrine cell | matched labels: pulmonary neuroendocrine cell,CHGA;CHGB;ASCL1;SYP;NCAM1,A = repository cell_type annotation includes neural-related cells,rare neural-related population,not determined from repository metadata,no,general peripheral neurobiology,https://datasets.cellxgene.cziscience.com/c0ee0004-7bd1-4986-9b66-8a9d3593c0e6.h5ad ; collection: https://cellxgene.cziscience.com/collections/5d445965-6f1a-4b68-ba3a-b8f765155d3a,https://cellxgene.cziscience.com/collections/5d445965-6f1a-4b68-ba3a-b8f765155d3a,CELLxGENE dataset-level metadata; cell-type count per neural subtype not always provided in collection API.
285,35.9,CELLxGENE:8dc858b0-b076-4326-94bb-7c2d1cd721a3,Early human lung immune cell development and its role in epithelial cell fate,2024,10.1126/sciimmunol.adf9988,CELLxGENE Discover,Homo sapiens,lung,normal,scRNA-seq,8556,neuroendocrine cell | matched labels: pulmonary neuroendocrine cell,CHGA;CHGB;ASCL1;SYP;NCAM1,A = repository cell_type annotation includes neural-related cells,rare neural-related population,yes/likely described by authors; verify in publication,no,神经-免疫通讯,https://datasets.cellxgene.cziscience.com/2ebaaba9-0401-46a8-a242-f44f333ddb0d.h5ad ; collection: https://cellxgene.cziscience.com/collections/ec329aed-22bc-4d6e-8935-8282dcb1acac,https://cellxgene.cziscience.com/collections/ec329aed-22bc-4d6e-8935-8282dcb1acac,CELLxGENE dataset-level metadata; cell-type count per neural subtype not always provided in collection API.
286,35.58,CELLxGENE:05e6f6e3-0473-4b85-9f94-bcc5f1b5e04b,Tabula Muris Senis,2021,10.1038/s41586-020-2496-1,CELLxGENE Discover,Mus musculus,lung,normal,scRNA-seq,5218,neuroendocrine cell | matched labels: pulmonary neuroendocrine cell,CHGA;CHGB;ASCL1;SYP;NCAM1,A = repository cell_type annotation includes neural-related cells,rare neural-related population,not determined from repository metadata,no,general peripheral neurobiology,https://datasets.cellxgene.cziscience.com/8f816fcf-982e-4448-b292-bd6b937701fd.h5ad ; collection: https://cellxgene.cziscience.com/collections/0b9d8a04-bb9d-44da-aa27-705bb65b54eb,https://cellxgene.cziscience.com/collections/0b9d8a04-bb9d-44da-aa27-705bb65b54eb,CELLxGENE dataset-level metadata; cell-type count per neural subtype not always provided in collection API.
287,27.27,CELLxGENE:4023a2bc-6325-47db-bfdf-9639e91042c2,A human fetal lung cell atlas uncovers proximal-distal gradients of differentiation and key regulators of epithelial fates,2022,10.1016/j.cell.2022.11.005,CELLxGENE Discover,Homo sapiens,lung; lung,normal,scRNA-seq,70495,neuroendocrine cell | matched labels: neuroendocrine cell; pulmonary neuroendocrine cell,CHGA;CHGB;ASCL1;SYP;NCAM1,A = repository cell_type annotation includes neural-related cells,rare neural-related population,not determined from repository metadata,no,general peripheral neurobiology,https://datasets.cellxgene.cziscience.com/4397cba1-ccb3-4efa-8655-e9e1493001c3.h5ad ; collection: https://cellxgene.cziscience.com/collections/2d2e2acd-dade-489f-a2da-6c11aa654028,https://cellxgene.cziscience.com/collections/2d2e2acd-dade-489f-a2da-6c11aa654028,CELLxGENE dataset-level metadata; cell-type count per neural subtype not always provided in collection API.
288,26.47,CELLxGENE:43a1506b-aa9e-46a3-b288-d210f4595ddf,Organoid modeling of human fetal lung alveolar development reveals mechanisms of cell fate patterning and neonatal respiratory disease,2025,10.1016/j.stem.2022.11.013,CELLxGENE Discover,Homo sapiens,lung epithelium,normal,scRNA-seq,20475,neuroendocrine cell | matched labels: neuroendocrine cell of epithelium of lobar bronchus; pulmonary neuroendocrine cell,CHGA;CHGB;ASCL1;SYP;NCAM1,A = repository cell_type annotation includes neural-related cells,rare neural-related population,yes/likely described by authors; verify in publication,no,general peripheral neurobiology,https://datasets.cellxgene.cziscience.com/8dfa9273-352e-4b67-aea0-67a108f39a0f.h5ad ; collection: https://cellxgene.cziscience.com/collections/2d42fb2f-e635-466e-a2f4-9ea34f2e0feb,https://cellxgene.cziscience.com/collections/2d42fb2f-e635-466e-a2f4-9ea34f2e0feb,CELLxGENE dataset-level metadata; cell-type count per neural subtype not always provided in collection API.
289,25.97,CELLxGENE:781cc817-3fd0-487c-a55a-b47b2786a05d,A novel human fetal lung-derived alveolar organoid model reveals mechanisms of surfactant protein C maturation relevant to interstitial lung disease,2025,10.1038/s44318-024-00328-6,CELLxGENE Discover,Homo sapiens,lung,normal,scRNA-seq,9619,neuroendocrine cell | matched labels: pulmonary neuroendocrine cell,CHGA;CHGB;ASCL1;SYP;NCAM1,A = repository cell_type annotation includes neural-related cells,rare neural-related population,not determined from repository metadata,no,general peripheral neurobiology,https://datasets.cellxgene.cziscience.com/89a17e6a-bbb0-4a9a-b2b4-3bafd89277a8.h5ad ; collection: https://cellxgene.cziscience.com/collections/92db8a7e-8761-4317-873f-15606c016ce5,https://cellxgene.cziscience.com/collections/92db8a7e-8761-4317-873f-15606c016ce5,CELLxGENE dataset-level metadata; cell-type count per neural subtype not always provided in collection API.
290,25.94,CELLxGENE:e8a11a27-9c47-4673-b65d-11b9cd6065e1,A human fetal lung cell atlas uncovers proximal-distal gradients of differentiation and key regulators of epithelial fates,2022,10.1016/j.cell.2022.11.005,CELLxGENE Discover,Homo sapiens,lung,normal,scRNA-seq,9096,neuroendocrine cell | matched labels: neuroendocrine cell; pulmonary neuroendocrine cell,CHGA;CHGB;ASCL1;SYP;NCAM1,A = repository cell_type annotation includes neural-related cells,rare neural-related population,not determined from repository metadata,no,general peripheral neurobiology,https://datasets.cellxgene.cziscience.com/06c5de26-113f-4960-9b5a-143f8955303f.h5ad ; collection: https://cellxgene.cziscience.com/collections/2d2e2acd-dade-489f-a2da-6c11aa654028,https://cellxgene.cziscience.com/collections/2d2e2acd-dade-489f-a2da-6c11aa654028,CELLxGENE dataset-level metadata; cell-type count per neural subtype not always provided in collection API.
291,22.25,CELLxGENE:f512b8b6-369d-4a85-a695-116e0806857f,Transcriptional Programming of Normal and Inflamed Human Epidermis at Single-Cell Resolution,2022,10.1016/j.celrep.2018.09.006,CELLxGENE Discover,Homo sapiens,skin of prepuce of penis; skin of scalp; skin of trunk,normal,scRNA-seq,68036,Merkel cell (neuroendocrine/sensory-associated) | matched labels: Merkel cell,CHGA;CHGB;ASCL1;SYP;NCAM1;KRT20;ATOH1;SOX2;ISL1,B = repository cell-type label is neural-related edge label,rare neural-related population,yes/likely described by authors; verify in publication,no,针灸作用相关,https://datasets.cellxgene.cziscience.com/688f626d-bb26-40dd-8465-83022a5b2c5f.h5ad ; collection: https://cellxgene.cziscience.com/collections/43d4bb39-21af-4d05-b973-4c1fed7b916c,https://cellxgene.cziscience.com/collections/43d4bb39-21af-4d05-b973-4c1fed7b916c,CELLxGENE dataset-level metadata; cell-type count per neural subtype not always provided in collection API.
